timestamp,ax,ay,az,gx,gy,gz
1000.000000,0.000000,0.001000,0.001000,0.001000,0.001000,0.001000
1000.019231,0.001463,0.001000,0.001000,0.001000,0.001000,0.001000
1000.038462,0.002925,0.001000,0.001000,0.001000,0.001000,0.001000
1000.057692,0.004385,0.001000,0.001000,0.001000,0.001000,0.001000
1000.076923,0.005840,0.001000,0.001000,0.001000,0.001000,0.001000
1000.096154,0.007291,0.001000,0.001000,0.001000,0.001000,0.001000
1000.115385,0.008735,0.001000,0.001000,0.001000,0.001000,0.001000
1000.134615,0.010172,0.001000,0.001000,0.001000,0.001000,0.001000
1000.153846,0.011601,0.001000,0.001000,0.001000,0.001000,0.001000
1000.173077,0.013019,0.001000,0.001000,0.001000,0.001000,0.001000
1000.192308,0.014426,0.001000,0.001000,0.001000,0.001000,0.001000
1000.211538,0.015821,0.001000,0.001000,0.001000,0.001000,0.001000
1000.230769,0.017202,0.001000,0.001000,0.001000,0.001000,0.001000
1000.250000,0.018569,0.001000,0.001000,0.001000,0.001000,0.001000
1000.269231,0.019919,0.001000,0.001000,0.001000,0.001000,0.001000
1000.288462,0.021253,0.001000,0.001000,0.001000,0.001000,0.001000
1000.307692,0.022568,0.001000,0.001000,0.001000,0.001000,0.001000
1000.326923,0.023864,0.001000,0.001000,0.001000,0.001000,0.001000
1000.346154,0.025140,0.001000,0.001000,0.001000,0.001000,0.001000
1000.365385,0.026394,0.001000,0.001000,0.001000,0.001000,0.001000
1000.384615,0.027625,0.001000,0.001000,0.001000,0.001000,0.001000
1000.403846,0.028833,0.001000,0.001000,0.001000,0.001000,0.001000
1000.423077,0.030016,0.001000,0.001000,0.001000,0.001000,0.001000
1000.442308,0.031174,0.001000,0.001000,0.001000,0.001000,0.001000
1000.461538,0.032304,0.001000,0.001000,0.001000,0.001000,0.001000
1000.480769,0.033407,0.001000,0.001000,0.001000,0.001000,0.001000
1000.500000,0.034482,0.001000,0.001000,0.001000,0.001000,0.001000
1000.519231,0.035526,0.001000,0.001000,0.001000,0.001000,0.001000
1000.538462,0.036541,0.001000,0.001000,0.001000,0.001000,0.001000
1000.557692,0.037524,0.001000,0.001000,0.001000,0.001000,0.001000
1000.576923,0.038475,0.001000,0.001000,0.001000,0.001000,0.001000
1000.596154,0.039393,0.001000,0.001000,0.001000,0.001000,0.001000
1000.615385,0.040277,0.001000,0.001000,0.001000,0.001000,0.001000
1000.634615,0.041127,0.001000,0.001000,0.001000,0.001000,0.001000
1000.653846,0.041941,0.001000,0.001000,0.001000,0.001000,0.001000
1000.673077,0.042720,0.001000,0.001000,0.001000,0.001000,0.001000
1000.692308,0.043462,0.001000,0.001000,0.001000,0.001000,0.001000
1000.711538,0.044167,0.001000,0.001000,0.001000,0.001000,0.001000
1000.730769,0.044834,0.001000,0.001000,0.001000,0.001000,0.001000
1000.750000,0.045462,0.001000,0.001000,0.001000,0.001000,0.001000
1000.769231,0.046052,0.001000,0.001000,0.001000,0.001000,0.001000
1000.788462,0.046602,0.001000,0.001000,0.001000,0.001000,0.001000
1000.807692,0.047112,0.001000,0.001000,0.001000,0.001000,0.001000
1000.826923,0.047582,0.001000,0.001000,0.001000,0.001000,0.001000
1000.846154,0.048011,0.001000,0.001000,0.001000,0.001000,0.001000
1000.865385,0.048399,0.001000,0.001000,0.001000,0.001000,0.001000
1000.884615,0.048746,0.001000,0.001000,0.001000,0.001000,0.001000
1000.903846,0.049051,0.001000,0.001000,0.001000,0.001000,0.001000
1000.923077,0.049313,0.001000,0.001000,0.001000,0.001000,0.001000
1000.942308,0.049534,0.001000,0.001000,0.001000,0.001000,0.001000
1000.961538,0.049712,0.001000,0.001000,0.001000,0.001000,0.001000
1000.980769,0.049848,0.001000,0.001000,0.001000,0.001000,0.001000
1001.000000,0.049940,0.001000,0.001000,0.001000,0.001000,0.001000
1001.019231,0.049990,0.001000,0.001000,0.001000,0.001000,0.001000
1001.038462,0.049998,0.001000,0.001000,0.001000,0.001000,0.001000
1001.057692,0.049962,0.001000,0.001000,0.001000,0.001000,0.001000
1001.076923,0.049884,0.001000,0.001000,0.001000,0.001000,0.001000
1001.096154,0.049763,0.001000,0.001000,0.001000,0.001000,0.001000
1001.115385,0.049599,0.001000,0.001000,0.001000,0.001000,0.001000
1001.134615,0.049393,0.001000,0.001000,0.001000,0.001000,0.001000
1001.153846,0.049144,0.001000,0.001000,0.001000,0.001000,0.001000
1001.173077,0.048853,0.001000,0.001000,0.001000,0.001000,0.001000
1001.192308,0.048521,0.001000,0.001000,0.001000,0.001000,0.001000
1001.211538,0.048147,0.001000,0.001000,0.001000,0.001000,0.001000
1001.230769,0.047731,0.001000,0.001000,0.001000,0.001000,0.001000
1001.250000,0.047275,0.001000,0.001000,0.001000,0.001000,0.001000
1001.269231,0.046779,0.001000,0.001000,0.001000,0.001000,0.001000
1001.288462,0.046242,0.001000,0.001000,0.001000,0.001000,0.001000
1001.307692,0.045666,0.001000,0.001000,0.001000,0.001000,0.001000
1001.326923,0.045050,0.001000,0.001000,0.001000,0.001000,0.001000
1001.346154,0.044396,0.001000,0.001000,0.001000,0.001000,0.001000
1001.365385,0.043704,0.001000,0.001000,0.001000,0.001000,0.001000
1001.384615,0.042974,0.001000,0.001000,0.001000,0.001000,0.001000
1001.403846,0.042208,0.001000,0.001000,0.001000,0.001000,0.001000
1001.423077,0.041406,0.001000,0.001000,0.001000,0.001000,0.001000
1001.442308,0.040568,0.001000,0.001000,0.001000,0.001000,0.001000
1001.461538,0.039695,0.001000,0.001000,0.001000,0.001000,0.001000
1001.480769,0.038788,0.001000,0.001000,0.001000,0.001000,0.001000
1001.500000,0.037848,0.001000,0.001000,0.001000,0.001000,0.001000
1001.519231,0.036876,0.001000,0.001000,0.001000,0.001000,0.001000
1001.538462,0.035872,0.001000,0.001000,0.001000,0.001000,0.001000
1001.557692,0.034837,0.001000,0.001000,0.001000,0.001000,0.001000
1001.576923,0.033773,0.001000,0.001000,0.001000,0.001000,0.001000
1001.596154,0.032679,0.001000,0.001000,0.001000,0.001000,0.001000
1001.615385,0.031558,0.001000,0.001000,0.001000,0.001000,0.001000
1001.634615,0.030409,0.001000,0.001000,0.001000,0.001000,0.001000
1001.653846,0.029235,0.001000,0.001000,0.001000,0.001000,0.001000
1001.673077,0.028035,0.001000,0.001000,0.001000,0.001000,0.001000
1001.692308,0.026812,0.001000,0.001000,0.001000,0.001000,0.001000
1001.711538,0.025565,0.001000,0.001000,0.001000,0.001000,0.001000
1001.730769,0.024297,0.001000,0.001000,0.001000,0.001000,0.001000
1001.750000,0.023008,0.001000,0.001000,0.001000,0.001000,0.001000
1001.769231,0.021699,0.001000,0.001000,0.001000,0.001000,0.001000
1001.788462,0.020371,0.001000,0.001000,0.001000,0.001000,0.001000
1001.807692,0.019026,0.001000,0.001000,0.001000,0.001000,0.001000
1001.826923,0.017665,0.001000,0.001000,0.001000,0.001000,0.001000
1001.846154,0.016288,0.001000,0.001000,0.001000,0.001000,0.001000
1001.865385,0.014898,0.001000,0.001000,0.001000,0.001000,0.001000
1001.884615,0.013495,0.001000,0.001000,0.001000,0.001000,0.001000
1001.903846,0.012080,0.001000,0.001000,0.001000,0.001000,0.001000
1001.923077,0.010655,0.001000,0.001000,0.001000,0.001000,0.001000
1001.942308,0.009221,0.001000,0.001000,0.001000,0.001000,0.001000
1001.961538,0.007779,0.001000,0.001000,0.001000,0.001000,0.001000
1001.980769,0.006330,0.001000,0.001000,0.001000,0.001000,0.001000
1002.000000,0.004876,0.001000,0.001000,0.001000,0.001000,0.001000
1002.019231,0.003418,0.001000,0.001000,0.001000,0.001000,0.001000
1002.038462,0.001957,0.001000,0.001000,0.001000,0.001000,0.001000
1002.057692,0.000494,0.001000,0.001000,0.001000,0.001000,0.001000
1002.076923,-0.000970,0.001000,0.001000,0.001000,0.001000,0.001000
1002.096154,-0.002432,0.001000,0.001000,0.001000,0.001000,0.001000
1002.115385,-0.003893,0.001000,0.001000,0.001000,0.001000,0.001000
1002.134615,-0.005350,0.001000,0.001000,0.001000,0.001000,0.001000
1002.153846,-0.006802,0.001000,0.001000,0.001000,0.001000,0.001000
1002.173077,-0.008249,0.001000,0.001000,0.001000,0.001000,0.001000
1002.192308,-0.009689,0.001000,0.001000,0.001000,0.001000,0.001000
1002.211538,-0.011120,0.001000,0.001000,0.001000,0.001000,0.001000
1002.230769,-0.012542,0.001000,0.001000,0.001000,0.001000,0.001000
1002.250000,-0.013953,0.001000,0.001000,0.001000,0.001000,0.001000
1002.269231,-0.015352,0.001000,0.001000,0.001000,0.001000,0.001000
1002.288462,-0.016738,0.001000,0.001000,0.001000,0.001000,0.001000
1002.307692,-0.018110,0.001000,0.001000,0.001000,0.001000,0.001000
1002.326923,-0.019466,0.001000,0.001000,0.001000,0.001000,0.001000
1002.346154,-0.020805,0.001000,0.001000,0.001000,0.001000,0.001000
1002.365385,-0.022127,0.001000,0.001000,0.001000,0.001000,0.001000
1002.384615,-0.023429,0.001000,0.001000,0.001000,0.001000,0.001000
1002.403846,-0.024712,0.001000,0.001000,0.001000,0.001000,0.001000
1002.423077,-0.025973,0.001000,0.001000,0.001000,0.001000,0.001000
1002.442308,-0.027213,0.001000,0.001000,0.001000,0.001000,0.001000
1002.461538,-0.028428,0.001000,0.001000,0.001000,0.001000,0.001000
1002.480769,-0.029620,0.001000,0.001000,0.001000,0.001000,0.001000
1002.500000,-0.030786,0.001000,0.001000,0.001000,0.001000,0.001000
1002.519231,-0.031926,0.001000,0.001000,0.001000,0.001000,0.001000
1002.538462,-0.033038,0.001000,0.001000,0.001000,0.001000,0.001000
1002.557692,-0.034122,0.001000,0.001000,0.001000,0.001000,0.001000
1002.576923,-0.035177,0.001000,0.001000,0.001000,0.001000,0.001000
1002.596154,-0.036202,0.001000,0.001000,0.001000,0.001000,0.001000
1002.615385,-0.037196,0.001000,0.001000,0.001000,0.001000,0.001000
1002.634615,-0.038158,0.001000,0.001000,0.001000,0.001000,0.001000
1002.653846,-0.039087,0.001000,0.001000,0.001000,0.001000,0.001000
1002.673077,-0.039983,0.001000,0.001000,0.001000,0.001000,0.001000
1002.692308,-0.040844,0.001000,0.001000,0.001000,0.001000,0.001000
1002.711538,-0.041671,0.001000,0.001000,0.001000,0.001000,0.001000
1002.730769,-0.042461,0.001000,0.001000,0.001000,0.001000,0.001000
1002.750000,-0.043216,0.001000,0.001000,0.001000,0.001000,0.001000
1002.769231,-0.043933,0.001000,0.001000,0.001000,0.001000,0.001000
1002.788462,-0.044613,0.001000,0.001000,0.001000,0.001000,0.001000
1002.807692,-0.045255,0.001000,0.001000,0.001000,0.001000,0.001000
1002.826923,-0.045857,0.001000,0.001000,0.001000,0.001000,0.001000
1002.846154,-0.046421,0.001000,0.001000,0.001000,0.001000,0.001000
1002.865385,-0.046945,0.001000,0.001000,0.001000,0.001000,0.001000
1002.884615,-0.047428,0.001000,0.001000,0.001000,0.001000,0.001000
1002.903846,-0.047871,0.001000,0.001000,0.001000,0.001000,0.001000
1002.923077,-0.048273,0.001000,0.001000,0.001000,0.001000,0.001000
1002.942308,-0.048634,0.001000,0.001000,0.001000,0.001000,0.001000
1002.961538,-0.048953,0.001000,0.001000,0.001000,0.001000,0.001000
1002.980769,-0.049229,0.001000,0.001000,0.001000,0.001000,0.001000
1003.000000,-0.049464,0.001000,0.001000,0.001000,0.001000,0.001000
1003.019231,-0.049657,0.001000,0.001000,0.001000,0.001000,0.001000
1003.038462,-0.049807,0.001000,0.001000,0.001000,0.001000,0.001000
1003.057692,-0.049914,0.001000,0.001000,0.001000,0.001000,0.001000
1003.076923,-0.049978,0.001000,0.001000,0.001000,0.001000,0.001000
1003.096154,-0.050000,0.001000,0.001000,0.001000,0.001000,0.001000
1003.115385,-0.049979,0.001000,0.001000,0.001000,0.001000,0.001000
1003.134615,-0.049915,0.001000,0.001000,0.001000,0.001000,0.001000
1003.153846,-0.049808,0.001000,0.001000,0.001000,0.001000,0.001000
1003.173077,-0.049659,0.001000,0.001000,0.001000,0.001000,0.001000
1003.192308,-0.049467,0.001000,0.001000,0.001000,0.001000,0.001000
1003.211538,-0.049233,0.001000,0.001000,0.001000,0.001000,0.001000
1003.230769,-0.048956,0.001000,0.001000,0.001000,0.001000,0.001000
1003.250000,-0.048638,0.001000,0.001000,0.001000,0.001000,0.001000
1003.269231,-0.048278,0.001000,0.001000,0.001000,0.001000,0.001000
1003.288462,-0.047876,0.001000,0.001000,0.001000,0.001000,0.001000
1003.307692,-0.047434,0.001000,0.001000,0.001000,0.001000,0.001000
1003.326923,-0.046951,0.001000,0.001000,0.001000,0.001000,0.001000
1003.346154,-0.046427,0.001000,0.001000,0.001000,0.001000,0.001000
1003.365385,-0.045864,0.001000,0.001000,0.001000,0.001000,0.001000
1003.384615,-0.045262,0.001000,0.001000,0.001000,0.001000,0.001000
1003.403846,-0.044621,0.001000,0.001000,0.001000,0.001000,0.001000
1003.423077,-0.043942,0.001000,0.001000,0.001000,0.001000,0.001000
1003.442308,-0.043225,0.001000,0.001000,0.001000,0.001000,0.001000
1003.461538,-0.042471,0.001000,0.001000,0.001000,0.001000,0.001000
1003.480769,-0.041680,0.001000,0.001000,0.001000,0.001000,0.001000
1003.500000,-0.040854,0.001000,0.001000,0.001000,0.001000,0.001000
1003.519231,-0.039993,0.001000,0.001000,0.001000,0.001000,0.001000
1003.538462,-0.039098,0.001000,0.001000,0.001000,0.001000,0.001000
1003.557692,-0.038169,0.001000,0.001000,0.001000,0.001000,0.001000
1003.576923,-0.037207,0.001000,0.001000,0.001000,0.001000,0.001000
1003.596154,-0.036214,0.001000,0.001000,0.001000,0.001000,0.001000
1003.615385,-0.035190,0.001000,0.001000,0.001000,0.001000,0.001000
1003.634615,-0.034135,0.001000,0.001000,0.001000,0.001000,0.001000
1003.653846,-0.033051,0.001000,0.001000,0.001000,0.001000,0.001000
1003.673077,-0.031939,0.001000,0.001000,0.001000,0.001000,0.001000
1003.692308,-0.030800,0.001000,0.001000,0.001000,0.001000,0.001000
1003.711538,-0.029634,0.001000,0.001000,0.001000,0.001000,0.001000
1003.730769,-0.028443,0.001000,0.001000,0.001000,0.001000,0.001000
1003.750000,-0.027227,0.001000,0.001000,0.001000,0.001000,0.001000
1003.769231,-0.025988,0.001000,0.001000,0.001000,0.001000,0.001000
1003.788462,-0.024727,0.001000,0.001000,0.001000,0.001000,0.001000
1003.807692,-0.023445,0.001000,0.001000,0.001000,0.001000,0.001000
1003.826923,-0.022142,0.001000,0.001000,0.001000,0.001000,0.001000
1003.846154,-0.020821,0.001000,0.001000,0.001000,0.001000,0.001000
1003.865385,-0.019482,0.001000,0.001000,0.001000,0.001000,0.001000
1003.884615,-0.018126,0.001000,0.001000,0.001000,0.001000,0.001000
1003.903846,-0.016754,0.001000,0.001000,0.001000,0.001000,0.001000
1003.923077,-0.015368,0.001000,0.001000,0.001000,0.001000,0.001000
1003.942308,-0.013970,0.001000,0.001000,0.001000,0.001000,0.001000
1003.961538,-0.012559,0.001000,0.001000,0.001000,0.001000,0.001000
1003.980769,-0.011137,0.001000,0.001000,0.001000,0.001000,0.001000
1004.000000,-0.009706,0.001000,0.001000,0.001000,0.001000,0.001000
1004.019231,-0.008266,0.001000,0.001000,0.001000,0.001000,0.001000
1004.038462,-0.006820,0.001000,0.001000,0.001000,0.001000,0.001000
1004.057692,-0.005367,0.001000,0.001000,0.001000,0.001000,0.001000
1004.076923,-0.003910,0.001000,0.001000,0.001000,0.001000,0.001000
1004.096154,-0.002450,0.001000,0.001000,0.001000,0.001000,0.001000
1004.115385,-0.000987,0.001000,0.001000,0.001000,0.001000,0.001000
1004.134615,0.000476,0.001000,0.001000,0.001000,0.001000,0.001000
1004.153846,0.001939,0.001000,0.001000,0.001000,0.001000,0.001000
1004.173077,0.003400,0.001000,0.001000,0.001000,0.001000,0.001000
1004.192308,0.004859,0.001000,0.001000,0.001000,0.001000,0.001000
1004.211538,0.006313,0.001000,0.001000,0.001000,0.001000,0.001000
1004.230769,0.007762,0.001000,0.001000,0.001000,0.001000,0.001000
1004.250000,0.009204,0.001000,0.001000,0.001000,0.001000,0.001000
1004.269231,0.010638,0.001000,0.001000,0.001000,0.001000,0.001000
1004.288462,0.012063,0.001000,0.001000,0.001000,0.001000,0.001000
1004.307692,0.013478,0.001000,0.001000,0.001000,0.001000,0.001000
1004.326923,0.014882,0.001000,0.001000,0.001000,0.001000,0.001000
1004.346154,0.016272,0.001000,0.001000,0.001000,0.001000,0.001000
1004.365385,0.017649,0.001000,0.001000,0.001000,0.001000,0.001000
1004.384615,0.019010,0.001000,0.001000,0.001000,0.001000,0.001000
1004.403846,0.020355,0.001000,0.001000,0.001000,0.001000,0.001000
1004.423077,0.021683,0.001000,0.001000,0.001000,0.001000,0.001000
1004.442308,0.022992,0.001000,0.001000,0.001000,0.001000,0.001000
1004.461538,0.024282,0.001000,0.001000,0.001000,0.001000,0.001000
1004.480769,0.025550,0.001000,0.001000,0.001000,0.001000,0.001000
1004.500000,0.026797,0.001000,0.001000,0.001000,0.001000,0.001000
1004.519231,0.028021,0.001000,0.001000,0.001000,0.001000,0.001000
1004.538462,0.029221,0.001000,0.001000,0.001000,0.001000,0.001000
1004.557692,0.030396,0.001000,0.001000,0.001000,0.001000,0.001000
1004.576923,0.031544,0.001000,0.001000,0.001000,0.001000,0.001000
1004.596154,0.032666,0.001000,0.001000,0.001000,0.001000,0.001000
1004.615385,0.033760,0.001000,0.001000,0.001000,0.001000,0.001000
1004.634615,0.034825,0.001000,0.001000,0.001000,0.001000,0.001000
1004.653846,0.035860,0.001000,0.001000,0.001000,0.001000,0.001000
1004.673077,0.036864,0.001000,0.001000,0.001000,0.001000,0.001000
1004.692308,0.037837,0.001000,0.001000,0.001000,0.001000,0.001000
1004.711538,0.038777,0.001000,0.001000,0.001000,0.001000,0.001000
1004.730769,0.039684,0.001000,0.001000,0.001000,0.001000,0.001000
1004.750000,0.040557,0.001000,0.001000,0.001000,0.001000,0.001000
1004.769231,0.041396,0.001000,0.001000,0.001000,0.001000,0.001000
1004.788462,0.042199,0.001000,0.001000,0.001000,0.001000,0.001000
1004.807692,0.042966,0.001000,0.001000,0.001000,0.001000,0.001000
1004.826923,0.043695,0.001000,0.001000,0.001000,0.001000,0.001000
1004.846154,0.044388,0.001000,0.001000,0.001000,0.001000,0.001000
1004.865385,0.045043,0.001000,0.001000,0.001000,0.001000,0.001000
1004.884615,0.045658,0.001000,0.001000,0.001000,0.001000,0.001000
1004.903846,0.046235,0.001000,0.001000,0.001000,0.001000,0.001000
1004.923077,0.046773,0.001000,0.001000,0.001000,0.001000,0.001000
1004.942308,0.047270,0.001000,0.001000,0.001000,0.001000,0.001000
1004.961538,0.047726,0.001000,0.001000,0.001000,0.001000,0.001000
1004.980769,0.048142,0.001000,0.001000,0.001000,0.001000,0.001000
1005.000000,0.048517,0.001000,0.001000,0.001000,0.001000,0.001000
1005.019231,0.048850,0.001000,0.001000,0.001000,0.001000,0.001000
1005.038462,0.049141,0.001000,0.001000,0.001000,0.001000,0.001000
1005.057692,0.049390,0.001000,0.001000,0.001000,0.001000,0.001000
1005.076923,0.049597,0.001000,0.001000,0.001000,0.001000,0.001000
1005.096154,0.049761,0.001000,0.001000,0.001000,0.001000,0.001000
1005.115385,0.049882,0.001000,0.001000,0.001000,0.001000,0.001000
1005.134615,0.049961,0.001000,0.001000,0.001000,0.001000,0.001000
1005.153846,0.049997,0.001000,0.001000,0.001000,0.001000,0.001000
1005.173077,0.049991,0.001000,0.001000,0.001000,0.001000,0.001000
1005.192308,0.049941,0.001000,0.001000,0.001000,0.001000,0.001000
1005.211538,0.049849,0.001000,0.001000,0.001000,0.001000,0.001000
1005.230769,0.049714,0.001000,0.001000,0.001000,0.001000,0.001000
1005.250000,0.049536,0.001000,0.001000,0.001000,0.001000,0.001000
1005.269231,0.049316,0.001000,0.001000,0.001000,0.001000,0.001000
1005.288462,0.049054,0.001000,0.001000,0.001000,0.001000,0.001000
1005.307692,0.048750,0.001000,0.001000,0.001000,0.001000,0.001000
1005.326923,0.048404,0.001000,0.001000,0.001000,0.001000,0.001000
1005.346154,0.048016,0.001000,0.001000,0.001000,0.001000,0.001000
1005.365385,0.047587,0.001000,0.001000,0.001000,0.001000,0.001000
1005.384615,0.047118,0.001000,0.001000,0.001000,0.001000,0.001000
1005.403846,0.046608,0.001000,0.001000,0.001000,0.001000,0.001000
1005.423077,0.046059,0.001000,0.001000,0.001000,0.001000,0.001000
1005.442308,0.045469,0.001000,0.001000,0.001000,0.001000,0.001000
1005.461538,0.044841,0.001000,0.001000,0.001000,0.001000,0.001000
1005.480769,0.044175,0.001000,0.001000,0.001000,0.001000,0.001000
1005.500000,0.043471,0.001000,0.001000,0.001000,0.001000,0.001000
1005.519231,0.042729,0.001000,0.001000,0.001000,0.001000,0.001000
1005.538462,0.041951,0.001000,0.001000,0.001000,0.001000,0.001000
1005.557692,0.041137,0.001000,0.001000,0.001000,0.001000,0.001000
1005.576923,0.040287,0.001000,0.001000,0.001000,0.001000,0.001000
1005.596154,0.039404,0.001000,0.001000,0.001000,0.001000,0.001000
1005.615385,0.038486,0.001000,0.001000,0.001000,0.001000,0.001000
1005.634615,0.037535,0.001000,0.001000,0.001000,0.001000,0.001000
1005.653846,0.036553,0.001000,0.001000,0.001000,0.001000,0.001000
1005.673077,0.035539,0.001000,0.001000,0.001000,0.001000,0.001000
1005.692308,0.034494,0.001000,0.001000,0.001000,0.001000,0.001000
1005.711538,0.033420,0.001000,0.001000,0.001000,0.001000,0.001000
1005.730769,0.032317,0.001000,0.001000,0.001000,0.001000,0.001000
1005.750000,0.031187,0.001000,0.001000,0.001000,0.001000,0.001000
1005.769231,0.030030,0.001000,0.001000,0.001000,0.001000,0.001000
1005.788462,0.028847,0.001000,0.001000,0.001000,0.001000,0.001000
1005.807692,0.027640,0.001000,0.001000,0.001000,0.001000,0.001000
1005.826923,0.026409,0.001000,0.001000,0.001000,0.001000,0.001000
1005.846154,0.025155,0.001000,0.001000,0.001000,0.001000,0.001000
1005.865385,0.023880,0.001000,0.001000,0.001000,0.001000,0.001000
1005.884615,0.022584,0.001000,0.001000,0.001000,0.001000,0.001000
1005.903846,0.021269,0.001000,0.001000,0.001000,0.001000,0.001000
1005.923077,0.019935,0.001000,0.001000,0.001000,0.001000,0.001000
1005.942308,0.018585,0.001000,0.001000,0.001000,0.001000,0.001000
1005.961538,0.017218,0.001000,0.001000,0.001000,0.001000,0.001000
1005.980769,0.015837,0.001000,0.001000,0.001000,0.001000,0.001000
1006.000000,0.014443,0.001000,0.001000,0.001000,0.001000,0.001000
1006.019231,0.013036,0.001000,0.001000,0.001000,0.001000,0.001000
1006.038462,0.011618,0.001000,0.001000,0.001000,0.001000,0.001000
1006.057692,0.010189,0.001000,0.001000,0.001000,0.001000,0.001000
1006.076923,0.008753,0.001000,0.001000,0.001000,0.001000,0.001000
1006.096154,0.007308,0.001000,0.001000,0.001000,0.001000,0.001000
1006.115385,0.005858,0.001000,0.001000,0.001000,0.001000,0.001000
1006.134615,0.004402,0.001000,0.001000,0.001000,0.001000,0.001000
1006.153846,0.002942,0.001000,0.001000,0.001000,0.001000,0.001000
1006.173077,0.001481,0.001000,0.001000,0.001000,0.001000,0.001000
1006.192308,0.000017,0.001000,0.001000,0.001000,0.001000,0.001000
1006.211538,-0.001446,0.001000,0.001000,0.001000,0.001000,0.001000
1006.230769,-0.002908,0.001000,0.001000,0.001000,0.001000,0.001000
1006.250000,-0.004367,0.001000,0.001000,0.001000,0.001000,0.001000
1006.269231,-0.005823,0.001000,0.001000,0.001000,0.001000,0.001000
1006.288462,-0.007274,0.001000,0.001000,0.001000,0.001000,0.001000
1006.307692,-0.008718,0.001000,0.001000,0.001000,0.001000,0.001000
1006.326923,-0.010155,0.001000,0.001000,0.001000,0.001000,0.001000
1006.346154,-0.011584,0.001000,0.001000,0.001000,0.001000,0.001000
1006.365385,-0.013002,0.001000,0.001000,0.001000,0.001000,0.001000
1006.384615,-0.014410,0.001000,0.001000,0.001000,0.001000,0.001000
1006.403846,-0.015805,0.001000,0.001000,0.001000,0.001000,0.001000
1006.423077,-0.017186,0.001000,0.001000,0.001000,0.001000,0.001000
1006.442308,-0.018553,0.001000,0.001000,0.001000,0.001000,0.001000
1006.461538,-0.019903,0.001000,0.001000,0.001000,0.001000,0.001000
1006.480769,-0.021237,0.001000,0.001000,0.001000,0.001000,0.001000
1006.500000,-0.022553,0.001000,0.001000,0.001000,0.001000,0.001000
1006.519231,-0.023849,0.001000,0.001000,0.001000,0.001000,0.001000
1006.538462,-0.025125,0.001000,0.001000,0.001000,0.001000,0.001000
1006.557692,-0.026379,0.001000,0.001000,0.001000,0.001000,0.001000
1006.576923,-0.027611,0.001000,0.001000,0.001000,0.001000,0.001000
1006.596154,-0.028819,0.001000,0.001000,0.001000,0.001000,0.001000
1006.615385,-0.030002,0.001000,0.001000,0.001000,0.001000,0.001000
1006.634615,-0.031160,0.001000,0.001000,0.001000,0.001000,0.001000
1006.653846,-0.032291,0.001000,0.001000,0.001000,0.001000,0.001000
1006.673077,-0.033394,0.001000,0.001000,0.001000,0.001000,0.001000
1006.692308,-0.034469,0.001000,0.001000,0.001000,0.001000,0.001000
1006.711538,-0.035514,0.001000,0.001000,0.001000,0.001000,0.001000
1006.730769,-0.036529,0.001000,0.001000,0.001000,0.001000,0.001000
1006.750000,-0.037512,0.001000,0.001000,0.001000,0.001000,0.001000
1006.769231,-0.038464,0.001000,0.001000,0.001000,0.001000,0.001000
1006.788462,-0.039382,0.001000,0.001000,0.001000,0.001000,0.001000
1006.807692,-0.040267,0.001000,0.001000,0.001000,0.001000,0.001000
1006.826923,-0.041117,0.001000,0.001000,0.001000,0.001000,0.001000
1006.846154,-0.041932,0.001000,0.001000,0.001000,0.001000,0.001000
1006.865385,-0.042711,0.001000,0.001000,0.001000,0.001000,0.001000
1006.884615,-0.043453,0.001000,0.001000,0.001000,0.001000,0.001000
1006.903846,-0.044159,0.001000,0.001000,0.001000,0.001000,0.001000
1006.923077,-0.044826,0.001000,0.001000,0.001000,0.001000,0.001000
1006.942308,-0.045455,0.001000,0.001000,0.001000,0.001000,0.001000
1006.961538,-0.046045,0.001000,0.001000,0.001000,0.001000,0.001000
1006.980769,-0.046596,0.001000,0.001000,0.001000,0.001000,0.001000
1007.000000,-0.047106,0.001000,0.001000,0.001000,0.001000,0.001000
1007.019231,-0.047577,0.001000,0.001000,0.001000,0.001000,0.001000
1007.038462,-0.048006,0.001000,0.001000,0.001000,0.001000,0.001000
1007.057692,-0.048395,0.001000,0.001000,0.001000,0.001000,0.001000
1007.076923,-0.048742,0.001000,0.001000,0.001000,0.001000,0.001000
1007.096154,-0.049047,0.001000,0.001000,0.001000,0.001000,0.001000
1007.115385,-0.049311,0.001000,0.001000,0.001000,0.001000,0.001000
1007.134615,-0.049532,0.001000,0.001000,0.001000,0.001000,0.001000
1007.153846,-0.049710,0.001000,0.001000,0.001000,0.001000,0.001000
1007.173077,-0.049846,0.001000,0.001000,0.001000,0.001000,0.001000
1007.192308,-0.049940,0.001000,0.001000,0.001000,0.001000,0.001000
1007.211538,-0.049990,0.001000,0.001000,0.001000,0.001000,0.001000
1007.230769,-0.049998,0.001000,0.001000,0.001000,0.001000,0.001000
1007.250000,-0.049963,0.001000,0.001000,0.001000,0.001000,0.001000
1007.269231,-0.049885,0.001000,0.001000,0.001000,0.001000,0.001000
1007.288462,-0.049764,0.001000,0.001000,0.001000,0.001000,0.001000
1007.307692,-0.049601,0.001000,0.001000,0.001000,0.001000,0.001000
1007.326923,-0.049395,0.001000,0.001000,0.001000,0.001000,0.001000
1007.346154,-0.049147,0.001000,0.001000,0.001000,0.001000,0.001000
1007.365385,-0.048857,0.001000,0.001000,0.001000,0.001000,0.001000
1007.384615,-0.048525,0.001000,0.001000,0.001000,0.001000,0.001000
1007.403846,-0.048151,0.001000,0.001000,0.001000,0.001000,0.001000
1007.423077,-0.047737,0.001000,0.001000,0.001000,0.001000,0.001000
1007.442308,-0.047281,0.001000,0.001000,0.001000,0.001000,0.001000
1007.461538,-0.046785,0.001000,0.001000,0.001000,0.001000,0.001000
1007.480769,-0.046248,0.001000,0.001000,0.001000,0.001000,0.001000
1007.500000,-0.045673,0.001000,0.001000,0.001000,0.001000,0.001000
1007.519231,-0.045058,0.001000,0.001000,0.001000,0.001000,0.001000
1007.538462,-0.044404,0.001000,0.001000,0.001000,0.001000,0.001000
1007.557692,-0.043712,0.001000,0.001000,0.001000,0.001000,0.001000
1007.576923,-0.042983,0.001000,0.001000,0.001000,0.001000,0.001000
1007.596154,-0.042217,0.001000,0.001000,0.001000,0.001000,0.001000
1007.615385,-0.041415,0.001000,0.001000,0.001000,0.001000,0.001000
1007.634615,-0.040578,0.001000,0.001000,0.001000,0.001000,0.001000
1007.653846,-0.039705,0.001000,0.001000,0.001000,0.001000,0.001000
1007.673077,-0.038799,0.001000,0.001000,0.001000,0.001000,0.001000
1007.692308,-0.037860,0.001000,0.001000,0.001000,0.001000,0.001000
1007.711538,-0.036888,0.001000,0.001000,0.001000,0.001000,0.001000
1007.730769,-0.035884,0.001000,0.001000,0.001000,0.001000,0.001000
1007.750000,-0.034850,0.001000,0.001000,0.001000,0.001000,0.001000
1007.769231,-0.033786,0.001000,0.001000,0.001000,0.001000,0.001000
1007.788462,-0.032692,0.001000,0.001000,0.001000,0.001000,0.001000
1007.807692,-0.031571,0.001000,0.001000,0.001000,0.001000,0.001000
1007.826923,-0.030423,0.001000,0.001000,0.001000,0.001000,0.001000
1007.846154,-0.029249,0.001000,0.001000,0.001000,0.001000,0.001000
1007.865385,-0.028050,0.001000,0.001000,0.001000,0.001000,0.001000
1007.884615,-0.026826,0.001000,0.001000,0.001000,0.001000,0.001000
1007.903846,-0.025580,0.001000,0.001000,0.001000,0.001000,0.001000
1007.923077,-0.024312,0.001000,0.001000,0.001000,0.001000,0.001000
1007.942308,-0.023023,0.001000,0.001000,0.001000,0.001000,0.001000
1007.961538,-0.021714,0.001000,0.001000,0.001000,0.001000,0.001000
1007.980769,-0.020387,0.001000,0.001000,0.001000,0.001000,0.001000
1008.000000,-0.019042,0.001000,0.001000,0.001000,0.001000,0.001000
1008.019231,-0.017681,0.001000,0.001000,0.001000,0.001000,0.001000
1008.038462,-0.016305,0.001000,0.001000,0.001000,0.001000,0.001000
1008.057692,-0.014915,0.001000,0.001000,0.001000,0.001000,0.001000
1008.076923,-0.013512,0.001000,0.001000,0.001000,0.001000,0.001000
1008.096154,-0.012097,0.001000,0.001000,0.001000,0.001000,0.001000
1008.115385,-0.010672,0.001000,0.001000,0.001000,0.001000,0.001000
1008.134615,-0.009238,0.001000,0.001000,0.001000,0.001000,0.001000
1008.153846,-0.007796,0.001000,0.001000,0.001000,0.001000,0.001000
1008.173077,-0.006347,0.001000,0.001000,0.001000,0.001000,0.001000
1008.192308,-0.004893,0.001000,0.001000,0.001000,0.001000,0.001000
1008.211538,-0.003435,0.001000,0.001000,0.001000,0.001000,0.001000
1008.230769,-0.001974,0.001000,0.001000,0.001000,0.001000,0.001000
1008.250000,-0.000511,0.001000,0.001000,0.001000,0.001000,0.001000
1008.269231,0.000952,0.001000,0.001000,0.001000,0.001000,0.001000
1008.288462,0.002415,0.001000,0.001000,0.001000,0.001000,0.001000
1008.307692,0.003875,0.001000,0.001000,0.001000,0.001000,0.001000
1008.326923,0.005333,0.001000,0.001000,0.001000,0.001000,0.001000
1008.346154,0.006785,0.001000,0.001000,0.001000,0.001000,0.001000
1008.365385,0.008232,0.001000,0.001000,0.001000,0.001000,0.001000
1008.384615,0.009672,0.001000,0.001000,0.001000,0.001000,0.001000
1008.403846,0.011103,0.001000,0.001000,0.001000,0.001000,0.001000
1008.423077,0.012525,0.001000,0.001000,0.001000,0.001000,0.001000
1008.442308,0.013936,0.001000,0.001000,0.001000,0.001000,0.001000
1008.461538,0.015335,0.001000,0.001000,0.001000,0.001000,0.001000
1008.480769,0.016722,0.001000,0.001000,0.001000,0.001000,0.001000
1008.500000,0.018093,0.001000,0.001000,0.001000,0.001000,0.001000
1008.519231,0.019450,0.001000,0.001000,0.001000,0.001000,0.001000
1008.538462,0.020789,0.001000,0.001000,0.001000,0.001000,0.001000
1008.557692,0.022111,0.001000,0.001000,0.001000,0.001000,0.001000
1008.576923,0.023414,0.001000,0.001000,0.001000,0.001000,0.001000
1008.596154,0.024697,0.001000,0.001000,0.001000,0.001000,0.001000
1008.615385,0.025959,0.001000,0.001000,0.001000,0.001000,0.001000
1008.634615,0.027198,0.001000,0.001000,0.001000,0.001000,0.001000
1008.653846,0.028414,0.001000,0.001000,0.001000,0.001000,0.001000
1008.673077,0.029606,0.001000,0.001000,0.001000,0.001000,0.001000
1008.692308,0.030772,0.001000,0.001000,0.001000,0.001000,0.001000
1008.711538,0.031913,0.001000,0.001000,0.001000,0.001000,0.001000
1008.730769,0.033025,0.001000,0.001000,0.001000,0.001000,0.001000
1008.750000,0.034110,0.001000,0.001000,0.001000,0.001000,0.001000
1008.769231,0.035165,0.001000,0.001000,0.001000,0.001000,0.001000
1008.788462,0.036190,0.001000,0.001000,0.001000,0.001000,0.001000
1008.807692,0.037184,0.001000,0.001000,0.001000,0.001000,0.001000
1008.826923,0.038147,0.001000,0.001000,0.001000,0.001000,0.001000
1008.846154,0.039076,0.001000,0.001000,0.001000,0.001000,0.001000
1008.865385,0.039972,0.001000,0.001000,0.001000,0.001000,0.001000
1008.884615,0.040834,0.001000,0.001000,0.001000,0.001000,0.001000
1008.903846,0.041661,0.001000,0.001000,0.001000,0.001000,0.001000
1008.923077,0.042452,0.001000,0.001000,0.001000,0.001000,0.001000
1008.942308,0.043207,0.001000,0.001000,0.001000,0.001000,0.001000
1008.961538,0.043925,0.001000,0.001000,0.001000,0.001000,0.001000
1008.980769,0.044605,0.001000,0.001000,0.001000,0.001000,0.001000
1009.000000,0.045247,0.001000,0.001000,0.001000,0.001000,0.001000
1009.019231,0.045851,0.001000,0.001000,0.001000,0.001000,0.001000
1009.038462,0.046414,0.001000,0.001000,0.001000,0.001000,0.001000
1009.057692,0.046939,0.001000,0.001000,0.001000,0.001000,0.001000
1009.076923,0.047423,0.001000,0.001000,0.001000,0.001000,0.001000
1009.096154,0.047866,0.001000,0.001000,0.001000,0.001000,0.001000
1009.115385,0.048269,0.001000,0.001000,0.001000,0.001000,0.001000
1009.134615,0.048630,0.001000,0.001000,0.001000,0.001000,0.001000
1009.153846,0.048949,0.001000,0.001000,0.001000,0.001000,0.001000
1009.173077,0.049226,0.001000,0.001000,0.001000,0.001000,0.001000
1009.192308,0.049462,0.001000,0.001000,0.001000,0.001000,0.001000
1009.211538,0.049655,0.001000,0.001000,0.001000,0.001000,0.001000
1009.230769,0.049805,0.001000,0.001000,0.001000,0.001000,0.001000
1009.250000,0.049913,0.001000,0.001000,0.001000,0.001000,0.001000
1009.269231,0.049978,0.001000,0.001000,0.001000,0.001000,0.001000
1009.288462,0.050000,0.001000,0.001000,0.001000,0.001000,0.001000
1009.307692,0.049979,0.001000,0.001000,0.001000,0.001000,0.001000
1009.326923,0.049916,0.001000,0.001000,0.001000,0.001000,0.001000
1009.346154,0.049810,0.001000,0.001000,0.001000,0.001000,0.001000
1009.365385,0.049661,0.001000,0.001000,0.001000,0.001000,0.001000
1009.384615,0.049469,0.001000,0.001000,0.001000,0.001000,0.001000
1009.403846,0.049236,0.001000,0.001000,0.001000,0.001000,0.001000
1009.423077,0.048960,0.001000,0.001000,0.001000,0.001000,0.001000
1009.442308,0.048642,0.001000,0.001000,0.001000,0.001000,0.001000
1009.461538,0.048282,0.001000,0.001000,0.001000,0.001000,0.001000
1009.480769,0.047881,0.001000,0.001000,0.001000,0.001000,0.001000
1009.500000,0.047439,0.001000,0.001000,0.001000,0.001000,0.001000
1009.519231,0.046957,0.001000,0.001000,0.001000,0.001000,0.001000
1009.538462,0.046434,0.001000,0.001000,0.001000,0.001000,0.001000
1009.557692,0.045871,0.001000,0.001000,0.001000,0.001000,0.001000
1009.576923,0.045269,0.001000,0.001000,0.001000,0.001000,0.001000
1009.596154,0.044629,0.001000,0.001000,0.001000,0.001000,0.001000
1009.615385,0.043950,0.001000,0.001000,0.001000,0.001000,0.001000
1009.634615,0.043233,0.001000,0.001000,0.001000,0.001000,0.001000
1009.653846,0.042480,0.001000,0.001000,0.001000,0.001000,0.001000
1009.673077,0.041690,0.001000,0.001000,0.001000,0.001000,0.001000
1009.692308,0.040864,0.001000,0.001000,0.001000,0.001000,0.001000
1009.711538,0.040003,0.001000,0.001000,0.001000,0.001000,0.001000
1009.730769,0.039109,0.001000,0.001000,0.001000,0.001000,0.001000
1009.750000,0.038180,0.001000,0.001000,0.001000,0.001000,0.001000
1009.769231,0.037219,0.001000,0.001000,0.001000,0.001000,0.001000
1009.788462,0.036226,0.001000,0.001000,0.001000,0.001000,0.001000
1009.807692,0.035202,0.001000,0.001000,0.001000,0.001000,0.001000
1009.826923,0.034148,0.001000,0.001000,0.001000,0.001000,0.001000
1009.846154,0.033064,0.001000,0.001000,0.001000,0.001000,0.001000
1009.865385,0.031953,0.001000,0.001000,0.001000,0.001000,0.001000
1009.884615,0.030813,0.001000,0.001000,0.001000,0.001000,0.001000
1009.903846,0.029648,0.001000,0.001000,0.001000,0.001000,0.001000
1009.923077,0.028457,0.001000,0.001000,0.001000,0.001000,0.001000
1009.942308,0.027242,0.001000,0.001000,0.001000,0.001000,0.001000
1009.961538,0.026003,0.001000,0.001000,0.001000,0.001000,0.001000
1009.980769,0.024742,0.001000,0.001000,0.001000,0.001000,0.001000
1010.000000,0.023460,0.001000,0.001000,0.001000,0.001000,0.001000
1010.019231,0.022158,0.001000,0.001000,0.001000,0.001000,0.001000
1010.038462,0.020837,0.001000,0.001000,0.001000,0.001000,0.001000
1010.057692,0.019498,0.001000,0.001000,0.001000,0.001000,0.001000
1010.076923,0.018142,0.001000,0.001000,0.001000,0.001000,0.001000
1010.096154,0.016771,0.001000,0.001000,0.001000,0.001000,0.001000
1010.115385,0.015385,0.001000,0.001000,0.001000,0.001000,0.001000
1010.134615,0.013986,0.001000,0.001000,0.001000,0.001000,0.001000
1010.153846,0.012575,0.001000,0.001000,0.001000,0.001000,0.001000
1010.173077,0.011154,0.001000,0.001000,0.001000,0.001000,0.001000
1010.192308,0.009723,0.001000,0.001000,0.001000,0.001000,0.001000
1010.211538,0.008283,0.001000,0.001000,0.001000,0.001000,0.001000
1010.230769,0.006837,0.001000,0.001000,0.001000,0.001000,0.001000
1010.250000,0.005384,0.001000,0.001000,0.001000,0.001000,0.001000
1010.269231,0.003927,0.001000,0.001000,0.001000,0.001000,0.001000
1010.288462,0.002467,0.001000,0.001000,0.001000,0.001000,0.001000
1010.307692,0.001004,0.001000,0.001000,0.001000,0.001000,0.001000
1010.326923,-0.000459,0.001000,0.001000,0.001000,0.001000,0.001000
1010.346154,-0.001922,0.001000,0.001000,0.001000,0.001000,0.001000
1010.365385,-0.003383,0.001000,0.001000,0.001000,0.001000,0.001000
1010.384615,-0.004842,0.001000,0.001000,0.001000,0.001000,0.001000
1010.403846,-0.006296,0.001000,0.001000,0.001000,0.001000,0.001000
1010.423077,-0.007745,0.001000,0.001000,0.001000,0.001000,0.001000
1010.442308,-0.009187,0.001000,0.001000,0.001000,0.001000,0.001000
1010.461538,-0.010621,0.001000,0.001000,0.001000,0.001000,0.001000
1010.480769,-0.012047,0.001000,0.001000,0.001000,0.001000,0.001000
1010.500000,-0.013462,0.001000,0.001000,0.001000,0.001000,0.001000
1010.519231,-0.014865,0.001000,0.001000,0.001000,0.001000,0.001000
1010.538462,-0.016256,0.001000,0.001000,0.001000,0.001000,0.001000
1010.557692,-0.017632,0.001000,0.001000,0.001000,0.001000,0.001000
1010.576923,-0.018994,0.001000,0.001000,0.001000,0.001000,0.001000
1010.596154,-0.020339,0.001000,0.001000,0.001000,0.001000,0.001000
1010.615385,-0.021667,0.001000,0.001000,0.001000,0.001000,0.001000
1010.634615,-0.022977,0.001000,0.001000,0.001000,0.001000,0.001000
1010.653846,-0.024267,0.001000,0.001000,0.001000,0.001000,0.001000
1010.673077,-0.025535,0.001000,0.001000,0.001000,0.001000,0.001000
1010.692308,-0.026783,0.001000,0.001000,0.001000,0.001000,0.001000
1010.711538,-0.028007,0.001000,0.001000,0.001000,0.001000,0.001000
1010.730769,-0.029207,0.001000,0.001000,0.001000,0.001000,0.001000
1010.750000,-0.030382,0.001000,0.001000,0.001000,0.001000,0.001000
1010.769231,-0.031531,0.001000,0.001000,0.001000,0.001000,0.001000
1010.788462,-0.032653,0.001000,0.001000,0.001000,0.001000,0.001000
1010.807692,-0.033747,0.001000,0.001000,0.001000,0.001000,0.001000
1010.826923,-0.034812,0.001000,0.001000,0.001000,0.001000,0.001000
1010.846154,-0.035848,0.001000,0.001000,0.001000,0.001000,0.001000
1010.865385,-0.036852,0.001000,0.001000,0.001000,0.001000,0.001000
1010.884615,-0.037826,0.001000,0.001000,0.001000,0.001000,0.001000
1010.903846,-0.038766,0.001000,0.001000,0.001000,0.001000,0.001000
1010.923077,-0.039674,0.001000,0.001000,0.001000,0.001000,0.001000
1010.942308,-0.040547,0.001000,0.001000,0.001000,0.001000,0.001000
1010.961538,-0.041386,0.001000,0.001000,0.001000,0.001000,0.001000
1010.980769,-0.042189,0.001000,0.001000,0.001000,0.001000,0.001000
1011.000000,-0.042957,0.001000,0.001000,0.001000,0.001000,0.001000
1011.019231,-0.043687,0.001000,0.001000,0.001000,0.001000,0.001000
1011.038462,-0.044380,0.001000,0.001000,0.001000,0.001000,0.001000
1011.057692,-0.045035,0.001000,0.001000,0.001000,0.001000,0.001000
1011.076923,-0.045651,0.001000,0.001000,0.001000,0.001000,0.001000
1011.096154,-0.046229,0.001000,0.001000,0.001000,0.001000,0.001000
1011.115385,-0.046766,0.001000,0.001000,0.001000,0.001000,0.001000
1011.134615,-0.047264,0.001000,0.001000,0.001000,0.001000,0.001000
1011.153846,-0.047721,0.001000,0.001000,0.001000,0.001000,0.001000
1011.173077,-0.048137,0.001000,0.001000,0.001000,0.001000,0.001000
1011.192308,-0.048512,0.001000,0.001000,0.001000,0.001000,0.001000
1011.211538,-0.048846,0.001000,0.001000,0.001000,0.001000,0.001000
1011.230769,-0.049138,0.001000,0.001000,0.001000,0.001000,0.001000
1011.250000,-0.049387,0.001000,0.001000,0.001000,0.001000,0.001000
1011.269231,-0.049594,0.001000,0.001000,0.001000,0.001000,0.001000
1011.288462,-0.049759,0.001000,0.001000,0.001000,0.001000,0.001000
1011.307692,-0.049881,0.001000,0.001000,0.001000,0.001000,0.001000
1011.326923,-0.049961,0.001000,0.001000,0.001000,0.001000,0.001000
1011.346154,-0.049997,0.001000,0.001000,0.001000,0.001000,0.001000
1011.365385,-0.049991,0.001000,0.001000,0.001000,0.001000,0.001000
1011.384615,-0.049942,0.001000,0.001000,0.001000,0.001000,0.001000
1011.403846,-0.049850,0.001000,0.001000,0.001000,0.001000,0.001000
1011.423077,-0.049716,0.001000,0.001000,0.001000,0.001000,0.001000
1011.442308,-0.049539,0.001000,0.001000,0.001000,0.001000,0.001000
1011.461538,-0.049319,0.001000,0.001000,0.001000,0.001000,0.001000
1011.480769,-0.049057,0.001000,0.001000,0.001000,0.001000,0.001000
1011.500000,-0.048754,0.001000,0.001000,0.001000,0.001000,0.001000
1011.519231,-0.048408,0.001000,0.001000,0.001000,0.001000,0.001000
1011.538462,-0.048021,0.001000,0.001000,0.001000,0.001000,0.001000
1011.557692,-0.047593,0.001000,0.001000,0.001000,0.001000,0.001000
1011.576923,-0.047124,0.001000,0.001000,0.001000,0.001000,0.001000
1011.596154,-0.046615,0.001000,0.001000,0.001000,0.001000,0.001000
1011.615385,-0.046065,0.001000,0.001000,0.001000,0.001000,0.001000
1011.634615,-0.045477,0.001000,0.001000,0.001000,0.001000,0.001000
1011.653846,-0.044849,0.001000,0.001000,0.001000,0.001000,0.001000
1011.673077,-0.044183,0.001000,0.001000,0.001000,0.001000,0.001000
1011.692308,-0.043479,0.001000,0.001000,0.001000,0.001000,0.001000
1011.711538,-0.042738,0.001000,0.001000,0.001000,0.001000,0.001000
1011.730769,-0.041960,0.001000,0.001000,0.001000,0.001000,0.001000
1011.750000,-0.041147,0.001000,0.001000,0.001000,0.001000,0.001000
1011.769231,-0.040298,0.001000,0.001000,0.001000,0.001000,0.001000
1011.788462,-0.039414,0.001000,0.001000,0.001000,0.001000,0.001000
1011.807692,-0.038497,0.001000,0.001000,0.001000,0.001000,0.001000
1011.826923,-0.037547,0.001000,0.001000,0.001000,0.001000,0.001000
1011.846154,-0.036564,0.001000,0.001000,0.001000,0.001000,0.001000
1011.865385,-0.035551,0.001000,0.001000,0.001000,0.001000,0.001000
1011.884615,-0.034507,0.001000,0.001000,0.001000,0.001000,0.001000
1011.903846,-0.033433,0.001000,0.001000,0.001000,0.001000,0.001000
1011.923077,-0.032331,0.001000,0.001000,0.001000,0.001000,0.001000
1011.942308,-0.031201,0.001000,0.001000,0.001000,0.001000,0.001000
1011.961538,-0.030044,0.001000,0.001000,0.001000,0.001000,0.001000
1011.980769,-0.028861,0.001000,0.001000,0.001000,0.001000,0.001000
1012.000000,-0.027654,0.001000,0.001000,0.001000,0.001000,0.001000
1012.019231,-0.026423,0.001000,0.001000,0.001000,0.001000,0.001000
1012.038462,-0.025170,0.001000,0.001000,0.001000,0.001000,0.001000
1012.057692,-0.023895,0.001000,0.001000,0.001000,0.001000,0.001000
1012.076923,-0.022599,0.001000,0.001000,0.001000,0.001000,0.001000
1012.096154,-0.021284,0.001000,0.001000,0.001000,0.001000,0.001000
1012.115385,-0.019951,0.001000,0.001000,0.001000,0.001000,0.001000
1012.134615,-0.018601,0.001000,0.001000,0.001000,0.001000,0.001000
1012.153846,-0.017235,0.001000,0.001000,0.001000,0.001000,0.001000
1012.173077,-0.015854,0.001000,0.001000,0.001000,0.001000,0.001000
1012.192308,-0.014459,0.001000,0.001000,0.001000,0.001000,0.001000
1012.211538,-0.013052,0.001000,0.001000,0.001000,0.001000,0.001000
1012.230769,-0.011634,0.001000,0.001000,0.001000,0.001000,0.001000
1012.250000,-0.010206,0.001000,0.001000,0.001000,0.001000,0.001000
1012.269231,-0.008770,0.001000,0.001000,0.001000,0.001000,0.001000
1012.288462,-0.007325,0.001000,0.001000,0.001000,0.001000,0.001000
1012.307692,-0.005875,0.001000,0.001000,0.001000,0.001000,0.001000
1012.326923,-0.004419,0.001000,0.001000,0.001000,0.001000,0.001000
1012.346154,-0.002960,0.001000,0.001000,0.001000,0.001000,0.001000
1012.365385,-0.001498,0.001000,0.001000,0.001000,0.001000,0.001000
1012.384615,-0.000035,0.001000,0.001000,0.001000,0.001000,0.001000
1012.403846,0.001429,0.001000,0.001000,0.001000,0.001000,0.001000
1012.423077,0.002891,0.001000,0.001000,0.001000,0.001000,0.001000
1012.442308,0.004350,0.001000,0.001000,0.001000,0.001000,0.001000
1012.461538,0.005806,0.001000,0.001000,0.001000,0.001000,0.001000
1012.480769,0.007257,0.001000,0.001000,0.001000,0.001000,0.001000
1012.500000,0.008701,0.001000,0.001000,0.001000,0.001000,0.001000
1012.519231,0.010138,0.001000,0.001000,0.001000,0.001000,0.001000
1012.538462,0.011567,0.001000,0.001000,0.001000,0.001000,0.001000
1012.557692,0.012986,0.001000,0.001000,0.001000,0.001000,0.001000
1012.576923,0.014393,0.001000,0.001000,0.001000,0.001000,0.001000
1012.596154,0.015788,0.001000,0.001000,0.001000,0.001000,0.001000
1012.615385,0.017170,0.001000,0.001000,0.001000,0.001000,0.001000
1012.634615,0.018537,0.001000,0.001000,0.001000,0.001000,0.001000
1012.653846,0.019888,0.001000,0.001000,0.001000,0.001000,0.001000
1012.673077,0.021222,0.001000,0.001000,0.001000,0.001000,0.001000
1012.692308,0.022537,0.001000,0.001000,0.001000,0.001000,0.001000
1012.711538,0.023834,0.001000,0.001000,0.001000,0.001000,0.001000
1012.730769,0.025110,0.001000,0.001000,0.001000,0.001000,0.001000
1012.750000,0.026364,0.001000,0.001000,0.001000,0.001000,0.001000
1012.769231,0.027596,0.001000,0.001000,0.001000,0.001000,0.001000
1012.788462,0.028805,0.001000,0.001000,0.001000,0.001000,0.001000
1012.807692,0.029988,0.001000,0.001000,0.001000,0.001000,0.001000
1012.826923,0.031146,0.001000,0.001000,0.001000,0.001000,0.001000
1012.846154,0.032278,0.001000,0.001000,0.001000,0.001000,0.001000
1012.865385,0.033381,0.001000,0.001000,0.001000,0.001000,0.001000
1012.884615,0.034456,0.001000,0.001000,0.001000,0.001000,0.001000
1012.903846,0.035502,0.001000,0.001000,0.001000,0.001000,0.001000
1012.923077,0.036517,0.001000,0.001000,0.001000,0.001000,0.001000
1012.942308,0.037501,0.001000,0.001000,0.001000,0.001000,0.001000
1012.961538,0.038453,0.001000,0.001000,0.001000,0.001000,0.001000
1012.980769,0.039371,0.001000,0.001000,0.001000,0.001000,0.001000
1013.000000,0.040257,0.001000,0.001000,0.001000,0.001000,0.001000
1013.019231,0.041107,0.001000,0.001000,0.001000,0.001000,0.001000
1013.038462,0.041923,0.001000,0.001000,0.001000,0.001000,0.001000
1013.057692,0.042702,0.001000,0.001000,0.001000,0.001000,0.001000
1013.076923,0.043445,0.001000,0.001000,0.001000,0.001000,0.001000
1013.096154,0.044151,0.001000,0.001000,0.001000,0.001000,0.001000
1013.115385,0.044818,0.001000,0.001000,0.001000,0.001000,0.001000
1013.134615,0.045448,0.001000,0.001000,0.001000,0.001000,0.001000
1013.153846,0.046038,0.001000,0.001000,0.001000,0.001000,0.001000
1013.173077,0.046589,0.001000,0.001000,0.001000,0.001000,0.001000
1013.192308,0.047101,0.001000,0.001000,0.001000,0.001000,0.001000
1013.211538,0.047572,0.001000,0.001000,0.001000,0.001000,0.001000
1013.230769,0.048002,0.001000,0.001000,0.001000,0.001000,0.001000
1013.250000,0.048391,0.001000,0.001000,0.001000,0.001000,0.001000
1013.269231,0.048738,0.001000,0.001000,0.001000,0.001000,0.001000
1013.288462,0.049044,0.001000,0.001000,0.001000,0.001000,0.001000
1013.307692,0.049308,0.001000,0.001000,0.001000,0.001000,0.001000
1013.326923,0.049529,0.001000,0.001000,0.001000,0.001000,0.001000
1013.346154,0.049708,0.001000,0.001000,0.001000,0.001000,0.001000
1013.365385,0.049845,0.001000,0.001000,0.001000,0.001000,0.001000
1013.384615,0.049939,0.001000,0.001000,0.001000,0.001000,0.001000
1013.403846,0.049990,0.001000,0.001000,0.001000,0.001000,0.001000
1013.423077,0.049998,0.001000,0.001000,0.001000,0.001000,0.001000
1013.442308,0.049963,0.001000,0.001000,0.001000,0.001000,0.001000
1013.461538,0.049886,0.001000,0.001000,0.001000,0.001000,0.001000
1013.480769,0.049766,0.001000,0.001000,0.001000,0.001000,0.001000
1013.500000,0.049603,0.001000,0.001000,0.001000,0.001000,0.001000
1013.519231,0.049398,0.001000,0.001000,0.001000,0.001000,0.001000
1013.538462,0.049150,0.001000,0.001000,0.001000,0.001000,0.001000
1013.557692,0.048861,0.001000,0.001000,0.001000,0.001000,0.001000
1013.576923,0.048529,0.001000,0.001000,0.001000,0.001000,0.001000
1013.596154,0.048156,0.001000,0.001000,0.001000,0.001000,0.001000
1013.615385,0.047742,0.001000,0.001000,0.001000,0.001000,0.001000
1013.634615,0.047287,0.001000,0.001000,0.001000,0.001000,0.001000
1013.653846,0.046791,0.001000,0.001000,0.001000,0.001000,0.001000
1013.673077,0.046255,0.001000,0.001000,0.001000,0.001000,0.001000
1013.692308,0.045680,0.001000,0.001000,0.001000,0.001000,0.001000
1013.711538,0.045065,0.001000,0.001000,0.001000,0.001000,0.001000
1013.730769,0.044412,0.001000,0.001000,0.001000,0.001000,0.001000
1013.750000,0.043721,0.001000,0.001000,0.001000,0.001000,0.001000
1013.769231,0.042992,0.001000,0.001000,0.001000,0.001000,0.001000
1013.788462,0.042227,0.001000,0.001000,0.001000,0.001000,0.001000
1013.807692,0.041425,0.001000,0.001000,0.001000,0.001000,0.001000
1013.826923,0.040588,0.001000,0.001000,0.001000,0.001000,0.001000
1013.846154,0.039716,0.001000,0.001000,0.001000,0.001000,0.001000
1013.865385,0.038810,0.001000,0.001000,0.001000,0.001000,0.001000
1013.884615,0.037871,0.001000,0.001000,0.001000,0.001000,0.001000
1013.903846,0.036899,0.001000,0.001000,0.001000,0.001000,0.001000
1013.923077,0.035896,0.001000,0.001000,0.001000,0.001000,0.001000
1013.942308,0.034862,0.001000,0.001000,0.001000,0.001000,0.001000
1013.961538,0.033798,0.001000,0.001000,0.001000,0.001000,0.001000
1013.980769,0.032706,0.001000,0.001000,0.001000,0.001000,0.001000
1014.000000,0.031585,0.001000,0.001000,0.001000,0.001000,0.001000
1014.019231,0.030437,0.001000,0.001000,0.001000,0.001000,0.001000
1014.038462,0.029263,0.001000,0.001000,0.001000,0.001000,0.001000
1014.057692,0.028064,0.001000,0.001000,0.001000,0.001000,0.001000
1014.076923,0.026841,0.001000,0.001000,0.001000,0.001000,0.001000
1014.096154,0.025595,0.001000,0.001000,0.001000,0.001000,0.001000
1014.115385,0.024327,0.001000,0.001000,0.001000,0.001000,0.001000
1014.134615,0.023038,0.001000,0.001000,0.001000,0.001000,0.001000
1014.153846,0.021730,0.001000,0.001000,0.001000,0.001000,0.001000
1014.173077,0.020403,0.001000,0.001000,0.001000,0.001000,0.001000
1014.192308,0.019058,0.001000,0.001000,0.001000,0.001000,0.001000
1014.211538,0.017697,0.001000,0.001000,0.001000,0.001000,0.001000
1014.230769,0.016321,0.001000,0.001000,0.001000,0.001000,0.001000
1014.250000,0.014931,0.001000,0.001000,0.001000,0.001000,0.001000
1014.269231,0.013528,0.001000,0.001000,0.001000,0.001000,0.001000
1014.288462,0.012114,0.001000,0.001000,0.001000,0.001000,0.001000
1014.307692,0.010689,0.001000,0.001000,0.001000,0.001000,0.001000
1014.326923,0.009255,0.001000,0.001000,0.001000,0.001000,0.001000
1014.346154,0.007813,0.001000,0.001000,0.001000,0.001000,0.001000
1014.365385,0.006365,0.001000,0.001000,0.001000,0.001000,0.001000
1014.384615,0.004911,0.001000,0.001000,0.001000,0.001000,0.001000
1014.403846,0.003452,0.001000,0.001000,0.001000,0.001000,0.001000
1014.423077,0.001991,0.001000,0.001000,0.001000,0.001000,0.001000
1014.442308,0.000528,0.001000,0.001000,0.001000,0.001000,0.001000
1014.461538,-0.000935,0.001000,0.001000,0.001000,0.001000,0.001000
1014.480769,-0.002398,0.001000,0.001000,0.001000,0.001000,0.001000
1014.500000,-0.003858,0.001000,0.001000,0.001000,0.001000,0.001000
1014.519231,-0.005315,0.001000,0.001000,0.001000,0.001000,0.001000
1014.538462,-0.006768,0.001000,0.001000,0.001000,0.001000,0.001000
1014.557692,-0.008215,0.001000,0.001000,0.001000,0.001000,0.001000
1014.576923,-0.009655,0.001000,0.001000,0.001000,0.001000,0.001000
1014.596154,-0.011086,0.001000,0.001000,0.001000,0.001000,0.001000
1014.615385,-0.012508,0.001000,0.001000,0.001000,0.001000,0.001000
1014.634615,-0.013920,0.001000,0.001000,0.001000,0.001000,0.001000
1014.653846,-0.015319,0.001000,0.001000,0.001000,0.001000,0.001000
1014.673077,-0.016705,0.001000,0.001000,0.001000,0.001000,0.001000
1014.692308,-0.018077,0.001000,0.001000,0.001000,0.001000,0.001000
1014.711538,-0.019434,0.001000,0.001000,0.001000,0.001000,0.001000
1014.730769,-0.020774,0.001000,0.001000,0.001000,0.001000,0.001000
1014.750000,-0.022096,0.001000,0.001000,0.001000,0.001000,0.001000
1014.769231,-0.023399,0.001000,0.001000,0.001000,0.001000,0.001000
1014.788462,-0.024682,0.001000,0.001000,0.001000,0.001000,0.001000
1014.807692,-0.025944,0.001000,0.001000,0.001000,0.001000,0.001000
1014.826923,-0.027183,0.001000,0.001000,0.001000,0.001000,0.001000
1014.846154,-0.028400,0.001000,0.001000,0.001000,0.001000,0.001000
1014.865385,-0.029592,0.001000,0.001000,0.001000,0.001000,0.001000
1014.884615,-0.030759,0.001000,0.001000,0.001000,0.001000,0.001000
1014.903846,-0.031899,0.001000,0.001000,0.001000,0.001000,0.001000
1014.923077,-0.033012,0.001000,0.001000,0.001000,0.001000,0.001000
1014.942308,-0.034097,0.001000,0.001000,0.001000,0.001000,0.001000
1014.961538,-0.035153,0.001000,0.001000,0.001000,0.001000,0.001000
1014.980769,-0.036178,0.001000,0.001000,0.001000,0.001000,0.001000
1015.000000,-0.037173,0.001000,0.001000,0.001000,0.001000,0.001000
1015.019231,-0.038135,0.001000,0.001000,0.001000,0.001000,0.001000
1015.038462,-0.039065,0.001000,0.001000,0.001000,0.001000,0.001000
1015.057692,-0.039962,0.001000,0.001000,0.001000,0.001000,0.001000
1015.076923,-0.040824,0.001000,0.001000,0.001000,0.001000,0.001000
1015.096154,-0.041651,0.001000,0.001000,0.001000,0.001000,0.001000
1015.115385,-0.042443,0.001000,0.001000,0.001000,0.001000,0.001000
1015.134615,-0.043198,0.001000,0.001000,0.001000,0.001000,0.001000
1015.153846,-0.043917,0.001000,0.001000,0.001000,0.001000,0.001000
1015.173077,-0.044597,0.001000,0.001000,0.001000,0.001000,0.001000
1015.192308,-0.045240,0.001000,0.001000,0.001000,0.001000,0.001000
1015.211538,-0.045844,0.001000,0.001000,0.001000,0.001000,0.001000
1015.230769,-0.046408,0.001000,0.001000,0.001000,0.001000,0.001000
1015.250000,-0.046933,0.001000,0.001000,0.001000,0.001000,0.001000
1015.269231,-0.047417,0.001000,0.001000,0.001000,0.001000,0.001000
1015.288462,-0.047861,0.001000,0.001000,0.001000,0.001000,0.001000
1015.307692,-0.048264,0.001000,0.001000,0.001000,0.001000,0.001000
1015.326923,-0.048626,0.001000,0.001000,0.001000,0.001000,0.001000
1015.346154,-0.048945,0.001000,0.001000,0.001000,0.001000,0.001000
1015.365385,-0.049223,0.001000,0.001000,0.001000,0.001000,0.001000
1015.384615,-0.049459,0.001000,0.001000,0.001000,0.001000,0.001000
1015.403846,-0.049653,0.001000,0.001000,0.001000,0.001000,0.001000
1015.423077,-0.049804,0.001000,0.001000,0.001000,0.001000,0.001000
1015.442308,-0.049912,0.001000,0.001000,0.001000,0.001000,0.001000
1015.461538,-0.049977,0.001000,0.001000,0.001000,0.001000,0.001000
1015.480769,-0.050000,0.001000,0.001000,0.001000,0.001000,0.001000
1015.500000,-0.049980,0.001000,0.001000,0.001000,0.001000,0.001000
1015.519231,-0.049917,0.001000,0.001000,0.001000,0.001000,0.001000
1015.538462,-0.049811,0.001000,0.001000,0.001000,0.001000,0.001000
1015.557692,-0.049663,0.001000,0.001000,0.001000,0.001000,0.001000
1015.576923,-0.049472,0.001000,0.001000,0.001000,0.001000,0.001000
1015.596154,-0.049239,0.001000,0.001000,0.001000,0.001000,0.001000
1015.615385,-0.048963,0.001000,0.001000,0.001000,0.001000,0.001000
1015.634615,-0.048646,0.001000,0.001000,0.001000,0.001000,0.001000
1015.653846,-0.048287,0.001000,0.001000,0.001000,0.001000,0.001000
1015.673077,-0.047886,0.001000,0.001000,0.001000,0.001000,0.001000
1015.692308,-0.047445,0.001000,0.001000,0.001000,0.001000,0.001000
1015.711538,-0.046963,0.001000,0.001000,0.001000,0.001000,0.001000
1015.730769,-0.046440,0.001000,0.001000,0.001000,0.001000,0.001000
1015.750000,-0.045878,0.001000,0.001000,0.001000,0.001000,0.001000
1015.769231,-0.045277,0.001000,0.001000,0.001000,0.001000,0.001000
1015.788462,-0.044637,0.001000,0.001000,0.001000,0.001000,0.001000
1015.807692,-0.043958,0.001000,0.001000,0.001000,0.001000,0.001000
1015.826923,-0.043242,0.001000,0.001000,0.001000,0.001000,0.001000
1015.846154,-0.042489,0.001000,0.001000,0.001000,0.001000,0.001000
1015.865385,-0.041699,0.001000,0.001000,0.001000,0.001000,0.001000
1015.884615,-0.040874,0.001000,0.001000,0.001000,0.001000,0.001000
1015.903846,-0.040014,0.001000,0.001000,0.001000,0.001000,0.001000
1015.923077,-0.039119,0.001000,0.001000,0.001000,0.001000,0.001000
1015.942308,-0.038191,0.001000,0.001000,0.001000,0.001000,0.001000
1015.961538,-0.037231,0.001000,0.001000,0.001000,0.001000,0.001000
1015.980769,-0.036238,0.001000,0.001000,0.001000,0.001000,0.001000
1016.000000,-0.035214,0.001000,0.001000,0.001000,0.001000,0.001000
1016.019231,-0.034160,0.001000,0.001000,0.001000,0.001000,0.001000
1016.038462,-0.033077,0.001000,0.001000,0.001000,0.001000,0.001000
1016.057692,-0.031966,0.001000,0.001000,0.001000,0.001000,0.001000
1016.076923,-0.030827,0.001000,0.001000,0.001000,0.001000,0.001000
1016.096154,-0.029662,0.001000,0.001000,0.001000,0.001000,0.001000
1016.115385,-0.028471,0.001000,0.001000,0.001000,0.001000,0.001000
1016.134615,-0.027256,0.001000,0.001000,0.001000,0.001000,0.001000
1016.153846,-0.026018,0.001000,0.001000,0.001000,0.001000,0.001000
1016.173077,-0.024757,0.001000,0.001000,0.001000,0.001000,0.001000
1016.192308,-0.023475,0.001000,0.001000,0.001000,0.001000,0.001000
1016.211538,-0.022173,0.001000,0.001000,0.001000,0.001000,0.001000
1016.230769,-0.020852,0.001000,0.001000,0.001000,0.001000,0.001000
1016.250000,-0.019514,0.001000,0.001000,0.001000,0.001000,0.001000
1016.269231,-0.018158,0.001000,0.001000,0.001000,0.001000,0.001000
1016.288462,-0.016787,0.001000,0.001000,0.001000,0.001000,0.001000
1016.307692,-0.015401,0.001000,0.001000,0.001000,0.001000,0.001000
1016.326923,-0.014003,0.001000,0.001000,0.001000,0.001000,0.001000
1016.346154,-0.012592,0.001000,0.001000,0.001000,0.001000,0.001000
1016.365385,-0.011171,0.001000,0.001000,0.001000,0.001000,0.001000
1016.384615,-0.009740,0.001000,0.001000,0.001000,0.001000,0.001000
1016.403846,-0.008300,0.001000,0.001000,0.001000,0.001000,0.001000
1016.423077,-0.006854,0.001000,0.001000,0.001000,0.001000,0.001000
1016.442308,-0.005402,0.001000,0.001000,0.001000,0.001000,0.001000
1016.461538,-0.003945,0.001000,0.001000,0.001000,0.001000,0.001000
1016.480769,-0.002484,0.001000,0.001000,0.001000,0.001000,0.001000
1016.500000,-0.001022,0.001000,0.001000,0.001000,0.001000,0.001000
1016.519231,0.000442,0.001000,0.001000,0.001000,0.001000,0.001000
1016.538462,0.001905,0.001000,0.001000,0.001000,0.001000,0.001000
1016.557692,0.003366,0.001000,0.001000,0.001000,0.001000,0.001000
1016.576923,0.004824,0.001000,0.001000,0.001000,0.001000,0.001000
1016.596154,0.006279,0.001000,0.001000,0.001000,0.001000,0.001000
1016.615385,0.007728,0.001000,0.001000,0.001000,0.001000,0.001000
1016.634615,0.009170,0.001000,0.001000,0.001000,0.001000,0.001000
1016.653846,0.010604,0.001000,0.001000,0.001000,0.001000,0.001000
1016.673077,0.012030,0.001000,0.001000,0.001000,0.001000,0.001000
1016.692308,0.013445,0.001000,0.001000,0.001000,0.001000,0.001000
1016.711538,0.014848,0.001000,0.001000,0.001000,0.001000,0.001000
1016.730769,0.016239,0.001000,0.001000,0.001000,0.001000,0.001000
1016.750000,0.017616,0.001000,0.001000,0.001000,0.001000,0.001000
1016.769231,0.018978,0.001000,0.001000,0.001000,0.001000,0.001000
1016.788462,0.020324,0.001000,0.001000,0.001000,0.001000,0.001000
1016.807692,0.021652,0.001000,0.001000,0.001000,0.001000,0.001000
1016.826923,0.022961,0.001000,0.001000,0.001000,0.001000,0.001000
1016.846154,0.024251,0.001000,0.001000,0.001000,0.001000,0.001000
1016.865385,0.025521,0.001000,0.001000,0.001000,0.001000,0.001000
1016.884615,0.026768,0.001000,0.001000,0.001000,0.001000,0.001000
1016.903846,0.027992,0.001000,0.001000,0.001000,0.001000,0.001000
1016.923077,0.029193,0.001000,0.001000,0.001000,0.001000,0.001000
1016.942308,0.030368,0.001000,0.001000,0.001000,0.001000,0.001000
1016.961538,0.031518,0.001000,0.001000,0.001000,0.001000,0.001000
1016.980769,0.032640,0.001000,0.001000,0.001000,0.001000,0.001000
1017.000000,0.033734,0.001000,0.001000,0.001000,0.001000,0.001000
1017.019231,0.034800,0.001000,0.001000,0.001000,0.001000,0.001000
1017.038462,0.035836,0.001000,0.001000,0.001000,0.001000,0.001000
1017.057692,0.036841,0.001000,0.001000,0.001000,0.001000,0.001000
1017.076923,0.037814,0.001000,0.001000,0.001000,0.001000,0.001000
1017.096154,0.038755,0.001000,0.001000,0.001000,0.001000,0.001000
1017.115385,0.039663,0.001000,0.001000,0.001000,0.001000,0.001000
1017.134615,0.040537,0.001000,0.001000,0.001000,0.001000,0.001000
1017.153846,0.041376,0.001000,0.001000,0.001000,0.001000,0.001000
1017.173077,0.042180,0.001000,0.001000,0.001000,0.001000,0.001000
1017.192308,0.042948,0.001000,0.001000,0.001000,0.001000,0.001000
1017.211538,0.043679,0.001000,0.001000,0.001000,0.001000,0.001000
1017.230769,0.044372,0.001000,0.001000,0.001000,0.001000,0.001000
1017.250000,0.045027,0.001000,0.001000,0.001000,0.001000,0.001000
1017.269231,0.045644,0.001000,0.001000,0.001000,0.001000,0.001000
1017.288462,0.046222,0.001000,0.001000,0.001000,0.001000,0.001000
1017.307692,0.046760,0.001000,0.001000,0.001000,0.001000,0.001000
1017.326923,0.047258,0.001000,0.001000,0.001000,0.001000,0.001000
1017.346154,0.047716,0.001000,0.001000,0.001000,0.001000,0.001000
1017.365385,0.048133,0.001000,0.001000,0.001000,0.001000,0.001000
1017.384615,0.048508,0.001000,0.001000,0.001000,0.001000,0.001000
1017.403846,0.048842,0.001000,0.001000,0.001000,0.001000,0.001000
1017.423077,0.049134,0.001000,0.001000,0.001000,0.001000,0.001000
1017.442308,0.049384,0.001000,0.001000,0.001000,0.001000,0.001000
1017.461538,0.049592,0.001000,0.001000,0.001000,0.001000,0.001000
1017.480769,0.049757,0.001000,0.001000,0.001000,0.001000,0.001000
1017.500000,0.049880,0.001000,0.001000,0.001000,0.001000,0.001000
1017.519231,0.049960,0.001000,0.001000,0.001000,0.001000,0.001000
1017.538462,0.049997,0.001000,0.001000,0.001000,0.001000,0.001000
1017.557692,0.049991,0.001000,0.001000,0.001000,0.001000,0.001000
1017.576923,0.049943,0.001000,0.001000,0.001000,0.001000,0.001000
1017.596154,0.049852,0.001000,0.001000,0.001000,0.001000,0.001000
1017.615385,0.049718,0.001000,0.001000,0.001000,0.001000,0.001000
1017.634615,0.049541,0.001000,0.001000,0.001000,0.001000,0.001000
1017.653846,0.049322,0.001000,0.001000,0.001000,0.001000,0.001000
1017.673077,0.049061,0.001000,0.001000,0.001000,0.001000,0.001000
1017.692308,0.048757,0.001000,0.001000,0.001000,0.001000,0.001000
1017.711538,0.048412,0.001000,0.001000,0.001000,0.001000,0.001000
1017.730769,0.048026,0.001000,0.001000,0.001000,0.001000,0.001000
1017.750000,0.047598,0.001000,0.001000,0.001000,0.001000,0.001000
1017.769231,0.047130,0.001000,0.001000,0.001000,0.001000,0.001000
1017.788462,0.046621,0.001000,0.001000,0.001000,0.001000,0.001000
1017.807692,0.046072,0.001000,0.001000,0.001000,0.001000,0.001000
1017.826923,0.045484,0.001000,0.001000,0.001000,0.001000,0.001000
1017.846154,0.044857,0.001000,0.001000,0.001000,0.001000,0.001000
1017.865385,0.044191,0.001000,0.001000,0.001000,0.001000,0.001000
1017.884615,0.043488,0.001000,0.001000,0.001000,0.001000,0.001000
1017.903846,0.042747,0.001000,0.001000,0.001000,0.001000,0.001000
1017.923077,0.041970,0.001000,0.001000,0.001000,0.001000,0.001000
1017.942308,0.041156,0.001000,0.001000,0.001000,0.001000,0.001000
1017.961538,0.040308,0.001000,0.001000,0.001000,0.001000,0.001000
1017.980769,0.039425,0.001000,0.001000,0.001000,0.001000,0.001000
1018.000000,0.038508,0.001000,0.001000,0.001000,0.001000,0.001000
1018.019231,0.037558,0.001000,0.001000,0.001000,0.001000,0.001000
1018.038462,0.036576,0.001000,0.001000,0.001000,0.001000,0.001000
1018.057692,0.035563,0.001000,0.001000,0.001000,0.001000,0.001000
1018.076923,0.034519,0.001000,0.001000,0.001000,0.001000,0.001000
1018.096154,0.033446,0.001000,0.001000,0.001000,0.001000,0.001000
1018.115385,0.032344,0.001000,0.001000,0.001000,0.001000,0.001000
1018.134615,0.031214,0.001000,0.001000,0.001000,0.001000,0.001000
1018.153846,0.030058,0.001000,0.001000,0.001000,0.001000,0.001000
1018.173077,0.028876,0.001000,0.001000,0.001000,0.001000,0.001000
1018.192308,0.027669,0.001000,0.001000,0.001000,0.001000,0.001000
1018.211538,0.026438,0.001000,0.001000,0.001000,0.001000,0.001000
1018.230769,0.025185,0.001000,0.001000,0.001000,0.001000,0.001000
1018.250000,0.023910,0.001000,0.001000,0.001000,0.001000,0.001000
1018.269231,0.022615,0.001000,0.001000,0.001000,0.001000,0.001000
1018.288462,0.021300,0.001000,0.001000,0.001000,0.001000,0.001000
1018.307692,0.019967,0.001000,0.001000,0.001000,0.001000,0.001000
1018.326923,0.018617,0.001000,0.001000,0.001000,0.001000,0.001000
1018.346154,0.017251,0.001000,0.001000,0.001000,0.001000,0.001000
1018.365385,0.015870,0.001000,0.001000,0.001000,0.001000,0.001000
1018.384615,0.014476,0.001000,0.001000,0.001000,0.001000,0.001000
1018.403846,0.013069,0.001000,0.001000,0.001000,0.001000,0.001000
1018.423077,0.011651,0.001000,0.001000,0.001000,0.001000,0.001000
1018.442308,0.010223,0.001000,0.001000,0.001000,0.001000,0.001000
1018.461538,0.008787,0.001000,0.001000,0.001000,0.001000,0.001000
1018.480769,0.007342,0.001000,0.001000,0.001000,0.001000,0.001000
1018.500000,0.005892,0.001000,0.001000,0.001000,0.001000,0.001000
1018.519231,0.004436,0.001000,0.001000,0.001000,0.001000,0.001000
1018.538462,0.002977,0.001000,0.001000,0.001000,0.001000,0.001000
1018.557692,0.001515,0.001000,0.001000,0.001000,0.001000,0.001000
1018.576923,0.000052,0.001000,0.001000,0.001000,0.001000,0.001000
1018.596154,-0.001411,0.001000,0.001000,0.001000,0.001000,0.001000
1018.615385,-0.002873,0.001000,0.001000,0.001000,0.001000,0.001000
1018.634615,-0.004333,0.001000,0.001000,0.001000,0.001000,0.001000
1018.653846,-0.005789,0.001000,0.001000,0.001000,0.001000,0.001000
1018.673077,-0.007240,0.001000,0.001000,0.001000,0.001000,0.001000
1018.692308,-0.008684,0.001000,0.001000,0.001000,0.001000,0.001000
1018.711538,-0.010122,0.001000,0.001000,0.001000,0.001000,0.001000
1018.730769,-0.011550,0.001000,0.001000,0.001000,0.001000,0.001000
1018.750000,-0.012969,0.001000,0.001000,0.001000,0.001000,0.001000
1018.769231,-0.014376,0.001000,0.001000,0.001000,0.001000,0.001000
1018.788462,-0.015772,0.001000,0.001000,0.001000,0.001000,0.001000
1018.807692,-0.017153,0.001000,0.001000,0.001000,0.001000,0.001000
1018.826923,-0.018520,0.001000,0.001000,0.001000,0.001000,0.001000
1018.846154,-0.019872,0.001000,0.001000,0.001000,0.001000,0.001000
1018.865385,-0.021206,0.001000,0.001000,0.001000,0.001000,0.001000
1018.884615,-0.022522,0.001000,0.001000,0.001000,0.001000,0.001000
1018.903846,-0.023819,0.001000,0.001000,0.001000,0.001000,0.001000
1018.923077,-0.025095,0.001000,0.001000,0.001000,0.001000,0.001000
1018.942308,-0.026350,0.001000,0.001000,0.001000,0.001000,0.001000
1018.961538,-0.027582,0.001000,0.001000,0.001000,0.001000,0.001000
1018.980769,-0.028791,0.001000,0.001000,0.001000,0.001000,0.001000
1019.000000,-0.029975,0.001000,0.001000,0.001000,0.001000,0.001000
1019.019231,-0.031133,0.001000,0.001000,0.001000,0.001000,0.001000
1019.038462,-0.032264,0.001000,0.001000,0.001000,0.001000,0.001000
1019.057692,-0.033368,0.001000,0.001000,0.001000,0.001000,0.001000
1019.076923,-0.034444,0.001000,0.001000,0.001000,0.001000,0.001000
1019.096154,-0.035490,0.001000,0.001000,0.001000,0.001000,0.001000
1019.115385,-0.036505,0.001000,0.001000,0.001000,0.001000,0.001000
1019.134615,-0.037489,0.001000,0.001000,0.001000,0.001000,0.001000
1019.153846,-0.038442,0.001000,0.001000,0.001000,0.001000,0.001000
1019.173077,-0.039361,0.001000,0.001000,0.001000,0.001000,0.001000
1019.192308,-0.040246,0.001000,0.001000,0.001000,0.001000,0.001000
1019.211538,-0.041097,0.001000,0.001000,0.001000,0.001000,0.001000
1019.230769,-0.041913,0.001000,0.001000,0.001000,0.001000,0.001000
1019.250000,-0.042693,0.001000,0.001000,0.001000,0.001000,0.001000
1019.269231,-0.043436,0.001000,0.001000,0.001000,0.001000,0.001000
1019.288462,-0.044142,0.001000,0.001000,0.001000,0.001000,0.001000
1019.307692,-0.044811,0.001000,0.001000,0.001000,0.001000,0.001000
1019.326923,-0.045441,0.001000,0.001000,0.001000,0.001000,0.001000
1019.346154,-0.046032,0.001000,0.001000,0.001000,0.001000,0.001000
1019.365385,-0.046583,0.001000,0.001000,0.001000,0.001000,0.001000
1019.384615,-0.047095,0.001000,0.001000,0.001000,0.001000,0.001000
1019.403846,-0.047566,0.001000,0.001000,0.001000,0.001000,0.001000
1019.423077,-0.047997,0.001000,0.001000,0.001000,0.001000,0.001000
1019.442308,-0.048386,0.001000,0.001000,0.001000,0.001000,0.001000
1019.461538,-0.048734,0.001000,0.001000,0.001000,0.001000,0.001000
1019.480769,-0.049041,0.001000,0.001000,0.001000,0.001000,0.001000
1019.500000,-0.049305,0.001000,0.001000,0.001000,0.001000,0.001000
1019.519231,-0.049527,0.001000,0.001000,0.001000,0.001000,0.001000
1019.538462,-0.049706,0.001000,0.001000,0.001000,0.001000,0.001000
1019.557692,-0.049843,0.001000,0.001000,0.001000,0.001000,0.001000
1019.576923,-0.049938,0.001000,0.001000,0.001000,0.001000,0.001000
1019.596154,-0.049989,0.001000,0.001000,0.001000,0.001000,0.001000
1019.615385,-0.049998,0.001000,0.001000,0.001000,0.001000,0.001000
1019.634615,-0.049964,0.001000,0.001000,0.001000,0.001000,0.001000
1019.653846,-0.049887,0.001000,0.001000,0.001000,0.001000,0.001000
1019.673077,-0.049768,0.001000,0.001000,0.001000,0.001000,0.001000
1019.692308,-0.049605,0.001000,0.001000,0.001000,0.001000,0.001000
1019.711538,-0.049401,0.001000,0.001000,0.001000,0.001000,0.001000
1019.730769,-0.049154,0.001000,0.001000,0.001000,0.001000,0.001000
1019.750000,-0.048864,0.001000,0.001000,0.001000,0.001000,0.001000
1019.769231,-0.048533,0.001000,0.001000,0.001000,0.001000,0.001000
1019.788462,-0.048161,0.001000,0.001000,0.001000,0.001000,0.001000
1019.807692,-0.047747,0.001000,0.001000,0.001000,0.001000,0.001000
1019.826923,-0.047292,0.001000,0.001000,0.001000,0.001000,0.001000
1019.846154,-0.046797,0.001000,0.001000,0.001000,0.001000,0.001000
1019.865385,-0.046262,0.001000,0.001000,0.001000,0.001000,0.001000
1019.884615,-0.045687,0.001000,0.001000,0.001000,0.001000,0.001000
1019.903846,-0.045073,0.001000,0.001000,0.001000,0.001000,0.001000
1019.923077,-0.044420,0.001000,0.001000,0.001000,0.001000,0.001000
1019.942308,-0.043729,0.001000,0.001000,0.001000,0.001000,0.001000
1019.961538,-0.043001,0.001000,0.001000,0.001000,0.001000,0.001000
1019.980769,-0.042236,0.001000,0.001000,0.001000,0.001000,0.001000
1020.000000,-0.041435,0.001000,0.001000,0.001000,0.001000,0.001000
1020.019231,-0.040598,0.001000,0.001000,0.001000,0.001000,0.001000
1020.038462,-0.039726,0.001000,0.001000,0.001000,0.001000,0.001000
1020.057692,-0.038821,0.001000,0.001000,0.001000,0.001000,0.001000
1020.076923,-0.037882,0.001000,0.001000,0.001000,0.001000,0.001000
1020.096154,-0.036911,0.001000,0.001000,0.001000,0.001000,0.001000
1020.115385,-0.035908,0.001000,0.001000,0.001000,0.001000,0.001000
1020.134615,-0.034875,0.001000,0.001000,0.001000,0.001000,0.001000
1020.153846,-0.033811,0.001000,0.001000,0.001000,0.001000,0.001000
1020.173077,-0.032719,0.001000,0.001000,0.001000,0.001000,0.001000
1020.192308,-0.031598,0.001000,0.001000,0.001000,0.001000,0.001000
1020.211538,-0.030451,0.001000,0.001000,0.001000,0.001000,0.001000
1020.230769,-0.029277,0.001000,0.001000,0.001000,0.001000,0.001000
1020.250000,-0.028078,0.001000,0.001000,0.001000,0.001000,0.001000
1020.269231,-0.026856,0.001000,0.001000,0.001000,0.001000,0.001000
1020.288462,-0.025610,0.001000,0.001000,0.001000,0.001000,0.001000
1020.307692,-0.024342,0.001000,0.001000,0.001000,0.001000,0.001000
1020.326923,-0.023054,0.001000,0.001000,0.001000,0.001000,0.001000
1020.346154,-0.021745,0.001000,0.001000,0.001000,0.001000,0.001000
1020.365385,-0.020419,0.001000,0.001000,0.001000,0.001000,0.001000
1020.384615,-0.019074,0.001000,0.001000,0.001000,0.001000,0.001000
1020.403846,-0.017713,0.001000,0.001000,0.001000,0.001000,0.001000
1020.423077,-0.016338,0.001000,0.001000,0.001000,0.001000,0.001000
1020.442308,-0.014948,0.001000,0.001000,0.001000,0.001000,0.001000
1020.461538,-0.013545,0.001000,0.001000,0.001000,0.001000,0.001000
1020.480769,-0.012131,0.001000,0.001000,0.001000,0.001000,0.001000
1020.500000,-0.010706,0.001000,0.001000,0.001000,0.001000,0.001000
1020.519231,-0.009272,0.001000,0.001000,0.001000,0.001000,0.001000
1020.538462,-0.007830,0.001000,0.001000,0.001000,0.001000,0.001000
1020.557692,-0.006382,0.001000,0.001000,0.001000,0.001000,0.001000
1020.576923,-0.004928,0.001000,0.001000,0.001000,0.001000,0.001000
1020.596154,-0.003470,0.001000,0.001000,0.001000,0.001000,0.001000
1020.615385,-0.002008,0.001000,0.001000,0.001000,0.001000,0.001000
1020.634615,-0.000546,0.001000,0.001000,0.001000,0.001000,0.001000
1020.653846,0.000918,0.001000,0.001000,0.001000,0.001000,0.001000
1020.673077,0.002380,0.001000,0.001000,0.001000,0.001000,0.001000
1020.692308,0.003841,0.001000,0.001000,0.001000,0.001000,0.001000
1020.711538,0.005298,0.001000,0.001000,0.001000,0.001000,0.001000
1020.730769,0.006751,0.001000,0.001000,0.001000,0.001000,0.001000
1020.750000,0.008198,0.001000,0.001000,0.001000,0.001000,0.001000
1020.769231,0.009638,0.001000,0.001000,0.001000,0.001000,0.001000
1020.788462,0.011069,0.001000,0.001000,0.001000,0.001000,0.001000
1020.807692,0.012491,0.001000,0.001000,0.001000,0.001000,0.001000
1020.826923,0.013903,0.001000,0.001000,0.001000,0.001000,0.001000
1020.846154,0.015303,0.001000,0.001000,0.001000,0.001000,0.001000
1020.865385,0.016689,0.001000,0.001000,0.001000,0.001000,0.001000
1020.884615,0.018061,0.001000,0.001000,0.001000,0.001000,0.001000
1020.903846,0.019418,0.001000,0.001000,0.001000,0.001000,0.001000
1020.923077,0.020758,0.001000,0.001000,0.001000,0.001000,0.001000
1020.942308,0.022080,0.001000,0.001000,0.001000,0.001000,0.001000
1020.961538,0.023383,0.001000,0.001000,0.001000,0.001000,0.001000
1020.980769,0.024667,0.001000,0.001000,0.001000,0.001000,0.001000
1021.000000,0.025929,0.001000,0.001000,0.001000,0.001000,0.001000
1021.019231,0.027169,0.001000,0.001000,0.001000,0.001000,0.001000
1021.038462,0.028386,0.001000,0.001000,0.001000,0.001000,0.001000
1021.057692,0.029578,0.001000,0.001000,0.001000,0.001000,0.001000
1021.076923,0.030745,0.001000,0.001000,0.001000,0.001000,0.001000
1021.096154,0.031886,0.001000,0.001000,0.001000,0.001000,0.001000
1021.115385,0.032999,0.001000,0.001000,0.001000,0.001000,0.001000
1021.134615,0.034084,0.001000,0.001000,0.001000,0.001000,0.001000
1021.153846,0.035140,0.001000,0.001000,0.001000,0.001000,0.001000
1021.173077,0.036166,0.001000,0.001000,0.001000,0.001000,0.001000
1021.192308,0.037161,0.001000,0.001000,0.001000,0.001000,0.001000
1021.211538,0.038124,0.001000,0.001000,0.001000,0.001000,0.001000
1021.230769,0.039055,0.001000,0.001000,0.001000,0.001000,0.001000
1021.250000,0.039951,0.001000,0.001000,0.001000,0.001000,0.001000
1021.269231,0.040814,0.001000,0.001000,0.001000,0.001000,0.001000
1021.288462,0.041642,0.001000,0.001000,0.001000,0.001000,0.001000
1021.307692,0.042434,0.001000,0.001000,0.001000,0.001000,0.001000
1021.326923,0.043190,0.001000,0.001000,0.001000,0.001000,0.001000
1021.346154,0.043908,0.001000,0.001000,0.001000,0.001000,0.001000
1021.365385,0.044590,0.001000,0.001000,0.001000,0.001000,0.001000
1021.384615,0.045232,0.001000,0.001000,0.001000,0.001000,0.001000
1021.403846,0.045837,0.001000,0.001000,0.001000,0.001000,0.001000
1021.423077,0.046402,0.001000,0.001000,0.001000,0.001000,0.001000
1021.442308,0.046927,0.001000,0.001000,0.001000,0.001000,0.001000
1021.461538,0.047412,0.001000,0.001000,0.001000,0.001000,0.001000
1021.480769,0.047856,0.001000,0.001000,0.001000,0.001000,0.001000
1021.500000,0.048259,0.001000,0.001000,0.001000,0.001000,0.001000
1021.519231,0.048622,0.001000,0.001000,0.001000,0.001000,0.001000
1021.538462,0.048942,0.001000,0.001000,0.001000,0.001000,0.001000
1021.557692,0.049220,0.001000,0.001000,0.001000,0.001000,0.001000
1021.576923,0.049457,0.001000,0.001000,0.001000,0.001000,0.001000
1021.596154,0.049651,0.001000,0.001000,0.001000,0.001000,0.001000
1021.615385,0.049802,0.001000,0.001000,0.001000,0.001000,0.001000
1021.634615,0.049911,0.001000,0.001000,0.001000,0.001000,0.001000
1021.653846,0.049977,0.001000,0.001000,0.001000,0.001000,0.001000
1021.673077,0.050000,0.001000,0.001000,0.001000,0.001000,0.001000
1021.692308,0.049980,0.001000,0.001000,0.001000,0.001000,0.001000
1021.711538,0.049918,0.001000,0.001000,0.001000,0.001000,0.001000
1021.730769,0.049813,0.001000,0.001000,0.001000,0.001000,0.001000
1021.750000,0.049665,0.001000,0.001000,0.001000,0.001000,0.001000
1021.769231,0.049474,0.001000,0.001000,0.001000,0.001000,0.001000
1021.788462,0.049242,0.001000,0.001000,0.001000,0.001000,0.001000
1021.807692,0.048967,0.001000,0.001000,0.001000,0.001000,0.001000
1021.826923,0.048650,0.001000,0.001000,0.001000,0.001000,0.001000
1021.846154,0.048291,0.001000,0.001000,0.001000,0.001000,0.001000
1021.865385,0.047891,0.001000,0.001000,0.001000,0.001000,0.001000
1021.884615,0.047450,0.001000,0.001000,0.001000,0.001000,0.001000
1021.903846,0.046968,0.001000,0.001000,0.001000,0.001000,0.001000
1021.923077,0.046447,0.001000,0.001000,0.001000,0.001000,0.001000
1021.942308,0.045885,0.001000,0.001000,0.001000,0.001000,0.001000
1021.961538,0.045284,0.001000,0.001000,0.001000,0.001000,0.001000
1021.980769,0.044644,0.001000,0.001000,0.001000,0.001000,0.001000
1022.000000,0.043966,0.001000,0.001000,0.001000,0.001000,0.001000
1022.019231,0.043251,0.001000,0.001000,0.001000,0.001000,0.001000
1022.038462,0.042498,0.001000,0.001000,0.001000,0.001000,0.001000
1022.057692,0.041709,0.001000,0.001000,0.001000,0.001000,0.001000
1022.076923,0.040884,0.001000,0.001000,0.001000,0.001000,0.001000
1022.096154,0.040024,0.001000,0.001000,0.001000,0.001000,0.001000
1022.115385,0.039130,0.001000,0.001000,0.001000,0.001000,0.001000
1022.134615,0.038202,0.001000,0.001000,0.001000,0.001000,0.001000
1022.153846,0.037242,0.001000,0.001000,0.001000,0.001000,0.001000
1022.173077,0.036250,0.001000,0.001000,0.001000,0.001000,0.001000
1022.192308,0.035227,0.001000,0.001000,0.001000,0.001000,0.001000
1022.211538,0.034173,0.001000,0.001000,0.001000,0.001000,0.001000
1022.230769,0.033090,0.001000,0.001000,0.001000,0.001000,0.001000
1022.250000,0.031979,0.001000,0.001000,0.001000,0.001000,0.001000
1022.269231,0.030841,0.001000,0.001000,0.001000,0.001000,0.001000
1022.288462,0.029676,0.001000,0.001000,0.001000,0.001000,0.001000
1022.307692,0.028485,0.001000,0.001000,0.001000,0.001000,0.001000
1022.326923,0.027271,0.001000,0.001000,0.001000,0.001000,0.001000
1022.346154,0.026033,0.001000,0.001000,0.001000,0.001000,0.001000
1022.365385,0.024772,0.001000,0.001000,0.001000,0.001000,0.001000
1022.384615,0.023491,0.001000,0.001000,0.001000,0.001000,0.001000
1022.403846,0.022189,0.001000,0.001000,0.001000,0.001000,0.001000
1022.423077,0.020868,0.001000,0.001000,0.001000,0.001000,0.001000
1022.442308,0.019530,0.001000,0.001000,0.001000,0.001000,0.001000
1022.461538,0.018174,0.001000,0.001000,0.001000,0.001000,0.001000
1022.480769,0.016803,0.001000,0.001000,0.001000,0.001000,0.001000
1022.500000,0.015418,0.001000,0.001000,0.001000,0.001000,0.001000
1022.519231,0.014019,0.001000,0.001000,0.001000,0.001000,0.001000
1022.538462,0.012609,0.001000,0.001000,0.001000,0.001000,0.001000
1022.557692,0.011188,0.001000,0.001000,0.001000,0.001000,0.001000
1022.576923,0.009757,0.001000,0.001000,0.001000,0.001000,0.001000
1022.596154,0.008317,0.001000,0.001000,0.001000,0.001000,0.001000
1022.615385,0.006871,0.001000,0.001000,0.001000,0.001000,0.001000
1022.634615,0.005419,0.001000,0.001000,0.001000,0.001000,0.001000
1022.653846,0.003962,0.001000,0.001000,0.001000,0.001000,0.001000
1022.673077,0.002502,0.001000,0.001000,0.001000,0.001000,0.001000
1022.692308,0.001039,0.001000,0.001000,0.001000,0.001000,0.001000
1022.711538,-0.000424,0.001000,0.001000,0.001000,0.001000,0.001000
1022.730769,-0.001887,0.001000,0.001000,0.001000,0.001000,0.001000
1022.750000,-0.003349,0.001000,0.001000,0.001000,0.001000,0.001000
1022.769231,-0.004807,0.001000,0.001000,0.001000,0.001000,0.001000
1022.788462,-0.006261,0.001000,0.001000,0.001000,0.001000,0.001000
1022.807692,-0.007710,0.001000,0.001000,0.001000,0.001000,0.001000
1022.826923,-0.009153,0.001000,0.001000,0.001000,0.001000,0.001000
1022.846154,-0.010587,0.001000,0.001000,0.001000,0.001000,0.001000
1022.865385,-0.012013,0.001000,0.001000,0.001000,0.001000,0.001000
1022.884615,-0.013428,0.001000,0.001000,0.001000,0.001000,0.001000
1022.903846,-0.014832,0.001000,0.001000,0.001000,0.001000,0.001000
1022.923077,-0.016223,0.001000,0.001000,0.001000,0.001000,0.001000
1022.942308,-0.017600,0.001000,0.001000,0.001000,0.001000,0.001000
1022.961538,-0.018962,0.001000,0.001000,0.001000,0.001000,0.001000
1022.980769,-0.020308,0.001000,0.001000,0.001000,0.001000,0.001000
1023.000000,-0.021636,0.001000,0.001000,0.001000,0.001000,0.001000
1023.019231,-0.022946,0.001000,0.001000,0.001000,0.001000,0.001000
1023.038462,-0.024236,0.001000,0.001000,0.001000,0.001000,0.001000
1023.057692,-0.025506,0.001000,0.001000,0.001000,0.001000,0.001000
1023.076923,-0.026753,0.001000,0.001000,0.001000,0.001000,0.001000
1023.096154,-0.027978,0.001000,0.001000,0.001000,0.001000,0.001000
1023.115385,-0.029179,0.001000,0.001000,0.001000,0.001000,0.001000
1023.134615,-0.030354,0.001000,0.001000,0.001000,0.001000,0.001000
1023.153846,-0.031504,0.001000,0.001000,0.001000,0.001000,0.001000
1023.173077,-0.032627,0.001000,0.001000,0.001000,0.001000,0.001000
1023.192308,-0.033722,0.001000,0.001000,0.001000,0.001000,0.001000
1023.211538,-0.034788,0.001000,0.001000,0.001000,0.001000,0.001000
1023.230769,-0.035824,0.001000,0.001000,0.001000,0.001000,0.001000
1023.250000,-0.036829,0.001000,0.001000,0.001000,0.001000,0.001000
1023.269231,-0.037803,0.001000,0.001000,0.001000,0.001000,0.001000
1023.288462,-0.038744,0.001000,0.001000,0.001000,0.001000,0.001000
1023.307692,-0.039653,0.001000,0.001000,0.001000,0.001000,0.001000
1023.326923,-0.040527,0.001000,0.001000,0.001000,0.001000,0.001000
1023.346154,-0.041367,0.001000,0.001000,0.001000,0.001000,0.001000
1023.365385,-0.042171,0.001000,0.001000,0.001000,0.001000,0.001000
1023.384615,-0.042939,0.001000,0.001000,0.001000,0.001000,0.001000
1023.403846,-0.043670,0.001000,0.001000,0.001000,0.001000,0.001000
1023.423077,-0.044364,0.001000,0.001000,0.001000,0.001000,0.001000
1023.442308,-0.045020,0.001000,0.001000,0.001000,0.001000,0.001000
1023.461538,-0.045637,0.001000,0.001000,0.001000,0.001000,0.001000
1023.480769,-0.046215,0.001000,0.001000,0.001000,0.001000,0.001000
1023.500000,-0.046754,0.001000,0.001000,0.001000,0.001000,0.001000
1023.519231,-0.047253,0.001000,0.001000,0.001000,0.001000,0.001000
1023.538462,-0.047711,0.001000,0.001000,0.001000,0.001000,0.001000
1023.557692,-0.048128,0.001000,0.001000,0.001000,0.001000,0.001000
1023.576923,-0.048504,0.001000,0.001000,0.001000,0.001000,0.001000
1023.596154,-0.048839,0.001000,0.001000,0.001000,0.001000,0.001000
1023.615385,-0.049131,0.001000,0.001000,0.001000,0.001000,0.001000
1023.634615,-0.049382,0.001000,0.001000,0.001000,0.001000,0.001000
1023.653846,-0.049590,0.001000,0.001000,0.001000,0.001000,0.001000
1023.673077,-0.049756,0.001000,0.001000,0.001000,0.001000,0.001000
1023.692308,-0.049879,0.001000,0.001000,0.001000,0.001000,0.001000
1023.711538,-0.049959,0.001000,0.001000,0.001000,0.001000,0.001000
1023.730769,-0.049997,0.001000,0.001000,0.001000,0.001000,0.001000
1023.750000,-0.049992,0.001000,0.001000,0.001000,0.001000,0.001000
1023.769231,-0.049944,0.001000,0.001000,0.001000,0.001000,0.001000
1023.788462,-0.049853,0.001000,0.001000,0.001000,0.001000,0.001000
1023.807692,-0.049719,0.001000,0.001000,0.001000,0.001000,0.001000
1023.826923,-0.049543,0.001000,0.001000,0.001000,0.001000,0.001000
1023.846154,-0.049325,0.001000,0.001000,0.001000,0.001000,0.001000
1023.865385,-0.049064,0.001000,0.001000,0.001000,0.001000,0.001000
1023.884615,-0.048761,0.001000,0.001000,0.001000,0.001000,0.001000
1023.903846,-0.048417,0.001000,0.001000,0.001000,0.001000,0.001000
1023.923077,-0.048031,0.001000,0.001000,0.001000,0.001000,0.001000
1023.942308,-0.047603,0.001000,0.001000,0.001000,0.001000,0.001000
1023.961538,-0.047135,0.001000,0.001000,0.001000,0.001000,0.001000
1023.980769,-0.046627,0.001000,0.001000,0.001000,0.001000,0.001000
1024.000000,-0.046079,0.001000,0.001000,0.001000,0.001000,0.001000
1024.019231,-0.045491,0.001000,0.001000,0.001000,0.001000,0.001000
1024.038462,-0.044864,0.001000,0.001000,0.001000,0.001000,0.001000
1024.057692,-0.044199,0.001000,0.001000,0.001000,0.001000,0.001000
1024.076923,-0.043496,0.001000,0.001000,0.001000,0.001000,0.001000
1024.096154,-0.042756,0.001000,0.001000,0.001000,0.001000,0.001000
1024.115385,-0.041979,0.001000,0.001000,0.001000,0.001000,0.001000
1024.134615,-0.041166,0.001000,0.001000,0.001000,0.001000,0.001000
1024.153846,-0.040318,0.001000,0.001000,0.001000,0.001000,0.001000
1024.173077,-0.039435,0.001000,0.001000,0.001000,0.001000,0.001000
1024.192308,-0.038519,0.001000,0.001000,0.001000,0.001000,0.001000
1024.211538,-0.037570,0.001000,0.001000,0.001000,0.001000,0.001000
1024.230769,-0.036588,0.001000,0.001000,0.001000,0.001000,0.001000
1024.250000,-0.035575,0.001000,0.001000,0.001000,0.001000,0.001000
1024.269231,-0.034532,0.001000,0.001000,0.001000,0.001000,0.001000
1024.288462,-0.033459,0.001000,0.001000,0.001000,0.001000,0.001000
1024.307692,-0.032357,0.001000,0.001000,0.001000,0.001000,0.001000
1024.326923,-0.031228,0.001000,0.001000,0.001000,0.001000,0.001000
1024.346154,-0.030072,0.001000,0.001000,0.001000,0.001000,0.001000
1024.365385,-0.028890,0.001000,0.001000,0.001000,0.001000,0.001000
1024.384615,-0.027683,0.001000,0.001000,0.001000,0.001000,0.001000
1024.403846,-0.026453,0.001000,0.001000,0.001000,0.001000,0.001000
1024.423077,-0.025200,0.001000,0.001000,0.001000,0.001000,0.001000
1024.442308,-0.023925,0.001000,0.001000,0.001000,0.001000,0.001000
1024.461538,-0.022630,0.001000,0.001000,0.001000,0.001000,0.001000
1024.480769,-0.021316,0.001000,0.001000,0.001000,0.001000,0.001000
1024.500000,-0.019983,0.001000,0.001000,0.001000,0.001000,0.001000
1024.519231,-0.018633,0.001000,0.001000,0.001000,0.001000,0.001000
1024.538462,-0.017267,0.001000,0.001000,0.001000,0.001000,0.001000
1024.557692,-0.015887,0.001000,0.001000,0.001000,0.001000,0.001000
1024.576923,-0.014493,0.001000,0.001000,0.001000,0.001000,0.001000
1024.596154,-0.013086,0.001000,0.001000,0.001000,0.001000,0.001000
1024.615385,-0.011668,0.001000,0.001000,0.001000,0.001000,0.001000
1024.634615,-0.010240,0.001000,0.001000,0.001000,0.001000,0.001000
1024.653846,-0.008804,0.001000,0.001000,0.001000,0.001000,0.001000
1024.673077,-0.007360,0.001000,0.001000,0.001000,0.001000,0.001000
1024.692308,-0.005909,0.001000,0.001000,0.001000,0.001000,0.001000
1024.711538,-0.004454,0.001000,0.001000,0.001000,0.001000,0.001000
1024.730769,-0.002994,0.001000,0.001000,0.001000,0.001000,0.001000
1024.750000,-0.001533,0.001000,0.001000,0.001000,0.001000,0.001000
1024.769231,-0.000069,0.001000,0.001000,0.001000,0.001000,0.001000
1024.788462,0.001394,0.001000,0.001000,0.001000,0.001000,0.001000
1024.807692,0.002856,0.001000,0.001000,0.001000,0.001000,0.001000
1024.826923,0.004316,0.001000,0.001000,0.001000,0.001000,0.001000
1024.846154,0.005771,0.001000,0.001000,0.001000,0.001000,0.001000
1024.865385,0.007222,0.001000,0.001000,0.001000,0.001000,0.001000
1024.884615,0.008667,0.001000,0.001000,0.001000,0.001000,0.001000
1024.903846,0.010105,0.001000,0.001000,0.001000,0.001000,0.001000
1024.923077,0.011533,0.001000,0.001000,0.001000,0.001000,0.001000
1024.942308,0.012952,0.001000,0.001000,0.001000,0.001000,0.001000
1024.961538,0.014360,0.001000,0.001000,0.001000,0.001000,0.001000
1024.980769,0.015755,0.001000,0.001000,0.001000,0.001000,0.001000
1025.000000,0.017137,0.001000,0.001000,0.001000,0.001000,0.001000
1025.019231,0.018504,0.001000,0.001000,0.001000,0.001000,0.001000
1025.038462,0.019856,0.001000,0.001000,0.001000,0.001000,0.001000
1025.057692,0.021190,0.001000,0.001000,0.001000,0.001000,0.001000
1025.076923,0.022506,0.001000,0.001000,0.001000,0.001000,0.001000
1025.096154,0.023803,0.001000,0.001000,0.001000,0.001000,0.001000
1025.115385,0.025080,0.001000,0.001000,0.001000,0.001000,0.001000
1025.134615,0.026335,0.001000,0.001000,0.001000,0.001000,0.001000
1025.153846,0.027568,0.001000,0.001000,0.001000,0.001000,0.001000
1025.173077,0.028776,0.001000,0.001000,0.001000,0.001000,0.001000
1025.192308,0.029961,0.001000,0.001000,0.001000,0.001000,0.001000
1025.211538,0.031119,0.001000,0.001000,0.001000,0.001000,0.001000
1025.230769,0.032251,0.001000,0.001000,0.001000,0.001000,0.001000
1025.250000,0.033356,0.001000,0.001000,0.001000,0.001000,0.001000
1025.269231,0.034431,0.001000,0.001000,0.001000,0.001000,0.001000
1025.288462,0.035478,0.001000,0.001000,0.001000,0.001000,0.001000
1025.307692,0.036493,0.001000,0.001000,0.001000,0.001000,0.001000
1025.326923,0.037478,0.001000,0.001000,0.001000,0.001000,0.001000
1025.346154,0.038431,0.001000,0.001000,0.001000,0.001000,0.001000
1025.365385,0.039350,0.001000,0.001000,0.001000,0.001000,0.001000
1025.384615,0.040236,0.001000,0.001000,0.001000,0.001000,0.001000
1025.403846,0.041087,0.001000,0.001000,0.001000,0.001000,0.001000
1025.423077,0.041904,0.001000,0.001000,0.001000,0.001000,0.001000
1025.442308,0.042684,0.001000,0.001000,0.001000,0.001000,0.001000
1025.461538,0.043428,0.001000,0.001000,0.001000,0.001000,0.001000
1025.480769,0.044134,0.001000,0.001000,0.001000,0.001000,0.001000
1025.500000,0.044803,0.001000,0.001000,0.001000,0.001000,0.001000
1025.519231,0.045433,0.001000,0.001000,0.001000,0.001000,0.001000
1025.538462,0.046025,0.001000,0.001000,0.001000,0.001000,0.001000
1025.557692,0.046577,0.001000,0.001000,0.001000,0.001000,0.001000
1025.576923,0.047089,0.001000,0.001000,0.001000,0.001000,0.001000
1025.596154,0.047561,0.001000,0.001000,0.001000,0.001000,0.001000
1025.615385,0.047992,0.001000,0.001000,0.001000,0.001000,0.001000
1025.634615,0.048382,0.001000,0.001000,0.001000,0.001000,0.001000
1025.653846,0.048730,0.001000,0.001000,0.001000,0.001000,0.001000
1025.673077,0.049037,0.001000,0.001000,0.001000,0.001000,0.001000
1025.692308,0.049302,0.001000,0.001000,0.001000,0.001000,0.001000
1025.711538,0.049524,0.001000,0.001000,0.001000,0.001000,0.001000
1025.730769,0.049705,0.001000,0.001000,0.001000,0.001000,0.001000
1025.750000,0.049842,0.001000,0.001000,0.001000,0.001000,0.001000
1025.769231,0.049937,0.001000,0.001000,0.001000,0.001000,0.001000
1025.788462,0.049989,0.001000,0.001000,0.001000,0.001000,0.001000
1025.807692,0.049998,0.001000,0.001000,0.001000,0.001000,0.001000
1025.826923,0.049965,0.001000,0.001000,0.001000,0.001000,0.001000
1025.846154,0.049888,0.001000,0.001000,0.001000,0.001000,0.001000
1025.865385,0.049769,0.001000,0.001000,0.001000,0.001000,0.001000
1025.884615,0.049607,0.001000,0.001000,0.001000,0.001000,0.001000
1025.903846,0.049403,0.001000,0.001000,0.001000,0.001000,0.001000
1025.923077,0.049157,0.001000,0.001000,0.001000,0.001000,0.001000
1025.942308,0.048868,0.001000,0.001000,0.001000,0.001000,0.001000
1025.961538,0.048538,0.001000,0.001000,0.001000,0.001000,0.001000
1025.980769,0.048165,0.001000,0.001000,0.001000,0.001000,0.001000
1026.000000,0.047752,0.001000,0.001000,0.001000,0.001000,0.001000
1026.019231,0.047298,0.001000,0.001000,0.001000,0.001000,0.001000
1026.038462,0.046803,0.001000,0.001000,0.001000,0.001000,0.001000
1026.057692,0.046268,0.001000,0.001000,0.001000,0.001000,0.001000
1026.076923,0.045694,0.001000,0.001000,0.001000,0.001000,0.001000
1026.096154,0.045080,0.001000,0.001000,0.001000,0.001000,0.001000
1026.115385,0.044428,0.001000,0.001000,0.001000,0.001000,0.001000
1026.134615,0.043738,0.001000,0.001000,0.001000,0.001000,0.001000
1026.153846,0.043010,0.001000,0.001000,0.001000,0.001000,0.001000
1026.173077,0.042245,0.001000,0.001000,0.001000,0.001000,0.001000
1026.192308,0.041444,0.001000,0.001000,0.001000,0.001000,0.001000
1026.211538,0.040608,0.001000,0.001000,0.001000,0.001000,0.001000
1026.230769,0.039737,0.001000,0.001000,0.001000,0.001000,0.001000
1026.250000,0.038832,0.001000,0.001000,0.001000,0.001000,0.001000
1026.269231,0.037894,0.001000,0.001000,0.001000,0.001000,0.001000
1026.288462,0.036923,0.001000,0.001000,0.001000,0.001000,0.001000
1026.307692,0.035920,0.001000,0.001000,0.001000,0.001000,0.001000
1026.326923,0.034887,0.001000,0.001000,0.001000,0.001000,0.001000
1026.346154,0.033824,0.001000,0.001000,0.001000,0.001000,0.001000
1026.365385,0.032732,0.001000,0.001000,0.001000,0.001000,0.001000
1026.384615,0.031612,0.001000,0.001000,0.001000,0.001000,0.001000
1026.403846,0.030464,0.001000,0.001000,0.001000,0.001000,0.001000
1026.423077,0.029291,0.001000,0.001000,0.001000,0.001000,0.001000
1026.442308,0.028093,0.001000,0.001000,0.001000,0.001000,0.001000
1026.461538,0.026870,0.001000,0.001000,0.001000,0.001000,0.001000
1026.480769,0.025625,0.001000,0.001000,0.001000,0.001000,0.001000
1026.500000,0.024357,0.001000,0.001000,0.001000,0.001000,0.001000
1026.519231,0.023069,0.001000,0.001000,0.001000,0.001000,0.001000
1026.538462,0.021761,0.001000,0.001000,0.001000,0.001000,0.001000
1026.557692,0.020434,0.001000,0.001000,0.001000,0.001000,0.001000
1026.576923,0.019090,0.001000,0.001000,0.001000,0.001000,0.001000
1026.596154,0.017730,0.001000,0.001000,0.001000,0.001000,0.001000
1026.615385,0.016354,0.001000,0.001000,0.001000,0.001000,0.001000
1026.634615,0.014964,0.001000,0.001000,0.001000,0.001000,0.001000
1026.653846,0.013562,0.001000,0.001000,0.001000,0.001000,0.001000
1026.673077,0.012147,0.001000,0.001000,0.001000,0.001000,0.001000
1026.692308,0.010723,0.001000,0.001000,0.001000,0.001000,0.001000
1026.711538,0.009289,0.001000,0.001000,0.001000,0.001000,0.001000
1026.730769,0.007847,0.001000,0.001000,0.001000,0.001000,0.001000
1026.750000,0.006399,0.001000,0.001000,0.001000,0.001000,0.001000
1026.769231,0.004945,0.001000,0.001000,0.001000,0.001000,0.001000
1026.788462,0.003487,0.001000,0.001000,0.001000,0.001000,0.001000
1026.807692,0.002026,0.001000,0.001000,0.001000,0.001000,0.001000
1026.826923,0.000563,0.001000,0.001000,0.001000,0.001000,0.001000
1026.846154,-0.000900,0.001000,0.001000,0.001000,0.001000,0.001000
1026.865385,-0.002363,0.001000,0.001000,0.001000,0.001000,0.001000
1026.884615,-0.003824,0.001000,0.001000,0.001000,0.001000,0.001000
1026.903846,-0.005281,0.001000,0.001000,0.001000,0.001000,0.001000
1026.923077,-0.006734,0.001000,0.001000,0.001000,0.001000,0.001000
1026.942308,-0.008181,0.001000,0.001000,0.001000,0.001000,0.001000
1026.961538,-0.009621,0.001000,0.001000,0.001000,0.001000,0.001000
1026.980769,-0.011052,0.001000,0.001000,0.001000,0.001000,0.001000
1027.000000,-0.012475,0.001000,0.001000,0.001000,0.001000,0.001000
1027.019231,-0.013886,0.001000,0.001000,0.001000,0.001000,0.001000
1027.038462,-0.015286,0.001000,0.001000,0.001000,0.001000,0.001000
1027.057692,-0.016673,0.001000,0.001000,0.001000,0.001000,0.001000
1027.076923,-0.018045,0.001000,0.001000,0.001000,0.001000,0.001000
1027.096154,-0.019402,0.001000,0.001000,0.001000,0.001000,0.001000
1027.115385,-0.020742,0.001000,0.001000,0.001000,0.001000,0.001000
1027.134615,-0.022065,0.001000,0.001000,0.001000,0.001000,0.001000
1027.153846,-0.023368,0.001000,0.001000,0.001000,0.001000,0.001000
1027.173077,-0.024652,0.001000,0.001000,0.001000,0.001000,0.001000
1027.192308,-0.025914,0.001000,0.001000,0.001000,0.001000,0.001000
1027.211538,-0.027154,0.001000,0.001000,0.001000,0.001000,0.001000
1027.230769,-0.028371,0.001000,0.001000,0.001000,0.001000,0.001000
1027.250000,-0.029564,0.001000,0.001000,0.001000,0.001000,0.001000
1027.269231,-0.030731,0.001000,0.001000,0.001000,0.001000,0.001000
1027.288462,-0.031872,0.001000,0.001000,0.001000,0.001000,0.001000
1027.307692,-0.032986,0.001000,0.001000,0.001000,0.001000,0.001000
1027.326923,-0.034072,0.001000,0.001000,0.001000,0.001000,0.001000
1027.346154,-0.035128,0.001000,0.001000,0.001000,0.001000,0.001000
1027.365385,-0.036154,0.001000,0.001000,0.001000,0.001000,0.001000
1027.384615,-0.037149,0.001000,0.001000,0.001000,0.001000,0.001000
1027.403846,-0.038113,0.001000,0.001000,0.001000,0.001000,0.001000
1027.423077,-0.039044,0.001000,0.001000,0.001000,0.001000,0.001000
1027.442308,-0.039941,0.001000,0.001000,0.001000,0.001000,0.001000
1027.461538,-0.040804,0.001000,0.001000,0.001000,0.001000,0.001000
1027.480769,-0.041632,0.001000,0.001000,0.001000,0.001000,0.001000
1027.500000,-0.042425,0.001000,0.001000,0.001000,0.001000,0.001000
1027.519231,-0.043181,0.001000,0.001000,0.001000,0.001000,0.001000
1027.538462,-0.043900,0.001000,0.001000,0.001000,0.001000,0.001000
1027.557692,-0.044582,0.001000,0.001000,0.001000,0.001000,0.001000
1027.576923,-0.045225,0.001000,0.001000,0.001000,0.001000,0.001000
1027.596154,-0.045830,0.001000,0.001000,0.001000,0.001000,0.001000
1027.615385,-0.046395,0.001000,0.001000,0.001000,0.001000,0.001000
1027.634615,-0.046921,0.001000,0.001000,0.001000,0.001000,0.001000
1027.653846,-0.047406,0.001000,0.001000,0.001000,0.001000,0.001000
1027.673077,-0.047851,0.001000,0.001000,0.001000,0.001000,0.001000
1027.692308,-0.048255,0.001000,0.001000,0.001000,0.001000,0.001000
1027.711538,-0.048617,0.001000,0.001000,0.001000,0.001000,0.001000
1027.730769,-0.048938,0.001000,0.001000,0.001000,0.001000,0.001000
1027.750000,-0.049217,0.001000,0.001000,0.001000,0.001000,0.001000
1027.769231,-0.049454,0.001000,0.001000,0.001000,0.001000,0.001000
1027.788462,-0.049649,0.001000,0.001000,0.001000,0.001000,0.001000
1027.807692,-0.049800,0.001000,0.001000,0.001000,0.001000,0.001000
1027.826923,-0.049910,0.001000,0.001000,0.001000,0.001000,0.001000
1027.846154,-0.049976,0.001000,0.001000,0.001000,0.001000,0.001000
1027.865385,-0.050000,0.001000,0.001000,0.001000,0.001000,0.001000
1027.884615,-0.049981,0.001000,0.001000,0.001000,0.001000,0.001000
1027.903846,-0.049919,0.001000,0.001000,0.001000,0.001000,0.001000
1027.923077,-0.049814,0.001000,0.001000,0.001000,0.001000,0.001000
1027.942308,-0.049667,0.001000,0.001000,0.001000,0.001000,0.001000
1027.961538,-0.049477,0.001000,0.001000,0.001000,0.001000,0.001000
1027.980769,-0.049245,0.001000,0.001000,0.001000,0.001000,0.001000
1028.000000,-0.048970,0.001000,0.001000,0.001000,0.001000,0.001000
1028.019231,-0.048654,0.001000,0.001000,0.001000,0.001000,0.001000
1028.038462,-0.048296,0.001000,0.001000,0.001000,0.001000,0.001000
1028.057692,-0.047896,0.001000,0.001000,0.001000,0.001000,0.001000
1028.076923,-0.047456,0.001000,0.001000,0.001000,0.001000,0.001000
1028.096154,-0.046974,0.001000,0.001000,0.001000,0.001000,0.001000
1028.115385,-0.046453,0.001000,0.001000,0.001000,0.001000,0.001000
1028.134615,-0.045892,0.001000,0.001000,0.001000,0.001000,0.001000
1028.153846,-0.045291,0.001000,0.001000,0.001000,0.001000,0.001000
1028.173077,-0.044652,0.001000,0.001000,0.001000,0.001000,0.001000
1028.192308,-0.043975,0.001000,0.001000,0.001000,0.001000,0.001000
1028.211538,-0.043259,0.001000,0.001000,0.001000,0.001000,0.001000
1028.230769,-0.042507,0.001000,0.001000,0.001000,0.001000,0.001000
1028.250000,-0.041718,0.001000,0.001000,0.001000,0.001000,0.001000
1028.269231,-0.040894,0.001000,0.001000,0.001000,0.001000,0.001000
1028.288462,-0.040035,0.001000,0.001000,0.001000,0.001000,0.001000
1028.307692,-0.039141,0.001000,0.001000,0.001000,0.001000,0.001000
1028.326923,-0.038214,0.001000,0.001000,0.001000,0.001000,0.001000
1028.346154,-0.037254,0.001000,0.001000,0.001000,0.001000,0.001000
1028.365385,-0.036262,0.001000,0.001000,0.001000,0.001000,0.001000
1028.384615,-0.035239,0.001000,0.001000,0.001000,0.001000,0.001000
1028.403846,-0.034186,0.001000,0.001000,0.001000,0.001000,0.001000
1028.423077,-0.033103,0.001000,0.001000,0.001000,0.001000,0.001000
1028.442308,-0.031993,0.001000,0.001000,0.001000,0.001000,0.001000
1028.461538,-0.030854,0.001000,0.001000,0.001000,0.001000,0.001000
1028.480769,-0.029690,0.001000,0.001000,0.001000,0.001000,0.001000
1028.500000,-0.028500,0.001000,0.001000,0.001000,0.001000,0.001000
1028.519231,-0.027285,0.001000,0.001000,0.001000,0.001000,0.001000
1028.538462,-0.026047,0.001000,0.001000,0.001000,0.001000,0.001000
1028.557692,-0.024787,0.001000,0.001000,0.001000,0.001000,0.001000
1028.576923,-0.023506,0.001000,0.001000,0.001000,0.001000,0.001000
1028.596154,-0.022204,0.001000,0.001000,0.001000,0.001000,0.001000
1028.615385,-0.020884,0.001000,0.001000,0.001000,0.001000,0.001000
1028.634615,-0.019545,0.001000,0.001000,0.001000,0.001000,0.001000
1028.653846,-0.018190,0.001000,0.001000,0.001000,0.001000,0.001000
1028.673077,-0.016820,0.001000,0.001000,0.001000,0.001000,0.001000
1028.692308,-0.015434,0.001000,0.001000,0.001000,0.001000,0.001000
1028.711538,-0.014036,0.001000,0.001000,0.001000,0.001000,0.001000
1028.730769,-0.012626,0.001000,0.001000,0.001000,0.001000,0.001000
1028.750000,-0.011204,0.001000,0.001000,0.001000,0.001000,0.001000
1028.769231,-0.009774,0.001000,0.001000,0.001000,0.001000,0.001000
1028.788462,-0.008335,0.001000,0.001000,0.001000,0.001000,0.001000
1028.807692,-0.006888,0.001000,0.001000,0.001000,0.001000,0.001000
1028.826923,-0.005436,0.001000,0.001000,0.001000,0.001000,0.001000
1028.846154,-0.003979,0.001000,0.001000,0.001000,0.001000,0.001000
1028.865385,-0.002519,0.001000,0.001000,0.001000,0.001000,0.001000
1028.884615,-0.001056,0.001000,0.001000,0.001000,0.001000,0.001000
1028.903846,0.000407,0.001000,0.001000,0.001000,0.001000,0.001000
1028.923077,0.001870,0.001000,0.001000,0.001000,0.001000,0.001000
1028.942308,0.003331,0.001000,0.001000,0.001000,0.001000,0.001000
1028.961538,0.004790,0.001000,0.001000,0.001000,0.001000,0.001000
1028.980769,0.006244,0.001000,0.001000,0.001000,0.001000,0.001000
1029.000000,0.007693,0.001000,0.001000,0.001000,0.001000,0.001000
1029.019231,0.009136,0.001000,0.001000,0.001000,0.001000,0.001000
1029.038462,0.010571,0.001000,0.001000,0.001000,0.001000,0.001000
1029.057692,0.011996,0.001000,0.001000,0.001000,0.001000,0.001000
1029.076923,0.013411,0.001000,0.001000,0.001000,0.001000,0.001000
1029.096154,0.014815,0.001000,0.001000,0.001000,0.001000,0.001000
1029.115385,0.016206,0.001000,0.001000,0.001000,0.001000,0.001000
1029.134615,0.017584,0.001000,0.001000,0.001000,0.001000,0.001000
1029.153846,0.018946,0.001000,0.001000,0.001000,0.001000,0.001000
1029.173077,0.020292,0.001000,0.001000,0.001000,0.001000,0.001000
1029.192308,0.021621,0.001000,0.001000,0.001000,0.001000,0.001000
1029.211538,0.022931,0.001000,0.001000,0.001000,0.001000,0.001000
1029.230769,0.024221,0.001000,0.001000,0.001000,0.001000,0.001000
1029.250000,0.025491,0.001000,0.001000,0.001000,0.001000,0.001000
1029.269231,0.026739,0.001000,0.001000,0.001000,0.001000,0.001000
1029.288462,0.027964,0.001000,0.001000,0.001000,0.001000,0.001000
1029.307692,0.029165,0.001000,0.001000,0.001000,0.001000,0.001000
1029.326923,0.030341,0.001000,0.001000,0.001000,0.001000,0.001000
1029.346154,0.031491,0.001000,0.001000,0.001000,0.001000,0.001000
1029.365385,0.032614,0.001000,0.001000,0.001000,0.001000,0.001000
1029.384615,0.033709,0.001000,0.001000,0.001000,0.001000,0.001000
1029.403846,0.034775,0.001000,0.001000,0.001000,0.001000,0.001000
1029.423077,0.035812,0.001000,0.001000,0.001000,0.001000,0.001000
1029.442308,0.036817,0.001000,0.001000,0.001000,0.001000,0.001000
1029.461538,0.037792,0.001000,0.001000,0.001000,0.001000,0.001000
1029.480769,0.038733,0.001000,0.001000,0.001000,0.001000,0.001000
1029.500000,0.039642,0.001000,0.001000,0.001000,0.001000,0.001000
1029.519231,0.040517,0.001000,0.001000,0.001000,0.001000,0.001000
1029.538462,0.041357,0.001000,0.001000,0.001000,0.001000,0.001000
1029.557692,0.042162,0.001000,0.001000,0.001000,0.001000,0.001000
1029.576923,0.042930,0.001000,0.001000,0.001000,0.001000,0.001000
1029.596154,0.043662,0.001000,0.001000,0.001000,0.001000,0.001000
1029.615385,0.044356,0.001000,0.001000,0.001000,0.001000,0.001000
1029.634615,0.045012,0.001000,0.001000,0.001000,0.001000,0.001000
1029.653846,0.045630,0.001000,0.001000,0.001000,0.001000,0.001000
1029.673077,0.046209,0.001000,0.001000,0.001000,0.001000,0.001000
1029.692308,0.046748,0.001000,0.001000,0.001000,0.001000,0.001000
1029.711538,0.047247,0.001000,0.001000,0.001000,0.001000,0.001000
1029.730769,0.047706,0.001000,0.001000,0.001000,0.001000,0.001000
1029.750000,0.048123,0.001000,0.001000,0.001000,0.001000,0.001000
1029.769231,0.048500,0.001000,0.001000,0.001000,0.001000,0.001000
1029.788462,0.048835,0.001000,0.001000,0.001000,0.001000,0.001000
1029.807692,0.049128,0.001000,0.001000,0.001000,0.001000,0.001000
1029.826923,0.049379,0.001000,0.001000,0.001000,0.001000,0.001000
1029.846154,0.049588,0.001000,0.001000,0.001000,0.001000,0.001000
1029.865385,0.049754,0.001000,0.001000,0.001000,0.001000,0.001000
1029.884615,0.049878,0.001000,0.001000,0.001000,0.001000,0.001000
1029.903846,0.049959,0.001000,0.001000,0.001000,0.001000,0.001000
1029.923077,0.049997,0.001000,0.001000,0.001000,0.001000,0.001000
1029.942308,0.049992,0.001000,0.001000,0.001000,0.001000,0.001000
1029.961538,0.049945,0.001000,0.001000,0.001000,0.001000,0.001000
1029.980769,0.049854,0.001000,0.001000,0.001000,0.001000,0.001000
1030.000000,0.000000,0.001000,0.001000,0.001000,0.001000,0.001000
1030.019231,0.001486,0.001000,0.001000,0.001000,0.001000,0.001000
1030.038462,0.002971,0.001000,0.001000,0.001000,0.001000,0.001000
1030.057692,0.004453,0.001000,0.001000,0.001000,0.001000,0.001000
1030.076923,0.005931,0.001000,0.001000,0.001000,0.001000,0.001000
1030.096154,0.007404,0.001000,0.001000,0.001000,0.001000,0.001000
1030.115385,0.008871,0.001000,0.001000,0.001000,0.001000,0.001000
1030.134615,0.010330,0.001000,0.001000,0.001000,0.001000,0.001000
1030.153846,0.011779,0.001000,0.001000,0.001000,0.001000,0.001000
1030.173077,0.013218,0.001000,0.001000,0.001000,0.001000,0.001000
1030.192308,0.014646,0.001000,0.001000,0.001000,0.001000,0.001000
1030.211538,0.016060,0.001000,0.001000,0.001000,0.001000,0.001000
1030.230769,0.017460,0.001000,0.001000,0.001000,0.001000,0.001000
1030.250000,0.018845,0.001000,0.001000,0.001000,0.001000,0.001000
1030.269231,0.020214,0.001000,0.001000,0.001000,0.001000,0.001000
1030.288462,0.021564,0.001000,0.001000,0.001000,0.001000,0.001000
1030.307692,0.022895,0.001000,0.001000,0.001000,0.001000,0.001000
1030.326923,0.024206,0.001000,0.001000,0.001000,0.001000,0.001000
1030.346154,0.025496,0.001000,0.001000,0.001000,0.001000,0.001000
1030.365385,0.026763,0.001000,0.001000,0.001000,0.001000,0.001000
1030.384615,0.028007,0.001000,0.001000,0.001000,0.001000,0.001000
1030.403846,0.029225,0.001000,0.001000,0.001000,0.001000,0.001000
1030.423077,0.030418,0.001000,0.001000,0.001000,0.001000,0.001000
1030.442308,0.031584,0.001000,0.001000,0.001000,0.001000,0.001000
1030.461538,0.032722,0.001000,0.001000,0.001000,0.001000,0.001000
1030.480769,0.033832,0.001000,0.001000,0.001000,0.001000,0.001000
1030.500000,0.034911,0.001000,0.001000,0.001000,0.001000,0.001000
1030.519231,0.035959,0.001000,0.001000,0.001000,0.001000,0.001000
1030.538462,0.036976,0.001000,0.001000,0.001000,0.001000,0.001000
1030.557692,0.037960,0.001000,0.001000,0.001000,0.001000,0.001000
1030.576923,0.038911,0.001000,0.001000,0.001000,0.001000,0.001000
1030.596154,0.039827,0.001000,0.001000,0.001000,0.001000,0.001000
1030.615385,0.040708,0.001000,0.001000,0.001000,0.001000,0.001000
1030.634615,0.041553,0.001000,0.001000,0.001000,0.001000,0.001000
1030.653846,0.042361,0.001000,0.001000,0.001000,0.001000,0.001000
1030.673077,0.043132,0.001000,0.001000,0.001000,0.001000,0.001000
1030.692308,0.043864,0.001000,0.001000,0.001000,0.001000,0.001000
1030.711538,0.044558,0.001000,0.001000,0.001000,0.001000,0.001000
1030.730769,0.045213,0.001000,0.001000,0.001000,0.001000,0.001000
1030.750000,0.045827,0.001000,0.001000,0.001000,0.001000,0.001000
1030.769231,0.046401,0.001000,0.001000,0.001000,0.001000,0.001000
1030.788462,0.046935,0.001000,0.001000,0.001000,0.001000,0.001000
1030.807692,0.047426,0.001000,0.001000,0.001000,0.001000,0.001000
1030.826923,0.047876,0.001000,0.001000,0.001000,0.001000,0.001000
1030.846154,0.048283,0.001000,0.001000,0.001000,0.001000,0.001000
1030.865385,0.048648,0.001000,0.001000,0.001000,0.001000,0.001000
1030.884615,0.048970,0.001000,0.001000,0.001000,0.001000,0.001000
1030.903846,0.049248,0.001000,0.001000,0.001000,0.001000,0.001000
1030.923077,0.049483,0.001000,0.001000,0.001000,0.001000,0.001000
1030.942308,0.049675,0.001000,0.001000,0.001000,0.001000,0.001000
1030.961538,0.049822,0.001000,0.001000,0.001000,0.001000,0.001000
1030.980769,0.049925,0.001000,0.001000,0.001000,0.001000,0.001000
1031.000000,0.049984,0.001000,0.001000,0.001000,0.001000,0.001000
1031.019231,0.049999,0.001000,0.001000,0.001000,0.001000,0.001000
1031.038462,0.049970,0.001000,0.001000,0.001000,0.001000,0.001000
1031.057692,0.049897,0.001000,0.001000,0.001000,0.001000,0.001000
1031.076923,0.049780,0.001000,0.001000,0.001000,0.001000,0.001000
1031.096154,0.049618,0.001000,0.001000,0.001000,0.001000,0.001000
1031.115385,0.049413,0.001000,0.001000,0.001000,0.001000,0.001000
1031.134615,0.049164,0.001000,0.001000,0.001000,0.001000,0.001000
1031.153846,0.048872,0.001000,0.001000,0.001000,0.001000,0.001000
1031.173077,0.048536,0.001000,0.001000,0.001000,0.001000,0.001000
1031.192308,0.048158,0.001000,0.001000,0.001000,0.001000,0.001000
1031.211538,0.047737,0.001000,0.001000,0.001000,0.001000,0.001000
1031.230769,0.047274,0.001000,0.001000,0.001000,0.001000,0.001000
1031.250000,0.046769,0.001000,0.001000,0.001000,0.001000,0.001000
1031.269231,0.046223,0.001000,0.001000,0.001000,0.001000,0.001000
1031.288462,0.045636,0.001000,0.001000,0.001000,0.001000,0.001000
1031.307692,0.045008,0.001000,0.001000,0.001000,0.001000,0.001000
1031.326923,0.044341,0.001000,0.001000,0.001000,0.001000,0.001000
1031.346154,0.043635,0.001000,0.001000,0.001000,0.001000,0.001000
1031.365385,0.042890,0.001000,0.001000,0.001000,0.001000,0.001000
1031.384615,0.042107,0.001000,0.001000,0.001000,0.001000,0.001000
1031.403846,0.041287,0.001000,0.001000,0.001000,0.001000,0.001000
1031.423077,0.040430,0.001000,0.001000,0.001000,0.001000,0.001000
1031.442308,0.039538,0.001000,0.001000,0.001000,0.001000,0.001000
1031.461538,0.038611,0.001000,0.001000,0.001000,0.001000,0.001000
1031.480769,0.037650,0.001000,0.001000,0.001000,0.001000,0.001000
1031.500000,0.036655,0.001000,0.001000,0.001000,0.001000,0.001000
1031.519231,0.035628,0.001000,0.001000,0.001000,0.001000,0.001000
1031.538462,0.034570,0.001000,0.001000,0.001000,0.001000,0.001000
1031.557692,0.033481,0.001000,0.001000,0.001000,0.001000,0.001000
1031.576923,0.032362,0.001000,0.001000,0.001000,0.001000,0.001000
1031.596154,0.031215,0.001000,0.001000,0.001000,0.001000,0.001000
1031.615385,0.030040,0.001000,0.001000,0.001000,0.001000,0.001000
1031.634615,0.028839,0.001000,0.001000,0.001000,0.001000,0.001000
1031.653846,0.027612,0.001000,0.001000,0.001000,0.001000,0.001000
1031.673077,0.026361,0.001000,0.001000,0.001000,0.001000,0.001000
1031.692308,0.025087,0.001000,0.001000,0.001000,0.001000,0.001000
1031.711538,0.023790,0.001000,0.001000,0.001000,0.001000,0.001000
1031.730769,0.022472,0.001000,0.001000,0.001000,0.001000,0.001000
1031.750000,0.021135,0.001000,0.001000,0.001000,0.001000,0.001000
1031.769231,0.019779,0.001000,0.001000,0.001000,0.001000,0.001000
1031.788462,0.018405,0.001000,0.001000,0.001000,0.001000,0.001000
1031.807692,0.017015,0.001000,0.001000,0.001000,0.001000,0.001000
1031.826923,0.015610,0.001000,0.001000,0.001000,0.001000,0.001000
1031.846154,0.014191,0.001000,0.001000,0.001000,0.001000,0.001000
1031.865385,0.012760,0.001000,0.001000,0.001000,0.001000,0.001000
1031.884615,0.011317,0.001000,0.001000,0.001000,0.001000,0.001000
1031.903846,0.009865,0.001000,0.001000,0.001000,0.001000,0.001000
1031.923077,0.008404,0.001000,0.001000,0.001000,0.001000,0.001000
1031.942308,0.006935,0.001000,0.001000,0.001000,0.001000,0.001000
1031.961538,0.005460,0.001000,0.001000,0.001000,0.001000,0.001000
1031.980769,0.003980,0.001000,0.001000,0.001000,0.001000,0.001000
1032.000000,0.002497,0.001000,0.001000,0.001000,0.001000,0.001000
1032.019231,0.001012,0.001000,0.001000,0.001000,0.001000,0.001000
1032.038462,-0.000474,0.001000,0.001000,0.001000,0.001000,0.001000
1032.057692,-0.001960,0.001000,0.001000,0.001000,0.001000,0.001000
1032.076923,-0.003444,0.001000,0.001000,0.001000,0.001000,0.001000
1032.096154,-0.004926,0.001000,0.001000,0.001000,0.001000,0.001000
1032.115385,-0.006402,0.001000,0.001000,0.001000,0.001000,0.001000
1032.134615,-0.007873,0.001000,0.001000,0.001000,0.001000,0.001000
1032.153846,-0.009337,0.001000,0.001000,0.001000,0.001000,0.001000
1032.173077,-0.010793,0.001000,0.001000,0.001000,0.001000,0.001000
1032.192308,-0.012240,0.001000,0.001000,0.001000,0.001000,0.001000
1032.211538,-0.013675,0.001000,0.001000,0.001000,0.001000,0.001000
1032.230769,-0.015099,0.001000,0.001000,0.001000,0.001000,0.001000
1032.250000,-0.016509,0.001000,0.001000,0.001000,0.001000,0.001000
1032.269231,-0.017904,0.001000,0.001000,0.001000,0.001000,0.001000
1032.288462,-0.019284,0.001000,0.001000,0.001000,0.001000,0.001000
1032.307692,-0.020647,0.001000,0.001000,0.001000,0.001000,0.001000
1032.326923,-0.021991,0.001000,0.001000,0.001000,0.001000,0.001000
1032.346154,-0.023316,0.001000,0.001000,0.001000,0.001000,0.001000
1032.365385,-0.024620,0.001000,0.001000,0.001000,0.001000,0.001000
1032.384615,-0.025903,0.001000,0.001000,0.001000,0.001000,0.001000
1032.403846,-0.027163,0.001000,0.001000,0.001000,0.001000,0.001000
1032.423077,-0.028398,0.001000,0.001000,0.001000,0.001000,0.001000
1032.442308,-0.029609,0.001000,0.001000,0.001000,0.001000,0.001000
1032.461538,-0.030793,0.001000,0.001000,0.001000,0.001000,0.001000
1032.480769,-0.031951,0.001000,0.001000,0.001000,0.001000,0.001000
1032.500000,-0.033080,0.001000,0.001000,0.001000,0.001000,0.001000
1032.519231,-0.034179,0.001000,0.001000,0.001000,0.001000,0.001000
1032.538462,-0.035249,0.001000,0.001000,0.001000,0.001000,0.001000
1032.557692,-0.036287,0.001000,0.001000,0.001000,0.001000,0.001000
1032.576923,-0.037294,0.001000,0.001000,0.001000,0.001000,0.001000
1032.596154,-0.038267,0.001000,0.001000,0.001000,0.001000,0.001000
1032.615385,-0.039207,0.001000,0.001000,0.001000,0.001000,0.001000
1032.634615,-0.040112,0.001000,0.001000,0.001000,0.001000,0.001000
1032.653846,-0.040981,0.001000,0.001000,0.001000,0.001000,0.001000
1032.673077,-0.041815,0.001000,0.001000,0.001000,0.001000,0.001000
1032.692308,-0.042611,0.001000,0.001000,0.001000,0.001000,0.001000
1032.711538,-0.043370,0.001000,0.001000,0.001000,0.001000,0.001000
1032.730769,-0.044090,0.001000,0.001000,0.001000,0.001000,0.001000
1032.750000,-0.044771,0.001000,0.001000,0.001000,0.001000,0.001000
1032.769231,-0.045413,0.001000,0.001000,0.001000,0.001000,0.001000
1032.788462,-0.046015,0.001000,0.001000,0.001000,0.001000,0.001000
1032.807692,-0.046576,0.001000,0.001000,0.001000,0.001000,0.001000
1032.826923,-0.047096,0.001000,0.001000,0.001000,0.001000,0.001000
1032.846154,-0.047574,0.001000,0.001000,0.001000,0.001000,0.001000
1032.865385,-0.048011,0.001000,0.001000,0.001000,0.001000,0.001000
1032.884615,-0.048404,0.001000,0.001000,0.001000,0.001000,0.001000
1032.903846,-0.048755,0.001000,0.001000,0.001000,0.001000,0.001000
1032.923077,-0.049063,0.001000,0.001000,0.001000,0.001000,0.001000
1032.942308,-0.049328,0.001000,0.001000,0.001000,0.001000,0.001000
1032.961538,-0.049549,0.001000,0.001000,0.001000,0.001000,0.001000
1032.980769,-0.049726,0.001000,0.001000,0.001000,0.001000,0.001000
1033.000000,-0.049860,0.001000,0.001000,0.001000,0.001000,0.001000
1033.019231,-0.049949,0.001000,0.001000,0.001000,0.001000,0.001000
1033.038462,-0.049994,0.001000,0.001000,0.001000,0.001000,0.001000
1033.057692,-0.049995,0.001000,0.001000,0.001000,0.001000,0.001000
1033.076923,-0.049952,0.001000,0.001000,0.001000,0.001000,0.001000
1033.096154,-0.049864,0.001000,0.001000,0.001000,0.001000,0.001000
1033.115385,-0.049733,0.001000,0.001000,0.001000,0.001000,0.001000
1033.134615,-0.049557,0.001000,0.001000,0.001000,0.001000,0.001000
1033.153846,-0.049338,0.001000,0.001000,0.001000,0.001000,0.001000
1033.173077,-0.049076,0.001000,0.001000,0.001000,0.001000,0.001000
1033.192308,-0.048769,0.001000,0.001000,0.001000,0.001000,0.001000
1033.211538,-0.048420,0.001000,0.001000,0.001000,0.001000,0.001000
1033.230769,-0.048028,0.001000,0.001000,0.001000,0.001000,0.001000
1033.250000,-0.047594,0.001000,0.001000,0.001000,0.001000,0.001000
1033.269231,-0.047117,0.001000,0.001000,0.001000,0.001000,0.001000
1033.288462,-0.046599,0.001000,0.001000,0.001000,0.001000,0.001000
1033.307692,-0.046040,0.001000,0.001000,0.001000,0.001000,0.001000
1033.326923,-0.045440,0.001000,0.001000,0.001000,0.001000,0.001000
1033.346154,-0.044799,0.001000,0.001000,0.001000,0.001000,0.001000
1033.365385,-0.044120,0.001000,0.001000,0.001000,0.001000,0.001000
1033.384615,-0.043401,0.001000,0.001000,0.001000,0.001000,0.001000
1033.403846,-0.042644,0.001000,0.001000,0.001000,0.001000,0.001000
1033.423077,-0.041849,0.001000,0.001000,0.001000,0.001000,0.001000
1033.442308,-0.041017,0.001000,0.001000,0.001000,0.001000,0.001000
1033.461538,-0.040149,0.001000,0.001000,0.001000,0.001000,0.001000
1033.480769,-0.039246,0.001000,0.001000,0.001000,0.001000,0.001000
1033.500000,-0.038308,0.001000,0.001000,0.001000,0.001000,0.001000
1033.519231,-0.037336,0.001000,0.001000,0.001000,0.001000,0.001000
1033.538462,-0.036331,0.001000,0.001000,0.001000,0.001000,0.001000
1033.557692,-0.035294,0.001000,0.001000,0.001000,0.001000,0.001000
1033.576923,-0.034225,0.001000,0.001000,0.001000,0.001000,0.001000
1033.596154,-0.033127,0.001000,0.001000,0.001000,0.001000,0.001000
1033.615385,-0.031999,0.001000,0.001000,0.001000,0.001000,0.001000
1033.634615,-0.030843,0.001000,0.001000,0.001000,0.001000,0.001000
1033.653846,-0.029660,0.001000,0.001000,0.001000,0.001000,0.001000
1033.673077,-0.028450,0.001000,0.001000,0.001000,0.001000,0.001000
1033.692308,-0.027215,0.001000,0.001000,0.001000,0.001000,0.001000
1033.711538,-0.025957,0.001000,0.001000,0.001000,0.001000,0.001000
1033.730769,-0.024675,0.001000,0.001000,0.001000,0.001000,0.001000
1033.750000,-0.023372,0.001000,0.001000,0.001000,0.001000,0.001000
1033.769231,-0.022047,0.001000,0.001000,0.001000,0.001000,0.001000
1033.788462,-0.020704,0.001000,0.001000,0.001000,0.001000,0.001000
1033.807692,-0.019342,0.001000,0.001000,0.001000,0.001000,0.001000
1033.826923,-0.017963,0.001000,0.001000,0.001000,0.001000,0.001000
1033.846154,-0.016568,0.001000,0.001000,0.001000,0.001000,0.001000
1033.865385,-0.015159,0.001000,0.001000,0.001000,0.001000,0.001000
1033.884615,-0.013736,0.001000,0.001000,0.001000,0.001000,0.001000
1033.903846,-0.012301,0.001000,0.001000,0.001000,0.001000,0.001000
1033.923077,-0.010855,0.001000,0.001000,0.001000,0.001000,0.001000
1033.942308,-0.009399,0.001000,0.001000,0.001000,0.001000,0.001000
1033.961538,-0.007936,0.001000,0.001000,0.001000,0.001000,0.001000
1033.980769,-0.006465,0.001000,0.001000,0.001000,0.001000,0.001000
1034.000000,-0.004988,0.001000,0.001000,0.001000,0.001000,0.001000
1034.019231,-0.003507,0.001000,0.001000,0.001000,0.001000,0.001000
1034.038462,-0.002023,0.001000,0.001000,0.001000,0.001000,0.001000
1034.057692,-0.000537,0.001000,0.001000,0.001000,0.001000,0.001000
1034.076923,0.000949,0.001000,0.001000,0.001000,0.001000,0.001000
1034.096154,0.002434,0.001000,0.001000,0.001000,0.001000,0.001000
1034.115385,0.003918,0.001000,0.001000,0.001000,0.001000,0.001000
1034.134615,0.005397,0.001000,0.001000,0.001000,0.001000,0.001000
1034.153846,0.006873,0.001000,0.001000,0.001000,0.001000,0.001000
1034.173077,0.008342,0.001000,0.001000,0.001000,0.001000,0.001000
1034.192308,0.009803,0.001000,0.001000,0.001000,0.001000,0.001000
1034.211538,0.011256,0.001000,0.001000,0.001000,0.001000,0.001000
1034.230769,0.012699,0.001000,0.001000,0.001000,0.001000,0.001000
1034.250000,0.014131,0.001000,0.001000,0.001000,0.001000,0.001000
1034.269231,0.015550,0.001000,0.001000,0.001000,0.001000,0.001000
1034.288462,0.016956,0.001000,0.001000,0.001000,0.001000,0.001000
1034.307692,0.018346,0.001000,0.001000,0.001000,0.001000,0.001000
1034.326923,0.019721,0.001000,0.001000,0.001000,0.001000,0.001000
1034.346154,0.021078,0.001000,0.001000,0.001000,0.001000,0.001000
1034.365385,0.022416,0.001000,0.001000,0.001000,0.001000,0.001000
1034.384615,0.023735,0.001000,0.001000,0.001000,0.001000,0.001000
1034.403846,0.025032,0.001000,0.001000,0.001000,0.001000,0.001000
1034.423077,0.026308,0.001000,0.001000,0.001000,0.001000,0.001000
1034.442308,0.027560,0.001000,0.001000,0.001000,0.001000,0.001000
1034.461538,0.028788,0.001000,0.001000,0.001000,0.001000,0.001000
1034.480769,0.029990,0.001000,0.001000,0.001000,0.001000,0.001000
1034.500000,0.031166,0.001000,0.001000,0.001000,0.001000,0.001000
1034.519231,0.032314,0.001000,0.001000,0.001000,0.001000,0.001000
1034.538462,0.033434,0.001000,0.001000,0.001000,0.001000,0.001000
1034.557692,0.034524,0.001000,0.001000,0.001000,0.001000,0.001000
1034.576923,0.035584,0.001000,0.001000,0.001000,0.001000,0.001000
1034.596154,0.036612,0.001000,0.001000,0.001000,0.001000,0.001000
1034.615385,0.037608,0.001000,0.001000,0.001000,0.001000,0.001000
1034.634615,0.038571,0.001000,0.001000,0.001000,0.001000,0.001000
1034.653846,0.039500,0.001000,0.001000,0.001000,0.001000,0.001000
1034.673077,0.040393,0.001000,0.001000,0.001000,0.001000,0.001000
1034.692308,0.041251,0.001000,0.001000,0.001000,0.001000,0.001000
1034.711538,0.042073,0.001000,0.001000,0.001000,0.001000,0.001000
1034.730769,0.042857,0.001000,0.001000,0.001000,0.001000,0.001000
1034.750000,0.043604,0.001000,0.001000,0.001000,0.001000,0.001000
1034.769231,0.044312,0.001000,0.001000,0.001000,0.001000,0.001000
1034.788462,0.044981,0.001000,0.001000,0.001000,0.001000,0.001000
1034.807692,0.045610,0.001000,0.001000,0.001000,0.001000,0.001000
1034.826923,0.046199,0.001000,0.001000,0.001000,0.001000,0.001000
1034.846154,0.046747,0.001000,0.001000,0.001000,0.001000,0.001000
1034.865385,0.047253,0.001000,0.001000,0.001000,0.001000,0.001000
1034.884615,0.047718,0.001000,0.001000,0.001000,0.001000,0.001000
1034.903846,0.048141,0.001000,0.001000,0.001000,0.001000,0.001000
1034.923077,0.048521,0.001000,0.001000,0.001000,0.001000,0.001000
1034.942308,0.048858,0.001000,0.001000,0.001000,0.001000,0.001000
1034.961538,0.049153,0.001000,0.001000,0.001000,0.001000,0.001000
1034.980769,0.049403,0.001000,0.001000,0.001000,0.001000,0.001000
1035.000000,0.049610,0.001000,0.001000,0.001000,0.001000,0.001000
1035.019231,0.049774,0.001000,0.001000,0.001000,0.001000,0.001000
1035.038462,0.049893,0.001000,0.001000,0.001000,0.001000,0.001000
1035.057692,0.049968,0.001000,0.001000,0.001000,0.001000,0.001000
1035.076923,0.049999,0.001000,0.001000,0.001000,0.001000,0.001000
1035.096154,0.049986,0.001000,0.001000,0.001000,0.001000,0.001000
1035.115385,0.049929,0.001000,0.001000,0.001000,0.001000,0.001000
1035.134615,0.049827,0.001000,0.001000,0.001000,0.001000,0.001000
1035.153846,0.049682,0.001000,0.001000,0.001000,0.001000,0.001000
1035.173077,0.049492,0.001000,0.001000,0.001000,0.001000,0.001000
1035.192308,0.049259,0.001000,0.001000,0.001000,0.001000,0.001000
1035.211538,0.048982,0.001000,0.001000,0.001000,0.001000,0.001000
1035.230769,0.048663,0.001000,0.001000,0.001000,0.001000,0.001000
1035.250000,0.048300,0.001000,0.001000,0.001000,0.001000,0.001000
1035.269231,0.047894,0.001000,0.001000,0.001000,0.001000,0.001000
1035.288462,0.047446,0.001000,0.001000,0.001000,0.001000,0.001000
1035.307692,0.046956,0.001000,0.001000,0.001000,0.001000,0.001000
1035.326923,0.046425,0.001000,0.001000,0.001000,0.001000,0.001000
1035.346154,0.045853,0.001000,0.001000,0.001000,0.001000,0.001000
1035.365385,0.045240,0.001000,0.001000,0.001000,0.001000,0.001000
1035.384615,0.044587,0.001000,0.001000,0.001000,0.001000,0.001000
1035.403846,0.043894,0.001000,0.001000,0.001000,0.001000,0.001000
1035.423077,0.043163,0.001000,0.001000,0.001000,0.001000,0.001000
1035.442308,0.042394,0.001000,0.001000,0.001000,0.001000,0.001000
1035.461538,0.041588,0.001000,0.001000,0.001000,0.001000,0.001000
1035.480769,0.040744,0.001000,0.001000,0.001000,0.001000,0.001000
1035.500000,0.039865,0.001000,0.001000,0.001000,0.001000,0.001000
1035.519231,0.038950,0.001000,0.001000,0.001000,0.001000,0.001000
1035.538462,0.038001,0.001000,0.001000,0.001000,0.001000,0.001000
1035.557692,0.037018,0.001000,0.001000,0.001000,0.001000,0.001000
1035.576923,0.036003,0.001000,0.001000,0.001000,0.001000,0.001000
1035.596154,0.034956,0.001000,0.001000,0.001000,0.001000,0.001000
1035.615385,0.033878,0.001000,0.001000,0.001000,0.001000,0.001000
1035.634615,0.032770,0.001000,0.001000,0.001000,0.001000,0.001000
1035.653846,0.031633,0.001000,0.001000,0.001000,0.001000,0.001000
1035.673077,0.030468,0.001000,0.001000,0.001000,0.001000,0.001000
1035.692308,0.029276,0.001000,0.001000,0.001000,0.001000,0.001000
1035.711538,0.028059,0.001000,0.001000,0.001000,0.001000,0.001000
1035.730769,0.026816,0.001000,0.001000,0.001000,0.001000,0.001000
1035.750000,0.025550,0.001000,0.001000,0.001000,0.001000,0.001000
1035.769231,0.024261,0.001000,0.001000,0.001000,0.001000,0.001000
1035.788462,0.022951,0.001000,0.001000,0.001000,0.001000,0.001000
1035.807692,0.021621,0.001000,0.001000,0.001000,0.001000,0.001000
1035.826923,0.020271,0.001000,0.001000,0.001000,0.001000,0.001000
1035.846154,0.018904,0.001000,0.001000,0.001000,0.001000,0.001000
1035.865385,0.017519,0.001000,0.001000,0.001000,0.001000,0.001000
1035.884615,0.016120,0.001000,0.001000,0.001000,0.001000,0.001000
1035.903846,0.014706,0.001000,0.001000,0.001000,0.001000,0.001000
1035.923077,0.013279,0.001000,0.001000,0.001000,0.001000,0.001000
1035.942308,0.011840,0.001000,0.001000,0.001000,0.001000,0.001000
1035.961538,0.010391,0.001000,0.001000,0.001000,0.001000,0.001000
1035.980769,0.008933,0.001000,0.001000,0.001000,0.001000,0.001000
1036.000000,0.007467,0.001000,0.001000,0.001000,0.001000,0.001000
1036.019231,0.005994,0.001000,0.001000,0.001000,0.001000,0.001000
1036.038462,0.004516,0.001000,0.001000,0.001000,0.001000,0.001000
1036.057692,0.003034,0.001000,0.001000,0.001000,0.001000,0.001000
1036.076923,0.001549,0.001000,0.001000,0.001000,0.001000,0.001000
1036.096154,0.000063,0.001000,0.001000,0.001000,0.001000,0.001000
1036.115385,-0.001423,0.001000,0.001000,0.001000,0.001000,0.001000
1036.134615,-0.002908,0.001000,0.001000,0.001000,0.001000,0.001000
1036.153846,-0.004390,0.001000,0.001000,0.001000,0.001000,0.001000
1036.173077,-0.005869,0.001000,0.001000,0.001000,0.001000,0.001000
1036.192308,-0.007342,0.001000,0.001000,0.001000,0.001000,0.001000
1036.211538,-0.008809,0.001000,0.001000,0.001000,0.001000,0.001000
1036.230769,-0.010268,0.001000,0.001000,0.001000,0.001000,0.001000
1036.250000,-0.011718,0.001000,0.001000,0.001000,0.001000,0.001000
1036.269231,-0.013158,0.001000,0.001000,0.001000,0.001000,0.001000
1036.288462,-0.014585,0.001000,0.001000,0.001000,0.001000,0.001000
1036.307692,-0.016001,0.001000,0.001000,0.001000,0.001000,0.001000
1036.326923,-0.017401,0.001000,0.001000,0.001000,0.001000,0.001000
1036.346154,-0.018787,0.001000,0.001000,0.001000,0.001000,0.001000
1036.365385,-0.020156,0.001000,0.001000,0.001000,0.001000,0.001000
1036.384615,-0.021507,0.001000,0.001000,0.001000,0.001000,0.001000
1036.403846,-0.022839,0.001000,0.001000,0.001000,0.001000,0.001000
1036.423077,-0.024151,0.001000,0.001000,0.001000,0.001000,0.001000
1036.442308,-0.025442,0.001000,0.001000,0.001000,0.001000,0.001000
1036.461538,-0.026710,0.001000,0.001000,0.001000,0.001000,0.001000
1036.480769,-0.027954,0.001000,0.001000,0.001000,0.001000,0.001000
1036.500000,-0.029174,0.001000,0.001000,0.001000,0.001000,0.001000
1036.519231,-0.030368,0.001000,0.001000,0.001000,0.001000,0.001000
1036.538462,-0.031535,0.001000,0.001000,0.001000,0.001000,0.001000
1036.557692,-0.032675,0.001000,0.001000,0.001000,0.001000,0.001000
1036.576923,-0.033785,0.001000,0.001000,0.001000,0.001000,0.001000
1036.596154,-0.034866,0.001000,0.001000,0.001000,0.001000,0.001000
1036.615385,-0.035916,0.001000,0.001000,0.001000,0.001000,0.001000
1036.634615,-0.036934,0.001000,0.001000,0.001000,0.001000,0.001000
1036.653846,-0.037919,0.001000,0.001000,0.001000,0.001000,0.001000
1036.673077,-0.038871,0.001000,0.001000,0.001000,0.001000,0.001000
1036.692308,-0.039789,0.001000,0.001000,0.001000,0.001000,0.001000
1036.711538,-0.040671,0.001000,0.001000,0.001000,0.001000,0.001000
1036.730769,-0.041518,0.001000,0.001000,0.001000,0.001000,0.001000
1036.750000,-0.042327,0.001000,0.001000,0.001000,0.001000,0.001000
1036.769231,-0.043100,0.001000,0.001000,0.001000,0.001000,0.001000
1036.788462,-0.043834,0.001000,0.001000,0.001000,0.001000,0.001000
1036.807692,-0.044530,0.001000,0.001000,0.001000,0.001000,0.001000
1036.826923,-0.045186,0.001000,0.001000,0.001000,0.001000,0.001000
1036.846154,-0.045802,0.001000,0.001000,0.001000,0.001000,0.001000
1036.865385,-0.046378,0.001000,0.001000,0.001000,0.001000,0.001000
1036.884615,-0.046913,0.001000,0.001000,0.001000,0.001000,0.001000
1036.903846,-0.047406,0.001000,0.001000,0.001000,0.001000,0.001000
1036.923077,-0.047858,0.001000,0.001000,0.001000,0.001000,0.001000
1036.942308,-0.048267,0.001000,0.001000,0.001000,0.001000,0.001000
1036.961538,-0.048633,0.001000,0.001000,0.001000,0.001000,0.001000
1036.980769,-0.048957,0.001000,0.001000,0.001000,0.001000,0.001000
1037.000000,-0.049237,0.001000,0.001000,0.001000,0.001000,0.001000
1037.019231,-0.049474,0.001000,0.001000,0.001000,0.001000,0.001000
1037.038462,-0.049667,0.001000,0.001000,0.001000,0.001000,0.001000
1037.057692,-0.049817,0.001000,0.001000,0.001000,0.001000,0.001000
1037.076923,-0.049922,0.001000,0.001000,0.001000,0.001000,0.001000
1037.096154,-0.049983,0.001000,0.001000,0.001000,0.001000,0.001000
1037.115385,-0.050000,0.001000,0.001000,0.001000,0.001000,0.001000
1037.134615,-0.049972,0.001000,0.001000,0.001000,0.001000,0.001000
1037.153846,-0.049901,0.001000,0.001000,0.001000,0.001000,0.001000
1037.173077,-0.049785,0.001000,0.001000,0.001000,0.001000,0.001000
1037.192308,-0.049626,0.001000,0.001000,0.001000,0.001000,0.001000
1037.211538,-0.049423,0.001000,0.001000,0.001000,0.001000,0.001000
1037.230769,-0.049176,0.001000,0.001000,0.001000,0.001000,0.001000
1037.250000,-0.048885,0.001000,0.001000,0.001000,0.001000,0.001000
1037.269231,-0.048551,0.001000,0.001000,0.001000,0.001000,0.001000
1037.288462,-0.048175,0.001000,0.001000,0.001000,0.001000,0.001000
1037.307692,-0.047756,0.001000,0.001000,0.001000,0.001000,0.001000
1037.326923,-0.047294,0.001000,0.001000,0.001000,0.001000,0.001000
1037.346154,-0.046791,0.001000,0.001000,0.001000,0.001000,0.001000
1037.365385,-0.046247,0.001000,0.001000,0.001000,0.001000,0.001000
1037.384615,-0.045661,0.001000,0.001000,0.001000,0.001000,0.001000
1037.403846,-0.045036,0.001000,0.001000,0.001000,0.001000,0.001000
1037.423077,-0.044370,0.001000,0.001000,0.001000,0.001000,0.001000
1037.442308,-0.043665,0.001000,0.001000,0.001000,0.001000,0.001000
1037.461538,-0.042922,0.001000,0.001000,0.001000,0.001000,0.001000
1037.480769,-0.042141,0.001000,0.001000,0.001000,0.001000,0.001000
1037.500000,-0.041322,0.001000,0.001000,0.001000,0.001000,0.001000
1037.519231,-0.040467,0.001000,0.001000,0.001000,0.001000,0.001000
1037.538462,-0.039577,0.001000,0.001000,0.001000,0.001000,0.001000
1037.557692,-0.038651,0.001000,0.001000,0.001000,0.001000,0.001000
1037.576923,-0.037691,0.001000,0.001000,0.001000,0.001000,0.001000
1037.596154,-0.036698,0.001000,0.001000,0.001000,0.001000,0.001000
1037.615385,-0.035672,0.001000,0.001000,0.001000,0.001000,0.001000
1037.634615,-0.034615,0.001000,0.001000,0.001000,0.001000,0.001000
1037.653846,-0.033527,0.001000,0.001000,0.001000,0.001000,0.001000
1037.673077,-0.032410,0.001000,0.001000,0.001000,0.001000,0.001000
1037.692308,-0.031264,0.001000,0.001000,0.001000,0.001000,0.001000
1037.711538,-0.030091,0.001000,0.001000,0.001000,0.001000,0.001000
1037.730769,-0.028890,0.001000,0.001000,0.001000,0.001000,0.001000
1037.750000,-0.027665,0.001000,0.001000,0.001000,0.001000,0.001000
1037.769231,-0.026415,0.001000,0.001000,0.001000,0.001000,0.001000
1037.788462,-0.025141,0.001000,0.001000,0.001000,0.001000,0.001000
1037.807692,-0.023845,0.001000,0.001000,0.001000,0.001000,0.001000
1037.826923,-0.022529,0.001000,0.001000,0.001000,0.001000,0.001000
1037.846154,-0.021192,0.001000,0.001000,0.001000,0.001000,0.001000
1037.865385,-0.019836,0.001000,0.001000,0.001000,0.001000,0.001000
1037.884615,-0.018463,0.001000,0.001000,0.001000,0.001000,0.001000
1037.903846,-0.017074,0.001000,0.001000,0.001000,0.001000,0.001000
1037.923077,-0.015670,0.001000,0.001000,0.001000,0.001000,0.001000
1037.942308,-0.014252,0.001000,0.001000,0.001000,0.001000,0.001000
1037.961538,-0.012821,0.001000,0.001000,0.001000,0.001000,0.001000
1037.980769,-0.011379,0.001000,0.001000,0.001000,0.001000,0.001000
1038.000000,-0.009927,0.001000,0.001000,0.001000,0.001000,0.001000
1038.019231,-0.008466,0.001000,0.001000,0.001000,0.001000,0.001000
1038.038462,-0.006997,0.001000,0.001000,0.001000,0.001000,0.001000
1038.057692,-0.005523,0.001000,0.001000,0.001000,0.001000,0.001000
1038.076923,-0.004043,0.001000,0.001000,0.001000,0.001000,0.001000
1038.096154,-0.002560,0.001000,0.001000,0.001000,0.001000,0.001000
1038.115385,-0.001075,0.001000,0.001000,0.001000,0.001000,0.001000
1038.134615,0.000412,0.001000,0.001000,0.001000,0.001000,0.001000
1038.153846,0.001897,0.001000,0.001000,0.001000,0.001000,0.001000
1038.173077,0.003382,0.001000,0.001000,0.001000,0.001000,0.001000
1038.192308,0.004863,0.001000,0.001000,0.001000,0.001000,0.001000
1038.211538,0.006340,0.001000,0.001000,0.001000,0.001000,0.001000
1038.230769,0.007811,0.001000,0.001000,0.001000,0.001000,0.001000
1038.250000,0.009276,0.001000,0.001000,0.001000,0.001000,0.001000
1038.269231,0.010732,0.001000,0.001000,0.001000,0.001000,0.001000
1038.288462,0.012179,0.001000,0.001000,0.001000,0.001000,0.001000
1038.307692,0.013615,0.001000,0.001000,0.001000,0.001000,0.001000
1038.326923,0.015039,0.001000,0.001000,0.001000,0.001000,0.001000
1038.346154,0.016449,0.001000,0.001000,0.001000,0.001000,0.001000
1038.365385,0.017845,0.001000,0.001000,0.001000,0.001000,0.001000
1038.384615,0.019226,0.001000,0.001000,0.001000,0.001000,0.001000
1038.403846,0.020589,0.001000,0.001000,0.001000,0.001000,0.001000
1038.423077,0.021934,0.001000,0.001000,0.001000,0.001000,0.001000
1038.442308,0.023260,0.001000,0.001000,0.001000,0.001000,0.001000
1038.461538,0.024566,0.001000,0.001000,0.001000,0.001000,0.001000
1038.480769,0.025849,0.001000,0.001000,0.001000,0.001000,0.001000
1038.500000,0.027110,0.001000,0.001000,0.001000,0.001000,0.001000
1038.519231,0.028347,0.001000,0.001000,0.001000,0.001000,0.001000
1038.538462,0.029558,0.001000,0.001000,0.001000,0.001000,0.001000
1038.557692,0.030744,0.001000,0.001000,0.001000,0.001000,0.001000
1038.576923,0.031902,0.001000,0.001000,0.001000,0.001000,0.001000
1038.596154,0.033032,0.001000,0.001000,0.001000,0.001000,0.001000
1038.615385,0.034134,0.001000,0.001000,0.001000,0.001000,0.001000
1038.634615,0.035204,0.001000,0.001000,0.001000,0.001000,0.001000
1038.653846,0.036244,0.001000,0.001000,0.001000,0.001000,0.001000
1038.673077,0.037252,0.001000,0.001000,0.001000,0.001000,0.001000
1038.692308,0.038227,0.001000,0.001000,0.001000,0.001000,0.001000
1038.711538,0.039168,0.001000,0.001000,0.001000,0.001000,0.001000
1038.730769,0.040074,0.001000,0.001000,0.001000,0.001000,0.001000
1038.750000,0.040945,0.001000,0.001000,0.001000,0.001000,0.001000
1038.769231,0.041780,0.001000,0.001000,0.001000,0.001000,0.001000
1038.788462,0.042578,0.001000,0.001000,0.001000,0.001000,0.001000
1038.807692,0.043338,0.001000,0.001000,0.001000,0.001000,0.001000
1038.826923,0.044060,0.001000,0.001000,0.001000,0.001000,0.001000
1038.846154,0.044743,0.001000,0.001000,0.001000,0.001000,0.001000
1038.865385,0.045387,0.001000,0.001000,0.001000,0.001000,0.001000
1038.884615,0.045990,0.001000,0.001000,0.001000,0.001000,0.001000
1038.903846,0.046553,0.001000,0.001000,0.001000,0.001000,0.001000
1038.923077,0.047075,0.001000,0.001000,0.001000,0.001000,0.001000
1038.942308,0.047555,0.001000,0.001000,0.001000,0.001000,0.001000
1038.961538,0.047993,0.001000,0.001000,0.001000,0.001000,0.001000
1038.980769,0.048389,0.001000,0.001000,0.001000,0.001000,0.001000
1039.000000,0.048741,0.001000,0.001000,0.001000,0.001000,0.001000
1039.019231,0.049051,0.001000,0.001000,0.001000,0.001000,0.001000
1039.038462,0.049318,0.001000,0.001000,0.001000,0.001000,0.001000
1039.057692,0.049541,0.001000,0.001000,0.001000,0.001000,0.001000
1039.076923,0.049720,0.001000,0.001000,0.001000,0.001000,0.001000
1039.096154,0.049855,0.001000,0.001000,0.001000,0.001000,0.001000
1039.115385,0.049946,0.001000,0.001000,0.001000,0.001000,0.001000
1039.134615,0.049993,0.001000,0.001000,0.001000,0.001000,0.001000
1039.153846,0.049996,0.001000,0.001000,0.001000,0.001000,0.001000
1039.173077,0.049954,0.001000,0.001000,0.001000,0.001000,0.001000
1039.192308,0.049869,0.001000,0.001000,0.001000,0.001000,0.001000
1039.211538,0.049739,0.001000,0.001000,0.001000,0.001000,0.001000
1039.230769,0.049566,0.001000,0.001000,0.001000,0.001000,0.001000
1039.250000,0.049348,0.001000,0.001000,0.001000,0.001000,0.001000
1039.269231,0.049088,0.001000,0.001000,0.001000,0.001000,0.001000
1039.288462,0.048783,0.001000,0.001000,0.001000,0.001000,0.001000
1039.307692,0.048436,0.001000,0.001000,0.001000,0.001000,0.001000
1039.326923,0.048046,0.001000,0.001000,0.001000,0.001000,0.001000
1039.346154,0.047613,0.001000,0.001000,0.001000,0.001000,0.001000
1039.365385,0.047138,0.001000,0.001000,0.001000,0.001000,0.001000
1039.384615,0.046622,0.001000,0.001000,0.001000,0.001000,0.001000
1039.403846,0.046064,0.001000,0.001000,0.001000,0.001000,0.001000
1039.423077,0.045466,0.001000,0.001000,0.001000,0.001000,0.001000
1039.442308,0.044827,0.001000,0.001000,0.001000,0.001000,0.001000
1039.461538,0.044149,0.001000,0.001000,0.001000,0.001000,0.001000
1039.480769,0.043432,0.001000,0.001000,0.001000,0.001000,0.001000
1039.500000,0.042677,0.001000,0.001000,0.001000,0.001000,0.001000
1039.519231,0.041884,0.001000,0.001000,0.001000,0.001000,0.001000
1039.538462,0.041053,0.001000,0.001000,0.001000,0.001000,0.001000
1039.557692,0.040187,0.001000,0.001000,0.001000,0.001000,0.001000
1039.576923,0.039285,0.001000,0.001000,0.001000,0.001000,0.001000
1039.596154,0.038348,0.001000,0.001000,0.001000,0.001000,0.001000
1039.615385,0.037378,0.001000,0.001000,0.001000,0.001000,0.001000
1039.634615,0.036374,0.001000,0.001000,0.001000,0.001000,0.001000
1039.653846,0.035338,0.001000,0.001000,0.001000,0.001000,0.001000
1039.673077,0.034271,0.001000,0.001000,0.001000,0.001000,0.001000
1039.692308,0.033174,0.001000,0.001000,0.001000,0.001000,0.001000
1039.711538,0.032047,0.001000,0.001000,0.001000,0.001000,0.001000
1039.730769,0.030892,0.001000,0.001000,0.001000,0.001000,0.001000
1039.750000,0.029710,0.001000,0.001000,0.001000,0.001000,0.001000
1039.769231,0.028502,0.001000,0.001000,0.001000,0.001000,0.001000
1039.788462,0.027268,0.001000,0.001000,0.001000,0.001000,0.001000
1039.807692,0.026010,0.001000,0.001000,0.001000,0.001000,0.001000
1039.826923,0.024730,0.001000,0.001000,0.001000,0.001000,0.001000
1039.846154,0.023427,0.001000,0.001000,0.001000,0.001000,0.001000
1039.865385,0.022104,0.001000,0.001000,0.001000,0.001000,0.001000
1039.884615,0.020761,0.001000,0.001000,0.001000,0.001000,0.001000
1039.903846,0.019400,0.001000,0.001000,0.001000,0.001000,0.001000
1039.923077,0.018022,0.001000,0.001000,0.001000,0.001000,0.001000
1039.942308,0.016627,0.001000,0.001000,0.001000,0.001000,0.001000
1039.961538,0.015219,0.001000,0.001000,0.001000,0.001000,0.001000
1039.980769,0.013796,0.001000,0.001000,0.001000,0.001000,0.001000
1040.000000,0.012362,0.001000,0.001000,0.001000,0.001000,0.001000
1040.019231,0.010916,0.001000,0.001000,0.001000,0.001000,0.001000
1040.038462,0.009461,0.001000,0.001000,0.001000,0.001000,0.001000
1040.057692,0.007998,0.001000,0.001000,0.001000,0.001000,0.001000
1040.076923,0.006527,0.001000,0.001000,0.001000,0.001000,0.001000
1040.096154,0.005051,0.001000,0.001000,0.001000,0.001000,0.001000
1040.115385,0.003570,0.001000,0.001000,0.001000,0.001000,0.001000
1040.134615,0.002086,0.001000,0.001000,0.001000,0.001000,0.001000
1040.153846,0.000600,0.001000,0.001000,0.001000,0.001000,0.001000
1040.173077,-0.000886,0.001000,0.001000,0.001000,0.001000,0.001000
1040.192308,-0.002372,0.001000,0.001000,0.001000,0.001000,0.001000
1040.211538,-0.003855,0.001000,0.001000,0.001000,0.001000,0.001000
1040.230769,-0.005335,0.001000,0.001000,0.001000,0.001000,0.001000
1040.250000,-0.006810,0.001000,0.001000,0.001000,0.001000,0.001000
1040.269231,-0.008280,0.001000,0.001000,0.001000,0.001000,0.001000
1040.288462,-0.009741,0.001000,0.001000,0.001000,0.001000,0.001000
1040.307692,-0.011195,0.001000,0.001000,0.001000,0.001000,0.001000
1040.326923,-0.012638,0.001000,0.001000,0.001000,0.001000,0.001000
1040.346154,-0.014071,0.001000,0.001000,0.001000,0.001000,0.001000
1040.365385,-0.015490,0.001000,0.001000,0.001000,0.001000,0.001000
1040.384615,-0.016897,0.001000,0.001000,0.001000,0.001000,0.001000
1040.403846,-0.018288,0.001000,0.001000,0.001000,0.001000,0.001000
1040.423077,-0.019663,0.001000,0.001000,0.001000,0.001000,0.001000
1040.442308,-0.021021,0.001000,0.001000,0.001000,0.001000,0.001000
1040.461538,-0.022360,0.001000,0.001000,0.001000,0.001000,0.001000
1040.480769,-0.023679,0.001000,0.001000,0.001000,0.001000,0.001000
1040.500000,-0.024978,0.001000,0.001000,0.001000,0.001000,0.001000
1040.519231,-0.026254,0.001000,0.001000,0.001000,0.001000,0.001000
1040.538462,-0.027507,0.001000,0.001000,0.001000,0.001000,0.001000
1040.557692,-0.028736,0.001000,0.001000,0.001000,0.001000,0.001000
1040.576923,-0.029940,0.001000,0.001000,0.001000,0.001000,0.001000
1040.596154,-0.031117,0.001000,0.001000,0.001000,0.001000,0.001000
1040.615385,-0.032266,0.001000,0.001000,0.001000,0.001000,0.001000
1040.634615,-0.033387,0.001000,0.001000,0.001000,0.001000,0.001000
1040.653846,-0.034479,0.001000,0.001000,0.001000,0.001000,0.001000
1040.673077,-0.035540,0.001000,0.001000,0.001000,0.001000,0.001000
1040.692308,-0.036569,0.001000,0.001000,0.001000,0.001000,0.001000
1040.711538,-0.037567,0.001000,0.001000,0.001000,0.001000,0.001000
1040.730769,-0.038531,0.001000,0.001000,0.001000,0.001000,0.001000
1040.750000,-0.039461,0.001000,0.001000,0.001000,0.001000,0.001000
1040.769231,-0.040356,0.001000,0.001000,0.001000,0.001000,0.001000
1040.788462,-0.041216,0.001000,0.001000,0.001000,0.001000,0.001000
1040.807692,-0.042039,0.001000,0.001000,0.001000,0.001000,0.001000
1040.826923,-0.042825,0.001000,0.001000,0.001000,0.001000,0.001000
1040.846154,-0.043573,0.001000,0.001000,0.001000,0.001000,0.001000
1040.865385,-0.044283,0.001000,0.001000,0.001000,0.001000,0.001000
1040.884615,-0.044953,0.001000,0.001000,0.001000,0.001000,0.001000
1040.903846,-0.045584,0.001000,0.001000,0.001000,0.001000,0.001000
1040.923077,-0.046175,0.001000,0.001000,0.001000,0.001000,0.001000
1040.942308,-0.046724,0.001000,0.001000,0.001000,0.001000,0.001000
1040.961538,-0.047233,0.001000,0.001000,0.001000,0.001000,0.001000
1040.980769,-0.047699,0.001000,0.001000,0.001000,0.001000,0.001000
1041.000000,-0.048124,0.001000,0.001000,0.001000,0.001000,0.001000
1041.019231,-0.048506,0.001000,0.001000,0.001000,0.001000,0.001000
1041.038462,-0.048845,0.001000,0.001000,0.001000,0.001000,0.001000
1041.057692,-0.049141,0.001000,0.001000,0.001000,0.001000,0.001000
1041.076923,-0.049394,0.001000,0.001000,0.001000,0.001000,0.001000
1041.096154,-0.049603,0.001000,0.001000,0.001000,0.001000,0.001000
1041.115385,-0.049768,0.001000,0.001000,0.001000,0.001000,0.001000
1041.134615,-0.049889,0.001000,0.001000,0.001000,0.001000,0.001000
1041.153846,-0.049966,0.001000,0.001000,0.001000,0.001000,0.001000
1041.173077,-0.049999,0.001000,0.001000,0.001000,0.001000,0.001000
1041.192308,-0.049987,0.001000,0.001000,0.001000,0.001000,0.001000
1041.211538,-0.049932,0.001000,0.001000,0.001000,0.001000,0.001000
1041.230769,-0.049832,0.001000,0.001000,0.001000,0.001000,0.001000
1041.250000,-0.049689,0.001000,0.001000,0.001000,0.001000,0.001000
1041.269231,-0.049501,0.001000,0.001000,0.001000,0.001000,0.001000
1041.288462,-0.049270,0.001000,0.001000,0.001000,0.001000,0.001000
1041.307692,-0.048995,0.001000,0.001000,0.001000,0.001000,0.001000
1041.326923,-0.048677,0.001000,0.001000,0.001000,0.001000,0.001000
1041.346154,-0.048316,0.001000,0.001000,0.001000,0.001000,0.001000
1041.365385,-0.047912,0.001000,0.001000,0.001000,0.001000,0.001000
1041.384615,-0.047466,0.001000,0.001000,0.001000,0.001000,0.001000
1041.403846,-0.046978,0.001000,0.001000,0.001000,0.001000,0.001000
1041.423077,-0.046448,0.001000,0.001000,0.001000,0.001000,0.001000
1041.442308,-0.045878,0.001000,0.001000,0.001000,0.001000,0.001000
1041.461538,-0.045266,0.001000,0.001000,0.001000,0.001000,0.001000
1041.480769,-0.044615,0.001000,0.001000,0.001000,0.001000,0.001000
1041.500000,-0.043925,0.001000,0.001000,0.001000,0.001000,0.001000
1041.519231,-0.043195,0.001000,0.001000,0.001000,0.001000,0.001000
1041.538462,-0.042428,0.001000,0.001000,0.001000,0.001000,0.001000
1041.557692,-0.041622,0.001000,0.001000,0.001000,0.001000,0.001000
1041.576923,-0.040781,0.001000,0.001000,0.001000,0.001000,0.001000
1041.596154,-0.039903,0.001000,0.001000,0.001000,0.001000,0.001000
1041.615385,-0.038990,0.001000,0.001000,0.001000,0.001000,0.001000
1041.634615,-0.038042,0.001000,0.001000,0.001000,0.001000,0.001000
1041.653846,-0.037061,0.001000,0.001000,0.001000,0.001000,0.001000
1041.673077,-0.036047,0.001000,0.001000,0.001000,0.001000,0.001000
1041.692308,-0.035001,0.001000,0.001000,0.001000,0.001000,0.001000
1041.711538,-0.033924,0.001000,0.001000,0.001000,0.001000,0.001000
1041.730769,-0.032817,0.001000,0.001000,0.001000,0.001000,0.001000
1041.750000,-0.031682,0.001000,0.001000,0.001000,0.001000,0.001000
1041.769231,-0.030518,0.001000,0.001000,0.001000,0.001000,0.001000
1041.788462,-0.029327,0.001000,0.001000,0.001000,0.001000,0.001000
1041.807692,-0.028111,0.001000,0.001000,0.001000,0.001000,0.001000
1041.826923,-0.026869,0.001000,0.001000,0.001000,0.001000,0.001000
1041.846154,-0.025604,0.001000,0.001000,0.001000,0.001000,0.001000
1041.865385,-0.024316,0.001000,0.001000,0.001000,0.001000,0.001000
1041.884615,-0.023007,0.001000,0.001000,0.001000,0.001000,0.001000
1041.903846,-0.021677,0.001000,0.001000,0.001000,0.001000,0.001000
1041.923077,-0.020329,0.001000,0.001000,0.001000,0.001000,0.001000
1041.942308,-0.018962,0.001000,0.001000,0.001000,0.001000,0.001000
1041.961538,-0.017578,0.001000,0.001000,0.001000,0.001000,0.001000
1041.980769,-0.016179,0.001000,0.001000,0.001000,0.001000,0.001000
1042.000000,-0.014766,0.001000,0.001000,0.001000,0.001000,0.001000
1042.019231,-0.013340,0.001000,0.001000,0.001000,0.001000,0.001000
1042.038462,-0.011901,0.001000,0.001000,0.001000,0.001000,0.001000
1042.057692,-0.010453,0.001000,0.001000,0.001000,0.001000,0.001000
1042.076923,-0.008995,0.001000,0.001000,0.001000,0.001000,0.001000
1042.096154,-0.007529,0.001000,0.001000,0.001000,0.001000,0.001000
1042.115385,-0.006056,0.001000,0.001000,0.001000,0.001000,0.001000
1042.134615,-0.004578,0.001000,0.001000,0.001000,0.001000,0.001000
1042.153846,-0.003097,0.001000,0.001000,0.001000,0.001000,0.001000
1042.173077,-0.001612,0.001000,0.001000,0.001000,0.001000,0.001000
1042.192308,-0.000126,0.001000,0.001000,0.001000,0.001000,0.001000
1042.211538,0.001360,0.001000,0.001000,0.001000,0.001000,0.001000
1042.230769,0.002845,0.001000,0.001000,0.001000,0.001000,0.001000
1042.250000,0.004328,0.001000,0.001000,0.001000,0.001000,0.001000
1042.269231,0.005806,0.001000,0.001000,0.001000,0.001000,0.001000
1042.288462,0.007280,0.001000,0.001000,0.001000,0.001000,0.001000
1042.307692,0.008747,0.001000,0.001000,0.001000,0.001000,0.001000
1042.326923,0.010206,0.001000,0.001000,0.001000,0.001000,0.001000
1042.346154,0.011657,0.001000,0.001000,0.001000,0.001000,0.001000
1042.365385,0.013097,0.001000,0.001000,0.001000,0.001000,0.001000
1042.384615,0.014525,0.001000,0.001000,0.001000,0.001000,0.001000
1042.403846,0.015941,0.001000,0.001000,0.001000,0.001000,0.001000
1042.423077,0.017342,0.001000,0.001000,0.001000,0.001000,0.001000
1042.442308,0.018729,0.001000,0.001000,0.001000,0.001000,0.001000
1042.461538,0.020098,0.001000,0.001000,0.001000,0.001000,0.001000
1042.480769,0.021450,0.001000,0.001000,0.001000,0.001000,0.001000
1042.500000,0.022783,0.001000,0.001000,0.001000,0.001000,0.001000
1042.519231,0.024096,0.001000,0.001000,0.001000,0.001000,0.001000
1042.538462,0.025388,0.001000,0.001000,0.001000,0.001000,0.001000
1042.557692,0.026657,0.001000,0.001000,0.001000,0.001000,0.001000
1042.576923,0.027902,0.001000,0.001000,0.001000,0.001000,0.001000
1042.596154,0.029123,0.001000,0.001000,0.001000,0.001000,0.001000
1042.615385,0.030318,0.001000,0.001000,0.001000,0.001000,0.001000
1042.634615,0.031487,0.001000,0.001000,0.001000,0.001000,0.001000
1042.653846,0.032627,0.001000,0.001000,0.001000,0.001000,0.001000
1042.673077,0.033739,0.001000,0.001000,0.001000,0.001000,0.001000
1042.692308,0.034821,0.001000,0.001000,0.001000,0.001000,0.001000
1042.711538,0.035872,0.001000,0.001000,0.001000,0.001000,0.001000
1042.730769,0.036891,0.001000,0.001000,0.001000,0.001000,0.001000
1042.750000,0.037878,0.001000,0.001000,0.001000,0.001000,0.001000
1042.769231,0.038832,0.001000,0.001000,0.001000,0.001000,0.001000
1042.788462,0.039751,0.001000,0.001000,0.001000,0.001000,0.001000
1042.807692,0.040634,0.001000,0.001000,0.001000,0.001000,0.001000
1042.826923,0.041482,0.001000,0.001000,0.001000,0.001000,0.001000
1042.846154,0.042294,0.001000,0.001000,0.001000,0.001000,0.001000
1042.865385,0.043068,0.001000,0.001000,0.001000,0.001000,0.001000
1042.884615,0.043804,0.001000,0.001000,0.001000,0.001000,0.001000
1042.903846,0.044501,0.001000,0.001000,0.001000,0.001000,0.001000
1042.923077,0.045159,0.001000,0.001000,0.001000,0.001000,0.001000
1042.942308,0.045777,0.001000,0.001000,0.001000,0.001000,0.001000
1042.961538,0.046354,0.001000,0.001000,0.001000,0.001000,0.001000
1042.980769,0.046891,0.001000,0.001000,0.001000,0.001000,0.001000
1043.000000,0.047386,0.001000,0.001000,0.001000,0.001000,0.001000
1043.019231,0.047839,0.001000,0.001000,0.001000,0.001000,0.001000
1043.038462,0.048250,0.001000,0.001000,0.001000,0.001000,0.001000
1043.057692,0.048619,0.001000,0.001000,0.001000,0.001000,0.001000
1043.076923,0.048944,0.001000,0.001000,0.001000,0.001000,0.001000
1043.096154,0.049226,0.001000,0.001000,0.001000,0.001000,0.001000
1043.115385,0.049465,0.001000,0.001000,0.001000,0.001000,0.001000
1043.134615,0.049660,0.001000,0.001000,0.001000,0.001000,0.001000
1043.153846,0.049811,0.001000,0.001000,0.001000,0.001000,0.001000
1043.173077,0.049918,0.001000,0.001000,0.001000,0.001000,0.001000
1043.192308,0.049981,0.001000,0.001000,0.001000,0.001000,0.001000
1043.211538,0.050000,0.001000,0.001000,0.001000,0.001000,0.001000
1043.230769,0.049974,0.001000,0.001000,0.001000,0.001000,0.001000
1043.250000,0.049905,0.001000,0.001000,0.001000,0.001000,0.001000
1043.269231,0.049791,0.001000,0.001000,0.001000,0.001000,0.001000
1043.288462,0.049634,0.001000,0.001000,0.001000,0.001000,0.001000
1043.307692,0.049432,0.001000,0.001000,0.001000,0.001000,0.001000
1043.326923,0.049187,0.001000,0.001000,0.001000,0.001000,0.001000
1043.346154,0.048898,0.001000,0.001000,0.001000,0.001000,0.001000
1043.365385,0.048566,0.001000,0.001000,0.001000,0.001000,0.001000
1043.384615,0.048192,0.001000,0.001000,0.001000,0.001000,0.001000
1043.403846,0.047774,0.001000,0.001000,0.001000,0.001000,0.001000
1043.423077,0.047315,0.001000,0.001000,0.001000,0.001000,0.001000
1043.442308,0.046813,0.001000,0.001000,0.001000,0.001000,0.001000
1043.461538,0.046270,0.001000,0.001000,0.001000,0.001000,0.001000
1043.480769,0.045687,0.001000,0.001000,0.001000,0.001000,0.001000
1043.500000,0.045063,0.001000,0.001000,0.001000,0.001000,0.001000
1043.519231,0.044399,0.001000,0.001000,0.001000,0.001000,0.001000
1043.538462,0.043696,0.001000,0.001000,0.001000,0.001000,0.001000
1043.557692,0.042954,0.001000,0.001000,0.001000,0.001000,0.001000
1043.576923,0.042175,0.001000,0.001000,0.001000,0.001000,0.001000
1043.596154,0.041358,0.001000,0.001000,0.001000,0.001000,0.001000
1043.615385,0.040504,0.001000,0.001000,0.001000,0.001000,0.001000
1043.634615,0.039615,0.001000,0.001000,0.001000,0.001000,0.001000
1043.653846,0.038691,0.001000,0.001000,0.001000,0.001000,0.001000
1043.673077,0.037732,0.001000,0.001000,0.001000,0.001000,0.001000
1043.692308,0.036741,0.001000,0.001000,0.001000,0.001000,0.001000
1043.711538,0.035716,0.001000,0.001000,0.001000,0.001000,0.001000
1043.730769,0.034661,0.001000,0.001000,0.001000,0.001000,0.001000
1043.750000,0.033574,0.001000,0.001000,0.001000,0.001000,0.001000
1043.769231,0.032458,0.001000,0.001000,0.001000,0.001000,0.001000
1043.788462,0.031313,0.001000,0.001000,0.001000,0.001000,0.001000
1043.807692,0.030141,0.001000,0.001000,0.001000,0.001000,0.001000
1043.826923,0.028942,0.001000,0.001000,0.001000,0.001000,0.001000
1043.846154,0.027717,0.001000,0.001000,0.001000,0.001000,0.001000
1043.865385,0.026468,0.001000,0.001000,0.001000,0.001000,0.001000
1043.884615,0.025195,0.001000,0.001000,0.001000,0.001000,0.001000
1043.903846,0.023901,0.001000,0.001000,0.001000,0.001000,0.001000
1043.923077,0.022585,0.001000,0.001000,0.001000,0.001000,0.001000
1043.942308,0.021249,0.001000,0.001000,0.001000,0.001000,0.001000
1043.961538,0.019894,0.001000,0.001000,0.001000,0.001000,0.001000
1043.980769,0.018522,0.001000,0.001000,0.001000,0.001000,0.001000
1044.000000,0.017133,0.001000,0.001000,0.001000,0.001000,0.001000
1044.019231,0.015730,0.001000,0.001000,0.001000,0.001000,0.001000
1044.038462,0.014312,0.001000,0.001000,0.001000,0.001000,0.001000
1044.057692,0.012882,0.001000,0.001000,0.001000,0.001000,0.001000
1044.076923,0.011440,0.001000,0.001000,0.001000,0.001000,0.001000
1044.096154,0.009988,0.001000,0.001000,0.001000,0.001000,0.001000
1044.115385,0.008528,0.001000,0.001000,0.001000,0.001000,0.001000
1044.134615,0.007059,0.001000,0.001000,0.001000,0.001000,0.001000
1044.153846,0.005585,0.001000,0.001000,0.001000,0.001000,0.001000
1044.173077,0.004106,0.001000,0.001000,0.001000,0.001000,0.001000
1044.192308,0.002623,0.001000,0.001000,0.001000,0.001000,0.001000
1044.211538,0.001138,0.001000,0.001000,0.001000,0.001000,0.001000
1044.230769,-0.000349,0.001000,0.001000,0.001000,0.001000,0.001000
1044.250000,-0.001835,0.001000,0.001000,0.001000,0.001000,0.001000
1044.269231,-0.003319,0.001000,0.001000,0.001000,0.001000,0.001000
1044.288462,-0.004800,0.001000,0.001000,0.001000,0.001000,0.001000
1044.307692,-0.006277,0.001000,0.001000,0.001000,0.001000,0.001000
1044.326923,-0.007749,0.001000,0.001000,0.001000,0.001000,0.001000
1044.346154,-0.009214,0.001000,0.001000,0.001000,0.001000,0.001000
1044.365385,-0.010670,0.001000,0.001000,0.001000,0.001000,0.001000
1044.384615,-0.012118,0.001000,0.001000,0.001000,0.001000,0.001000
1044.403846,-0.013554,0.001000,0.001000,0.001000,0.001000,0.001000
1044.423077,-0.014979,0.001000,0.001000,0.001000,0.001000,0.001000
1044.442308,-0.016390,0.001000,0.001000,0.001000,0.001000,0.001000
1044.461538,-0.017787,0.001000,0.001000,0.001000,0.001000,0.001000
1044.480769,-0.019168,0.001000,0.001000,0.001000,0.001000,0.001000
1044.500000,-0.020532,0.001000,0.001000,0.001000,0.001000,0.001000
1044.519231,-0.021878,0.001000,0.001000,0.001000,0.001000,0.001000
1044.538462,-0.023205,0.001000,0.001000,0.001000,0.001000,0.001000
1044.557692,-0.024511,0.001000,0.001000,0.001000,0.001000,0.001000
1044.576923,-0.025795,0.001000,0.001000,0.001000,0.001000,0.001000
1044.596154,-0.027057,0.001000,0.001000,0.001000,0.001000,0.001000
1044.615385,-0.028295,0.001000,0.001000,0.001000,0.001000,0.001000
1044.634615,-0.029507,0.001000,0.001000,0.001000,0.001000,0.001000
1044.653846,-0.030694,0.001000,0.001000,0.001000,0.001000,0.001000
1044.673077,-0.031854,0.001000,0.001000,0.001000,0.001000,0.001000
1044.692308,-0.032985,0.001000,0.001000,0.001000,0.001000,0.001000
1044.711538,-0.034088,0.001000,0.001000,0.001000,0.001000,0.001000
1044.730769,-0.035160,0.001000,0.001000,0.001000,0.001000,0.001000
1044.750000,-0.036201,0.001000,0.001000,0.001000,0.001000,0.001000
1044.769231,-0.037210,0.001000,0.001000,0.001000,0.001000,0.001000
1044.788462,-0.038186,0.001000,0.001000,0.001000,0.001000,0.001000
1044.807692,-0.039129,0.001000,0.001000,0.001000,0.001000,0.001000
1044.826923,-0.040037,0.001000,0.001000,0.001000,0.001000,0.001000
1044.846154,-0.040909,0.001000,0.001000,0.001000,0.001000,0.001000
1044.865385,-0.041746,0.001000,0.001000,0.001000,0.001000,0.001000
1044.884615,-0.042545,0.001000,0.001000,0.001000,0.001000,0.001000
1044.903846,-0.043307,0.001000,0.001000,0.001000,0.001000,0.001000
1044.923077,-0.044031,0.001000,0.001000,0.001000,0.001000,0.001000
1044.942308,-0.044715,0.001000,0.001000,0.001000,0.001000,0.001000
1044.961538,-0.045361,0.001000,0.001000,0.001000,0.001000,0.001000
1044.980769,-0.045966,0.001000,0.001000,0.001000,0.001000,0.001000
1045.000000,-0.046530,0.001000,0.001000,0.001000,0.001000,0.001000
1045.019231,-0.047054,0.001000,0.001000,0.001000,0.001000,0.001000
1045.038462,-0.047535,0.001000,0.001000,0.001000,0.001000,0.001000
1045.057692,-0.047975,0.001000,0.001000,0.001000,0.001000,0.001000
1045.076923,-0.048373,0.001000,0.001000,0.001000,0.001000,0.001000
1045.096154,-0.048727,0.001000,0.001000,0.001000,0.001000,0.001000
1045.115385,-0.049039,0.001000,0.001000,0.001000,0.001000,0.001000
1045.134615,-0.049307,0.001000,0.001000,0.001000,0.001000,0.001000
1045.153846,-0.049532,0.001000,0.001000,0.001000,0.001000,0.001000
1045.173077,-0.049713,0.001000,0.001000,0.001000,0.001000,0.001000
1045.192308,-0.049850,0.001000,0.001000,0.001000,0.001000,0.001000
1045.211538,-0.049943,0.001000,0.001000,0.001000,0.001000,0.001000
1045.230769,-0.049992,0.001000,0.001000,0.001000,0.001000,0.001000
1045.250000,-0.049997,0.001000,0.001000,0.001000,0.001000,0.001000
1045.269231,-0.049957,0.001000,0.001000,0.001000,0.001000,0.001000
1045.288462,-0.049873,0.001000,0.001000,0.001000,0.001000,0.001000
1045.307692,-0.049746,0.001000,0.001000,0.001000,0.001000,0.001000
1045.326923,-0.049574,0.001000,0.001000,0.001000,0.001000,0.001000
1045.346154,-0.049359,0.001000,0.001000,0.001000,0.001000,0.001000
1045.365385,-0.049099,0.001000,0.001000,0.001000,0.001000,0.001000
1045.384615,-0.048797,0.001000,0.001000,0.001000,0.001000,0.001000
1045.403846,-0.048451,0.001000,0.001000,0.001000,0.001000,0.001000
1045.423077,-0.048063,0.001000,0.001000,0.001000,0.001000,0.001000
1045.442308,-0.047632,0.001000,0.001000,0.001000,0.001000,0.001000
1045.461538,-0.047159,0.001000,0.001000,0.001000,0.001000,0.001000
1045.480769,-0.046644,0.001000,0.001000,0.001000,0.001000,0.001000
1045.500000,-0.046089,0.001000,0.001000,0.001000,0.001000,0.001000
1045.519231,-0.045492,0.001000,0.001000,0.001000,0.001000,0.001000
1045.538462,-0.044855,0.001000,0.001000,0.001000,0.001000,0.001000
1045.557692,-0.044179,0.001000,0.001000,0.001000,0.001000,0.001000
1045.576923,-0.043463,0.001000,0.001000,0.001000,0.001000,0.001000
1045.596154,-0.042709,0.001000,0.001000,0.001000,0.001000,0.001000
1045.615385,-0.041918,0.001000,0.001000,0.001000,0.001000,0.001000
1045.634615,-0.041089,0.001000,0.001000,0.001000,0.001000,0.001000
1045.653846,-0.040224,0.001000,0.001000,0.001000,0.001000,0.001000
1045.673077,-0.039324,0.001000,0.001000,0.001000,0.001000,0.001000
1045.692308,-0.038388,0.001000,0.001000,0.001000,0.001000,0.001000
1045.711538,-0.037419,0.001000,0.001000,0.001000,0.001000,0.001000
1045.730769,-0.036417,0.001000,0.001000,0.001000,0.001000,0.001000
1045.750000,-0.035383,0.001000,0.001000,0.001000,0.001000,0.001000
1045.769231,-0.034317,0.001000,0.001000,0.001000,0.001000,0.001000
1045.788462,-0.033221,0.001000,0.001000,0.001000,0.001000,0.001000
1045.807692,-0.032096,0.001000,0.001000,0.001000,0.001000,0.001000
1045.826923,-0.030942,0.001000,0.001000,0.001000,0.001000,0.001000
1045.846154,-0.029761,0.001000,0.001000,0.001000,0.001000,0.001000
1045.865385,-0.028553,0.001000,0.001000,0.001000,0.001000,0.001000
1045.884615,-0.027321,0.001000,0.001000,0.001000,0.001000,0.001000
1045.903846,-0.026064,0.001000,0.001000,0.001000,0.001000,0.001000
1045.923077,-0.024784,0.001000,0.001000,0.001000,0.001000,0.001000
1045.942308,-0.023483,0.001000,0.001000,0.001000,0.001000,0.001000
1045.961538,-0.022160,0.001000,0.001000,0.001000,0.001000,0.001000
1045.980769,-0.020818,0.001000,0.001000,0.001000,0.001000,0.001000
1046.000000,-0.019458,0.001000,0.001000,0.001000,0.001000,0.001000
1046.019231,-0.018080,0.001000,0.001000,0.001000,0.001000,0.001000
1046.038462,-0.016687,0.001000,0.001000,0.001000,0.001000,0.001000
1046.057692,-0.015278,0.001000,0.001000,0.001000,0.001000,0.001000
1046.076923,-0.013857,0.001000,0.001000,0.001000,0.001000,0.001000
1046.096154,-0.012423,0.001000,0.001000,0.001000,0.001000,0.001000
1046.115385,-0.010978,0.001000,0.001000,0.001000,0.001000,0.001000
1046.134615,-0.009523,0.001000,0.001000,0.001000,0.001000,0.001000
1046.153846,-0.008060,0.001000,0.001000,0.001000,0.001000,0.001000
1046.173077,-0.006589,0.001000,0.001000,0.001000,0.001000,0.001000
1046.192308,-0.005113,0.001000,0.001000,0.001000,0.001000,0.001000
1046.211538,-0.003633,0.001000,0.001000,0.001000,0.001000,0.001000
1046.230769,-0.002149,0.001000,0.001000,0.001000,0.001000,0.001000
1046.250000,-0.000663,0.001000,0.001000,0.001000,0.001000,0.001000
1046.269231,0.000823,0.001000,0.001000,0.001000,0.001000,0.001000
1046.288462,0.002309,0.001000,0.001000,0.001000,0.001000,0.001000
1046.307692,0.003792,0.001000,0.001000,0.001000,0.001000,0.001000
1046.326923,0.005272,0.001000,0.001000,0.001000,0.001000,0.001000
1046.346154,0.006748,0.001000,0.001000,0.001000,0.001000,0.001000
1046.365385,0.008217,0.001000,0.001000,0.001000,0.001000,0.001000
1046.384615,0.009680,0.001000,0.001000,0.001000,0.001000,0.001000
1046.403846,0.011134,0.001000,0.001000,0.001000,0.001000,0.001000
1046.423077,0.012577,0.001000,0.001000,0.001000,0.001000,0.001000
1046.442308,0.014010,0.001000,0.001000,0.001000,0.001000,0.001000
1046.461538,0.015431,0.001000,0.001000,0.001000,0.001000,0.001000
1046.480769,0.016837,0.001000,0.001000,0.001000,0.001000,0.001000
1046.500000,0.018229,0.001000,0.001000,0.001000,0.001000,0.001000
1046.519231,0.019605,0.001000,0.001000,0.001000,0.001000,0.001000
1046.538462,0.020964,0.001000,0.001000,0.001000,0.001000,0.001000
1046.557692,0.022304,0.001000,0.001000,0.001000,0.001000,0.001000
1046.576923,0.023624,0.001000,0.001000,0.001000,0.001000,0.001000
1046.596154,0.024923,0.001000,0.001000,0.001000,0.001000,0.001000
1046.615385,0.026200,0.001000,0.001000,0.001000,0.001000,0.001000
1046.634615,0.027455,0.001000,0.001000,0.001000,0.001000,0.001000
1046.653846,0.028685,0.001000,0.001000,0.001000,0.001000,0.001000
1046.673077,0.029889,0.001000,0.001000,0.001000,0.001000,0.001000
1046.692308,0.031067,0.001000,0.001000,0.001000,0.001000,0.001000
1046.711538,0.032218,0.001000,0.001000,0.001000,0.001000,0.001000
1046.730769,0.033340,0.001000,0.001000,0.001000,0.001000,0.001000
1046.750000,0.034433,0.001000,0.001000,0.001000,0.001000,0.001000
1046.769231,0.035495,0.001000,0.001000,0.001000,0.001000,0.001000
1046.788462,0.036526,0.001000,0.001000,0.001000,0.001000,0.001000
1046.807692,0.037525,0.001000,0.001000,0.001000,0.001000,0.001000
1046.826923,0.038491,0.001000,0.001000,0.001000,0.001000,0.001000
1046.846154,0.039422,0.001000,0.001000,0.001000,0.001000,0.001000
1046.865385,0.040319,0.001000,0.001000,0.001000,0.001000,0.001000
1046.884615,0.041180,0.001000,0.001000,0.001000,0.001000,0.001000
1046.903846,0.042005,0.001000,0.001000,0.001000,0.001000,0.001000
1046.923077,0.042792,0.001000,0.001000,0.001000,0.001000,0.001000
1046.942308,0.043542,0.001000,0.001000,0.001000,0.001000,0.001000
1046.961538,0.044253,0.001000,0.001000,0.001000,0.001000,0.001000
1046.980769,0.044926,0.001000,0.001000,0.001000,0.001000,0.001000
1047.000000,0.045558,0.001000,0.001000,0.001000,0.001000,0.001000
1047.019231,0.046150,0.001000,0.001000,0.001000,0.001000,0.001000
1047.038462,0.046702,0.001000,0.001000,0.001000,0.001000,0.001000
1047.057692,0.047212,0.001000,0.001000,0.001000,0.001000,0.001000
1047.076923,0.047680,0.001000,0.001000,0.001000,0.001000,0.001000
1047.096154,0.048107,0.001000,0.001000,0.001000,0.001000,0.001000
1047.115385,0.048491,0.001000,0.001000,0.001000,0.001000,0.001000
1047.134615,0.048832,0.001000,0.001000,0.001000,0.001000,0.001000
1047.153846,0.049129,0.001000,0.001000,0.001000,0.001000,0.001000
1047.173077,0.049384,0.001000,0.001000,0.001000,0.001000,0.001000
1047.192308,0.049595,0.001000,0.001000,0.001000,0.001000,0.001000
1047.211538,0.049762,0.001000,0.001000,0.001000,0.001000,0.001000
1047.230769,0.049885,0.001000,0.001000,0.001000,0.001000,0.001000
1047.250000,0.049963,0.001000,0.001000,0.001000,0.001000,0.001000
1047.269231,0.049998,0.001000,0.001000,0.001000,0.001000,0.001000
1047.288462,0.049989,0.001000,0.001000,0.001000,0.001000,0.001000
1047.307692,0.049935,0.001000,0.001000,0.001000,0.001000,0.001000
1047.326923,0.049837,0.001000,0.001000,0.001000,0.001000,0.001000
1047.346154,0.049696,0.001000,0.001000,0.001000,0.001000,0.001000
1047.365385,0.049510,0.001000,0.001000,0.001000,0.001000,0.001000
1047.384615,0.049281,0.001000,0.001000,0.001000,0.001000,0.001000
1047.403846,0.049008,0.001000,0.001000,0.001000,0.001000,0.001000
1047.423077,0.048691,0.001000,0.001000,0.001000,0.001000,0.001000
1047.442308,0.048332,0.001000,0.001000,0.001000,0.001000,0.001000
1047.461538,0.047930,0.001000,0.001000,0.001000,0.001000,0.001000
1047.480769,0.047486,0.001000,0.001000,0.001000,0.001000,0.001000
1047.500000,0.046999,0.001000,0.001000,0.001000,0.001000,0.001000
1047.519231,0.046471,0.001000,0.001000,0.001000,0.001000,0.001000
1047.538462,0.045903,0.001000,0.001000,0.001000,0.001000,0.001000
1047.557692,0.045293,0.001000,0.001000,0.001000,0.001000,0.001000
1047.576923,0.044644,0.001000,0.001000,0.001000,0.001000,0.001000
1047.596154,0.043955,0.001000,0.001000,0.001000,0.001000,0.001000
1047.615385,0.043227,0.001000,0.001000,0.001000,0.001000,0.001000
1047.634615,0.042461,0.001000,0.001000,0.001000,0.001000,0.001000
1047.653846,0.041657,0.001000,0.001000,0.001000,0.001000,0.001000
1047.673077,0.040817,0.001000,0.001000,0.001000,0.001000,0.001000
1047.692308,0.039941,0.001000,0.001000,0.001000,0.001000,0.001000
1047.711538,0.039029,0.001000,0.001000,0.001000,0.001000,0.001000
1047.730769,0.038083,0.001000,0.001000,0.001000,0.001000,0.001000
1047.750000,0.037103,0.001000,0.001000,0.001000,0.001000,0.001000
1047.769231,0.036090,0.001000,0.001000,0.001000,0.001000,0.001000
1047.788462,0.035046,0.001000,0.001000,0.001000,0.001000,0.001000
1047.807692,0.033970,0.001000,0.001000,0.001000,0.001000,0.001000
1047.826923,0.032865,0.001000,0.001000,0.001000,0.001000,0.001000
1047.846154,0.031730,0.001000,0.001000,0.001000,0.001000,0.001000
1047.865385,0.030568,0.001000,0.001000,0.001000,0.001000,0.001000
1047.884615,0.029378,0.001000,0.001000,0.001000,0.001000,0.001000
1047.903846,0.028163,0.001000,0.001000,0.001000,0.001000,0.001000
1047.923077,0.026922,0.001000,0.001000,0.001000,0.001000,0.001000
1047.942308,0.025658,0.001000,0.001000,0.001000,0.001000,0.001000
1047.961538,0.024371,0.001000,0.001000,0.001000,0.001000,0.001000
1047.980769,0.023063,0.001000,0.001000,0.001000,0.001000,0.001000
1048.000000,0.021734,0.001000,0.001000,0.001000,0.001000,0.001000
1048.019231,0.020386,0.001000,0.001000,0.001000,0.001000,0.001000
1048.038462,0.019020,0.001000,0.001000,0.001000,0.001000,0.001000
1048.057692,0.017637,0.001000,0.001000,0.001000,0.001000,0.001000
1048.076923,0.016239,0.001000,0.001000,0.001000,0.001000,0.001000
1048.096154,0.014826,0.001000,0.001000,0.001000,0.001000,0.001000
1048.115385,0.013400,0.001000,0.001000,0.001000,0.001000,0.001000
1048.134615,0.011962,0.001000,0.001000,0.001000,0.001000,0.001000
1048.153846,0.010514,0.001000,0.001000,0.001000,0.001000,0.001000
1048.173077,0.009057,0.001000,0.001000,0.001000,0.001000,0.001000
1048.192308,0.007591,0.001000,0.001000,0.001000,0.001000,0.001000
1048.211538,0.006119,0.001000,0.001000,0.001000,0.001000,0.001000
1048.230769,0.004641,0.001000,0.001000,0.001000,0.001000,0.001000
1048.250000,0.003159,0.001000,0.001000,0.001000,0.001000,0.001000
1048.269231,0.001675,0.001000,0.001000,0.001000,0.001000,0.001000
1048.288462,0.000189,0.001000,0.001000,0.001000,0.001000,0.001000
1048.307692,-0.001297,0.001000,0.001000,0.001000,0.001000,0.001000
1048.326923,-0.002783,0.001000,0.001000,0.001000,0.001000,0.001000
1048.346154,-0.004265,0.001000,0.001000,0.001000,0.001000,0.001000
1048.365385,-0.005744,0.001000,0.001000,0.001000,0.001000,0.001000
1048.384615,-0.007218,0.001000,0.001000,0.001000,0.001000,0.001000
1048.403846,-0.008685,0.001000,0.001000,0.001000,0.001000,0.001000
1048.423077,-0.010145,0.001000,0.001000,0.001000,0.001000,0.001000
1048.442308,-0.011596,0.001000,0.001000,0.001000,0.001000,0.001000
1048.461538,-0.013036,0.001000,0.001000,0.001000,0.001000,0.001000
1048.480769,-0.014465,0.001000,0.001000,0.001000,0.001000,0.001000
1048.500000,-0.015881,0.001000,0.001000,0.001000,0.001000,0.001000
1048.519231,-0.017283,0.001000,0.001000,0.001000,0.001000,0.001000
1048.538462,-0.018670,0.001000,0.001000,0.001000,0.001000,0.001000
1048.557692,-0.020041,0.001000,0.001000,0.001000,0.001000,0.001000
1048.576923,-0.021393,0.001000,0.001000,0.001000,0.001000,0.001000
1048.596154,-0.022727,0.001000,0.001000,0.001000,0.001000,0.001000
1048.615385,-0.024041,0.001000,0.001000,0.001000,0.001000,0.001000
1048.634615,-0.025333,0.001000,0.001000,0.001000,0.001000,0.001000
1048.653846,-0.026603,0.001000,0.001000,0.001000,0.001000,0.001000
1048.673077,-0.027850,0.001000,0.001000,0.001000,0.001000,0.001000
1048.692308,-0.029072,0.001000,0.001000,0.001000,0.001000,0.001000
1048.711538,-0.030268,0.001000,0.001000,0.001000,0.001000,0.001000
1048.730769,-0.031438,0.001000,0.001000,0.001000,0.001000,0.001000
1048.750000,-0.032579,0.001000,0.001000,0.001000,0.001000,0.001000
1048.769231,-0.033692,0.001000,0.001000,0.001000,0.001000,0.001000
1048.788462,-0.034776,0.001000,0.001000,0.001000,0.001000,0.001000
1048.807692,-0.035828,0.001000,0.001000,0.001000,0.001000,0.001000
1048.826923,-0.036849,0.001000,0.001000,0.001000,0.001000,0.001000
1048.846154,-0.037837,0.001000,0.001000,0.001000,0.001000,0.001000
1048.865385,-0.038792,0.001000,0.001000,0.001000,0.001000,0.001000
1048.884615,-0.039712,0.001000,0.001000,0.001000,0.001000,0.001000
1048.903846,-0.040598,0.001000,0.001000,0.001000,0.001000,0.001000
1048.923077,-0.041447,0.001000,0.001000,0.001000,0.001000,0.001000
1048.942308,-0.042260,0.001000,0.001000,0.001000,0.001000,0.001000
1048.961538,-0.043036,0.001000,0.001000,0.001000,0.001000,0.001000
1048.980769,-0.043773,0.001000,0.001000,0.001000,0.001000,0.001000
1049.000000,-0.044472,0.001000,0.001000,0.001000,0.001000,0.001000
1049.019231,-0.045132,0.001000,0.001000,0.001000,0.001000,0.001000
1049.038462,-0.045752,0.001000,0.001000,0.001000,0.001000,0.001000
1049.057692,-0.046331,0.001000,0.001000,0.001000,0.001000,0.001000
1049.076923,-0.046869,0.001000,0.001000,0.001000,0.001000,0.001000
1049.096154,-0.047366,0.001000,0.001000,0.001000,0.001000,0.001000
1049.115385,-0.047821,0.001000,0.001000,0.001000,0.001000,0.001000
1049.134615,-0.048234,0.001000,0.001000,0.001000,0.001000,0.001000
1049.153846,-0.048604,0.001000,0.001000,0.001000,0.001000,0.001000
1049.173077,-0.048931,0.001000,0.001000,0.001000,0.001000,0.001000
1049.192308,-0.049215,0.001000,0.001000,0.001000,0.001000,0.001000
1049.211538,-0.049456,0.001000,0.001000,0.001000,0.001000,0.001000
1049.230769,-0.049653,0.001000,0.001000,0.001000,0.001000,0.001000
1049.250000,-0.049806,0.001000,0.001000,0.001000,0.001000,0.001000
1049.269231,-0.049915,0.001000,0.001000,0.001000,0.001000,0.001000
1049.288462,-0.049979,0.001000,0.001000,0.001000,0.001000,0.001000
1049.307692,-0.050000,0.001000,0.001000,0.001000,0.001000,0.001000
1049.326923,-0.049976,0.001000,0.001000,0.001000,0.001000,0.001000
1049.346154,-0.049909,0.001000,0.001000,0.001000,0.001000,0.001000
1049.365385,-0.049797,0.001000,0.001000,0.001000,0.001000,0.001000
1049.384615,-0.049641,0.001000,0.001000,0.001000,0.001000,0.001000
1049.403846,-0.049441,0.001000,0.001000,0.001000,0.001000,0.001000
1049.423077,-0.049198,0.001000,0.001000,0.001000,0.001000,0.001000
1049.442308,-0.048911,0.001000,0.001000,0.001000,0.001000,0.001000
1049.461538,-0.048581,0.001000,0.001000,0.001000,0.001000,0.001000
1049.480769,-0.048208,0.001000,0.001000,0.001000,0.001000,0.001000
1049.500000,-0.047793,0.001000,0.001000,0.001000,0.001000,0.001000
1049.519231,-0.047335,0.001000,0.001000,0.001000,0.001000,0.001000
1049.538462,-0.046835,0.001000,0.001000,0.001000,0.001000,0.001000
1049.557692,-0.046294,0.001000,0.001000,0.001000,0.001000,0.001000
1049.576923,-0.045712,0.001000,0.001000,0.001000,0.001000,0.001000
1049.596154,-0.045090,0.001000,0.001000,0.001000,0.001000,0.001000
1049.615385,-0.044428,0.001000,0.001000,0.001000,0.001000,0.001000
1049.634615,-0.043726,0.001000,0.001000,0.001000,0.001000,0.001000
1049.653846,-0.042986,0.001000,0.001000,0.001000,0.001000,0.001000
1049.673077,-0.042208,0.001000,0.001000,0.001000,0.001000,0.001000
1049.692308,-0.041393,0.001000,0.001000,0.001000,0.001000,0.001000
1049.711538,-0.040541,0.001000,0.001000,0.001000,0.001000,0.001000
1049.730769,-0.039653,0.001000,0.001000,0.001000,0.001000,0.001000
1049.750000,-0.038731,0.001000,0.001000,0.001000,0.001000,0.001000
1049.769231,-0.037774,0.001000,0.001000,0.001000,0.001000,0.001000
1049.788462,-0.036783,0.001000,0.001000,0.001000,0.001000,0.001000
1049.807692,-0.035760,0.001000,0.001000,0.001000,0.001000,0.001000
1049.826923,-0.034706,0.001000,0.001000,0.001000,0.001000,0.001000
1049.846154,-0.033621,0.001000,0.001000,0.001000,0.001000,0.001000
1049.865385,-0.032506,0.001000,0.001000,0.001000,0.001000,0.001000
1049.884615,-0.031362,0.001000,0.001000,0.001000,0.001000,0.001000
1049.903846,-0.030191,0.001000,0.001000,0.001000,0.001000,0.001000
1049.923077,-0.028993,0.001000,0.001000,0.001000,0.001000,0.001000
1049.942308,-0.027769,0.001000,0.001000,0.001000,0.001000,0.001000
1049.961538,-0.026521,0.001000,0.001000,0.001000,0.001000,0.001000
1049.980769,-0.025250,0.001000,0.001000,0.001000,0.001000,0.001000
1050.000000,-0.023956,0.001000,0.001000,0.001000,0.001000,0.001000
1050.019231,-0.022641,0.001000,0.001000,0.001000,0.001000,0.001000
1050.038462,-0.021306,0.001000,0.001000,0.001000,0.001000,0.001000
1050.057692,-0.019952,0.001000,0.001000,0.001000,0.001000,0.001000
1050.076923,-0.018580,0.001000,0.001000,0.001000,0.001000,0.001000
1050.096154,-0.017192,0.001000,0.001000,0.001000,0.001000,0.001000
1050.115385,-0.015789,0.001000,0.001000,0.001000,0.001000,0.001000
1050.134615,-0.014372,0.001000,0.001000,0.001000,0.001000,0.001000
1050.153846,-0.012942,0.001000,0.001000,0.001000,0.001000,0.001000
1050.173077,-0.011501,0.001000,0.001000,0.001000,0.001000,0.001000
1050.192308,-0.010050,0.001000,0.001000,0.001000,0.001000,0.001000
1050.211538,-0.008590,0.001000,0.001000,0.001000,0.001000,0.001000
1050.230769,-0.007122,0.001000,0.001000,0.001000,0.001000,0.001000
1050.250000,-0.005648,0.001000,0.001000,0.001000,0.001000,0.001000
1050.269231,-0.004169,0.001000,0.001000,0.001000,0.001000,0.001000
1050.288462,-0.002686,0.001000,0.001000,0.001000,0.001000,0.001000
1050.307692,-0.001201,0.001000,0.001000,0.001000,0.001000,0.001000
1050.326923,0.000286,0.001000,0.001000,0.001000,0.001000,0.001000
1050.346154,0.001772,0.001000,0.001000,0.001000,0.001000,0.001000
1050.365385,0.003256,0.001000,0.001000,0.001000,0.001000,0.001000
1050.384615,0.004738,0.001000,0.001000,0.001000,0.001000,0.001000
1050.403846,0.006215,0.001000,0.001000,0.001000,0.001000,0.001000
1050.423077,0.007687,0.001000,0.001000,0.001000,0.001000,0.001000
1050.442308,0.009152,0.001000,0.001000,0.001000,0.001000,0.001000
1050.461538,0.010609,0.001000,0.001000,0.001000,0.001000,0.001000
1050.480769,0.012057,0.001000,0.001000,0.001000,0.001000,0.001000
1050.500000,0.013494,0.001000,0.001000,0.001000,0.001000,0.001000
1050.519231,0.014919,0.001000,0.001000,0.001000,0.001000,0.001000
1050.538462,0.016330,0.001000,0.001000,0.001000,0.001000,0.001000
1050.557692,0.017728,0.001000,0.001000,0.001000,0.001000,0.001000
1050.576923,0.019110,0.001000,0.001000,0.001000,0.001000,0.001000
1050.596154,0.020475,0.001000,0.001000,0.001000,0.001000,0.001000
1050.615385,0.021821,0.001000,0.001000,0.001000,0.001000,0.001000
1050.634615,0.023149,0.001000,0.001000,0.001000,0.001000,0.001000
1050.653846,0.024456,0.001000,0.001000,0.001000,0.001000,0.001000
1050.673077,0.025741,0.001000,0.001000,0.001000,0.001000,0.001000
1050.692308,0.027004,0.001000,0.001000,0.001000,0.001000,0.001000
1050.711538,0.028243,0.001000,0.001000,0.001000,0.001000,0.001000
1050.730769,0.029457,0.001000,0.001000,0.001000,0.001000,0.001000
1050.750000,0.030644,0.001000,0.001000,0.001000,0.001000,0.001000
1050.769231,0.031805,0.001000,0.001000,0.001000,0.001000,0.001000
1050.788462,0.032938,0.001000,0.001000,0.001000,0.001000,0.001000
1050.807692,0.034041,0.001000,0.001000,0.001000,0.001000,0.001000
1050.826923,0.035115,0.001000,0.001000,0.001000,0.001000,0.001000
1050.846154,0.036157,0.001000,0.001000,0.001000,0.001000,0.001000
1050.865385,0.037168,0.001000,0.001000,0.001000,0.001000,0.001000
1050.884615,0.038146,0.001000,0.001000,0.001000,0.001000,0.001000
1050.903846,0.039089,0.001000,0.001000,0.001000,0.001000,0.001000
1050.923077,0.039999,0.001000,0.001000,0.001000,0.001000,0.001000
1050.942308,0.040873,0.001000,0.001000,0.001000,0.001000,0.001000
1050.961538,0.041711,0.001000,0.001000,0.001000,0.001000,0.001000
1050.980769,0.042512,0.001000,0.001000,0.001000,0.001000,0.001000
1051.000000,0.043275,0.001000,0.001000,0.001000,0.001000,0.001000
1051.019231,0.044001,0.001000,0.001000,0.001000,0.001000,0.001000
1051.038462,0.044687,0.001000,0.001000,0.001000,0.001000,0.001000
1051.057692,0.045334,0.001000,0.001000,0.001000,0.001000,0.001000
1051.076923,0.045941,0.001000,0.001000,0.001000,0.001000,0.001000
1051.096154,0.046507,0.001000,0.001000,0.001000,0.001000,0.001000
1051.115385,0.047032,0.001000,0.001000,0.001000,0.001000,0.001000
1051.134615,0.047516,0.001000,0.001000,0.001000,0.001000,0.001000
1051.153846,0.047958,0.001000,0.001000,0.001000,0.001000,0.001000
1051.173077,0.048357,0.001000,0.001000,0.001000,0.001000,0.001000
1051.192308,0.048713,0.001000,0.001000,0.001000,0.001000,0.001000
1051.211538,0.049027,0.001000,0.001000,0.001000,0.001000,0.001000
1051.230769,0.049297,0.001000,0.001000,0.001000,0.001000,0.001000
1051.250000,0.049523,0.001000,0.001000,0.001000,0.001000,0.001000
1051.269231,0.049706,0.001000,0.001000,0.001000,0.001000,0.001000
1051.288462,0.049845,0.001000,0.001000,0.001000,0.001000,0.001000
1051.307692,0.049940,0.001000,0.001000,0.001000,0.001000,0.001000
1051.326923,0.049991,0.001000,0.001000,0.001000,0.001000,0.001000
1051.346154,0.049997,0.001000,0.001000,0.001000,0.001000,0.001000
1051.365385,0.049960,0.001000,0.001000,0.001000,0.001000,0.001000
1051.384615,0.049878,0.001000,0.001000,0.001000,0.001000,0.001000
1051.403846,0.049752,0.001000,0.001000,0.001000,0.001000,0.001000
1051.423077,0.049582,0.001000,0.001000,0.001000,0.001000,0.001000
1051.442308,0.049369,0.001000,0.001000,0.001000,0.001000,0.001000
1051.461538,0.049111,0.001000,0.001000,0.001000,0.001000,0.001000
1051.480769,0.048811,0.001000,0.001000,0.001000,0.001000,0.001000
1051.500000,0.048467,0.001000,0.001000,0.001000,0.001000,0.001000
1051.519231,0.048080,0.001000,0.001000,0.001000,0.001000,0.001000
1051.538462,0.047651,0.001000,0.001000,0.001000,0.001000,0.001000
1051.557692,0.047180,0.001000,0.001000,0.001000,0.001000,0.001000
1051.576923,0.046667,0.001000,0.001000,0.001000,0.001000,0.001000
1051.596154,0.046113,0.001000,0.001000,0.001000,0.001000,0.001000
1051.615385,0.045518,0.001000,0.001000,0.001000,0.001000,0.001000
1051.634615,0.044883,0.001000,0.001000,0.001000,0.001000,0.001000
1051.653846,0.044208,0.001000,0.001000,0.001000,0.001000,0.001000
1051.673077,0.043494,0.001000,0.001000,0.001000,0.001000,0.001000
1051.692308,0.042742,0.001000,0.001000,0.001000,0.001000,0.001000
1051.711538,0.041952,0.001000,0.001000,0.001000,0.001000,0.001000
1051.730769,0.041125,0.001000,0.001000,0.001000,0.001000,0.001000
1051.750000,0.040262,0.001000,0.001000,0.001000,0.001000,0.001000
1051.769231,0.039363,0.001000,0.001000,0.001000,0.001000,0.001000
1051.788462,0.038429,0.001000,0.001000,0.001000,0.001000,0.001000
1051.807692,0.037461,0.001000,0.001000,0.001000,0.001000,0.001000
1051.826923,0.036460,0.001000,0.001000,0.001000,0.001000,0.001000
1051.846154,0.035427,0.001000,0.001000,0.001000,0.001000,0.001000
1051.865385,0.034363,0.001000,0.001000,0.001000,0.001000,0.001000
1051.884615,0.033268,0.001000,0.001000,0.001000,0.001000,0.001000
1051.903846,0.032144,0.001000,0.001000,0.001000,0.001000,0.001000
1051.923077,0.030991,0.001000,0.001000,0.001000,0.001000,0.001000
1051.942308,0.029811,0.001000,0.001000,0.001000,0.001000,0.001000
1051.961538,0.028605,0.001000,0.001000,0.001000,0.001000,0.001000
1051.980769,0.027374,0.001000,0.001000,0.001000,0.001000,0.001000
1052.000000,0.026118,0.001000,0.001000,0.001000,0.001000,0.001000
1052.019231,0.024839,0.001000,0.001000,0.001000,0.001000,0.001000
1052.038462,0.023538,0.001000,0.001000,0.001000,0.001000,0.001000
1052.057692,0.022217,0.001000,0.001000,0.001000,0.001000,0.001000
1052.076923,0.020876,0.001000,0.001000,0.001000,0.001000,0.001000
1052.096154,0.019516,0.001000,0.001000,0.001000,0.001000,0.001000
1052.115385,0.018139,0.001000,0.001000,0.001000,0.001000,0.001000
1052.134615,0.016746,0.001000,0.001000,0.001000,0.001000,0.001000
1052.153846,0.015338,0.001000,0.001000,0.001000,0.001000,0.001000
1052.173077,0.013917,0.001000,0.001000,0.001000,0.001000,0.001000
1052.192308,0.012484,0.001000,0.001000,0.001000,0.001000,0.001000
1052.211538,0.011039,0.001000,0.001000,0.001000,0.001000,0.001000
1052.230769,0.009585,0.001000,0.001000,0.001000,0.001000,0.001000
1052.250000,0.008122,0.001000,0.001000,0.001000,0.001000,0.001000
1052.269231,0.006652,0.001000,0.001000,0.001000,0.001000,0.001000
1052.288462,0.005176,0.001000,0.001000,0.001000,0.001000,0.001000
1052.307692,0.003696,0.001000,0.001000,0.001000,0.001000,0.001000
1052.326923,0.002212,0.001000,0.001000,0.001000,0.001000,0.001000
1052.346154,0.000726,0.001000,0.001000,0.001000,0.001000,0.001000
1052.365385,-0.000760,0.001000,0.001000,0.001000,0.001000,0.001000
1052.384615,-0.002246,0.001000,0.001000,0.001000,0.001000,0.001000
1052.403846,-0.003729,0.001000,0.001000,0.001000,0.001000,0.001000
1052.423077,-0.005210,0.001000,0.001000,0.001000,0.001000,0.001000
1052.442308,-0.006686,0.001000,0.001000,0.001000,0.001000,0.001000
1052.461538,-0.008155,0.001000,0.001000,0.001000,0.001000,0.001000
1052.480769,-0.009618,0.001000,0.001000,0.001000,0.001000,0.001000
1052.500000,-0.011072,0.001000,0.001000,0.001000,0.001000,0.001000
1052.519231,-0.012517,0.001000,0.001000,0.001000,0.001000,0.001000
1052.538462,-0.013950,0.001000,0.001000,0.001000,0.001000,0.001000
1052.557692,-0.015371,0.001000,0.001000,0.001000,0.001000,0.001000
1052.576923,-0.016778,0.001000,0.001000,0.001000,0.001000,0.001000
1052.596154,-0.018171,0.001000,0.001000,0.001000,0.001000,0.001000
1052.615385,-0.019547,0.001000,0.001000,0.001000,0.001000,0.001000
1052.634615,-0.020906,0.001000,0.001000,0.001000,0.001000,0.001000
1052.653846,-0.022247,0.001000,0.001000,0.001000,0.001000,0.001000
1052.673077,-0.023568,0.001000,0.001000,0.001000,0.001000,0.001000
1052.692308,-0.024869,0.001000,0.001000,0.001000,0.001000,0.001000
1052.711538,-0.026147,0.001000,0.001000,0.001000,0.001000,0.001000
1052.730769,-0.027402,0.001000,0.001000,0.001000,0.001000,0.001000
1052.750000,-0.028633,0.001000,0.001000,0.001000,0.001000,0.001000
1052.769231,-0.029839,0.001000,0.001000,0.001000,0.001000,0.001000
1052.788462,-0.031018,0.001000,0.001000,0.001000,0.001000,0.001000
1052.807692,-0.032170,0.001000,0.001000,0.001000,0.001000,0.001000
1052.826923,-0.033293,0.001000,0.001000,0.001000,0.001000,0.001000
1052.846154,-0.034387,0.001000,0.001000,0.001000,0.001000,0.001000
1052.865385,-0.035451,0.001000,0.001000,0.001000,0.001000,0.001000
1052.884615,-0.036483,0.001000,0.001000,0.001000,0.001000,0.001000
1052.903846,-0.037484,0.001000,0.001000,0.001000,0.001000,0.001000
1052.923077,-0.038451,0.001000,0.001000,0.001000,0.001000,0.001000
1052.942308,-0.039384,0.001000,0.001000,0.001000,0.001000,0.001000
1052.961538,-0.040282,0.001000,0.001000,0.001000,0.001000,0.001000
1052.980769,-0.041144,0.001000,0.001000,0.001000,0.001000,0.001000
1053.000000,-0.041971,0.001000,0.001000,0.001000,0.001000,0.001000
1053.019231,-0.042760,0.001000,0.001000,0.001000,0.001000,0.001000
1053.038462,-0.043511,0.001000,0.001000,0.001000,0.001000,0.001000
1053.057692,-0.044224,0.001000,0.001000,0.001000,0.001000,0.001000
1053.076923,-0.044898,0.001000,0.001000,0.001000,0.001000,0.001000
1053.096154,-0.045532,0.001000,0.001000,0.001000,0.001000,0.001000
1053.115385,-0.046126,0.001000,0.001000,0.001000,0.001000,0.001000
1053.134615,-0.046679,0.001000,0.001000,0.001000,0.001000,0.001000
1053.153846,-0.047191,0.001000,0.001000,0.001000,0.001000,0.001000
1053.173077,-0.047661,0.001000,0.001000,0.001000,0.001000,0.001000
1053.192308,-0.048090,0.001000,0.001000,0.001000,0.001000,0.001000
1053.211538,-0.048475,0.001000,0.001000,0.001000,0.001000,0.001000
1053.230769,-0.048818,0.001000,0.001000,0.001000,0.001000,0.001000
1053.250000,-0.049118,0.001000,0.001000,0.001000,0.001000,0.001000
1053.269231,-0.049374,0.001000,0.001000,0.001000,0.001000,0.001000
1053.288462,-0.049587,0.001000,0.001000,0.001000,0.001000,0.001000
1053.307692,-0.049755,0.001000,0.001000,0.001000,0.001000,0.001000
1053.326923,-0.049880,0.001000,0.001000,0.001000,0.001000,0.001000
1053.346154,-0.049961,0.001000,0.001000,0.001000,0.001000,0.001000
1053.365385,-0.049998,0.001000,0.001000,0.001000,0.001000,0.001000
1053.384615,-0.049990,0.001000,0.001000,0.001000,0.001000,0.001000
1053.403846,-0.049938,0.001000,0.001000,0.001000,0.001000,0.001000
1053.423077,-0.049842,0.001000,0.001000,0.001000,0.001000,0.001000
1053.442308,-0.049703,0.001000,0.001000,0.001000,0.001000,0.001000
1053.461538,-0.049519,0.001000,0.001000,0.001000,0.001000,0.001000
1053.480769,-0.049291,0.001000,0.001000,0.001000,0.001000,0.001000
1053.500000,-0.049020,0.001000,0.001000,0.001000,0.001000,0.001000
1053.519231,-0.048706,0.001000,0.001000,0.001000,0.001000,0.001000
1053.538462,-0.048348,0.001000,0.001000,0.001000,0.001000,0.001000
1053.557692,-0.047948,0.001000,0.001000,0.001000,0.001000,0.001000
1053.576923,-0.047505,0.001000,0.001000,0.001000,0.001000,0.001000
1053.596154,-0.047021,0.001000,0.001000,0.001000,0.001000,0.001000
1053.615385,-0.046495,0.001000,0.001000,0.001000,0.001000,0.001000
1053.634615,-0.045927,0.001000,0.001000,0.001000,0.001000,0.001000
1053.653846,-0.045320,0.001000,0.001000,0.001000,0.001000,0.001000
1053.673077,-0.044672,0.001000,0.001000,0.001000,0.001000,0.001000
1053.692308,-0.043985,0.001000,0.001000,0.001000,0.001000,0.001000
1053.711538,-0.043258,0.001000,0.001000,0.001000,0.001000,0.001000
1053.730769,-0.042494,0.001000,0.001000,0.001000,0.001000,0.001000
1053.750000,-0.041692,0.001000,0.001000,0.001000,0.001000,0.001000
1053.769231,-0.040853,0.001000,0.001000,0.001000,0.001000,0.001000
1053.788462,-0.039978,0.001000,0.001000,0.001000,0.001000,0.001000
1053.807692,-0.039068,0.001000,0.001000,0.001000,0.001000,0.001000
1053.826923,-0.038124,0.001000,0.001000,0.001000,0.001000,0.001000
1053.846154,-0.037145,0.001000,0.001000,0.001000,0.001000,0.001000
1053.865385,-0.036134,0.001000,0.001000,0.001000,0.001000,0.001000
1053.884615,-0.035091,0.001000,0.001000,0.001000,0.001000,0.001000
1053.903846,-0.034017,0.001000,0.001000,0.001000,0.001000,0.001000
1053.923077,-0.032912,0.001000,0.001000,0.001000,0.001000,0.001000
1053.942308,-0.031779,0.001000,0.001000,0.001000,0.001000,0.001000
1053.961538,-0.030618,0.001000,0.001000,0.001000,0.001000,0.001000
1053.980769,-0.029429,0.001000,0.001000,0.001000,0.001000,0.001000
1054.000000,-0.028215,0.001000,0.001000,0.001000,0.001000,0.001000
1054.019231,-0.026975,0.001000,0.001000,0.001000,0.001000,0.001000
1054.038462,-0.025712,0.001000,0.001000,0.001000,0.001000,0.001000
1054.057692,-0.024426,0.001000,0.001000,0.001000,0.001000,0.001000
1054.076923,-0.023119,0.001000,0.001000,0.001000,0.001000,0.001000
1054.096154,-0.021791,0.001000,0.001000,0.001000,0.001000,0.001000
1054.115385,-0.020443,0.001000,0.001000,0.001000,0.001000,0.001000
1054.134615,-0.019078,0.001000,0.001000,0.001000,0.001000,0.001000
1054.153846,-0.017696,0.001000,0.001000,0.001000,0.001000,0.001000
1054.173077,-0.016298,0.001000,0.001000,0.001000,0.001000,0.001000
1054.192308,-0.014886,0.001000,0.001000,0.001000,0.001000,0.001000
1054.211538,-0.013461,0.001000,0.001000,0.001000,0.001000,0.001000
1054.230769,-0.012024,0.001000,0.001000,0.001000,0.001000,0.001000
1054.250000,-0.010576,0.001000,0.001000,0.001000,0.001000,0.001000
1054.269231,-0.009119,0.001000,0.001000,0.001000,0.001000,0.001000
1054.288462,-0.007653,0.001000,0.001000,0.001000,0.001000,0.001000
1054.307692,-0.006181,0.001000,0.001000,0.001000,0.001000,0.001000
1054.326923,-0.004704,0.001000,0.001000,0.001000,0.001000,0.001000
1054.346154,-0.003222,0.001000,0.001000,0.001000,0.001000,0.001000
1054.365385,-0.001738,0.001000,0.001000,0.001000,0.001000,0.001000
1054.384615,-0.000252,0.001000,0.001000,0.001000,0.001000,0.001000
1054.403846,0.001235,0.001000,0.001000,0.001000,0.001000,0.001000
1054.423077,0.002720,0.001000,0.001000,0.001000,0.001000,0.001000
1054.442308,0.004202,0.001000,0.001000,0.001000,0.001000,0.001000
1054.461538,0.005681,0.001000,0.001000,0.001000,0.001000,0.001000
1054.480769,0.007155,0.001000,0.001000,0.001000,0.001000,0.001000
1054.500000,0.008623,0.001000,0.001000,0.001000,0.001000,0.001000
1054.519231,0.010083,0.001000,0.001000,0.001000,0.001000,0.001000
1054.538462,0.011534,0.001000,0.001000,0.001000,0.001000,0.001000
1054.557692,0.012975,0.001000,0.001000,0.001000,0.001000,0.001000
1054.576923,0.014405,0.001000,0.001000,0.001000,0.001000,0.001000
1054.596154,0.015822,0.001000,0.001000,0.001000,0.001000,0.001000
1054.615385,0.017224,0.001000,0.001000,0.001000,0.001000,0.001000
1054.634615,0.018612,0.001000,0.001000,0.001000,0.001000,0.001000
1054.653846,0.019983,0.001000,0.001000,0.001000,0.001000,0.001000
1054.673077,0.021337,0.001000,0.001000,0.001000,0.001000,0.001000
1054.692308,0.022671,0.001000,0.001000,0.001000,0.001000,0.001000
1054.711538,0.023986,0.001000,0.001000,0.001000,0.001000,0.001000
1054.730769,0.025279,0.001000,0.001000,0.001000,0.001000,0.001000
1054.750000,0.026550,0.001000,0.001000,0.001000,0.001000,0.001000
1054.769231,0.027798,0.001000,0.001000,0.001000,0.001000,0.001000
1054.788462,0.029021,0.001000,0.001000,0.001000,0.001000,0.001000
1054.807692,0.030218,0.001000,0.001000,0.001000,0.001000,0.001000
1054.826923,0.031389,0.001000,0.001000,0.001000,0.001000,0.001000
1054.846154,0.032532,0.001000,0.001000,0.001000,0.001000,0.001000
1054.865385,0.033646,0.001000,0.001000,0.001000,0.001000,0.001000
1054.884615,0.034730,0.001000,0.001000,0.001000,0.001000,0.001000
1054.903846,0.035784,0.001000,0.001000,0.001000,0.001000,0.001000
1054.923077,0.036806,0.001000,0.001000,0.001000,0.001000,0.001000
1054.942308,0.037796,0.001000,0.001000,0.001000,0.001000,0.001000
1054.961538,0.038752,0.001000,0.001000,0.001000,0.001000,0.001000
1054.980769,0.039674,0.001000,0.001000,0.001000,0.001000,0.001000
1055.000000,0.040561,0.001000,0.001000,0.001000,0.001000,0.001000
1055.019231,0.041412,0.001000,0.001000,0.001000,0.001000,0.001000
1055.038462,0.042227,0.001000,0.001000,0.001000,0.001000,0.001000
1055.057692,0.043004,0.001000,0.001000,0.001000,0.001000,0.001000
1055.076923,0.043743,0.001000,0.001000,0.001000,0.001000,0.001000
1055.096154,0.044443,0.001000,0.001000,0.001000,0.001000,0.001000
1055.115385,0.045105,0.001000,0.001000,0.001000,0.001000,0.001000
1055.134615,0.045726,0.001000,0.001000,0.001000,0.001000,0.001000
1055.153846,0.046307,0.001000,0.001000,0.001000,0.001000,0.001000
1055.173077,0.046847,0.001000,0.001000,0.001000,0.001000,0.001000
1055.192308,0.047346,0.001000,0.001000,0.001000,0.001000,0.001000
1055.211538,0.047803,0.001000,0.001000,0.001000,0.001000,0.001000
1055.230769,0.048217,0.001000,0.001000,0.001000,0.001000,0.001000
1055.250000,0.048589,0.001000,0.001000,0.001000,0.001000,0.001000
1055.269231,0.048918,0.001000,0.001000,0.001000,0.001000,0.001000
1055.288462,0.049204,0.001000,0.001000,0.001000,0.001000,0.001000
1055.307692,0.049447,0.001000,0.001000,0.001000,0.001000,0.001000
1055.326923,0.049645,0.001000,0.001000,0.001000,0.001000,0.001000
1055.346154,0.049800,0.001000,0.001000,0.001000,0.001000,0.001000
1055.365385,0.049911,0.001000,0.001000,0.001000,0.001000,0.001000
1055.384615,0.049977,0.001000,0.001000,0.001000,0.001000,0.001000
1055.403846,0.050000,0.001000,0.001000,0.001000,0.001000,0.001000
1055.423077,0.049978,0.001000,0.001000,0.001000,0.001000,0.001000
1055.442308,0.049913,0.001000,0.001000,0.001000,0.001000,0.001000
1055.461538,0.049803,0.001000,0.001000,0.001000,0.001000,0.001000
1055.480769,0.049649,0.001000,0.001000,0.001000,0.001000,0.001000
1055.500000,0.049451,0.001000,0.001000,0.001000,0.001000,0.001000
1055.519231,0.049209,0.001000,0.001000,0.001000,0.001000,0.001000
1055.538462,0.048924,0.001000,0.001000,0.001000,0.001000,0.001000
1055.557692,0.048596,0.001000,0.001000,0.001000,0.001000,0.001000
1055.576923,0.048225,0.001000,0.001000,0.001000,0.001000,0.001000
1055.596154,0.047811,0.001000,0.001000,0.001000,0.001000,0.001000
1055.615385,0.047355,0.001000,0.001000,0.001000,0.001000,0.001000
1055.634615,0.046857,0.001000,0.001000,0.001000,0.001000,0.001000
1055.653846,0.046318,0.001000,0.001000,0.001000,0.001000,0.001000
1055.673077,0.045738,0.001000,0.001000,0.001000,0.001000,0.001000
1055.692308,0.045117,0.001000,0.001000,0.001000,0.001000,0.001000
1055.711538,0.044457,0.001000,0.001000,0.001000,0.001000,0.001000
1055.730769,0.043757,0.001000,0.001000,0.001000,0.001000,0.001000
1055.750000,0.043019,0.001000,0.001000,0.001000,0.001000,0.001000
1055.769231,0.042242,0.001000,0.001000,0.001000,0.001000,0.001000
1055.788462,0.041428,0.001000,0.001000,0.001000,0.001000,0.001000
1055.807692,0.040578,0.001000,0.001000,0.001000,0.001000,0.001000
1055.826923,0.039692,0.001000,0.001000,0.001000,0.001000,0.001000
1055.846154,0.038770,0.001000,0.001000,0.001000,0.001000,0.001000
1055.865385,0.037815,0.001000,0.001000,0.001000,0.001000,0.001000
1055.884615,0.036826,0.001000,0.001000,0.001000,0.001000,0.001000
1055.903846,0.035804,0.001000,0.001000,0.001000,0.001000,0.001000
1055.923077,0.034751,0.001000,0.001000,0.001000,0.001000,0.001000
1055.942308,0.033667,0.001000,0.001000,0.001000,0.001000,0.001000
1055.961538,0.032554,0.001000,0.001000,0.001000,0.001000,0.001000
1055.980769,0.031411,0.001000,0.001000,0.001000,0.001000,0.001000
1056.000000,0.030241,0.001000,0.001000,0.001000,0.001000,0.001000
1056.019231,0.029044,0.001000,0.001000,0.001000,0.001000,0.001000
1056.038462,0.027822,0.001000,0.001000,0.001000,0.001000,0.001000
1056.057692,0.026575,0.001000,0.001000,0.001000,0.001000,0.001000
1056.076923,0.025304,0.001000,0.001000,0.001000,0.001000,0.001000
1056.096154,0.024011,0.001000,0.001000,0.001000,0.001000,0.001000
1056.115385,0.022697,0.001000,0.001000,0.001000,0.001000,0.001000
1056.134615,0.021363,0.001000,0.001000,0.001000,0.001000,0.001000
1056.153846,0.020010,0.001000,0.001000,0.001000,0.001000,0.001000
1056.173077,0.018639,0.001000,0.001000,0.001000,0.001000,0.001000
1056.192308,0.017251,0.001000,0.001000,0.001000,0.001000,0.001000
1056.211538,0.015849,0.001000,0.001000,0.001000,0.001000,0.001000
1056.230769,0.014432,0.001000,0.001000,0.001000,0.001000,0.001000
1056.250000,0.013003,0.001000,0.001000,0.001000,0.001000,0.001000
1056.269231,0.011562,0.001000,0.001000,0.001000,0.001000,0.001000
1056.288462,0.010111,0.001000,0.001000,0.001000,0.001000,0.001000
1056.307692,0.008652,0.001000,0.001000,0.001000,0.001000,0.001000
1056.326923,0.007184,0.001000,0.001000,0.001000,0.001000,0.001000
1056.346154,0.005710,0.001000,0.001000,0.001000,0.001000,0.001000
1056.365385,0.004231,0.001000,0.001000,0.001000,0.001000,0.001000
1056.384615,0.002749,0.001000,0.001000,0.001000,0.001000,0.001000
1056.403846,0.001263,0.001000,0.001000,0.001000,0.001000,0.001000
1056.423077,-0.000223,0.001000,0.001000,0.001000,0.001000,0.001000
1056.442308,-0.001709,0.001000,0.001000,0.001000,0.001000,0.001000
1056.461538,-0.003193,0.001000,0.001000,0.001000,0.001000,0.001000
1056.480769,-0.004675,0.001000,0.001000,0.001000,0.001000,0.001000
1056.500000,-0.006153,0.001000,0.001000,0.001000,0.001000,0.001000
1056.519231,-0.007625,0.001000,0.001000,0.001000,0.001000,0.001000
1056.538462,-0.009090,0.001000,0.001000,0.001000,0.001000,0.001000
1056.557692,-0.010547,0.001000,0.001000,0.001000,0.001000,0.001000
1056.576923,-0.011996,0.001000,0.001000,0.001000,0.001000,0.001000
1056.596154,-0.013433,0.001000,0.001000,0.001000,0.001000,0.001000
1056.615385,-0.014859,0.001000,0.001000,0.001000,0.001000,0.001000
1056.634615,-0.016271,0.001000,0.001000,0.001000,0.001000,0.001000
1056.653846,-0.017669,0.001000,0.001000,0.001000,0.001000,0.001000
1056.673077,-0.019051,0.001000,0.001000,0.001000,0.001000,0.001000
1056.692308,-0.020417,0.001000,0.001000,0.001000,0.001000,0.001000
1056.711538,-0.021765,0.001000,0.001000,0.001000,0.001000,0.001000
1056.730769,-0.023093,0.001000,0.001000,0.001000,0.001000,0.001000
1056.750000,-0.024401,0.001000,0.001000,0.001000,0.001000,0.001000
1056.769231,-0.025687,0.001000,0.001000,0.001000,0.001000,0.001000
1056.788462,-0.026951,0.001000,0.001000,0.001000,0.001000,0.001000
1056.807692,-0.028191,0.001000,0.001000,0.001000,0.001000,0.001000
1056.826923,-0.029406,0.001000,0.001000,0.001000,0.001000,0.001000
1056.846154,-0.030595,0.001000,0.001000,0.001000,0.001000,0.001000
1056.865385,-0.031757,0.001000,0.001000,0.001000,0.001000,0.001000
1056.884615,-0.032891,0.001000,0.001000,0.001000,0.001000,0.001000
1056.903846,-0.033995,0.001000,0.001000,0.001000,0.001000,0.001000
1056.923077,-0.035070,0.001000,0.001000,0.001000,0.001000,0.001000
1056.942308,-0.036114,0.001000,0.001000,0.001000,0.001000,0.001000
1056.961538,-0.037126,0.001000,0.001000,0.001000,0.001000,0.001000
1056.980769,-0.038105,0.001000,0.001000,0.001000,0.001000,0.001000
1057.000000,-0.039050,0.001000,0.001000,0.001000,0.001000,0.001000
1057.019231,-0.039961,0.001000,0.001000,0.001000,0.001000,0.001000
1057.038462,-0.040837,0.001000,0.001000,0.001000,0.001000,0.001000
1057.057692,-0.041676,0.001000,0.001000,0.001000,0.001000,0.001000
1057.076923,-0.042479,0.001000,0.001000,0.001000,0.001000,0.001000
1057.096154,-0.043244,0.001000,0.001000,0.001000,0.001000,0.001000
1057.115385,-0.043971,0.001000,0.001000,0.001000,0.001000,0.001000
1057.134615,-0.044659,0.001000,0.001000,0.001000,0.001000,0.001000
1057.153846,-0.045307,0.001000,0.001000,0.001000,0.001000,0.001000
1057.173077,-0.045916,0.001000,0.001000,0.001000,0.001000,0.001000
1057.192308,-0.046484,0.001000,0.001000,0.001000,0.001000,0.001000
1057.211538,-0.047011,0.001000,0.001000,0.001000,0.001000,0.001000
1057.230769,-0.047496,0.001000,0.001000,0.001000,0.001000,0.001000
1057.250000,-0.047940,0.001000,0.001000,0.001000,0.001000,0.001000
1057.269231,-0.048341,0.001000,0.001000,0.001000,0.001000,0.001000
1057.288462,-0.048699,0.001000,0.001000,0.001000,0.001000,0.001000
1057.307692,-0.049014,0.001000,0.001000,0.001000,0.001000,0.001000
1057.326923,-0.049286,0.001000,0.001000,0.001000,0.001000,0.001000
1057.346154,-0.049515,0.001000,0.001000,0.001000,0.001000,0.001000
1057.365385,-0.049699,0.001000,0.001000,0.001000,0.001000,0.001000
1057.384615,-0.049840,0.001000,0.001000,0.001000,0.001000,0.001000
1057.403846,-0.049937,0.001000,0.001000,0.001000,0.001000,0.001000
1057.423077,-0.049989,0.001000,0.001000,0.001000,0.001000,0.001000
1057.442308,-0.049998,0.001000,0.001000,0.001000,0.001000,0.001000
1057.461538,-0.049962,0.001000,0.001000,0.001000,0.001000,0.001000
1057.480769,-0.049882,0.001000,0.001000,0.001000,0.001000,0.001000
1057.500000,-0.049758,0.001000,0.001000,0.001000,0.001000,0.001000
1057.519231,-0.049590,0.001000,0.001000,0.001000,0.001000,0.001000
1057.538462,-0.049378,0.001000,0.001000,0.001000,0.001000,0.001000
1057.557692,-0.049123,0.001000,0.001000,0.001000,0.001000,0.001000
1057.576923,-0.048824,0.001000,0.001000,0.001000,0.001000,0.001000
1057.596154,-0.048482,0.001000,0.001000,0.001000,0.001000,0.001000
1057.615385,-0.048097,0.001000,0.001000,0.001000,0.001000,0.001000
1057.634615,-0.047670,0.001000,0.001000,0.001000,0.001000,0.001000
1057.653846,-0.047201,0.001000,0.001000,0.001000,0.001000,0.001000
1057.673077,-0.046690,0.001000,0.001000,0.001000,0.001000,0.001000
1057.692308,-0.046137,0.001000,0.001000,0.001000,0.001000,0.001000
1057.711538,-0.045544,0.001000,0.001000,0.001000,0.001000,0.001000
1057.730769,-0.044911,0.001000,0.001000,0.001000,0.001000,0.001000
1057.750000,-0.044238,0.001000,0.001000,0.001000,0.001000,0.001000
1057.769231,-0.043525,0.001000,0.001000,0.001000,0.001000,0.001000
1057.788462,-0.042775,0.001000,0.001000,0.001000,0.001000,0.001000
1057.807692,-0.041986,0.001000,0.001000,0.001000,0.001000,0.001000
1057.826923,-0.041161,0.001000,0.001000,0.001000,0.001000,0.001000
1057.846154,-0.040299,0.001000,0.001000,0.001000,0.001000,0.001000
1057.865385,-0.039401,0.001000,0.001000,0.001000,0.001000,0.001000
1057.884615,-0.038469,0.001000,0.001000,0.001000,0.001000,0.001000
1057.903846,-0.037503,0.001000,0.001000,0.001000,0.001000,0.001000
1057.923077,-0.036503,0.001000,0.001000,0.001000,0.001000,0.001000
1057.942308,-0.035471,0.001000,0.001000,0.001000,0.001000,0.001000
1057.961538,-0.034408,0.001000,0.001000,0.001000,0.001000,0.001000
1057.980769,-0.033315,0.001000,0.001000,0.001000,0.001000,0.001000
1058.000000,-0.032192,0.001000,0.001000,0.001000,0.001000,0.001000
1058.019231,-0.031041,0.001000,0.001000,0.001000,0.001000,0.001000
1058.038462,-0.029862,0.001000,0.001000,0.001000,0.001000,0.001000
1058.057692,-0.028657,0.001000,0.001000,0.001000,0.001000,0.001000
1058.076923,-0.027426,0.001000,0.001000,0.001000,0.001000,0.001000
1058.096154,-0.026171,0.001000,0.001000,0.001000,0.001000,0.001000
1058.115385,-0.024894,0.001000,0.001000,0.001000,0.001000,0.001000
1058.134615,-0.023594,0.001000,0.001000,0.001000,0.001000,0.001000
1058.153846,-0.022273,0.001000,0.001000,0.001000,0.001000,0.001000
1058.173077,-0.020933,0.001000,0.001000,0.001000,0.001000,0.001000
1058.192308,-0.019574,0.001000,0.001000,0.001000,0.001000,0.001000
1058.211538,-0.018198,0.001000,0.001000,0.001000,0.001000,0.001000
1058.230769,-0.016805,0.001000,0.001000,0.001000,0.001000,0.001000
1058.250000,-0.015398,0.001000,0.001000,0.001000,0.001000,0.001000
1058.269231,-0.013978,0.001000,0.001000,0.001000,0.001000,0.001000
1058.288462,-0.012544,0.001000,0.001000,0.001000,0.001000,0.001000
1058.307692,-0.011100,0.001000,0.001000,0.001000,0.001000,0.001000
1058.326923,-0.009646,0.001000,0.001000,0.001000,0.001000,0.001000
1058.346154,-0.008184,0.001000,0.001000,0.001000,0.001000,0.001000
1058.365385,-0.006714,0.001000,0.001000,0.001000,0.001000,0.001000
1058.384615,-0.005239,0.001000,0.001000,0.001000,0.001000,0.001000
1058.403846,-0.003758,0.001000,0.001000,0.001000,0.001000,0.001000
1058.423077,-0.002275,0.001000,0.001000,0.001000,0.001000,0.001000
1058.442308,-0.000789,0.001000,0.001000,0.001000,0.001000,0.001000
1058.461538,0.000697,0.001000,0.001000,0.001000,0.001000,0.001000
1058.480769,0.002183,0.001000,0.001000,0.001000,0.001000,0.001000
1058.500000,0.003667,0.001000,0.001000,0.001000,0.001000,0.001000
1058.519231,0.005147,0.001000,0.001000,0.001000,0.001000,0.001000
1058.538462,0.006623,0.001000,0.001000,0.001000,0.001000,0.001000
1058.557692,0.008093,0.001000,0.001000,0.001000,0.001000,0.001000
1058.576923,0.009556,0.001000,0.001000,0.001000,0.001000,0.001000
1058.596154,0.011011,0.001000,0.001000,0.001000,0.001000,0.001000
1058.615385,0.012456,0.001000,0.001000,0.001000,0.001000,0.001000
1058.634615,0.013889,0.001000,0.001000,0.001000,0.001000,0.001000
1058.653846,0.015311,0.001000,0.001000,0.001000,0.001000,0.001000
1058.673077,0.016719,0.001000,0.001000,0.001000,0.001000,0.001000
1058.692308,0.018112,0.001000,0.001000,0.001000,0.001000,0.001000
1058.711538,0.019489,0.001000,0.001000,0.001000,0.001000,0.001000
1058.730769,0.020849,0.001000,0.001000,0.001000,0.001000,0.001000
1058.750000,0.022191,0.001000,0.001000,0.001000,0.001000,0.001000
1058.769231,0.023513,0.001000,0.001000,0.001000,0.001000,0.001000
1058.788462,0.024814,0.001000,0.001000,0.001000,0.001000,0.001000
1058.807692,0.026093,0.001000,0.001000,0.001000,0.001000,0.001000
1058.826923,0.027349,0.001000,0.001000,0.001000,0.001000,0.001000
1058.846154,0.028581,0.001000,0.001000,0.001000,0.001000,0.001000
1058.865385,0.029788,0.001000,0.001000,0.001000,0.001000,0.001000
1058.884615,0.030969,0.001000,0.001000,0.001000,0.001000,0.001000
1058.903846,0.032122,0.001000,0.001000,0.001000,0.001000,0.001000
1058.923077,0.033246,0.001000,0.001000,0.001000,0.001000,0.001000
1058.942308,0.034342,0.001000,0.001000,0.001000,0.001000,0.001000
1058.961538,0.035407,0.001000,0.001000,0.001000,0.001000,0.001000
1058.980769,0.036440,0.001000,0.001000,0.001000,0.001000,0.001000
1059.000000,0.037442,0.001000,0.001000,0.001000,0.001000,0.001000
1059.019231,0.038410,0.001000,0.001000,0.001000,0.001000,0.001000
1059.038462,0.039345,0.001000,0.001000,0.001000,0.001000,0.001000
1059.057692,0.040244,0.001000,0.001000,0.001000,0.001000,0.001000
1059.076923,0.041109,0.001000,0.001000,0.001000,0.001000,0.001000
1059.096154,0.041936,0.001000,0.001000,0.001000,0.001000,0.001000
1059.115385,0.042727,0.001000,0.001000,0.001000,0.001000,0.001000
1059.134615,0.043480,0.001000,0.001000,0.001000,0.001000,0.001000
1059.153846,0.044195,0.001000,0.001000,0.001000,0.001000,0.001000
1059.173077,0.044870,0.001000,0.001000,0.001000,0.001000,0.001000
1059.192308,0.045506,0.001000,0.001000,0.001000,0.001000,0.001000
1059.211538,0.046102,0.001000,0.001000,0.001000,0.001000,0.001000
1059.230769,0.046657,0.001000,0.001000,0.001000,0.001000,0.001000
1059.250000,0.047170,0.001000,0.001000,0.001000,0.001000,0.001000
1059.269231,0.047642,0.001000,0.001000,0.001000,0.001000,0.001000
1059.288462,0.048072,0.001000,0.001000,0.001000,0.001000,0.001000
1059.307692,0.048460,0.001000,0.001000,0.001000,0.001000,0.001000
1059.326923,0.048804,0.001000,0.001000,0.001000,0.001000,0.001000
1059.346154,0.049106,0.001000,0.001000,0.001000,0.001000,0.001000
1059.365385,0.049364,0.001000,0.001000,0.001000,0.001000,0.001000
1059.384615,0.049578,0.001000,0.001000,0.001000,0.001000,0.001000
1059.403846,0.049749,0.001000,0.001000,0.001000,0.001000,0.001000
1059.423077,0.049876,0.001000,0.001000,0.001000,0.001000,0.001000
1059.442308,0.049958,0.001000,0.001000,0.001000,0.001000,0.001000
1059.461538,0.049997,0.001000,0.001000,0.001000,0.001000,0.001000
1059.480769,0.049991,0.001000,0.001000,0.001000,0.001000,0.001000
1059.500000,0.049941,0.001000,0.001000,0.001000,0.001000,0.001000
1059.519231,0.049847,0.001000,0.001000,0.001000,0.001000,0.001000
1059.538462,0.049709,0.001000,0.001000,0.001000,0.001000,0.001000
1059.557692,0.049527,0.001000,0.001000,0.001000,0.001000,0.001000
1059.576923,0.049302,0.001000,0.001000,0.001000,0.001000,0.001000
1059.596154,0.049032,0.001000,0.001000,0.001000,0.001000,0.001000
1059.615385,0.048720,0.001000,0.001000,0.001000,0.001000,0.001000
1059.634615,0.048364,0.001000,0.001000,0.001000,0.001000,0.001000
1059.653846,0.047966,0.001000,0.001000,0.001000,0.001000,0.001000
1059.673077,0.047525,0.001000,0.001000,0.001000,0.001000,0.001000
1059.692308,0.047042,0.001000,0.001000,0.001000,0.001000,0.001000
1059.711538,0.046518,0.001000,0.001000,0.001000,0.001000,0.001000
1059.730769,0.045952,0.001000,0.001000,0.001000,0.001000,0.001000
1059.750000,0.045346,0.001000,0.001000,0.001000,0.001000,0.001000
1059.769231,0.044700,0.001000,0.001000,0.001000,0.001000,0.001000
1059.788462,0.044014,0.001000,0.001000,0.001000,0.001000,0.001000
1059.807692,0.043290,0.001000,0.001000,0.001000,0.001000,0.001000
1059.826923,0.042527,0.001000,0.001000,0.001000,0.001000,0.001000
1059.846154,0.041727,0.001000,0.001000,0.001000,0.001000,0.001000
1059.865385,0.040890,0.001000,0.001000,0.001000,0.001000,0.001000
1059.884615,0.040016,0.001000,0.001000,0.001000,0.001000,0.001000
1059.903846,0.039107,0.001000,0.001000,0.001000,0.001000,0.001000
1059.923077,0.038164,0.001000,0.001000,0.001000,0.001000,0.001000
1059.942308,0.037187,0.001000,0.001000,0.001000,0.001000,0.001000
1059.961538,0.036177,0.001000,0.001000,0.001000,0.001000,0.001000
1059.980769,0.035135,0.001000,0.001000,0.001000,0.001000,0.001000
1060.000000,0.000000,0.001000,0.001000,0.001000,0.001000,0.001000
1060.019231,0.001495,0.001000,0.001000,0.001000,0.001000,0.001000
1060.038462,0.002988,0.001000,0.001000,0.001000,0.001000,0.001000
1060.057692,0.004478,0.001000,0.001000,0.001000,0.001000,0.001000
1060.076923,0.005965,0.001000,0.001000,0.001000,0.001000,0.001000
1060.096154,0.007446,0.001000,0.001000,0.001000,0.001000,0.001000
1060.115385,0.008920,0.001000,0.001000,0.001000,0.001000,0.001000
1060.134615,0.010387,0.001000,0.001000,0.001000,0.001000,0.001000
1060.153846,0.011844,0.001000,0.001000,0.001000,0.001000,0.001000
1060.173077,0.013291,0.001000,0.001000,0.001000,0.001000,0.001000
1060.192308,0.014726,0.001000,0.001000,0.001000,0.001000,0.001000
1060.211538,0.016147,0.001000,0.001000,0.001000,0.001000,0.001000
1060.230769,0.017555,0.001000,0.001000,0.001000,0.001000,0.001000
1060.250000,0.018946,0.001000,0.001000,0.001000,0.001000,0.001000
1060.269231,0.020321,0.001000,0.001000,0.001000,0.001000,0.001000
1060.288462,0.021677,0.001000,0.001000,0.001000,0.001000,0.001000
1060.307692,0.023014,0.001000,0.001000,0.001000,0.001000,0.001000
1060.326923,0.024331,0.001000,0.001000,0.001000,0.001000,0.001000
1060.346154,0.025625,0.001000,0.001000,0.001000,0.001000,0.001000
1060.365385,0.026897,0.001000,0.001000,0.001000,0.001000,0.001000
1060.384615,0.028145,0.001000,0.001000,0.001000,0.001000,0.001000
1060.403846,0.029368,0.001000,0.001000,0.001000,0.001000,0.001000
1060.423077,0.030564,0.001000,0.001000,0.001000,0.001000,0.001000
1060.442308,0.031733,0.001000,0.001000,0.001000,0.001000,0.001000
1060.461538,0.032874,0.001000,0.001000,0.001000,0.001000,0.001000
1060.480769,0.033985,0.001000,0.001000,0.001000,0.001000,0.001000
1060.500000,0.035067,0.001000,0.001000,0.001000,0.001000,0.001000
1060.519231,0.036116,0.001000,0.001000,0.001000,0.001000,0.001000
1060.538462,0.037134,0.001000,0.001000,0.001000,0.001000,0.001000
1060.557692,0.038118,0.001000,0.001000,0.001000,0.001000,0.001000
1060.576923,0.039068,0.001000,0.001000,0.001000,0.001000,0.001000
1060.596154,0.039983,0.001000,0.001000,0.001000,0.001000,0.001000
1060.615385,0.040863,0.001000,0.001000,0.001000,0.001000,0.001000
1060.634615,0.041706,0.001000,0.001000,0.001000,0.001000,0.001000
1060.653846,0.042511,0.001000,0.001000,0.001000,0.001000,0.001000
1060.673077,0.043279,0.001000,0.001000,0.001000,0.001000,0.001000
1060.692308,0.044008,0.001000,0.001000,0.001000,0.001000,0.001000
1060.711538,0.044698,0.001000,0.001000,0.001000,0.001000,0.001000
1060.730769,0.045348,0.001000,0.001000,0.001000,0.001000,0.001000
1060.750000,0.045957,0.001000,0.001000,0.001000,0.001000,0.001000
1060.769231,0.046525,0.001000,0.001000,0.001000,0.001000,0.001000
1060.788462,0.047052,0.001000,0.001000,0.001000,0.001000,0.001000
1060.807692,0.047536,0.001000,0.001000,0.001000,0.001000,0.001000
1060.826923,0.047979,0.001000,0.001000,0.001000,0.001000,0.001000
1060.846154,0.048378,0.001000,0.001000,0.001000,0.001000,0.001000
1060.865385,0.048734,0.001000,0.001000,0.001000,0.001000,0.001000
1060.884615,0.049046,0.001000,0.001000,0.001000,0.001000,0.001000
1060.903846,0.049315,0.001000,0.001000,0.001000,0.001000,0.001000
1060.923077,0.049539,0.001000,0.001000,0.001000,0.001000,0.001000
1060.942308,0.049720,0.001000,0.001000,0.001000,0.001000,0.001000
1060.961538,0.049855,0.001000,0.001000,0.001000,0.001000,0.001000
1060.980769,0.049947,0.001000,0.001000,0.001000,0.001000,0.001000
1061.000000,0.049993,0.001000,0.001000,0.001000,0.001000,0.001000
1061.019231,0.049995,0.001000,0.001000,0.001000,0.001000,0.001000
1061.038462,0.049953,0.001000,0.001000,0.001000,0.001000,0.001000
1061.057692,0.049865,0.001000,0.001000,0.001000,0.001000,0.001000
1061.076923,0.049733,0.001000,0.001000,0.001000,0.001000,0.001000
1061.096154,0.049557,0.001000,0.001000,0.001000,0.001000,0.001000
1061.115385,0.049336,0.001000,0.001000,0.001000,0.001000,0.001000
1061.134615,0.049072,0.001000,0.001000,0.001000,0.001000,0.001000
1061.153846,0.048763,0.001000,0.001000,0.001000,0.001000,0.001000
1061.173077,0.048411,0.001000,0.001000,0.001000,0.001000,0.001000
1061.192308,0.048016,0.001000,0.001000,0.001000,0.001000,0.001000
1061.211538,0.047577,0.001000,0.001000,0.001000,0.001000,0.001000
1061.230769,0.047097,0.001000,0.001000,0.001000,0.001000,0.001000
1061.250000,0.046574,0.001000,0.001000,0.001000,0.001000,0.001000
1061.269231,0.046009,0.001000,0.001000,0.001000,0.001000,0.001000
1061.288462,0.045403,0.001000,0.001000,0.001000,0.001000,0.001000
1061.307692,0.044757,0.001000,0.001000,0.001000,0.001000,0.001000
1061.326923,0.044071,0.001000,0.001000,0.001000,0.001000,0.001000
1061.346154,0.043345,0.001000,0.001000,0.001000,0.001000,0.001000
1061.365385,0.042581,0.001000,0.001000,0.001000,0.001000,0.001000
1061.384615,0.041779,0.001000,0.001000,0.001000,0.001000,0.001000
1061.403846,0.040939,0.001000,0.001000,0.001000,0.001000,0.001000
1061.423077,0.040063,0.001000,0.001000,0.001000,0.001000,0.001000
1061.442308,0.039151,0.001000,0.001000,0.001000,0.001000,0.001000
1061.461538,0.038203,0.001000,0.001000,0.001000,0.001000,0.001000
1061.480769,0.037222,0.001000,0.001000,0.001000,0.001000,0.001000
1061.500000,0.036208,0.001000,0.001000,0.001000,0.001000,0.001000
1061.519231,0.035161,0.001000,0.001000,0.001000,0.001000,0.001000
1061.538462,0.034083,0.001000,0.001000,0.001000,0.001000,0.001000
1061.557692,0.032974,0.001000,0.001000,0.001000,0.001000,0.001000
1061.576923,0.031836,0.001000,0.001000,0.001000,0.001000,0.001000
1061.596154,0.030669,0.001000,0.001000,0.001000,0.001000,0.001000
1061.615385,0.029475,0.001000,0.001000,0.001000,0.001000,0.001000
1061.634615,0.028255,0.001000,0.001000,0.001000,0.001000,0.001000
1061.653846,0.027009,0.001000,0.001000,0.001000,0.001000,0.001000
1061.673077,0.025739,0.001000,0.001000,0.001000,0.001000,0.001000
1061.692308,0.024446,0.001000,0.001000,0.001000,0.001000,0.001000
1061.711538,0.023132,0.001000,0.001000,0.001000,0.001000,0.001000
1061.730769,0.021797,0.001000,0.001000,0.001000,0.001000,0.001000
1061.750000,0.020442,0.001000,0.001000,0.001000,0.001000,0.001000
1061.769231,0.019069,0.001000,0.001000,0.001000,0.001000,0.001000
1061.788462,0.017679,0.001000,0.001000,0.001000,0.001000,0.001000
1061.807692,0.016273,0.001000,0.001000,0.001000,0.001000,0.001000
1061.826923,0.014852,0.001000,0.001000,0.001000,0.001000,0.001000
1061.846154,0.013419,0.001000,0.001000,0.001000,0.001000,0.001000
1061.865385,0.011973,0.001000,0.001000,0.001000,0.001000,0.001000
1061.884615,0.010517,0.001000,0.001000,0.001000,0.001000,0.001000
1061.903846,0.009051,0.001000,0.001000,0.001000,0.001000,0.001000
1061.923077,0.007577,0.001000,0.001000,0.001000,0.001000,0.001000
1061.942308,0.006096,0.001000,0.001000,0.001000,0.001000,0.001000
1061.961538,0.004610,0.001000,0.001000,0.001000,0.001000,0.001000
1061.980769,0.003120,0.001000,0.001000,0.001000,0.001000,0.001000
1062.000000,0.001627,0.001000,0.001000,0.001000,0.001000,0.001000
1062.019231,0.000133,0.001000,0.001000,0.001000,0.001000,0.001000
1062.038462,-0.001362,0.001000,0.001000,0.001000,0.001000,0.001000
1062.057692,-0.002855,0.001000,0.001000,0.001000,0.001000,0.001000
1062.076923,-0.004346,0.001000,0.001000,0.001000,0.001000,0.001000
1062.096154,-0.005833,0.001000,0.001000,0.001000,0.001000,0.001000
1062.115385,-0.007315,0.001000,0.001000,0.001000,0.001000,0.001000
1062.134615,-0.008790,0.001000,0.001000,0.001000,0.001000,0.001000
1062.153846,-0.010257,0.001000,0.001000,0.001000,0.001000,0.001000
1062.173077,-0.011715,0.001000,0.001000,0.001000,0.001000,0.001000
1062.192308,-0.013163,0.001000,0.001000,0.001000,0.001000,0.001000
1062.211538,-0.014599,0.001000,0.001000,0.001000,0.001000,0.001000
1062.230769,-0.016022,0.001000,0.001000,0.001000,0.001000,0.001000
1062.250000,-0.017430,0.001000,0.001000,0.001000,0.001000,0.001000
1062.269231,-0.018823,0.001000,0.001000,0.001000,0.001000,0.001000
1062.288462,-0.020199,0.001000,0.001000,0.001000,0.001000,0.001000
1062.307692,-0.021558,0.001000,0.001000,0.001000,0.001000,0.001000
1062.326923,-0.022896,0.001000,0.001000,0.001000,0.001000,0.001000
1062.346154,-0.024215,0.001000,0.001000,0.001000,0.001000,0.001000
1062.365385,-0.025512,0.001000,0.001000,0.001000,0.001000,0.001000
1062.384615,-0.026785,0.001000,0.001000,0.001000,0.001000,0.001000
1062.403846,-0.028035,0.001000,0.001000,0.001000,0.001000,0.001000
1062.423077,-0.029260,0.001000,0.001000,0.001000,0.001000,0.001000
1062.442308,-0.030459,0.001000,0.001000,0.001000,0.001000,0.001000
1062.461538,-0.031631,0.001000,0.001000,0.001000,0.001000,0.001000
1062.480769,-0.032774,0.001000,0.001000,0.001000,0.001000,0.001000
1062.500000,-0.033888,0.001000,0.001000,0.001000,0.001000,0.001000
1062.519231,-0.034972,0.001000,0.001000,0.001000,0.001000,0.001000
1062.538462,-0.036024,0.001000,0.001000,0.001000,0.001000,0.001000
1062.557692,-0.037045,0.001000,0.001000,0.001000,0.001000,0.001000
1062.576923,-0.038032,0.001000,0.001000,0.001000,0.001000,0.001000
1062.596154,-0.038985,0.001000,0.001000,0.001000,0.001000,0.001000
1062.615385,-0.039903,0.001000,0.001000,0.001000,0.001000,0.001000
1062.634615,-0.040786,0.001000,0.001000,0.001000,0.001000,0.001000
1062.653846,-0.041632,0.001000,0.001000,0.001000,0.001000,0.001000
1062.673077,-0.042441,0.001000,0.001000,0.001000,0.001000,0.001000
1062.692308,-0.043213,0.001000,0.001000,0.001000,0.001000,0.001000
1062.711538,-0.043945,0.001000,0.001000,0.001000,0.001000,0.001000
1062.730769,-0.044638,0.001000,0.001000,0.001000,0.001000,0.001000
1062.750000,-0.045292,0.001000,0.001000,0.001000,0.001000,0.001000
1062.769231,-0.045905,0.001000,0.001000,0.001000,0.001000,0.001000
1062.788462,-0.046476,0.001000,0.001000,0.001000,0.001000,0.001000
1062.807692,-0.047007,0.001000,0.001000,0.001000,0.001000,0.001000
1062.826923,-0.047495,0.001000,0.001000,0.001000,0.001000,0.001000
1062.846154,-0.047941,0.001000,0.001000,0.001000,0.001000,0.001000
1062.865385,-0.048344,0.001000,0.001000,0.001000,0.001000,0.001000
1062.884615,-0.048704,0.001000,0.001000,0.001000,0.001000,0.001000
1062.903846,-0.049020,0.001000,0.001000,0.001000,0.001000,0.001000
1062.923077,-0.049293,0.001000,0.001000,0.001000,0.001000,0.001000
1062.942308,-0.049521,0.001000,0.001000,0.001000,0.001000,0.001000
1062.961538,-0.049705,0.001000,0.001000,0.001000,0.001000,0.001000
1062.980769,-0.049845,0.001000,0.001000,0.001000,0.001000,0.001000
1063.000000,-0.049940,0.001000,0.001000,0.001000,0.001000,0.001000
1063.019231,-0.049991,0.001000,0.001000,0.001000,0.001000,0.001000
1063.038462,-0.049997,0.001000,0.001000,0.001000,0.001000,0.001000
1063.057692,-0.049958,0.001000,0.001000,0.001000,0.001000,0.001000
1063.076923,-0.049875,0.001000,0.001000,0.001000,0.001000,0.001000
1063.096154,-0.049747,0.001000,0.001000,0.001000,0.001000,0.001000
1063.115385,-0.049575,0.001000,0.001000,0.001000,0.001000,0.001000
1063.134615,-0.049358,0.001000,0.001000,0.001000,0.001000,0.001000
1063.153846,-0.049097,0.001000,0.001000,0.001000,0.001000,0.001000
1063.173077,-0.048792,0.001000,0.001000,0.001000,0.001000,0.001000
1063.192308,-0.048444,0.001000,0.001000,0.001000,0.001000,0.001000
1063.211538,-0.048052,0.001000,0.001000,0.001000,0.001000,0.001000
1063.230769,-0.047618,0.001000,0.001000,0.001000,0.001000,0.001000
1063.250000,-0.047141,0.001000,0.001000,0.001000,0.001000,0.001000
1063.269231,-0.046622,0.001000,0.001000,0.001000,0.001000,0.001000
1063.288462,-0.046061,0.001000,0.001000,0.001000,0.001000,0.001000
1063.307692,-0.045459,0.001000,0.001000,0.001000,0.001000,0.001000
1063.326923,-0.044816,0.001000,0.001000,0.001000,0.001000,0.001000
1063.346154,-0.044133,0.001000,0.001000,0.001000,0.001000,0.001000
1063.365385,-0.043411,0.001000,0.001000,0.001000,0.001000,0.001000
1063.384615,-0.042650,0.001000,0.001000,0.001000,0.001000,0.001000
1063.403846,-0.041851,0.001000,0.001000,0.001000,0.001000,0.001000
1063.423077,-0.041015,0.001000,0.001000,0.001000,0.001000,0.001000
1063.442308,-0.040142,0.001000,0.001000,0.001000,0.001000,0.001000
1063.461538,-0.039233,0.001000,0.001000,0.001000,0.001000,0.001000
1063.480769,-0.038289,0.001000,0.001000,0.001000,0.001000,0.001000
1063.500000,-0.037311,0.001000,0.001000,0.001000,0.001000,0.001000
1063.519231,-0.036299,0.001000,0.001000,0.001000,0.001000,0.001000
1063.538462,-0.035255,0.001000,0.001000,0.001000,0.001000,0.001000
1063.557692,-0.034180,0.001000,0.001000,0.001000,0.001000,0.001000
1063.576923,-0.033073,0.001000,0.001000,0.001000,0.001000,0.001000
1063.596154,-0.031938,0.001000,0.001000,0.001000,0.001000,0.001000
1063.615385,-0.030774,0.001000,0.001000,0.001000,0.001000,0.001000
1063.634615,-0.029582,0.001000,0.001000,0.001000,0.001000,0.001000
1063.653846,-0.028364,0.001000,0.001000,0.001000,0.001000,0.001000
1063.673077,-0.027120,0.001000,0.001000,0.001000,0.001000,0.001000
1063.692308,-0.025853,0.001000,0.001000,0.001000,0.001000,0.001000
1063.711538,-0.024562,0.001000,0.001000,0.001000,0.001000,0.001000
1063.730769,-0.023249,0.001000,0.001000,0.001000,0.001000,0.001000
1063.750000,-0.021916,0.001000,0.001000,0.001000,0.001000,0.001000
1063.769231,-0.020563,0.001000,0.001000,0.001000,0.001000,0.001000
1063.788462,-0.019191,0.001000,0.001000,0.001000,0.001000,0.001000
1063.807692,-0.017803,0.001000,0.001000,0.001000,0.001000,0.001000
1063.826923,-0.016398,0.001000,0.001000,0.001000,0.001000,0.001000
1063.846154,-0.014979,0.001000,0.001000,0.001000,0.001000,0.001000
1063.865385,-0.013546,0.001000,0.001000,0.001000,0.001000,0.001000
1063.884615,-0.012102,0.001000,0.001000,0.001000,0.001000,0.001000
1063.903846,-0.010646,0.001000,0.001000,0.001000,0.001000,0.001000
1063.923077,-0.009181,0.001000,0.001000,0.001000,0.001000,0.001000
1063.942308,-0.007708,0.001000,0.001000,0.001000,0.001000,0.001000
1063.961538,-0.006228,0.001000,0.001000,0.001000,0.001000,0.001000
1063.980769,-0.004742,0.001000,0.001000,0.001000,0.001000,0.001000
1064.000000,-0.003252,0.001000,0.001000,0.001000,0.001000,0.001000
1064.019231,-0.001760,0.001000,0.001000,0.001000,0.001000,0.001000
1064.038462,-0.000265,0.001000,0.001000,0.001000,0.001000,0.001000
1064.057692,0.001229,0.001000,0.001000,0.001000,0.001000,0.001000
1064.076923,0.002723,0.001000,0.001000,0.001000,0.001000,0.001000
1064.096154,0.004214,0.001000,0.001000,0.001000,0.001000,0.001000
1064.115385,0.005701,0.001000,0.001000,0.001000,0.001000,0.001000
1064.134615,0.007184,0.001000,0.001000,0.001000,0.001000,0.001000
1064.153846,0.008659,0.001000,0.001000,0.001000,0.001000,0.001000
1064.173077,0.010127,0.001000,0.001000,0.001000,0.001000,0.001000
1064.192308,0.011586,0.001000,0.001000,0.001000,0.001000,0.001000
1064.211538,0.013035,0.001000,0.001000,0.001000,0.001000,0.001000
1064.230769,0.014472,0.001000,0.001000,0.001000,0.001000,0.001000
1064.250000,0.015896,0.001000,0.001000,0.001000,0.001000,0.001000
1064.269231,0.017306,0.001000,0.001000,0.001000,0.001000,0.001000
1064.288462,0.018700,0.001000,0.001000,0.001000,0.001000,0.001000
1064.307692,0.020078,0.001000,0.001000,0.001000,0.001000,0.001000
1064.326923,0.021438,0.001000,0.001000,0.001000,0.001000,0.001000
1064.346154,0.022778,0.001000,0.001000,0.001000,0.001000,0.001000
1064.365385,0.024099,0.001000,0.001000,0.001000,0.001000,0.001000
1064.384615,0.025397,0.001000,0.001000,0.001000,0.001000,0.001000
1064.403846,0.026673,0.001000,0.001000,0.001000,0.001000,0.001000
1064.423077,0.027926,0.001000,0.001000,0.001000,0.001000,0.001000
1064.442308,0.029153,0.001000,0.001000,0.001000,0.001000,0.001000
1064.461538,0.030354,0.001000,0.001000,0.001000,0.001000,0.001000
1064.480769,0.031528,0.001000,0.001000,0.001000,0.001000,0.001000
1064.500000,0.032674,0.001000,0.001000,0.001000,0.001000,0.001000
1064.519231,0.033791,0.001000,0.001000,0.001000,0.001000,0.001000
1064.538462,0.034877,0.001000,0.001000,0.001000,0.001000,0.001000
1064.557692,0.035932,0.001000,0.001000,0.001000,0.001000,0.001000
1064.576923,0.036955,0.001000,0.001000,0.001000,0.001000,0.001000
1064.596154,0.037946,0.001000,0.001000,0.001000,0.001000,0.001000
1064.615385,0.038902,0.001000,0.001000,0.001000,0.001000,0.001000
1064.634615,0.039823,0.001000,0.001000,0.001000,0.001000,0.001000
1064.653846,0.040709,0.001000,0.001000,0.001000,0.001000,0.001000
1064.673077,0.041559,0.001000,0.001000,0.001000,0.001000,0.001000
1064.692308,0.042371,0.001000,0.001000,0.001000,0.001000,0.001000
1064.711538,0.043146,0.001000,0.001000,0.001000,0.001000,0.001000
1064.730769,0.043882,0.001000,0.001000,0.001000,0.001000,0.001000
1064.750000,0.044578,0.001000,0.001000,0.001000,0.001000,0.001000
1064.769231,0.045235,0.001000,0.001000,0.001000,0.001000,0.001000
1064.788462,0.045852,0.001000,0.001000,0.001000,0.001000,0.001000
1064.807692,0.046427,0.001000,0.001000,0.001000,0.001000,0.001000
1064.826923,0.046961,0.001000,0.001000,0.001000,0.001000,0.001000
1064.846154,0.047454,0.001000,0.001000,0.001000,0.001000,0.001000
1064.865385,0.047903,0.001000,0.001000,0.001000,0.001000,0.001000
1064.884615,0.048310,0.001000,0.001000,0.001000,0.001000,0.001000
1064.903846,0.048674,0.001000,0.001000,0.001000,0.001000,0.001000
1064.923077,0.048994,0.001000,0.001000,0.001000,0.001000,0.001000
1064.942308,0.049270,0.001000,0.001000,0.001000,0.001000,0.001000
1064.961538,0.049503,0.001000,0.001000,0.001000,0.001000,0.001000
1064.980769,0.049691,0.001000,0.001000,0.001000,0.001000,0.001000
1065.000000,0.049835,0.001000,0.001000,0.001000,0.001000,0.001000
1065.019231,0.049934,0.001000,0.001000,0.001000,0.001000,0.001000
1065.038462,0.049988,0.001000,0.001000,0.001000,0.001000,0.001000
1065.057692,0.049998,0.001000,0.001000,0.001000,0.001000,0.001000
1065.076923,0.049963,0.001000,0.001000,0.001000,0.001000,0.001000
1065.096154,0.049884,0.001000,0.001000,0.001000,0.001000,0.001000
1065.115385,0.049760,0.001000,0.001000,0.001000,0.001000,0.001000
1065.134615,0.049592,0.001000,0.001000,0.001000,0.001000,0.001000
1065.153846,0.049379,0.001000,0.001000,0.001000,0.001000,0.001000
1065.173077,0.049122,0.001000,0.001000,0.001000,0.001000,0.001000
1065.192308,0.048821,0.001000,0.001000,0.001000,0.001000,0.001000
1065.211538,0.048477,0.001000,0.001000,0.001000,0.001000,0.001000
1065.230769,0.048089,0.001000,0.001000,0.001000,0.001000,0.001000
1065.250000,0.047658,0.001000,0.001000,0.001000,0.001000,0.001000
1065.269231,0.047185,0.001000,0.001000,0.001000,0.001000,0.001000
1065.288462,0.046669,0.001000,0.001000,0.001000,0.001000,0.001000
1065.307692,0.046112,0.001000,0.001000,0.001000,0.001000,0.001000
1065.326923,0.045514,0.001000,0.001000,0.001000,0.001000,0.001000
1065.346154,0.044875,0.001000,0.001000,0.001000,0.001000,0.001000
1065.365385,0.044196,0.001000,0.001000,0.001000,0.001000,0.001000
1065.384615,0.043477,0.001000,0.001000,0.001000,0.001000,0.001000
1065.403846,0.042719,0.001000,0.001000,0.001000,0.001000,0.001000
1065.423077,0.041924,0.001000,0.001000,0.001000,0.001000,0.001000
1065.442308,0.041091,0.001000,0.001000,0.001000,0.001000,0.001000
1065.461538,0.040221,0.001000,0.001000,0.001000,0.001000,0.001000
1065.480769,0.039315,0.001000,0.001000,0.001000,0.001000,0.001000
1065.500000,0.038374,0.001000,0.001000,0.001000,0.001000,0.001000
1065.519231,0.037399,0.001000,0.001000,0.001000,0.001000,0.001000
1065.538462,0.036390,0.001000,0.001000,0.001000,0.001000,0.001000
1065.557692,0.035349,0.001000,0.001000,0.001000,0.001000,0.001000
1065.576923,0.034276,0.001000,0.001000,0.001000,0.001000,0.001000
1065.596154,0.033173,0.001000,0.001000,0.001000,0.001000,0.001000
1065.615385,0.032040,0.001000,0.001000,0.001000,0.001000,0.001000
1065.634615,0.030878,0.001000,0.001000,0.001000,0.001000,0.001000
1065.653846,0.029689,0.001000,0.001000,0.001000,0.001000,0.001000
1065.673077,0.028473,0.001000,0.001000,0.001000,0.001000,0.001000
1065.692308,0.027232,0.001000,0.001000,0.001000,0.001000,0.001000
1065.711538,0.025966,0.001000,0.001000,0.001000,0.001000,0.001000
1065.730769,0.024677,0.001000,0.001000,0.001000,0.001000,0.001000
1065.750000,0.023367,0.001000,0.001000,0.001000,0.001000,0.001000
1065.769231,0.022035,0.001000,0.001000,0.001000,0.001000,0.001000
1065.788462,0.020683,0.001000,0.001000,0.001000,0.001000,0.001000
1065.807692,0.019314,0.001000,0.001000,0.001000,0.001000,0.001000
1065.826923,0.017926,0.001000,0.001000,0.001000,0.001000,0.001000
1065.846154,0.016523,0.001000,0.001000,0.001000,0.001000,0.001000
1065.865385,0.015105,0.001000,0.001000,0.001000,0.001000,0.001000
1065.884615,0.013674,0.001000,0.001000,0.001000,0.001000,0.001000
1065.903846,0.012230,0.001000,0.001000,0.001000,0.001000,0.001000
1065.923077,0.010776,0.001000,0.001000,0.001000,0.001000,0.001000
1065.942308,0.009311,0.001000,0.001000,0.001000,0.001000,0.001000
1065.961538,0.007839,0.001000,0.001000,0.001000,0.001000,0.001000
1065.980769,0.006359,0.001000,0.001000,0.001000,0.001000,0.001000
1066.000000,0.004874,0.001000,0.001000,0.001000,0.001000,0.001000
1066.019231,0.003385,0.001000,0.001000,0.001000,0.001000,0.001000
1066.038462,0.001892,0.001000,0.001000,0.001000,0.001000,0.001000
1066.057692,0.000398,0.001000,0.001000,0.001000,0.001000,0.001000
1066.076923,-0.001097,0.001000,0.001000,0.001000,0.001000,0.001000
1066.096154,-0.002591,0.001000,0.001000,0.001000,0.001000,0.001000
1066.115385,-0.004082,0.001000,0.001000,0.001000,0.001000,0.001000
1066.134615,-0.005570,0.001000,0.001000,0.001000,0.001000,0.001000
1066.153846,-0.007052,0.001000,0.001000,0.001000,0.001000,0.001000
1066.173077,-0.008529,0.001000,0.001000,0.001000,0.001000,0.001000
1066.192308,-0.009998,0.001000,0.001000,0.001000,0.001000,0.001000
1066.211538,-0.011457,0.001000,0.001000,0.001000,0.001000,0.001000
1066.230769,-0.012907,0.001000,0.001000,0.001000,0.001000,0.001000
1066.250000,-0.014345,0.001000,0.001000,0.001000,0.001000,0.001000
1066.269231,-0.015770,0.001000,0.001000,0.001000,0.001000,0.001000
1066.288462,-0.017182,0.001000,0.001000,0.001000,0.001000,0.001000
1066.307692,-0.018577,0.001000,0.001000,0.001000,0.001000,0.001000
1066.326923,-0.019957,0.001000,0.001000,0.001000,0.001000,0.001000
1066.346154,-0.021318,0.001000,0.001000,0.001000,0.001000,0.001000
1066.365385,-0.022660,0.001000,0.001000,0.001000,0.001000,0.001000
1066.384615,-0.023982,0.001000,0.001000,0.001000,0.001000,0.001000
1066.403846,-0.025283,0.001000,0.001000,0.001000,0.001000,0.001000
1066.423077,-0.026561,0.001000,0.001000,0.001000,0.001000,0.001000
1066.442308,-0.027815,0.001000,0.001000,0.001000,0.001000,0.001000
1066.461538,-0.029045,0.001000,0.001000,0.001000,0.001000,0.001000
1066.480769,-0.030248,0.001000,0.001000,0.001000,0.001000,0.001000
1066.500000,-0.031425,0.001000,0.001000,0.001000,0.001000,0.001000
1066.519231,-0.032573,0.001000,0.001000,0.001000,0.001000,0.001000
1066.538462,-0.033693,0.001000,0.001000,0.001000,0.001000,0.001000
1066.557692,-0.034782,0.001000,0.001000,0.001000,0.001000,0.001000
1066.576923,-0.035840,0.001000,0.001000,0.001000,0.001000,0.001000
1066.596154,-0.036866,0.001000,0.001000,0.001000,0.001000,0.001000
1066.615385,-0.037859,0.001000,0.001000,0.001000,0.001000,0.001000
1066.634615,-0.038818,0.001000,0.001000,0.001000,0.001000,0.001000
1066.653846,-0.039743,0.001000,0.001000,0.001000,0.001000,0.001000
1066.673077,-0.040632,0.001000,0.001000,0.001000,0.001000,0.001000
1066.692308,-0.041485,0.001000,0.001000,0.001000,0.001000,0.001000
1066.711538,-0.042301,0.001000,0.001000,0.001000,0.001000,0.001000
1066.730769,-0.043079,0.001000,0.001000,0.001000,0.001000,0.001000
1066.750000,-0.043818,0.001000,0.001000,0.001000,0.001000,0.001000
1066.769231,-0.044518,0.001000,0.001000,0.001000,0.001000,0.001000
1066.788462,-0.045179,0.001000,0.001000,0.001000,0.001000,0.001000
1066.807692,-0.045799,0.001000,0.001000,0.001000,0.001000,0.001000
1066.826923,-0.046378,0.001000,0.001000,0.001000,0.001000,0.001000
1066.846154,-0.046916,0.001000,0.001000,0.001000,0.001000,0.001000
1066.865385,-0.047412,0.001000,0.001000,0.001000,0.001000,0.001000
1066.884615,-0.047865,0.001000,0.001000,0.001000,0.001000,0.001000
1066.903846,-0.048276,0.001000,0.001000,0.001000,0.001000,0.001000
1066.923077,-0.048643,0.001000,0.001000,0.001000,0.001000,0.001000
1066.942308,-0.048967,0.001000,0.001000,0.001000,0.001000,0.001000
1066.961538,-0.049248,0.001000,0.001000,0.001000,0.001000,0.001000
1066.980769,-0.049484,0.001000,0.001000,0.001000,0.001000,0.001000
1067.000000,-0.049676,0.001000,0.001000,0.001000,0.001000,0.001000
1067.019231,-0.049824,0.001000,0.001000,0.001000,0.001000,0.001000
1067.038462,-0.049927,0.001000,0.001000,0.001000,0.001000,0.001000
1067.057692,-0.049985,0.001000,0.001000,0.001000,0.001000,0.001000
1067.076923,-0.049999,0.001000,0.001000,0.001000,0.001000,0.001000
1067.096154,-0.049968,0.001000,0.001000,0.001000,0.001000,0.001000
1067.115385,-0.049893,0.001000,0.001000,0.001000,0.001000,0.001000
1067.134615,-0.049773,0.001000,0.001000,0.001000,0.001000,0.001000
1067.153846,-0.049608,0.001000,0.001000,0.001000,0.001000,0.001000
1067.173077,-0.049399,0.001000,0.001000,0.001000,0.001000,0.001000
1067.192308,-0.049146,0.001000,0.001000,0.001000,0.001000,0.001000
1067.211538,-0.048850,0.001000,0.001000,0.001000,0.001000,0.001000
1067.230769,-0.048509,0.001000,0.001000,0.001000,0.001000,0.001000
1067.250000,-0.048125,0.001000,0.001000,0.001000,0.001000,0.001000
1067.269231,-0.047698,0.001000,0.001000,0.001000,0.001000,0.001000
1067.288462,-0.047229,0.001000,0.001000,0.001000,0.001000,0.001000
1067.307692,-0.046717,0.001000,0.001000,0.001000,0.001000,0.001000
1067.326923,-0.046163,0.001000,0.001000,0.001000,0.001000,0.001000
1067.346154,-0.045569,0.001000,0.001000,0.001000,0.001000,0.001000
1067.365385,-0.044933,0.001000,0.001000,0.001000,0.001000,0.001000
1067.384615,-0.044257,0.001000,0.001000,0.001000,0.001000,0.001000
1067.403846,-0.043542,0.001000,0.001000,0.001000,0.001000,0.001000
1067.423077,-0.042788,0.001000,0.001000,0.001000,0.001000,0.001000
1067.442308,-0.041996,0.001000,0.001000,0.001000,0.001000,0.001000
1067.461538,-0.041166,0.001000,0.001000,0.001000,0.001000,0.001000
1067.480769,-0.040299,0.001000,0.001000,0.001000,0.001000,0.001000
1067.500000,-0.039397,0.001000,0.001000,0.001000,0.001000,0.001000
1067.519231,-0.038459,0.001000,0.001000,0.001000,0.001000,0.001000
1067.538462,-0.037487,0.001000,0.001000,0.001000,0.001000,0.001000
1067.557692,-0.036481,0.001000,0.001000,0.001000,0.001000,0.001000
1067.576923,-0.035443,0.001000,0.001000,0.001000,0.001000,0.001000
1067.596154,-0.034373,0.001000,0.001000,0.001000,0.001000,0.001000
1067.615385,-0.033272,0.001000,0.001000,0.001000,0.001000,0.001000
1067.634615,-0.032141,0.001000,0.001000,0.001000,0.001000,0.001000
1067.653846,-0.030982,0.001000,0.001000,0.001000,0.001000,0.001000
1067.673077,-0.029795,0.001000,0.001000,0.001000,0.001000,0.001000
1067.692308,-0.028582,0.001000,0.001000,0.001000,0.001000,0.001000
1067.711538,-0.027343,0.001000,0.001000,0.001000,0.001000,0.001000
1067.730769,-0.026079,0.001000,0.001000,0.001000,0.001000,0.001000
1067.750000,-0.024793,0.001000,0.001000,0.001000,0.001000,0.001000
1067.769231,-0.023484,0.001000,0.001000,0.001000,0.001000,0.001000
1067.788462,-0.022154,0.001000,0.001000,0.001000,0.001000,0.001000
1067.807692,-0.020804,0.001000,0.001000,0.001000,0.001000,0.001000
1067.826923,-0.019436,0.001000,0.001000,0.001000,0.001000,0.001000
1067.846154,-0.018050,0.001000,0.001000,0.001000,0.001000,0.001000
1067.865385,-0.016648,0.001000,0.001000,0.001000,0.001000,0.001000
1067.884615,-0.015232,0.001000,0.001000,0.001000,0.001000,0.001000
1067.903846,-0.013801,0.001000,0.001000,0.001000,0.001000,0.001000
1067.923077,-0.012359,0.001000,0.001000,0.001000,0.001000,0.001000
1067.942308,-0.010905,0.001000,0.001000,0.001000,0.001000,0.001000
1067.961538,-0.009442,0.001000,0.001000,0.001000,0.001000,0.001000
1067.980769,-0.007970,0.001000,0.001000,0.001000,0.001000,0.001000
1068.000000,-0.006491,0.001000,0.001000,0.001000,0.001000,0.001000
1068.019231,-0.005006,0.001000,0.001000,0.001000,0.001000,0.001000
1068.038462,-0.003517,0.001000,0.001000,0.001000,0.001000,0.001000
1068.057692,-0.002025,0.001000,0.001000,0.001000,0.001000,0.001000
1068.076923,-0.000530,0.001000,0.001000,0.001000,0.001000,0.001000
1068.096154,0.000964,0.001000,0.001000,0.001000,0.001000,0.001000
1068.115385,0.002458,0.001000,0.001000,0.001000,0.001000,0.001000
1068.134615,0.003950,0.001000,0.001000,0.001000,0.001000,0.001000
1068.153846,0.005438,0.001000,0.001000,0.001000,0.001000,0.001000
1068.173077,0.006921,0.001000,0.001000,0.001000,0.001000,0.001000
1068.192308,0.008398,0.001000,0.001000,0.001000,0.001000,0.001000
1068.211538,0.009868,0.001000,0.001000,0.001000,0.001000,0.001000
1068.230769,0.011328,0.001000,0.001000,0.001000,0.001000,0.001000
1068.250000,0.012779,0.001000,0.001000,0.001000,0.001000,0.001000
1068.269231,0.014218,0.001000,0.001000,0.001000,0.001000,0.001000
1068.288462,0.015645,0.001000,0.001000,0.001000,0.001000,0.001000
1068.307692,0.017057,0.001000,0.001000,0.001000,0.001000,0.001000
1068.326923,0.018454,0.001000,0.001000,0.001000,0.001000,0.001000
1068.346154,0.019835,0.001000,0.001000,0.001000,0.001000,0.001000
1068.365385,0.021198,0.001000,0.001000,0.001000,0.001000,0.001000
1068.384615,0.022542,0.001000,0.001000,0.001000,0.001000,0.001000
1068.403846,0.023866,0.001000,0.001000,0.001000,0.001000,0.001000
1068.423077,0.025169,0.001000,0.001000,0.001000,0.001000,0.001000
1068.442308,0.026449,0.001000,0.001000,0.001000,0.001000,0.001000
1068.461538,0.027705,0.001000,0.001000,0.001000,0.001000,0.001000
1068.480769,0.028937,0.001000,0.001000,0.001000,0.001000,0.001000
1068.500000,0.030143,0.001000,0.001000,0.001000,0.001000,0.001000
1068.519231,0.031322,0.001000,0.001000,0.001000,0.001000,0.001000
1068.538462,0.032473,0.001000,0.001000,0.001000,0.001000,0.001000
1068.557692,0.033595,0.001000,0.001000,0.001000,0.001000,0.001000
1068.576923,0.034686,0.001000,0.001000,0.001000,0.001000,0.001000
1068.596154,0.035747,0.001000,0.001000,0.001000,0.001000,0.001000
1068.615385,0.036776,0.001000,0.001000,0.001000,0.001000,0.001000
1068.634615,0.037772,0.001000,0.001000,0.001000,0.001000,0.001000
1068.653846,0.038735,0.001000,0.001000,0.001000,0.001000,0.001000
1068.673077,0.039663,0.001000,0.001000,0.001000,0.001000,0.001000
1068.692308,0.040555,0.001000,0.001000,0.001000,0.001000,0.001000
1068.711538,0.041411,0.001000,0.001000,0.001000,0.001000,0.001000
1068.730769,0.042230,0.001000,0.001000,0.001000,0.001000,0.001000
1068.750000,0.043011,0.001000,0.001000,0.001000,0.001000,0.001000
1068.769231,0.043754,0.001000,0.001000,0.001000,0.001000,0.001000
1068.788462,0.044458,0.001000,0.001000,0.001000,0.001000,0.001000
1068.807692,0.045122,0.001000,0.001000,0.001000,0.001000,0.001000
1068.826923,0.045746,0.001000,0.001000,0.001000,0.001000,0.001000
1068.846154,0.046328,0.001000,0.001000,0.001000,0.001000,0.001000
1068.865385,0.046870,0.001000,0.001000,0.001000,0.001000,0.001000
1068.884615,0.047369,0.001000,0.001000,0.001000,0.001000,0.001000
1068.903846,0.047827,0.001000,0.001000,0.001000,0.001000,0.001000
1068.923077,0.048241,0.001000,0.001000,0.001000,0.001000,0.001000
1068.942308,0.048612,0.001000,0.001000,0.001000,0.001000,0.001000
1068.961538,0.048940,0.001000,0.001000,0.001000,0.001000,0.001000
1068.980769,0.049225,0.001000,0.001000,0.001000,0.001000,0.001000
1069.000000,0.049465,0.001000,0.001000,0.001000,0.001000,0.001000
1069.019231,0.049661,0.001000,0.001000,0.001000,0.001000,0.001000
1069.038462,0.049812,0.001000,0.001000,0.001000,0.001000,0.001000
1069.057692,0.049919,0.001000,0.001000,0.001000,0.001000,0.001000
1069.076923,0.049982,0.001000,0.001000,0.001000,0.001000,0.001000
1069.096154,0.050000,0.001000,0.001000,0.001000,0.001000,0.001000
1069.115385,0.049973,0.001000,0.001000,0.001000,0.001000,0.001000
1069.134615,0.049901,0.001000,0.001000,0.001000,0.001000,0.001000
1069.153846,0.049785,0.001000,0.001000,0.001000,0.001000,0.001000
1069.173077,0.049625,0.001000,0.001000,0.001000,0.001000,0.001000
1069.192308,0.049420,0.001000,0.001000,0.001000,0.001000,0.001000
1069.211538,0.049171,0.001000,0.001000,0.001000,0.001000,0.001000
1069.230769,0.048878,0.001000,0.001000,0.001000,0.001000,0.001000
1069.250000,0.048541,0.001000,0.001000,0.001000,0.001000,0.001000
1069.269231,0.048161,0.001000,0.001000,0.001000,0.001000,0.001000
1069.288462,0.047738,0.001000,0.001000,0.001000,0.001000,0.001000
1069.307692,0.047272,0.001000,0.001000,0.001000,0.001000,0.001000
1069.326923,0.046764,0.001000,0.001000,0.001000,0.001000,0.001000
1069.346154,0.046214,0.001000,0.001000,0.001000,0.001000,0.001000
1069.365385,0.045623,0.001000,0.001000,0.001000,0.001000,0.001000
1069.384615,0.044991,0.001000,0.001000,0.001000,0.001000,0.001000
1069.403846,0.044319,0.001000,0.001000,0.001000,0.001000,0.001000
1069.423077,0.043607,0.001000,0.001000,0.001000,0.001000,0.001000
1069.442308,0.042857,0.001000,0.001000,0.001000,0.001000,0.001000
1069.461538,0.042068,0.001000,0.001000,0.001000,0.001000,0.001000
1069.480769,0.041241,0.001000,0.001000,0.001000,0.001000,0.001000
1069.500000,0.040378,0.001000,0.001000,0.001000,0.001000,0.001000
1069.519231,0.039478,0.001000,0.001000,0.001000,0.001000,0.001000
1069.538462,0.038543,0.001000,0.001000,0.001000,0.001000,0.001000
1069.557692,0.037574,0.001000,0.001000,0.001000,0.001000,0.001000
1069.576923,0.036571,0.001000,0.001000,0.001000,0.001000,0.001000
1069.596154,0.035536,0.001000,0.001000,0.001000,0.001000,0.001000
1069.615385,0.034469,0.001000,0.001000,0.001000,0.001000,0.001000
1069.634615,0.033371,0.001000,0.001000,0.001000,0.001000,0.001000
1069.653846,0.032243,0.001000,0.001000,0.001000,0.001000,0.001000
1069.673077,0.031086,0.001000,0.001000,0.001000,0.001000,0.001000
1069.692308,0.029902,0.001000,0.001000,0.001000,0.001000,0.001000
1069.711538,0.028691,0.001000,0.001000,0.001000,0.001000,0.001000
1069.730769,0.027454,0.001000,0.001000,0.001000,0.001000,0.001000
1069.750000,0.026192,0.001000,0.001000,0.001000,0.001000,0.001000
1069.769231,0.024908,0.001000,0.001000,0.001000,0.001000,0.001000
1069.788462,0.023601,0.001000,0.001000,0.001000,0.001000,0.001000
1069.807692,0.022273,0.001000,0.001000,0.001000,0.001000,0.001000
1069.826923,0.020925,0.001000,0.001000,0.001000,0.001000,0.001000
1069.846154,0.019558,0.001000,0.001000,0.001000,0.001000,0.001000
1069.865385,0.018174,0.001000,0.001000,0.001000,0.001000,0.001000
1069.884615,0.016773,0.001000,0.001000,0.001000,0.001000,0.001000
1069.903846,0.015358,0.001000,0.001000,0.001000,0.001000,0.001000
1069.923077,0.013929,0.001000,0.001000,0.001000,0.001000,0.001000
1069.942308,0.012487,0.001000,0.001000,0.001000,0.001000,0.001000
1069.961538,0.011034,0.001000,0.001000,0.001000,0.001000,0.001000
1069.980769,0.009572,0.001000,0.001000,0.001000,0.001000,0.001000
1070.000000,0.008101,0.001000,0.001000,0.001000,0.001000,0.001000
1070.019231,0.006622,0.001000,0.001000,0.001000,0.001000,0.001000
1070.038462,0.005138,0.001000,0.001000,0.001000,0.001000,0.001000
1070.057692,0.003649,0.001000,0.001000,0.001000,0.001000,0.001000
1070.076923,0.002157,0.001000,0.001000,0.001000,0.001000,0.001000
1070.096154,0.000663,0.001000,0.001000,0.001000,0.001000,0.001000
1070.115385,-0.000832,0.001000,0.001000,0.001000,0.001000,0.001000
1070.134615,-0.002326,0.001000,0.001000,0.001000,0.001000,0.001000
1070.153846,-0.003818,0.001000,0.001000,0.001000,0.001000,0.001000
1070.173077,-0.005306,0.001000,0.001000,0.001000,0.001000,0.001000
1070.192308,-0.006790,0.001000,0.001000,0.001000,0.001000,0.001000
1070.211538,-0.008267,0.001000,0.001000,0.001000,0.001000,0.001000
1070.230769,-0.009738,0.001000,0.001000,0.001000,0.001000,0.001000
1070.250000,-0.011199,0.001000,0.001000,0.001000,0.001000,0.001000
1070.269231,-0.012651,0.001000,0.001000,0.001000,0.001000,0.001000
1070.288462,-0.014091,0.001000,0.001000,0.001000,0.001000,0.001000
1070.307692,-0.015519,0.001000,0.001000,0.001000,0.001000,0.001000
1070.326923,-0.016932,0.001000,0.001000,0.001000,0.001000,0.001000
1070.346154,-0.018331,0.001000,0.001000,0.001000,0.001000,0.001000
1070.365385,-0.019713,0.001000,0.001000,0.001000,0.001000,0.001000
1070.384615,-0.021078,0.001000,0.001000,0.001000,0.001000,0.001000
1070.403846,-0.022424,0.001000,0.001000,0.001000,0.001000,0.001000
1070.423077,-0.023749,0.001000,0.001000,0.001000,0.001000,0.001000
1070.442308,-0.025054,0.001000,0.001000,0.001000,0.001000,0.001000
1070.461538,-0.026336,0.001000,0.001000,0.001000,0.001000,0.001000
1070.480769,-0.027595,0.001000,0.001000,0.001000,0.001000,0.001000
1070.500000,-0.028829,0.001000,0.001000,0.001000,0.001000,0.001000
1070.519231,-0.030037,0.001000,0.001000,0.001000,0.001000,0.001000
1070.538462,-0.031218,0.001000,0.001000,0.001000,0.001000,0.001000
1070.557692,-0.032372,0.001000,0.001000,0.001000,0.001000,0.001000
1070.576923,-0.033496,0.001000,0.001000,0.001000,0.001000,0.001000
1070.596154,-0.034591,0.001000,0.001000,0.001000,0.001000,0.001000
1070.615385,-0.035655,0.001000,0.001000,0.001000,0.001000,0.001000
1070.634615,-0.036686,0.001000,0.001000,0.001000,0.001000,0.001000
1070.653846,-0.037685,0.001000,0.001000,0.001000,0.001000,0.001000
1070.673077,-0.038651,0.001000,0.001000,0.001000,0.001000,0.001000
1070.692308,-0.039582,0.001000,0.001000,0.001000,0.001000,0.001000
1070.711538,-0.040477,0.001000,0.001000,0.001000,0.001000,0.001000
1070.730769,-0.041336,0.001000,0.001000,0.001000,0.001000,0.001000
1070.750000,-0.042159,0.001000,0.001000,0.001000,0.001000,0.001000
1070.769231,-0.042943,0.001000,0.001000,0.001000,0.001000,0.001000
1070.788462,-0.043690,0.001000,0.001000,0.001000,0.001000,0.001000
1070.807692,-0.044397,0.001000,0.001000,0.001000,0.001000,0.001000
1070.826923,-0.045065,0.001000,0.001000,0.001000,0.001000,0.001000
1070.846154,-0.045692,0.001000,0.001000,0.001000,0.001000,0.001000
1070.865385,-0.046278,0.001000,0.001000,0.001000,0.001000,0.001000
1070.884615,-0.046823,0.001000,0.001000,0.001000,0.001000,0.001000
1070.903846,-0.047327,0.001000,0.001000,0.001000,0.001000,0.001000
1070.923077,-0.047788,0.001000,0.001000,0.001000,0.001000,0.001000
1070.942308,-0.048206,0.001000,0.001000,0.001000,0.001000,0.001000
1070.961538,-0.048581,0.001000,0.001000,0.001000,0.001000,0.001000
1070.980769,-0.048913,0.001000,0.001000,0.001000,0.001000,0.001000
1071.000000,-0.049201,0.001000,0.001000,0.001000,0.001000,0.001000
1071.019231,-0.049445,0.001000,0.001000,0.001000,0.001000,0.001000
1071.038462,-0.049645,0.001000,0.001000,0.001000,0.001000,0.001000
1071.057692,-0.049801,0.001000,0.001000,0.001000,0.001000,0.001000
1071.076923,-0.049912,0.001000,0.001000,0.001000,0.001000,0.001000
1071.096154,-0.049978,0.001000,0.001000,0.001000,0.001000,0.001000
1071.115385,-0.050000,0.001000,0.001000,0.001000,0.001000,0.001000
1071.134615,-0.049977,0.001000,0.001000,0.001000,0.001000,0.001000
1071.153846,-0.049910,0.001000,0.001000,0.001000,0.001000,0.001000
1071.173077,-0.049797,0.001000,0.001000,0.001000,0.001000,0.001000
1071.192308,-0.049641,0.001000,0.001000,0.001000,0.001000,0.001000
1071.211538,-0.049440,0.001000,0.001000,0.001000,0.001000,0.001000
1071.230769,-0.049195,0.001000,0.001000,0.001000,0.001000,0.001000
1071.250000,-0.048905,0.001000,0.001000,0.001000,0.001000,0.001000
1071.269231,-0.048573,0.001000,0.001000,0.001000,0.001000,0.001000
1071.288462,-0.048196,0.001000,0.001000,0.001000,0.001000,0.001000
1071.307692,-0.047777,0.001000,0.001000,0.001000,0.001000,0.001000
1071.326923,-0.047315,0.001000,0.001000,0.001000,0.001000,0.001000
1071.346154,-0.046811,0.001000,0.001000,0.001000,0.001000,0.001000
1071.365385,-0.046265,0.001000,0.001000,0.001000,0.001000,0.001000
1071.384615,-0.045677,0.001000,0.001000,0.001000,0.001000,0.001000
1071.403846,-0.045049,0.001000,0.001000,0.001000,0.001000,0.001000
1071.423077,-0.044380,0.001000,0.001000,0.001000,0.001000,0.001000
1071.442308,-0.043672,0.001000,0.001000,0.001000,0.001000,0.001000
1071.461538,-0.042925,0.001000,0.001000,0.001000,0.001000,0.001000
1071.480769,-0.042139,0.001000,0.001000,0.001000,0.001000,0.001000
1071.500000,-0.041316,0.001000,0.001000,0.001000,0.001000,0.001000
1071.519231,-0.040456,0.001000,0.001000,0.001000,0.001000,0.001000
1071.538462,-0.039559,0.001000,0.001000,0.001000,0.001000,0.001000
1071.557692,-0.038628,0.001000,0.001000,0.001000,0.001000,0.001000
1071.576923,-0.037662,0.001000,0.001000,0.001000,0.001000,0.001000
1071.596154,-0.036662,0.001000,0.001000,0.001000,0.001000,0.001000
1071.615385,-0.035629,0.001000,0.001000,0.001000,0.001000,0.001000
1071.634615,-0.034565,0.001000,0.001000,0.001000,0.001000,0.001000
1071.653846,-0.033469,0.001000,0.001000,0.001000,0.001000,0.001000
1071.673077,-0.032344,0.001000,0.001000,0.001000,0.001000,0.001000
1071.692308,-0.031190,0.001000,0.001000,0.001000,0.001000,0.001000
1071.711538,-0.030008,0.001000,0.001000,0.001000,0.001000,0.001000
1071.730769,-0.028799,0.001000,0.001000,0.001000,0.001000,0.001000
1071.750000,-0.027564,0.001000,0.001000,0.001000,0.001000,0.001000
1071.769231,-0.026305,0.001000,0.001000,0.001000,0.001000,0.001000
1071.788462,-0.025023,0.001000,0.001000,0.001000,0.001000,0.001000
1071.807692,-0.023717,0.001000,0.001000,0.001000,0.001000,0.001000
1071.826923,-0.022391,0.001000,0.001000,0.001000,0.001000,0.001000
1071.846154,-0.021045,0.001000,0.001000,0.001000,0.001000,0.001000
1071.865385,-0.019680,0.001000,0.001000,0.001000,0.001000,0.001000
1071.884615,-0.018297,0.001000,0.001000,0.001000,0.001000,0.001000
1071.903846,-0.016898,0.001000,0.001000,0.001000,0.001000,0.001000
1071.923077,-0.015484,0.001000,0.001000,0.001000,0.001000,0.001000
1071.942308,-0.014056,0.001000,0.001000,0.001000,0.001000,0.001000
1071.961538,-0.012616,0.001000,0.001000,0.001000,0.001000,0.001000
1071.980769,-0.011164,0.001000,0.001000,0.001000,0.001000,0.001000
1072.000000,-0.009702,0.001000,0.001000,0.001000,0.001000,0.001000
1072.019231,-0.008232,0.001000,0.001000,0.001000,0.001000,0.001000
1072.038462,-0.006754,0.001000,0.001000,0.001000,0.001000,0.001000
1072.057692,-0.005270,0.001000,0.001000,0.001000,0.001000,0.001000
1072.076923,-0.003781,0.001000,0.001000,0.001000,0.001000,0.001000
1072.096154,-0.002289,0.001000,0.001000,0.001000,0.001000,0.001000
1072.115385,-0.000795,0.001000,0.001000,0.001000,0.001000,0.001000
1072.134615,0.000699,0.001000,0.001000,0.001000,0.001000,0.001000
1072.153846,0.002193,0.001000,0.001000,0.001000,0.001000,0.001000
1072.173077,0.003685,0.001000,0.001000,0.001000,0.001000,0.001000
1072.192308,0.005174,0.001000,0.001000,0.001000,0.001000,0.001000
1072.211538,0.006658,0.001000,0.001000,0.001000,0.001000,0.001000
1072.230769,0.008137,0.001000,0.001000,0.001000,0.001000,0.001000
1072.250000,0.009608,0.001000,0.001000,0.001000,0.001000,0.001000
1072.269231,0.011070,0.001000,0.001000,0.001000,0.001000,0.001000
1072.288462,0.012522,0.001000,0.001000,0.001000,0.001000,0.001000
1072.307692,0.013964,0.001000,0.001000,0.001000,0.001000,0.001000
1072.326923,0.015392,0.001000,0.001000,0.001000,0.001000,0.001000
1072.346154,0.016808,0.001000,0.001000,0.001000,0.001000,0.001000
1072.365385,0.018208,0.001000,0.001000,0.001000,0.001000,0.001000
1072.384615,0.019591,0.001000,0.001000,0.001000,0.001000,0.001000
1072.403846,0.020958,0.001000,0.001000,0.001000,0.001000,0.001000
1072.423077,0.022305,0.001000,0.001000,0.001000,0.001000,0.001000
1072.442308,0.023633,0.001000,0.001000,0.001000,0.001000,0.001000
1072.461538,0.024939,0.001000,0.001000,0.001000,0.001000,0.001000
1072.480769,0.026223,0.001000,0.001000,0.001000,0.001000,0.001000
1072.500000,0.027484,0.001000,0.001000,0.001000,0.001000,0.001000
1072.519231,0.028720,0.001000,0.001000,0.001000,0.001000,0.001000
1072.538462,0.029931,0.001000,0.001000,0.001000,0.001000,0.001000
1072.557692,0.031115,0.001000,0.001000,0.001000,0.001000,0.001000
1072.576923,0.032271,0.001000,0.001000,0.001000,0.001000,0.001000
1072.596154,0.033398,0.001000,0.001000,0.001000,0.001000,0.001000
1072.615385,0.034495,0.001000,0.001000,0.001000,0.001000,0.001000
1072.634615,0.035561,0.001000,0.001000,0.001000,0.001000,0.001000
1072.653846,0.036596,0.001000,0.001000,0.001000,0.001000,0.001000
1072.673077,0.037598,0.001000,0.001000,0.001000,0.001000,0.001000
1072.692308,0.038567,0.001000,0.001000,0.001000,0.001000,0.001000
1072.711538,0.039500,0.001000,0.001000,0.001000,0.001000,0.001000
1072.730769,0.040399,0.001000,0.001000,0.001000,0.001000,0.001000
1072.750000,0.041262,0.001000,0.001000,0.001000,0.001000,0.001000
1072.769231,0.042087,0.001000,0.001000,0.001000,0.001000,0.001000
1072.788462,0.042875,0.001000,0.001000,0.001000,0.001000,0.001000
1072.807692,0.043625,0.001000,0.001000,0.001000,0.001000,0.001000
1072.826923,0.044336,0.001000,0.001000,0.001000,0.001000,0.001000
1072.846154,0.045007,0.001000,0.001000,0.001000,0.001000,0.001000
1072.865385,0.045638,0.001000,0.001000,0.001000,0.001000,0.001000
1072.884615,0.046228,0.001000,0.001000,0.001000,0.001000,0.001000
1072.903846,0.046777,0.001000,0.001000,0.001000,0.001000,0.001000
1072.923077,0.047284,0.001000,0.001000,0.001000,0.001000,0.001000
1072.942308,0.047749,0.001000,0.001000,0.001000,0.001000,0.001000
1072.961538,0.048171,0.001000,0.001000,0.001000,0.001000,0.001000
1072.980769,0.048550,0.001000,0.001000,0.001000,0.001000,0.001000
1073.000000,0.048885,0.001000,0.001000,0.001000,0.001000,0.001000
1073.019231,0.049177,0.001000,0.001000,0.001000,0.001000,0.001000
1073.038462,0.049425,0.001000,0.001000,0.001000,0.001000,0.001000
1073.057692,0.049629,0.001000,0.001000,0.001000,0.001000,0.001000
1073.076923,0.049789,0.001000,0.001000,0.001000,0.001000,0.001000
1073.096154,0.049904,0.001000,0.001000,0.001000,0.001000,0.001000
1073.115385,0.049974,0.001000,0.001000,0.001000,0.001000,0.001000
1073.134615,0.050000,0.001000,0.001000,0.001000,0.001000,0.001000
1073.153846,0.049981,0.001000,0.001000,0.001000,0.001000,0.001000
1073.173077,0.049917,0.001000,0.001000,0.001000,0.001000,0.001000
1073.192308,0.049809,0.001000,0.001000,0.001000,0.001000,0.001000
1073.211538,0.049656,0.001000,0.001000,0.001000,0.001000,0.001000
1073.230769,0.049459,0.001000,0.001000,0.001000,0.001000,0.001000
1073.250000,0.049218,0.001000,0.001000,0.001000,0.001000,0.001000
1073.269231,0.048933,0.001000,0.001000,0.001000,0.001000,0.001000
1073.288462,0.048604,0.001000,0.001000,0.001000,0.001000,0.001000
1073.307692,0.048231,0.001000,0.001000,0.001000,0.001000,0.001000
1073.326923,0.047816,0.001000,0.001000,0.001000,0.001000,0.001000
1073.346154,0.047358,0.001000,0.001000,0.001000,0.001000,0.001000
1073.365385,0.046857,0.001000,0.001000,0.001000,0.001000,0.001000
1073.384615,0.046315,0.001000,0.001000,0.001000,0.001000,0.001000
1073.403846,0.045731,0.001000,0.001000,0.001000,0.001000,0.001000
1073.423077,0.045106,0.001000,0.001000,0.001000,0.001000,0.001000
1073.442308,0.044441,0.001000,0.001000,0.001000,0.001000,0.001000
1073.461538,0.043736,0.001000,0.001000,0.001000,0.001000,0.001000
1073.480769,0.042993,0.001000,0.001000,0.001000,0.001000,0.001000
1073.500000,0.042210,0.001000,0.001000,0.001000,0.001000,0.001000
1073.519231,0.041390,0.001000,0.001000,0.001000,0.001000,0.001000
1073.538462,0.040534,0.001000,0.001000,0.001000,0.001000,0.001000
1073.557692,0.039640,0.001000,0.001000,0.001000,0.001000,0.001000
1073.576923,0.038712,0.001000,0.001000,0.001000,0.001000,0.001000
1073.596154,0.037749,0.001000,0.001000,0.001000,0.001000,0.001000
1073.615385,0.036752,0.001000,0.001000,0.001000,0.001000,0.001000
1073.634615,0.035722,0.001000,0.001000,0.001000,0.001000,0.001000
1073.653846,0.034660,0.001000,0.001000,0.001000,0.001000,0.001000
1073.673077,0.033568,0.001000,0.001000,0.001000,0.001000,0.001000
1073.692308,0.032445,0.001000,0.001000,0.001000,0.001000,0.001000
1073.711538,0.031293,0.001000,0.001000,0.001000,0.001000,0.001000
1073.730769,0.030114,0.001000,0.001000,0.001000,0.001000,0.001000
1073.750000,0.028907,0.001000,0.001000,0.001000,0.001000,0.001000
1073.769231,0.027675,0.001000,0.001000,0.001000,0.001000,0.001000
1073.788462,0.026418,0.001000,0.001000,0.001000,0.001000,0.001000
1073.807692,0.025137,0.001000,0.001000,0.001000,0.001000,0.001000
1073.826923,0.023834,0.001000,0.001000,0.001000,0.001000,0.001000
1073.846154,0.022510,0.001000,0.001000,0.001000,0.001000,0.001000
1073.865385,0.021165,0.001000,0.001000,0.001000,0.001000,0.001000
1073.884615,0.019802,0.001000,0.001000,0.001000,0.001000,0.001000
1073.903846,0.018420,0.001000,0.001000,0.001000,0.001000,0.001000
1073.923077,0.017023,0.001000,0.001000,0.001000,0.001000,0.001000
1073.942308,0.015610,0.001000,0.001000,0.001000,0.001000,0.001000
1073.961538,0.014183,0.001000,0.001000,0.001000,0.001000,0.001000
1073.980769,0.012744,0.001000,0.001000,0.001000,0.001000,0.001000
1074.000000,0.011293,0.001000,0.001000,0.001000,0.001000,0.001000
1074.019231,0.009832,0.001000,0.001000,0.001000,0.001000,0.001000
1074.038462,0.008362,0.001000,0.001000,0.001000,0.001000,0.001000
1074.057692,0.006885,0.001000,0.001000,0.001000,0.001000,0.001000
1074.076923,0.005402,0.001000,0.001000,0.001000,0.001000,0.001000
1074.096154,0.003914,0.001000,0.001000,0.001000,0.001000,0.001000
1074.115385,0.002422,0.001000,0.001000,0.001000,0.001000,0.001000
1074.134615,0.000928,0.001000,0.001000,0.001000,0.001000,0.001000
1074.153846,-0.000567,0.001000,0.001000,0.001000,0.001000,0.001000
1074.173077,-0.002061,0.001000,0.001000,0.001000,0.001000,0.001000
1074.192308,-0.003553,0.001000,0.001000,0.001000,0.001000,0.001000
1074.211538,-0.005042,0.001000,0.001000,0.001000,0.001000,0.001000
1074.230769,-0.006527,0.001000,0.001000,0.001000,0.001000,0.001000
1074.250000,-0.008006,0.001000,0.001000,0.001000,0.001000,0.001000
1074.269231,-0.009477,0.001000,0.001000,0.001000,0.001000,0.001000
1074.288462,-0.010941,0.001000,0.001000,0.001000,0.001000,0.001000
1074.307692,-0.012394,0.001000,0.001000,0.001000,0.001000,0.001000
1074.326923,-0.013836,0.001000,0.001000,0.001000,0.001000,0.001000
1074.346154,-0.015266,0.001000,0.001000,0.001000,0.001000,0.001000
1074.365385,-0.016683,0.001000,0.001000,0.001000,0.001000,0.001000
1074.384615,-0.018084,0.001000,0.001000,0.001000,0.001000,0.001000
1074.403846,-0.019469,0.001000,0.001000,0.001000,0.001000,0.001000
1074.423077,-0.020837,0.001000,0.001000,0.001000,0.001000,0.001000
1074.442308,-0.022186,0.001000,0.001000,0.001000,0.001000,0.001000
1074.461538,-0.023516,0.001000,0.001000,0.001000,0.001000,0.001000
1074.480769,-0.024824,0.001000,0.001000,0.001000,0.001000,0.001000
1074.500000,-0.026110,0.001000,0.001000,0.001000,0.001000,0.001000
1074.519231,-0.027373,0.001000,0.001000,0.001000,0.001000,0.001000
1074.538462,-0.028612,0.001000,0.001000,0.001000,0.001000,0.001000
1074.557692,-0.029825,0.001000,0.001000,0.001000,0.001000,0.001000
1074.576923,-0.031011,0.001000,0.001000,0.001000,0.001000,0.001000
1074.596154,-0.032169,0.001000,0.001000,0.001000,0.001000,0.001000
1074.615385,-0.033299,0.001000,0.001000,0.001000,0.001000,0.001000
1074.634615,-0.034399,0.001000,0.001000,0.001000,0.001000,0.001000
1074.653846,-0.035468,0.001000,0.001000,0.001000,0.001000,0.001000
1074.673077,-0.036506,0.001000,0.001000,0.001000,0.001000,0.001000
1074.692308,-0.037511,0.001000,0.001000,0.001000,0.001000,0.001000
1074.711538,-0.038482,0.001000,0.001000,0.001000,0.001000,0.001000
1074.730769,-0.039419,0.001000,0.001000,0.001000,0.001000,0.001000
1074.750000,-0.040321,0.001000,0.001000,0.001000,0.001000,0.001000
1074.769231,-0.041187,0.001000,0.001000,0.001000,0.001000,0.001000
1074.788462,-0.042016,0.001000,0.001000,0.001000,0.001000,0.001000
1074.807692,-0.042807,0.001000,0.001000,0.001000,0.001000,0.001000
1074.826923,-0.043560,0.001000,0.001000,0.001000,0.001000,0.001000
1074.846154,-0.044274,0.001000,0.001000,0.001000,0.001000,0.001000
1074.865385,-0.044949,0.001000,0.001000,0.001000,0.001000,0.001000
1074.884615,-0.045584,0.001000,0.001000,0.001000,0.001000,0.001000
1074.903846,-0.046177,0.001000,0.001000,0.001000,0.001000,0.001000
1074.923077,-0.046730,0.001000,0.001000,0.001000,0.001000,0.001000
1074.942308,-0.047241,0.001000,0.001000,0.001000,0.001000,0.001000
1074.961538,-0.047709,0.001000,0.001000,0.001000,0.001000,0.001000
1074.980769,-0.048135,0.001000,0.001000,0.001000,0.001000,0.001000
1075.000000,-0.048518,0.001000,0.001000,0.001000,0.001000,0.001000
1075.019231,-0.048857,0.001000,0.001000,0.001000,0.001000,0.001000
1075.038462,-0.049153,0.001000,0.001000,0.001000,0.001000,0.001000
1075.057692,-0.049405,0.001000,0.001000,0.001000,0.001000,0.001000
1075.076923,-0.049613,0.001000,0.001000,0.001000,0.001000,0.001000
1075.096154,-0.049776,0.001000,0.001000,0.001000,0.001000,0.001000
1075.115385,-0.049895,0.001000,0.001000,0.001000,0.001000,0.001000
1075.134615,-0.049970,0.001000,0.001000,0.001000,0.001000,0.001000
1075.153846,-0.049999,0.001000,0.001000,0.001000,0.001000,0.001000
1075.173077,-0.049984,0.001000,0.001000,0.001000,0.001000,0.001000
1075.192308,-0.049925,0.001000,0.001000,0.001000,0.001000,0.001000
1075.211538,-0.049821,0.001000,0.001000,0.001000,0.001000,0.001000
1075.230769,-0.049672,0.001000,0.001000,0.001000,0.001000,0.001000
1075.250000,-0.049479,0.001000,0.001000,0.001000,0.001000,0.001000
1075.269231,-0.049241,0.001000,0.001000,0.001000,0.001000,0.001000
1075.288462,-0.048960,0.001000,0.001000,0.001000,0.001000,0.001000
1075.307692,-0.048635,0.001000,0.001000,0.001000,0.001000,0.001000
1075.326923,-0.048266,0.001000,0.001000,0.001000,0.001000,0.001000
1075.346154,-0.047855,0.001000,0.001000,0.001000,0.001000,0.001000
1075.365385,-0.047400,0.001000,0.001000,0.001000,0.001000,0.001000
1075.384615,-0.046903,0.001000,0.001000,0.001000,0.001000,0.001000
1075.403846,-0.046364,0.001000,0.001000,0.001000,0.001000,0.001000
1075.423077,-0.045784,0.001000,0.001000,0.001000,0.001000,0.001000
1075.442308,-0.045163,0.001000,0.001000,0.001000,0.001000,0.001000
1075.461538,-0.044502,0.001000,0.001000,0.001000,0.001000,0.001000
1075.480769,-0.043801,0.001000,0.001000,0.001000,0.001000,0.001000
1075.500000,-0.043060,0.001000,0.001000,0.001000,0.001000,0.001000
1075.519231,-0.042281,0.001000,0.001000,0.001000,0.001000,0.001000
1075.538462,-0.041465,0.001000,0.001000,0.001000,0.001000,0.001000
1075.557692,-0.040611,0.001000,0.001000,0.001000,0.001000,0.001000
1075.576923,-0.039721,0.001000,0.001000,0.001000,0.001000,0.001000
1075.596154,-0.038796,0.001000,0.001000,0.001000,0.001000,0.001000
1075.615385,-0.037835,0.001000,0.001000,0.001000,0.001000,0.001000
1075.634615,-0.036841,0.001000,0.001000,0.001000,0.001000,0.001000
1075.653846,-0.035815,0.001000,0.001000,0.001000,0.001000,0.001000
1075.673077,-0.034756,0.001000,0.001000,0.001000,0.001000,0.001000
1075.692308,-0.033666,0.001000,0.001000,0.001000,0.001000,0.001000
1075.711538,-0.032546,0.001000,0.001000,0.001000,0.001000,0.001000
1075.730769,-0.031397,0.001000,0.001000,0.001000,0.001000,0.001000
1075.750000,-0.030220,0.001000,0.001000,0.001000,0.001000,0.001000
1075.769231,-0.029015,0.001000,0.001000,0.001000,0.001000,0.001000
1075.788462,-0.027785,0.001000,0.001000,0.001000,0.001000,0.001000
1075.807692,-0.026530,0.001000,0.001000,0.001000,0.001000,0.001000
1075.826923,-0.025252,0.001000,0.001000,0.001000,0.001000,0.001000
1075.846154,-0.023951,0.001000,0.001000,0.001000,0.001000,0.001000
1075.865385,-0.022628,0.001000,0.001000,0.001000,0.001000,0.001000
1075.884615,-0.021285,0.001000,0.001000,0.001000,0.001000,0.001000
1075.903846,-0.019923,0.001000,0.001000,0.001000,0.001000,0.001000
1075.923077,-0.018544,0.001000,0.001000,0.001000,0.001000,0.001000
1075.942308,-0.017147,0.001000,0.001000,0.001000,0.001000,0.001000
1075.961538,-0.015736,0.001000,0.001000,0.001000,0.001000,0.001000
1075.980769,-0.014310,0.001000,0.001000,0.001000,0.001000,0.001000
1076.000000,-0.012872,0.001000,0.001000,0.001000,0.001000,0.001000
1076.019231,-0.011422,0.001000,0.001000,0.001000,0.001000,0.001000
1076.038462,-0.009962,0.001000,0.001000,0.001000,0.001000,0.001000
1076.057692,-0.008493,0.001000,0.001000,0.001000,0.001000,0.001000
1076.076923,-0.007016,0.001000,0.001000,0.001000,0.001000,0.001000
1076.096154,-0.005534,0.001000,0.001000,0.001000,0.001000,0.001000
1076.115385,-0.004046,0.001000,0.001000,0.001000,0.001000,0.001000
1076.134615,-0.002554,0.001000,0.001000,0.001000,0.001000,0.001000
1076.153846,-0.001061,0.001000,0.001000,0.001000,0.001000,0.001000
1076.173077,0.000434,0.001000,0.001000,0.001000,0.001000,0.001000
1076.192308,0.001928,0.001000,0.001000,0.001000,0.001000,0.001000
1076.211538,0.003421,0.001000,0.001000,0.001000,0.001000,0.001000
1076.230769,0.004910,0.001000,0.001000,0.001000,0.001000,0.001000
1076.250000,0.006395,0.001000,0.001000,0.001000,0.001000,0.001000
1076.269231,0.007875,0.001000,0.001000,0.001000,0.001000,0.001000
1076.288462,0.009347,0.001000,0.001000,0.001000,0.001000,0.001000
1076.307692,0.010811,0.001000,0.001000,0.001000,0.001000,0.001000
1076.326923,0.012265,0.001000,0.001000,0.001000,0.001000,0.001000
1076.346154,0.013709,0.001000,0.001000,0.001000,0.001000,0.001000
1076.365385,0.015140,0.001000,0.001000,0.001000,0.001000,0.001000
1076.384615,0.016558,0.001000,0.001000,0.001000,0.001000,0.001000
1076.403846,0.017960,0.001000,0.001000,0.001000,0.001000,0.001000
1076.423077,0.019347,0.001000,0.001000,0.001000,0.001000,0.001000
1076.442308,0.020717,0.001000,0.001000,0.001000,0.001000,0.001000
1076.461538,0.022067,0.001000,0.001000,0.001000,0.001000,0.001000
1076.480769,0.023399,0.001000,0.001000,0.001000,0.001000,0.001000
1076.500000,0.024709,0.001000,0.001000,0.001000,0.001000,0.001000
1076.519231,0.025997,0.001000,0.001000,0.001000,0.001000,0.001000
1076.538462,0.027262,0.001000,0.001000,0.001000,0.001000,0.001000
1076.557692,0.028503,0.001000,0.001000,0.001000,0.001000,0.001000
1076.576923,0.029718,0.001000,0.001000,0.001000,0.001000,0.001000
1076.596154,0.030907,0.001000,0.001000,0.001000,0.001000,0.001000
1076.615385,0.032068,0.001000,0.001000,0.001000,0.001000,0.001000
1076.634615,0.033200,0.001000,0.001000,0.001000,0.001000,0.001000
1076.653846,0.034303,0.001000,0.001000,0.001000,0.001000,0.001000
1076.673077,0.035375,0.001000,0.001000,0.001000,0.001000,0.001000
1076.692308,0.036415,0.001000,0.001000,0.001000,0.001000,0.001000
1076.711538,0.037423,0.001000,0.001000,0.001000,0.001000,0.001000
1076.730769,0.038397,0.001000,0.001000,0.001000,0.001000,0.001000
1076.750000,0.039337,0.001000,0.001000,0.001000,0.001000,0.001000
1076.769231,0.040242,0.001000,0.001000,0.001000,0.001000,0.001000
1076.788462,0.041111,0.001000,0.001000,0.001000,0.001000,0.001000
1076.807692,0.041944,0.001000,0.001000,0.001000,0.001000,0.001000
1076.826923,0.042738,0.001000,0.001000,0.001000,0.001000,0.001000
1076.846154,0.043495,0.001000,0.001000,0.001000,0.001000,0.001000
1076.865385,0.044213,0.001000,0.001000,0.001000,0.001000,0.001000
1076.884615,0.044891,0.001000,0.001000,0.001000,0.001000,0.001000
1076.903846,0.045529,0.001000,0.001000,0.001000,0.001000,0.001000
1076.923077,0.046126,0.001000,0.001000,0.001000,0.001000,0.001000
1076.942308,0.046682,0.001000,0.001000,0.001000,0.001000,0.001000
1076.961538,0.047197,0.001000,0.001000,0.001000,0.001000,0.001000
1076.980769,0.047669,0.001000,0.001000,0.001000,0.001000,0.001000
1077.000000,0.048099,0.001000,0.001000,0.001000,0.001000,0.001000
1077.019231,0.048486,0.001000,0.001000,0.001000,0.001000,0.001000
1077.038462,0.048829,0.001000,0.001000,0.001000,0.001000,0.001000
1077.057692,0.049129,0.001000,0.001000,0.001000,0.001000,0.001000
1077.076923,0.049385,0.001000,0.001000,0.001000,0.001000,0.001000
1077.096154,0.049596,0.001000,0.001000,0.001000,0.001000,0.001000
1077.115385,0.049764,0.001000,0.001000,0.001000,0.001000,0.001000
1077.134615,0.049887,0.001000,0.001000,0.001000,0.001000,0.001000
1077.153846,0.049965,0.001000,0.001000,0.001000,0.001000,0.001000
1077.173077,0.049999,0.001000,0.001000,0.001000,0.001000,0.001000
1077.192308,0.049988,0.001000,0.001000,0.001000,0.001000,0.001000
1077.211538,0.049932,0.001000,0.001000,0.001000,0.001000,0.001000
1077.230769,0.049832,0.001000,0.001000,0.001000,0.001000,0.001000
1077.250000,0.049687,0.001000,0.001000,0.001000,0.001000,0.001000
1077.269231,0.049498,0.001000,0.001000,0.001000,0.001000,0.001000
1077.288462,0.049264,0.001000,0.001000,0.001000,0.001000,0.001000
1077.307692,0.048987,0.001000,0.001000,0.001000,0.001000,0.001000
1077.326923,0.048665,0.001000,0.001000,0.001000,0.001000,0.001000
1077.346154,0.048301,0.001000,0.001000,0.001000,0.001000,0.001000
1077.365385,0.047893,0.001000,0.001000,0.001000,0.001000,0.001000
1077.384615,0.047442,0.001000,0.001000,0.001000,0.001000,0.001000
1077.403846,0.046949,0.001000,0.001000,0.001000,0.001000,0.001000
1077.423077,0.046414,0.001000,0.001000,0.001000,0.001000,0.001000
1077.442308,0.045837,0.001000,0.001000,0.001000,0.001000,0.001000
1077.461538,0.045220,0.001000,0.001000,0.001000,0.001000,0.001000
1077.480769,0.044562,0.001000,0.001000,0.001000,0.001000,0.001000
1077.500000,0.043864,0.001000,0.001000,0.001000,0.001000,0.001000
1077.519231,0.043127,0.001000,0.001000,0.001000,0.001000,0.001000
1077.538462,0.042352,0.001000,0.001000,0.001000,0.001000,0.001000
1077.557692,0.041539,0.001000,0.001000,0.001000,0.001000,0.001000
1077.576923,0.040688,0.001000,0.001000,0.001000,0.001000,0.001000
1077.596154,0.039801,0.001000,0.001000,0.001000,0.001000,0.001000
1077.615385,0.038879,0.001000,0.001000,0.001000,0.001000,0.001000
1077.634615,0.037922,0.001000,0.001000,0.001000,0.001000,0.001000
1077.653846,0.036931,0.001000,0.001000,0.001000,0.001000,0.001000
1077.673077,0.035907,0.001000,0.001000,0.001000,0.001000,0.001000
1077.692308,0.034851,0.001000,0.001000,0.001000,0.001000,0.001000
1077.711538,0.033764,0.001000,0.001000,0.001000,0.001000,0.001000
1077.730769,0.032646,0.001000,0.001000,0.001000,0.001000,0.001000
1077.750000,0.031500,0.001000,0.001000,0.001000,0.001000,0.001000
1077.769231,0.030325,0.001000,0.001000,0.001000,0.001000,0.001000
1077.788462,0.029123,0.001000,0.001000,0.001000,0.001000,0.001000
1077.807692,0.027895,0.001000,0.001000,0.001000,0.001000,0.001000
1077.826923,0.026643,0.001000,0.001000,0.001000,0.001000,0.001000
1077.846154,0.025366,0.001000,0.001000,0.001000,0.001000,0.001000
1077.865385,0.024067,0.001000,0.001000,0.001000,0.001000,0.001000
1077.884615,0.022746,0.001000,0.001000,0.001000,0.001000,0.001000
1077.903846,0.021405,0.001000,0.001000,0.001000,0.001000,0.001000
1077.923077,0.020045,0.001000,0.001000,0.001000,0.001000,0.001000
1077.942308,0.018667,0.001000,0.001000,0.001000,0.001000,0.001000
1077.961538,0.017272,0.001000,0.001000,0.001000,0.001000,0.001000
1077.980769,0.015862,0.001000,0.001000,0.001000,0.001000,0.001000
1078.000000,0.014437,0.001000,0.001000,0.001000,0.001000,0.001000
1078.019231,0.013000,0.001000,0.001000,0.001000,0.001000,0.001000
1078.038462,0.011551,0.001000,0.001000,0.001000,0.001000,0.001000
1078.057692,0.010092,0.001000,0.001000,0.001000,0.001000,0.001000
1078.076923,0.008624,0.001000,0.001000,0.001000,0.001000,0.001000
1078.096154,0.007148,0.001000,0.001000,0.001000,0.001000,0.001000
1078.115385,0.005665,0.001000,0.001000,0.001000,0.001000,0.001000
1078.134615,0.004178,0.001000,0.001000,0.001000,0.001000,0.001000
1078.153846,0.002687,0.001000,0.001000,0.001000,0.001000,0.001000
1078.173077,0.001193,0.001000,0.001000,0.001000,0.001000,0.001000
1078.192308,-0.000301,0.001000,0.001000,0.001000,0.001000,0.001000
1078.211538,-0.001796,0.001000,0.001000,0.001000,0.001000,0.001000
1078.230769,-0.003289,0.001000,0.001000,0.001000,0.001000,0.001000
1078.250000,-0.004778,0.001000,0.001000,0.001000,0.001000,0.001000
1078.269231,-0.006264,0.001000,0.001000,0.001000,0.001000,0.001000
1078.288462,-0.007744,0.001000,0.001000,0.001000,0.001000,0.001000
1078.307692,-0.009217,0.001000,0.001000,0.001000,0.001000,0.001000
1078.326923,-0.010682,0.001000,0.001000,0.001000,0.001000,0.001000
1078.346154,-0.012137,0.001000,0.001000,0.001000,0.001000,0.001000
1078.365385,-0.013581,0.001000,0.001000,0.001000,0.001000,0.001000
1078.384615,-0.015014,0.001000,0.001000,0.001000,0.001000,0.001000
1078.403846,-0.016432,0.001000,0.001000,0.001000,0.001000,0.001000
1078.423077,-0.017837,0.001000,0.001000,0.001000,0.001000,0.001000
1078.442308,-0.019225,0.001000,0.001000,0.001000,0.001000,0.001000
1078.461538,-0.020596,0.001000,0.001000,0.001000,0.001000,0.001000
1078.480769,-0.021948,0.001000,0.001000,0.001000,0.001000,0.001000
1078.500000,-0.023281,0.001000,0.001000,0.001000,0.001000,0.001000
1078.519231,-0.024594,0.001000,0.001000,0.001000,0.001000,0.001000
1078.538462,-0.025884,0.001000,0.001000,0.001000,0.001000,0.001000
1078.557692,-0.027151,0.001000,0.001000,0.001000,0.001000,0.001000
1078.576923,-0.028394,0.001000,0.001000,0.001000,0.001000,0.001000
1078.596154,-0.029611,0.001000,0.001000,0.001000,0.001000,0.001000
1078.615385,-0.030802,0.001000,0.001000,0.001000,0.001000,0.001000
1078.634615,-0.031966,0.001000,0.001000,0.001000,0.001000,0.001000
1078.653846,-0.033101,0.001000,0.001000,0.001000,0.001000,0.001000
1078.673077,-0.034206,0.001000,0.001000,0.001000,0.001000,0.001000
1078.692308,-0.035281,0.001000,0.001000,0.001000,0.001000,0.001000
1078.711538,-0.036324,0.001000,0.001000,0.001000,0.001000,0.001000
1078.730769,-0.037335,0.001000,0.001000,0.001000,0.001000,0.001000
1078.750000,-0.038312,0.001000,0.001000,0.001000,0.001000,0.001000
1078.769231,-0.039255,0.001000,0.001000,0.001000,0.001000,0.001000
1078.788462,-0.040163,0.001000,0.001000,0.001000,0.001000,0.001000
1078.807692,-0.041036,0.001000,0.001000,0.001000,0.001000,0.001000
1078.826923,-0.041871,0.001000,0.001000,0.001000,0.001000,0.001000
1078.846154,-0.042669,0.001000,0.001000,0.001000,0.001000,0.001000
1078.865385,-0.043429,0.001000,0.001000,0.001000,0.001000,0.001000
1078.884615,-0.044151,0.001000,0.001000,0.001000,0.001000,0.001000
1078.903846,-0.044832,0.001000,0.001000,0.001000,0.001000,0.001000
1078.923077,-0.045474,0.001000,0.001000,0.001000,0.001000,0.001000
1078.942308,-0.046075,0.001000,0.001000,0.001000,0.001000,0.001000
1078.961538,-0.046635,0.001000,0.001000,0.001000,0.001000,0.001000
1078.980769,-0.047153,0.001000,0.001000,0.001000,0.001000,0.001000
1079.000000,-0.047629,0.001000,0.001000,0.001000,0.001000,0.001000
1079.019231,-0.048062,0.001000,0.001000,0.001000,0.001000,0.001000
1079.038462,-0.048453,0.001000,0.001000,0.001000,0.001000,0.001000
1079.057692,-0.048800,0.001000,0.001000,0.001000,0.001000,0.001000
1079.076923,-0.049104,0.001000,0.001000,0.001000,0.001000,0.001000
1079.096154,-0.049364,0.001000,0.001000,0.001000,0.001000,0.001000
1079.115385,-0.049579,0.001000,0.001000,0.001000,0.001000,0.001000
1079.134615,-0.049751,0.001000,0.001000,0.001000,0.001000,0.001000
1079.153846,-0.049877,0.001000,0.001000,0.001000,0.001000,0.001000
1079.173077,-0.049960,0.001000,0.001000,0.001000,0.001000,0.001000
1079.192308,-0.049997,0.001000,0.001000,0.001000,0.001000,0.001000
1079.211538,-0.049990,0.001000,0.001000,0.001000,0.001000,0.001000
1079.230769,-0.049939,0.001000,0.001000,0.001000,0.001000,0.001000
1079.250000,-0.049842,0.001000,0.001000,0.001000,0.001000,0.001000
1079.269231,-0.049701,0.001000,0.001000,0.001000,0.001000,0.001000
1079.288462,-0.049516,0.001000,0.001000,0.001000,0.001000,0.001000
1079.307692,-0.049287,0.001000,0.001000,0.001000,0.001000,0.001000
1079.326923,-0.049013,0.001000,0.001000,0.001000,0.001000,0.001000
1079.346154,-0.048696,0.001000,0.001000,0.001000,0.001000,0.001000
1079.365385,-0.048335,0.001000,0.001000,0.001000,0.001000,0.001000
1079.384615,-0.047931,0.001000,0.001000,0.001000,0.001000,0.001000
1079.403846,-0.047484,0.001000,0.001000,0.001000,0.001000,0.001000
1079.423077,-0.046994,0.001000,0.001000,0.001000,0.001000,0.001000
1079.442308,-0.046463,0.001000,0.001000,0.001000,0.001000,0.001000
1079.461538,-0.045890,0.001000,0.001000,0.001000,0.001000,0.001000
1079.480769,-0.045276,0.001000,0.001000,0.001000,0.001000,0.001000
1079.500000,-0.044622,0.001000,0.001000,0.001000,0.001000,0.001000
1079.519231,-0.043928,0.001000,0.001000,0.001000,0.001000,0.001000
1079.538462,-0.043194,0.001000,0.001000,0.001000,0.001000,0.001000
1079.557692,-0.042422,0.001000,0.001000,0.001000,0.001000,0.001000
1079.576923,-0.041612,0.001000,0.001000,0.001000,0.001000,0.001000
1079.596154,-0.040765,0.001000,0.001000,0.001000,0.001000,0.001000
1079.615385,-0.039882,0.001000,0.001000,0.001000,0.001000,0.001000
1079.634615,-0.038962,0.001000,0.001000,0.001000,0.001000,0.001000
1079.653846,-0.038008,0.001000,0.001000,0.001000,0.001000,0.001000
1079.673077,-0.037020,0.001000,0.001000,0.001000,0.001000,0.001000
1079.692308,-0.035999,0.001000,0.001000,0.001000,0.001000,0.001000
1079.711538,-0.034946,0.001000,0.001000,0.001000,0.001000,0.001000
1079.730769,-0.033861,0.001000,0.001000,0.001000,0.001000,0.001000
1079.750000,-0.032747,0.001000,0.001000,0.001000,0.001000,0.001000
1079.769231,-0.031603,0.001000,0.001000,0.001000,0.001000,0.001000
1079.788462,-0.030430,0.001000,0.001000,0.001000,0.001000,0.001000
1079.807692,-0.029231,0.001000,0.001000,0.001000,0.001000,0.001000
1079.826923,-0.028005,0.001000,0.001000,0.001000,0.001000,0.001000
1079.846154,-0.026755,0.001000,0.001000,0.001000,0.001000,0.001000
1079.865385,-0.025480,0.001000,0.001000,0.001000,0.001000,0.001000
1079.884615,-0.024183,0.001000,0.001000,0.001000,0.001000,0.001000
1079.903846,-0.022864,0.001000,0.001000,0.001000,0.001000,0.001000
1079.923077,-0.021525,0.001000,0.001000,0.001000,0.001000,0.001000
1079.942308,-0.020166,0.001000,0.001000,0.001000,0.001000,0.001000
1079.961538,-0.018790,0.001000,0.001000,0.001000,0.001000,0.001000
1079.980769,-0.017396,0.001000,0.001000,0.001000,0.001000,0.001000
1080.000000,-0.015987,0.001000,0.001000,0.001000,0.001000,0.001000
1080.019231,-0.014564,0.001000,0.001000,0.001000,0.001000,0.001000
1080.038462,-0.013128,0.001000,0.001000,0.001000,0.001000,0.001000
1080.057692,-0.011680,0.001000,0.001000,0.001000,0.001000,0.001000
1080.076923,-0.010222,0.001000,0.001000,0.001000,0.001000,0.001000
1080.096154,-0.008754,0.001000,0.001000,0.001000,0.001000,0.001000
1080.115385,-0.007279,0.001000,0.001000,0.001000,0.001000,0.001000
1080.134615,-0.005797,0.001000,0.001000,0.001000,0.001000,0.001000
1080.153846,-0.004310,0.001000,0.001000,0.001000,0.001000,0.001000
1080.173077,-0.002819,0.001000,0.001000,0.001000,0.001000,0.001000
1080.192308,-0.001326,0.001000,0.001000,0.001000,0.001000,0.001000
1080.211538,0.000169,0.001000,0.001000,0.001000,0.001000,0.001000
1080.230769,0.001663,0.001000,0.001000,0.001000,0.001000,0.001000
1080.250000,0.003156,0.001000,0.001000,0.001000,0.001000,0.001000
1080.269231,0.004646,0.001000,0.001000,0.001000,0.001000,0.001000
1080.288462,0.006132,0.001000,0.001000,0.001000,0.001000,0.001000
1080.307692,0.007613,0.001000,0.001000,0.001000,0.001000,0.001000
1080.326923,0.009087,0.001000,0.001000,0.001000,0.001000,0.001000
1080.346154,0.010552,0.001000,0.001000,0.001000,0.001000,0.001000
1080.365385,0.012008,0.001000,0.001000,0.001000,0.001000,0.001000
1080.384615,0.013454,0.001000,0.001000,0.001000,0.001000,0.001000
1080.403846,0.014887,0.001000,0.001000,0.001000,0.001000,0.001000
1080.423077,0.016307,0.001000,0.001000,0.001000,0.001000,0.001000
1080.442308,0.017713,0.001000,0.001000,0.001000,0.001000,0.001000
1080.461538,0.019102,0.001000,0.001000,0.001000,0.001000,0.001000
1080.480769,0.020475,0.001000,0.001000,0.001000,0.001000,0.001000
1080.500000,0.021829,0.001000,0.001000,0.001000,0.001000,0.001000
1080.519231,0.023164,0.001000,0.001000,0.001000,0.001000,0.001000
1080.538462,0.024478,0.001000,0.001000,0.001000,0.001000,0.001000
1080.557692,0.025770,0.001000,0.001000,0.001000,0.001000,0.001000
1080.576923,0.027040,0.001000,0.001000,0.001000,0.001000,0.001000
1080.596154,0.028285,0.001000,0.001000,0.001000,0.001000,0.001000
1080.615385,0.029504,0.001000,0.001000,0.001000,0.001000,0.001000
1080.634615,0.030698,0.001000,0.001000,0.001000,0.001000,0.001000
1080.653846,0.031864,0.001000,0.001000,0.001000,0.001000,0.001000
1080.673077,0.033001,0.001000,0.001000,0.001000,0.001000,0.001000
1080.692308,0.034109,0.001000,0.001000,0.001000,0.001000,0.001000
1080.711538,0.035187,0.001000,0.001000,0.001000,0.001000,0.001000
1080.730769,0.036233,0.001000,0.001000,0.001000,0.001000,0.001000
1080.750000,0.037246,0.001000,0.001000,0.001000,0.001000,0.001000
1080.769231,0.038227,0.001000,0.001000,0.001000,0.001000,0.001000
1080.788462,0.039173,0.001000,0.001000,0.001000,0.001000,0.001000
1080.807692,0.040084,0.001000,0.001000,0.001000,0.001000,0.001000
1080.826923,0.040960,0.001000,0.001000,0.001000,0.001000,0.001000
1080.846154,0.041799,0.001000,0.001000,0.001000,0.001000,0.001000
1080.865385,0.042600,0.001000,0.001000,0.001000,0.001000,0.001000
1080.884615,0.043363,0.001000,0.001000,0.001000,0.001000,0.001000
1080.903846,0.044088,0.001000,0.001000,0.001000,0.001000,0.001000
1080.923077,0.044773,0.001000,0.001000,0.001000,0.001000,0.001000
1080.942308,0.045419,0.001000,0.001000,0.001000,0.001000,0.001000
1080.961538,0.046023,0.001000,0.001000,0.001000,0.001000,0.001000
1080.980769,0.046587,0.001000,0.001000,0.001000,0.001000,0.001000
1081.000000,0.047109,0.001000,0.001000,0.001000,0.001000,0.001000
1081.019231,0.047589,0.001000,0.001000,0.001000,0.001000,0.001000
1081.038462,0.048026,0.001000,0.001000,0.001000,0.001000,0.001000
1081.057692,0.048420,0.001000,0.001000,0.001000,0.001000,0.001000
1081.076923,0.048771,0.001000,0.001000,0.001000,0.001000,0.001000
1081.096154,0.049079,0.001000,0.001000,0.001000,0.001000,0.001000
1081.115385,0.049342,0.001000,0.001000,0.001000,0.001000,0.001000
1081.134615,0.049562,0.001000,0.001000,0.001000,0.001000,0.001000
1081.153846,0.049737,0.001000,0.001000,0.001000,0.001000,0.001000
1081.173077,0.049868,0.001000,0.001000,0.001000,0.001000,0.001000
1081.192308,0.049954,0.001000,0.001000,0.001000,0.001000,0.001000
1081.211538,0.049996,0.001000,0.001000,0.001000,0.001000,0.001000
1081.230769,0.049993,0.001000,0.001000,0.001000,0.001000,0.001000
1081.250000,0.049945,0.001000,0.001000,0.001000,0.001000,0.001000
1081.269231,0.049853,0.001000,0.001000,0.001000,0.001000,0.001000
1081.288462,0.049716,0.001000,0.001000,0.001000,0.001000,0.001000
1081.307692,0.049534,0.001000,0.001000,0.001000,0.001000,0.001000
1081.326923,0.049309,0.001000,0.001000,0.001000,0.001000,0.001000
1081.346154,0.049039,0.001000,0.001000,0.001000,0.001000,0.001000
1081.365385,0.048726,0.001000,0.001000,0.001000,0.001000,0.001000
1081.384615,0.048369,0.001000,0.001000,0.001000,0.001000,0.001000
1081.403846,0.047968,0.001000,0.001000,0.001000,0.001000,0.001000
1081.423077,0.047525,0.001000,0.001000,0.001000,0.001000,0.001000
1081.442308,0.047040,0.001000,0.001000,0.001000,0.001000,0.001000
1081.461538,0.046512,0.001000,0.001000,0.001000,0.001000,0.001000
1081.480769,0.045943,0.001000,0.001000,0.001000,0.001000,0.001000
1081.500000,0.045332,0.001000,0.001000,0.001000,0.001000,0.001000
1081.519231,0.044682,0.001000,0.001000,0.001000,0.001000,0.001000
1081.538462,0.043991,0.001000,0.001000,0.001000,0.001000,0.001000
1081.557692,0.043261,0.001000,0.001000,0.001000,0.001000,0.001000
1081.576923,0.042492,0.001000,0.001000,0.001000,0.001000,0.001000
1081.596154,0.041686,0.001000,0.001000,0.001000,0.001000,0.001000
1081.615385,0.040842,0.001000,0.001000,0.001000,0.001000,0.001000
1081.634615,0.039961,0.001000,0.001000,0.001000,0.001000,0.001000
1081.653846,0.039045,0.001000,0.001000,0.001000,0.001000,0.001000
1081.673077,0.038094,0.001000,0.001000,0.001000,0.001000,0.001000
1081.692308,0.037109,0.001000,0.001000,0.001000,0.001000,0.001000
1081.711538,0.036091,0.001000,0.001000,0.001000,0.001000,0.001000
1081.730769,0.035041,0.001000,0.001000,0.001000,0.001000,0.001000
1081.750000,0.033959,0.001000,0.001000,0.001000,0.001000,0.001000
1081.769231,0.032847,0.001000,0.001000,0.001000,0.001000,0.001000
1081.788462,0.031705,0.001000,0.001000,0.001000,0.001000,0.001000
1081.807692,0.030535,0.001000,0.001000,0.001000,0.001000,0.001000
1081.826923,0.029338,0.001000,0.001000,0.001000,0.001000,0.001000
1081.846154,0.028115,0.001000,0.001000,0.001000,0.001000,0.001000
1081.865385,0.026867,0.001000,0.001000,0.001000,0.001000,0.001000
1081.884615,0.025594,0.001000,0.001000,0.001000,0.001000,0.001000
1081.903846,0.024299,0.001000,0.001000,0.001000,0.001000,0.001000
1081.923077,0.022982,0.001000,0.001000,0.001000,0.001000,0.001000
1081.942308,0.021644,0.001000,0.001000,0.001000,0.001000,0.001000
1081.961538,0.020287,0.001000,0.001000,0.001000,0.001000,0.001000
1081.980769,0.018912,0.001000,0.001000,0.001000,0.001000,0.001000
1082.000000,0.017521,0.001000,0.001000,0.001000,0.001000,0.001000
1082.019231,0.016113,0.001000,0.001000,0.001000,0.001000,0.001000
1082.038462,0.014691,0.001000,0.001000,0.001000,0.001000,0.001000
1082.057692,0.013256,0.001000,0.001000,0.001000,0.001000,0.001000
1082.076923,0.011809,0.001000,0.001000,0.001000,0.001000,0.001000
1082.096154,0.010351,0.001000,0.001000,0.001000,0.001000,0.001000
1082.115385,0.008885,0.001000,0.001000,0.001000,0.001000,0.001000
1082.134615,0.007410,0.001000,0.001000,0.001000,0.001000,0.001000
1082.153846,0.005929,0.001000,0.001000,0.001000,0.001000,0.001000
1082.173077,0.004442,0.001000,0.001000,0.001000,0.001000,0.001000
1082.192308,0.002951,0.001000,0.001000,0.001000,0.001000,0.001000
1082.211538,0.001458,0.001000,0.001000,0.001000,0.001000,0.001000
1082.230769,-0.000036,0.001000,0.001000,0.001000,0.001000,0.001000
1082.250000,-0.001531,0.001000,0.001000,0.001000,0.001000,0.001000
1082.269231,-0.003024,0.001000,0.001000,0.001000,0.001000,0.001000
1082.288462,-0.004514,0.001000,0.001000,0.001000,0.001000,0.001000
1082.307692,-0.006001,0.001000,0.001000,0.001000,0.001000,0.001000
1082.326923,-0.007482,0.001000,0.001000,0.001000,0.001000,0.001000
1082.346154,-0.008956,0.001000,0.001000,0.001000,0.001000,0.001000
1082.365385,-0.010422,0.001000,0.001000,0.001000,0.001000,0.001000
1082.384615,-0.011879,0.001000,0.001000,0.001000,0.001000,0.001000
1082.403846,-0.013326,0.001000,0.001000,0.001000,0.001000,0.001000
1082.423077,-0.014760,0.001000,0.001000,0.001000,0.001000,0.001000
1082.442308,-0.016182,0.001000,0.001000,0.001000,0.001000,0.001000
1082.461538,-0.017589,0.001000,0.001000,0.001000,0.001000,0.001000
1082.480769,-0.018980,0.001000,0.001000,0.001000,0.001000,0.001000
1082.500000,-0.020354,0.001000,0.001000,0.001000,0.001000,0.001000
1082.519231,-0.021710,0.001000,0.001000,0.001000,0.001000,0.001000
1082.538462,-0.023046,0.001000,0.001000,0.001000,0.001000,0.001000
1082.557692,-0.024362,0.001000,0.001000,0.001000,0.001000,0.001000
1082.576923,-0.025657,0.001000,0.001000,0.001000,0.001000,0.001000
1082.596154,-0.026928,0.001000,0.001000,0.001000,0.001000,0.001000
1082.615385,-0.028175,0.001000,0.001000,0.001000,0.001000,0.001000
1082.634615,-0.029397,0.001000,0.001000,0.001000,0.001000,0.001000
1082.653846,-0.030593,0.001000,0.001000,0.001000,0.001000,0.001000
1082.673077,-0.031761,0.001000,0.001000,0.001000,0.001000,0.001000
1082.692308,-0.032901,0.001000,0.001000,0.001000,0.001000,0.001000
1082.711538,-0.034012,0.001000,0.001000,0.001000,0.001000,0.001000
1082.730769,-0.035092,0.001000,0.001000,0.001000,0.001000,0.001000
1082.750000,-0.036141,0.001000,0.001000,0.001000,0.001000,0.001000
1082.769231,-0.037158,0.001000,0.001000,0.001000,0.001000,0.001000
1082.788462,-0.038141,0.001000,0.001000,0.001000,0.001000,0.001000
1082.807692,-0.039091,0.001000,0.001000,0.001000,0.001000,0.001000
1082.826923,-0.040005,0.001000,0.001000,0.001000,0.001000,0.001000
1082.846154,-0.040884,0.001000,0.001000,0.001000,0.001000,0.001000
1082.865385,-0.041726,0.001000,0.001000,0.001000,0.001000,0.001000
1082.884615,-0.042531,0.001000,0.001000,0.001000,0.001000,0.001000
1082.903846,-0.043297,0.001000,0.001000,0.001000,0.001000,0.001000
1082.923077,-0.044025,0.001000,0.001000,0.001000,0.001000,0.001000
1082.942308,-0.044714,0.001000,0.001000,0.001000,0.001000,0.001000
1082.961538,-0.045363,0.001000,0.001000,0.001000,0.001000,0.001000
1082.980769,-0.045971,0.001000,0.001000,0.001000,0.001000,0.001000
1083.000000,-0.046539,0.001000,0.001000,0.001000,0.001000,0.001000
1083.019231,-0.047064,0.001000,0.001000,0.001000,0.001000,0.001000
1083.038462,-0.047548,0.001000,0.001000,0.001000,0.001000,0.001000
1083.057692,-0.047989,0.001000,0.001000,0.001000,0.001000,0.001000
1083.076923,-0.048387,0.001000,0.001000,0.001000,0.001000,0.001000
1083.096154,-0.048742,0.001000,0.001000,0.001000,0.001000,0.001000
1083.115385,-0.049053,0.001000,0.001000,0.001000,0.001000,0.001000
1083.134615,-0.049321,0.001000,0.001000,0.001000,0.001000,0.001000
1083.153846,-0.049544,0.001000,0.001000,0.001000,0.001000,0.001000
1083.173077,-0.049723,0.001000,0.001000,0.001000,0.001000,0.001000
1083.192308,-0.049858,0.001000,0.001000,0.001000,0.001000,0.001000
1083.211538,-0.049948,0.001000,0.001000,0.001000,0.001000,0.001000
1083.230769,-0.049994,0.001000,0.001000,0.001000,0.001000,0.001000
1083.250000,-0.049995,0.001000,0.001000,0.001000,0.001000,0.001000
1083.269231,-0.049951,0.001000,0.001000,0.001000,0.001000,0.001000
1083.288462,-0.049863,0.001000,0.001000,0.001000,0.001000,0.001000
1083.307692,-0.049730,0.001000,0.001000,0.001000,0.001000,0.001000
1083.326923,-0.049552,0.001000,0.001000,0.001000,0.001000,0.001000
1083.346154,-0.049331,0.001000,0.001000,0.001000,0.001000,0.001000
1083.365385,-0.049065,0.001000,0.001000,0.001000,0.001000,0.001000
1083.384615,-0.048755,0.001000,0.001000,0.001000,0.001000,0.001000
1083.403846,-0.048402,0.001000,0.001000,0.001000,0.001000,0.001000
1083.423077,-0.048006,0.001000,0.001000,0.001000,0.001000,0.001000
1083.442308,-0.047566,0.001000,0.001000,0.001000,0.001000,0.001000
1083.461538,-0.047084,0.001000,0.001000,0.001000,0.001000,0.001000
1083.480769,-0.046560,0.001000,0.001000,0.001000,0.001000,0.001000
1083.500000,-0.045995,0.001000,0.001000,0.001000,0.001000,0.001000
1083.519231,-0.045388,0.001000,0.001000,0.001000,0.001000,0.001000
1083.538462,-0.044741,0.001000,0.001000,0.001000,0.001000,0.001000
1083.557692,-0.044054,0.001000,0.001000,0.001000,0.001000,0.001000
1083.576923,-0.043327,0.001000,0.001000,0.001000,0.001000,0.001000
1083.596154,-0.042562,0.001000,0.001000,0.001000,0.001000,0.001000
1083.615385,-0.041759,0.001000,0.001000,0.001000,0.001000,0.001000
1083.634615,-0.040918,0.001000,0.001000,0.001000,0.001000,0.001000
1083.653846,-0.040041,0.001000,0.001000,0.001000,0.001000,0.001000
1083.673077,-0.039128,0.001000,0.001000,0.001000,0.001000,0.001000
1083.692308,-0.038180,0.001000,0.001000,0.001000,0.001000,0.001000
1083.711538,-0.037198,0.001000,0.001000,0.001000,0.001000,0.001000
1083.730769,-0.036183,0.001000,0.001000,0.001000,0.001000,0.001000
1083.750000,-0.035135,0.001000,0.001000,0.001000,0.001000,0.001000
1083.769231,-0.034056,0.001000,0.001000,0.001000,0.001000,0.001000
1083.788462,-0.032947,0.001000,0.001000,0.001000,0.001000,0.001000
1083.807692,-0.031808,0.001000,0.001000,0.001000,0.001000,0.001000
1083.826923,-0.030640,0.001000,0.001000,0.001000,0.001000,0.001000
1083.846154,-0.029446,0.001000,0.001000,0.001000,0.001000,0.001000
1083.865385,-0.028225,0.001000,0.001000,0.001000,0.001000,0.001000
1083.884615,-0.026978,0.001000,0.001000,0.001000,0.001000,0.001000
1083.903846,-0.025708,0.001000,0.001000,0.001000,0.001000,0.001000
1083.923077,-0.024415,0.001000,0.001000,0.001000,0.001000,0.001000
1083.942308,-0.023100,0.001000,0.001000,0.001000,0.001000,0.001000
1083.961538,-0.021764,0.001000,0.001000,0.001000,0.001000,0.001000
1083.980769,-0.020409,0.001000,0.001000,0.001000,0.001000,0.001000
1084.000000,-0.019035,0.001000,0.001000,0.001000,0.001000,0.001000
1084.019231,-0.017645,0.001000,0.001000,0.001000,0.001000,0.001000
1084.038462,-0.016238,0.001000,0.001000,0.001000,0.001000,0.001000
1084.057692,-0.014818,0.001000,0.001000,0.001000,0.001000,0.001000
1084.076923,-0.013384,0.001000,0.001000,0.001000,0.001000,0.001000
1084.096154,-0.011938,0.001000,0.001000,0.001000,0.001000,0.001000
1084.115385,-0.010481,0.001000,0.001000,0.001000,0.001000,0.001000
1084.134615,-0.009015,0.001000,0.001000,0.001000,0.001000,0.001000
1084.153846,-0.007541,0.001000,0.001000,0.001000,0.001000,0.001000
1084.173077,-0.006060,0.001000,0.001000,0.001000,0.001000,0.001000
1084.192308,-0.004574,0.001000,0.001000,0.001000,0.001000,0.001000
1084.211538,-0.003084,0.001000,0.001000,0.001000,0.001000,0.001000
1084.230769,-0.001591,0.001000,0.001000,0.001000,0.001000,0.001000
1084.250000,-0.000096,0.001000,0.001000,0.001000,0.001000,0.001000
1084.269231,0.001398,0.001000,0.001000,0.001000,0.001000,0.001000
1084.288462,0.002892,0.001000,0.001000,0.001000,0.001000,0.001000
1084.307692,0.004382,0.001000,0.001000,0.001000,0.001000,0.001000
1084.326923,0.005869,0.001000,0.001000,0.001000,0.001000,0.001000
1084.346154,0.007351,0.001000,0.001000,0.001000,0.001000,0.001000
1084.365385,0.008826,0.001000,0.001000,0.001000,0.001000,0.001000
1084.384615,0.010293,0.001000,0.001000,0.001000,0.001000,0.001000
1084.403846,0.011751,0.001000,0.001000,0.001000,0.001000,0.001000
1084.423077,0.013198,0.001000,0.001000,0.001000,0.001000,0.001000
1084.442308,0.014634,0.001000,0.001000,0.001000,0.001000,0.001000
1084.461538,0.016056,0.001000,0.001000,0.001000,0.001000,0.001000
1084.480769,0.017464,0.001000,0.001000,0.001000,0.001000,0.001000
1084.500000,0.018857,0.001000,0.001000,0.001000,0.001000,0.001000
1084.519231,0.020233,0.001000,0.001000,0.001000,0.001000,0.001000
1084.538462,0.021590,0.001000,0.001000,0.001000,0.001000,0.001000
1084.557692,0.022929,0.001000,0.001000,0.001000,0.001000,0.001000
1084.576923,0.024247,0.001000,0.001000,0.001000,0.001000,0.001000
1084.596154,0.025543,0.001000,0.001000,0.001000,0.001000,0.001000
1084.615385,0.026816,0.001000,0.001000,0.001000,0.001000,0.001000
1084.634615,0.028066,0.001000,0.001000,0.001000,0.001000,0.001000
1084.653846,0.029290,0.001000,0.001000,0.001000,0.001000,0.001000
1084.673077,0.030488,0.001000,0.001000,0.001000,0.001000,0.001000
1084.692308,0.031659,0.001000,0.001000,0.001000,0.001000,0.001000
1084.711538,0.032802,0.001000,0.001000,0.001000,0.001000,0.001000
1084.730769,0.033915,0.001000,0.001000,0.001000,0.001000,0.001000
1084.750000,0.034998,0.001000,0.001000,0.001000,0.001000,0.001000
1084.769231,0.036050,0.001000,0.001000,0.001000,0.001000,0.001000
1084.788462,0.037069,0.001000,0.001000,0.001000,0.001000,0.001000
1084.807692,0.038055,0.001000,0.001000,0.001000,0.001000,0.001000
1084.826923,0.039008,0.001000,0.001000,0.001000,0.001000,0.001000
1084.846154,0.039925,0.001000,0.001000,0.001000,0.001000,0.001000
1084.865385,0.040807,0.001000,0.001000,0.001000,0.001000,0.001000
1084.884615,0.041653,0.001000,0.001000,0.001000,0.001000,0.001000
1084.903846,0.042461,0.001000,0.001000,0.001000,0.001000,0.001000
1084.923077,0.043231,0.001000,0.001000,0.001000,0.001000,0.001000
1084.942308,0.043962,0.001000,0.001000,0.001000,0.001000,0.001000
1084.961538,0.044655,0.001000,0.001000,0.001000,0.001000,0.001000
1084.980769,0.045307,0.001000,0.001000,0.001000,0.001000,0.001000
1085.000000,0.045919,0.001000,0.001000,0.001000,0.001000,0.001000
1085.019231,0.046490,0.001000,0.001000,0.001000,0.001000,0.001000
1085.038462,0.047019,0.001000,0.001000,0.001000,0.001000,0.001000
1085.057692,0.047506,0.001000,0.001000,0.001000,0.001000,0.001000
1085.076923,0.047951,0.001000,0.001000,0.001000,0.001000,0.001000
1085.096154,0.048353,0.001000,0.001000,0.001000,0.001000,0.001000
1085.115385,0.048712,0.001000,0.001000,0.001000,0.001000,0.001000
1085.134615,0.049027,0.001000,0.001000,0.001000,0.001000,0.001000
1085.153846,0.049299,0.001000,0.001000,0.001000,0.001000,0.001000
1085.173077,0.049526,0.001000,0.001000,0.001000,0.001000,0.001000
1085.192308,0.049709,0.001000,0.001000,0.001000,0.001000,0.001000
1085.211538,0.049848,0.001000,0.001000,0.001000,0.001000,0.001000
1085.230769,0.049942,0.001000,0.001000,0.001000,0.001000,0.001000
1085.250000,0.049992,0.001000,0.001000,0.001000,0.001000,0.001000
1085.269231,0.049997,0.001000,0.001000,0.001000,0.001000,0.001000
1085.288462,0.049957,0.001000,0.001000,0.001000,0.001000,0.001000
1085.307692,0.049872,0.001000,0.001000,0.001000,0.001000,0.001000
1085.326923,0.049743,0.001000,0.001000,0.001000,0.001000,0.001000
1085.346154,0.049570,0.001000,0.001000,0.001000,0.001000,0.001000
1085.365385,0.049352,0.001000,0.001000,0.001000,0.001000,0.001000
1085.384615,0.049090,0.001000,0.001000,0.001000,0.001000,0.001000
1085.403846,0.048784,0.001000,0.001000,0.001000,0.001000,0.001000
1085.423077,0.048435,0.001000,0.001000,0.001000,0.001000,0.001000
1085.442308,0.048042,0.001000,0.001000,0.001000,0.001000,0.001000
1085.461538,0.047607,0.001000,0.001000,0.001000,0.001000,0.001000
1085.480769,0.047129,0.001000,0.001000,0.001000,0.001000,0.001000
1085.500000,0.046609,0.001000,0.001000,0.001000,0.001000,0.001000
1085.519231,0.046047,0.001000,0.001000,0.001000,0.001000,0.001000
1085.538462,0.045444,0.001000,0.001000,0.001000,0.001000,0.001000
1085.557692,0.044800,0.001000,0.001000,0.001000,0.001000,0.001000
1085.576923,0.044116,0.001000,0.001000,0.001000,0.001000,0.001000
1085.596154,0.043393,0.001000,0.001000,0.001000,0.001000,0.001000
1085.615385,0.042631,0.001000,0.001000,0.001000,0.001000,0.001000
1085.634615,0.041831,0.001000,0.001000,0.001000,0.001000,0.001000
1085.653846,0.040994,0.001000,0.001000,0.001000,0.001000,0.001000
1085.673077,0.040120,0.001000,0.001000,0.001000,0.001000,0.001000
1085.692308,0.039210,0.001000,0.001000,0.001000,0.001000,0.001000
1085.711538,0.038265,0.001000,0.001000,0.001000,0.001000,0.001000
1085.730769,0.037286,0.001000,0.001000,0.001000,0.001000,0.001000
1085.750000,0.036274,0.001000,0.001000,0.001000,0.001000,0.001000
1085.769231,0.035229,0.001000,0.001000,0.001000,0.001000,0.001000
1085.788462,0.034153,0.001000,0.001000,0.001000,0.001000,0.001000
1085.807692,0.033046,0.001000,0.001000,0.001000,0.001000,0.001000
1085.826923,0.031910,0.001000,0.001000,0.001000,0.001000,0.001000
1085.846154,0.030745,0.001000,0.001000,0.001000,0.001000,0.001000
1085.865385,0.029553,0.001000,0.001000,0.001000,0.001000,0.001000
1085.884615,0.028334,0.001000,0.001000,0.001000,0.001000,0.001000
1085.903846,0.027090,0.001000,0.001000,0.001000,0.001000,0.001000
1085.923077,0.025822,0.001000,0.001000,0.001000,0.001000,0.001000
1085.942308,0.024530,0.001000,0.001000,0.001000,0.001000,0.001000
1085.961538,0.023217,0.001000,0.001000,0.001000,0.001000,0.001000
1085.980769,0.021883,0.001000,0.001000,0.001000,0.001000,0.001000
1086.000000,0.020530,0.001000,0.001000,0.001000,0.001000,0.001000
1086.019231,0.019158,0.001000,0.001000,0.001000,0.001000,0.001000
1086.038462,0.017769,0.001000,0.001000,0.001000,0.001000,0.001000
1086.057692,0.016364,0.001000,0.001000,0.001000,0.001000,0.001000
1086.076923,0.014944,0.001000,0.001000,0.001000,0.001000,0.001000
1086.096154,0.013511,0.001000,0.001000,0.001000,0.001000,0.001000
1086.115385,0.012066,0.001000,0.001000,0.001000,0.001000,0.001000
1086.134615,0.010611,0.001000,0.001000,0.001000,0.001000,0.001000
1086.153846,0.009145,0.001000,0.001000,0.001000,0.001000,0.001000
1086.173077,0.007672,0.001000,0.001000,0.001000,0.001000,0.001000
1086.192308,0.006192,0.001000,0.001000,0.001000,0.001000,0.001000
1086.211538,0.004706,0.001000,0.001000,0.001000,0.001000,0.001000
1086.230769,0.003216,0.001000,0.001000,0.001000,0.001000,0.001000
1086.250000,0.001723,0.001000,0.001000,0.001000,0.001000,0.001000
1086.269231,0.000229,0.001000,0.001000,0.001000,0.001000,0.001000
1086.288462,-0.001266,0.001000,0.001000,0.001000,0.001000,0.001000
1086.307692,-0.002759,0.001000,0.001000,0.001000,0.001000,0.001000
1086.326923,-0.004250,0.001000,0.001000,0.001000,0.001000,0.001000
1086.346154,-0.005737,0.001000,0.001000,0.001000,0.001000,0.001000
1086.365385,-0.007220,0.001000,0.001000,0.001000,0.001000,0.001000
1086.384615,-0.008695,0.001000,0.001000,0.001000,0.001000,0.001000
1086.403846,-0.010163,0.001000,0.001000,0.001000,0.001000,0.001000
1086.423077,-0.011622,0.001000,0.001000,0.001000,0.001000,0.001000
1086.442308,-0.013070,0.001000,0.001000,0.001000,0.001000,0.001000
1086.461538,-0.014507,0.001000,0.001000,0.001000,0.001000,0.001000
1086.480769,-0.015931,0.001000,0.001000,0.001000,0.001000,0.001000
1086.500000,-0.017340,0.001000,0.001000,0.001000,0.001000,0.001000
1086.519231,-0.018734,0.001000,0.001000,0.001000,0.001000,0.001000
1086.538462,-0.020111,0.001000,0.001000,0.001000,0.001000,0.001000
1086.557692,-0.021471,0.001000,0.001000,0.001000,0.001000,0.001000
1086.576923,-0.022811,0.001000,0.001000,0.001000,0.001000,0.001000
1086.596154,-0.024131,0.001000,0.001000,0.001000,0.001000,0.001000
1086.615385,-0.025429,0.001000,0.001000,0.001000,0.001000,0.001000
1086.634615,-0.026704,0.001000,0.001000,0.001000,0.001000,0.001000
1086.653846,-0.027956,0.001000,0.001000,0.001000,0.001000,0.001000
1086.673077,-0.029182,0.001000,0.001000,0.001000,0.001000,0.001000
1086.692308,-0.030383,0.001000,0.001000,0.001000,0.001000,0.001000
1086.711538,-0.031556,0.001000,0.001000,0.001000,0.001000,0.001000
1086.730769,-0.032701,0.001000,0.001000,0.001000,0.001000,0.001000
1086.750000,-0.033817,0.001000,0.001000,0.001000,0.001000,0.001000
1086.769231,-0.034903,0.001000,0.001000,0.001000,0.001000,0.001000
1086.788462,-0.035958,0.001000,0.001000,0.001000,0.001000,0.001000
1086.807692,-0.036980,0.001000,0.001000,0.001000,0.001000,0.001000
1086.826923,-0.037969,0.001000,0.001000,0.001000,0.001000,0.001000
1086.846154,-0.038925,0.001000,0.001000,0.001000,0.001000,0.001000
1086.865385,-0.039845,0.001000,0.001000,0.001000,0.001000,0.001000
1086.884615,-0.040730,0.001000,0.001000,0.001000,0.001000,0.001000
1086.903846,-0.041579,0.001000,0.001000,0.001000,0.001000,0.001000
1086.923077,-0.042391,0.001000,0.001000,0.001000,0.001000,0.001000
1086.942308,-0.043164,0.001000,0.001000,0.001000,0.001000,0.001000
1086.961538,-0.043899,0.001000,0.001000,0.001000,0.001000,0.001000
1086.980769,-0.044595,0.001000,0.001000,0.001000,0.001000,0.001000
1087.000000,-0.045251,0.001000,0.001000,0.001000,0.001000,0.001000
1087.019231,-0.045866,0.001000,0.001000,0.001000,0.001000,0.001000
1087.038462,-0.046441,0.001000,0.001000,0.001000,0.001000,0.001000
1087.057692,-0.046974,0.001000,0.001000,0.001000,0.001000,0.001000
1087.076923,-0.047465,0.001000,0.001000,0.001000,0.001000,0.001000
1087.096154,-0.047914,0.001000,0.001000,0.001000,0.001000,0.001000
1087.115385,-0.048319,0.001000,0.001000,0.001000,0.001000,0.001000
1087.134615,-0.048682,0.001000,0.001000,0.001000,0.001000,0.001000
1087.153846,-0.049001,0.001000,0.001000,0.001000,0.001000,0.001000
1087.173077,-0.049277,0.001000,0.001000,0.001000,0.001000,0.001000
1087.192308,-0.049508,0.001000,0.001000,0.001000,0.001000,0.001000
1087.211538,-0.049695,0.001000,0.001000,0.001000,0.001000,0.001000
1087.230769,-0.049838,0.001000,0.001000,0.001000,0.001000,0.001000
1087.250000,-0.049936,0.001000,0.001000,0.001000,0.001000,0.001000
1087.269231,-0.049989,0.001000,0.001000,0.001000,0.001000,0.001000
1087.288462,-0.049998,0.001000,0.001000,0.001000,0.001000,0.001000
1087.307692,-0.049962,0.001000,0.001000,0.001000,0.001000,0.001000
1087.326923,-0.049882,0.001000,0.001000,0.001000,0.001000,0.001000
1087.346154,-0.049757,0.001000,0.001000,0.001000,0.001000,0.001000
1087.365385,-0.049587,0.001000,0.001000,0.001000,0.001000,0.001000
1087.384615,-0.049373,0.001000,0.001000,0.001000,0.001000,0.001000
1087.403846,-0.049115,0.001000,0.001000,0.001000,0.001000,0.001000
1087.423077,-0.048813,0.001000,0.001000,0.001000,0.001000,0.001000
1087.442308,-0.048468,0.001000,0.001000,0.001000,0.001000,0.001000
1087.461538,-0.048079,0.001000,0.001000,0.001000,0.001000,0.001000
1087.480769,-0.047647,0.001000,0.001000,0.001000,0.001000,0.001000
1087.500000,-0.047173,0.001000,0.001000,0.001000,0.001000,0.001000
1087.519231,-0.046656,0.001000,0.001000,0.001000,0.001000,0.001000
1087.538462,-0.046098,0.001000,0.001000,0.001000,0.001000,0.001000
1087.557692,-0.045499,0.001000,0.001000,0.001000,0.001000,0.001000
1087.576923,-0.044859,0.001000,0.001000,0.001000,0.001000,0.001000
1087.596154,-0.044179,0.001000,0.001000,0.001000,0.001000,0.001000
1087.615385,-0.043459,0.001000,0.001000,0.001000,0.001000,0.001000
1087.634615,-0.042701,0.001000,0.001000,0.001000,0.001000,0.001000
1087.653846,-0.041904,0.001000,0.001000,0.001000,0.001000,0.001000
1087.673077,-0.041070,0.001000,0.001000,0.001000,0.001000,0.001000
1087.692308,-0.040199,0.001000,0.001000,0.001000,0.001000,0.001000
1087.711538,-0.039292,0.001000,0.001000,0.001000,0.001000,0.001000
1087.730769,-0.038351,0.001000,0.001000,0.001000,0.001000,0.001000
1087.750000,-0.037375,0.001000,0.001000,0.001000,0.001000,0.001000
1087.769231,-0.036365,0.001000,0.001000,0.001000,0.001000,0.001000
1087.788462,-0.035323,0.001000,0.001000,0.001000,0.001000,0.001000
1087.807692,-0.034250,0.001000,0.001000,0.001000,0.001000,0.001000
1087.826923,-0.033146,0.001000,0.001000,0.001000,0.001000,0.001000
1087.846154,-0.032012,0.001000,0.001000,0.001000,0.001000,0.001000
1087.865385,-0.030849,0.001000,0.001000,0.001000,0.001000,0.001000
1087.884615,-0.029660,0.001000,0.001000,0.001000,0.001000,0.001000
1087.903846,-0.028443,0.001000,0.001000,0.001000,0.001000,0.001000
1087.923077,-0.027201,0.001000,0.001000,0.001000,0.001000,0.001000
1087.942308,-0.025935,0.001000,0.001000,0.001000,0.001000,0.001000
1087.961538,-0.024646,0.001000,0.001000,0.001000,0.001000,0.001000
1087.980769,-0.023334,0.001000,0.001000,0.001000,0.001000,0.001000
1088.000000,-0.022002,0.001000,0.001000,0.001000,0.001000,0.001000
1088.019231,-0.020650,0.001000,0.001000,0.001000,0.001000,0.001000
1088.038462,-0.019280,0.001000,0.001000,0.001000,0.001000,0.001000
1088.057692,-0.017893,0.001000,0.001000,0.001000,0.001000,0.001000
1088.076923,-0.016489,0.001000,0.001000,0.001000,0.001000,0.001000
1088.096154,-0.015071,0.001000,0.001000,0.001000,0.001000,0.001000
1088.115385,-0.013639,0.001000,0.001000,0.001000,0.001000,0.001000
1088.134615,-0.012195,0.001000,0.001000,0.001000,0.001000,0.001000
1088.153846,-0.010740,0.001000,0.001000,0.001000,0.001000,0.001000
1088.173077,-0.009276,0.001000,0.001000,0.001000,0.001000,0.001000
1088.192308,-0.007803,0.001000,0.001000,0.001000,0.001000,0.001000
1088.211538,-0.006323,0.001000,0.001000,0.001000,0.001000,0.001000
1088.230769,-0.004838,0.001000,0.001000,0.001000,0.001000,0.001000
1088.250000,-0.003348,0.001000,0.001000,0.001000,0.001000,0.001000
1088.269231,-0.001856,0.001000,0.001000,0.001000,0.001000,0.001000
1088.288462,-0.000361,0.001000,0.001000,0.001000,0.001000,0.001000
1088.307692,0.001133,0.001000,0.001000,0.001000,0.001000,0.001000
1088.326923,0.002627,0.001000,0.001000,0.001000,0.001000,0.001000
1088.346154,0.004118,0.001000,0.001000,0.001000,0.001000,0.001000
1088.365385,0.005606,0.001000,0.001000,0.001000,0.001000,0.001000
1088.384615,0.007088,0.001000,0.001000,0.001000,0.001000,0.001000
1088.403846,0.008565,0.001000,0.001000,0.001000,0.001000,0.001000
1088.423077,0.010033,0.001000,0.001000,0.001000,0.001000,0.001000
1088.442308,0.011493,0.001000,0.001000,0.001000,0.001000,0.001000
1088.461538,0.012942,0.001000,0.001000,0.001000,0.001000,0.001000
1088.480769,0.014380,0.001000,0.001000,0.001000,0.001000,0.001000
1088.500000,0.015805,0.001000,0.001000,0.001000,0.001000,0.001000
1088.519231,0.017216,0.001000,0.001000,0.001000,0.001000,0.001000
1088.538462,0.018611,0.001000,0.001000,0.001000,0.001000,0.001000
1088.557692,0.019990,0.001000,0.001000,0.001000,0.001000,0.001000
1088.576923,0.021351,0.001000,0.001000,0.001000,0.001000,0.001000
1088.596154,0.022693,0.001000,0.001000,0.001000,0.001000,0.001000
1088.615385,0.024014,0.001000,0.001000,0.001000,0.001000,0.001000
1088.634615,0.025314,0.001000,0.001000,0.001000,0.001000,0.001000
1088.653846,0.026592,0.001000,0.001000,0.001000,0.001000,0.001000
1088.673077,0.027846,0.001000,0.001000,0.001000,0.001000,0.001000
1088.692308,0.029075,0.001000,0.001000,0.001000,0.001000,0.001000
1088.711538,0.030277,0.001000,0.001000,0.001000,0.001000,0.001000
1088.730769,0.031453,0.001000,0.001000,0.001000,0.001000,0.001000
1088.750000,0.032601,0.001000,0.001000,0.001000,0.001000,0.001000
1088.769231,0.033720,0.001000,0.001000,0.001000,0.001000,0.001000
1088.788462,0.034808,0.001000,0.001000,0.001000,0.001000,0.001000
1088.807692,0.035865,0.001000,0.001000,0.001000,0.001000,0.001000
1088.826923,0.036891,0.001000,0.001000,0.001000,0.001000,0.001000
1088.846154,0.037883,0.001000,0.001000,0.001000,0.001000,0.001000
1088.865385,0.038841,0.001000,0.001000,0.001000,0.001000,0.001000
1088.884615,0.039765,0.001000,0.001000,0.001000,0.001000,0.001000
1088.903846,0.040653,0.001000,0.001000,0.001000,0.001000,0.001000
1088.923077,0.041505,0.001000,0.001000,0.001000,0.001000,0.001000
1088.942308,0.042320,0.001000,0.001000,0.001000,0.001000,0.001000
1088.961538,0.043097,0.001000,0.001000,0.001000,0.001000,0.001000
1088.980769,0.043836,0.001000,0.001000,0.001000,0.001000,0.001000
1089.000000,0.044535,0.001000,0.001000,0.001000,0.001000,0.001000
1089.019231,0.045194,0.001000,0.001000,0.001000,0.001000,0.001000
1089.038462,0.045813,0.001000,0.001000,0.001000,0.001000,0.001000
1089.057692,0.046392,0.001000,0.001000,0.001000,0.001000,0.001000
1089.076923,0.046928,0.001000,0.001000,0.001000,0.001000,0.001000
1089.096154,0.047423,0.001000,0.001000,0.001000,0.001000,0.001000
1089.115385,0.047876,0.001000,0.001000,0.001000,0.001000,0.001000
1089.134615,0.048285,0.001000,0.001000,0.001000,0.001000,0.001000
1089.153846,0.048652,0.001000,0.001000,0.001000,0.001000,0.001000
1089.173077,0.048975,0.001000,0.001000,0.001000,0.001000,0.001000
1089.192308,0.049254,0.001000,0.001000,0.001000,0.001000,0.001000
1089.211538,0.049489,0.001000,0.001000,0.001000,0.001000,0.001000
1089.230769,0.049680,0.001000,0.001000,0.001000,0.001000,0.001000
1089.250000,0.049827,0.001000,0.001000,0.001000,0.001000,0.001000
1089.269231,0.049929,0.001000,0.001000,0.001000,0.001000,0.001000
1089.288462,0.049986,0.001000,0.001000,0.001000,0.001000,0.001000
1089.307692,0.049999,0.001000,0.001000,0.001000,0.001000,0.001000
1089.326923,0.049967,0.001000,0.001000,0.001000,0.001000,0.001000
1089.346154,0.049891,0.001000,0.001000,0.001000,0.001000,0.001000
1089.365385,0.049769,0.001000,0.001000,0.001000,0.001000,0.001000
1089.384615,0.049604,0.001000,0.001000,0.001000,0.001000,0.001000
1089.403846,0.049394,0.001000,0.001000,0.001000,0.001000,0.001000
1089.423077,0.049140,0.001000,0.001000,0.001000,0.001000,0.001000
1089.442308,0.048842,0.001000,0.001000,0.001000,0.001000,0.001000
1089.461538,0.048500,0.001000,0.001000,0.001000,0.001000,0.001000
1089.480769,0.048115,0.001000,0.001000,0.001000,0.001000,0.001000
1089.500000,0.047687,0.001000,0.001000,0.001000,0.001000,0.001000
1089.519231,0.047217,0.001000,0.001000,0.001000,0.001000,0.001000
1089.538462,0.046704,0.001000,0.001000,0.001000,0.001000,0.001000
1089.557692,0.046149,0.001000,0.001000,0.001000,0.001000,0.001000
1089.576923,0.045554,0.001000,0.001000,0.001000,0.001000,0.001000
1089.596154,0.044917,0.001000,0.001000,0.001000,0.001000,0.001000
1089.615385,0.044241,0.001000,0.001000,0.001000,0.001000,0.001000
1089.634615,0.043524,0.001000,0.001000,0.001000,0.001000,0.001000
1089.653846,0.042769,0.001000,0.001000,0.001000,0.001000,0.001000
1089.673077,0.041976,0.001000,0.001000,0.001000,0.001000,0.001000
1089.692308,0.041145,0.001000,0.001000,0.001000,0.001000,0.001000
1089.711538,0.040278,0.001000,0.001000,0.001000,0.001000,0.001000
1089.730769,0.039374,0.001000,0.001000,0.001000,0.001000,0.001000
1089.750000,0.038436,0.001000,0.001000,0.001000,0.001000,0.001000
1089.769231,0.037463,0.001000,0.001000,0.001000,0.001000,0.001000
1089.788462,0.036456,0.001000,0.001000,0.001000,0.001000,0.001000
1089.807692,0.035417,0.001000,0.001000,0.001000,0.001000,0.001000
1089.826923,0.034346,0.001000,0.001000,0.001000,0.001000,0.001000
1089.846154,0.033245,0.001000,0.001000,0.001000,0.001000,0.001000
1089.865385,0.032114,0.001000,0.001000,0.001000,0.001000,0.001000
1089.884615,0.030954,0.001000,0.001000,0.001000,0.001000,0.001000
1089.903846,0.029766,0.001000,0.001000,0.001000,0.001000,0.001000
1089.923077,0.028552,0.001000,0.001000,0.001000,0.001000,0.001000
1089.942308,0.027312,0.001000,0.001000,0.001000,0.001000,0.001000
1089.961538,0.026048,0.001000,0.001000,0.001000,0.001000,0.001000
1089.980769,0.024761,0.001000,0.001000,0.001000,0.001000,0.001000
