timestamp,ax,ay,az,gx,gy,gz
1000.000000,0.000000,0.001000,0.001000,0.001000,0.001000,0.001000
1000.019231,0.001184,0.001000,0.001000,0.001000,0.001000,0.001000
1000.038462,0.002367,0.001000,0.001000,0.001000,0.001000,0.001000
1000.057692,0.003548,0.001000,0.001000,0.001000,0.001000,0.001000
1000.076923,0.004728,0.001000,0.001000,0.001000,0.001000,0.001000
1000.096154,0.005905,0.001000,0.001000,0.001000,0.001000,0.001000
1000.115385,0.007079,0.001000,0.001000,0.001000,0.001000,0.001000
1000.134615,0.008249,0.001000,0.001000,0.001000,0.001000,0.001000
1000.153846,0.009414,0.001000,0.001000,0.001000,0.001000,0.001000
1000.173077,0.010574,0.001000,0.001000,0.001000,0.001000,0.001000
1000.192308,0.011728,0.001000,0.001000,0.001000,0.001000,0.001000
1000.211538,0.012875,0.001000,0.001000,0.001000,0.001000,0.001000
1000.230769,0.014015,0.001000,0.001000,0.001000,0.001000,0.001000
1000.250000,0.015147,0.001000,0.001000,0.001000,0.001000,0.001000
1000.269231,0.016271,0.001000,0.001000,0.001000,0.001000,0.001000
1000.288462,0.017386,0.001000,0.001000,0.001000,0.001000,0.001000
1000.307692,0.018491,0.001000,0.001000,0.001000,0.001000,0.001000
1000.326923,0.019585,0.001000,0.001000,0.001000,0.001000,0.001000
1000.346154,0.020669,0.001000,0.001000,0.001000,0.001000,0.001000
1000.365385,0.021741,0.001000,0.001000,0.001000,0.001000,0.001000
1000.384615,0.022801,0.001000,0.001000,0.001000,0.001000,0.001000
1000.403846,0.023848,0.001000,0.001000,0.001000,0.001000,0.001000
1000.423077,0.024882,0.001000,0.001000,0.001000,0.001000,0.001000
1000.442308,0.025901,0.001000,0.001000,0.001000,0.001000,0.001000
1000.461538,0.026906,0.001000,0.001000,0.001000,0.001000,0.001000
1000.480769,0.027897,0.001000,0.001000,0.001000,0.001000,0.001000
1000.500000,0.028871,0.001000,0.001000,0.001000,0.001000,0.001000
1000.519231,0.029829,0.001000,0.001000,0.001000,0.001000,0.001000
1000.538462,0.030771,0.001000,0.001000,0.001000,0.001000,0.001000
1000.557692,0.031695,0.001000,0.001000,0.001000,0.001000,0.001000
1000.576923,0.032602,0.001000,0.001000,0.001000,0.001000,0.001000
1000.596154,0.033490,0.001000,0.001000,0.001000,0.001000,0.001000
1000.615385,0.034360,0.001000,0.001000,0.001000,0.001000,0.001000
1000.634615,0.035210,0.001000,0.001000,0.001000,0.001000,0.001000
1000.653846,0.036041,0.001000,0.001000,0.001000,0.001000,0.001000
1000.673077,0.036851,0.001000,0.001000,0.001000,0.001000,0.001000
1000.692308,0.037641,0.001000,0.001000,0.001000,0.001000,0.001000
1000.711538,0.038409,0.001000,0.001000,0.001000,0.001000,0.001000
1000.730769,0.039156,0.001000,0.001000,0.001000,0.001000,0.001000
1000.750000,0.039881,0.001000,0.001000,0.001000,0.001000,0.001000
1000.769231,0.040584,0.001000,0.001000,0.001000,0.001000,0.001000
1000.788462,0.041264,0.001000,0.001000,0.001000,0.001000,0.001000
1000.807692,0.041921,0.001000,0.001000,0.001000,0.001000,0.001000
1000.826923,0.042554,0.001000,0.001000,0.001000,0.001000,0.001000
1000.846154,0.043164,0.001000,0.001000,0.001000,0.001000,0.001000
1000.865385,0.043749,0.001000,0.001000,0.001000,0.001000,0.001000
1000.884615,0.044310,0.001000,0.001000,0.001000,0.001000,0.001000
1000.903846,0.044846,0.001000,0.001000,0.001000,0.001000,0.001000
1000.923077,0.045357,0.001000,0.001000,0.001000,0.001000,0.001000
1000.942308,0.045842,0.001000,0.001000,0.001000,0.001000,0.001000
1000.961538,0.046302,0.001000,0.001000,0.001000,0.001000,0.001000
1000.980769,0.046736,0.001000,0.001000,0.001000,0.001000,0.001000
1001.000000,0.047143,0.001000,0.001000,0.001000,0.001000,0.001000
1001.019231,0.047525,0.001000,0.001000,0.001000,0.001000,0.001000
1001.038462,0.047879,0.001000,0.001000,0.001000,0.001000,0.001000
1001.057692,0.048207,0.001000,0.001000,0.001000,0.001000,0.001000
1001.076923,0.048507,0.001000,0.001000,0.001000,0.001000,0.001000
1001.096154,0.048781,0.001000,0.001000,0.001000,0.001000,0.001000
1001.115385,0.049027,0.001000,0.001000,0.001000,0.001000,0.001000
1001.134615,0.049246,0.001000,0.001000,0.001000,0.001000,0.001000
1001.153846,0.049437,0.001000,0.001000,0.001000,0.001000,0.001000
1001.173077,0.049600,0.001000,0.001000,0.001000,0.001000,0.001000
1001.192308,0.049736,0.001000,0.001000,0.001000,0.001000,0.001000
1001.211538,0.049843,0.001000,0.001000,0.001000,0.001000,0.001000
1001.230769,0.049923,0.001000,0.001000,0.001000,0.001000,0.001000
1001.250000,0.049975,0.001000,0.001000,0.001000,0.001000,0.001000
1001.269231,0.049998,0.001000,0.001000,0.001000,0.001000,0.001000
1001.288462,0.049994,0.001000,0.001000,0.001000,0.001000,0.001000
1001.307692,0.049962,0.001000,0.001000,0.001000,0.001000,0.001000
1001.326923,0.049901,0.001000,0.001000,0.001000,0.001000,0.001000
1001.346154,0.049813,0.001000,0.001000,0.001000,0.001000,0.001000
1001.365385,0.049697,0.001000,0.001000,0.001000,0.001000,0.001000
1001.384615,0.049553,0.001000,0.001000,0.001000,0.001000,0.001000
1001.403846,0.049381,0.001000,0.001000,0.001000,0.001000,0.001000
1001.423077,0.049181,0.001000,0.001000,0.001000,0.001000,0.001000
1001.442308,0.048954,0.001000,0.001000,0.001000,0.001000,0.001000
1001.461538,0.048700,0.001000,0.001000,0.001000,0.001000,0.001000
1001.480769,0.048418,0.001000,0.001000,0.001000,0.001000,0.001000
1001.500000,0.048109,0.001000,0.001000,0.001000,0.001000,0.001000
1001.519231,0.047773,0.001000,0.001000,0.001000,0.001000,0.001000
1001.538462,0.047410,0.001000,0.001000,0.001000,0.001000,0.001000
1001.557692,0.047021,0.001000,0.001000,0.001000,0.001000,0.001000
1001.576923,0.046605,0.001000,0.001000,0.001000,0.001000,0.001000
1001.596154,0.046164,0.001000,0.001000,0.001000,0.001000,0.001000
1001.615385,0.045696,0.001000,0.001000,0.001000,0.001000,0.001000
1001.634615,0.045203,0.001000,0.001000,0.001000,0.001000,0.001000
1001.653846,0.044684,0.001000,0.001000,0.001000,0.001000,0.001000
1001.673077,0.044140,0.001000,0.001000,0.001000,0.001000,0.001000
1001.692308,0.043572,0.001000,0.001000,0.001000,0.001000,0.001000
1001.711538,0.042979,0.001000,0.001000,0.001000,0.001000,0.001000
1001.730769,0.042362,0.001000,0.001000,0.001000,0.001000,0.001000
1001.750000,0.041722,0.001000,0.001000,0.001000,0.001000,0.001000
1001.769231,0.041058,0.001000,0.001000,0.001000,0.001000,0.001000
1001.788462,0.040371,0.001000,0.001000,0.001000,0.001000,0.001000
1001.807692,0.039661,0.001000,0.001000,0.001000,0.001000,0.001000
1001.826923,0.038929,0.001000,0.001000,0.001000,0.001000,0.001000
1001.846154,0.038175,0.001000,0.001000,0.001000,0.001000,0.001000
1001.865385,0.037400,0.001000,0.001000,0.001000,0.001000,0.001000
1001.884615,0.036604,0.001000,0.001000,0.001000,0.001000,0.001000
1001.903846,0.035788,0.001000,0.001000,0.001000,0.001000,0.001000
1001.923077,0.034951,0.001000,0.001000,0.001000,0.001000,0.001000
1001.942308,0.034095,0.001000,0.001000,0.001000,0.001000,0.001000
1001.961538,0.033219,0.001000,0.001000,0.001000,0.001000,0.001000
1001.980769,0.032325,0.001000,0.001000,0.001000,0.001000,0.001000
1002.000000,0.031413,0.001000,0.001000,0.001000,0.001000,0.001000
1002.019231,0.030483,0.001000,0.001000,0.001000,0.001000,0.001000
1002.038462,0.029537,0.001000,0.001000,0.001000,0.001000,0.001000
1002.057692,0.028573,0.001000,0.001000,0.001000,0.001000,0.001000
1002.076923,0.027594,0.001000,0.001000,0.001000,0.001000,0.001000
1002.096154,0.026599,0.001000,0.001000,0.001000,0.001000,0.001000
1002.115385,0.025589,0.001000,0.001000,0.001000,0.001000,0.001000
1002.134615,0.024565,0.001000,0.001000,0.001000,0.001000,0.001000
1002.153846,0.023527,0.001000,0.001000,0.001000,0.001000,0.001000
1002.173077,0.022476,0.001000,0.001000,0.001000,0.001000,0.001000
1002.192308,0.021413,0.001000,0.001000,0.001000,0.001000,0.001000
1002.211538,0.020337,0.001000,0.001000,0.001000,0.001000,0.001000
1002.230769,0.019250,0.001000,0.001000,0.001000,0.001000,0.001000
1002.250000,0.018152,0.001000,0.001000,0.001000,0.001000,0.001000
1002.269231,0.017044,0.001000,0.001000,0.001000,0.001000,0.001000
1002.288462,0.015927,0.001000,0.001000,0.001000,0.001000,0.001000
1002.307692,0.014800,0.001000,0.001000,0.001000,0.001000,0.001000
1002.326923,0.013666,0.001000,0.001000,0.001000,0.001000,0.001000
1002.346154,0.012523,0.001000,0.001000,0.001000,0.001000,0.001000
1002.365385,0.011374,0.001000,0.001000,0.001000,0.001000,0.001000
1002.384615,0.010218,0.001000,0.001000,0.001000,0.001000,0.001000
1002.403846,0.009056,0.001000,0.001000,0.001000,0.001000,0.001000
1002.423077,0.007890,0.001000,0.001000,0.001000,0.001000,0.001000
1002.442308,0.006719,0.001000,0.001000,0.001000,0.001000,0.001000
1002.461538,0.005544,0.001000,0.001000,0.001000,0.001000,0.001000
1002.480769,0.004366,0.001000,0.001000,0.001000,0.001000,0.001000
1002.500000,0.003185,0.001000,0.001000,0.001000,0.001000,0.001000
1002.519231,0.002003,0.001000,0.001000,0.001000,0.001000,0.001000
1002.538462,0.000820,0.001000,0.001000,0.001000,0.001000,0.001000
1002.557692,-0.000364,0.001000,0.001000,0.001000,0.001000,0.001000
1002.576923,-0.001547,0.001000,0.001000,0.001000,0.001000,0.001000
1002.596154,-0.002730,0.001000,0.001000,0.001000,0.001000,0.001000
1002.615385,-0.003911,0.001000,0.001000,0.001000,0.001000,0.001000
1002.634615,-0.005090,0.001000,0.001000,0.001000,0.001000,0.001000
1002.653846,-0.006266,0.001000,0.001000,0.001000,0.001000,0.001000
1002.673077,-0.007439,0.001000,0.001000,0.001000,0.001000,0.001000
1002.692308,-0.008607,0.001000,0.001000,0.001000,0.001000,0.001000
1002.711538,-0.009771,0.001000,0.001000,0.001000,0.001000,0.001000
1002.730769,-0.010929,0.001000,0.001000,0.001000,0.001000,0.001000
1002.750000,-0.012081,0.001000,0.001000,0.001000,0.001000,0.001000
1002.769231,-0.013226,0.001000,0.001000,0.001000,0.001000,0.001000
1002.788462,-0.014364,0.001000,0.001000,0.001000,0.001000,0.001000
1002.807692,-0.015494,0.001000,0.001000,0.001000,0.001000,0.001000
1002.826923,-0.016615,0.001000,0.001000,0.001000,0.001000,0.001000
1002.846154,-0.017726,0.001000,0.001000,0.001000,0.001000,0.001000
1002.865385,-0.018828,0.001000,0.001000,0.001000,0.001000,0.001000
1002.884615,-0.019920,0.001000,0.001000,0.001000,0.001000,0.001000
1002.903846,-0.021000,0.001000,0.001000,0.001000,0.001000,0.001000
1002.923077,-0.022068,0.001000,0.001000,0.001000,0.001000,0.001000
1002.942308,-0.023124,0.001000,0.001000,0.001000,0.001000,0.001000
1002.961538,-0.024167,0.001000,0.001000,0.001000,0.001000,0.001000
1002.980769,-0.025196,0.001000,0.001000,0.001000,0.001000,0.001000
1003.000000,-0.026212,0.001000,0.001000,0.001000,0.001000,0.001000
1003.019231,-0.027212,0.001000,0.001000,0.001000,0.001000,0.001000
1003.038462,-0.028198,0.001000,0.001000,0.001000,0.001000,0.001000
1003.057692,-0.029167,0.001000,0.001000,0.001000,0.001000,0.001000
1003.076923,-0.030121,0.001000,0.001000,0.001000,0.001000,0.001000
1003.096154,-0.031057,0.001000,0.001000,0.001000,0.001000,0.001000
1003.115385,-0.031976,0.001000,0.001000,0.001000,0.001000,0.001000
1003.134615,-0.032877,0.001000,0.001000,0.001000,0.001000,0.001000
1003.153846,-0.033760,0.001000,0.001000,0.001000,0.001000,0.001000
1003.173077,-0.034623,0.001000,0.001000,0.001000,0.001000,0.001000
1003.192308,-0.035467,0.001000,0.001000,0.001000,0.001000,0.001000
1003.211538,-0.036292,0.001000,0.001000,0.001000,0.001000,0.001000
1003.230769,-0.037096,0.001000,0.001000,0.001000,0.001000,0.001000
1003.250000,-0.037879,0.001000,0.001000,0.001000,0.001000,0.001000
1003.269231,-0.038641,0.001000,0.001000,0.001000,0.001000,0.001000
1003.288462,-0.039381,0.001000,0.001000,0.001000,0.001000,0.001000
1003.307692,-0.040100,0.001000,0.001000,0.001000,0.001000,0.001000
1003.326923,-0.040796,0.001000,0.001000,0.001000,0.001000,0.001000
1003.346154,-0.041469,0.001000,0.001000,0.001000,0.001000,0.001000
1003.365385,-0.042118,0.001000,0.001000,0.001000,0.001000,0.001000
1003.384615,-0.042744,0.001000,0.001000,0.001000,0.001000,0.001000
1003.403846,-0.043346,0.001000,0.001000,0.001000,0.001000,0.001000
1003.423077,-0.043924,0.001000,0.001000,0.001000,0.001000,0.001000
1003.442308,-0.044477,0.001000,0.001000,0.001000,0.001000,0.001000
1003.461538,-0.045006,0.001000,0.001000,0.001000,0.001000,0.001000
1003.480769,-0.045509,0.001000,0.001000,0.001000,0.001000,0.001000
1003.500000,-0.045986,0.001000,0.001000,0.001000,0.001000,0.001000
1003.519231,-0.046438,0.001000,0.001000,0.001000,0.001000,0.001000
1003.538462,-0.046864,0.001000,0.001000,0.001000,0.001000,0.001000
1003.557692,-0.047263,0.001000,0.001000,0.001000,0.001000,0.001000
1003.576923,-0.047636,0.001000,0.001000,0.001000,0.001000,0.001000
1003.596154,-0.047983,0.001000,0.001000,0.001000,0.001000,0.001000
1003.615385,-0.048302,0.001000,0.001000,0.001000,0.001000,0.001000
1003.634615,-0.048594,0.001000,0.001000,0.001000,0.001000,0.001000
1003.653846,-0.048859,0.001000,0.001000,0.001000,0.001000,0.001000
1003.673077,-0.049097,0.001000,0.001000,0.001000,0.001000,0.001000
1003.692308,-0.049307,0.001000,0.001000,0.001000,0.001000,0.001000
1003.711538,-0.049490,0.001000,0.001000,0.001000,0.001000,0.001000
1003.730769,-0.049645,0.001000,0.001000,0.001000,0.001000,0.001000
1003.750000,-0.049772,0.001000,0.001000,0.001000,0.001000,0.001000
1003.769231,-0.049871,0.001000,0.001000,0.001000,0.001000,0.001000
1003.788462,-0.049942,0.001000,0.001000,0.001000,0.001000,0.001000
1003.807692,-0.049985,0.001000,0.001000,0.001000,0.001000,0.001000
1003.826923,-0.050000,0.001000,0.001000,0.001000,0.001000,0.001000
1003.846154,-0.049987,0.001000,0.001000,0.001000,0.001000,0.001000
1003.865385,-0.049946,0.001000,0.001000,0.001000,0.001000,0.001000
1003.884615,-0.049877,0.001000,0.001000,0.001000,0.001000,0.001000
1003.903846,-0.049780,0.001000,0.001000,0.001000,0.001000,0.001000
1003.923077,-0.049656,0.001000,0.001000,0.001000,0.001000,0.001000
1003.942308,-0.049503,0.001000,0.001000,0.001000,0.001000,0.001000
1003.961538,-0.049323,0.001000,0.001000,0.001000,0.001000,0.001000
1003.980769,-0.049114,0.001000,0.001000,0.001000,0.001000,0.001000
1004.000000,-0.048879,0.001000,0.001000,0.001000,0.001000,0.001000
1004.019231,-0.048616,0.001000,0.001000,0.001000,0.001000,0.001000
1004.038462,-0.048326,0.001000,0.001000,0.001000,0.001000,0.001000
1004.057692,-0.048009,0.001000,0.001000,0.001000,0.001000,0.001000
1004.076923,-0.047664,0.001000,0.001000,0.001000,0.001000,0.001000
1004.096154,-0.047293,0.001000,0.001000,0.001000,0.001000,0.001000
1004.115385,-0.046896,0.001000,0.001000,0.001000,0.001000,0.001000
1004.134615,-0.046472,0.001000,0.001000,0.001000,0.001000,0.001000
1004.153846,-0.046023,0.001000,0.001000,0.001000,0.001000,0.001000
1004.173077,-0.045547,0.001000,0.001000,0.001000,0.001000,0.001000
1004.192308,-0.045046,0.001000,0.001000,0.001000,0.001000,0.001000
1004.211538,-0.044520,0.001000,0.001000,0.001000,0.001000,0.001000
1004.230769,-0.043968,0.001000,0.001000,0.001000,0.001000,0.001000
1004.250000,-0.043392,0.001000,0.001000,0.001000,0.001000,0.001000
1004.269231,-0.042792,0.001000,0.001000,0.001000,0.001000,0.001000
1004.288462,-0.042168,0.001000,0.001000,0.001000,0.001000,0.001000
1004.307692,-0.041520,0.001000,0.001000,0.001000,0.001000,0.001000
1004.326923,-0.040849,0.001000,0.001000,0.001000,0.001000,0.001000
1004.346154,-0.040155,0.001000,0.001000,0.001000,0.001000,0.001000
1004.365385,-0.039438,0.001000,0.001000,0.001000,0.001000,0.001000
1004.384615,-0.038700,0.001000,0.001000,0.001000,0.001000,0.001000
1004.403846,-0.037939,0.001000,0.001000,0.001000,0.001000,0.001000
1004.423077,-0.037158,0.001000,0.001000,0.001000,0.001000,0.001000
1004.442308,-0.036355,0.001000,0.001000,0.001000,0.001000,0.001000
1004.461538,-0.035533,0.001000,0.001000,0.001000,0.001000,0.001000
1004.480769,-0.034690,0.001000,0.001000,0.001000,0.001000,0.001000
1004.500000,-0.033828,0.001000,0.001000,0.001000,0.001000,0.001000
1004.519231,-0.032946,0.001000,0.001000,0.001000,0.001000,0.001000
1004.538462,-0.032047,0.001000,0.001000,0.001000,0.001000,0.001000
1004.557692,-0.031129,0.001000,0.001000,0.001000,0.001000,0.001000
1004.576923,-0.030194,0.001000,0.001000,0.001000,0.001000,0.001000
1004.596154,-0.029242,0.001000,0.001000,0.001000,0.001000,0.001000
1004.615385,-0.028274,0.001000,0.001000,0.001000,0.001000,0.001000
1004.634615,-0.027290,0.001000,0.001000,0.001000,0.001000,0.001000
1004.653846,-0.026290,0.001000,0.001000,0.001000,0.001000,0.001000
1004.673077,-0.025276,0.001000,0.001000,0.001000,0.001000,0.001000
1004.692308,-0.024248,0.001000,0.001000,0.001000,0.001000,0.001000
1004.711538,-0.023206,0.001000,0.001000,0.001000,0.001000,0.001000
1004.730769,-0.022151,0.001000,0.001000,0.001000,0.001000,0.001000
1004.750000,-0.021084,0.001000,0.001000,0.001000,0.001000,0.001000
1004.769231,-0.020004,0.001000,0.001000,0.001000,0.001000,0.001000
1004.788462,-0.018914,0.001000,0.001000,0.001000,0.001000,0.001000
1004.807692,-0.017813,0.001000,0.001000,0.001000,0.001000,0.001000
1004.826923,-0.016702,0.001000,0.001000,0.001000,0.001000,0.001000
1004.846154,-0.015582,0.001000,0.001000,0.001000,0.001000,0.001000
1004.865385,-0.014452,0.001000,0.001000,0.001000,0.001000,0.001000
1004.884615,-0.013315,0.001000,0.001000,0.001000,0.001000,0.001000
1004.903846,-0.012171,0.001000,0.001000,0.001000,0.001000,0.001000
1004.923077,-0.011019,0.001000,0.001000,0.001000,0.001000,0.001000
1004.942308,-0.009861,0.001000,0.001000,0.001000,0.001000,0.001000
1004.961538,-0.008698,0.001000,0.001000,0.001000,0.001000,0.001000
1004.980769,-0.007530,0.001000,0.001000,0.001000,0.001000,0.001000
1005.000000,-0.006358,0.001000,0.001000,0.001000,0.001000,0.001000
1005.019231,-0.005182,0.001000,0.001000,0.001000,0.001000,0.001000
1005.038462,-0.004003,0.001000,0.001000,0.001000,0.001000,0.001000
1005.057692,-0.002822,0.001000,0.001000,0.001000,0.001000,0.001000
1005.076923,-0.001640,0.001000,0.001000,0.001000,0.001000,0.001000
1005.096154,-0.000456,0.001000,0.001000,0.001000,0.001000,0.001000
1005.115385,0.000728,0.001000,0.001000,0.001000,0.001000,0.001000
1005.134615,0.001911,0.001000,0.001000,0.001000,0.001000,0.001000
1005.153846,0.003093,0.001000,0.001000,0.001000,0.001000,0.001000
1005.173077,0.004274,0.001000,0.001000,0.001000,0.001000,0.001000
1005.192308,0.005452,0.001000,0.001000,0.001000,0.001000,0.001000
1005.211538,0.006627,0.001000,0.001000,0.001000,0.001000,0.001000
1005.230769,0.007798,0.001000,0.001000,0.001000,0.001000,0.001000
1005.250000,0.008965,0.001000,0.001000,0.001000,0.001000,0.001000
1005.269231,0.010127,0.001000,0.001000,0.001000,0.001000,0.001000
1005.288462,0.011284,0.001000,0.001000,0.001000,0.001000,0.001000
1005.307692,0.012434,0.001000,0.001000,0.001000,0.001000,0.001000
1005.326923,0.013577,0.001000,0.001000,0.001000,0.001000,0.001000
1005.346154,0.014712,0.001000,0.001000,0.001000,0.001000,0.001000
1005.365385,0.015839,0.001000,0.001000,0.001000,0.001000,0.001000
1005.384615,0.016957,0.001000,0.001000,0.001000,0.001000,0.001000
1005.403846,0.018066,0.001000,0.001000,0.001000,0.001000,0.001000
1005.423077,0.019165,0.001000,0.001000,0.001000,0.001000,0.001000
1005.442308,0.020253,0.001000,0.001000,0.001000,0.001000,0.001000
1005.461538,0.021329,0.001000,0.001000,0.001000,0.001000,0.001000
1005.480769,0.022394,0.001000,0.001000,0.001000,0.001000,0.001000
1005.500000,0.023446,0.001000,0.001000,0.001000,0.001000,0.001000
1005.519231,0.024485,0.001000,0.001000,0.001000,0.001000,0.001000
1005.538462,0.025510,0.001000,0.001000,0.001000,0.001000,0.001000
1005.557692,0.026521,0.001000,0.001000,0.001000,0.001000,0.001000
1005.576923,0.027517,0.001000,0.001000,0.001000,0.001000,0.001000
1005.596154,0.028497,0.001000,0.001000,0.001000,0.001000,0.001000
1005.615385,0.029462,0.001000,0.001000,0.001000,0.001000,0.001000
1005.634615,0.030410,0.001000,0.001000,0.001000,0.001000,0.001000
1005.653846,0.031341,0.001000,0.001000,0.001000,0.001000,0.001000
1005.673077,0.032255,0.001000,0.001000,0.001000,0.001000,0.001000
1005.692308,0.033150,0.001000,0.001000,0.001000,0.001000,0.001000
1005.711538,0.034027,0.001000,0.001000,0.001000,0.001000,0.001000
1005.730769,0.034885,0.001000,0.001000,0.001000,0.001000,0.001000
1005.750000,0.035723,0.001000,0.001000,0.001000,0.001000,0.001000
1005.769231,0.036541,0.001000,0.001000,0.001000,0.001000,0.001000
1005.788462,0.037339,0.001000,0.001000,0.001000,0.001000,0.001000
1005.807692,0.038116,0.001000,0.001000,0.001000,0.001000,0.001000
1005.826923,0.038871,0.001000,0.001000,0.001000,0.001000,0.001000
1005.846154,0.039605,0.001000,0.001000,0.001000,0.001000,0.001000
1005.865385,0.040316,0.001000,0.001000,0.001000,0.001000,0.001000
1005.884615,0.041005,0.001000,0.001000,0.001000,0.001000,0.001000
1005.903846,0.041671,0.001000,0.001000,0.001000,0.001000,0.001000
1005.923077,0.042313,0.001000,0.001000,0.001000,0.001000,0.001000
1005.942308,0.042932,0.001000,0.001000,0.001000,0.001000,0.001000
1005.961538,0.043527,0.001000,0.001000,0.001000,0.001000,0.001000
1005.980769,0.044097,0.001000,0.001000,0.001000,0.001000,0.001000
1006.000000,0.044642,0.001000,0.001000,0.001000,0.001000,0.001000
1006.019231,0.045163,0.001000,0.001000,0.001000,0.001000,0.001000
1006.038462,0.045658,0.001000,0.001000,0.001000,0.001000,0.001000
1006.057692,0.046128,0.001000,0.001000,0.001000,0.001000,0.001000
1006.076923,0.046572,0.001000,0.001000,0.001000,0.001000,0.001000
1006.096154,0.046989,0.001000,0.001000,0.001000,0.001000,0.001000
1006.115385,0.047381,0.001000,0.001000,0.001000,0.001000,0.001000
1006.134615,0.047746,0.001000,0.001000,0.001000,0.001000,0.001000
1006.153846,0.048084,0.001000,0.001000,0.001000,0.001000,0.001000
1006.173077,0.048395,0.001000,0.001000,0.001000,0.001000,0.001000
1006.192308,0.048679,0.001000,0.001000,0.001000,0.001000,0.001000
1006.211538,0.048935,0.001000,0.001000,0.001000,0.001000,0.001000
1006.230769,0.049165,0.001000,0.001000,0.001000,0.001000,0.001000
1006.250000,0.049366,0.001000,0.001000,0.001000,0.001000,0.001000
1006.269231,0.049540,0.001000,0.001000,0.001000,0.001000,0.001000
1006.288462,0.049687,0.001000,0.001000,0.001000,0.001000,0.001000
1006.307692,0.049805,0.001000,0.001000,0.001000,0.001000,0.001000
1006.326923,0.049895,0.001000,0.001000,0.001000,0.001000,0.001000
1006.346154,0.049958,0.001000,0.001000,0.001000,0.001000,0.001000
1006.365385,0.049992,0.001000,0.001000,0.001000,0.001000,0.001000
1006.384615,0.049999,0.001000,0.001000,0.001000,0.001000,0.001000
1006.403846,0.049977,0.001000,0.001000,0.001000,0.001000,0.001000
1006.423077,0.049928,0.001000,0.001000,0.001000,0.001000,0.001000
1006.442308,0.049850,0.001000,0.001000,0.001000,0.001000,0.001000
1006.461538,0.049745,0.001000,0.001000,0.001000,0.001000,0.001000
1006.480769,0.049612,0.001000,0.001000,0.001000,0.001000,0.001000
1006.500000,0.049450,0.001000,0.001000,0.001000,0.001000,0.001000
1006.519231,0.049262,0.001000,0.001000,0.001000,0.001000,0.001000
1006.538462,0.049045,0.001000,0.001000,0.001000,0.001000,0.001000
1006.557692,0.048801,0.001000,0.001000,0.001000,0.001000,0.001000
1006.576923,0.048530,0.001000,0.001000,0.001000,0.001000,0.001000
1006.596154,0.048231,0.001000,0.001000,0.001000,0.001000,0.001000
1006.615385,0.047906,0.001000,0.001000,0.001000,0.001000,0.001000
1006.634615,0.047553,0.001000,0.001000,0.001000,0.001000,0.001000
1006.653846,0.047174,0.001000,0.001000,0.001000,0.001000,0.001000
1006.673077,0.046769,0.001000,0.001000,0.001000,0.001000,0.001000
1006.692308,0.046337,0.001000,0.001000,0.001000,0.001000,0.001000
1006.711538,0.045879,0.001000,0.001000,0.001000,0.001000,0.001000
1006.730769,0.045396,0.001000,0.001000,0.001000,0.001000,0.001000
1006.750000,0.044887,0.001000,0.001000,0.001000,0.001000,0.001000
1006.769231,0.044353,0.001000,0.001000,0.001000,0.001000,0.001000
1006.788462,0.043794,0.001000,0.001000,0.001000,0.001000,0.001000
1006.807692,0.043211,0.001000,0.001000,0.001000,0.001000,0.001000
1006.826923,0.042603,0.001000,0.001000,0.001000,0.001000,0.001000
1006.846154,0.041971,0.001000,0.001000,0.001000,0.001000,0.001000
1006.865385,0.041316,0.001000,0.001000,0.001000,0.001000,0.001000
1006.884615,0.040638,0.001000,0.001000,0.001000,0.001000,0.001000
1006.903846,0.039937,0.001000,0.001000,0.001000,0.001000,0.001000
1006.923077,0.039214,0.001000,0.001000,0.001000,0.001000,0.001000
1006.942308,0.038468,0.001000,0.001000,0.001000,0.001000,0.001000
1006.961538,0.037701,0.001000,0.001000,0.001000,0.001000,0.001000
1006.980769,0.036913,0.001000,0.001000,0.001000,0.001000,0.001000
1007.000000,0.036105,0.001000,0.001000,0.001000,0.001000,0.001000
1007.019231,0.035276,0.001000,0.001000,0.001000,0.001000,0.001000
1007.038462,0.034427,0.001000,0.001000,0.001000,0.001000,0.001000
1007.057692,0.033559,0.001000,0.001000,0.001000,0.001000,0.001000
1007.076923,0.032672,0.001000,0.001000,0.001000,0.001000,0.001000
1007.096154,0.031767,0.001000,0.001000,0.001000,0.001000,0.001000
1007.115385,0.030844,0.001000,0.001000,0.001000,0.001000,0.001000
1007.134615,0.029904,0.001000,0.001000,0.001000,0.001000,0.001000
1007.153846,0.028947,0.001000,0.001000,0.001000,0.001000,0.001000
1007.173077,0.027973,0.001000,0.001000,0.001000,0.001000,0.001000
1007.192308,0.026984,0.001000,0.001000,0.001000,0.001000,0.001000
1007.211538,0.025980,0.001000,0.001000,0.001000,0.001000,0.001000
1007.230769,0.024962,0.001000,0.001000,0.001000,0.001000,0.001000
1007.250000,0.023929,0.001000,0.001000,0.001000,0.001000,0.001000
1007.269231,0.022883,0.001000,0.001000,0.001000,0.001000,0.001000
1007.288462,0.021824,0.001000,0.001000,0.001000,0.001000,0.001000
1007.307692,0.020753,0.001000,0.001000,0.001000,0.001000,0.001000
1007.326923,0.019670,0.001000,0.001000,0.001000,0.001000,0.001000
1007.346154,0.018577,0.001000,0.001000,0.001000,0.001000,0.001000
1007.365385,0.017472,0.001000,0.001000,0.001000,0.001000,0.001000
1007.384615,0.016359,0.001000,0.001000,0.001000,0.001000,0.001000
1007.403846,0.015235,0.001000,0.001000,0.001000,0.001000,0.001000
1007.423077,0.014104,0.001000,0.001000,0.001000,0.001000,0.001000
1007.442308,0.012964,0.001000,0.001000,0.001000,0.001000,0.001000
1007.461538,0.011817,0.001000,0.001000,0.001000,0.001000,0.001000
1007.480769,0.010664,0.001000,0.001000,0.001000,0.001000,0.001000
1007.500000,0.009505,0.001000,0.001000,0.001000,0.001000,0.001000
1007.519231,0.008340,0.001000,0.001000,0.001000,0.001000,0.001000
1007.538462,0.007170,0.001000,0.001000,0.001000,0.001000,0.001000
1007.557692,0.005997,0.001000,0.001000,0.001000,0.001000,0.001000
1007.576923,0.004820,0.001000,0.001000,0.001000,0.001000,0.001000
1007.596154,0.003641,0.001000,0.001000,0.001000,0.001000,0.001000
1007.615385,0.002459,0.001000,0.001000,0.001000,0.001000,0.001000
1007.634615,0.001276,0.001000,0.001000,0.001000,0.001000,0.001000
1007.653846,0.000092,0.001000,0.001000,0.001000,0.001000,0.001000
1007.673077,-0.001091,0.001000,0.001000,0.001000,0.001000,0.001000
1007.692308,-0.002274,0.001000,0.001000,0.001000,0.001000,0.001000
1007.711538,-0.003456,0.001000,0.001000,0.001000,0.001000,0.001000
1007.730769,-0.004636,0.001000,0.001000,0.001000,0.001000,0.001000
1007.750000,-0.005813,0.001000,0.001000,0.001000,0.001000,0.001000
1007.769231,-0.006987,0.001000,0.001000,0.001000,0.001000,0.001000
1007.788462,-0.008157,0.001000,0.001000,0.001000,0.001000,0.001000
1007.807692,-0.009323,0.001000,0.001000,0.001000,0.001000,0.001000
1007.826923,-0.010483,0.001000,0.001000,0.001000,0.001000,0.001000
1007.846154,-0.011638,0.001000,0.001000,0.001000,0.001000,0.001000
1007.865385,-0.012786,0.001000,0.001000,0.001000,0.001000,0.001000
1007.884615,-0.013926,0.001000,0.001000,0.001000,0.001000,0.001000
1007.903846,-0.015059,0.001000,0.001000,0.001000,0.001000,0.001000
1007.923077,-0.016184,0.001000,0.001000,0.001000,0.001000,0.001000
1007.942308,-0.017299,0.001000,0.001000,0.001000,0.001000,0.001000
1007.961538,-0.018405,0.001000,0.001000,0.001000,0.001000,0.001000
1007.980769,-0.019500,0.001000,0.001000,0.001000,0.001000,0.001000
1008.000000,-0.020585,0.001000,0.001000,0.001000,0.001000,0.001000
1008.019231,-0.021658,0.001000,0.001000,0.001000,0.001000,0.001000
1008.038462,-0.022719,0.001000,0.001000,0.001000,0.001000,0.001000
1008.057692,-0.023767,0.001000,0.001000,0.001000,0.001000,0.001000
1008.076923,-0.024801,0.001000,0.001000,0.001000,0.001000,0.001000
1008.096154,-0.025822,0.001000,0.001000,0.001000,0.001000,0.001000
1008.115385,-0.026829,0.001000,0.001000,0.001000,0.001000,0.001000
1008.134615,-0.027820,0.001000,0.001000,0.001000,0.001000,0.001000
1008.153846,-0.028796,0.001000,0.001000,0.001000,0.001000,0.001000
1008.173077,-0.029755,0.001000,0.001000,0.001000,0.001000,0.001000
1008.192308,-0.030698,0.001000,0.001000,0.001000,0.001000,0.001000
1008.211538,-0.031624,0.001000,0.001000,0.001000,0.001000,0.001000
1008.230769,-0.032532,0.001000,0.001000,0.001000,0.001000,0.001000
1008.250000,-0.033422,0.001000,0.001000,0.001000,0.001000,0.001000
1008.269231,-0.034293,0.001000,0.001000,0.001000,0.001000,0.001000
1008.288462,-0.035144,0.001000,0.001000,0.001000,0.001000,0.001000
1008.307692,-0.035977,0.001000,0.001000,0.001000,0.001000,0.001000
1008.326923,-0.036788,0.001000,0.001000,0.001000,0.001000,0.001000
1008.346154,-0.037580,0.001000,0.001000,0.001000,0.001000,0.001000
1008.365385,-0.038350,0.001000,0.001000,0.001000,0.001000,0.001000
1008.384615,-0.039099,0.001000,0.001000,0.001000,0.001000,0.001000
1008.403846,-0.039826,0.001000,0.001000,0.001000,0.001000,0.001000
1008.423077,-0.040530,0.001000,0.001000,0.001000,0.001000,0.001000
1008.442308,-0.041212,0.001000,0.001000,0.001000,0.001000,0.001000
1008.461538,-0.041871,0.001000,0.001000,0.001000,0.001000,0.001000
1008.480769,-0.042506,0.001000,0.001000,0.001000,0.001000,0.001000
1008.500000,-0.043117,0.001000,0.001000,0.001000,0.001000,0.001000
1008.519231,-0.043704,0.001000,0.001000,0.001000,0.001000,0.001000
1008.538462,-0.044267,0.001000,0.001000,0.001000,0.001000,0.001000
1008.557692,-0.044805,0.001000,0.001000,0.001000,0.001000,0.001000
1008.576923,-0.045318,0.001000,0.001000,0.001000,0.001000,0.001000
1008.596154,-0.045805,0.001000,0.001000,0.001000,0.001000,0.001000
1008.615385,-0.046267,0.001000,0.001000,0.001000,0.001000,0.001000
1008.634615,-0.046703,0.001000,0.001000,0.001000,0.001000,0.001000
1008.653846,-0.047113,0.001000,0.001000,0.001000,0.001000,0.001000
1008.673077,-0.047496,0.001000,0.001000,0.001000,0.001000,0.001000
1008.692308,-0.047852,0.001000,0.001000,0.001000,0.001000,0.001000
1008.711538,-0.048182,0.001000,0.001000,0.001000,0.001000,0.001000
1008.730769,-0.048485,0.001000,0.001000,0.001000,0.001000,0.001000
1008.750000,-0.048760,0.001000,0.001000,0.001000,0.001000,0.001000
1008.769231,-0.049009,0.001000,0.001000,0.001000,0.001000,0.001000
1008.788462,-0.049230,0.001000,0.001000,0.001000,0.001000,0.001000
1008.807692,-0.049423,0.001000,0.001000,0.001000,0.001000,0.001000
1008.826923,-0.049588,0.001000,0.001000,0.001000,0.001000,0.001000
1008.846154,-0.049726,0.001000,0.001000,0.001000,0.001000,0.001000
1008.865385,-0.049836,0.001000,0.001000,0.001000,0.001000,0.001000
1008.884615,-0.049918,0.001000,0.001000,0.001000,0.001000,0.001000
1008.903846,-0.049972,0.001000,0.001000,0.001000,0.001000,0.001000
1008.923077,-0.049997,0.001000,0.001000,0.001000,0.001000,0.001000
1008.942308,-0.049995,0.001000,0.001000,0.001000,0.001000,0.001000
1008.961538,-0.049965,0.001000,0.001000,0.001000,0.001000,0.001000
1008.980769,-0.049907,0.001000,0.001000,0.001000,0.001000,0.001000
1009.000000,-0.049821,0.001000,0.001000,0.001000,0.001000,0.001000
1009.019231,-0.049707,0.001000,0.001000,0.001000,0.001000,0.001000
1009.038462,-0.049565,0.001000,0.001000,0.001000,0.001000,0.001000
1009.057692,-0.049395,0.001000,0.001000,0.001000,0.001000,0.001000
1009.076923,-0.049198,0.001000,0.001000,0.001000,0.001000,0.001000
1009.096154,-0.048973,0.001000,0.001000,0.001000,0.001000,0.001000
1009.115385,-0.048721,0.001000,0.001000,0.001000,0.001000,0.001000
1009.134615,-0.048441,0.001000,0.001000,0.001000,0.001000,0.001000
1009.153846,-0.048134,0.001000,0.001000,0.001000,0.001000,0.001000
1009.173077,-0.047800,0.001000,0.001000,0.001000,0.001000,0.001000
1009.192308,-0.047440,0.001000,0.001000,0.001000,0.001000,0.001000
1009.211538,-0.047052,0.001000,0.001000,0.001000,0.001000,0.001000
1009.230769,-0.046639,0.001000,0.001000,0.001000,0.001000,0.001000
1009.250000,-0.046199,0.001000,0.001000,0.001000,0.001000,0.001000
1009.269231,-0.045733,0.001000,0.001000,0.001000,0.001000,0.001000
1009.288462,-0.045242,0.001000,0.001000,0.001000,0.001000,0.001000
1009.307692,-0.044725,0.001000,0.001000,0.001000,0.001000,0.001000
1009.326923,-0.044184,0.001000,0.001000,0.001000,0.001000,0.001000
1009.346154,-0.043617,0.001000,0.001000,0.001000,0.001000,0.001000
1009.365385,-0.043026,0.001000,0.001000,0.001000,0.001000,0.001000
1009.384615,-0.042411,0.001000,0.001000,0.001000,0.001000,0.001000
1009.403846,-0.041773,0.001000,0.001000,0.001000,0.001000,0.001000
1009.423077,-0.041110,0.001000,0.001000,0.001000,0.001000,0.001000
1009.442308,-0.040425,0.001000,0.001000,0.001000,0.001000,0.001000
1009.461538,-0.039717,0.001000,0.001000,0.001000,0.001000,0.001000
1009.480769,-0.038987,0.001000,0.001000,0.001000,0.001000,0.001000
1009.500000,-0.038235,0.001000,0.001000,0.001000,0.001000,0.001000
1009.519231,-0.037461,0.001000,0.001000,0.001000,0.001000,0.001000
1009.538462,-0.036667,0.001000,0.001000,0.001000,0.001000,0.001000
1009.557692,-0.035852,0.001000,0.001000,0.001000,0.001000,0.001000
1009.576923,-0.035017,0.001000,0.001000,0.001000,0.001000,0.001000
1009.596154,-0.034162,0.001000,0.001000,0.001000,0.001000,0.001000
1009.615385,-0.033288,0.001000,0.001000,0.001000,0.001000,0.001000
1009.634615,-0.032396,0.001000,0.001000,0.001000,0.001000,0.001000
1009.653846,-0.031485,0.001000,0.001000,0.001000,0.001000,0.001000
1009.673077,-0.030557,0.001000,0.001000,0.001000,0.001000,0.001000
1009.692308,-0.029611,0.001000,0.001000,0.001000,0.001000,0.001000
1009.711538,-0.028649,0.001000,0.001000,0.001000,0.001000,0.001000
1009.730769,-0.027671,0.001000,0.001000,0.001000,0.001000,0.001000
1009.750000,-0.026677,0.001000,0.001000,0.001000,0.001000,0.001000
1009.769231,-0.025669,0.001000,0.001000,0.001000,0.001000,0.001000
1009.788462,-0.024646,0.001000,0.001000,0.001000,0.001000,0.001000
1009.807692,-0.023609,0.001000,0.001000,0.001000,0.001000,0.001000
1009.826923,-0.022559,0.001000,0.001000,0.001000,0.001000,0.001000
1009.846154,-0.021496,0.001000,0.001000,0.001000,0.001000,0.001000
1009.865385,-0.020422,0.001000,0.001000,0.001000,0.001000,0.001000
1009.884615,-0.019335,0.001000,0.001000,0.001000,0.001000,0.001000
1009.903846,-0.018238,0.001000,0.001000,0.001000,0.001000,0.001000
1009.923077,-0.017131,0.001000,0.001000,0.001000,0.001000,0.001000
1009.942308,-0.016014,0.001000,0.001000,0.001000,0.001000,0.001000
1009.961538,-0.014889,0.001000,0.001000,0.001000,0.001000,0.001000
1009.980769,-0.013754,0.001000,0.001000,0.001000,0.001000,0.001000
1010.000000,-0.012613,0.001000,0.001000,0.001000,0.001000,0.001000
1010.019231,-0.011464,0.001000,0.001000,0.001000,0.001000,0.001000
1010.038462,-0.010308,0.001000,0.001000,0.001000,0.001000,0.001000
1010.057692,-0.009147,0.001000,0.001000,0.001000,0.001000,0.001000
1010.076923,-0.007981,0.001000,0.001000,0.001000,0.001000,0.001000
1010.096154,-0.006810,0.001000,0.001000,0.001000,0.001000,0.001000
1010.115385,-0.005636,0.001000,0.001000,0.001000,0.001000,0.001000
1010.134615,-0.004458,0.001000,0.001000,0.001000,0.001000,0.001000
1010.153846,-0.003278,0.001000,0.001000,0.001000,0.001000,0.001000
1010.173077,-0.002096,0.001000,0.001000,0.001000,0.001000,0.001000
1010.192308,-0.000912,0.001000,0.001000,0.001000,0.001000,0.001000
1010.211538,0.000271,0.001000,0.001000,0.001000,0.001000,0.001000
1010.230769,0.001455,0.001000,0.001000,0.001000,0.001000,0.001000
1010.250000,0.002638,0.001000,0.001000,0.001000,0.001000,0.001000
1010.269231,0.003819,0.001000,0.001000,0.001000,0.001000,0.001000
1010.288462,0.004998,0.001000,0.001000,0.001000,0.001000,0.001000
1010.307692,0.006174,0.001000,0.001000,0.001000,0.001000,0.001000
1010.326923,0.007347,0.001000,0.001000,0.001000,0.001000,0.001000
1010.346154,0.008516,0.001000,0.001000,0.001000,0.001000,0.001000
1010.365385,0.009680,0.001000,0.001000,0.001000,0.001000,0.001000
1010.384615,0.010839,0.001000,0.001000,0.001000,0.001000,0.001000
1010.403846,0.011991,0.001000,0.001000,0.001000,0.001000,0.001000
1010.423077,0.013137,0.001000,0.001000,0.001000,0.001000,0.001000
1010.442308,0.014275,0.001000,0.001000,0.001000,0.001000,0.001000
1010.461538,0.015406,0.001000,0.001000,0.001000,0.001000,0.001000
1010.480769,0.016528,0.001000,0.001000,0.001000,0.001000,0.001000
1010.500000,0.017640,0.001000,0.001000,0.001000,0.001000,0.001000
1010.519231,0.018743,0.001000,0.001000,0.001000,0.001000,0.001000
1010.538462,0.019835,0.001000,0.001000,0.001000,0.001000,0.001000
1010.557692,0.020916,0.001000,0.001000,0.001000,0.001000,0.001000
1010.576923,0.021985,0.001000,0.001000,0.001000,0.001000,0.001000
1010.596154,0.023042,0.001000,0.001000,0.001000,0.001000,0.001000
1010.615385,0.024086,0.001000,0.001000,0.001000,0.001000,0.001000
1010.634615,0.025117,0.001000,0.001000,0.001000,0.001000,0.001000
1010.653846,0.026133,0.001000,0.001000,0.001000,0.001000,0.001000
1010.673077,0.027135,0.001000,0.001000,0.001000,0.001000,0.001000
1010.692308,0.028121,0.001000,0.001000,0.001000,0.001000,0.001000
1010.711538,0.029092,0.001000,0.001000,0.001000,0.001000,0.001000
1010.730769,0.030047,0.001000,0.001000,0.001000,0.001000,0.001000
1010.750000,0.030984,0.001000,0.001000,0.001000,0.001000,0.001000
1010.769231,0.031905,0.001000,0.001000,0.001000,0.001000,0.001000
1010.788462,0.032807,0.001000,0.001000,0.001000,0.001000,0.001000
1010.807692,0.033691,0.001000,0.001000,0.001000,0.001000,0.001000
1010.826923,0.034556,0.001000,0.001000,0.001000,0.001000,0.001000
1010.846154,0.035402,0.001000,0.001000,0.001000,0.001000,0.001000
1010.865385,0.036228,0.001000,0.001000,0.001000,0.001000,0.001000
1010.884615,0.037034,0.001000,0.001000,0.001000,0.001000,0.001000
1010.903846,0.037819,0.001000,0.001000,0.001000,0.001000,0.001000
1010.923077,0.038582,0.001000,0.001000,0.001000,0.001000,0.001000
1010.942308,0.039324,0.001000,0.001000,0.001000,0.001000,0.001000
1010.961538,0.040044,0.001000,0.001000,0.001000,0.001000,0.001000
1010.980769,0.040742,0.001000,0.001000,0.001000,0.001000,0.001000
1011.000000,0.041417,0.001000,0.001000,0.001000,0.001000,0.001000
1011.019231,0.042068,0.001000,0.001000,0.001000,0.001000,0.001000
1011.038462,0.042696,0.001000,0.001000,0.001000,0.001000,0.001000
1011.057692,0.043300,0.001000,0.001000,0.001000,0.001000,0.001000
1011.076923,0.043880,0.001000,0.001000,0.001000,0.001000,0.001000
1011.096154,0.044435,0.001000,0.001000,0.001000,0.001000,0.001000
1011.115385,0.044965,0.001000,0.001000,0.001000,0.001000,0.001000
1011.134615,0.045470,0.001000,0.001000,0.001000,0.001000,0.001000
1011.153846,0.045950,0.001000,0.001000,0.001000,0.001000,0.001000
1011.173077,0.046404,0.001000,0.001000,0.001000,0.001000,0.001000
1011.192308,0.046832,0.001000,0.001000,0.001000,0.001000,0.001000
1011.211538,0.047233,0.001000,0.001000,0.001000,0.001000,0.001000
1011.230769,0.047608,0.001000,0.001000,0.001000,0.001000,0.001000
1011.250000,0.047957,0.001000,0.001000,0.001000,0.001000,0.001000
1011.269231,0.048278,0.001000,0.001000,0.001000,0.001000,0.001000
1011.288462,0.048572,0.001000,0.001000,0.001000,0.001000,0.001000
1011.307692,0.048840,0.001000,0.001000,0.001000,0.001000,0.001000
1011.326923,0.049080,0.001000,0.001000,0.001000,0.001000,0.001000
1011.346154,0.049292,0.001000,0.001000,0.001000,0.001000,0.001000
1011.365385,0.049477,0.001000,0.001000,0.001000,0.001000,0.001000
1011.384615,0.049634,0.001000,0.001000,0.001000,0.001000,0.001000
1011.403846,0.049763,0.001000,0.001000,0.001000,0.001000,0.001000
1011.423077,0.049864,0.001000,0.001000,0.001000,0.001000,0.001000
1011.442308,0.049937,0.001000,0.001000,0.001000,0.001000,0.001000
1011.461538,0.049983,0.001000,0.001000,0.001000,0.001000,0.001000
1011.480769,0.050000,0.001000,0.001000,0.001000,0.001000,0.001000
1011.500000,0.049989,0.001000,0.001000,0.001000,0.001000,0.001000
1011.519231,0.049950,0.001000,0.001000,0.001000,0.001000,0.001000
1011.538462,0.049884,0.001000,0.001000,0.001000,0.001000,0.001000
1011.557692,0.049789,0.001000,0.001000,0.001000,0.001000,0.001000
1011.576923,0.049666,0.001000,0.001000,0.001000,0.001000,0.001000
1011.596154,0.049516,0.001000,0.001000,0.001000,0.001000,0.001000
1011.615385,0.049338,0.001000,0.001000,0.001000,0.001000,0.001000
1011.634615,0.049132,0.001000,0.001000,0.001000,0.001000,0.001000
1011.653846,0.048898,0.001000,0.001000,0.001000,0.001000,0.001000
1011.673077,0.048638,0.001000,0.001000,0.001000,0.001000,0.001000
1011.692308,0.048349,0.001000,0.001000,0.001000,0.001000,0.001000
1011.711538,0.048034,0.001000,0.001000,0.001000,0.001000,0.001000
1011.730769,0.047692,0.001000,0.001000,0.001000,0.001000,0.001000
1011.750000,0.047323,0.001000,0.001000,0.001000,0.001000,0.001000
1011.769231,0.046928,0.001000,0.001000,0.001000,0.001000,0.001000
1011.788462,0.046506,0.001000,0.001000,0.001000,0.001000,0.001000
1011.807692,0.046059,0.001000,0.001000,0.001000,0.001000,0.001000
1011.826923,0.045585,0.001000,0.001000,0.001000,0.001000,0.001000
1011.846154,0.045086,0.001000,0.001000,0.001000,0.001000,0.001000
1011.865385,0.044562,0.001000,0.001000,0.001000,0.001000,0.001000
1011.884615,0.044012,0.001000,0.001000,0.001000,0.001000,0.001000
1011.903846,0.043438,0.001000,0.001000,0.001000,0.001000,0.001000
1011.923077,0.042840,0.001000,0.001000,0.001000,0.001000,0.001000
1011.942308,0.042218,0.001000,0.001000,0.001000,0.001000,0.001000
1011.961538,0.041571,0.001000,0.001000,0.001000,0.001000,0.001000
1011.980769,0.040902,0.001000,0.001000,0.001000,0.001000,0.001000
1012.000000,0.040210,0.001000,0.001000,0.001000,0.001000,0.001000
1012.019231,0.039495,0.001000,0.001000,0.001000,0.001000,0.001000
1012.038462,0.038758,0.001000,0.001000,0.001000,0.001000,0.001000
1012.057692,0.038000,0.001000,0.001000,0.001000,0.001000,0.001000
1012.076923,0.037220,0.001000,0.001000,0.001000,0.001000,0.001000
1012.096154,0.036419,0.001000,0.001000,0.001000,0.001000,0.001000
1012.115385,0.035597,0.001000,0.001000,0.001000,0.001000,0.001000
1012.134615,0.034756,0.001000,0.001000,0.001000,0.001000,0.001000
1012.153846,0.033896,0.001000,0.001000,0.001000,0.001000,0.001000
1012.173077,0.033016,0.001000,0.001000,0.001000,0.001000,0.001000
1012.192308,0.032118,0.001000,0.001000,0.001000,0.001000,0.001000
1012.211538,0.031202,0.001000,0.001000,0.001000,0.001000,0.001000
1012.230769,0.030268,0.001000,0.001000,0.001000,0.001000,0.001000
1012.250000,0.029317,0.001000,0.001000,0.001000,0.001000,0.001000
1012.269231,0.028350,0.001000,0.001000,0.001000,0.001000,0.001000
1012.288462,0.027367,0.001000,0.001000,0.001000,0.001000,0.001000
1012.307692,0.026369,0.001000,0.001000,0.001000,0.001000,0.001000
1012.326923,0.025356,0.001000,0.001000,0.001000,0.001000,0.001000
1012.346154,0.024329,0.001000,0.001000,0.001000,0.001000,0.001000
1012.365385,0.023288,0.001000,0.001000,0.001000,0.001000,0.001000
1012.384615,0.022234,0.001000,0.001000,0.001000,0.001000,0.001000
1012.403846,0.021167,0.001000,0.001000,0.001000,0.001000,0.001000
1012.423077,0.020089,0.001000,0.001000,0.001000,0.001000,0.001000
1012.442308,0.018999,0.001000,0.001000,0.001000,0.001000,0.001000
1012.461538,0.017899,0.001000,0.001000,0.001000,0.001000,0.001000
1012.480769,0.016789,0.001000,0.001000,0.001000,0.001000,0.001000
1012.500000,0.015669,0.001000,0.001000,0.001000,0.001000,0.001000
1012.519231,0.014541,0.001000,0.001000,0.001000,0.001000,0.001000
1012.538462,0.013404,0.001000,0.001000,0.001000,0.001000,0.001000
1012.557692,0.012260,0.001000,0.001000,0.001000,0.001000,0.001000
1012.576923,0.011109,0.001000,0.001000,0.001000,0.001000,0.001000
1012.596154,0.009952,0.001000,0.001000,0.001000,0.001000,0.001000
1012.615385,0.008789,0.001000,0.001000,0.001000,0.001000,0.001000
1012.634615,0.007622,0.001000,0.001000,0.001000,0.001000,0.001000
1012.653846,0.006450,0.001000,0.001000,0.001000,0.001000,0.001000
1012.673077,0.005274,0.001000,0.001000,0.001000,0.001000,0.001000
1012.692308,0.004095,0.001000,0.001000,0.001000,0.001000,0.001000
1012.711538,0.002915,0.001000,0.001000,0.001000,0.001000,0.001000
1012.730769,0.001732,0.001000,0.001000,0.001000,0.001000,0.001000
1012.750000,0.000549,0.001000,0.001000,0.001000,0.001000,0.001000
1012.769231,-0.000635,0.001000,0.001000,0.001000,0.001000,0.001000
1012.788462,-0.001819,0.001000,0.001000,0.001000,0.001000,0.001000
1012.807692,-0.003001,0.001000,0.001000,0.001000,0.001000,0.001000
1012.826923,-0.004182,0.001000,0.001000,0.001000,0.001000,0.001000
1012.846154,-0.005360,0.001000,0.001000,0.001000,0.001000,0.001000
1012.865385,-0.006535,0.001000,0.001000,0.001000,0.001000,0.001000
1012.884615,-0.007707,0.001000,0.001000,0.001000,0.001000,0.001000
1012.903846,-0.008874,0.001000,0.001000,0.001000,0.001000,0.001000
1012.923077,-0.010037,0.001000,0.001000,0.001000,0.001000,0.001000
1012.942308,-0.011194,0.001000,0.001000,0.001000,0.001000,0.001000
1012.961538,-0.012344,0.001000,0.001000,0.001000,0.001000,0.001000
1012.980769,-0.013488,0.001000,0.001000,0.001000,0.001000,0.001000
1013.000000,-0.014624,0.001000,0.001000,0.001000,0.001000,0.001000
1013.019231,-0.015751,0.001000,0.001000,0.001000,0.001000,0.001000
1013.038462,-0.016870,0.001000,0.001000,0.001000,0.001000,0.001000
1013.057692,-0.017980,0.001000,0.001000,0.001000,0.001000,0.001000
1013.076923,-0.019079,0.001000,0.001000,0.001000,0.001000,0.001000
1013.096154,-0.020168,0.001000,0.001000,0.001000,0.001000,0.001000
1013.115385,-0.021246,0.001000,0.001000,0.001000,0.001000,0.001000
1013.134615,-0.022311,0.001000,0.001000,0.001000,0.001000,0.001000
1013.153846,-0.023364,0.001000,0.001000,0.001000,0.001000,0.001000
1013.173077,-0.024404,0.001000,0.001000,0.001000,0.001000,0.001000
1013.192308,-0.025430,0.001000,0.001000,0.001000,0.001000,0.001000
1013.211538,-0.026442,0.001000,0.001000,0.001000,0.001000,0.001000
1013.230769,-0.027440,0.001000,0.001000,0.001000,0.001000,0.001000
1013.250000,-0.028421,0.001000,0.001000,0.001000,0.001000,0.001000
1013.269231,-0.029387,0.001000,0.001000,0.001000,0.001000,0.001000
1013.288462,-0.030337,0.001000,0.001000,0.001000,0.001000,0.001000
1013.307692,-0.031269,0.001000,0.001000,0.001000,0.001000,0.001000
1013.326923,-0.032184,0.001000,0.001000,0.001000,0.001000,0.001000
1013.346154,-0.033081,0.001000,0.001000,0.001000,0.001000,0.001000
1013.365385,-0.033959,0.001000,0.001000,0.001000,0.001000,0.001000
1013.384615,-0.034818,0.001000,0.001000,0.001000,0.001000,0.001000
1013.403846,-0.035658,0.001000,0.001000,0.001000,0.001000,0.001000
1013.423077,-0.036478,0.001000,0.001000,0.001000,0.001000,0.001000
1013.442308,-0.037277,0.001000,0.001000,0.001000,0.001000,0.001000
1013.461538,-0.038056,0.001000,0.001000,0.001000,0.001000,0.001000
1013.480769,-0.038813,0.001000,0.001000,0.001000,0.001000,0.001000
1013.500000,-0.039548,0.001000,0.001000,0.001000,0.001000,0.001000
1013.519231,-0.040261,0.001000,0.001000,0.001000,0.001000,0.001000
1013.538462,-0.040952,0.001000,0.001000,0.001000,0.001000,0.001000
1013.557692,-0.041620,0.001000,0.001000,0.001000,0.001000,0.001000
1013.576923,-0.042264,0.001000,0.001000,0.001000,0.001000,0.001000
1013.596154,-0.042884,0.001000,0.001000,0.001000,0.001000,0.001000
1013.615385,-0.043481,0.001000,0.001000,0.001000,0.001000,0.001000
1013.634615,-0.044053,0.001000,0.001000,0.001000,0.001000,0.001000
1013.653846,-0.044601,0.001000,0.001000,0.001000,0.001000,0.001000
1013.673077,-0.045123,0.001000,0.001000,0.001000,0.001000,0.001000
1013.692308,-0.045621,0.001000,0.001000,0.001000,0.001000,0.001000
1013.711538,-0.046092,0.001000,0.001000,0.001000,0.001000,0.001000
1013.730769,-0.046538,0.001000,0.001000,0.001000,0.001000,0.001000
1013.750000,-0.046958,0.001000,0.001000,0.001000,0.001000,0.001000
1013.769231,-0.047351,0.001000,0.001000,0.001000,0.001000,0.001000
1013.788462,-0.047718,0.001000,0.001000,0.001000,0.001000,0.001000
1013.807692,-0.048058,0.001000,0.001000,0.001000,0.001000,0.001000
1013.826923,-0.048371,0.001000,0.001000,0.001000,0.001000,0.001000
1013.846154,-0.048658,0.001000,0.001000,0.001000,0.001000,0.001000
1013.865385,-0.048916,0.001000,0.001000,0.001000,0.001000,0.001000
1013.884615,-0.049148,0.001000,0.001000,0.001000,0.001000,0.001000
1013.903846,-0.049352,0.001000,0.001000,0.001000,0.001000,0.001000
1013.923077,-0.049528,0.001000,0.001000,0.001000,0.001000,0.001000
1013.942308,-0.049676,0.001000,0.001000,0.001000,0.001000,0.001000
1013.961538,-0.049797,0.001000,0.001000,0.001000,0.001000,0.001000
1013.980769,-0.049889,0.001000,0.001000,0.001000,0.001000,0.001000
1014.000000,-0.049954,0.001000,0.001000,0.001000,0.001000,0.001000
1014.019231,-0.049991,0.001000,0.001000,0.001000,0.001000,0.001000
1014.038462,-0.049999,0.001000,0.001000,0.001000,0.001000,0.001000
1014.057692,-0.049980,0.001000,0.001000,0.001000,0.001000,0.001000
1014.076923,-0.049933,0.001000,0.001000,0.001000,0.001000,0.001000
1014.096154,-0.049857,0.001000,0.001000,0.001000,0.001000,0.001000
1014.115385,-0.049754,0.001000,0.001000,0.001000,0.001000,0.001000
1014.134615,-0.049623,0.001000,0.001000,0.001000,0.001000,0.001000
1014.153846,-0.049464,0.001000,0.001000,0.001000,0.001000,0.001000
1014.173077,-0.049277,0.001000,0.001000,0.001000,0.001000,0.001000
1014.192308,-0.049063,0.001000,0.001000,0.001000,0.001000,0.001000
1014.211538,-0.048821,0.001000,0.001000,0.001000,0.001000,0.001000
1014.230769,-0.048552,0.001000,0.001000,0.001000,0.001000,0.001000
1014.250000,-0.048255,0.001000,0.001000,0.001000,0.001000,0.001000
1014.269231,-0.047932,0.001000,0.001000,0.001000,0.001000,0.001000
1014.288462,-0.047582,0.001000,0.001000,0.001000,0.001000,0.001000
1014.307692,-0.047205,0.001000,0.001000,0.001000,0.001000,0.001000
1014.326923,-0.046801,0.001000,0.001000,0.001000,0.001000,0.001000
1014.346154,-0.046372,0.001000,0.001000,0.001000,0.001000,0.001000
1014.365385,-0.045916,0.001000,0.001000,0.001000,0.001000,0.001000
1014.384615,-0.045434,0.001000,0.001000,0.001000,0.001000,0.001000
1014.403846,-0.044928,0.001000,0.001000,0.001000,0.001000,0.001000
1014.423077,-0.044395,0.001000,0.001000,0.001000,0.001000,0.001000
1014.442308,-0.043838,0.001000,0.001000,0.001000,0.001000,0.001000
1014.461538,-0.043257,0.001000,0.001000,0.001000,0.001000,0.001000
1014.480769,-0.042651,0.001000,0.001000,0.001000,0.001000,0.001000
1014.500000,-0.042021,0.001000,0.001000,0.001000,0.001000,0.001000
1014.519231,-0.041368,0.001000,0.001000,0.001000,0.001000,0.001000
1014.538462,-0.040692,0.001000,0.001000,0.001000,0.001000,0.001000
1014.557692,-0.039993,0.001000,0.001000,0.001000,0.001000,0.001000
1014.576923,-0.039271,0.001000,0.001000,0.001000,0.001000,0.001000
1014.596154,-0.038527,0.001000,0.001000,0.001000,0.001000,0.001000
1014.615385,-0.037762,0.001000,0.001000,0.001000,0.001000,0.001000
1014.634615,-0.036976,0.001000,0.001000,0.001000,0.001000,0.001000
1014.653846,-0.036168,0.001000,0.001000,0.001000,0.001000,0.001000
1014.673077,-0.035341,0.001000,0.001000,0.001000,0.001000,0.001000
1014.692308,-0.034494,0.001000,0.001000,0.001000,0.001000,0.001000
1014.711538,-0.033627,0.001000,0.001000,0.001000,0.001000,0.001000
1014.730769,-0.032742,0.001000,0.001000,0.001000,0.001000,0.001000
1014.750000,-0.031838,0.001000,0.001000,0.001000,0.001000,0.001000
1014.769231,-0.030917,0.001000,0.001000,0.001000,0.001000,0.001000
1014.788462,-0.029978,0.001000,0.001000,0.001000,0.001000,0.001000
1014.807692,-0.029022,0.001000,0.001000,0.001000,0.001000,0.001000
1014.826923,-0.028050,0.001000,0.001000,0.001000,0.001000,0.001000
1014.846154,-0.027062,0.001000,0.001000,0.001000,0.001000,0.001000
1014.865385,-0.026059,0.001000,0.001000,0.001000,0.001000,0.001000
1014.884615,-0.025042,0.001000,0.001000,0.001000,0.001000,0.001000
1014.903846,-0.024010,0.001000,0.001000,0.001000,0.001000,0.001000
1014.923077,-0.022965,0.001000,0.001000,0.001000,0.001000,0.001000
1014.942308,-0.021907,0.001000,0.001000,0.001000,0.001000,0.001000
1014.961538,-0.020837,0.001000,0.001000,0.001000,0.001000,0.001000
1014.980769,-0.019755,0.001000,0.001000,0.001000,0.001000,0.001000
1015.000000,-0.018662,0.001000,0.001000,0.001000,0.001000,0.001000
1015.019231,-0.017559,0.001000,0.001000,0.001000,0.001000,0.001000
1015.038462,-0.016446,0.001000,0.001000,0.001000,0.001000,0.001000
1015.057692,-0.015323,0.001000,0.001000,0.001000,0.001000,0.001000
1015.076923,-0.014192,0.001000,0.001000,0.001000,0.001000,0.001000
1015.096154,-0.013053,0.001000,0.001000,0.001000,0.001000,0.001000
1015.115385,-0.011907,0.001000,0.001000,0.001000,0.001000,0.001000
1015.134615,-0.010754,0.001000,0.001000,0.001000,0.001000,0.001000
1015.153846,-0.009595,0.001000,0.001000,0.001000,0.001000,0.001000
1015.173077,-0.008431,0.001000,0.001000,0.001000,0.001000,0.001000
1015.192308,-0.007262,0.001000,0.001000,0.001000,0.001000,0.001000
1015.211538,-0.006089,0.001000,0.001000,0.001000,0.001000,0.001000
1015.230769,-0.004912,0.001000,0.001000,0.001000,0.001000,0.001000
1015.250000,-0.003733,0.001000,0.001000,0.001000,0.001000,0.001000
1015.269231,-0.002551,0.001000,0.001000,0.001000,0.001000,0.001000
1015.288462,-0.001368,0.001000,0.001000,0.001000,0.001000,0.001000
1015.307692,-0.000185,0.001000,0.001000,0.001000,0.001000,0.001000
1015.326923,0.000999,0.001000,0.001000,0.001000,0.001000,0.001000
1015.346154,0.002182,0.001000,0.001000,0.001000,0.001000,0.001000
1015.365385,0.003364,0.001000,0.001000,0.001000,0.001000,0.001000
1015.384615,0.004544,0.001000,0.001000,0.001000,0.001000,0.001000
1015.403846,0.005722,0.001000,0.001000,0.001000,0.001000,0.001000
1015.423077,0.006896,0.001000,0.001000,0.001000,0.001000,0.001000
1015.442308,0.008066,0.001000,0.001000,0.001000,0.001000,0.001000
1015.461538,0.009232,0.001000,0.001000,0.001000,0.001000,0.001000
1015.480769,0.010393,0.001000,0.001000,0.001000,0.001000,0.001000
1015.500000,0.011548,0.001000,0.001000,0.001000,0.001000,0.001000
1015.519231,0.012696,0.001000,0.001000,0.001000,0.001000,0.001000
1015.538462,0.013838,0.001000,0.001000,0.001000,0.001000,0.001000
1015.557692,0.014971,0.001000,0.001000,0.001000,0.001000,0.001000
1015.576923,0.016096,0.001000,0.001000,0.001000,0.001000,0.001000
1015.596154,0.017212,0.001000,0.001000,0.001000,0.001000,0.001000
1015.615385,0.018319,0.001000,0.001000,0.001000,0.001000,0.001000
1015.634615,0.019415,0.001000,0.001000,0.001000,0.001000,0.001000
1015.653846,0.020501,0.001000,0.001000,0.001000,0.001000,0.001000
1015.673077,0.021574,0.001000,0.001000,0.001000,0.001000,0.001000
1015.692308,0.022636,0.001000,0.001000,0.001000,0.001000,0.001000
1015.711538,0.023685,0.001000,0.001000,0.001000,0.001000,0.001000
1015.730769,0.024721,0.001000,0.001000,0.001000,0.001000,0.001000
1015.750000,0.025743,0.001000,0.001000,0.001000,0.001000,0.001000
1015.769231,0.026751,0.001000,0.001000,0.001000,0.001000,0.001000
1015.788462,0.027743,0.001000,0.001000,0.001000,0.001000,0.001000
1015.807692,0.028720,0.001000,0.001000,0.001000,0.001000,0.001000
1015.826923,0.029681,0.001000,0.001000,0.001000,0.001000,0.001000
1015.846154,0.030625,0.001000,0.001000,0.001000,0.001000,0.001000
1015.865385,0.031552,0.001000,0.001000,0.001000,0.001000,0.001000
1015.884615,0.032462,0.001000,0.001000,0.001000,0.001000,0.001000
1015.903846,0.033353,0.001000,0.001000,0.001000,0.001000,0.001000
1015.923077,0.034225,0.001000,0.001000,0.001000,0.001000,0.001000
1015.942308,0.035079,0.001000,0.001000,0.001000,0.001000,0.001000
1015.961538,0.035912,0.001000,0.001000,0.001000,0.001000,0.001000
1015.980769,0.036726,0.001000,0.001000,0.001000,0.001000,0.001000
1016.000000,0.037519,0.001000,0.001000,0.001000,0.001000,0.001000
1016.019231,0.038291,0.001000,0.001000,0.001000,0.001000,0.001000
1016.038462,0.039041,0.001000,0.001000,0.001000,0.001000,0.001000
1016.057692,0.039770,0.001000,0.001000,0.001000,0.001000,0.001000
1016.076923,0.040476,0.001000,0.001000,0.001000,0.001000,0.001000
1016.096154,0.041160,0.001000,0.001000,0.001000,0.001000,0.001000
1016.115385,0.041820,0.001000,0.001000,0.001000,0.001000,0.001000
1016.134615,0.042457,0.001000,0.001000,0.001000,0.001000,0.001000
1016.153846,0.043070,0.001000,0.001000,0.001000,0.001000,0.001000
1016.173077,0.043660,0.001000,0.001000,0.001000,0.001000,0.001000
1016.192308,0.044224,0.001000,0.001000,0.001000,0.001000,0.001000
1016.211538,0.044764,0.001000,0.001000,0.001000,0.001000,0.001000
1016.230769,0.045279,0.001000,0.001000,0.001000,0.001000,0.001000
1016.250000,0.045768,0.001000,0.001000,0.001000,0.001000,0.001000
1016.269231,0.046232,0.001000,0.001000,0.001000,0.001000,0.001000
1016.288462,0.046670,0.001000,0.001000,0.001000,0.001000,0.001000
1016.307692,0.047082,0.001000,0.001000,0.001000,0.001000,0.001000
1016.326923,0.047467,0.001000,0.001000,0.001000,0.001000,0.001000
1016.346154,0.047825,0.001000,0.001000,0.001000,0.001000,0.001000
1016.365385,0.048157,0.001000,0.001000,0.001000,0.001000,0.001000
1016.384615,0.048462,0.001000,0.001000,0.001000,0.001000,0.001000
1016.403846,0.048740,0.001000,0.001000,0.001000,0.001000,0.001000
1016.423077,0.048990,0.001000,0.001000,0.001000,0.001000,0.001000
1016.442308,0.049213,0.001000,0.001000,0.001000,0.001000,0.001000
1016.461538,0.049409,0.001000,0.001000,0.001000,0.001000,0.001000
1016.480769,0.049576,0.001000,0.001000,0.001000,0.001000,0.001000
1016.500000,0.049716,0.001000,0.001000,0.001000,0.001000,0.001000
1016.519231,0.049828,0.001000,0.001000,0.001000,0.001000,0.001000
1016.538462,0.049912,0.001000,0.001000,0.001000,0.001000,0.001000
1016.557692,0.049968,0.001000,0.001000,0.001000,0.001000,0.001000
1016.576923,0.049996,0.001000,0.001000,0.001000,0.001000,0.001000
1016.596154,0.049997,0.001000,0.001000,0.001000,0.001000,0.001000
1016.615385,0.049969,0.001000,0.001000,0.001000,0.001000,0.001000
1016.634615,0.049913,0.001000,0.001000,0.001000,0.001000,0.001000
1016.653846,0.049829,0.001000,0.001000,0.001000,0.001000,0.001000
1016.673077,0.049717,0.001000,0.001000,0.001000,0.001000,0.001000
1016.692308,0.049577,0.001000,0.001000,0.001000,0.001000,0.001000
1016.711538,0.049410,0.001000,0.001000,0.001000,0.001000,0.001000
1016.730769,0.049214,0.001000,0.001000,0.001000,0.001000,0.001000
1016.750000,0.048992,0.001000,0.001000,0.001000,0.001000,0.001000
1016.769231,0.048741,0.001000,0.001000,0.001000,0.001000,0.001000
1016.788462,0.048464,0.001000,0.001000,0.001000,0.001000,0.001000
1016.807692,0.048159,0.001000,0.001000,0.001000,0.001000,0.001000
1016.826923,0.047827,0.001000,0.001000,0.001000,0.001000,0.001000
1016.846154,0.047469,0.001000,0.001000,0.001000,0.001000,0.001000
1016.865385,0.047083,0.001000,0.001000,0.001000,0.001000,0.001000
1016.884615,0.046672,0.001000,0.001000,0.001000,0.001000,0.001000
1016.903846,0.046234,0.001000,0.001000,0.001000,0.001000,0.001000
1016.923077,0.045771,0.001000,0.001000,0.001000,0.001000,0.001000
1016.942308,0.045281,0.001000,0.001000,0.001000,0.001000,0.001000
1016.961538,0.044767,0.001000,0.001000,0.001000,0.001000,0.001000
1016.980769,0.044227,0.001000,0.001000,0.001000,0.001000,0.001000
1017.000000,0.043662,0.001000,0.001000,0.001000,0.001000,0.001000
1017.019231,0.043073,0.001000,0.001000,0.001000,0.001000,0.001000
1017.038462,0.042460,0.001000,0.001000,0.001000,0.001000,0.001000
1017.057692,0.041823,0.001000,0.001000,0.001000,0.001000,0.001000
1017.076923,0.041163,0.001000,0.001000,0.001000,0.001000,0.001000
1017.096154,0.040479,0.001000,0.001000,0.001000,0.001000,0.001000
1017.115385,0.039773,0.001000,0.001000,0.001000,0.001000,0.001000
1017.134615,0.039045,0.001000,0.001000,0.001000,0.001000,0.001000
1017.153846,0.038294,0.001000,0.001000,0.001000,0.001000,0.001000
1017.173077,0.037523,0.001000,0.001000,0.001000,0.001000,0.001000
1017.192308,0.036730,0.001000,0.001000,0.001000,0.001000,0.001000
1017.211538,0.035916,0.001000,0.001000,0.001000,0.001000,0.001000
1017.230769,0.035083,0.001000,0.001000,0.001000,0.001000,0.001000
1017.250000,0.034230,0.001000,0.001000,0.001000,0.001000,0.001000
1017.269231,0.033357,0.001000,0.001000,0.001000,0.001000,0.001000
1017.288462,0.032466,0.001000,0.001000,0.001000,0.001000,0.001000
1017.307692,0.031557,0.001000,0.001000,0.001000,0.001000,0.001000
1017.326923,0.030630,0.001000,0.001000,0.001000,0.001000,0.001000
1017.346154,0.029686,0.001000,0.001000,0.001000,0.001000,0.001000
1017.365385,0.028725,0.001000,0.001000,0.001000,0.001000,0.001000
1017.384615,0.027748,0.001000,0.001000,0.001000,0.001000,0.001000
1017.403846,0.026755,0.001000,0.001000,0.001000,0.001000,0.001000
1017.423077,0.025748,0.001000,0.001000,0.001000,0.001000,0.001000
1017.442308,0.024726,0.001000,0.001000,0.001000,0.001000,0.001000
1017.461538,0.023690,0.001000,0.001000,0.001000,0.001000,0.001000
1017.480769,0.022641,0.001000,0.001000,0.001000,0.001000,0.001000
1017.500000,0.021580,0.001000,0.001000,0.001000,0.001000,0.001000
1017.519231,0.020506,0.001000,0.001000,0.001000,0.001000,0.001000
1017.538462,0.019421,0.001000,0.001000,0.001000,0.001000,0.001000
1017.557692,0.018324,0.001000,0.001000,0.001000,0.001000,0.001000
1017.576923,0.017218,0.001000,0.001000,0.001000,0.001000,0.001000
1017.596154,0.016102,0.001000,0.001000,0.001000,0.001000,0.001000
1017.615385,0.014977,0.001000,0.001000,0.001000,0.001000,0.001000
1017.634615,0.013843,0.001000,0.001000,0.001000,0.001000,0.001000
1017.653846,0.012702,0.001000,0.001000,0.001000,0.001000,0.001000
1017.673077,0.011554,0.001000,0.001000,0.001000,0.001000,0.001000
1017.692308,0.010399,0.001000,0.001000,0.001000,0.001000,0.001000
1017.711538,0.009238,0.001000,0.001000,0.001000,0.001000,0.001000
1017.730769,0.008072,0.001000,0.001000,0.001000,0.001000,0.001000
1017.750000,0.006902,0.001000,0.001000,0.001000,0.001000,0.001000
1017.769231,0.005727,0.001000,0.001000,0.001000,0.001000,0.001000
1017.788462,0.004550,0.001000,0.001000,0.001000,0.001000,0.001000
1017.807692,0.003370,0.001000,0.001000,0.001000,0.001000,0.001000
1017.826923,0.002188,0.001000,0.001000,0.001000,0.001000,0.001000
1017.846154,0.001005,0.001000,0.001000,0.001000,0.001000,0.001000
1017.865385,-0.000179,0.001000,0.001000,0.001000,0.001000,0.001000
1017.884615,-0.001363,0.001000,0.001000,0.001000,0.001000,0.001000
1017.903846,-0.002545,0.001000,0.001000,0.001000,0.001000,0.001000
1017.923077,-0.003727,0.001000,0.001000,0.001000,0.001000,0.001000
1017.942308,-0.004906,0.001000,0.001000,0.001000,0.001000,0.001000
1017.961538,-0.006083,0.001000,0.001000,0.001000,0.001000,0.001000
1017.980769,-0.007256,0.001000,0.001000,0.001000,0.001000,0.001000
1018.000000,-0.008425,0.001000,0.001000,0.001000,0.001000,0.001000
1018.019231,-0.009589,0.001000,0.001000,0.001000,0.001000,0.001000
1018.038462,-0.010748,0.001000,0.001000,0.001000,0.001000,0.001000
1018.057692,-0.011901,0.001000,0.001000,0.001000,0.001000,0.001000
1018.076923,-0.013048,0.001000,0.001000,0.001000,0.001000,0.001000
1018.096154,-0.014187,0.001000,0.001000,0.001000,0.001000,0.001000
1018.115385,-0.015318,0.001000,0.001000,0.001000,0.001000,0.001000
1018.134615,-0.016440,0.001000,0.001000,0.001000,0.001000,0.001000
1018.153846,-0.017554,0.001000,0.001000,0.001000,0.001000,0.001000
1018.173077,-0.018657,0.001000,0.001000,0.001000,0.001000,0.001000
1018.192308,-0.019750,0.001000,0.001000,0.001000,0.001000,0.001000
1018.211538,-0.020832,0.001000,0.001000,0.001000,0.001000,0.001000
1018.230769,-0.021902,0.001000,0.001000,0.001000,0.001000,0.001000
1018.250000,-0.022960,0.001000,0.001000,0.001000,0.001000,0.001000
1018.269231,-0.024005,0.001000,0.001000,0.001000,0.001000,0.001000
1018.288462,-0.025037,0.001000,0.001000,0.001000,0.001000,0.001000
1018.307692,-0.026054,0.001000,0.001000,0.001000,0.001000,0.001000
1018.326923,-0.027057,0.001000,0.001000,0.001000,0.001000,0.001000
1018.346154,-0.028045,0.001000,0.001000,0.001000,0.001000,0.001000
1018.365385,-0.029017,0.001000,0.001000,0.001000,0.001000,0.001000
1018.384615,-0.029973,0.001000,0.001000,0.001000,0.001000,0.001000
1018.403846,-0.030912,0.001000,0.001000,0.001000,0.001000,0.001000
1018.423077,-0.031834,0.001000,0.001000,0.001000,0.001000,0.001000
1018.442308,-0.032737,0.001000,0.001000,0.001000,0.001000,0.001000
1018.461538,-0.033623,0.001000,0.001000,0.001000,0.001000,0.001000
1018.480769,-0.034490,0.001000,0.001000,0.001000,0.001000,0.001000
1018.500000,-0.035337,0.001000,0.001000,0.001000,0.001000,0.001000
1018.519231,-0.036164,0.001000,0.001000,0.001000,0.001000,0.001000
1018.538462,-0.036972,0.001000,0.001000,0.001000,0.001000,0.001000
1018.557692,-0.037758,0.001000,0.001000,0.001000,0.001000,0.001000
1018.576923,-0.038524,0.001000,0.001000,0.001000,0.001000,0.001000
1018.596154,-0.039267,0.001000,0.001000,0.001000,0.001000,0.001000
1018.615385,-0.039989,0.001000,0.001000,0.001000,0.001000,0.001000
1018.634615,-0.040688,0.001000,0.001000,0.001000,0.001000,0.001000
1018.653846,-0.041365,0.001000,0.001000,0.001000,0.001000,0.001000
1018.673077,-0.042018,0.001000,0.001000,0.001000,0.001000,0.001000
1018.692308,-0.042648,0.001000,0.001000,0.001000,0.001000,0.001000
1018.711538,-0.043254,0.001000,0.001000,0.001000,0.001000,0.001000
1018.730769,-0.043836,0.001000,0.001000,0.001000,0.001000,0.001000
1018.750000,-0.044393,0.001000,0.001000,0.001000,0.001000,0.001000
1018.769231,-0.044925,0.001000,0.001000,0.001000,0.001000,0.001000
1018.788462,-0.045432,0.001000,0.001000,0.001000,0.001000,0.001000
1018.807692,-0.045913,0.001000,0.001000,0.001000,0.001000,0.001000
1018.826923,-0.046369,0.001000,0.001000,0.001000,0.001000,0.001000
1018.846154,-0.046799,0.001000,0.001000,0.001000,0.001000,0.001000
1018.865385,-0.047203,0.001000,0.001000,0.001000,0.001000,0.001000
1018.884615,-0.047580,0.001000,0.001000,0.001000,0.001000,0.001000
1018.903846,-0.047930,0.001000,0.001000,0.001000,0.001000,0.001000
1018.923077,-0.048254,0.001000,0.001000,0.001000,0.001000,0.001000
1018.942308,-0.048550,0.001000,0.001000,0.001000,0.001000,0.001000
1018.961538,-0.048820,0.001000,0.001000,0.001000,0.001000,0.001000
1018.980769,-0.049062,0.001000,0.001000,0.001000,0.001000,0.001000
1019.000000,-0.049276,0.001000,0.001000,0.001000,0.001000,0.001000
1019.019231,-0.049463,0.001000,0.001000,0.001000,0.001000,0.001000
1019.038462,-0.049622,0.001000,0.001000,0.001000,0.001000,0.001000
1019.057692,-0.049754,0.001000,0.001000,0.001000,0.001000,0.001000
1019.076923,-0.049857,0.001000,0.001000,0.001000,0.001000,0.001000
1019.096154,-0.049932,0.001000,0.001000,0.001000,0.001000,0.001000
1019.115385,-0.049980,0.001000,0.001000,0.001000,0.001000,0.001000
1019.134615,-0.049999,0.001000,0.001000,0.001000,0.001000,0.001000
1019.153846,-0.049991,0.001000,0.001000,0.001000,0.001000,0.001000
1019.173077,-0.049954,0.001000,0.001000,0.001000,0.001000,0.001000
1019.192308,-0.049890,0.001000,0.001000,0.001000,0.001000,0.001000
1019.211538,-0.049797,0.001000,0.001000,0.001000,0.001000,0.001000
1019.230769,-0.049677,0.001000,0.001000,0.001000,0.001000,0.001000
1019.250000,-0.049529,0.001000,0.001000,0.001000,0.001000,0.001000
1019.269231,-0.049352,0.001000,0.001000,0.001000,0.001000,0.001000
1019.288462,-0.049149,0.001000,0.001000,0.001000,0.001000,0.001000
1019.307692,-0.048918,0.001000,0.001000,0.001000,0.001000,0.001000
1019.326923,-0.048659,0.001000,0.001000,0.001000,0.001000,0.001000
1019.346154,-0.048373,0.001000,0.001000,0.001000,0.001000,0.001000
1019.365385,-0.048060,0.001000,0.001000,0.001000,0.001000,0.001000
1019.384615,-0.047720,0.001000,0.001000,0.001000,0.001000,0.001000
1019.403846,-0.047353,0.001000,0.001000,0.001000,0.001000,0.001000
1019.423077,-0.046960,0.001000,0.001000,0.001000,0.001000,0.001000
1019.442308,-0.046540,0.001000,0.001000,0.001000,0.001000,0.001000
1019.461538,-0.046094,0.001000,0.001000,0.001000,0.001000,0.001000
1019.480769,-0.045623,0.001000,0.001000,0.001000,0.001000,0.001000
1019.500000,-0.045126,0.001000,0.001000,0.001000,0.001000,0.001000
1019.519231,-0.044603,0.001000,0.001000,0.001000,0.001000,0.001000
1019.538462,-0.044056,0.001000,0.001000,0.001000,0.001000,0.001000
1019.557692,-0.043484,0.001000,0.001000,0.001000,0.001000,0.001000
1019.576923,-0.042887,0.001000,0.001000,0.001000,0.001000,0.001000
1019.596154,-0.042267,0.001000,0.001000,0.001000,0.001000,0.001000
1019.615385,-0.041623,0.001000,0.001000,0.001000,0.001000,0.001000
1019.634615,-0.040955,0.001000,0.001000,0.001000,0.001000,0.001000
1019.653846,-0.040265,0.001000,0.001000,0.001000,0.001000,0.001000
1019.673077,-0.039552,0.001000,0.001000,0.001000,0.001000,0.001000
1019.692308,-0.038816,0.001000,0.001000,0.001000,0.001000,0.001000
1019.711538,-0.038059,0.001000,0.001000,0.001000,0.001000,0.001000
1019.730769,-0.037281,0.001000,0.001000,0.001000,0.001000,0.001000
1019.750000,-0.036482,0.001000,0.001000,0.001000,0.001000,0.001000
1019.769231,-0.035662,0.001000,0.001000,0.001000,0.001000,0.001000
1019.788462,-0.034823,0.001000,0.001000,0.001000,0.001000,0.001000
1019.807692,-0.033964,0.001000,0.001000,0.001000,0.001000,0.001000
1019.826923,-0.033085,0.001000,0.001000,0.001000,0.001000,0.001000
1019.846154,-0.032189,0.001000,0.001000,0.001000,0.001000,0.001000
1019.865385,-0.031274,0.001000,0.001000,0.001000,0.001000,0.001000
1019.884615,-0.030341,0.001000,0.001000,0.001000,0.001000,0.001000
1019.903846,-0.029392,0.001000,0.001000,0.001000,0.001000,0.001000
1019.923077,-0.028426,0.001000,0.001000,0.001000,0.001000,0.001000
1019.942308,-0.027445,0.001000,0.001000,0.001000,0.001000,0.001000
1019.961538,-0.026447,0.001000,0.001000,0.001000,0.001000,0.001000
1019.980769,-0.025436,0.001000,0.001000,0.001000,0.001000,0.001000
1020.000000,-0.024409,0.001000,0.001000,0.001000,0.001000,0.001000
1020.019231,-0.023369,0.001000,0.001000,0.001000,0.001000,0.001000
1020.038462,-0.022316,0.001000,0.001000,0.001000,0.001000,0.001000
1020.057692,-0.021251,0.001000,0.001000,0.001000,0.001000,0.001000
1020.076923,-0.020174,0.001000,0.001000,0.001000,0.001000,0.001000
1020.096154,-0.019085,0.001000,0.001000,0.001000,0.001000,0.001000
1020.115385,-0.017985,0.001000,0.001000,0.001000,0.001000,0.001000
1020.134615,-0.016876,0.001000,0.001000,0.001000,0.001000,0.001000
1020.153846,-0.015757,0.001000,0.001000,0.001000,0.001000,0.001000
1020.173077,-0.014629,0.001000,0.001000,0.001000,0.001000,0.001000
1020.192308,-0.013493,0.001000,0.001000,0.001000,0.001000,0.001000
1020.211538,-0.012350,0.001000,0.001000,0.001000,0.001000,0.001000
1020.230769,-0.011199,0.001000,0.001000,0.001000,0.001000,0.001000
1020.250000,-0.010043,0.001000,0.001000,0.001000,0.001000,0.001000
1020.269231,-0.008880,0.001000,0.001000,0.001000,0.001000,0.001000
1020.288462,-0.007713,0.001000,0.001000,0.001000,0.001000,0.001000
1020.307692,-0.006541,0.001000,0.001000,0.001000,0.001000,0.001000
1020.326923,-0.005366,0.001000,0.001000,0.001000,0.001000,0.001000
1020.346154,-0.004187,0.001000,0.001000,0.001000,0.001000,0.001000
1020.365385,-0.003007,0.001000,0.001000,0.001000,0.001000,0.001000
1020.384615,-0.001824,0.001000,0.001000,0.001000,0.001000,0.001000
1020.403846,-0.000641,0.001000,0.001000,0.001000,0.001000,0.001000
1020.423077,0.000543,0.001000,0.001000,0.001000,0.001000,0.001000
1020.442308,0.001726,0.001000,0.001000,0.001000,0.001000,0.001000
1020.461538,0.002909,0.001000,0.001000,0.001000,0.001000,0.001000
1020.480769,0.004090,0.001000,0.001000,0.001000,0.001000,0.001000
1020.500000,0.005268,0.001000,0.001000,0.001000,0.001000,0.001000
1020.519231,0.006444,0.001000,0.001000,0.001000,0.001000,0.001000
1020.538462,0.007616,0.001000,0.001000,0.001000,0.001000,0.001000
1020.557692,0.008783,0.001000,0.001000,0.001000,0.001000,0.001000
1020.576923,0.009946,0.001000,0.001000,0.001000,0.001000,0.001000
1020.596154,0.011103,0.001000,0.001000,0.001000,0.001000,0.001000
1020.615385,0.012254,0.001000,0.001000,0.001000,0.001000,0.001000
1020.634615,0.013399,0.001000,0.001000,0.001000,0.001000,0.001000
1020.653846,0.014535,0.001000,0.001000,0.001000,0.001000,0.001000
1020.673077,0.015664,0.001000,0.001000,0.001000,0.001000,0.001000
1020.692308,0.016783,0.001000,0.001000,0.001000,0.001000,0.001000
1020.711538,0.017894,0.001000,0.001000,0.001000,0.001000,0.001000
1020.730769,0.018994,0.001000,0.001000,0.001000,0.001000,0.001000
1020.750000,0.020084,0.001000,0.001000,0.001000,0.001000,0.001000
1020.769231,0.021162,0.001000,0.001000,0.001000,0.001000,0.001000
1020.788462,0.022228,0.001000,0.001000,0.001000,0.001000,0.001000
1020.807692,0.023283,0.001000,0.001000,0.001000,0.001000,0.001000
1020.826923,0.024323,0.001000,0.001000,0.001000,0.001000,0.001000
1020.846154,0.025351,0.001000,0.001000,0.001000,0.001000,0.001000
1020.865385,0.026364,0.001000,0.001000,0.001000,0.001000,0.001000
1020.884615,0.027362,0.001000,0.001000,0.001000,0.001000,0.001000
1020.903846,0.028345,0.001000,0.001000,0.001000,0.001000,0.001000
1020.923077,0.029313,0.001000,0.001000,0.001000,0.001000,0.001000
1020.942308,0.030263,0.001000,0.001000,0.001000,0.001000,0.001000
1020.961538,0.031197,0.001000,0.001000,0.001000,0.001000,0.001000
1020.980769,0.032113,0.001000,0.001000,0.001000,0.001000,0.001000
1021.000000,0.033012,0.001000,0.001000,0.001000,0.001000,0.001000
1021.019231,0.033891,0.001000,0.001000,0.001000,0.001000,0.001000
1021.038462,0.034752,0.001000,0.001000,0.001000,0.001000,0.001000
1021.057692,0.035593,0.001000,0.001000,0.001000,0.001000,0.001000
1021.076923,0.036415,0.001000,0.001000,0.001000,0.001000,0.001000
1021.096154,0.037216,0.001000,0.001000,0.001000,0.001000,0.001000
1021.115385,0.037996,0.001000,0.001000,0.001000,0.001000,0.001000
1021.134615,0.038754,0.001000,0.001000,0.001000,0.001000,0.001000
1021.153846,0.039491,0.001000,0.001000,0.001000,0.001000,0.001000
1021.173077,0.040206,0.001000,0.001000,0.001000,0.001000,0.001000
1021.192308,0.040899,0.001000,0.001000,0.001000,0.001000,0.001000
1021.211538,0.041568,0.001000,0.001000,0.001000,0.001000,0.001000
1021.230769,0.042214,0.001000,0.001000,0.001000,0.001000,0.001000
1021.250000,0.042837,0.001000,0.001000,0.001000,0.001000,0.001000
1021.269231,0.043435,0.001000,0.001000,0.001000,0.001000,0.001000
1021.288462,0.044009,0.001000,0.001000,0.001000,0.001000,0.001000
1021.307692,0.044559,0.001000,0.001000,0.001000,0.001000,0.001000
1021.326923,0.045083,0.001000,0.001000,0.001000,0.001000,0.001000
1021.346154,0.045583,0.001000,0.001000,0.001000,0.001000,0.001000
1021.365385,0.046056,0.001000,0.001000,0.001000,0.001000,0.001000
1021.384615,0.046504,0.001000,0.001000,0.001000,0.001000,0.001000
1021.403846,0.046926,0.001000,0.001000,0.001000,0.001000,0.001000
1021.423077,0.047321,0.001000,0.001000,0.001000,0.001000,0.001000
1021.442308,0.047690,0.001000,0.001000,0.001000,0.001000,0.001000
1021.461538,0.048033,0.001000,0.001000,0.001000,0.001000,0.001000
1021.480769,0.048348,0.001000,0.001000,0.001000,0.001000,0.001000
1021.500000,0.048636,0.001000,0.001000,0.001000,0.001000,0.001000
1021.519231,0.048897,0.001000,0.001000,0.001000,0.001000,0.001000
1021.538462,0.049131,0.001000,0.001000,0.001000,0.001000,0.001000
1021.557692,0.049337,0.001000,0.001000,0.001000,0.001000,0.001000
1021.576923,0.049515,0.001000,0.001000,0.001000,0.001000,0.001000
1021.596154,0.049666,0.001000,0.001000,0.001000,0.001000,0.001000
1021.615385,0.049788,0.001000,0.001000,0.001000,0.001000,0.001000
1021.634615,0.049883,0.001000,0.001000,0.001000,0.001000,0.001000
1021.653846,0.049950,0.001000,0.001000,0.001000,0.001000,0.001000
1021.673077,0.049989,0.001000,0.001000,0.001000,0.001000,0.001000
1021.692308,0.050000,0.001000,0.001000,0.001000,0.001000,0.001000
1021.711538,0.049983,0.001000,0.001000,0.001000,0.001000,0.001000
1021.730769,0.049937,0.001000,0.001000,0.001000,0.001000,0.001000
1021.750000,0.049864,0.001000,0.001000,0.001000,0.001000,0.001000
1021.769231,0.049763,0.001000,0.001000,0.001000,0.001000,0.001000
1021.788462,0.049634,0.001000,0.001000,0.001000,0.001000,0.001000
1021.807692,0.049477,0.001000,0.001000,0.001000,0.001000,0.001000
1021.826923,0.049293,0.001000,0.001000,0.001000,0.001000,0.001000
1021.846154,0.049081,0.001000,0.001000,0.001000,0.001000,0.001000
1021.865385,0.048841,0.001000,0.001000,0.001000,0.001000,0.001000
1021.884615,0.048574,0.001000,0.001000,0.001000,0.001000,0.001000
1021.903846,0.048280,0.001000,0.001000,0.001000,0.001000,0.001000
1021.923077,0.047958,0.001000,0.001000,0.001000,0.001000,0.001000
1021.942308,0.047610,0.001000,0.001000,0.001000,0.001000,0.001000
1021.961538,0.047235,0.001000,0.001000,0.001000,0.001000,0.001000
1021.980769,0.046834,0.001000,0.001000,0.001000,0.001000,0.001000
1022.000000,0.046406,0.001000,0.001000,0.001000,0.001000,0.001000
1022.019231,0.045952,0.001000,0.001000,0.001000,0.001000,0.001000
1022.038462,0.045473,0.001000,0.001000,0.001000,0.001000,0.001000
1022.057692,0.044968,0.001000,0.001000,0.001000,0.001000,0.001000
1022.076923,0.044438,0.001000,0.001000,0.001000,0.001000,0.001000
1022.096154,0.043883,0.001000,0.001000,0.001000,0.001000,0.001000
1022.115385,0.043303,0.001000,0.001000,0.001000,0.001000,0.001000
1022.134615,0.042699,0.001000,0.001000,0.001000,0.001000,0.001000
1022.153846,0.042072,0.001000,0.001000,0.001000,0.001000,0.001000
1022.173077,0.041420,0.001000,0.001000,0.001000,0.001000,0.001000
1022.192308,0.040745,0.001000,0.001000,0.001000,0.001000,0.001000
1022.211538,0.040048,0.001000,0.001000,0.001000,0.001000,0.001000
1022.230769,0.039328,0.001000,0.001000,0.001000,0.001000,0.001000
1022.250000,0.038586,0.001000,0.001000,0.001000,0.001000,0.001000
1022.269231,0.037823,0.001000,0.001000,0.001000,0.001000,0.001000
1022.288462,0.037038,0.001000,0.001000,0.001000,0.001000,0.001000
1022.307692,0.036232,0.001000,0.001000,0.001000,0.001000,0.001000
1022.326923,0.035406,0.001000,0.001000,0.001000,0.001000,0.001000
1022.346154,0.034561,0.001000,0.001000,0.001000,0.001000,0.001000
1022.365385,0.033696,0.001000,0.001000,0.001000,0.001000,0.001000
1022.384615,0.032812,0.001000,0.001000,0.001000,0.001000,0.001000
1022.403846,0.031909,0.001000,0.001000,0.001000,0.001000,0.001000
1022.423077,0.030989,0.001000,0.001000,0.001000,0.001000,0.001000
1022.442308,0.030051,0.001000,0.001000,0.001000,0.001000,0.001000
1022.461538,0.029097,0.001000,0.001000,0.001000,0.001000,0.001000
1022.480769,0.028126,0.001000,0.001000,0.001000,0.001000,0.001000
1022.500000,0.027140,0.001000,0.001000,0.001000,0.001000,0.001000
1022.519231,0.026138,0.001000,0.001000,0.001000,0.001000,0.001000
1022.538462,0.025122,0.001000,0.001000,0.001000,0.001000,0.001000
1022.557692,0.024091,0.001000,0.001000,0.001000,0.001000,0.001000
1022.576923,0.023047,0.001000,0.001000,0.001000,0.001000,0.001000
1022.596154,0.021990,0.001000,0.001000,0.001000,0.001000,0.001000
1022.615385,0.020921,0.001000,0.001000,0.001000,0.001000,0.001000
1022.634615,0.019840,0.001000,0.001000,0.001000,0.001000,0.001000
1022.653846,0.018748,0.001000,0.001000,0.001000,0.001000,0.001000
1022.673077,0.017646,0.001000,0.001000,0.001000,0.001000,0.001000
1022.692308,0.016533,0.001000,0.001000,0.001000,0.001000,0.001000
1022.711538,0.015411,0.001000,0.001000,0.001000,0.001000,0.001000
1022.730769,0.014281,0.001000,0.001000,0.001000,0.001000,0.001000
1022.750000,0.013143,0.001000,0.001000,0.001000,0.001000,0.001000
1022.769231,0.011997,0.001000,0.001000,0.001000,0.001000,0.001000
1022.788462,0.010844,0.001000,0.001000,0.001000,0.001000,0.001000
1022.807692,0.009686,0.001000,0.001000,0.001000,0.001000,0.001000
1022.826923,0.008522,0.001000,0.001000,0.001000,0.001000,0.001000
1022.846154,0.007353,0.001000,0.001000,0.001000,0.001000,0.001000
1022.865385,0.006180,0.001000,0.001000,0.001000,0.001000,0.001000
1022.884615,0.005004,0.001000,0.001000,0.001000,0.001000,0.001000
1022.903846,0.003825,0.001000,0.001000,0.001000,0.001000,0.001000
1022.923077,0.002644,0.001000,0.001000,0.001000,0.001000,0.001000
1022.942308,0.001461,0.001000,0.001000,0.001000,0.001000,0.001000
1022.961538,0.000277,0.001000,0.001000,0.001000,0.001000,0.001000
1022.980769,-0.000906,0.001000,0.001000,0.001000,0.001000,0.001000
1023.000000,-0.002090,0.001000,0.001000,0.001000,0.001000,0.001000
1023.019231,-0.003272,0.001000,0.001000,0.001000,0.001000,0.001000
1023.038462,-0.004452,0.001000,0.001000,0.001000,0.001000,0.001000
1023.057692,-0.005630,0.001000,0.001000,0.001000,0.001000,0.001000
1023.076923,-0.006804,0.001000,0.001000,0.001000,0.001000,0.001000
1023.096154,-0.007975,0.001000,0.001000,0.001000,0.001000,0.001000
1023.115385,-0.009141,0.001000,0.001000,0.001000,0.001000,0.001000
1023.134615,-0.010302,0.001000,0.001000,0.001000,0.001000,0.001000
1023.153846,-0.011458,0.001000,0.001000,0.001000,0.001000,0.001000
1023.173077,-0.012607,0.001000,0.001000,0.001000,0.001000,0.001000
1023.192308,-0.013749,0.001000,0.001000,0.001000,0.001000,0.001000
1023.211538,-0.014883,0.001000,0.001000,0.001000,0.001000,0.001000
1023.230769,-0.016009,0.001000,0.001000,0.001000,0.001000,0.001000
1023.250000,-0.017126,0.001000,0.001000,0.001000,0.001000,0.001000
1023.269231,-0.018233,0.001000,0.001000,0.001000,0.001000,0.001000
1023.288462,-0.019330,0.001000,0.001000,0.001000,0.001000,0.001000
1023.307692,-0.020416,0.001000,0.001000,0.001000,0.001000,0.001000
1023.326923,-0.021491,0.001000,0.001000,0.001000,0.001000,0.001000
1023.346154,-0.022554,0.001000,0.001000,0.001000,0.001000,0.001000
1023.365385,-0.023604,0.001000,0.001000,0.001000,0.001000,0.001000
1023.384615,-0.024641,0.001000,0.001000,0.001000,0.001000,0.001000
1023.403846,-0.025664,0.001000,0.001000,0.001000,0.001000,0.001000
1023.423077,-0.026672,0.001000,0.001000,0.001000,0.001000,0.001000
1023.442308,-0.027666,0.001000,0.001000,0.001000,0.001000,0.001000
1023.461538,-0.028644,0.001000,0.001000,0.001000,0.001000,0.001000
1023.480769,-0.029606,0.001000,0.001000,0.001000,0.001000,0.001000
1023.500000,-0.030552,0.001000,0.001000,0.001000,0.001000,0.001000
1023.519231,-0.031480,0.001000,0.001000,0.001000,0.001000,0.001000
1023.538462,-0.032391,0.001000,0.001000,0.001000,0.001000,0.001000
1023.557692,-0.033284,0.001000,0.001000,0.001000,0.001000,0.001000
1023.576923,-0.034158,0.001000,0.001000,0.001000,0.001000,0.001000
1023.596154,-0.035013,0.001000,0.001000,0.001000,0.001000,0.001000
1023.615385,-0.035848,0.001000,0.001000,0.001000,0.001000,0.001000
1023.634615,-0.036663,0.001000,0.001000,0.001000,0.001000,0.001000
1023.653846,-0.037458,0.001000,0.001000,0.001000,0.001000,0.001000
1023.673077,-0.038231,0.001000,0.001000,0.001000,0.001000,0.001000
1023.692308,-0.038983,0.001000,0.001000,0.001000,0.001000,0.001000
1023.711538,-0.039714,0.001000,0.001000,0.001000,0.001000,0.001000
1023.730769,-0.040422,0.001000,0.001000,0.001000,0.001000,0.001000
1023.750000,-0.041107,0.001000,0.001000,0.001000,0.001000,0.001000
1023.769231,-0.041769,0.001000,0.001000,0.001000,0.001000,0.001000
1023.788462,-0.042408,0.001000,0.001000,0.001000,0.001000,0.001000
1023.807692,-0.043023,0.001000,0.001000,0.001000,0.001000,0.001000
1023.826923,-0.043614,0.001000,0.001000,0.001000,0.001000,0.001000
1023.846154,-0.044181,0.001000,0.001000,0.001000,0.001000,0.001000
1023.865385,-0.044723,0.001000,0.001000,0.001000,0.001000,0.001000
1023.884615,-0.045240,0.001000,0.001000,0.001000,0.001000,0.001000
1023.903846,-0.045731,0.001000,0.001000,0.001000,0.001000,0.001000
1023.923077,-0.046197,0.001000,0.001000,0.001000,0.001000,0.001000
1023.942308,-0.046637,0.001000,0.001000,0.001000,0.001000,0.001000
1023.961538,-0.047050,0.001000,0.001000,0.001000,0.001000,0.001000
1023.980769,-0.047438,0.001000,0.001000,0.001000,0.001000,0.001000
1024.000000,-0.047798,0.001000,0.001000,0.001000,0.001000,0.001000
1024.019231,-0.048132,0.001000,0.001000,0.001000,0.001000,0.001000
1024.038462,-0.048439,0.001000,0.001000,0.001000,0.001000,0.001000
1024.057692,-0.048719,0.001000,0.001000,0.001000,0.001000,0.001000
1024.076923,-0.048972,0.001000,0.001000,0.001000,0.001000,0.001000
1024.096154,-0.049197,0.001000,0.001000,0.001000,0.001000,0.001000
1024.115385,-0.049394,0.001000,0.001000,0.001000,0.001000,0.001000
1024.134615,-0.049564,0.001000,0.001000,0.001000,0.001000,0.001000
1024.153846,-0.049706,0.001000,0.001000,0.001000,0.001000,0.001000
1024.173077,-0.049820,0.001000,0.001000,0.001000,0.001000,0.001000
1024.192308,-0.049907,0.001000,0.001000,0.001000,0.001000,0.001000
1024.211538,-0.049965,0.001000,0.001000,0.001000,0.001000,0.001000
1024.230769,-0.049995,0.001000,0.001000,0.001000,0.001000,0.001000
1024.250000,-0.049998,0.001000,0.001000,0.001000,0.001000,0.001000
1024.269231,-0.049972,0.001000,0.001000,0.001000,0.001000,0.001000
1024.288462,-0.049918,0.001000,0.001000,0.001000,0.001000,0.001000
1024.307692,-0.049836,0.001000,0.001000,0.001000,0.001000,0.001000
1024.326923,-0.049727,0.001000,0.001000,0.001000,0.001000,0.001000
1024.346154,-0.049589,0.001000,0.001000,0.001000,0.001000,0.001000
1024.365385,-0.049424,0.001000,0.001000,0.001000,0.001000,0.001000
1024.384615,-0.049231,0.001000,0.001000,0.001000,0.001000,0.001000
1024.403846,-0.049010,0.001000,0.001000,0.001000,0.001000,0.001000
1024.423077,-0.048762,0.001000,0.001000,0.001000,0.001000,0.001000
1024.442308,-0.048486,0.001000,0.001000,0.001000,0.001000,0.001000
1024.461538,-0.048184,0.001000,0.001000,0.001000,0.001000,0.001000
1024.480769,-0.047854,0.001000,0.001000,0.001000,0.001000,0.001000
1024.500000,-0.047498,0.001000,0.001000,0.001000,0.001000,0.001000
1024.519231,-0.047115,0.001000,0.001000,0.001000,0.001000,0.001000
1024.538462,-0.046705,0.001000,0.001000,0.001000,0.001000,0.001000
1024.557692,-0.046269,0.001000,0.001000,0.001000,0.001000,0.001000
1024.576923,-0.045808,0.001000,0.001000,0.001000,0.001000,0.001000
1024.596154,-0.045320,0.001000,0.001000,0.001000,0.001000,0.001000
1024.615385,-0.044808,0.001000,0.001000,0.001000,0.001000,0.001000
1024.634615,-0.044270,0.001000,0.001000,0.001000,0.001000,0.001000
1024.653846,-0.043707,0.001000,0.001000,0.001000,0.001000,0.001000
1024.673077,-0.043120,0.001000,0.001000,0.001000,0.001000,0.001000
1024.692308,-0.042509,0.001000,0.001000,0.001000,0.001000,0.001000
1024.711538,-0.041874,0.001000,0.001000,0.001000,0.001000,0.001000
1024.730769,-0.041215,0.001000,0.001000,0.001000,0.001000,0.001000
1024.750000,-0.040534,0.001000,0.001000,0.001000,0.001000,0.001000
1024.769231,-0.039829,0.001000,0.001000,0.001000,0.001000,0.001000
1024.788462,-0.039102,0.001000,0.001000,0.001000,0.001000,0.001000
1024.807692,-0.038354,0.001000,0.001000,0.001000,0.001000,0.001000
1024.826923,-0.037584,0.001000,0.001000,0.001000,0.001000,0.001000
1024.846154,-0.036792,0.001000,0.001000,0.001000,0.001000,0.001000
1024.865385,-0.035981,0.001000,0.001000,0.001000,0.001000,0.001000
1024.884615,-0.035149,0.001000,0.001000,0.001000,0.001000,0.001000
1024.903846,-0.034297,0.001000,0.001000,0.001000,0.001000,0.001000
1024.923077,-0.033426,0.001000,0.001000,0.001000,0.001000,0.001000
1024.942308,-0.032536,0.001000,0.001000,0.001000,0.001000,0.001000
1024.961538,-0.031628,0.001000,0.001000,0.001000,0.001000,0.001000
1024.980769,-0.030703,0.001000,0.001000,0.001000,0.001000,0.001000
1025.000000,-0.029760,0.001000,0.001000,0.001000,0.001000,0.001000
1025.019231,-0.028800,0.001000,0.001000,0.001000,0.001000,0.001000
1025.038462,-0.027825,0.001000,0.001000,0.001000,0.001000,0.001000
1025.057692,-0.026834,0.001000,0.001000,0.001000,0.001000,0.001000
1025.076923,-0.025827,0.001000,0.001000,0.001000,0.001000,0.001000
1025.096154,-0.024806,0.001000,0.001000,0.001000,0.001000,0.001000
1025.115385,-0.023772,0.001000,0.001000,0.001000,0.001000,0.001000
1025.134615,-0.022724,0.001000,0.001000,0.001000,0.001000,0.001000
1025.153846,-0.021663,0.001000,0.001000,0.001000,0.001000,0.001000
1025.173077,-0.020590,0.001000,0.001000,0.001000,0.001000,0.001000
1025.192308,-0.019506,0.001000,0.001000,0.001000,0.001000,0.001000
1025.211538,-0.018410,0.001000,0.001000,0.001000,0.001000,0.001000
1025.230769,-0.017305,0.001000,0.001000,0.001000,0.001000,0.001000
1025.250000,-0.016189,0.001000,0.001000,0.001000,0.001000,0.001000
1025.269231,-0.015065,0.001000,0.001000,0.001000,0.001000,0.001000
1025.288462,-0.013932,0.001000,0.001000,0.001000,0.001000,0.001000
1025.307692,-0.012791,0.001000,0.001000,0.001000,0.001000,0.001000
1025.326923,-0.011643,0.001000,0.001000,0.001000,0.001000,0.001000
1025.346154,-0.010489,0.001000,0.001000,0.001000,0.001000,0.001000
1025.365385,-0.009329,0.001000,0.001000,0.001000,0.001000,0.001000
1025.384615,-0.008163,0.001000,0.001000,0.001000,0.001000,0.001000
1025.403846,-0.006993,0.001000,0.001000,0.001000,0.001000,0.001000
1025.423077,-0.005819,0.001000,0.001000,0.001000,0.001000,0.001000
1025.442308,-0.004642,0.001000,0.001000,0.001000,0.001000,0.001000
1025.461538,-0.003462,0.001000,0.001000,0.001000,0.001000,0.001000
1025.480769,-0.002280,0.001000,0.001000,0.001000,0.001000,0.001000
1025.500000,-0.001097,0.001000,0.001000,0.001000,0.001000,0.001000
1025.519231,0.000087,0.001000,0.001000,0.001000,0.001000,0.001000
1025.538462,0.001270,0.001000,0.001000,0.001000,0.001000,0.001000
1025.557692,0.002453,0.001000,0.001000,0.001000,0.001000,0.001000
1025.576923,0.003635,0.001000,0.001000,0.001000,0.001000,0.001000
1025.596154,0.004814,0.001000,0.001000,0.001000,0.001000,0.001000
1025.615385,0.005991,0.001000,0.001000,0.001000,0.001000,0.001000
1025.634615,0.007165,0.001000,0.001000,0.001000,0.001000,0.001000
1025.653846,0.008334,0.001000,0.001000,0.001000,0.001000,0.001000
1025.673077,0.009499,0.001000,0.001000,0.001000,0.001000,0.001000
1025.692308,0.010658,0.001000,0.001000,0.001000,0.001000,0.001000
1025.711538,0.011812,0.001000,0.001000,0.001000,0.001000,0.001000
1025.730769,0.012959,0.001000,0.001000,0.001000,0.001000,0.001000
1025.750000,0.014098,0.001000,0.001000,0.001000,0.001000,0.001000
1025.769231,0.015230,0.001000,0.001000,0.001000,0.001000,0.001000
1025.788462,0.016353,0.001000,0.001000,0.001000,0.001000,0.001000
1025.807692,0.017467,0.001000,0.001000,0.001000,0.001000,0.001000
1025.826923,0.018571,0.001000,0.001000,0.001000,0.001000,0.001000
1025.846154,0.019665,0.001000,0.001000,0.001000,0.001000,0.001000
1025.865385,0.020748,0.001000,0.001000,0.001000,0.001000,0.001000
1025.884615,0.021819,0.001000,0.001000,0.001000,0.001000,0.001000
1025.903846,0.022878,0.001000,0.001000,0.001000,0.001000,0.001000
1025.923077,0.023924,0.001000,0.001000,0.001000,0.001000,0.001000
1025.942308,0.024957,0.001000,0.001000,0.001000,0.001000,0.001000
1025.961538,0.025975,0.001000,0.001000,0.001000,0.001000,0.001000
1025.980769,0.026979,0.001000,0.001000,0.001000,0.001000,0.001000
1026.000000,0.027968,0.001000,0.001000,0.001000,0.001000,0.001000
1026.019231,0.028942,0.001000,0.001000,0.001000,0.001000,0.001000
1026.038462,0.029899,0.001000,0.001000,0.001000,0.001000,0.001000
1026.057692,0.030839,0.001000,0.001000,0.001000,0.001000,0.001000
1026.076923,0.031762,0.001000,0.001000,0.001000,0.001000,0.001000
1026.096154,0.032668,0.001000,0.001000,0.001000,0.001000,0.001000
1026.115385,0.033554,0.001000,0.001000,0.001000,0.001000,0.001000
1026.134615,0.034423,0.001000,0.001000,0.001000,0.001000,0.001000
1026.153846,0.035271,0.001000,0.001000,0.001000,0.001000,0.001000
1026.173077,0.036101,0.001000,0.001000,0.001000,0.001000,0.001000
1026.192308,0.036909,0.001000,0.001000,0.001000,0.001000,0.001000
1026.211538,0.037698,0.001000,0.001000,0.001000,0.001000,0.001000
1026.230769,0.038465,0.001000,0.001000,0.001000,0.001000,0.001000
1026.250000,0.039210,0.001000,0.001000,0.001000,0.001000,0.001000
1026.269231,0.039934,0.001000,0.001000,0.001000,0.001000,0.001000
1026.288462,0.040635,0.001000,0.001000,0.001000,0.001000,0.001000
1026.307692,0.041313,0.001000,0.001000,0.001000,0.001000,0.001000
1026.326923,0.041968,0.001000,0.001000,0.001000,0.001000,0.001000
1026.346154,0.042600,0.001000,0.001000,0.001000,0.001000,0.001000
1026.365385,0.043208,0.001000,0.001000,0.001000,0.001000,0.001000
1026.384615,0.043791,0.001000,0.001000,0.001000,0.001000,0.001000
1026.403846,0.044350,0.001000,0.001000,0.001000,0.001000,0.001000
1026.423077,0.044884,0.001000,0.001000,0.001000,0.001000,0.001000
1026.442308,0.045393,0.001000,0.001000,0.001000,0.001000,0.001000
1026.461538,0.045877,0.001000,0.001000,0.001000,0.001000,0.001000
1026.480769,0.046335,0.001000,0.001000,0.001000,0.001000,0.001000
1026.500000,0.046767,0.001000,0.001000,0.001000,0.001000,0.001000
1026.519231,0.047172,0.001000,0.001000,0.001000,0.001000,0.001000
1026.538462,0.047551,0.001000,0.001000,0.001000,0.001000,0.001000
1026.557692,0.047904,0.001000,0.001000,0.001000,0.001000,0.001000
1026.576923,0.048230,0.001000,0.001000,0.001000,0.001000,0.001000
1026.596154,0.048528,0.001000,0.001000,0.001000,0.001000,0.001000
1026.615385,0.048800,0.001000,0.001000,0.001000,0.001000,0.001000
1026.634615,0.049044,0.001000,0.001000,0.001000,0.001000,0.001000
1026.653846,0.049261,0.001000,0.001000,0.001000,0.001000,0.001000
1026.673077,0.049450,0.001000,0.001000,0.001000,0.001000,0.001000
1026.692308,0.049611,0.001000,0.001000,0.001000,0.001000,0.001000
1026.711538,0.049744,0.001000,0.001000,0.001000,0.001000,0.001000
1026.730769,0.049850,0.001000,0.001000,0.001000,0.001000,0.001000
1026.750000,0.049928,0.001000,0.001000,0.001000,0.001000,0.001000
1026.769231,0.049977,0.001000,0.001000,0.001000,0.001000,0.001000
1026.788462,0.049999,0.001000,0.001000,0.001000,0.001000,0.001000
1026.807692,0.049993,0.001000,0.001000,0.001000,0.001000,0.001000
1026.826923,0.049958,0.001000,0.001000,0.001000,0.001000,0.001000
1026.846154,0.049896,0.001000,0.001000,0.001000,0.001000,0.001000
1026.865385,0.049805,0.001000,0.001000,0.001000,0.001000,0.001000
1026.884615,0.049687,0.001000,0.001000,0.001000,0.001000,0.001000
1026.903846,0.049541,0.001000,0.001000,0.001000,0.001000,0.001000
1026.923077,0.049367,0.001000,0.001000,0.001000,0.001000,0.001000
1026.942308,0.049166,0.001000,0.001000,0.001000,0.001000,0.001000
1026.961538,0.048937,0.001000,0.001000,0.001000,0.001000,0.001000
1026.980769,0.048680,0.001000,0.001000,0.001000,0.001000,0.001000
1027.000000,0.048396,0.001000,0.001000,0.001000,0.001000,0.001000
1027.019231,0.048085,0.001000,0.001000,0.001000,0.001000,0.001000
1027.038462,0.047747,0.001000,0.001000,0.001000,0.001000,0.001000
1027.057692,0.047383,0.001000,0.001000,0.001000,0.001000,0.001000
1027.076923,0.046991,0.001000,0.001000,0.001000,0.001000,0.001000
1027.096154,0.046574,0.001000,0.001000,0.001000,0.001000,0.001000
1027.115385,0.046130,0.001000,0.001000,0.001000,0.001000,0.001000
1027.134615,0.045661,0.001000,0.001000,0.001000,0.001000,0.001000
1027.153846,0.045166,0.001000,0.001000,0.001000,0.001000,0.001000
1027.173077,0.044645,0.001000,0.001000,0.001000,0.001000,0.001000
1027.192308,0.044100,0.001000,0.001000,0.001000,0.001000,0.001000
1027.211538,0.043529,0.001000,0.001000,0.001000,0.001000,0.001000
1027.230769,0.042935,0.001000,0.001000,0.001000,0.001000,0.001000
1027.250000,0.042316,0.001000,0.001000,0.001000,0.001000,0.001000
1027.269231,0.041674,0.001000,0.001000,0.001000,0.001000,0.001000
1027.288462,0.041008,0.001000,0.001000,0.001000,0.001000,0.001000
1027.307692,0.040319,0.001000,0.001000,0.001000,0.001000,0.001000
1027.326923,0.039608,0.001000,0.001000,0.001000,0.001000,0.001000
1027.346154,0.038875,0.001000,0.001000,0.001000,0.001000,0.001000
1027.365385,0.038119,0.001000,0.001000,0.001000,0.001000,0.001000
1027.384615,0.037343,0.001000,0.001000,0.001000,0.001000,0.001000
1027.403846,0.036545,0.001000,0.001000,0.001000,0.001000,0.001000
1027.423077,0.035727,0.001000,0.001000,0.001000,0.001000,0.001000
1027.442308,0.034889,0.001000,0.001000,0.001000,0.001000,0.001000
1027.461538,0.034031,0.001000,0.001000,0.001000,0.001000,0.001000
1027.480769,0.033155,0.001000,0.001000,0.001000,0.001000,0.001000
1027.500000,0.032259,0.001000,0.001000,0.001000,0.001000,0.001000
1027.519231,0.031346,0.001000,0.001000,0.001000,0.001000,0.001000
1027.538462,0.030415,0.001000,0.001000,0.001000,0.001000,0.001000
1027.557692,0.029467,0.001000,0.001000,0.001000,0.001000,0.001000
1027.576923,0.028502,0.001000,0.001000,0.001000,0.001000,0.001000
1027.596154,0.027522,0.001000,0.001000,0.001000,0.001000,0.001000
1027.615385,0.026526,0.001000,0.001000,0.001000,0.001000,0.001000
1027.634615,0.025515,0.001000,0.001000,0.001000,0.001000,0.001000
1027.653846,0.024490,0.001000,0.001000,0.001000,0.001000,0.001000
1027.673077,0.023451,0.001000,0.001000,0.001000,0.001000,0.001000
1027.692308,0.022399,0.001000,0.001000,0.001000,0.001000,0.001000
1027.711538,0.021335,0.001000,0.001000,0.001000,0.001000,0.001000
1027.730769,0.020258,0.001000,0.001000,0.001000,0.001000,0.001000
1027.750000,0.019170,0.001000,0.001000,0.001000,0.001000,0.001000
1027.769231,0.018072,0.001000,0.001000,0.001000,0.001000,0.001000
1027.788462,0.016963,0.001000,0.001000,0.001000,0.001000,0.001000
1027.807692,0.015845,0.001000,0.001000,0.001000,0.001000,0.001000
1027.826923,0.014718,0.001000,0.001000,0.001000,0.001000,0.001000
1027.846154,0.013582,0.001000,0.001000,0.001000,0.001000,0.001000
1027.865385,0.012439,0.001000,0.001000,0.001000,0.001000,0.001000
1027.884615,0.011289,0.001000,0.001000,0.001000,0.001000,0.001000
1027.903846,0.010133,0.001000,0.001000,0.001000,0.001000,0.001000
1027.923077,0.008971,0.001000,0.001000,0.001000,0.001000,0.001000
1027.942308,0.007804,0.001000,0.001000,0.001000,0.001000,0.001000
1027.961538,0.006633,0.001000,0.001000,0.001000,0.001000,0.001000
1027.980769,0.005458,0.001000,0.001000,0.001000,0.001000,0.001000
1028.000000,0.004280,0.001000,0.001000,0.001000,0.001000,0.001000
1028.019231,0.003099,0.001000,0.001000,0.001000,0.001000,0.001000
1028.038462,0.001917,0.001000,0.001000,0.001000,0.001000,0.001000
1028.057692,0.000733,0.001000,0.001000,0.001000,0.001000,0.001000
1028.076923,-0.000450,0.001000,0.001000,0.001000,0.001000,0.001000
1028.096154,-0.001634,0.001000,0.001000,0.001000,0.001000,0.001000
1028.115385,-0.002816,0.001000,0.001000,0.001000,0.001000,0.001000
1028.134615,-0.003997,0.001000,0.001000,0.001000,0.001000,0.001000
1028.153846,-0.005176,0.001000,0.001000,0.001000,0.001000,0.001000
1028.173077,-0.006352,0.001000,0.001000,0.001000,0.001000,0.001000
1028.192308,-0.007524,0.001000,0.001000,0.001000,0.001000,0.001000
1028.211538,-0.008692,0.001000,0.001000,0.001000,0.001000,0.001000
1028.230769,-0.009856,0.001000,0.001000,0.001000,0.001000,0.001000
1028.250000,-0.011013,0.001000,0.001000,0.001000,0.001000,0.001000
1028.269231,-0.012165,0.001000,0.001000,0.001000,0.001000,0.001000
1028.288462,-0.013310,0.001000,0.001000,0.001000,0.001000,0.001000
1028.307692,-0.014447,0.001000,0.001000,0.001000,0.001000,0.001000
1028.326923,-0.015576,0.001000,0.001000,0.001000,0.001000,0.001000
1028.346154,-0.016696,0.001000,0.001000,0.001000,0.001000,0.001000
1028.365385,-0.017807,0.001000,0.001000,0.001000,0.001000,0.001000
1028.384615,-0.018908,0.001000,0.001000,0.001000,0.001000,0.001000
1028.403846,-0.019999,0.001000,0.001000,0.001000,0.001000,0.001000
1028.423077,-0.021078,0.001000,0.001000,0.001000,0.001000,0.001000
1028.442308,-0.022146,0.001000,0.001000,0.001000,0.001000,0.001000
1028.461538,-0.023201,0.001000,0.001000,0.001000,0.001000,0.001000
1028.480769,-0.024243,0.001000,0.001000,0.001000,0.001000,0.001000
1028.500000,-0.025271,0.001000,0.001000,0.001000,0.001000,0.001000
1028.519231,-0.026285,0.001000,0.001000,0.001000,0.001000,0.001000
1028.538462,-0.027285,0.001000,0.001000,0.001000,0.001000,0.001000
1028.557692,-0.028269,0.001000,0.001000,0.001000,0.001000,0.001000
1028.576923,-0.029238,0.001000,0.001000,0.001000,0.001000,0.001000
1028.596154,-0.030190,0.001000,0.001000,0.001000,0.001000,0.001000
1028.615385,-0.031125,0.001000,0.001000,0.001000,0.001000,0.001000
1028.634615,-0.032042,0.001000,0.001000,0.001000,0.001000,0.001000
1028.653846,-0.032942,0.001000,0.001000,0.001000,0.001000,0.001000
1028.673077,-0.033823,0.001000,0.001000,0.001000,0.001000,0.001000
1028.692308,-0.034686,0.001000,0.001000,0.001000,0.001000,0.001000
1028.711538,-0.035528,0.001000,0.001000,0.001000,0.001000,0.001000
1028.730769,-0.036351,0.001000,0.001000,0.001000,0.001000,0.001000
1028.750000,-0.037154,0.001000,0.001000,0.001000,0.001000,0.001000
1028.769231,-0.037936,0.001000,0.001000,0.001000,0.001000,0.001000
1028.788462,-0.038696,0.001000,0.001000,0.001000,0.001000,0.001000
1028.807692,-0.039435,0.001000,0.001000,0.001000,0.001000,0.001000
1028.826923,-0.040151,0.001000,0.001000,0.001000,0.001000,0.001000
1028.846154,-0.040846,0.001000,0.001000,0.001000,0.001000,0.001000
1028.865385,-0.041517,0.001000,0.001000,0.001000,0.001000,0.001000
1028.884615,-0.042165,0.001000,0.001000,0.001000,0.001000,0.001000
1028.903846,-0.042789,0.001000,0.001000,0.001000,0.001000,0.001000
1028.923077,-0.043389,0.001000,0.001000,0.001000,0.001000,0.001000
1028.942308,-0.043966,0.001000,0.001000,0.001000,0.001000,0.001000
1028.961538,-0.044517,0.001000,0.001000,0.001000,0.001000,0.001000
1028.980769,-0.045043,0.001000,0.001000,0.001000,0.001000,0.001000
1029.000000,-0.045545,0.001000,0.001000,0.001000,0.001000,0.001000
1029.019231,-0.046020,0.001000,0.001000,0.001000,0.001000,0.001000
1029.038462,-0.046470,0.001000,0.001000,0.001000,0.001000,0.001000
1029.057692,-0.046894,0.001000,0.001000,0.001000,0.001000,0.001000
1029.076923,-0.047292,0.001000,0.001000,0.001000,0.001000,0.001000
1029.096154,-0.047663,0.001000,0.001000,0.001000,0.001000,0.001000
1029.115385,-0.048007,0.001000,0.001000,0.001000,0.001000,0.001000
1029.134615,-0.048324,0.001000,0.001000,0.001000,0.001000,0.001000
1029.153846,-0.048615,0.001000,0.001000,0.001000,0.001000,0.001000
1029.173077,-0.048878,0.001000,0.001000,0.001000,0.001000,0.001000
1029.192308,-0.049113,0.001000,0.001000,0.001000,0.001000,0.001000
1029.211538,-0.049322,0.001000,0.001000,0.001000,0.001000,0.001000
1029.230769,-0.049502,0.001000,0.001000,0.001000,0.001000,0.001000
1029.250000,-0.049655,0.001000,0.001000,0.001000,0.001000,0.001000
1029.269231,-0.049780,0.001000,0.001000,0.001000,0.001000,0.001000
1029.288462,-0.049877,0.001000,0.001000,0.001000,0.001000,0.001000
1029.307692,-0.049946,0.001000,0.001000,0.001000,0.001000,0.001000
1029.326923,-0.049987,0.001000,0.001000,0.001000,0.001000,0.001000
1029.346154,-0.050000,0.001000,0.001000,0.001000,0.001000,0.001000
1029.365385,-0.049985,0.001000,0.001000,0.001000,0.001000,0.001000
1029.384615,-0.049942,0.001000,0.001000,0.001000,0.001000,0.001000
1029.403846,-0.049871,0.001000,0.001000,0.001000,0.001000,0.001000
1029.423077,-0.049772,0.001000,0.001000,0.001000,0.001000,0.001000
1029.442308,-0.049645,0.001000,0.001000,0.001000,0.001000,0.001000
1029.461538,-0.049491,0.001000,0.001000,0.001000,0.001000,0.001000
1029.480769,-0.049308,0.001000,0.001000,0.001000,0.001000,0.001000
1029.500000,-0.049098,0.001000,0.001000,0.001000,0.001000,0.001000
1029.519231,-0.048861,0.001000,0.001000,0.001000,0.001000,0.001000
1029.538462,-0.048596,0.001000,0.001000,0.001000,0.001000,0.001000
1029.557692,-0.048304,0.001000,0.001000,0.001000,0.001000,0.001000
1029.576923,-0.047984,0.001000,0.001000,0.001000,0.001000,0.001000
1029.596154,-0.047638,0.001000,0.001000,0.001000,0.001000,0.001000
1029.615385,-0.047265,0.001000,0.001000,0.001000,0.001000,0.001000
1029.634615,-0.046866,0.001000,0.001000,0.001000,0.001000,0.001000
1029.653846,-0.046440,0.001000,0.001000,0.001000,0.001000,0.001000
1029.673077,-0.045989,0.001000,0.001000,0.001000,0.001000,0.001000
1029.692308,-0.045511,0.001000,0.001000,0.001000,0.001000,0.001000
1029.711538,-0.045008,0.001000,0.001000,0.001000,0.001000,0.001000
1029.730769,-0.044480,0.001000,0.001000,0.001000,0.001000,0.001000
1029.750000,-0.043927,0.001000,0.001000,0.001000,0.001000,0.001000
1029.769231,-0.043349,0.001000,0.001000,0.001000,0.001000,0.001000
1029.788462,-0.042747,0.001000,0.001000,0.001000,0.001000,0.001000
1029.807692,-0.042121,0.001000,0.001000,0.001000,0.001000,0.001000
1029.826923,-0.041472,0.001000,0.001000,0.001000,0.001000,0.001000
1029.846154,-0.040799,0.001000,0.001000,0.001000,0.001000,0.001000
1029.865385,-0.040103,0.001000,0.001000,0.001000,0.001000,0.001000
1029.884615,-0.039385,0.001000,0.001000,0.001000,0.001000,0.001000
1029.903846,-0.038645,0.001000,0.001000,0.001000,0.001000,0.001000
1029.923077,-0.037883,0.001000,0.001000,0.001000,0.001000,0.001000
1029.942308,-0.037100,0.001000,0.001000,0.001000,0.001000,0.001000
1029.961538,-0.036296,0.001000,0.001000,0.001000,0.001000,0.001000
1029.980769,-0.035472,0.001000,0.001000,0.001000,0.001000,0.001000
1030.000000,0.000000,0.001000,0.001000,0.001000,0.001000,0.001000
1030.019231,0.001174,0.001000,0.001000,0.001000,0.001000,0.001000
1030.038462,0.002347,0.001000,0.001000,0.001000,0.001000,0.001000
1030.057692,0.003519,0.001000,0.001000,0.001000,0.001000,0.001000
1030.076923,0.004689,0.001000,0.001000,0.001000,0.001000,0.001000
1030.096154,0.005856,0.001000,0.001000,0.001000,0.001000,0.001000
1030.115385,0.007020,0.001000,0.001000,0.001000,0.001000,0.001000
1030.134615,0.008181,0.001000,0.001000,0.001000,0.001000,0.001000
1030.153846,0.009336,0.001000,0.001000,0.001000,0.001000,0.001000
1030.173077,0.010487,0.001000,0.001000,0.001000,0.001000,0.001000
1030.192308,0.011632,0.001000,0.001000,0.001000,0.001000,0.001000
1030.211538,0.012770,0.001000,0.001000,0.001000,0.001000,0.001000
1030.230769,0.013902,0.001000,0.001000,0.001000,0.001000,0.001000
1030.250000,0.015025,0.001000,0.001000,0.001000,0.001000,0.001000
1030.269231,0.016141,0.001000,0.001000,0.001000,0.001000,0.001000
1030.288462,0.017247,0.001000,0.001000,0.001000,0.001000,0.001000
1030.307692,0.018344,0.001000,0.001000,0.001000,0.001000,0.001000
1030.326923,0.019431,0.001000,0.001000,0.001000,0.001000,0.001000
1030.346154,0.020508,0.001000,0.001000,0.001000,0.001000,0.001000
1030.365385,0.021572,0.001000,0.001000,0.001000,0.001000,0.001000
1030.384615,0.022625,0.001000,0.001000,0.001000,0.001000,0.001000
1030.403846,0.023666,0.001000,0.001000,0.001000,0.001000,0.001000
1030.423077,0.024694,0.001000,0.001000,0.001000,0.001000,0.001000
1030.442308,0.025707,0.001000,0.001000,0.001000,0.001000,0.001000
1030.461538,0.026707,0.001000,0.001000,0.001000,0.001000,0.001000
1030.480769,0.027692,0.001000,0.001000,0.001000,0.001000,0.001000
1030.500000,0.028662,0.001000,0.001000,0.001000,0.001000,0.001000
1030.519231,0.029616,0.001000,0.001000,0.001000,0.001000,0.001000
1030.538462,0.030553,0.001000,0.001000,0.001000,0.001000,0.001000
1030.557692,0.031474,0.001000,0.001000,0.001000,0.001000,0.001000
1030.576923,0.032378,0.001000,0.001000,0.001000,0.001000,0.001000
1030.596154,0.033263,0.001000,0.001000,0.001000,0.001000,0.001000
1030.615385,0.034130,0.001000,0.001000,0.001000,0.001000,0.001000
1030.634615,0.034979,0.001000,0.001000,0.001000,0.001000,0.001000
1030.653846,0.035808,0.001000,0.001000,0.001000,0.001000,0.001000
1030.673077,0.036617,0.001000,0.001000,0.001000,0.001000,0.001000
1030.692308,0.037406,0.001000,0.001000,0.001000,0.001000,0.001000
1030.711538,0.038175,0.001000,0.001000,0.001000,0.001000,0.001000
1030.730769,0.038923,0.001000,0.001000,0.001000,0.001000,0.001000
1030.750000,0.039649,0.001000,0.001000,0.001000,0.001000,0.001000
1030.769231,0.040353,0.001000,0.001000,0.001000,0.001000,0.001000
1030.788462,0.041035,0.001000,0.001000,0.001000,0.001000,0.001000
1030.807692,0.041694,0.001000,0.001000,0.001000,0.001000,0.001000
1030.826923,0.042331,0.001000,0.001000,0.001000,0.001000,0.001000
1030.846154,0.042944,0.001000,0.001000,0.001000,0.001000,0.001000
1030.865385,0.043533,0.001000,0.001000,0.001000,0.001000,0.001000
1030.884615,0.044099,0.001000,0.001000,0.001000,0.001000,0.001000
1030.903846,0.044640,0.001000,0.001000,0.001000,0.001000,0.001000
1030.923077,0.045156,0.001000,0.001000,0.001000,0.001000,0.001000
1030.942308,0.045648,0.001000,0.001000,0.001000,0.001000,0.001000
1030.961538,0.046114,0.001000,0.001000,0.001000,0.001000,0.001000
1030.980769,0.046555,0.001000,0.001000,0.001000,0.001000,0.001000
1031.000000,0.046970,0.001000,0.001000,0.001000,0.001000,0.001000
1031.019231,0.047360,0.001000,0.001000,0.001000,0.001000,0.001000
1031.038462,0.047723,0.001000,0.001000,0.001000,0.001000,0.001000
1031.057692,0.048060,0.001000,0.001000,0.001000,0.001000,0.001000
1031.076923,0.048371,0.001000,0.001000,0.001000,0.001000,0.001000
1031.096154,0.048655,0.001000,0.001000,0.001000,0.001000,0.001000
1031.115385,0.048912,0.001000,0.001000,0.001000,0.001000,0.001000
1031.134615,0.049142,0.001000,0.001000,0.001000,0.001000,0.001000
1031.153846,0.049345,0.001000,0.001000,0.001000,0.001000,0.001000
1031.173077,0.049521,0.001000,0.001000,0.001000,0.001000,0.001000
1031.192308,0.049669,0.001000,0.001000,0.001000,0.001000,0.001000
1031.211538,0.049790,0.001000,0.001000,0.001000,0.001000,0.001000
1031.230769,0.049884,0.001000,0.001000,0.001000,0.001000,0.001000
1031.250000,0.049950,0.001000,0.001000,0.001000,0.001000,0.001000
1031.269231,0.049989,0.001000,0.001000,0.001000,0.001000,0.001000
1031.288462,0.050000,0.001000,0.001000,0.001000,0.001000,0.001000
1031.307692,0.049983,0.001000,0.001000,0.001000,0.001000,0.001000
1031.326923,0.049939,0.001000,0.001000,0.001000,0.001000,0.001000
1031.346154,0.049868,0.001000,0.001000,0.001000,0.001000,0.001000
1031.365385,0.049769,0.001000,0.001000,0.001000,0.001000,0.001000
1031.384615,0.049642,0.001000,0.001000,0.001000,0.001000,0.001000
1031.403846,0.049488,0.001000,0.001000,0.001000,0.001000,0.001000
1031.423077,0.049307,0.001000,0.001000,0.001000,0.001000,0.001000
1031.442308,0.049099,0.001000,0.001000,0.001000,0.001000,0.001000
1031.461538,0.048864,0.001000,0.001000,0.001000,0.001000,0.001000
1031.480769,0.048601,0.001000,0.001000,0.001000,0.001000,0.001000
1031.500000,0.048312,0.001000,0.001000,0.001000,0.001000,0.001000
1031.519231,0.047997,0.001000,0.001000,0.001000,0.001000,0.001000
1031.538462,0.047654,0.001000,0.001000,0.001000,0.001000,0.001000
1031.557692,0.047286,0.001000,0.001000,0.001000,0.001000,0.001000
1031.576923,0.046892,0.001000,0.001000,0.001000,0.001000,0.001000
1031.596154,0.046471,0.001000,0.001000,0.001000,0.001000,0.001000
1031.615385,0.046025,0.001000,0.001000,0.001000,0.001000,0.001000
1031.634615,0.045554,0.001000,0.001000,0.001000,0.001000,0.001000
1031.653846,0.045057,0.001000,0.001000,0.001000,0.001000,0.001000
1031.673077,0.044536,0.001000,0.001000,0.001000,0.001000,0.001000
1031.692308,0.043990,0.001000,0.001000,0.001000,0.001000,0.001000
1031.711538,0.043420,0.001000,0.001000,0.001000,0.001000,0.001000
1031.730769,0.042826,0.001000,0.001000,0.001000,0.001000,0.001000
1031.750000,0.042209,0.001000,0.001000,0.001000,0.001000,0.001000
1031.769231,0.041568,0.001000,0.001000,0.001000,0.001000,0.001000
1031.788462,0.040904,0.001000,0.001000,0.001000,0.001000,0.001000
1031.807692,0.040217,0.001000,0.001000,0.001000,0.001000,0.001000
1031.826923,0.039509,0.001000,0.001000,0.001000,0.001000,0.001000
1031.846154,0.038779,0.001000,0.001000,0.001000,0.001000,0.001000
1031.865385,0.038027,0.001000,0.001000,0.001000,0.001000,0.001000
1031.884615,0.037254,0.001000,0.001000,0.001000,0.001000,0.001000
1031.903846,0.036461,0.001000,0.001000,0.001000,0.001000,0.001000
1031.923077,0.035648,0.001000,0.001000,0.001000,0.001000,0.001000
1031.942308,0.034815,0.001000,0.001000,0.001000,0.001000,0.001000
1031.961538,0.033963,0.001000,0.001000,0.001000,0.001000,0.001000
1031.980769,0.033092,0.001000,0.001000,0.001000,0.001000,0.001000
1032.000000,0.032203,0.001000,0.001000,0.001000,0.001000,0.001000
1032.019231,0.031296,0.001000,0.001000,0.001000,0.001000,0.001000
1032.038462,0.030372,0.001000,0.001000,0.001000,0.001000,0.001000
1032.057692,0.029431,0.001000,0.001000,0.001000,0.001000,0.001000
1032.076923,0.028474,0.001000,0.001000,0.001000,0.001000,0.001000
1032.096154,0.027501,0.001000,0.001000,0.001000,0.001000,0.001000
1032.115385,0.026513,0.001000,0.001000,0.001000,0.001000,0.001000
1032.134615,0.025511,0.001000,0.001000,0.001000,0.001000,0.001000
1032.153846,0.024494,0.001000,0.001000,0.001000,0.001000,0.001000
1032.173077,0.023464,0.001000,0.001000,0.001000,0.001000,0.001000
1032.192308,0.022421,0.001000,0.001000,0.001000,0.001000,0.001000
1032.211538,0.021366,0.001000,0.001000,0.001000,0.001000,0.001000
1032.230769,0.020299,0.001000,0.001000,0.001000,0.001000,0.001000
1032.250000,0.019220,0.001000,0.001000,0.001000,0.001000,0.001000
1032.269231,0.018131,0.001000,0.001000,0.001000,0.001000,0.001000
1032.288462,0.017032,0.001000,0.001000,0.001000,0.001000,0.001000
1032.307692,0.015924,0.001000,0.001000,0.001000,0.001000,0.001000
1032.326923,0.014807,0.001000,0.001000,0.001000,0.001000,0.001000
1032.346154,0.013682,0.001000,0.001000,0.001000,0.001000,0.001000
1032.365385,0.012549,0.001000,0.001000,0.001000,0.001000,0.001000
1032.384615,0.011409,0.001000,0.001000,0.001000,0.001000,0.001000
1032.403846,0.010263,0.001000,0.001000,0.001000,0.001000,0.001000
1032.423077,0.009112,0.001000,0.001000,0.001000,0.001000,0.001000
1032.442308,0.007955,0.001000,0.001000,0.001000,0.001000,0.001000
1032.461538,0.006794,0.001000,0.001000,0.001000,0.001000,0.001000
1032.480769,0.005629,0.001000,0.001000,0.001000,0.001000,0.001000
1032.500000,0.004461,0.001000,0.001000,0.001000,0.001000,0.001000
1032.519231,0.003291,0.001000,0.001000,0.001000,0.001000,0.001000
1032.538462,0.002118,0.001000,0.001000,0.001000,0.001000,0.001000
1032.557692,0.000945,0.001000,0.001000,0.001000,0.001000,0.001000
1032.576923,-0.000229,0.001000,0.001000,0.001000,0.001000,0.001000
1032.596154,-0.001403,0.001000,0.001000,0.001000,0.001000,0.001000
1032.615385,-0.002576,0.001000,0.001000,0.001000,0.001000,0.001000
1032.634615,-0.003747,0.001000,0.001000,0.001000,0.001000,0.001000
1032.653846,-0.004917,0.001000,0.001000,0.001000,0.001000,0.001000
1032.673077,-0.006083,0.001000,0.001000,0.001000,0.001000,0.001000
1032.692308,-0.007247,0.001000,0.001000,0.001000,0.001000,0.001000
1032.711538,-0.008406,0.001000,0.001000,0.001000,0.001000,0.001000
1032.730769,-0.009561,0.001000,0.001000,0.001000,0.001000,0.001000
1032.750000,-0.010711,0.001000,0.001000,0.001000,0.001000,0.001000
1032.769231,-0.011854,0.001000,0.001000,0.001000,0.001000,0.001000
1032.788462,-0.012991,0.001000,0.001000,0.001000,0.001000,0.001000
1032.807692,-0.014121,0.001000,0.001000,0.001000,0.001000,0.001000
1032.826923,-0.015243,0.001000,0.001000,0.001000,0.001000,0.001000
1032.846154,-0.016357,0.001000,0.001000,0.001000,0.001000,0.001000
1032.865385,-0.017462,0.001000,0.001000,0.001000,0.001000,0.001000
1032.884615,-0.018557,0.001000,0.001000,0.001000,0.001000,0.001000
1032.903846,-0.019642,0.001000,0.001000,0.001000,0.001000,0.001000
1032.923077,-0.020716,0.001000,0.001000,0.001000,0.001000,0.001000
1032.942308,-0.021779,0.001000,0.001000,0.001000,0.001000,0.001000
1032.961538,-0.022829,0.001000,0.001000,0.001000,0.001000,0.001000
1032.980769,-0.023867,0.001000,0.001000,0.001000,0.001000,0.001000
1033.000000,-0.024892,0.001000,0.001000,0.001000,0.001000,0.001000
1033.019231,-0.025903,0.001000,0.001000,0.001000,0.001000,0.001000
1033.038462,-0.026900,0.001000,0.001000,0.001000,0.001000,0.001000
1033.057692,-0.027882,0.001000,0.001000,0.001000,0.001000,0.001000
1033.076923,-0.028849,0.001000,0.001000,0.001000,0.001000,0.001000
1033.096154,-0.029800,0.001000,0.001000,0.001000,0.001000,0.001000
1033.115385,-0.030734,0.001000,0.001000,0.001000,0.001000,0.001000
1033.134615,-0.031652,0.001000,0.001000,0.001000,0.001000,0.001000
1033.153846,-0.032552,0.001000,0.001000,0.001000,0.001000,0.001000
1033.173077,-0.033434,0.001000,0.001000,0.001000,0.001000,0.001000
1033.192308,-0.034297,0.001000,0.001000,0.001000,0.001000,0.001000
1033.211538,-0.035142,0.001000,0.001000,0.001000,0.001000,0.001000
1033.230769,-0.035967,0.001000,0.001000,0.001000,0.001000,0.001000
1033.250000,-0.036773,0.001000,0.001000,0.001000,0.001000,0.001000
1033.269231,-0.037558,0.001000,0.001000,0.001000,0.001000,0.001000
1033.288462,-0.038322,0.001000,0.001000,0.001000,0.001000,0.001000
1033.307692,-0.039066,0.001000,0.001000,0.001000,0.001000,0.001000
1033.326923,-0.039788,0.001000,0.001000,0.001000,0.001000,0.001000
1033.346154,-0.040488,0.001000,0.001000,0.001000,0.001000,0.001000
1033.365385,-0.041165,0.001000,0.001000,0.001000,0.001000,0.001000
1033.384615,-0.041820,0.001000,0.001000,0.001000,0.001000,0.001000
1033.403846,-0.042452,0.001000,0.001000,0.001000,0.001000,0.001000
1033.423077,-0.043061,0.001000,0.001000,0.001000,0.001000,0.001000
1033.442308,-0.043645,0.001000,0.001000,0.001000,0.001000,0.001000
1033.461538,-0.044206,0.001000,0.001000,0.001000,0.001000,0.001000
1033.480769,-0.044742,0.001000,0.001000,0.001000,0.001000,0.001000
1033.500000,-0.045254,0.001000,0.001000,0.001000,0.001000,0.001000
1033.519231,-0.045741,0.001000,0.001000,0.001000,0.001000,0.001000
1033.538462,-0.046202,0.001000,0.001000,0.001000,0.001000,0.001000
1033.557692,-0.046638,0.001000,0.001000,0.001000,0.001000,0.001000
1033.576923,-0.047048,0.001000,0.001000,0.001000,0.001000,0.001000
1033.596154,-0.047433,0.001000,0.001000,0.001000,0.001000,0.001000
1033.615385,-0.047791,0.001000,0.001000,0.001000,0.001000,0.001000
1033.634615,-0.048123,0.001000,0.001000,0.001000,0.001000,0.001000
1033.653846,-0.048428,0.001000,0.001000,0.001000,0.001000,0.001000
1033.673077,-0.048707,0.001000,0.001000,0.001000,0.001000,0.001000
1033.692308,-0.048959,0.001000,0.001000,0.001000,0.001000,0.001000
1033.711538,-0.049184,0.001000,0.001000,0.001000,0.001000,0.001000
1033.730769,-0.049381,0.001000,0.001000,0.001000,0.001000,0.001000
1033.750000,-0.049552,0.001000,0.001000,0.001000,0.001000,0.001000
1033.769231,-0.049695,0.001000,0.001000,0.001000,0.001000,0.001000
1033.788462,-0.049811,0.001000,0.001000,0.001000,0.001000,0.001000
1033.807692,-0.049899,0.001000,0.001000,0.001000,0.001000,0.001000
1033.826923,-0.049960,0.001000,0.001000,0.001000,0.001000,0.001000
1033.846154,-0.049993,0.001000,0.001000,0.001000,0.001000,0.001000
1033.865385,-0.049999,0.001000,0.001000,0.001000,0.001000,0.001000
1033.884615,-0.049977,0.001000,0.001000,0.001000,0.001000,0.001000
1033.903846,-0.049928,0.001000,0.001000,0.001000,0.001000,0.001000
1033.923077,-0.049851,0.001000,0.001000,0.001000,0.001000,0.001000
1033.942308,-0.049746,0.001000,0.001000,0.001000,0.001000,0.001000
1033.961538,-0.049614,0.001000,0.001000,0.001000,0.001000,0.001000
1033.980769,-0.049455,0.001000,0.001000,0.001000,0.001000,0.001000
1034.000000,-0.049269,0.001000,0.001000,0.001000,0.001000,0.001000
1034.019231,-0.049055,0.001000,0.001000,0.001000,0.001000,0.001000
1034.038462,-0.048815,0.001000,0.001000,0.001000,0.001000,0.001000
1034.057692,-0.048547,0.001000,0.001000,0.001000,0.001000,0.001000
1034.076923,-0.048253,0.001000,0.001000,0.001000,0.001000,0.001000
1034.096154,-0.047932,0.001000,0.001000,0.001000,0.001000,0.001000
1034.115385,-0.047585,0.001000,0.001000,0.001000,0.001000,0.001000
1034.134615,-0.047211,0.001000,0.001000,0.001000,0.001000,0.001000
1034.153846,-0.046812,0.001000,0.001000,0.001000,0.001000,0.001000
1034.173077,-0.046386,0.001000,0.001000,0.001000,0.001000,0.001000
1034.192308,-0.045935,0.001000,0.001000,0.001000,0.001000,0.001000
1034.211538,-0.045459,0.001000,0.001000,0.001000,0.001000,0.001000
1034.230769,-0.044958,0.001000,0.001000,0.001000,0.001000,0.001000
1034.250000,-0.044432,0.001000,0.001000,0.001000,0.001000,0.001000
1034.269231,-0.043881,0.001000,0.001000,0.001000,0.001000,0.001000
1034.288462,-0.043306,0.001000,0.001000,0.001000,0.001000,0.001000
1034.307692,-0.042708,0.001000,0.001000,0.001000,0.001000,0.001000
1034.326923,-0.042085,0.001000,0.001000,0.001000,0.001000,0.001000
1034.346154,-0.041440,0.001000,0.001000,0.001000,0.001000,0.001000
1034.365385,-0.040772,0.001000,0.001000,0.001000,0.001000,0.001000
1034.384615,-0.040081,0.001000,0.001000,0.001000,0.001000,0.001000
1034.403846,-0.039368,0.001000,0.001000,0.001000,0.001000,0.001000
1034.423077,-0.038634,0.001000,0.001000,0.001000,0.001000,0.001000
1034.442308,-0.037878,0.001000,0.001000,0.001000,0.001000,0.001000
1034.461538,-0.037101,0.001000,0.001000,0.001000,0.001000,0.001000
1034.480769,-0.036304,0.001000,0.001000,0.001000,0.001000,0.001000
1034.500000,-0.035487,0.001000,0.001000,0.001000,0.001000,0.001000
1034.519231,-0.034650,0.001000,0.001000,0.001000,0.001000,0.001000
1034.538462,-0.033795,0.001000,0.001000,0.001000,0.001000,0.001000
1034.557692,-0.032920,0.001000,0.001000,0.001000,0.001000,0.001000
1034.576923,-0.032027,0.001000,0.001000,0.001000,0.001000,0.001000
1034.596154,-0.031117,0.001000,0.001000,0.001000,0.001000,0.001000
1034.615385,-0.030190,0.001000,0.001000,0.001000,0.001000,0.001000
1034.634615,-0.029246,0.001000,0.001000,0.001000,0.001000,0.001000
1034.653846,-0.028286,0.001000,0.001000,0.001000,0.001000,0.001000
1034.673077,-0.027310,0.001000,0.001000,0.001000,0.001000,0.001000
1034.692308,-0.026319,0.001000,0.001000,0.001000,0.001000,0.001000
1034.711538,-0.025314,0.001000,0.001000,0.001000,0.001000,0.001000
1034.730769,-0.024295,0.001000,0.001000,0.001000,0.001000,0.001000
1034.750000,-0.023262,0.001000,0.001000,0.001000,0.001000,0.001000
1034.769231,-0.022216,0.001000,0.001000,0.001000,0.001000,0.001000
1034.788462,-0.021159,0.001000,0.001000,0.001000,0.001000,0.001000
1034.807692,-0.020089,0.001000,0.001000,0.001000,0.001000,0.001000
1034.826923,-0.019009,0.001000,0.001000,0.001000,0.001000,0.001000
1034.846154,-0.017918,0.001000,0.001000,0.001000,0.001000,0.001000
1034.865385,-0.016817,0.001000,0.001000,0.001000,0.001000,0.001000
1034.884615,-0.015707,0.001000,0.001000,0.001000,0.001000,0.001000
1034.903846,-0.014588,0.001000,0.001000,0.001000,0.001000,0.001000
1034.923077,-0.013462,0.001000,0.001000,0.001000,0.001000,0.001000
1034.942308,-0.012327,0.001000,0.001000,0.001000,0.001000,0.001000
1034.961538,-0.011186,0.001000,0.001000,0.001000,0.001000,0.001000
1034.980769,-0.010039,0.001000,0.001000,0.001000,0.001000,0.001000
1035.000000,-0.008886,0.001000,0.001000,0.001000,0.001000,0.001000
1035.019231,-0.007729,0.001000,0.001000,0.001000,0.001000,0.001000
1035.038462,-0.006567,0.001000,0.001000,0.001000,0.001000,0.001000
1035.057692,-0.005402,0.001000,0.001000,0.001000,0.001000,0.001000
1035.076923,-0.004233,0.001000,0.001000,0.001000,0.001000,0.001000
1035.096154,-0.003062,0.001000,0.001000,0.001000,0.001000,0.001000
1035.115385,-0.001890,0.001000,0.001000,0.001000,0.001000,0.001000
1035.134615,-0.000716,0.001000,0.001000,0.001000,0.001000,0.001000
1035.153846,0.000458,0.001000,0.001000,0.001000,0.001000,0.001000
1035.173077,0.001631,0.001000,0.001000,0.001000,0.001000,0.001000
1035.192308,0.002804,0.001000,0.001000,0.001000,0.001000,0.001000
1035.211538,0.003975,0.001000,0.001000,0.001000,0.001000,0.001000
1035.230769,0.005144,0.001000,0.001000,0.001000,0.001000,0.001000
1035.250000,0.006310,0.001000,0.001000,0.001000,0.001000,0.001000
1035.269231,0.007473,0.001000,0.001000,0.001000,0.001000,0.001000
1035.288462,0.008632,0.001000,0.001000,0.001000,0.001000,0.001000
1035.307692,0.009786,0.001000,0.001000,0.001000,0.001000,0.001000
1035.326923,0.010934,0.001000,0.001000,0.001000,0.001000,0.001000
1035.346154,0.012076,0.001000,0.001000,0.001000,0.001000,0.001000
1035.365385,0.013212,0.001000,0.001000,0.001000,0.001000,0.001000
1035.384615,0.014341,0.001000,0.001000,0.001000,0.001000,0.001000
1035.403846,0.015461,0.001000,0.001000,0.001000,0.001000,0.001000
1035.423077,0.016573,0.001000,0.001000,0.001000,0.001000,0.001000
1035.442308,0.017676,0.001000,0.001000,0.001000,0.001000,0.001000
1035.461538,0.018769,0.001000,0.001000,0.001000,0.001000,0.001000
1035.480769,0.019852,0.001000,0.001000,0.001000,0.001000,0.001000
1035.500000,0.020924,0.001000,0.001000,0.001000,0.001000,0.001000
1035.519231,0.021984,0.001000,0.001000,0.001000,0.001000,0.001000
1035.538462,0.023033,0.001000,0.001000,0.001000,0.001000,0.001000
1035.557692,0.024068,0.001000,0.001000,0.001000,0.001000,0.001000
1035.576923,0.025090,0.001000,0.001000,0.001000,0.001000,0.001000
1035.596154,0.026099,0.001000,0.001000,0.001000,0.001000,0.001000
1035.615385,0.027093,0.001000,0.001000,0.001000,0.001000,0.001000
1035.634615,0.028072,0.001000,0.001000,0.001000,0.001000,0.001000
1035.653846,0.029036,0.001000,0.001000,0.001000,0.001000,0.001000
1035.673077,0.029983,0.001000,0.001000,0.001000,0.001000,0.001000
1035.692308,0.030914,0.001000,0.001000,0.001000,0.001000,0.001000
1035.711538,0.031828,0.001000,0.001000,0.001000,0.001000,0.001000
1035.730769,0.032725,0.001000,0.001000,0.001000,0.001000,0.001000
1035.750000,0.033603,0.001000,0.001000,0.001000,0.001000,0.001000
1035.769231,0.034463,0.001000,0.001000,0.001000,0.001000,0.001000
1035.788462,0.035304,0.001000,0.001000,0.001000,0.001000,0.001000
1035.807692,0.036126,0.001000,0.001000,0.001000,0.001000,0.001000
1035.826923,0.036927,0.001000,0.001000,0.001000,0.001000,0.001000
1035.846154,0.037709,0.001000,0.001000,0.001000,0.001000,0.001000
1035.865385,0.038469,0.001000,0.001000,0.001000,0.001000,0.001000
1035.884615,0.039208,0.001000,0.001000,0.001000,0.001000,0.001000
1035.903846,0.039926,0.001000,0.001000,0.001000,0.001000,0.001000
1035.923077,0.040621,0.001000,0.001000,0.001000,0.001000,0.001000
1035.942308,0.041295,0.001000,0.001000,0.001000,0.001000,0.001000
1035.961538,0.041945,0.001000,0.001000,0.001000,0.001000,0.001000
1035.980769,0.042572,0.001000,0.001000,0.001000,0.001000,0.001000
1036.000000,0.043176,0.001000,0.001000,0.001000,0.001000,0.001000
1036.019231,0.043756,0.001000,0.001000,0.001000,0.001000,0.001000
1036.038462,0.044312,0.001000,0.001000,0.001000,0.001000,0.001000
1036.057692,0.044844,0.001000,0.001000,0.001000,0.001000,0.001000
1036.076923,0.045351,0.001000,0.001000,0.001000,0.001000,0.001000
1036.096154,0.045832,0.001000,0.001000,0.001000,0.001000,0.001000
1036.115385,0.046289,0.001000,0.001000,0.001000,0.001000,0.001000
1036.134615,0.046720,0.001000,0.001000,0.001000,0.001000,0.001000
1036.153846,0.047125,0.001000,0.001000,0.001000,0.001000,0.001000
1036.173077,0.047505,0.001000,0.001000,0.001000,0.001000,0.001000
1036.192308,0.047858,0.001000,0.001000,0.001000,0.001000,0.001000
1036.211538,0.048184,0.001000,0.001000,0.001000,0.001000,0.001000
1036.230769,0.048485,0.001000,0.001000,0.001000,0.001000,0.001000
1036.250000,0.048758,0.001000,0.001000,0.001000,0.001000,0.001000
1036.269231,0.049005,0.001000,0.001000,0.001000,0.001000,0.001000
1036.288462,0.049224,0.001000,0.001000,0.001000,0.001000,0.001000
1036.307692,0.049417,0.001000,0.001000,0.001000,0.001000,0.001000
1036.326923,0.049582,0.001000,0.001000,0.001000,0.001000,0.001000
1036.346154,0.049720,0.001000,0.001000,0.001000,0.001000,0.001000
1036.365385,0.049830,0.001000,0.001000,0.001000,0.001000,0.001000
1036.384615,0.049913,0.001000,0.001000,0.001000,0.001000,0.001000
1036.403846,0.049968,0.001000,0.001000,0.001000,0.001000,0.001000
1036.423077,0.049996,0.001000,0.001000,0.001000,0.001000,0.001000
1036.442308,0.049997,0.001000,0.001000,0.001000,0.001000,0.001000
1036.461538,0.049970,0.001000,0.001000,0.001000,0.001000,0.001000
1036.480769,0.049915,0.001000,0.001000,0.001000,0.001000,0.001000
1036.500000,0.049832,0.001000,0.001000,0.001000,0.001000,0.001000
1036.519231,0.049723,0.001000,0.001000,0.001000,0.001000,0.001000
1036.538462,0.049586,0.001000,0.001000,0.001000,0.001000,0.001000
1036.557692,0.049421,0.001000,0.001000,0.001000,0.001000,0.001000
1036.576923,0.049229,0.001000,0.001000,0.001000,0.001000,0.001000
1036.596154,0.049011,0.001000,0.001000,0.001000,0.001000,0.001000
1036.615385,0.048765,0.001000,0.001000,0.001000,0.001000,0.001000
1036.634615,0.048492,0.001000,0.001000,0.001000,0.001000,0.001000
1036.653846,0.048192,0.001000,0.001000,0.001000,0.001000,0.001000
1036.673077,0.047866,0.001000,0.001000,0.001000,0.001000,0.001000
1036.692308,0.047514,0.001000,0.001000,0.001000,0.001000,0.001000
1036.711538,0.047135,0.001000,0.001000,0.001000,0.001000,0.001000
1036.730769,0.046731,0.001000,0.001000,0.001000,0.001000,0.001000
1036.750000,0.046300,0.001000,0.001000,0.001000,0.001000,0.001000
1036.769231,0.045844,0.001000,0.001000,0.001000,0.001000,0.001000
1036.788462,0.045363,0.001000,0.001000,0.001000,0.001000,0.001000
1036.807692,0.044857,0.001000,0.001000,0.001000,0.001000,0.001000
1036.826923,0.044326,0.001000,0.001000,0.001000,0.001000,0.001000
1036.846154,0.043771,0.001000,0.001000,0.001000,0.001000,0.001000
1036.865385,0.043191,0.001000,0.001000,0.001000,0.001000,0.001000
1036.884615,0.042588,0.001000,0.001000,0.001000,0.001000,0.001000
1036.903846,0.041961,0.001000,0.001000,0.001000,0.001000,0.001000
1036.923077,0.041312,0.001000,0.001000,0.001000,0.001000,0.001000
1036.942308,0.040639,0.001000,0.001000,0.001000,0.001000,0.001000
1036.961538,0.039944,0.001000,0.001000,0.001000,0.001000,0.001000
1036.980769,0.039227,0.001000,0.001000,0.001000,0.001000,0.001000
1037.000000,0.038488,0.001000,0.001000,0.001000,0.001000,0.001000
1037.019231,0.037728,0.001000,0.001000,0.001000,0.001000,0.001000
1037.038462,0.036948,0.001000,0.001000,0.001000,0.001000,0.001000
1037.057692,0.036146,0.001000,0.001000,0.001000,0.001000,0.001000
1037.076923,0.035325,0.001000,0.001000,0.001000,0.001000,0.001000
1037.096154,0.034485,0.001000,0.001000,0.001000,0.001000,0.001000
1037.115385,0.033626,0.001000,0.001000,0.001000,0.001000,0.001000
1037.134615,0.032748,0.001000,0.001000,0.001000,0.001000,0.001000
1037.153846,0.031851,0.001000,0.001000,0.001000,0.001000,0.001000
1037.173077,0.030938,0.001000,0.001000,0.001000,0.001000,0.001000
1037.192308,0.030007,0.001000,0.001000,0.001000,0.001000,0.001000
1037.211538,0.029060,0.001000,0.001000,0.001000,0.001000,0.001000
1037.230769,0.028097,0.001000,0.001000,0.001000,0.001000,0.001000
1037.250000,0.027118,0.001000,0.001000,0.001000,0.001000,0.001000
1037.269231,0.026124,0.001000,0.001000,0.001000,0.001000,0.001000
1037.288462,0.025116,0.001000,0.001000,0.001000,0.001000,0.001000
1037.307692,0.024094,0.001000,0.001000,0.001000,0.001000,0.001000
1037.326923,0.023059,0.001000,0.001000,0.001000,0.001000,0.001000
1037.346154,0.022011,0.001000,0.001000,0.001000,0.001000,0.001000
1037.365385,0.020951,0.001000,0.001000,0.001000,0.001000,0.001000
1037.384615,0.019880,0.001000,0.001000,0.001000,0.001000,0.001000
1037.403846,0.018797,0.001000,0.001000,0.001000,0.001000,0.001000
1037.423077,0.017704,0.001000,0.001000,0.001000,0.001000,0.001000
1037.442308,0.016602,0.001000,0.001000,0.001000,0.001000,0.001000
1037.461538,0.015490,0.001000,0.001000,0.001000,0.001000,0.001000
1037.480769,0.014369,0.001000,0.001000,0.001000,0.001000,0.001000
1037.500000,0.013241,0.001000,0.001000,0.001000,0.001000,0.001000
1037.519231,0.012105,0.001000,0.001000,0.001000,0.001000,0.001000
1037.538462,0.010963,0.001000,0.001000,0.001000,0.001000,0.001000
1037.557692,0.009815,0.001000,0.001000,0.001000,0.001000,0.001000
1037.576923,0.008661,0.001000,0.001000,0.001000,0.001000,0.001000
1037.596154,0.007503,0.001000,0.001000,0.001000,0.001000,0.001000
1037.615385,0.006340,0.001000,0.001000,0.001000,0.001000,0.001000
1037.634615,0.005174,0.001000,0.001000,0.001000,0.001000,0.001000
1037.653846,0.004005,0.001000,0.001000,0.001000,0.001000,0.001000
1037.673077,0.002834,0.001000,0.001000,0.001000,0.001000,0.001000
1037.692308,0.001661,0.001000,0.001000,0.001000,0.001000,0.001000
1037.711538,0.000488,0.001000,0.001000,0.001000,0.001000,0.001000
1037.730769,-0.000686,0.001000,0.001000,0.001000,0.001000,0.001000
1037.750000,-0.001860,0.001000,0.001000,0.001000,0.001000,0.001000
1037.769231,-0.003032,0.001000,0.001000,0.001000,0.001000,0.001000
1037.788462,-0.004203,0.001000,0.001000,0.001000,0.001000,0.001000
1037.807692,-0.005372,0.001000,0.001000,0.001000,0.001000,0.001000
1037.826923,-0.006537,0.001000,0.001000,0.001000,0.001000,0.001000
1037.846154,-0.007699,0.001000,0.001000,0.001000,0.001000,0.001000
1037.865385,-0.008857,0.001000,0.001000,0.001000,0.001000,0.001000
1037.884615,-0.010010,0.001000,0.001000,0.001000,0.001000,0.001000
1037.903846,-0.011157,0.001000,0.001000,0.001000,0.001000,0.001000
1037.923077,-0.012298,0.001000,0.001000,0.001000,0.001000,0.001000
1037.942308,-0.013433,0.001000,0.001000,0.001000,0.001000,0.001000
1037.961538,-0.014560,0.001000,0.001000,0.001000,0.001000,0.001000
1037.980769,-0.015679,0.001000,0.001000,0.001000,0.001000,0.001000
1038.000000,-0.016789,0.001000,0.001000,0.001000,0.001000,0.001000
1038.019231,-0.017890,0.001000,0.001000,0.001000,0.001000,0.001000
1038.038462,-0.018981,0.001000,0.001000,0.001000,0.001000,0.001000
1038.057692,-0.020062,0.001000,0.001000,0.001000,0.001000,0.001000
1038.076923,-0.021132,0.001000,0.001000,0.001000,0.001000,0.001000
1038.096154,-0.022190,0.001000,0.001000,0.001000,0.001000,0.001000
1038.115385,-0.023235,0.001000,0.001000,0.001000,0.001000,0.001000
1038.134615,-0.024268,0.001000,0.001000,0.001000,0.001000,0.001000
1038.153846,-0.025288,0.001000,0.001000,0.001000,0.001000,0.001000
1038.173077,-0.026294,0.001000,0.001000,0.001000,0.001000,0.001000
1038.192308,-0.027285,0.001000,0.001000,0.001000,0.001000,0.001000
1038.211538,-0.028261,0.001000,0.001000,0.001000,0.001000,0.001000
1038.230769,-0.029222,0.001000,0.001000,0.001000,0.001000,0.001000
1038.250000,-0.030166,0.001000,0.001000,0.001000,0.001000,0.001000
1038.269231,-0.031094,0.001000,0.001000,0.001000,0.001000,0.001000
1038.288462,-0.032004,0.001000,0.001000,0.001000,0.001000,0.001000
1038.307692,-0.032898,0.001000,0.001000,0.001000,0.001000,0.001000
1038.326923,-0.033772,0.001000,0.001000,0.001000,0.001000,0.001000
1038.346154,-0.034629,0.001000,0.001000,0.001000,0.001000,0.001000
1038.365385,-0.035466,0.001000,0.001000,0.001000,0.001000,0.001000
1038.384615,-0.036284,0.001000,0.001000,0.001000,0.001000,0.001000
1038.403846,-0.037081,0.001000,0.001000,0.001000,0.001000,0.001000
1038.423077,-0.037858,0.001000,0.001000,0.001000,0.001000,0.001000
1038.442308,-0.038615,0.001000,0.001000,0.001000,0.001000,0.001000
1038.461538,-0.039350,0.001000,0.001000,0.001000,0.001000,0.001000
1038.480769,-0.040063,0.001000,0.001000,0.001000,0.001000,0.001000
1038.500000,-0.040754,0.001000,0.001000,0.001000,0.001000,0.001000
1038.519231,-0.041423,0.001000,0.001000,0.001000,0.001000,0.001000
1038.538462,-0.042069,0.001000,0.001000,0.001000,0.001000,0.001000
1038.557692,-0.042692,0.001000,0.001000,0.001000,0.001000,0.001000
1038.576923,-0.043291,0.001000,0.001000,0.001000,0.001000,0.001000
1038.596154,-0.043867,0.001000,0.001000,0.001000,0.001000,0.001000
1038.615385,-0.044418,0.001000,0.001000,0.001000,0.001000,0.001000
1038.634615,-0.044945,0.001000,0.001000,0.001000,0.001000,0.001000
1038.653846,-0.045447,0.001000,0.001000,0.001000,0.001000,0.001000
1038.673077,-0.045923,0.001000,0.001000,0.001000,0.001000,0.001000
1038.692308,-0.046375,0.001000,0.001000,0.001000,0.001000,0.001000
1038.711538,-0.046801,0.001000,0.001000,0.001000,0.001000,0.001000
1038.730769,-0.047201,0.001000,0.001000,0.001000,0.001000,0.001000
1038.750000,-0.047576,0.001000,0.001000,0.001000,0.001000,0.001000
1038.769231,-0.047923,0.001000,0.001000,0.001000,0.001000,0.001000
1038.788462,-0.048245,0.001000,0.001000,0.001000,0.001000,0.001000
1038.807692,-0.048540,0.001000,0.001000,0.001000,0.001000,0.001000
1038.826923,-0.048808,0.001000,0.001000,0.001000,0.001000,0.001000
1038.846154,-0.049050,0.001000,0.001000,0.001000,0.001000,0.001000
1038.865385,-0.049264,0.001000,0.001000,0.001000,0.001000,0.001000
1038.884615,-0.049451,0.001000,0.001000,0.001000,0.001000,0.001000
1038.903846,-0.049611,0.001000,0.001000,0.001000,0.001000,0.001000
1038.923077,-0.049743,0.001000,0.001000,0.001000,0.001000,0.001000
1038.942308,-0.049848,0.001000,0.001000,0.001000,0.001000,0.001000
1038.961538,-0.049926,0.001000,0.001000,0.001000,0.001000,0.001000
1038.980769,-0.049976,0.001000,0.001000,0.001000,0.001000,0.001000
1039.000000,-0.049999,0.001000,0.001000,0.001000,0.001000,0.001000
1039.019231,-0.049994,0.001000,0.001000,0.001000,0.001000,0.001000
1039.038462,-0.049961,0.001000,0.001000,0.001000,0.001000,0.001000
1039.057692,-0.049901,0.001000,0.001000,0.001000,0.001000,0.001000
1039.076923,-0.049813,0.001000,0.001000,0.001000,0.001000,0.001000
1039.096154,-0.049698,0.001000,0.001000,0.001000,0.001000,0.001000
1039.115385,-0.049556,0.001000,0.001000,0.001000,0.001000,0.001000
1039.134615,-0.049386,0.001000,0.001000,0.001000,0.001000,0.001000
1039.153846,-0.049189,0.001000,0.001000,0.001000,0.001000,0.001000
1039.173077,-0.048965,0.001000,0.001000,0.001000,0.001000,0.001000
1039.192308,-0.048714,0.001000,0.001000,0.001000,0.001000,0.001000
1039.211538,-0.048436,0.001000,0.001000,0.001000,0.001000,0.001000
1039.230769,-0.048131,0.001000,0.001000,0.001000,0.001000,0.001000
1039.250000,-0.047800,0.001000,0.001000,0.001000,0.001000,0.001000
1039.269231,-0.047442,0.001000,0.001000,0.001000,0.001000,0.001000
1039.288462,-0.047059,0.001000,0.001000,0.001000,0.001000,0.001000
1039.307692,-0.046649,0.001000,0.001000,0.001000,0.001000,0.001000
1039.326923,-0.046213,0.001000,0.001000,0.001000,0.001000,0.001000
1039.346154,-0.045753,0.001000,0.001000,0.001000,0.001000,0.001000
1039.365385,-0.045267,0.001000,0.001000,0.001000,0.001000,0.001000
1039.384615,-0.044756,0.001000,0.001000,0.001000,0.001000,0.001000
1039.403846,-0.044220,0.001000,0.001000,0.001000,0.001000,0.001000
1039.423077,-0.043660,0.001000,0.001000,0.001000,0.001000,0.001000
1039.442308,-0.043076,0.001000,0.001000,0.001000,0.001000,0.001000
1039.461538,-0.042468,0.001000,0.001000,0.001000,0.001000,0.001000
1039.480769,-0.041837,0.001000,0.001000,0.001000,0.001000,0.001000
1039.500000,-0.041182,0.001000,0.001000,0.001000,0.001000,0.001000
1039.519231,-0.040505,0.001000,0.001000,0.001000,0.001000,0.001000
1039.538462,-0.039806,0.001000,0.001000,0.001000,0.001000,0.001000
1039.557692,-0.039085,0.001000,0.001000,0.001000,0.001000,0.001000
1039.576923,-0.038342,0.001000,0.001000,0.001000,0.001000,0.001000
1039.596154,-0.037578,0.001000,0.001000,0.001000,0.001000,0.001000
1039.615385,-0.036793,0.001000,0.001000,0.001000,0.001000,0.001000
1039.634615,-0.035988,0.001000,0.001000,0.001000,0.001000,0.001000
1039.653846,-0.035163,0.001000,0.001000,0.001000,0.001000,0.001000
1039.673077,-0.034319,0.001000,0.001000,0.001000,0.001000,0.001000
1039.692308,-0.033456,0.001000,0.001000,0.001000,0.001000,0.001000
1039.711538,-0.032574,0.001000,0.001000,0.001000,0.001000,0.001000
1039.730769,-0.031675,0.001000,0.001000,0.001000,0.001000,0.001000
1039.750000,-0.030758,0.001000,0.001000,0.001000,0.001000,0.001000
1039.769231,-0.029824,0.001000,0.001000,0.001000,0.001000,0.001000
1039.788462,-0.028873,0.001000,0.001000,0.001000,0.001000,0.001000
1039.807692,-0.027907,0.001000,0.001000,0.001000,0.001000,0.001000
1039.826923,-0.026926,0.001000,0.001000,0.001000,0.001000,0.001000
1039.846154,-0.025929,0.001000,0.001000,0.001000,0.001000,0.001000
1039.865385,-0.024918,0.001000,0.001000,0.001000,0.001000,0.001000
1039.884615,-0.023894,0.001000,0.001000,0.001000,0.001000,0.001000
1039.903846,-0.022856,0.001000,0.001000,0.001000,0.001000,0.001000
1039.923077,-0.021806,0.001000,0.001000,0.001000,0.001000,0.001000
1039.942308,-0.020743,0.001000,0.001000,0.001000,0.001000,0.001000
1039.961538,-0.019669,0.001000,0.001000,0.001000,0.001000,0.001000
1039.980769,-0.018585,0.001000,0.001000,0.001000,0.001000,0.001000
1040.000000,-0.017490,0.001000,0.001000,0.001000,0.001000,0.001000
1040.019231,-0.016386,0.001000,0.001000,0.001000,0.001000,0.001000
1040.038462,-0.015272,0.001000,0.001000,0.001000,0.001000,0.001000
1040.057692,-0.014150,0.001000,0.001000,0.001000,0.001000,0.001000
1040.076923,-0.013020,0.001000,0.001000,0.001000,0.001000,0.001000
1040.096154,-0.011883,0.001000,0.001000,0.001000,0.001000,0.001000
1040.115385,-0.010740,0.001000,0.001000,0.001000,0.001000,0.001000
1040.134615,-0.009590,0.001000,0.001000,0.001000,0.001000,0.001000
1040.153846,-0.008436,0.001000,0.001000,0.001000,0.001000,0.001000
1040.173077,-0.007276,0.001000,0.001000,0.001000,0.001000,0.001000
1040.192308,-0.006113,0.001000,0.001000,0.001000,0.001000,0.001000
1040.211538,-0.004946,0.001000,0.001000,0.001000,0.001000,0.001000
1040.230769,-0.003777,0.001000,0.001000,0.001000,0.001000,0.001000
1040.250000,-0.002605,0.001000,0.001000,0.001000,0.001000,0.001000
1040.269231,-0.001432,0.001000,0.001000,0.001000,0.001000,0.001000
1040.288462,-0.000259,0.001000,0.001000,0.001000,0.001000,0.001000
1040.307692,0.000915,0.001000,0.001000,0.001000,0.001000,0.001000
1040.326923,0.002089,0.001000,0.001000,0.001000,0.001000,0.001000
1040.346154,0.003261,0.001000,0.001000,0.001000,0.001000,0.001000
1040.365385,0.004431,0.001000,0.001000,0.001000,0.001000,0.001000
1040.384615,0.005599,0.001000,0.001000,0.001000,0.001000,0.001000
1040.403846,0.006764,0.001000,0.001000,0.001000,0.001000,0.001000
1040.423077,0.007925,0.001000,0.001000,0.001000,0.001000,0.001000
1040.442308,0.009082,0.001000,0.001000,0.001000,0.001000,0.001000
1040.461538,0.010234,0.001000,0.001000,0.001000,0.001000,0.001000
1040.480769,0.011380,0.001000,0.001000,0.001000,0.001000,0.001000
1040.500000,0.012520,0.001000,0.001000,0.001000,0.001000,0.001000
1040.519231,0.013653,0.001000,0.001000,0.001000,0.001000,0.001000
1040.538462,0.014778,0.001000,0.001000,0.001000,0.001000,0.001000
1040.557692,0.015896,0.001000,0.001000,0.001000,0.001000,0.001000
1040.576923,0.017004,0.001000,0.001000,0.001000,0.001000,0.001000
1040.596154,0.018103,0.001000,0.001000,0.001000,0.001000,0.001000
1040.615385,0.019193,0.001000,0.001000,0.001000,0.001000,0.001000
1040.634615,0.020271,0.001000,0.001000,0.001000,0.001000,0.001000
1040.653846,0.021339,0.001000,0.001000,0.001000,0.001000,0.001000
1040.673077,0.022394,0.001000,0.001000,0.001000,0.001000,0.001000
1040.692308,0.023438,0.001000,0.001000,0.001000,0.001000,0.001000
1040.711538,0.024468,0.001000,0.001000,0.001000,0.001000,0.001000
1040.730769,0.025485,0.001000,0.001000,0.001000,0.001000,0.001000
1040.750000,0.026488,0.001000,0.001000,0.001000,0.001000,0.001000
1040.769231,0.027476,0.001000,0.001000,0.001000,0.001000,0.001000
1040.788462,0.028449,0.001000,0.001000,0.001000,0.001000,0.001000
1040.807692,0.029407,0.001000,0.001000,0.001000,0.001000,0.001000
1040.826923,0.030348,0.001000,0.001000,0.001000,0.001000,0.001000
1040.846154,0.031273,0.001000,0.001000,0.001000,0.001000,0.001000
1040.865385,0.032180,0.001000,0.001000,0.001000,0.001000,0.001000
1040.884615,0.033069,0.001000,0.001000,0.001000,0.001000,0.001000
1040.903846,0.033941,0.001000,0.001000,0.001000,0.001000,0.001000
1040.923077,0.034793,0.001000,0.001000,0.001000,0.001000,0.001000
1040.942308,0.035627,0.001000,0.001000,0.001000,0.001000,0.001000
1040.961538,0.036441,0.001000,0.001000,0.001000,0.001000,0.001000
1040.980769,0.037234,0.001000,0.001000,0.001000,0.001000,0.001000
1041.000000,0.038007,0.001000,0.001000,0.001000,0.001000,0.001000
1041.019231,0.038760,0.001000,0.001000,0.001000,0.001000,0.001000
1041.038462,0.039491,0.001000,0.001000,0.001000,0.001000,0.001000
1041.057692,0.040200,0.001000,0.001000,0.001000,0.001000,0.001000
1041.076923,0.040887,0.001000,0.001000,0.001000,0.001000,0.001000
1041.096154,0.041551,0.001000,0.001000,0.001000,0.001000,0.001000
1041.115385,0.042192,0.001000,0.001000,0.001000,0.001000,0.001000
1041.134615,0.042811,0.001000,0.001000,0.001000,0.001000,0.001000
1041.153846,0.043405,0.001000,0.001000,0.001000,0.001000,0.001000
1041.173077,0.043976,0.001000,0.001000,0.001000,0.001000,0.001000
1041.192308,0.044522,0.001000,0.001000,0.001000,0.001000,0.001000
1041.211538,0.045044,0.001000,0.001000,0.001000,0.001000,0.001000
1041.230769,0.045541,0.001000,0.001000,0.001000,0.001000,0.001000
1041.250000,0.046013,0.001000,0.001000,0.001000,0.001000,0.001000
1041.269231,0.046460,0.001000,0.001000,0.001000,0.001000,0.001000
1041.288462,0.046881,0.001000,0.001000,0.001000,0.001000,0.001000
1041.307692,0.047276,0.001000,0.001000,0.001000,0.001000,0.001000
1041.326923,0.047645,0.001000,0.001000,0.001000,0.001000,0.001000
1041.346154,0.047988,0.001000,0.001000,0.001000,0.001000,0.001000
1041.365385,0.048305,0.001000,0.001000,0.001000,0.001000,0.001000
1041.384615,0.048594,0.001000,0.001000,0.001000,0.001000,0.001000
1041.403846,0.048857,0.001000,0.001000,0.001000,0.001000,0.001000
1041.423077,0.049093,0.001000,0.001000,0.001000,0.001000,0.001000
1041.442308,0.049302,0.001000,0.001000,0.001000,0.001000,0.001000
1041.461538,0.049484,0.001000,0.001000,0.001000,0.001000,0.001000
1041.480769,0.049639,0.001000,0.001000,0.001000,0.001000,0.001000
1041.500000,0.049766,0.001000,0.001000,0.001000,0.001000,0.001000
1041.519231,0.049866,0.001000,0.001000,0.001000,0.001000,0.001000
1041.538462,0.049938,0.001000,0.001000,0.001000,0.001000,0.001000
1041.557692,0.049983,0.001000,0.001000,0.001000,0.001000,0.001000
1041.576923,0.050000,0.001000,0.001000,0.001000,0.001000,0.001000
1041.596154,0.049989,0.001000,0.001000,0.001000,0.001000,0.001000
1041.615385,0.049951,0.001000,0.001000,0.001000,0.001000,0.001000
1041.634615,0.049886,0.001000,0.001000,0.001000,0.001000,0.001000
1041.653846,0.049793,0.001000,0.001000,0.001000,0.001000,0.001000
1041.673077,0.049673,0.001000,0.001000,0.001000,0.001000,0.001000
1041.692308,0.049525,0.001000,0.001000,0.001000,0.001000,0.001000
1041.711538,0.049350,0.001000,0.001000,0.001000,0.001000,0.001000
1041.730769,0.049147,0.001000,0.001000,0.001000,0.001000,0.001000
1041.750000,0.048918,0.001000,0.001000,0.001000,0.001000,0.001000
1041.769231,0.048662,0.001000,0.001000,0.001000,0.001000,0.001000
1041.788462,0.048378,0.001000,0.001000,0.001000,0.001000,0.001000
1041.807692,0.048069,0.001000,0.001000,0.001000,0.001000,0.001000
1041.826923,0.047732,0.001000,0.001000,0.001000,0.001000,0.001000
1041.846154,0.047369,0.001000,0.001000,0.001000,0.001000,0.001000
1041.865385,0.046981,0.001000,0.001000,0.001000,0.001000,0.001000
1041.884615,0.046566,0.001000,0.001000,0.001000,0.001000,0.001000
1041.903846,0.046126,0.001000,0.001000,0.001000,0.001000,0.001000
1041.923077,0.045660,0.001000,0.001000,0.001000,0.001000,0.001000
1041.942308,0.045169,0.001000,0.001000,0.001000,0.001000,0.001000
1041.961538,0.044653,0.001000,0.001000,0.001000,0.001000,0.001000
1041.980769,0.044113,0.001000,0.001000,0.001000,0.001000,0.001000
1042.000000,0.043548,0.001000,0.001000,0.001000,0.001000,0.001000
1042.019231,0.042959,0.001000,0.001000,0.001000,0.001000,0.001000
1042.038462,0.042347,0.001000,0.001000,0.001000,0.001000,0.001000
1042.057692,0.041711,0.001000,0.001000,0.001000,0.001000,0.001000
1042.076923,0.041052,0.001000,0.001000,0.001000,0.001000,0.001000
1042.096154,0.040371,0.001000,0.001000,0.001000,0.001000,0.001000
1042.115385,0.039667,0.001000,0.001000,0.001000,0.001000,0.001000
1042.134615,0.038941,0.001000,0.001000,0.001000,0.001000,0.001000
1042.153846,0.038194,0.001000,0.001000,0.001000,0.001000,0.001000
1042.173077,0.037426,0.001000,0.001000,0.001000,0.001000,0.001000
1042.192308,0.036638,0.001000,0.001000,0.001000,0.001000,0.001000
1042.211538,0.035829,0.001000,0.001000,0.001000,0.001000,0.001000
1042.230769,0.035000,0.001000,0.001000,0.001000,0.001000,0.001000
1042.250000,0.034152,0.001000,0.001000,0.001000,0.001000,0.001000
1042.269231,0.033285,0.001000,0.001000,0.001000,0.001000,0.001000
1042.288462,0.032400,0.001000,0.001000,0.001000,0.001000,0.001000
1042.307692,0.031497,0.001000,0.001000,0.001000,0.001000,0.001000
1042.326923,0.030577,0.001000,0.001000,0.001000,0.001000,0.001000
1042.346154,0.029640,0.001000,0.001000,0.001000,0.001000,0.001000
1042.365385,0.028686,0.001000,0.001000,0.001000,0.001000,0.001000
1042.384615,0.027717,0.001000,0.001000,0.001000,0.001000,0.001000
1042.403846,0.026732,0.001000,0.001000,0.001000,0.001000,0.001000
1042.423077,0.025733,0.001000,0.001000,0.001000,0.001000,0.001000
1042.442308,0.024720,0.001000,0.001000,0.001000,0.001000,0.001000
1042.461538,0.023692,0.001000,0.001000,0.001000,0.001000,0.001000
1042.480769,0.022652,0.001000,0.001000,0.001000,0.001000,0.001000
1042.500000,0.021599,0.001000,0.001000,0.001000,0.001000,0.001000
1042.519231,0.020535,0.001000,0.001000,0.001000,0.001000,0.001000
1042.538462,0.019459,0.001000,0.001000,0.001000,0.001000,0.001000
1042.557692,0.018372,0.001000,0.001000,0.001000,0.001000,0.001000
1042.576923,0.017275,0.001000,0.001000,0.001000,0.001000,0.001000
1042.596154,0.016169,0.001000,0.001000,0.001000,0.001000,0.001000
1042.615385,0.015054,0.001000,0.001000,0.001000,0.001000,0.001000
1042.634615,0.013930,0.001000,0.001000,0.001000,0.001000,0.001000
1042.653846,0.012799,0.001000,0.001000,0.001000,0.001000,0.001000
1042.673077,0.011661,0.001000,0.001000,0.001000,0.001000,0.001000
1042.692308,0.010516,0.001000,0.001000,0.001000,0.001000,0.001000
1042.711538,0.009366,0.001000,0.001000,0.001000,0.001000,0.001000
1042.730769,0.008210,0.001000,0.001000,0.001000,0.001000,0.001000
1042.750000,0.007050,0.001000,0.001000,0.001000,0.001000,0.001000
1042.769231,0.005886,0.001000,0.001000,0.001000,0.001000,0.001000
1042.788462,0.004719,0.001000,0.001000,0.001000,0.001000,0.001000
1042.807692,0.003549,0.001000,0.001000,0.001000,0.001000,0.001000
1042.826923,0.002377,0.001000,0.001000,0.001000,0.001000,0.001000
1042.846154,0.001204,0.001000,0.001000,0.001000,0.001000,0.001000
1042.865385,0.000030,0.001000,0.001000,0.001000,0.001000,0.001000
1042.884615,-0.001144,0.001000,0.001000,0.001000,0.001000,0.001000
1042.903846,-0.002317,0.001000,0.001000,0.001000,0.001000,0.001000
1042.923077,-0.003489,0.001000,0.001000,0.001000,0.001000,0.001000
1042.942308,-0.004659,0.001000,0.001000,0.001000,0.001000,0.001000
1042.961538,-0.005826,0.001000,0.001000,0.001000,0.001000,0.001000
1042.980769,-0.006991,0.001000,0.001000,0.001000,0.001000,0.001000
1043.000000,-0.008151,0.001000,0.001000,0.001000,0.001000,0.001000
1043.019231,-0.009307,0.001000,0.001000,0.001000,0.001000,0.001000
1043.038462,-0.010458,0.001000,0.001000,0.001000,0.001000,0.001000
1043.057692,-0.011603,0.001000,0.001000,0.001000,0.001000,0.001000
1043.076923,-0.012741,0.001000,0.001000,0.001000,0.001000,0.001000
1043.096154,-0.013873,0.001000,0.001000,0.001000,0.001000,0.001000
1043.115385,-0.014997,0.001000,0.001000,0.001000,0.001000,0.001000
1043.134615,-0.016112,0.001000,0.001000,0.001000,0.001000,0.001000
1043.153846,-0.017219,0.001000,0.001000,0.001000,0.001000,0.001000
1043.173077,-0.018317,0.001000,0.001000,0.001000,0.001000,0.001000
1043.192308,-0.019404,0.001000,0.001000,0.001000,0.001000,0.001000
1043.211538,-0.020480,0.001000,0.001000,0.001000,0.001000,0.001000
1043.230769,-0.021545,0.001000,0.001000,0.001000,0.001000,0.001000
1043.250000,-0.022599,0.001000,0.001000,0.001000,0.001000,0.001000
1043.269231,-0.023640,0.001000,0.001000,0.001000,0.001000,0.001000
1043.288462,-0.024667,0.001000,0.001000,0.001000,0.001000,0.001000
1043.307692,-0.025682,0.001000,0.001000,0.001000,0.001000,0.001000
1043.326923,-0.026682,0.001000,0.001000,0.001000,0.001000,0.001000
1043.346154,-0.027667,0.001000,0.001000,0.001000,0.001000,0.001000
1043.365385,-0.028637,0.001000,0.001000,0.001000,0.001000,0.001000
1043.384615,-0.029592,0.001000,0.001000,0.001000,0.001000,0.001000
1043.403846,-0.030530,0.001000,0.001000,0.001000,0.001000,0.001000
1043.423077,-0.031451,0.001000,0.001000,0.001000,0.001000,0.001000
1043.442308,-0.032355,0.001000,0.001000,0.001000,0.001000,0.001000
1043.461538,-0.033241,0.001000,0.001000,0.001000,0.001000,0.001000
1043.480769,-0.034108,0.001000,0.001000,0.001000,0.001000,0.001000
1043.500000,-0.034957,0.001000,0.001000,0.001000,0.001000,0.001000
1043.519231,-0.035787,0.001000,0.001000,0.001000,0.001000,0.001000
1043.538462,-0.036597,0.001000,0.001000,0.001000,0.001000,0.001000
1043.557692,-0.037387,0.001000,0.001000,0.001000,0.001000,0.001000
1043.576923,-0.038156,0.001000,0.001000,0.001000,0.001000,0.001000
1043.596154,-0.038904,0.001000,0.001000,0.001000,0.001000,0.001000
1043.615385,-0.039630,0.001000,0.001000,0.001000,0.001000,0.001000
1043.634615,-0.040335,0.001000,0.001000,0.001000,0.001000,0.001000
1043.653846,-0.041018,0.001000,0.001000,0.001000,0.001000,0.001000
1043.673077,-0.041678,0.001000,0.001000,0.001000,0.001000,0.001000
1043.692308,-0.042315,0.001000,0.001000,0.001000,0.001000,0.001000
1043.711538,-0.042928,0.001000,0.001000,0.001000,0.001000,0.001000
1043.730769,-0.043518,0.001000,0.001000,0.001000,0.001000,0.001000
1043.750000,-0.044084,0.001000,0.001000,0.001000,0.001000,0.001000
1043.769231,-0.044626,0.001000,0.001000,0.001000,0.001000,0.001000
1043.788462,-0.045143,0.001000,0.001000,0.001000,0.001000,0.001000
1043.807692,-0.045635,0.001000,0.001000,0.001000,0.001000,0.001000
1043.826923,-0.046103,0.001000,0.001000,0.001000,0.001000,0.001000
1043.846154,-0.046544,0.001000,0.001000,0.001000,0.001000,0.001000
1043.865385,-0.046960,0.001000,0.001000,0.001000,0.001000,0.001000
1043.884615,-0.047350,0.001000,0.001000,0.001000,0.001000,0.001000
1043.903846,-0.047714,0.001000,0.001000,0.001000,0.001000,0.001000
1043.923077,-0.048052,0.001000,0.001000,0.001000,0.001000,0.001000
1043.942308,-0.048363,0.001000,0.001000,0.001000,0.001000,0.001000
1043.961538,-0.048648,0.001000,0.001000,0.001000,0.001000,0.001000
1043.980769,-0.048905,0.001000,0.001000,0.001000,0.001000,0.001000
1044.000000,-0.049136,0.001000,0.001000,0.001000,0.001000,0.001000
1044.019231,-0.049340,0.001000,0.001000,0.001000,0.001000,0.001000
1044.038462,-0.049516,0.001000,0.001000,0.001000,0.001000,0.001000
1044.057692,-0.049666,0.001000,0.001000,0.001000,0.001000,0.001000
1044.076923,-0.049788,0.001000,0.001000,0.001000,0.001000,0.001000
1044.096154,-0.049882,0.001000,0.001000,0.001000,0.001000,0.001000
1044.115385,-0.049949,0.001000,0.001000,0.001000,0.001000,0.001000
1044.134615,-0.049988,0.001000,0.001000,0.001000,0.001000,0.001000
1044.153846,-0.050000,0.001000,0.001000,0.001000,0.001000,0.001000
1044.173077,-0.049984,0.001000,0.001000,0.001000,0.001000,0.001000
1044.192308,-0.049941,0.001000,0.001000,0.001000,0.001000,0.001000
1044.211538,-0.049870,0.001000,0.001000,0.001000,0.001000,0.001000
1044.230769,-0.049772,0.001000,0.001000,0.001000,0.001000,0.001000
1044.250000,-0.049646,0.001000,0.001000,0.001000,0.001000,0.001000
1044.269231,-0.049493,0.001000,0.001000,0.001000,0.001000,0.001000
1044.288462,-0.049312,0.001000,0.001000,0.001000,0.001000,0.001000
1044.307692,-0.049105,0.001000,0.001000,0.001000,0.001000,0.001000
1044.326923,-0.048870,0.001000,0.001000,0.001000,0.001000,0.001000
1044.346154,-0.048608,0.001000,0.001000,0.001000,0.001000,0.001000
1044.365385,-0.048320,0.001000,0.001000,0.001000,0.001000,0.001000
1044.384615,-0.048005,0.001000,0.001000,0.001000,0.001000,0.001000
1044.403846,-0.047664,0.001000,0.001000,0.001000,0.001000,0.001000
1044.423077,-0.047296,0.001000,0.001000,0.001000,0.001000,0.001000
1044.442308,-0.046902,0.001000,0.001000,0.001000,0.001000,0.001000
1044.461538,-0.046482,0.001000,0.001000,0.001000,0.001000,0.001000
1044.480769,-0.046037,0.001000,0.001000,0.001000,0.001000,0.001000
1044.500000,-0.045566,0.001000,0.001000,0.001000,0.001000,0.001000
1044.519231,-0.045070,0.001000,0.001000,0.001000,0.001000,0.001000
1044.538462,-0.044550,0.001000,0.001000,0.001000,0.001000,0.001000
1044.557692,-0.044004,0.001000,0.001000,0.001000,0.001000,0.001000
1044.576923,-0.043435,0.001000,0.001000,0.001000,0.001000,0.001000
1044.596154,-0.042842,0.001000,0.001000,0.001000,0.001000,0.001000
1044.615385,-0.042225,0.001000,0.001000,0.001000,0.001000,0.001000
1044.634615,-0.041584,0.001000,0.001000,0.001000,0.001000,0.001000
1044.653846,-0.040921,0.001000,0.001000,0.001000,0.001000,0.001000
1044.673077,-0.040235,0.001000,0.001000,0.001000,0.001000,0.001000
1044.692308,-0.039527,0.001000,0.001000,0.001000,0.001000,0.001000
1044.711538,-0.038798,0.001000,0.001000,0.001000,0.001000,0.001000
1044.730769,-0.038046,0.001000,0.001000,0.001000,0.001000,0.001000
1044.750000,-0.037274,0.001000,0.001000,0.001000,0.001000,0.001000
1044.769231,-0.036482,0.001000,0.001000,0.001000,0.001000,0.001000
1044.788462,-0.035669,0.001000,0.001000,0.001000,0.001000,0.001000
1044.807692,-0.034836,0.001000,0.001000,0.001000,0.001000,0.001000
1044.826923,-0.033985,0.001000,0.001000,0.001000,0.001000,0.001000
1044.846154,-0.033114,0.001000,0.001000,0.001000,0.001000,0.001000
1044.865385,-0.032226,0.001000,0.001000,0.001000,0.001000,0.001000
1044.884615,-0.031319,0.001000,0.001000,0.001000,0.001000,0.001000
1044.903846,-0.030396,0.001000,0.001000,0.001000,0.001000,0.001000
1044.923077,-0.029455,0.001000,0.001000,0.001000,0.001000,0.001000
1044.942308,-0.028499,0.001000,0.001000,0.001000,0.001000,0.001000
1044.961538,-0.027526,0.001000,0.001000,0.001000,0.001000,0.001000
1044.980769,-0.026539,0.001000,0.001000,0.001000,0.001000,0.001000
1045.000000,-0.025537,0.001000,0.001000,0.001000,0.001000,0.001000
1045.019231,-0.024520,0.001000,0.001000,0.001000,0.001000,0.001000
1045.038462,-0.023491,0.001000,0.001000,0.001000,0.001000,0.001000
1045.057692,-0.022448,0.001000,0.001000,0.001000,0.001000,0.001000
1045.076923,-0.021393,0.001000,0.001000,0.001000,0.001000,0.001000
1045.096154,-0.020326,0.001000,0.001000,0.001000,0.001000,0.001000
1045.115385,-0.019248,0.001000,0.001000,0.001000,0.001000,0.001000
1045.134615,-0.018159,0.001000,0.001000,0.001000,0.001000,0.001000
1045.153846,-0.017061,0.001000,0.001000,0.001000,0.001000,0.001000
1045.173077,-0.015953,0.001000,0.001000,0.001000,0.001000,0.001000
1045.192308,-0.014836,0.001000,0.001000,0.001000,0.001000,0.001000
1045.211538,-0.013711,0.001000,0.001000,0.001000,0.001000,0.001000
1045.230769,-0.012578,0.001000,0.001000,0.001000,0.001000,0.001000
1045.250000,-0.011438,0.001000,0.001000,0.001000,0.001000,0.001000
1045.269231,-0.010293,0.001000,0.001000,0.001000,0.001000,0.001000
1045.288462,-0.009141,0.001000,0.001000,0.001000,0.001000,0.001000
1045.307692,-0.007984,0.001000,0.001000,0.001000,0.001000,0.001000
1045.326923,-0.006823,0.001000,0.001000,0.001000,0.001000,0.001000
1045.346154,-0.005659,0.001000,0.001000,0.001000,0.001000,0.001000
1045.365385,-0.004491,0.001000,0.001000,0.001000,0.001000,0.001000
1045.384615,-0.003321,0.001000,0.001000,0.001000,0.001000,0.001000
1045.403846,-0.002148,0.001000,0.001000,0.001000,0.001000,0.001000
1045.423077,-0.000975,0.001000,0.001000,0.001000,0.001000,0.001000
1045.442308,0.000199,0.001000,0.001000,0.001000,0.001000,0.001000
1045.461538,0.001373,0.001000,0.001000,0.001000,0.001000,0.001000
1045.480769,0.002546,0.001000,0.001000,0.001000,0.001000,0.001000
1045.500000,0.003717,0.001000,0.001000,0.001000,0.001000,0.001000
1045.519231,0.004887,0.001000,0.001000,0.001000,0.001000,0.001000
1045.538462,0.006054,0.001000,0.001000,0.001000,0.001000,0.001000
1045.557692,0.007217,0.001000,0.001000,0.001000,0.001000,0.001000
1045.576923,0.008377,0.001000,0.001000,0.001000,0.001000,0.001000
1045.596154,0.009532,0.001000,0.001000,0.001000,0.001000,0.001000
1045.615385,0.010681,0.001000,0.001000,0.001000,0.001000,0.001000
1045.634615,0.011825,0.001000,0.001000,0.001000,0.001000,0.001000
1045.653846,0.012962,0.001000,0.001000,0.001000,0.001000,0.001000
1045.673077,0.014093,0.001000,0.001000,0.001000,0.001000,0.001000
1045.692308,0.015215,0.001000,0.001000,0.001000,0.001000,0.001000
1045.711538,0.016329,0.001000,0.001000,0.001000,0.001000,0.001000
1045.730769,0.017434,0.001000,0.001000,0.001000,0.001000,0.001000
1045.750000,0.018529,0.001000,0.001000,0.001000,0.001000,0.001000
1045.769231,0.019614,0.001000,0.001000,0.001000,0.001000,0.001000
1045.788462,0.020689,0.001000,0.001000,0.001000,0.001000,0.001000
1045.807692,0.021752,0.001000,0.001000,0.001000,0.001000,0.001000
1045.826923,0.022803,0.001000,0.001000,0.001000,0.001000,0.001000
1045.846154,0.023841,0.001000,0.001000,0.001000,0.001000,0.001000
1045.865385,0.024866,0.001000,0.001000,0.001000,0.001000,0.001000
1045.884615,0.025878,0.001000,0.001000,0.001000,0.001000,0.001000
1045.903846,0.026875,0.001000,0.001000,0.001000,0.001000,0.001000
1045.923077,0.027857,0.001000,0.001000,0.001000,0.001000,0.001000
1045.942308,0.028825,0.001000,0.001000,0.001000,0.001000,0.001000
1045.961538,0.029776,0.001000,0.001000,0.001000,0.001000,0.001000
1045.980769,0.030711,0.001000,0.001000,0.001000,0.001000,0.001000
1046.000000,0.031628,0.001000,0.001000,0.001000,0.001000,0.001000
1046.019231,0.032529,0.001000,0.001000,0.001000,0.001000,0.001000
1046.038462,0.033411,0.001000,0.001000,0.001000,0.001000,0.001000
1046.057692,0.034275,0.001000,0.001000,0.001000,0.001000,0.001000
1046.076923,0.035121,0.001000,0.001000,0.001000,0.001000,0.001000
1046.096154,0.035946,0.001000,0.001000,0.001000,0.001000,0.001000
1046.115385,0.036752,0.001000,0.001000,0.001000,0.001000,0.001000
1046.134615,0.037538,0.001000,0.001000,0.001000,0.001000,0.001000
1046.153846,0.038303,0.001000,0.001000,0.001000,0.001000,0.001000
1046.173077,0.039047,0.001000,0.001000,0.001000,0.001000,0.001000
1046.192308,0.039770,0.001000,0.001000,0.001000,0.001000,0.001000
1046.211538,0.040470,0.001000,0.001000,0.001000,0.001000,0.001000
1046.230769,0.041148,0.001000,0.001000,0.001000,0.001000,0.001000
1046.250000,0.041804,0.001000,0.001000,0.001000,0.001000,0.001000
1046.269231,0.042436,0.001000,0.001000,0.001000,0.001000,0.001000
1046.288462,0.043045,0.001000,0.001000,0.001000,0.001000,0.001000
1046.307692,0.043631,0.001000,0.001000,0.001000,0.001000,0.001000
1046.326923,0.044192,0.001000,0.001000,0.001000,0.001000,0.001000
1046.346154,0.044729,0.001000,0.001000,0.001000,0.001000,0.001000
1046.365385,0.045241,0.001000,0.001000,0.001000,0.001000,0.001000
1046.384615,0.045728,0.001000,0.001000,0.001000,0.001000,0.001000
1046.403846,0.046191,0.001000,0.001000,0.001000,0.001000,0.001000
1046.423077,0.046627,0.001000,0.001000,0.001000,0.001000,0.001000
1046.442308,0.047038,0.001000,0.001000,0.001000,0.001000,0.001000
1046.461538,0.047423,0.001000,0.001000,0.001000,0.001000,0.001000
1046.480769,0.047782,0.001000,0.001000,0.001000,0.001000,0.001000
1046.500000,0.048115,0.001000,0.001000,0.001000,0.001000,0.001000
1046.519231,0.048421,0.001000,0.001000,0.001000,0.001000,0.001000
1046.538462,0.048700,0.001000,0.001000,0.001000,0.001000,0.001000
1046.557692,0.048953,0.001000,0.001000,0.001000,0.001000,0.001000
1046.576923,0.049178,0.001000,0.001000,0.001000,0.001000,0.001000
1046.596154,0.049377,0.001000,0.001000,0.001000,0.001000,0.001000
1046.615385,0.049548,0.001000,0.001000,0.001000,0.001000,0.001000
1046.634615,0.049692,0.001000,0.001000,0.001000,0.001000,0.001000
1046.653846,0.049808,0.001000,0.001000,0.001000,0.001000,0.001000
1046.673077,0.049897,0.001000,0.001000,0.001000,0.001000,0.001000
1046.692308,0.049959,0.001000,0.001000,0.001000,0.001000,0.001000
1046.711538,0.049993,0.001000,0.001000,0.001000,0.001000,0.001000
1046.730769,0.049999,0.001000,0.001000,0.001000,0.001000,0.001000
1046.750000,0.049978,0.001000,0.001000,0.001000,0.001000,0.001000
1046.769231,0.049929,0.001000,0.001000,0.001000,0.001000,0.001000
1046.788462,0.049853,0.001000,0.001000,0.001000,0.001000,0.001000
1046.807692,0.049749,0.001000,0.001000,0.001000,0.001000,0.001000
1046.826923,0.049618,0.001000,0.001000,0.001000,0.001000,0.001000
1046.846154,0.049460,0.001000,0.001000,0.001000,0.001000,0.001000
1046.865385,0.049274,0.001000,0.001000,0.001000,0.001000,0.001000
1046.884615,0.049061,0.001000,0.001000,0.001000,0.001000,0.001000
1046.903846,0.048821,0.001000,0.001000,0.001000,0.001000,0.001000
1046.923077,0.048554,0.001000,0.001000,0.001000,0.001000,0.001000
1046.942308,0.048261,0.001000,0.001000,0.001000,0.001000,0.001000
1046.961538,0.047941,0.001000,0.001000,0.001000,0.001000,0.001000
1046.980769,0.047594,0.001000,0.001000,0.001000,0.001000,0.001000
1047.000000,0.047221,0.001000,0.001000,0.001000,0.001000,0.001000
1047.019231,0.046822,0.001000,0.001000,0.001000,0.001000,0.001000
1047.038462,0.046397,0.001000,0.001000,0.001000,0.001000,0.001000
1047.057692,0.045947,0.001000,0.001000,0.001000,0.001000,0.001000
1047.076923,0.045472,0.001000,0.001000,0.001000,0.001000,0.001000
1047.096154,0.044971,0.001000,0.001000,0.001000,0.001000,0.001000
1047.115385,0.044445,0.001000,0.001000,0.001000,0.001000,0.001000
1047.134615,0.043895,0.001000,0.001000,0.001000,0.001000,0.001000
1047.153846,0.043321,0.001000,0.001000,0.001000,0.001000,0.001000
1047.173077,0.042723,0.001000,0.001000,0.001000,0.001000,0.001000
1047.192308,0.042102,0.001000,0.001000,0.001000,0.001000,0.001000
1047.211538,0.041457,0.001000,0.001000,0.001000,0.001000,0.001000
1047.230769,0.040789,0.001000,0.001000,0.001000,0.001000,0.001000
1047.250000,0.040099,0.001000,0.001000,0.001000,0.001000,0.001000
1047.269231,0.039387,0.001000,0.001000,0.001000,0.001000,0.001000
1047.288462,0.038653,0.001000,0.001000,0.001000,0.001000,0.001000
1047.307692,0.037898,0.001000,0.001000,0.001000,0.001000,0.001000
1047.326923,0.037121,0.001000,0.001000,0.001000,0.001000,0.001000
1047.346154,0.036325,0.001000,0.001000,0.001000,0.001000,0.001000
1047.365385,0.035508,0.001000,0.001000,0.001000,0.001000,0.001000
1047.384615,0.034672,0.001000,0.001000,0.001000,0.001000,0.001000
1047.403846,0.033817,0.001000,0.001000,0.001000,0.001000,0.001000
1047.423077,0.032943,0.001000,0.001000,0.001000,0.001000,0.001000
1047.442308,0.032050,0.001000,0.001000,0.001000,0.001000,0.001000
1047.461538,0.031141,0.001000,0.001000,0.001000,0.001000,0.001000
1047.480769,0.030214,0.001000,0.001000,0.001000,0.001000,0.001000
1047.500000,0.029270,0.001000,0.001000,0.001000,0.001000,0.001000
1047.519231,0.028310,0.001000,0.001000,0.001000,0.001000,0.001000
1047.538462,0.027335,0.001000,0.001000,0.001000,0.001000,0.001000
1047.557692,0.026345,0.001000,0.001000,0.001000,0.001000,0.001000
1047.576923,0.025340,0.001000,0.001000,0.001000,0.001000,0.001000
1047.596154,0.024321,0.001000,0.001000,0.001000,0.001000,0.001000
1047.615385,0.023288,0.001000,0.001000,0.001000,0.001000,0.001000
1047.634615,0.022243,0.001000,0.001000,0.001000,0.001000,0.001000
1047.653846,0.021186,0.001000,0.001000,0.001000,0.001000,0.001000
1047.673077,0.020117,0.001000,0.001000,0.001000,0.001000,0.001000
1047.692308,0.019037,0.001000,0.001000,0.001000,0.001000,0.001000
1047.711538,0.017946,0.001000,0.001000,0.001000,0.001000,0.001000
1047.730769,0.016845,0.001000,0.001000,0.001000,0.001000,0.001000
1047.750000,0.015736,0.001000,0.001000,0.001000,0.001000,0.001000
1047.769231,0.014617,0.001000,0.001000,0.001000,0.001000,0.001000
1047.788462,0.013490,0.001000,0.001000,0.001000,0.001000,0.001000
1047.807692,0.012356,0.001000,0.001000,0.001000,0.001000,0.001000
1047.826923,0.011216,0.001000,0.001000,0.001000,0.001000,0.001000
1047.846154,0.010069,0.001000,0.001000,0.001000,0.001000,0.001000
1047.865385,0.008916,0.001000,0.001000,0.001000,0.001000,0.001000
1047.884615,0.007758,0.001000,0.001000,0.001000,0.001000,0.001000
1047.903846,0.006597,0.001000,0.001000,0.001000,0.001000,0.001000
1047.923077,0.005431,0.001000,0.001000,0.001000,0.001000,0.001000
1047.942308,0.004263,0.001000,0.001000,0.001000,0.001000,0.001000
1047.961538,0.003092,0.001000,0.001000,0.001000,0.001000,0.001000
1047.980769,0.001920,0.001000,0.001000,0.001000,0.001000,0.001000
1048.000000,0.000746,0.001000,0.001000,0.001000,0.001000,0.001000
1048.019231,-0.000428,0.001000,0.001000,0.001000,0.001000,0.001000
1048.038462,-0.001601,0.001000,0.001000,0.001000,0.001000,0.001000
1048.057692,-0.002774,0.001000,0.001000,0.001000,0.001000,0.001000
1048.076923,-0.003945,0.001000,0.001000,0.001000,0.001000,0.001000
1048.096154,-0.005114,0.001000,0.001000,0.001000,0.001000,0.001000
1048.115385,-0.006281,0.001000,0.001000,0.001000,0.001000,0.001000
1048.134615,-0.007444,0.001000,0.001000,0.001000,0.001000,0.001000
1048.153846,-0.008602,0.001000,0.001000,0.001000,0.001000,0.001000
1048.173077,-0.009756,0.001000,0.001000,0.001000,0.001000,0.001000
1048.192308,-0.010905,0.001000,0.001000,0.001000,0.001000,0.001000
1048.211538,-0.012047,0.001000,0.001000,0.001000,0.001000,0.001000
1048.230769,-0.013183,0.001000,0.001000,0.001000,0.001000,0.001000
1048.250000,-0.014312,0.001000,0.001000,0.001000,0.001000,0.001000
1048.269231,-0.015433,0.001000,0.001000,0.001000,0.001000,0.001000
1048.288462,-0.016545,0.001000,0.001000,0.001000,0.001000,0.001000
1048.307692,-0.017648,0.001000,0.001000,0.001000,0.001000,0.001000
1048.326923,-0.018742,0.001000,0.001000,0.001000,0.001000,0.001000
1048.346154,-0.019825,0.001000,0.001000,0.001000,0.001000,0.001000
1048.365385,-0.020897,0.001000,0.001000,0.001000,0.001000,0.001000
1048.384615,-0.021957,0.001000,0.001000,0.001000,0.001000,0.001000
1048.403846,-0.023006,0.001000,0.001000,0.001000,0.001000,0.001000
1048.423077,-0.024042,0.001000,0.001000,0.001000,0.001000,0.001000
1048.442308,-0.025064,0.001000,0.001000,0.001000,0.001000,0.001000
1048.461538,-0.026073,0.001000,0.001000,0.001000,0.001000,0.001000
1048.480769,-0.027068,0.001000,0.001000,0.001000,0.001000,0.001000
1048.500000,-0.028047,0.001000,0.001000,0.001000,0.001000,0.001000
1048.519231,-0.029011,0.001000,0.001000,0.001000,0.001000,0.001000
1048.538462,-0.029959,0.001000,0.001000,0.001000,0.001000,0.001000
1048.557692,-0.030891,0.001000,0.001000,0.001000,0.001000,0.001000
1048.576923,-0.031805,0.001000,0.001000,0.001000,0.001000,0.001000
1048.596154,-0.032702,0.001000,0.001000,0.001000,0.001000,0.001000
1048.615385,-0.033581,0.001000,0.001000,0.001000,0.001000,0.001000
1048.634615,-0.034442,0.001000,0.001000,0.001000,0.001000,0.001000
1048.653846,-0.035283,0.001000,0.001000,0.001000,0.001000,0.001000
1048.673077,-0.036105,0.001000,0.001000,0.001000,0.001000,0.001000
1048.692308,-0.036907,0.001000,0.001000,0.001000,0.001000,0.001000
1048.711538,-0.037689,0.001000,0.001000,0.001000,0.001000,0.001000
1048.730769,-0.038450,0.001000,0.001000,0.001000,0.001000,0.001000
1048.750000,-0.039190,0.001000,0.001000,0.001000,0.001000,0.001000
1048.769231,-0.039908,0.001000,0.001000,0.001000,0.001000,0.001000
1048.788462,-0.040604,0.001000,0.001000,0.001000,0.001000,0.001000
1048.807692,-0.041278,0.001000,0.001000,0.001000,0.001000,0.001000
1048.826923,-0.041929,0.001000,0.001000,0.001000,0.001000,0.001000
1048.846154,-0.042557,0.001000,0.001000,0.001000,0.001000,0.001000
1048.865385,-0.043161,0.001000,0.001000,0.001000,0.001000,0.001000
1048.884615,-0.043742,0.001000,0.001000,0.001000,0.001000,0.001000
1048.903846,-0.044298,0.001000,0.001000,0.001000,0.001000,0.001000
1048.923077,-0.044831,0.001000,0.001000,0.001000,0.001000,0.001000
1048.942308,-0.045338,0.001000,0.001000,0.001000,0.001000,0.001000
1048.961538,-0.045821,0.001000,0.001000,0.001000,0.001000,0.001000
1048.980769,-0.046278,0.001000,0.001000,0.001000,0.001000,0.001000
1049.000000,-0.046709,0.001000,0.001000,0.001000,0.001000,0.001000
1049.019231,-0.047115,0.001000,0.001000,0.001000,0.001000,0.001000
1049.038462,-0.047495,0.001000,0.001000,0.001000,0.001000,0.001000
1049.057692,-0.047849,0.001000,0.001000,0.001000,0.001000,0.001000
1049.076923,-0.048176,0.001000,0.001000,0.001000,0.001000,0.001000
1049.096154,-0.048477,0.001000,0.001000,0.001000,0.001000,0.001000
1049.115385,-0.048751,0.001000,0.001000,0.001000,0.001000,0.001000
1049.134615,-0.048999,0.001000,0.001000,0.001000,0.001000,0.001000
1049.153846,-0.049219,0.001000,0.001000,0.001000,0.001000,0.001000
1049.173077,-0.049412,0.001000,0.001000,0.001000,0.001000,0.001000
1049.192308,-0.049578,0.001000,0.001000,0.001000,0.001000,0.001000
1049.211538,-0.049716,0.001000,0.001000,0.001000,0.001000,0.001000
1049.230769,-0.049828,0.001000,0.001000,0.001000,0.001000,0.001000
1049.250000,-0.049911,0.001000,0.001000,0.001000,0.001000,0.001000
1049.269231,-0.049967,0.001000,0.001000,0.001000,0.001000,0.001000
1049.288462,-0.049996,0.001000,0.001000,0.001000,0.001000,0.001000
1049.307692,-0.049997,0.001000,0.001000,0.001000,0.001000,0.001000
1049.326923,-0.049971,0.001000,0.001000,0.001000,0.001000,0.001000
1049.346154,-0.049917,0.001000,0.001000,0.001000,0.001000,0.001000
1049.365385,-0.049835,0.001000,0.001000,0.001000,0.001000,0.001000
1049.384615,-0.049726,0.001000,0.001000,0.001000,0.001000,0.001000
1049.403846,-0.049589,0.001000,0.001000,0.001000,0.001000,0.001000
1049.423077,-0.049426,0.001000,0.001000,0.001000,0.001000,0.001000
1049.442308,-0.049235,0.001000,0.001000,0.001000,0.001000,0.001000
1049.461538,-0.049016,0.001000,0.001000,0.001000,0.001000,0.001000
1049.480769,-0.048771,0.001000,0.001000,0.001000,0.001000,0.001000
1049.500000,-0.048499,0.001000,0.001000,0.001000,0.001000,0.001000
1049.519231,-0.048200,0.001000,0.001000,0.001000,0.001000,0.001000
1049.538462,-0.047875,0.001000,0.001000,0.001000,0.001000,0.001000
1049.557692,-0.047523,0.001000,0.001000,0.001000,0.001000,0.001000
1049.576923,-0.047145,0.001000,0.001000,0.001000,0.001000,0.001000
1049.596154,-0.046741,0.001000,0.001000,0.001000,0.001000,0.001000
1049.615385,-0.046312,0.001000,0.001000,0.001000,0.001000,0.001000
1049.634615,-0.045856,0.001000,0.001000,0.001000,0.001000,0.001000
1049.653846,-0.045376,0.001000,0.001000,0.001000,0.001000,0.001000
1049.673077,-0.044870,0.001000,0.001000,0.001000,0.001000,0.001000
1049.692308,-0.044340,0.001000,0.001000,0.001000,0.001000,0.001000
1049.711538,-0.043785,0.001000,0.001000,0.001000,0.001000,0.001000
1049.730769,-0.043207,0.001000,0.001000,0.001000,0.001000,0.001000
1049.750000,-0.042604,0.001000,0.001000,0.001000,0.001000,0.001000
1049.769231,-0.041978,0.001000,0.001000,0.001000,0.001000,0.001000
1049.788462,-0.041328,0.001000,0.001000,0.001000,0.001000,0.001000
1049.807692,-0.040656,0.001000,0.001000,0.001000,0.001000,0.001000
1049.826923,-0.039962,0.001000,0.001000,0.001000,0.001000,0.001000
1049.846154,-0.039245,0.001000,0.001000,0.001000,0.001000,0.001000
1049.865385,-0.038507,0.001000,0.001000,0.001000,0.001000,0.001000
1049.884615,-0.037748,0.001000,0.001000,0.001000,0.001000,0.001000
1049.903846,-0.036968,0.001000,0.001000,0.001000,0.001000,0.001000
1049.923077,-0.036167,0.001000,0.001000,0.001000,0.001000,0.001000
1049.942308,-0.035347,0.001000,0.001000,0.001000,0.001000,0.001000
1049.961538,-0.034507,0.001000,0.001000,0.001000,0.001000,0.001000
1049.980769,-0.033648,0.001000,0.001000,0.001000,0.001000,0.001000
1050.000000,-0.032770,0.001000,0.001000,0.001000,0.001000,0.001000
1050.019231,-0.031875,0.001000,0.001000,0.001000,0.001000,0.001000
1050.038462,-0.030961,0.001000,0.001000,0.001000,0.001000,0.001000
1050.057692,-0.030031,0.001000,0.001000,0.001000,0.001000,0.001000
1050.076923,-0.029084,0.001000,0.001000,0.001000,0.001000,0.001000
1050.096154,-0.028122,0.001000,0.001000,0.001000,0.001000,0.001000
1050.115385,-0.027143,0.001000,0.001000,0.001000,0.001000,0.001000
1050.134615,-0.026150,0.001000,0.001000,0.001000,0.001000,0.001000
1050.153846,-0.025142,0.001000,0.001000,0.001000,0.001000,0.001000
1050.173077,-0.024121,0.001000,0.001000,0.001000,0.001000,0.001000
1050.192308,-0.023086,0.001000,0.001000,0.001000,0.001000,0.001000
1050.211538,-0.022038,0.001000,0.001000,0.001000,0.001000,0.001000
1050.230769,-0.020978,0.001000,0.001000,0.001000,0.001000,0.001000
1050.250000,-0.019907,0.001000,0.001000,0.001000,0.001000,0.001000
1050.269231,-0.018825,0.001000,0.001000,0.001000,0.001000,0.001000
1050.288462,-0.017732,0.001000,0.001000,0.001000,0.001000,0.001000
1050.307692,-0.016630,0.001000,0.001000,0.001000,0.001000,0.001000
1050.326923,-0.015518,0.001000,0.001000,0.001000,0.001000,0.001000
1050.346154,-0.014398,0.001000,0.001000,0.001000,0.001000,0.001000
1050.365385,-0.013270,0.001000,0.001000,0.001000,0.001000,0.001000
1050.384615,-0.012135,0.001000,0.001000,0.001000,0.001000,0.001000
1050.403846,-0.010992,0.001000,0.001000,0.001000,0.001000,0.001000
1050.423077,-0.009844,0.001000,0.001000,0.001000,0.001000,0.001000
1050.442308,-0.008691,0.001000,0.001000,0.001000,0.001000,0.001000
1050.461538,-0.007532,0.001000,0.001000,0.001000,0.001000,0.001000
1050.480769,-0.006370,0.001000,0.001000,0.001000,0.001000,0.001000
1050.500000,-0.005204,0.001000,0.001000,0.001000,0.001000,0.001000
1050.519231,-0.004035,0.001000,0.001000,0.001000,0.001000,0.001000
1050.538462,-0.002864,0.001000,0.001000,0.001000,0.001000,0.001000
1050.557692,-0.001691,0.001000,0.001000,0.001000,0.001000,0.001000
1050.576923,-0.000517,0.001000,0.001000,0.001000,0.001000,0.001000
1050.596154,0.000656,0.001000,0.001000,0.001000,0.001000,0.001000
1050.615385,0.001830,0.001000,0.001000,0.001000,0.001000,0.001000
1050.634615,0.003003,0.001000,0.001000,0.001000,0.001000,0.001000
1050.653846,0.004173,0.001000,0.001000,0.001000,0.001000,0.001000
1050.673077,0.005342,0.001000,0.001000,0.001000,0.001000,0.001000
1050.692308,0.006508,0.001000,0.001000,0.001000,0.001000,0.001000
1050.711538,0.007670,0.001000,0.001000,0.001000,0.001000,0.001000
1050.730769,0.008828,0.001000,0.001000,0.001000,0.001000,0.001000
1050.750000,0.009980,0.001000,0.001000,0.001000,0.001000,0.001000
1050.769231,0.011128,0.001000,0.001000,0.001000,0.001000,0.001000
1050.788462,0.012269,0.001000,0.001000,0.001000,0.001000,0.001000
1050.807692,0.013404,0.001000,0.001000,0.001000,0.001000,0.001000
1050.826923,0.014531,0.001000,0.001000,0.001000,0.001000,0.001000
1050.846154,0.015650,0.001000,0.001000,0.001000,0.001000,0.001000
1050.865385,0.016761,0.001000,0.001000,0.001000,0.001000,0.001000
1050.884615,0.017862,0.001000,0.001000,0.001000,0.001000,0.001000
1050.903846,0.018953,0.001000,0.001000,0.001000,0.001000,0.001000
1050.923077,0.020034,0.001000,0.001000,0.001000,0.001000,0.001000
1050.942308,0.021104,0.001000,0.001000,0.001000,0.001000,0.001000
1050.961538,0.022163,0.001000,0.001000,0.001000,0.001000,0.001000
1050.980769,0.023209,0.001000,0.001000,0.001000,0.001000,0.001000
1051.000000,0.024242,0.001000,0.001000,0.001000,0.001000,0.001000
1051.019231,0.025262,0.001000,0.001000,0.001000,0.001000,0.001000
1051.038462,0.026268,0.001000,0.001000,0.001000,0.001000,0.001000
1051.057692,0.027260,0.001000,0.001000,0.001000,0.001000,0.001000
1051.076923,0.028236,0.001000,0.001000,0.001000,0.001000,0.001000
1051.096154,0.029197,0.001000,0.001000,0.001000,0.001000,0.001000
1051.115385,0.030142,0.001000,0.001000,0.001000,0.001000,0.001000
1051.134615,0.031070,0.001000,0.001000,0.001000,0.001000,0.001000
1051.153846,0.031981,0.001000,0.001000,0.001000,0.001000,0.001000
1051.173077,0.032875,0.001000,0.001000,0.001000,0.001000,0.001000
1051.192308,0.033750,0.001000,0.001000,0.001000,0.001000,0.001000
1051.211538,0.034607,0.001000,0.001000,0.001000,0.001000,0.001000
1051.230769,0.035445,0.001000,0.001000,0.001000,0.001000,0.001000
1051.250000,0.036263,0.001000,0.001000,0.001000,0.001000,0.001000
1051.269231,0.037061,0.001000,0.001000,0.001000,0.001000,0.001000
1051.288462,0.037839,0.001000,0.001000,0.001000,0.001000,0.001000
1051.307692,0.038596,0.001000,0.001000,0.001000,0.001000,0.001000
1051.326923,0.039331,0.001000,0.001000,0.001000,0.001000,0.001000
1051.346154,0.040045,0.001000,0.001000,0.001000,0.001000,0.001000
1051.365385,0.040737,0.001000,0.001000,0.001000,0.001000,0.001000
1051.384615,0.041406,0.001000,0.001000,0.001000,0.001000,0.001000
1051.403846,0.042053,0.001000,0.001000,0.001000,0.001000,0.001000
1051.423077,0.042676,0.001000,0.001000,0.001000,0.001000,0.001000
1051.442308,0.043276,0.001000,0.001000,0.001000,0.001000,0.001000
1051.461538,0.043852,0.001000,0.001000,0.001000,0.001000,0.001000
1051.480769,0.044404,0.001000,0.001000,0.001000,0.001000,0.001000
1051.500000,0.044931,0.001000,0.001000,0.001000,0.001000,0.001000
1051.519231,0.045434,0.001000,0.001000,0.001000,0.001000,0.001000
1051.538462,0.045912,0.001000,0.001000,0.001000,0.001000,0.001000
1051.557692,0.046364,0.001000,0.001000,0.001000,0.001000,0.001000
1051.576923,0.046791,0.001000,0.001000,0.001000,0.001000,0.001000
1051.596154,0.047191,0.001000,0.001000,0.001000,0.001000,0.001000
1051.615385,0.047566,0.001000,0.001000,0.001000,0.001000,0.001000
1051.634615,0.047915,0.001000,0.001000,0.001000,0.001000,0.001000
1051.653846,0.048237,0.001000,0.001000,0.001000,0.001000,0.001000
1051.673077,0.048533,0.001000,0.001000,0.001000,0.001000,0.001000
1051.692308,0.048802,0.001000,0.001000,0.001000,0.001000,0.001000
1051.711538,0.049044,0.001000,0.001000,0.001000,0.001000,0.001000
1051.730769,0.049259,0.001000,0.001000,0.001000,0.001000,0.001000
1051.750000,0.049446,0.001000,0.001000,0.001000,0.001000,0.001000
1051.769231,0.049607,0.001000,0.001000,0.001000,0.001000,0.001000
1051.788462,0.049740,0.001000,0.001000,0.001000,0.001000,0.001000
1051.807692,0.049846,0.001000,0.001000,0.001000,0.001000,0.001000
1051.826923,0.049924,0.001000,0.001000,0.001000,0.001000,0.001000
1051.846154,0.049975,0.001000,0.001000,0.001000,0.001000,0.001000
1051.865385,0.049998,0.001000,0.001000,0.001000,0.001000,0.001000
1051.884615,0.049994,0.001000,0.001000,0.001000,0.001000,0.001000
1051.903846,0.049962,0.001000,0.001000,0.001000,0.001000,0.001000
1051.923077,0.049903,0.001000,0.001000,0.001000,0.001000,0.001000
1051.942308,0.049816,0.001000,0.001000,0.001000,0.001000,0.001000
1051.961538,0.049701,0.001000,0.001000,0.001000,0.001000,0.001000
1051.980769,0.049560,0.001000,0.001000,0.001000,0.001000,0.001000
1052.000000,0.049391,0.001000,0.001000,0.001000,0.001000,0.001000
1052.019231,0.049194,0.001000,0.001000,0.001000,0.001000,0.001000
1052.038462,0.048971,0.001000,0.001000,0.001000,0.001000,0.001000
1052.057692,0.048720,0.001000,0.001000,0.001000,0.001000,0.001000
1052.076923,0.048443,0.001000,0.001000,0.001000,0.001000,0.001000
1052.096154,0.048139,0.001000,0.001000,0.001000,0.001000,0.001000
1052.115385,0.047809,0.001000,0.001000,0.001000,0.001000,0.001000
1052.134615,0.047452,0.001000,0.001000,0.001000,0.001000,0.001000
1052.153846,0.047069,0.001000,0.001000,0.001000,0.001000,0.001000
1052.173077,0.046660,0.001000,0.001000,0.001000,0.001000,0.001000
1052.192308,0.046225,0.001000,0.001000,0.001000,0.001000,0.001000
1052.211538,0.045765,0.001000,0.001000,0.001000,0.001000,0.001000
1052.230769,0.045279,0.001000,0.001000,0.001000,0.001000,0.001000
1052.250000,0.044769,0.001000,0.001000,0.001000,0.001000,0.001000
1052.269231,0.044234,0.001000,0.001000,0.001000,0.001000,0.001000
1052.288462,0.043674,0.001000,0.001000,0.001000,0.001000,0.001000
1052.307692,0.043091,0.001000,0.001000,0.001000,0.001000,0.001000
1052.326923,0.042484,0.001000,0.001000,0.001000,0.001000,0.001000
1052.346154,0.041853,0.001000,0.001000,0.001000,0.001000,0.001000
1052.365385,0.041199,0.001000,0.001000,0.001000,0.001000,0.001000
1052.384615,0.040523,0.001000,0.001000,0.001000,0.001000,0.001000
1052.403846,0.039824,0.001000,0.001000,0.001000,0.001000,0.001000
1052.423077,0.039103,0.001000,0.001000,0.001000,0.001000,0.001000
1052.442308,0.038361,0.001000,0.001000,0.001000,0.001000,0.001000
1052.461538,0.037597,0.001000,0.001000,0.001000,0.001000,0.001000
1052.480769,0.036813,0.001000,0.001000,0.001000,0.001000,0.001000
1052.500000,0.036009,0.001000,0.001000,0.001000,0.001000,0.001000
1052.519231,0.035184,0.001000,0.001000,0.001000,0.001000,0.001000
1052.538462,0.034341,0.001000,0.001000,0.001000,0.001000,0.001000
1052.557692,0.033478,0.001000,0.001000,0.001000,0.001000,0.001000
1052.576923,0.032597,0.001000,0.001000,0.001000,0.001000,0.001000
1052.596154,0.031698,0.001000,0.001000,0.001000,0.001000,0.001000
1052.615385,0.030781,0.001000,0.001000,0.001000,0.001000,0.001000
1052.634615,0.029848,0.001000,0.001000,0.001000,0.001000,0.001000
1052.653846,0.028898,0.001000,0.001000,0.001000,0.001000,0.001000
1052.673077,0.027932,0.001000,0.001000,0.001000,0.001000,0.001000
1052.692308,0.026951,0.001000,0.001000,0.001000,0.001000,0.001000
1052.711538,0.025955,0.001000,0.001000,0.001000,0.001000,0.001000
1052.730769,0.024944,0.001000,0.001000,0.001000,0.001000,0.001000
1052.750000,0.023920,0.001000,0.001000,0.001000,0.001000,0.001000
1052.769231,0.022883,0.001000,0.001000,0.001000,0.001000,0.001000
1052.788462,0.021833,0.001000,0.001000,0.001000,0.001000,0.001000
1052.807692,0.020771,0.001000,0.001000,0.001000,0.001000,0.001000
1052.826923,0.019697,0.001000,0.001000,0.001000,0.001000,0.001000
1052.846154,0.018613,0.001000,0.001000,0.001000,0.001000,0.001000
1052.865385,0.017518,0.001000,0.001000,0.001000,0.001000,0.001000
1052.884615,0.016414,0.001000,0.001000,0.001000,0.001000,0.001000
1052.903846,0.015301,0.001000,0.001000,0.001000,0.001000,0.001000
1052.923077,0.014179,0.001000,0.001000,0.001000,0.001000,0.001000
1052.942308,0.013049,0.001000,0.001000,0.001000,0.001000,0.001000
1052.961538,0.011912,0.001000,0.001000,0.001000,0.001000,0.001000
1052.980769,0.010769,0.001000,0.001000,0.001000,0.001000,0.001000
1053.000000,0.009620,0.001000,0.001000,0.001000,0.001000,0.001000
1053.019231,0.008465,0.001000,0.001000,0.001000,0.001000,0.001000
1053.038462,0.007306,0.001000,0.001000,0.001000,0.001000,0.001000
1053.057692,0.006143,0.001000,0.001000,0.001000,0.001000,0.001000
1053.076923,0.004976,0.001000,0.001000,0.001000,0.001000,0.001000
1053.096154,0.003807,0.001000,0.001000,0.001000,0.001000,0.001000
1053.115385,0.002635,0.001000,0.001000,0.001000,0.001000,0.001000
1053.134615,0.001462,0.001000,0.001000,0.001000,0.001000,0.001000
1053.153846,0.000289,0.001000,0.001000,0.001000,0.001000,0.001000
1053.173077,-0.000885,0.001000,0.001000,0.001000,0.001000,0.001000
1053.192308,-0.002059,0.001000,0.001000,0.001000,0.001000,0.001000
1053.211538,-0.003231,0.001000,0.001000,0.001000,0.001000,0.001000
1053.230769,-0.004401,0.001000,0.001000,0.001000,0.001000,0.001000
1053.250000,-0.005569,0.001000,0.001000,0.001000,0.001000,0.001000
1053.269231,-0.006734,0.001000,0.001000,0.001000,0.001000,0.001000
1053.288462,-0.007896,0.001000,0.001000,0.001000,0.001000,0.001000
1053.307692,-0.009053,0.001000,0.001000,0.001000,0.001000,0.001000
1053.326923,-0.010205,0.001000,0.001000,0.001000,0.001000,0.001000
1053.346154,-0.011351,0.001000,0.001000,0.001000,0.001000,0.001000
1053.365385,-0.012491,0.001000,0.001000,0.001000,0.001000,0.001000
1053.384615,-0.013624,0.001000,0.001000,0.001000,0.001000,0.001000
1053.403846,-0.014750,0.001000,0.001000,0.001000,0.001000,0.001000
1053.423077,-0.015867,0.001000,0.001000,0.001000,0.001000,0.001000
1053.442308,-0.016976,0.001000,0.001000,0.001000,0.001000,0.001000
1053.461538,-0.018076,0.001000,0.001000,0.001000,0.001000,0.001000
1053.480769,-0.019165,0.001000,0.001000,0.001000,0.001000,0.001000
1053.500000,-0.020244,0.001000,0.001000,0.001000,0.001000,0.001000
1053.519231,-0.021312,0.001000,0.001000,0.001000,0.001000,0.001000
1053.538462,-0.022368,0.001000,0.001000,0.001000,0.001000,0.001000
1053.557692,-0.023411,0.001000,0.001000,0.001000,0.001000,0.001000
1053.576923,-0.024442,0.001000,0.001000,0.001000,0.001000,0.001000
1053.596154,-0.025459,0.001000,0.001000,0.001000,0.001000,0.001000
1053.615385,-0.026463,0.001000,0.001000,0.001000,0.001000,0.001000
1053.634615,-0.027451,0.001000,0.001000,0.001000,0.001000,0.001000
1053.653846,-0.028425,0.001000,0.001000,0.001000,0.001000,0.001000
1053.673077,-0.029383,0.001000,0.001000,0.001000,0.001000,0.001000
1053.692308,-0.030324,0.001000,0.001000,0.001000,0.001000,0.001000
1053.711538,-0.031249,0.001000,0.001000,0.001000,0.001000,0.001000
1053.730769,-0.032157,0.001000,0.001000,0.001000,0.001000,0.001000
1053.750000,-0.033047,0.001000,0.001000,0.001000,0.001000,0.001000
1053.769231,-0.033919,0.001000,0.001000,0.001000,0.001000,0.001000
1053.788462,-0.034772,0.001000,0.001000,0.001000,0.001000,0.001000
1053.807692,-0.035606,0.001000,0.001000,0.001000,0.001000,0.001000
1053.826923,-0.036420,0.001000,0.001000,0.001000,0.001000,0.001000
1053.846154,-0.037214,0.001000,0.001000,0.001000,0.001000,0.001000
1053.865385,-0.037988,0.001000,0.001000,0.001000,0.001000,0.001000
1053.884615,-0.038741,0.001000,0.001000,0.001000,0.001000,0.001000
1053.903846,-0.039472,0.001000,0.001000,0.001000,0.001000,0.001000
1053.923077,-0.040182,0.001000,0.001000,0.001000,0.001000,0.001000
1053.942308,-0.040869,0.001000,0.001000,0.001000,0.001000,0.001000
1053.961538,-0.041534,0.001000,0.001000,0.001000,0.001000,0.001000
1053.980769,-0.042176,0.001000,0.001000,0.001000,0.001000,0.001000
1054.000000,-0.042795,0.001000,0.001000,0.001000,0.001000,0.001000
1054.019231,-0.043390,0.001000,0.001000,0.001000,0.001000,0.001000
1054.038462,-0.043962,0.001000,0.001000,0.001000,0.001000,0.001000
1054.057692,-0.044509,0.001000,0.001000,0.001000,0.001000,0.001000
1054.076923,-0.045031,0.001000,0.001000,0.001000,0.001000,0.001000
1054.096154,-0.045529,0.001000,0.001000,0.001000,0.001000,0.001000
1054.115385,-0.046002,0.001000,0.001000,0.001000,0.001000,0.001000
1054.134615,-0.046449,0.001000,0.001000,0.001000,0.001000,0.001000
1054.153846,-0.046871,0.001000,0.001000,0.001000,0.001000,0.001000
1054.173077,-0.047267,0.001000,0.001000,0.001000,0.001000,0.001000
1054.192308,-0.047636,0.001000,0.001000,0.001000,0.001000,0.001000
1054.211538,-0.047980,0.001000,0.001000,0.001000,0.001000,0.001000
1054.230769,-0.048297,0.001000,0.001000,0.001000,0.001000,0.001000
1054.250000,-0.048587,0.001000,0.001000,0.001000,0.001000,0.001000
1054.269231,-0.048851,0.001000,0.001000,0.001000,0.001000,0.001000
1054.288462,-0.049088,0.001000,0.001000,0.001000,0.001000,0.001000
1054.307692,-0.049297,0.001000,0.001000,0.001000,0.001000,0.001000
1054.326923,-0.049480,0.001000,0.001000,0.001000,0.001000,0.001000
1054.346154,-0.049635,0.001000,0.001000,0.001000,0.001000,0.001000
1054.365385,-0.049763,0.001000,0.001000,0.001000,0.001000,0.001000
1054.384615,-0.049863,0.001000,0.001000,0.001000,0.001000,0.001000
1054.403846,-0.049936,0.001000,0.001000,0.001000,0.001000,0.001000
1054.423077,-0.049982,0.001000,0.001000,0.001000,0.001000,0.001000
1054.442308,-0.050000,0.001000,0.001000,0.001000,0.001000,0.001000
1054.461538,-0.049990,0.001000,0.001000,0.001000,0.001000,0.001000
1054.480769,-0.049953,0.001000,0.001000,0.001000,0.001000,0.001000
1054.500000,-0.049888,0.001000,0.001000,0.001000,0.001000,0.001000
1054.519231,-0.049796,0.001000,0.001000,0.001000,0.001000,0.001000
1054.538462,-0.049676,0.001000,0.001000,0.001000,0.001000,0.001000
1054.557692,-0.049529,0.001000,0.001000,0.001000,0.001000,0.001000
1054.576923,-0.049354,0.001000,0.001000,0.001000,0.001000,0.001000
1054.596154,-0.049153,0.001000,0.001000,0.001000,0.001000,0.001000
1054.615385,-0.048924,0.001000,0.001000,0.001000,0.001000,0.001000
1054.634615,-0.048668,0.001000,0.001000,0.001000,0.001000,0.001000
1054.653846,-0.048386,0.001000,0.001000,0.001000,0.001000,0.001000
1054.673077,-0.048077,0.001000,0.001000,0.001000,0.001000,0.001000
1054.692308,-0.047741,0.001000,0.001000,0.001000,0.001000,0.001000
1054.711538,-0.047379,0.001000,0.001000,0.001000,0.001000,0.001000
1054.730769,-0.046991,0.001000,0.001000,0.001000,0.001000,0.001000
1054.750000,-0.046577,0.001000,0.001000,0.001000,0.001000,0.001000
1054.769231,-0.046137,0.001000,0.001000,0.001000,0.001000,0.001000
1054.788462,-0.045672,0.001000,0.001000,0.001000,0.001000,0.001000
1054.807692,-0.045182,0.001000,0.001000,0.001000,0.001000,0.001000
1054.826923,-0.044667,0.001000,0.001000,0.001000,0.001000,0.001000
1054.846154,-0.044127,0.001000,0.001000,0.001000,0.001000,0.001000
1054.865385,-0.043563,0.001000,0.001000,0.001000,0.001000,0.001000
1054.884615,-0.042974,0.001000,0.001000,0.001000,0.001000,0.001000
1054.903846,-0.042363,0.001000,0.001000,0.001000,0.001000,0.001000
1054.923077,-0.041727,0.001000,0.001000,0.001000,0.001000,0.001000
1054.942308,-0.041069,0.001000,0.001000,0.001000,0.001000,0.001000
1054.961538,-0.040388,0.001000,0.001000,0.001000,0.001000,0.001000
1054.980769,-0.039685,0.001000,0.001000,0.001000,0.001000,0.001000
1055.000000,-0.038960,0.001000,0.001000,0.001000,0.001000,0.001000
1055.019231,-0.038214,0.001000,0.001000,0.001000,0.001000,0.001000
1055.038462,-0.037446,0.001000,0.001000,0.001000,0.001000,0.001000
1055.057692,-0.036658,0.001000,0.001000,0.001000,0.001000,0.001000
1055.076923,-0.035850,0.001000,0.001000,0.001000,0.001000,0.001000
1055.096154,-0.035022,0.001000,0.001000,0.001000,0.001000,0.001000
1055.115385,-0.034174,0.001000,0.001000,0.001000,0.001000,0.001000
1055.134615,-0.033308,0.001000,0.001000,0.001000,0.001000,0.001000
1055.153846,-0.032423,0.001000,0.001000,0.001000,0.001000,0.001000
1055.173077,-0.031521,0.001000,0.001000,0.001000,0.001000,0.001000
1055.192308,-0.030601,0.001000,0.001000,0.001000,0.001000,0.001000
1055.211538,-0.029664,0.001000,0.001000,0.001000,0.001000,0.001000
1055.230769,-0.028711,0.001000,0.001000,0.001000,0.001000,0.001000
1055.250000,-0.027742,0.001000,0.001000,0.001000,0.001000,0.001000
1055.269231,-0.026758,0.001000,0.001000,0.001000,0.001000,0.001000
1055.288462,-0.025759,0.001000,0.001000,0.001000,0.001000,0.001000
1055.307692,-0.024746,0.001000,0.001000,0.001000,0.001000,0.001000
1055.326923,-0.023719,0.001000,0.001000,0.001000,0.001000,0.001000
1055.346154,-0.022679,0.001000,0.001000,0.001000,0.001000,0.001000
1055.365385,-0.021626,0.001000,0.001000,0.001000,0.001000,0.001000
1055.384615,-0.020562,0.001000,0.001000,0.001000,0.001000,0.001000
1055.403846,-0.019487,0.001000,0.001000,0.001000,0.001000,0.001000
1055.423077,-0.018400,0.001000,0.001000,0.001000,0.001000,0.001000
1055.442308,-0.017304,0.001000,0.001000,0.001000,0.001000,0.001000
1055.461538,-0.016198,0.001000,0.001000,0.001000,0.001000,0.001000
1055.480769,-0.015083,0.001000,0.001000,0.001000,0.001000,0.001000
1055.500000,-0.013959,0.001000,0.001000,0.001000,0.001000,0.001000
1055.519231,-0.012828,0.001000,0.001000,0.001000,0.001000,0.001000
1055.538462,-0.011690,0.001000,0.001000,0.001000,0.001000,0.001000
1055.557692,-0.010546,0.001000,0.001000,0.001000,0.001000,0.001000
1055.576923,-0.009395,0.001000,0.001000,0.001000,0.001000,0.001000
1055.596154,-0.008240,0.001000,0.001000,0.001000,0.001000,0.001000
1055.615385,-0.007080,0.001000,0.001000,0.001000,0.001000,0.001000
1055.634615,-0.005916,0.001000,0.001000,0.001000,0.001000,0.001000
1055.653846,-0.004749,0.001000,0.001000,0.001000,0.001000,0.001000
1055.673077,-0.003579,0.001000,0.001000,0.001000,0.001000,0.001000
1055.692308,-0.002407,0.001000,0.001000,0.001000,0.001000,0.001000
1055.711538,-0.001234,0.001000,0.001000,0.001000,0.001000,0.001000
1055.730769,-0.000060,0.001000,0.001000,0.001000,0.001000,0.001000
1055.750000,0.001114,0.001000,0.001000,0.001000,0.001000,0.001000
1055.769231,0.002287,0.001000,0.001000,0.001000,0.001000,0.001000
1055.788462,0.003459,0.001000,0.001000,0.001000,0.001000,0.001000
1055.807692,0.004629,0.001000,0.001000,0.001000,0.001000,0.001000
1055.826923,0.005797,0.001000,0.001000,0.001000,0.001000,0.001000
1055.846154,0.006961,0.001000,0.001000,0.001000,0.001000,0.001000
1055.865385,0.008122,0.001000,0.001000,0.001000,0.001000,0.001000
1055.884615,0.009278,0.001000,0.001000,0.001000,0.001000,0.001000
1055.903846,0.010428,0.001000,0.001000,0.001000,0.001000,0.001000
1055.923077,0.011574,0.001000,0.001000,0.001000,0.001000,0.001000
1055.942308,0.012712,0.001000,0.001000,0.001000,0.001000,0.001000
1055.961538,0.013844,0.001000,0.001000,0.001000,0.001000,0.001000
1055.980769,0.014968,0.001000,0.001000,0.001000,0.001000,0.001000
1056.000000,0.016084,0.001000,0.001000,0.001000,0.001000,0.001000
1056.019231,0.017191,0.001000,0.001000,0.001000,0.001000,0.001000
1056.038462,0.018289,0.001000,0.001000,0.001000,0.001000,0.001000
1056.057692,0.019376,0.001000,0.001000,0.001000,0.001000,0.001000
1056.076923,0.020453,0.001000,0.001000,0.001000,0.001000,0.001000
1056.096154,0.021518,0.001000,0.001000,0.001000,0.001000,0.001000
1056.115385,0.022572,0.001000,0.001000,0.001000,0.001000,0.001000
1056.134615,0.023613,0.001000,0.001000,0.001000,0.001000,0.001000
1056.153846,0.024641,0.001000,0.001000,0.001000,0.001000,0.001000
1056.173077,0.025656,0.001000,0.001000,0.001000,0.001000,0.001000
1056.192308,0.026656,0.001000,0.001000,0.001000,0.001000,0.001000
1056.211538,0.027642,0.001000,0.001000,0.001000,0.001000,0.001000
1056.230769,0.028613,0.001000,0.001000,0.001000,0.001000,0.001000
1056.250000,0.029567,0.001000,0.001000,0.001000,0.001000,0.001000
1056.269231,0.030506,0.001000,0.001000,0.001000,0.001000,0.001000
1056.288462,0.031428,0.001000,0.001000,0.001000,0.001000,0.001000
1056.307692,0.032332,0.001000,0.001000,0.001000,0.001000,0.001000
1056.326923,0.033218,0.001000,0.001000,0.001000,0.001000,0.001000
1056.346154,0.034087,0.001000,0.001000,0.001000,0.001000,0.001000
1056.365385,0.034936,0.001000,0.001000,0.001000,0.001000,0.001000
1056.384615,0.035766,0.001000,0.001000,0.001000,0.001000,0.001000
1056.403846,0.036576,0.001000,0.001000,0.001000,0.001000,0.001000
1056.423077,0.037367,0.001000,0.001000,0.001000,0.001000,0.001000
1056.442308,0.038136,0.001000,0.001000,0.001000,0.001000,0.001000
1056.461538,0.038885,0.001000,0.001000,0.001000,0.001000,0.001000
1056.480769,0.039612,0.001000,0.001000,0.001000,0.001000,0.001000
1056.500000,0.040318,0.001000,0.001000,0.001000,0.001000,0.001000
1056.519231,0.041001,0.001000,0.001000,0.001000,0.001000,0.001000
1056.538462,0.041661,0.001000,0.001000,0.001000,0.001000,0.001000
1056.557692,0.042299,0.001000,0.001000,0.001000,0.001000,0.001000
1056.576923,0.042913,0.001000,0.001000,0.001000,0.001000,0.001000
1056.596154,0.043504,0.001000,0.001000,0.001000,0.001000,0.001000
1056.615385,0.044070,0.001000,0.001000,0.001000,0.001000,0.001000
1056.634615,0.044613,0.001000,0.001000,0.001000,0.001000,0.001000
1056.653846,0.045130,0.001000,0.001000,0.001000,0.001000,0.001000
1056.673077,0.045623,0.001000,0.001000,0.001000,0.001000,0.001000
1056.692308,0.046091,0.001000,0.001000,0.001000,0.001000,0.001000
1056.711538,0.046533,0.001000,0.001000,0.001000,0.001000,0.001000
1056.730769,0.046950,0.001000,0.001000,0.001000,0.001000,0.001000
1056.750000,0.047341,0.001000,0.001000,0.001000,0.001000,0.001000
1056.769231,0.047705,0.001000,0.001000,0.001000,0.001000,0.001000
1056.788462,0.048044,0.001000,0.001000,0.001000,0.001000,0.001000
1056.807692,0.048356,0.001000,0.001000,0.001000,0.001000,0.001000
1056.826923,0.048641,0.001000,0.001000,0.001000,0.001000,0.001000
1056.846154,0.048899,0.001000,0.001000,0.001000,0.001000,0.001000
1056.865385,0.049131,0.001000,0.001000,0.001000,0.001000,0.001000
1056.884615,0.049335,0.001000,0.001000,0.001000,0.001000,0.001000
1056.903846,0.049512,0.001000,0.001000,0.001000,0.001000,0.001000
1056.923077,0.049662,0.001000,0.001000,0.001000,0.001000,0.001000
1056.942308,0.049785,0.001000,0.001000,0.001000,0.001000,0.001000
1056.961538,0.049880,0.001000,0.001000,0.001000,0.001000,0.001000
1056.980769,0.049947,0.001000,0.001000,0.001000,0.001000,0.001000
1057.000000,0.049987,0.001000,0.001000,0.001000,0.001000,0.001000
1057.019231,0.050000,0.001000,0.001000,0.001000,0.001000,0.001000
1057.038462,0.049985,0.001000,0.001000,0.001000,0.001000,0.001000
1057.057692,0.049942,0.001000,0.001000,0.001000,0.001000,0.001000
1057.076923,0.049872,0.001000,0.001000,0.001000,0.001000,0.001000
1057.096154,0.049775,0.001000,0.001000,0.001000,0.001000,0.001000
1057.115385,0.049649,0.001000,0.001000,0.001000,0.001000,0.001000
1057.134615,0.049497,0.001000,0.001000,0.001000,0.001000,0.001000
1057.153846,0.049317,0.001000,0.001000,0.001000,0.001000,0.001000
1057.173077,0.049110,0.001000,0.001000,0.001000,0.001000,0.001000
1057.192308,0.048876,0.001000,0.001000,0.001000,0.001000,0.001000
1057.211538,0.048615,0.001000,0.001000,0.001000,0.001000,0.001000
1057.230769,0.048328,0.001000,0.001000,0.001000,0.001000,0.001000
1057.250000,0.048013,0.001000,0.001000,0.001000,0.001000,0.001000
1057.269231,0.047673,0.001000,0.001000,0.001000,0.001000,0.001000
1057.288462,0.047305,0.001000,0.001000,0.001000,0.001000,0.001000
1057.307692,0.046912,0.001000,0.001000,0.001000,0.001000,0.001000
1057.326923,0.046493,0.001000,0.001000,0.001000,0.001000,0.001000
1057.346154,0.046049,0.001000,0.001000,0.001000,0.001000,0.001000
1057.365385,0.045579,0.001000,0.001000,0.001000,0.001000,0.001000
1057.384615,0.045083,0.001000,0.001000,0.001000,0.001000,0.001000
1057.403846,0.044563,0.001000,0.001000,0.001000,0.001000,0.001000
1057.423077,0.044019,0.001000,0.001000,0.001000,0.001000,0.001000
1057.442308,0.043450,0.001000,0.001000,0.001000,0.001000,0.001000
1057.461538,0.042857,0.001000,0.001000,0.001000,0.001000,0.001000
1057.480769,0.042241,0.001000,0.001000,0.001000,0.001000,0.001000
1057.500000,0.041601,0.001000,0.001000,0.001000,0.001000,0.001000
1057.519231,0.040938,0.001000,0.001000,0.001000,0.001000,0.001000
1057.538462,0.040253,0.001000,0.001000,0.001000,0.001000,0.001000
1057.557692,0.039546,0.001000,0.001000,0.001000,0.001000,0.001000
1057.576923,0.038816,0.001000,0.001000,0.001000,0.001000,0.001000
1057.596154,0.038066,0.001000,0.001000,0.001000,0.001000,0.001000
1057.615385,0.037294,0.001000,0.001000,0.001000,0.001000,0.001000
1057.634615,0.036502,0.001000,0.001000,0.001000,0.001000,0.001000
1057.653846,0.035690,0.001000,0.001000,0.001000,0.001000,0.001000
1057.673077,0.034858,0.001000,0.001000,0.001000,0.001000,0.001000
1057.692308,0.034007,0.001000,0.001000,0.001000,0.001000,0.001000
1057.711538,0.033137,0.001000,0.001000,0.001000,0.001000,0.001000
1057.730769,0.032249,0.001000,0.001000,0.001000,0.001000,0.001000
1057.750000,0.031343,0.001000,0.001000,0.001000,0.001000,0.001000
1057.769231,0.030420,0.001000,0.001000,0.001000,0.001000,0.001000
1057.788462,0.029480,0.001000,0.001000,0.001000,0.001000,0.001000
1057.807692,0.028523,0.001000,0.001000,0.001000,0.001000,0.001000
1057.826923,0.027551,0.001000,0.001000,0.001000,0.001000,0.001000
1057.846154,0.026564,0.001000,0.001000,0.001000,0.001000,0.001000
1057.865385,0.025562,0.001000,0.001000,0.001000,0.001000,0.001000
1057.884615,0.024547,0.001000,0.001000,0.001000,0.001000,0.001000
1057.903846,0.023517,0.001000,0.001000,0.001000,0.001000,0.001000
1057.923077,0.022475,0.001000,0.001000,0.001000,0.001000,0.001000
1057.942308,0.021420,0.001000,0.001000,0.001000,0.001000,0.001000
1057.961538,0.020353,0.001000,0.001000,0.001000,0.001000,0.001000
1057.980769,0.019276,0.001000,0.001000,0.001000,0.001000,0.001000
1058.000000,0.018187,0.001000,0.001000,0.001000,0.001000,0.001000
1058.019231,0.017089,0.001000,0.001000,0.001000,0.001000,0.001000
1058.038462,0.015981,0.001000,0.001000,0.001000,0.001000,0.001000
1058.057692,0.014864,0.001000,0.001000,0.001000,0.001000,0.001000
1058.076923,0.013739,0.001000,0.001000,0.001000,0.001000,0.001000
1058.096154,0.012607,0.001000,0.001000,0.001000,0.001000,0.001000
1058.115385,0.011468,0.001000,0.001000,0.001000,0.001000,0.001000
1058.134615,0.010322,0.001000,0.001000,0.001000,0.001000,0.001000
1058.153846,0.009170,0.001000,0.001000,0.001000,0.001000,0.001000
1058.173077,0.008014,0.001000,0.001000,0.001000,0.001000,0.001000
1058.192308,0.006853,0.001000,0.001000,0.001000,0.001000,0.001000
1058.211538,0.005688,0.001000,0.001000,0.001000,0.001000,0.001000
1058.230769,0.004521,0.001000,0.001000,0.001000,0.001000,0.001000
1058.250000,0.003350,0.001000,0.001000,0.001000,0.001000,0.001000
1058.269231,0.002178,0.001000,0.001000,0.001000,0.001000,0.001000
1058.288462,0.001005,0.001000,0.001000,0.001000,0.001000,0.001000
1058.307692,-0.000169,0.001000,0.001000,0.001000,0.001000,0.001000
1058.326923,-0.001343,0.001000,0.001000,0.001000,0.001000,0.001000
1058.346154,-0.002516,0.001000,0.001000,0.001000,0.001000,0.001000
1058.365385,-0.003687,0.001000,0.001000,0.001000,0.001000,0.001000
1058.384615,-0.004857,0.001000,0.001000,0.001000,0.001000,0.001000
1058.403846,-0.006024,0.001000,0.001000,0.001000,0.001000,0.001000
1058.423077,-0.007188,0.001000,0.001000,0.001000,0.001000,0.001000
1058.442308,-0.008347,0.001000,0.001000,0.001000,0.001000,0.001000
1058.461538,-0.009502,0.001000,0.001000,0.001000,0.001000,0.001000
1058.480769,-0.010652,0.001000,0.001000,0.001000,0.001000,0.001000
1058.500000,-0.011796,0.001000,0.001000,0.001000,0.001000,0.001000
1058.519231,-0.012934,0.001000,0.001000,0.001000,0.001000,0.001000
1058.538462,-0.014064,0.001000,0.001000,0.001000,0.001000,0.001000
1058.557692,-0.015186,0.001000,0.001000,0.001000,0.001000,0.001000
1058.576923,-0.016301,0.001000,0.001000,0.001000,0.001000,0.001000
1058.596154,-0.017406,0.001000,0.001000,0.001000,0.001000,0.001000
1058.615385,-0.018501,0.001000,0.001000,0.001000,0.001000,0.001000
1058.634615,-0.019587,0.001000,0.001000,0.001000,0.001000,0.001000
1058.653846,-0.020661,0.001000,0.001000,0.001000,0.001000,0.001000
1058.673077,-0.021725,0.001000,0.001000,0.001000,0.001000,0.001000
1058.692308,-0.022776,0.001000,0.001000,0.001000,0.001000,0.001000
1058.711538,-0.023815,0.001000,0.001000,0.001000,0.001000,0.001000
1058.730769,-0.024840,0.001000,0.001000,0.001000,0.001000,0.001000
1058.750000,-0.025852,0.001000,0.001000,0.001000,0.001000,0.001000
1058.769231,-0.026850,0.001000,0.001000,0.001000,0.001000,0.001000
1058.788462,-0.027833,0.001000,0.001000,0.001000,0.001000,0.001000
1058.807692,-0.028800,0.001000,0.001000,0.001000,0.001000,0.001000
1058.826923,-0.029752,0.001000,0.001000,0.001000,0.001000,0.001000
1058.846154,-0.030687,0.001000,0.001000,0.001000,0.001000,0.001000
1058.865385,-0.031605,0.001000,0.001000,0.001000,0.001000,0.001000
1058.884615,-0.032506,0.001000,0.001000,0.001000,0.001000,0.001000
1058.903846,-0.033389,0.001000,0.001000,0.001000,0.001000,0.001000
1058.923077,-0.034254,0.001000,0.001000,0.001000,0.001000,0.001000
1058.942308,-0.035099,0.001000,0.001000,0.001000,0.001000,0.001000
1058.961538,-0.035926,0.001000,0.001000,0.001000,0.001000,0.001000
1058.980769,-0.036732,0.001000,0.001000,0.001000,0.001000,0.001000
1059.000000,-0.037518,0.001000,0.001000,0.001000,0.001000,0.001000
1059.019231,-0.038284,0.001000,0.001000,0.001000,0.001000,0.001000
1059.038462,-0.039028,0.001000,0.001000,0.001000,0.001000,0.001000
1059.057692,-0.039751,0.001000,0.001000,0.001000,0.001000,0.001000
1059.076923,-0.040452,0.001000,0.001000,0.001000,0.001000,0.001000
1059.096154,-0.041131,0.001000,0.001000,0.001000,0.001000,0.001000
1059.115385,-0.041787,0.001000,0.001000,0.001000,0.001000,0.001000
1059.134615,-0.042420,0.001000,0.001000,0.001000,0.001000,0.001000
1059.153846,-0.043030,0.001000,0.001000,0.001000,0.001000,0.001000
1059.173077,-0.043616,0.001000,0.001000,0.001000,0.001000,0.001000
1059.192308,-0.044178,0.001000,0.001000,0.001000,0.001000,0.001000
1059.211538,-0.044715,0.001000,0.001000,0.001000,0.001000,0.001000
1059.230769,-0.045228,0.001000,0.001000,0.001000,0.001000,0.001000
1059.250000,-0.045716,0.001000,0.001000,0.001000,0.001000,0.001000
1059.269231,-0.046179,0.001000,0.001000,0.001000,0.001000,0.001000
1059.288462,-0.046616,0.001000,0.001000,0.001000,0.001000,0.001000
1059.307692,-0.047028,0.001000,0.001000,0.001000,0.001000,0.001000
1059.326923,-0.047414,0.001000,0.001000,0.001000,0.001000,0.001000
1059.346154,-0.047773,0.001000,0.001000,0.001000,0.001000,0.001000
1059.365385,-0.048107,0.001000,0.001000,0.001000,0.001000,0.001000
1059.384615,-0.048413,0.001000,0.001000,0.001000,0.001000,0.001000
1059.403846,-0.048693,0.001000,0.001000,0.001000,0.001000,0.001000
1059.423077,-0.048946,0.001000,0.001000,0.001000,0.001000,0.001000
1059.442308,-0.049173,0.001000,0.001000,0.001000,0.001000,0.001000
1059.461538,-0.049372,0.001000,0.001000,0.001000,0.001000,0.001000
1059.480769,-0.049544,0.001000,0.001000,0.001000,0.001000,0.001000
1059.500000,-0.049688,0.001000,0.001000,0.001000,0.001000,0.001000
1059.519231,-0.049805,0.001000,0.001000,0.001000,0.001000,0.001000
1059.538462,-0.049895,0.001000,0.001000,0.001000,0.001000,0.001000
1059.557692,-0.049957,0.001000,0.001000,0.001000,0.001000,0.001000
1059.576923,-0.049992,0.001000,0.001000,0.001000,0.001000,0.001000
1059.596154,-0.049999,0.001000,0.001000,0.001000,0.001000,0.001000
1059.615385,-0.049979,0.001000,0.001000,0.001000,0.001000,0.001000
1059.634615,-0.049931,0.001000,0.001000,0.001000,0.001000,0.001000
1059.653846,-0.049855,0.001000,0.001000,0.001000,0.001000,0.001000
1059.673077,-0.049752,0.001000,0.001000,0.001000,0.001000,0.001000
1059.692308,-0.049622,0.001000,0.001000,0.001000,0.001000,0.001000
1059.711538,-0.049464,0.001000,0.001000,0.001000,0.001000,0.001000
1059.730769,-0.049279,0.001000,0.001000,0.001000,0.001000,0.001000
1059.750000,-0.049067,0.001000,0.001000,0.001000,0.001000,0.001000
1059.769231,-0.048828,0.001000,0.001000,0.001000,0.001000,0.001000
1059.788462,-0.048561,0.001000,0.001000,0.001000,0.001000,0.001000
1059.807692,-0.048269,0.001000,0.001000,0.001000,0.001000,0.001000
1059.826923,-0.047949,0.001000,0.001000,0.001000,0.001000,0.001000
1059.846154,-0.047603,0.001000,0.001000,0.001000,0.001000,0.001000
1059.865385,-0.047231,0.001000,0.001000,0.001000,0.001000,0.001000
1059.884615,-0.046833,0.001000,0.001000,0.001000,0.001000,0.001000
1059.903846,-0.046409,0.001000,0.001000,0.001000,0.001000,0.001000
1059.923077,-0.045959,0.001000,0.001000,0.001000,0.001000,0.001000
1059.942308,-0.045484,0.001000,0.001000,0.001000,0.001000,0.001000
1059.961538,-0.044984,0.001000,0.001000,0.001000,0.001000,0.001000
1059.980769,-0.044459,0.001000,0.001000,0.001000,0.001000,0.001000
1060.000000,0.000000,0.001000,0.001000,0.001000,0.001000,0.001000
1060.019231,0.001121,0.001000,0.001000,0.001000,0.001000,0.001000
1060.038462,0.002241,0.001000,0.001000,0.001000,0.001000,0.001000
1060.057692,0.003360,0.001000,0.001000,0.001000,0.001000,0.001000
1060.076923,0.004478,0.001000,0.001000,0.001000,0.001000,0.001000
1060.096154,0.005593,0.001000,0.001000,0.001000,0.001000,0.001000
1060.115385,0.006706,0.001000,0.001000,0.001000,0.001000,0.001000
1060.134615,0.007815,0.001000,0.001000,0.001000,0.001000,0.001000
1060.153846,0.008920,0.001000,0.001000,0.001000,0.001000,0.001000
1060.173077,0.010020,0.001000,0.001000,0.001000,0.001000,0.001000
1060.192308,0.011116,0.001000,0.001000,0.001000,0.001000,0.001000
1060.211538,0.012206,0.001000,0.001000,0.001000,0.001000,0.001000
1060.230769,0.013290,0.001000,0.001000,0.001000,0.001000,0.001000
1060.250000,0.014367,0.001000,0.001000,0.001000,0.001000,0.001000
1060.269231,0.015437,0.001000,0.001000,0.001000,0.001000,0.001000
1060.288462,0.016499,0.001000,0.001000,0.001000,0.001000,0.001000
1060.307692,0.017553,0.001000,0.001000,0.001000,0.001000,0.001000
1060.326923,0.018599,0.001000,0.001000,0.001000,0.001000,0.001000
1060.346154,0.019634,0.001000,0.001000,0.001000,0.001000,0.001000
1060.365385,0.020660,0.001000,0.001000,0.001000,0.001000,0.001000
1060.384615,0.021676,0.001000,0.001000,0.001000,0.001000,0.001000
1060.403846,0.022680,0.001000,0.001000,0.001000,0.001000,0.001000
1060.423077,0.023674,0.001000,0.001000,0.001000,0.001000,0.001000
1060.442308,0.024655,0.001000,0.001000,0.001000,0.001000,0.001000
1060.461538,0.025624,0.001000,0.001000,0.001000,0.001000,0.001000
1060.480769,0.026580,0.001000,0.001000,0.001000,0.001000,0.001000
1060.500000,0.027523,0.001000,0.001000,0.001000,0.001000,0.001000
1060.519231,0.028451,0.001000,0.001000,0.001000,0.001000,0.001000
1060.538462,0.029366,0.001000,0.001000,0.001000,0.001000,0.001000
1060.557692,0.030266,0.001000,0.001000,0.001000,0.001000,0.001000
1060.576923,0.031150,0.001000,0.001000,0.001000,0.001000,0.001000
1060.596154,0.032019,0.001000,0.001000,0.001000,0.001000,0.001000
1060.615385,0.032872,0.001000,0.001000,0.001000,0.001000,0.001000
1060.634615,0.033709,0.001000,0.001000,0.001000,0.001000,0.001000
1060.653846,0.034528,0.001000,0.001000,0.001000,0.001000,0.001000
1060.673077,0.035330,0.001000,0.001000,0.001000,0.001000,0.001000
1060.692308,0.036114,0.001000,0.001000,0.001000,0.001000,0.001000
1060.711538,0.036880,0.001000,0.001000,0.001000,0.001000,0.001000
1060.730769,0.037628,0.001000,0.001000,0.001000,0.001000,0.001000
1060.750000,0.038357,0.001000,0.001000,0.001000,0.001000,0.001000
1060.769231,0.039066,0.001000,0.001000,0.001000,0.001000,0.001000
1060.788462,0.039756,0.001000,0.001000,0.001000,0.001000,0.001000
1060.807692,0.040426,0.001000,0.001000,0.001000,0.001000,0.001000
1060.826923,0.041075,0.001000,0.001000,0.001000,0.001000,0.001000
1060.846154,0.041704,0.001000,0.001000,0.001000,0.001000,0.001000
1060.865385,0.042312,0.001000,0.001000,0.001000,0.001000,0.001000
1060.884615,0.042898,0.001000,0.001000,0.001000,0.001000,0.001000
1060.903846,0.043463,0.001000,0.001000,0.001000,0.001000,0.001000
1060.923077,0.044006,0.001000,0.001000,0.001000,0.001000,0.001000
1060.942308,0.044527,0.001000,0.001000,0.001000,0.001000,0.001000
1060.961538,0.045026,0.001000,0.001000,0.001000,0.001000,0.001000
1060.980769,0.045502,0.001000,0.001000,0.001000,0.001000,0.001000
1061.000000,0.045955,0.001000,0.001000,0.001000,0.001000,0.001000
1061.019231,0.046385,0.001000,0.001000,0.001000,0.001000,0.001000
1061.038462,0.046792,0.001000,0.001000,0.001000,0.001000,0.001000
1061.057692,0.047176,0.001000,0.001000,0.001000,0.001000,0.001000
1061.076923,0.047535,0.001000,0.001000,0.001000,0.001000,0.001000
1061.096154,0.047871,0.001000,0.001000,0.001000,0.001000,0.001000
1061.115385,0.048182,0.001000,0.001000,0.001000,0.001000,0.001000
1061.134615,0.048470,0.001000,0.001000,0.001000,0.001000,0.001000
1061.153846,0.048733,0.001000,0.001000,0.001000,0.001000,0.001000
1061.173077,0.048971,0.001000,0.001000,0.001000,0.001000,0.001000
1061.192308,0.049185,0.001000,0.001000,0.001000,0.001000,0.001000
1061.211538,0.049374,0.001000,0.001000,0.001000,0.001000,0.001000
1061.230769,0.049539,0.001000,0.001000,0.001000,0.001000,0.001000
1061.250000,0.049678,0.001000,0.001000,0.001000,0.001000,0.001000
1061.269231,0.049793,0.001000,0.001000,0.001000,0.001000,0.001000
1061.288462,0.049882,0.001000,0.001000,0.001000,0.001000,0.001000
1061.307692,0.049946,0.001000,0.001000,0.001000,0.001000,0.001000
1061.326923,0.049986,0.001000,0.001000,0.001000,0.001000,0.001000
1061.346154,0.050000,0.001000,0.001000,0.001000,0.001000,0.001000
1061.365385,0.049989,0.001000,0.001000,0.001000,0.001000,0.001000
1061.384615,0.049953,0.001000,0.001000,0.001000,0.001000,0.001000
1061.403846,0.049892,0.001000,0.001000,0.001000,0.001000,0.001000
1061.423077,0.049805,0.001000,0.001000,0.001000,0.001000,0.001000
1061.442308,0.049694,0.001000,0.001000,0.001000,0.001000,0.001000
1061.461538,0.049558,0.001000,0.001000,0.001000,0.001000,0.001000
1061.480769,0.049397,0.001000,0.001000,0.001000,0.001000,0.001000
1061.500000,0.049211,0.001000,0.001000,0.001000,0.001000,0.001000
1061.519231,0.049000,0.001000,0.001000,0.001000,0.001000,0.001000
1061.538462,0.048765,0.001000,0.001000,0.001000,0.001000,0.001000
1061.557692,0.048505,0.001000,0.001000,0.001000,0.001000,0.001000
1061.576923,0.048220,0.001000,0.001000,0.001000,0.001000,0.001000
1061.596154,0.047912,0.001000,0.001000,0.001000,0.001000,0.001000
1061.615385,0.047579,0.001000,0.001000,0.001000,0.001000,0.001000
1061.634615,0.047223,0.001000,0.001000,0.001000,0.001000,0.001000
1061.653846,0.046843,0.001000,0.001000,0.001000,0.001000,0.001000
1061.673077,0.046439,0.001000,0.001000,0.001000,0.001000,0.001000
1061.692308,0.046012,0.001000,0.001000,0.001000,0.001000,0.001000
1061.711538,0.045562,0.001000,0.001000,0.001000,0.001000,0.001000
1061.730769,0.045088,0.001000,0.001000,0.001000,0.001000,0.001000
1061.750000,0.044593,0.001000,0.001000,0.001000,0.001000,0.001000
1061.769231,0.044074,0.001000,0.001000,0.001000,0.001000,0.001000
1061.788462,0.043534,0.001000,0.001000,0.001000,0.001000,0.001000
1061.807692,0.042972,0.001000,0.001000,0.001000,0.001000,0.001000
1061.826923,0.042388,0.001000,0.001000,0.001000,0.001000,0.001000
1061.846154,0.041783,0.001000,0.001000,0.001000,0.001000,0.001000
1061.865385,0.041157,0.001000,0.001000,0.001000,0.001000,0.001000
1061.884615,0.040510,0.001000,0.001000,0.001000,0.001000,0.001000
1061.903846,0.039843,0.001000,0.001000,0.001000,0.001000,0.001000
1061.923077,0.039155,0.001000,0.001000,0.001000,0.001000,0.001000
1061.942308,0.038449,0.001000,0.001000,0.001000,0.001000,0.001000
1061.961538,0.037722,0.001000,0.001000,0.001000,0.001000,0.001000
1061.980769,0.036977,0.001000,0.001000,0.001000,0.001000,0.001000
1062.000000,0.036213,0.001000,0.001000,0.001000,0.001000,0.001000
1062.019231,0.035431,0.001000,0.001000,0.001000,0.001000,0.001000
1062.038462,0.034632,0.001000,0.001000,0.001000,0.001000,0.001000
1062.057692,0.033814,0.001000,0.001000,0.001000,0.001000,0.001000
1062.076923,0.032980,0.001000,0.001000,0.001000,0.001000,0.001000
1062.096154,0.032130,0.001000,0.001000,0.001000,0.001000,0.001000
1062.115385,0.031263,0.001000,0.001000,0.001000,0.001000,0.001000
1062.134615,0.030380,0.001000,0.001000,0.001000,0.001000,0.001000
1062.153846,0.029482,0.001000,0.001000,0.001000,0.001000,0.001000
1062.173077,0.028569,0.001000,0.001000,0.001000,0.001000,0.001000
1062.192308,0.027642,0.001000,0.001000,0.001000,0.001000,0.001000
1062.211538,0.026701,0.001000,0.001000,0.001000,0.001000,0.001000
1062.230769,0.025747,0.001000,0.001000,0.001000,0.001000,0.001000
1062.250000,0.024780,0.001000,0.001000,0.001000,0.001000,0.001000
1062.269231,0.023800,0.001000,0.001000,0.001000,0.001000,0.001000
1062.288462,0.022808,0.001000,0.001000,0.001000,0.001000,0.001000
1062.307692,0.021805,0.001000,0.001000,0.001000,0.001000,0.001000
1062.326923,0.020791,0.001000,0.001000,0.001000,0.001000,0.001000
1062.346154,0.019766,0.001000,0.001000,0.001000,0.001000,0.001000
1062.365385,0.018732,0.001000,0.001000,0.001000,0.001000,0.001000
1062.384615,0.017688,0.001000,0.001000,0.001000,0.001000,0.001000
1062.403846,0.016635,0.001000,0.001000,0.001000,0.001000,0.001000
1062.423077,0.015574,0.001000,0.001000,0.001000,0.001000,0.001000
1062.442308,0.014505,0.001000,0.001000,0.001000,0.001000,0.001000
1062.461538,0.013428,0.001000,0.001000,0.001000,0.001000,0.001000
1062.480769,0.012345,0.001000,0.001000,0.001000,0.001000,0.001000
1062.500000,0.011256,0.001000,0.001000,0.001000,0.001000,0.001000
1062.519231,0.010161,0.001000,0.001000,0.001000,0.001000,0.001000
1062.538462,0.009061,0.001000,0.001000,0.001000,0.001000,0.001000
1062.557692,0.007956,0.001000,0.001000,0.001000,0.001000,0.001000
1062.576923,0.006848,0.001000,0.001000,0.001000,0.001000,0.001000
1062.596154,0.005736,0.001000,0.001000,0.001000,0.001000,0.001000
1062.615385,0.004621,0.001000,0.001000,0.001000,0.001000,0.001000
1062.634615,0.003504,0.001000,0.001000,0.001000,0.001000,0.001000
1062.653846,0.002385,0.001000,0.001000,0.001000,0.001000,0.001000
1062.673077,0.001264,0.001000,0.001000,0.001000,0.001000,0.001000
1062.692308,0.000144,0.001000,0.001000,0.001000,0.001000,0.001000
1062.711538,-0.000977,0.001000,0.001000,0.001000,0.001000,0.001000
1062.730769,-0.002098,0.001000,0.001000,0.001000,0.001000,0.001000
1062.750000,-0.003217,0.001000,0.001000,0.001000,0.001000,0.001000
1062.769231,-0.004335,0.001000,0.001000,0.001000,0.001000,0.001000
1062.788462,-0.005450,0.001000,0.001000,0.001000,0.001000,0.001000
1062.807692,-0.006563,0.001000,0.001000,0.001000,0.001000,0.001000
1062.826923,-0.007673,0.001000,0.001000,0.001000,0.001000,0.001000
1062.846154,-0.008778,0.001000,0.001000,0.001000,0.001000,0.001000
1062.865385,-0.009880,0.001000,0.001000,0.001000,0.001000,0.001000
1062.884615,-0.010976,0.001000,0.001000,0.001000,0.001000,0.001000
1062.903846,-0.012067,0.001000,0.001000,0.001000,0.001000,0.001000
1062.923077,-0.013152,0.001000,0.001000,0.001000,0.001000,0.001000
1062.942308,-0.014230,0.001000,0.001000,0.001000,0.001000,0.001000
1062.961538,-0.015301,0.001000,0.001000,0.001000,0.001000,0.001000
1062.980769,-0.016364,0.001000,0.001000,0.001000,0.001000,0.001000
1063.000000,-0.017419,0.001000,0.001000,0.001000,0.001000,0.001000
1063.019231,-0.018465,0.001000,0.001000,0.001000,0.001000,0.001000
1063.038462,-0.019502,0.001000,0.001000,0.001000,0.001000,0.001000
1063.057692,-0.020529,0.001000,0.001000,0.001000,0.001000,0.001000
1063.076923,-0.021546,0.001000,0.001000,0.001000,0.001000,0.001000
1063.096154,-0.022552,0.001000,0.001000,0.001000,0.001000,0.001000
1063.115385,-0.023547,0.001000,0.001000,0.001000,0.001000,0.001000
1063.134615,-0.024530,0.001000,0.001000,0.001000,0.001000,0.001000
1063.153846,-0.025500,0.001000,0.001000,0.001000,0.001000,0.001000
1063.173077,-0.026458,0.001000,0.001000,0.001000,0.001000,0.001000
1063.192308,-0.027403,0.001000,0.001000,0.001000,0.001000,0.001000
1063.211538,-0.028333,0.001000,0.001000,0.001000,0.001000,0.001000
1063.230769,-0.029250,0.001000,0.001000,0.001000,0.001000,0.001000
1063.250000,-0.030151,0.001000,0.001000,0.001000,0.001000,0.001000
1063.269231,-0.031038,0.001000,0.001000,0.001000,0.001000,0.001000
1063.288462,-0.031909,0.001000,0.001000,0.001000,0.001000,0.001000
1063.307692,-0.032764,0.001000,0.001000,0.001000,0.001000,0.001000
1063.326923,-0.033602,0.001000,0.001000,0.001000,0.001000,0.001000
1063.346154,-0.034424,0.001000,0.001000,0.001000,0.001000,0.001000
1063.365385,-0.035228,0.001000,0.001000,0.001000,0.001000,0.001000
1063.384615,-0.036015,0.001000,0.001000,0.001000,0.001000,0.001000
1063.403846,-0.036783,0.001000,0.001000,0.001000,0.001000,0.001000
1063.423077,-0.037533,0.001000,0.001000,0.001000,0.001000,0.001000
1063.442308,-0.038264,0.001000,0.001000,0.001000,0.001000,0.001000
1063.461538,-0.038976,0.001000,0.001000,0.001000,0.001000,0.001000
1063.480769,-0.039669,0.001000,0.001000,0.001000,0.001000,0.001000
1063.500000,-0.040341,0.001000,0.001000,0.001000,0.001000,0.001000
1063.519231,-0.040993,0.001000,0.001000,0.001000,0.001000,0.001000
1063.538462,-0.041624,0.001000,0.001000,0.001000,0.001000,0.001000
1063.557692,-0.042235,0.001000,0.001000,0.001000,0.001000,0.001000
1063.576923,-0.042824,0.001000,0.001000,0.001000,0.001000,0.001000
1063.596154,-0.043392,0.001000,0.001000,0.001000,0.001000,0.001000
1063.615385,-0.043938,0.001000,0.001000,0.001000,0.001000,0.001000
1063.634615,-0.044462,0.001000,0.001000,0.001000,0.001000,0.001000
1063.653846,-0.044964,0.001000,0.001000,0.001000,0.001000,0.001000
1063.673077,-0.045443,0.001000,0.001000,0.001000,0.001000,0.001000
1063.692308,-0.045899,0.001000,0.001000,0.001000,0.001000,0.001000
1063.711538,-0.046332,0.001000,0.001000,0.001000,0.001000,0.001000
1063.730769,-0.046741,0.001000,0.001000,0.001000,0.001000,0.001000
1063.750000,-0.047128,0.001000,0.001000,0.001000,0.001000,0.001000
1063.769231,-0.047490,0.001000,0.001000,0.001000,0.001000,0.001000
1063.788462,-0.047829,0.001000,0.001000,0.001000,0.001000,0.001000
1063.807692,-0.048144,0.001000,0.001000,0.001000,0.001000,0.001000
1063.826923,-0.048434,0.001000,0.001000,0.001000,0.001000,0.001000
1063.846154,-0.048700,0.001000,0.001000,0.001000,0.001000,0.001000
1063.865385,-0.048942,0.001000,0.001000,0.001000,0.001000,0.001000
1063.884615,-0.049159,0.001000,0.001000,0.001000,0.001000,0.001000
1063.903846,-0.049351,0.001000,0.001000,0.001000,0.001000,0.001000
1063.923077,-0.049519,0.001000,0.001000,0.001000,0.001000,0.001000
1063.942308,-0.049662,0.001000,0.001000,0.001000,0.001000,0.001000
1063.961538,-0.049779,0.001000,0.001000,0.001000,0.001000,0.001000
1063.980769,-0.049872,0.001000,0.001000,0.001000,0.001000,0.001000
1064.000000,-0.049940,0.001000,0.001000,0.001000,0.001000,0.001000
1064.019231,-0.049982,0.001000,0.001000,0.001000,0.001000,0.001000
1064.038462,-0.050000,0.001000,0.001000,0.001000,0.001000,0.001000
1064.057692,-0.049992,0.001000,0.001000,0.001000,0.001000,0.001000
1064.076923,-0.049959,0.001000,0.001000,0.001000,0.001000,0.001000
1064.096154,-0.049901,0.001000,0.001000,0.001000,0.001000,0.001000
1064.115385,-0.049818,0.001000,0.001000,0.001000,0.001000,0.001000
1064.134615,-0.049710,0.001000,0.001000,0.001000,0.001000,0.001000
1064.153846,-0.049577,0.001000,0.001000,0.001000,0.001000,0.001000
1064.173077,-0.049419,0.001000,0.001000,0.001000,0.001000,0.001000
1064.192308,-0.049236,0.001000,0.001000,0.001000,0.001000,0.001000
1064.211538,-0.049028,0.001000,0.001000,0.001000,0.001000,0.001000
1064.230769,-0.048796,0.001000,0.001000,0.001000,0.001000,0.001000
1064.250000,-0.048539,0.001000,0.001000,0.001000,0.001000,0.001000
1064.269231,-0.048258,0.001000,0.001000,0.001000,0.001000,0.001000
1064.288462,-0.047953,0.001000,0.001000,0.001000,0.001000,0.001000
1064.307692,-0.047623,0.001000,0.001000,0.001000,0.001000,0.001000
1064.326923,-0.047270,0.001000,0.001000,0.001000,0.001000,0.001000
1064.346154,-0.046893,0.001000,0.001000,0.001000,0.001000,0.001000
1064.365385,-0.046492,0.001000,0.001000,0.001000,0.001000,0.001000
1064.384615,-0.046068,0.001000,0.001000,0.001000,0.001000,0.001000
1064.403846,-0.045620,0.001000,0.001000,0.001000,0.001000,0.001000
1064.423077,-0.045150,0.001000,0.001000,0.001000,0.001000,0.001000
1064.442308,-0.044657,0.001000,0.001000,0.001000,0.001000,0.001000
1064.461538,-0.044142,0.001000,0.001000,0.001000,0.001000,0.001000
1064.480769,-0.043604,0.001000,0.001000,0.001000,0.001000,0.001000
1064.500000,-0.043045,0.001000,0.001000,0.001000,0.001000,0.001000
1064.519231,-0.042464,0.001000,0.001000,0.001000,0.001000,0.001000
1064.538462,-0.041861,0.001000,0.001000,0.001000,0.001000,0.001000
1064.557692,-0.041238,0.001000,0.001000,0.001000,0.001000,0.001000
1064.576923,-0.040594,0.001000,0.001000,0.001000,0.001000,0.001000
1064.596154,-0.039929,0.001000,0.001000,0.001000,0.001000,0.001000
1064.615385,-0.039245,0.001000,0.001000,0.001000,0.001000,0.001000
1064.634615,-0.038540,0.001000,0.001000,0.001000,0.001000,0.001000
1064.653846,-0.037816,0.001000,0.001000,0.001000,0.001000,0.001000
1064.673077,-0.037074,0.001000,0.001000,0.001000,0.001000,0.001000
1064.692308,-0.036312,0.001000,0.001000,0.001000,0.001000,0.001000
1064.711538,-0.035533,0.001000,0.001000,0.001000,0.001000,0.001000
1064.730769,-0.034735,0.001000,0.001000,0.001000,0.001000,0.001000
1064.750000,-0.033920,0.001000,0.001000,0.001000,0.001000,0.001000
1064.769231,-0.033088,0.001000,0.001000,0.001000,0.001000,0.001000
1064.788462,-0.032239,0.001000,0.001000,0.001000,0.001000,0.001000
1064.807692,-0.031375,0.001000,0.001000,0.001000,0.001000,0.001000
1064.826923,-0.030494,0.001000,0.001000,0.001000,0.001000,0.001000
1064.846154,-0.029598,0.001000,0.001000,0.001000,0.001000,0.001000
1064.865385,-0.028687,0.001000,0.001000,0.001000,0.001000,0.001000
1064.884615,-0.027762,0.001000,0.001000,0.001000,0.001000,0.001000
1064.903846,-0.026823,0.001000,0.001000,0.001000,0.001000,0.001000
1064.923077,-0.025870,0.001000,0.001000,0.001000,0.001000,0.001000
1064.942308,-0.024904,0.001000,0.001000,0.001000,0.001000,0.001000
1064.961538,-0.023926,0.001000,0.001000,0.001000,0.001000,0.001000
1064.980769,-0.022936,0.001000,0.001000,0.001000,0.001000,0.001000
1065.000000,-0.021934,0.001000,0.001000,0.001000,0.001000,0.001000
1065.019231,-0.020921,0.001000,0.001000,0.001000,0.001000,0.001000
1065.038462,-0.019898,0.001000,0.001000,0.001000,0.001000,0.001000
1065.057692,-0.018865,0.001000,0.001000,0.001000,0.001000,0.001000
1065.076923,-0.017822,0.001000,0.001000,0.001000,0.001000,0.001000
1065.096154,-0.016770,0.001000,0.001000,0.001000,0.001000,0.001000
1065.115385,-0.015710,0.001000,0.001000,0.001000,0.001000,0.001000
1065.134615,-0.014642,0.001000,0.001000,0.001000,0.001000,0.001000
1065.153846,-0.013567,0.001000,0.001000,0.001000,0.001000,0.001000
1065.173077,-0.012484,0.001000,0.001000,0.001000,0.001000,0.001000
1065.192308,-0.011396,0.001000,0.001000,0.001000,0.001000,0.001000
1065.211538,-0.010302,0.001000,0.001000,0.001000,0.001000,0.001000
1065.230769,-0.009202,0.001000,0.001000,0.001000,0.001000,0.001000
1065.250000,-0.008098,0.001000,0.001000,0.001000,0.001000,0.001000
1065.269231,-0.006990,0.001000,0.001000,0.001000,0.001000,0.001000
1065.288462,-0.005878,0.001000,0.001000,0.001000,0.001000,0.001000
1065.307692,-0.004764,0.001000,0.001000,0.001000,0.001000,0.001000
1065.326923,-0.003647,0.001000,0.001000,0.001000,0.001000,0.001000
1065.346154,-0.002528,0.001000,0.001000,0.001000,0.001000,0.001000
1065.365385,-0.001408,0.001000,0.001000,0.001000,0.001000,0.001000
1065.384615,-0.000287,0.001000,0.001000,0.001000,0.001000,0.001000
1065.403846,0.000834,0.001000,0.001000,0.001000,0.001000,0.001000
1065.423077,0.001954,0.001000,0.001000,0.001000,0.001000,0.001000
1065.442308,0.003074,0.001000,0.001000,0.001000,0.001000,0.001000
1065.461538,0.004192,0.001000,0.001000,0.001000,0.001000,0.001000
1065.480769,0.005308,0.001000,0.001000,0.001000,0.001000,0.001000
1065.500000,0.006421,0.001000,0.001000,0.001000,0.001000,0.001000
1065.519231,0.007531,0.001000,0.001000,0.001000,0.001000,0.001000
1065.538462,0.008637,0.001000,0.001000,0.001000,0.001000,0.001000
1065.557692,0.009739,0.001000,0.001000,0.001000,0.001000,0.001000
1065.576923,0.010836,0.001000,0.001000,0.001000,0.001000,0.001000
1065.596154,0.011927,0.001000,0.001000,0.001000,0.001000,0.001000
1065.615385,0.013013,0.001000,0.001000,0.001000,0.001000,0.001000
1065.634615,0.014092,0.001000,0.001000,0.001000,0.001000,0.001000
1065.653846,0.015164,0.001000,0.001000,0.001000,0.001000,0.001000
1065.673077,0.016228,0.001000,0.001000,0.001000,0.001000,0.001000
1065.692308,0.017284,0.001000,0.001000,0.001000,0.001000,0.001000
1065.711538,0.018332,0.001000,0.001000,0.001000,0.001000,0.001000
1065.730769,0.019370,0.001000,0.001000,0.001000,0.001000,0.001000
1065.750000,0.020398,0.001000,0.001000,0.001000,0.001000,0.001000
1065.769231,0.021417,0.001000,0.001000,0.001000,0.001000,0.001000
1065.788462,0.022424,0.001000,0.001000,0.001000,0.001000,0.001000
1065.807692,0.023420,0.001000,0.001000,0.001000,0.001000,0.001000
1065.826923,0.024405,0.001000,0.001000,0.001000,0.001000,0.001000
1065.846154,0.025377,0.001000,0.001000,0.001000,0.001000,0.001000
1065.865385,0.026336,0.001000,0.001000,0.001000,0.001000,0.001000
1065.884615,0.027282,0.001000,0.001000,0.001000,0.001000,0.001000
1065.903846,0.028215,0.001000,0.001000,0.001000,0.001000,0.001000
1065.923077,0.029133,0.001000,0.001000,0.001000,0.001000,0.001000
1065.942308,0.030037,0.001000,0.001000,0.001000,0.001000,0.001000
1065.961538,0.030925,0.001000,0.001000,0.001000,0.001000,0.001000
1065.980769,0.031798,0.001000,0.001000,0.001000,0.001000,0.001000
1066.000000,0.032655,0.001000,0.001000,0.001000,0.001000,0.001000
1066.019231,0.033496,0.001000,0.001000,0.001000,0.001000,0.001000
1066.038462,0.034320,0.001000,0.001000,0.001000,0.001000,0.001000
1066.057692,0.035126,0.001000,0.001000,0.001000,0.001000,0.001000
1066.076923,0.035915,0.001000,0.001000,0.001000,0.001000,0.001000
1066.096154,0.036686,0.001000,0.001000,0.001000,0.001000,0.001000
1066.115385,0.037438,0.001000,0.001000,0.001000,0.001000,0.001000
1066.134615,0.038172,0.001000,0.001000,0.001000,0.001000,0.001000
1066.153846,0.038886,0.001000,0.001000,0.001000,0.001000,0.001000
1066.173077,0.039581,0.001000,0.001000,0.001000,0.001000,0.001000
1066.192308,0.040256,0.001000,0.001000,0.001000,0.001000,0.001000
1066.211538,0.040911,0.001000,0.001000,0.001000,0.001000,0.001000
1066.230769,0.041545,0.001000,0.001000,0.001000,0.001000,0.001000
1066.250000,0.042158,0.001000,0.001000,0.001000,0.001000,0.001000
1066.269231,0.042750,0.001000,0.001000,0.001000,0.001000,0.001000
1066.288462,0.043321,0.001000,0.001000,0.001000,0.001000,0.001000
1066.307692,0.043869,0.001000,0.001000,0.001000,0.001000,0.001000
1066.326923,0.044396,0.001000,0.001000,0.001000,0.001000,0.001000
1066.346154,0.044901,0.001000,0.001000,0.001000,0.001000,0.001000
1066.365385,0.045382,0.001000,0.001000,0.001000,0.001000,0.001000
1066.384615,0.045842,0.001000,0.001000,0.001000,0.001000,0.001000
1066.403846,0.046278,0.001000,0.001000,0.001000,0.001000,0.001000
1066.423077,0.046690,0.001000,0.001000,0.001000,0.001000,0.001000
1066.442308,0.047080,0.001000,0.001000,0.001000,0.001000,0.001000
1066.461538,0.047445,0.001000,0.001000,0.001000,0.001000,0.001000
1066.480769,0.047787,0.001000,0.001000,0.001000,0.001000,0.001000
1066.500000,0.048105,0.001000,0.001000,0.001000,0.001000,0.001000
1066.519231,0.048398,0.001000,0.001000,0.001000,0.001000,0.001000
1066.538462,0.048668,0.001000,0.001000,0.001000,0.001000,0.001000
1066.557692,0.048912,0.001000,0.001000,0.001000,0.001000,0.001000
1066.576923,0.049133,0.001000,0.001000,0.001000,0.001000,0.001000
1066.596154,0.049328,0.001000,0.001000,0.001000,0.001000,0.001000
1066.615385,0.049499,0.001000,0.001000,0.001000,0.001000,0.001000
1066.634615,0.049645,0.001000,0.001000,0.001000,0.001000,0.001000
1066.653846,0.049766,0.001000,0.001000,0.001000,0.001000,0.001000
1066.673077,0.049862,0.001000,0.001000,0.001000,0.001000,0.001000
1066.692308,0.049932,0.001000,0.001000,0.001000,0.001000,0.001000
1066.711538,0.049978,0.001000,0.001000,0.001000,0.001000,0.001000
1066.730769,0.049999,0.001000,0.001000,0.001000,0.001000,0.001000
1066.750000,0.049994,0.001000,0.001000,0.001000,0.001000,0.001000
1066.769231,0.049965,0.001000,0.001000,0.001000,0.001000,0.001000
1066.788462,0.049910,0.001000,0.001000,0.001000,0.001000,0.001000
1066.807692,0.049830,0.001000,0.001000,0.001000,0.001000,0.001000
1066.826923,0.049725,0.001000,0.001000,0.001000,0.001000,0.001000
1066.846154,0.049595,0.001000,0.001000,0.001000,0.001000,0.001000
1066.865385,0.049440,0.001000,0.001000,0.001000,0.001000,0.001000
1066.884615,0.049261,0.001000,0.001000,0.001000,0.001000,0.001000
1066.903846,0.049056,0.001000,0.001000,0.001000,0.001000,0.001000
1066.923077,0.048827,0.001000,0.001000,0.001000,0.001000,0.001000
1066.942308,0.048574,0.001000,0.001000,0.001000,0.001000,0.001000
1066.961538,0.048296,0.001000,0.001000,0.001000,0.001000,0.001000
1066.980769,0.047993,0.001000,0.001000,0.001000,0.001000,0.001000
1067.000000,0.047667,0.001000,0.001000,0.001000,0.001000,0.001000
1067.019231,0.047316,0.001000,0.001000,0.001000,0.001000,0.001000
1067.038462,0.046942,0.001000,0.001000,0.001000,0.001000,0.001000
1067.057692,0.046545,0.001000,0.001000,0.001000,0.001000,0.001000
1067.076923,0.046123,0.001000,0.001000,0.001000,0.001000,0.001000
1067.096154,0.045679,0.001000,0.001000,0.001000,0.001000,0.001000
1067.115385,0.045212,0.001000,0.001000,0.001000,0.001000,0.001000
1067.134615,0.044722,0.001000,0.001000,0.001000,0.001000,0.001000
1067.153846,0.044209,0.001000,0.001000,0.001000,0.001000,0.001000
1067.173077,0.043675,0.001000,0.001000,0.001000,0.001000,0.001000
1067.192308,0.043118,0.001000,0.001000,0.001000,0.001000,0.001000
1067.211538,0.042540,0.001000,0.001000,0.001000,0.001000,0.001000
1067.230769,0.041940,0.001000,0.001000,0.001000,0.001000,0.001000
1067.250000,0.041319,0.001000,0.001000,0.001000,0.001000,0.001000
1067.269231,0.040677,0.001000,0.001000,0.001000,0.001000,0.001000
1067.288462,0.040015,0.001000,0.001000,0.001000,0.001000,0.001000
1067.307692,0.039333,0.001000,0.001000,0.001000,0.001000,0.001000
1067.326923,0.038631,0.001000,0.001000,0.001000,0.001000,0.001000
1067.346154,0.037910,0.001000,0.001000,0.001000,0.001000,0.001000
1067.365385,0.037170,0.001000,0.001000,0.001000,0.001000,0.001000
1067.384615,0.036411,0.001000,0.001000,0.001000,0.001000,0.001000
1067.403846,0.035633,0.001000,0.001000,0.001000,0.001000,0.001000
1067.423077,0.034838,0.001000,0.001000,0.001000,0.001000,0.001000
1067.442308,0.034025,0.001000,0.001000,0.001000,0.001000,0.001000
1067.461538,0.033196,0.001000,0.001000,0.001000,0.001000,0.001000
1067.480769,0.032349,0.001000,0.001000,0.001000,0.001000,0.001000
1067.500000,0.031486,0.001000,0.001000,0.001000,0.001000,0.001000
1067.519231,0.030608,0.001000,0.001000,0.001000,0.001000,0.001000
1067.538462,0.029714,0.001000,0.001000,0.001000,0.001000,0.001000
1067.557692,0.028805,0.001000,0.001000,0.001000,0.001000,0.001000
1067.576923,0.027881,0.001000,0.001000,0.001000,0.001000,0.001000
1067.596154,0.026944,0.001000,0.001000,0.001000,0.001000,0.001000
1067.615385,0.025993,0.001000,0.001000,0.001000,0.001000,0.001000
1067.634615,0.025029,0.001000,0.001000,0.001000,0.001000,0.001000
1067.653846,0.024052,0.001000,0.001000,0.001000,0.001000,0.001000
1067.673077,0.023063,0.001000,0.001000,0.001000,0.001000,0.001000
1067.692308,0.022063,0.001000,0.001000,0.001000,0.001000,0.001000
1067.711538,0.021052,0.001000,0.001000,0.001000,0.001000,0.001000
1067.730769,0.020030,0.001000,0.001000,0.001000,0.001000,0.001000
1067.750000,0.018998,0.001000,0.001000,0.001000,0.001000,0.001000
1067.769231,0.017956,0.001000,0.001000,0.001000,0.001000,0.001000
1067.788462,0.016905,0.001000,0.001000,0.001000,0.001000,0.001000
1067.807692,0.015846,0.001000,0.001000,0.001000,0.001000,0.001000
1067.826923,0.014779,0.001000,0.001000,0.001000,0.001000,0.001000
1067.846154,0.013705,0.001000,0.001000,0.001000,0.001000,0.001000
1067.865385,0.012623,0.001000,0.001000,0.001000,0.001000,0.001000
1067.884615,0.011536,0.001000,0.001000,0.001000,0.001000,0.001000
1067.903846,0.010442,0.001000,0.001000,0.001000,0.001000,0.001000
1067.923077,0.009343,0.001000,0.001000,0.001000,0.001000,0.001000
1067.942308,0.008240,0.001000,0.001000,0.001000,0.001000,0.001000
1067.961538,0.007132,0.001000,0.001000,0.001000,0.001000,0.001000
1067.980769,0.006021,0.001000,0.001000,0.001000,0.001000,0.001000
1068.000000,0.004907,0.001000,0.001000,0.001000,0.001000,0.001000
1068.019231,0.003790,0.001000,0.001000,0.001000,0.001000,0.001000
1068.038462,0.002671,0.001000,0.001000,0.001000,0.001000,0.001000
1068.057692,0.001551,0.001000,0.001000,0.001000,0.001000,0.001000
1068.076923,0.000431,0.001000,0.001000,0.001000,0.001000,0.001000
1068.096154,-0.000690,0.001000,0.001000,0.001000,0.001000,0.001000
1068.115385,-0.001811,0.001000,0.001000,0.001000,0.001000,0.001000
1068.134615,-0.002931,0.001000,0.001000,0.001000,0.001000,0.001000
1068.153846,-0.004049,0.001000,0.001000,0.001000,0.001000,0.001000
1068.173077,-0.005165,0.001000,0.001000,0.001000,0.001000,0.001000
1068.192308,-0.006279,0.001000,0.001000,0.001000,0.001000,0.001000
1068.211538,-0.007389,0.001000,0.001000,0.001000,0.001000,0.001000
1068.230769,-0.008496,0.001000,0.001000,0.001000,0.001000,0.001000
1068.250000,-0.009598,0.001000,0.001000,0.001000,0.001000,0.001000
1068.269231,-0.010696,0.001000,0.001000,0.001000,0.001000,0.001000
1068.288462,-0.011788,0.001000,0.001000,0.001000,0.001000,0.001000
1068.307692,-0.012874,0.001000,0.001000,0.001000,0.001000,0.001000
1068.326923,-0.013954,0.001000,0.001000,0.001000,0.001000,0.001000
1068.346154,-0.015027,0.001000,0.001000,0.001000,0.001000,0.001000
1068.365385,-0.016092,0.001000,0.001000,0.001000,0.001000,0.001000
1068.384615,-0.017149,0.001000,0.001000,0.001000,0.001000,0.001000
1068.403846,-0.018198,0.001000,0.001000,0.001000,0.001000,0.001000
1068.423077,-0.019237,0.001000,0.001000,0.001000,0.001000,0.001000
1068.442308,-0.020267,0.001000,0.001000,0.001000,0.001000,0.001000
1068.461538,-0.021287,0.001000,0.001000,0.001000,0.001000,0.001000
1068.480769,-0.022296,0.001000,0.001000,0.001000,0.001000,0.001000
1068.500000,-0.023293,0.001000,0.001000,0.001000,0.001000,0.001000
1068.519231,-0.024279,0.001000,0.001000,0.001000,0.001000,0.001000
1068.538462,-0.025253,0.001000,0.001000,0.001000,0.001000,0.001000
1068.557692,-0.026214,0.001000,0.001000,0.001000,0.001000,0.001000
1068.576923,-0.027162,0.001000,0.001000,0.001000,0.001000,0.001000
1068.596154,-0.028096,0.001000,0.001000,0.001000,0.001000,0.001000
1068.615385,-0.029016,0.001000,0.001000,0.001000,0.001000,0.001000
1068.634615,-0.029922,0.001000,0.001000,0.001000,0.001000,0.001000
1068.653846,-0.030812,0.001000,0.001000,0.001000,0.001000,0.001000
1068.673077,-0.031687,0.001000,0.001000,0.001000,0.001000,0.001000
1068.692308,-0.032546,0.001000,0.001000,0.001000,0.001000,0.001000
1068.711538,-0.033389,0.001000,0.001000,0.001000,0.001000,0.001000
1068.730769,-0.034215,0.001000,0.001000,0.001000,0.001000,0.001000
1068.750000,-0.035024,0.001000,0.001000,0.001000,0.001000,0.001000
1068.769231,-0.035815,0.001000,0.001000,0.001000,0.001000,0.001000
1068.788462,-0.036588,0.001000,0.001000,0.001000,0.001000,0.001000
1068.807692,-0.037343,0.001000,0.001000,0.001000,0.001000,0.001000
1068.826923,-0.038079,0.001000,0.001000,0.001000,0.001000,0.001000
1068.846154,-0.038796,0.001000,0.001000,0.001000,0.001000,0.001000
1068.865385,-0.039493,0.001000,0.001000,0.001000,0.001000,0.001000
1068.884615,-0.040171,0.001000,0.001000,0.001000,0.001000,0.001000
1068.903846,-0.040828,0.001000,0.001000,0.001000,0.001000,0.001000
1068.923077,-0.041465,0.001000,0.001000,0.001000,0.001000,0.001000
1068.942308,-0.042081,0.001000,0.001000,0.001000,0.001000,0.001000
1068.961538,-0.042675,0.001000,0.001000,0.001000,0.001000,0.001000
1068.980769,-0.043249,0.001000,0.001000,0.001000,0.001000,0.001000
1069.000000,-0.043800,0.001000,0.001000,0.001000,0.001000,0.001000
1069.019231,-0.044330,0.001000,0.001000,0.001000,0.001000,0.001000
1069.038462,-0.044837,0.001000,0.001000,0.001000,0.001000,0.001000
1069.057692,-0.045322,0.001000,0.001000,0.001000,0.001000,0.001000
1069.076923,-0.045784,0.001000,0.001000,0.001000,0.001000,0.001000
1069.096154,-0.046223,0.001000,0.001000,0.001000,0.001000,0.001000
1069.115385,-0.046639,0.001000,0.001000,0.001000,0.001000,0.001000
1069.134615,-0.047031,0.001000,0.001000,0.001000,0.001000,0.001000
1069.153846,-0.047400,0.001000,0.001000,0.001000,0.001000,0.001000
1069.173077,-0.047745,0.001000,0.001000,0.001000,0.001000,0.001000
1069.192308,-0.048065,0.001000,0.001000,0.001000,0.001000,0.001000
1069.211538,-0.048362,0.001000,0.001000,0.001000,0.001000,0.001000
1069.230769,-0.048635,0.001000,0.001000,0.001000,0.001000,0.001000
1069.250000,-0.048882,0.001000,0.001000,0.001000,0.001000,0.001000
1069.269231,-0.049106,0.001000,0.001000,0.001000,0.001000,0.001000
1069.288462,-0.049305,0.001000,0.001000,0.001000,0.001000,0.001000
1069.307692,-0.049478,0.001000,0.001000,0.001000,0.001000,0.001000
1069.326923,-0.049627,0.001000,0.001000,0.001000,0.001000,0.001000
1069.346154,-0.049752,0.001000,0.001000,0.001000,0.001000,0.001000
1069.365385,-0.049851,0.001000,0.001000,0.001000,0.001000,0.001000
1069.384615,-0.049925,0.001000,0.001000,0.001000,0.001000,0.001000
1069.403846,-0.049974,0.001000,0.001000,0.001000,0.001000,0.001000
1069.423077,-0.049997,0.001000,0.001000,0.001000,0.001000,0.001000
1069.442308,-0.049996,0.001000,0.001000,0.001000,0.001000,0.001000
1069.461538,-0.049970,0.001000,0.001000,0.001000,0.001000,0.001000
1069.480769,-0.049918,0.001000,0.001000,0.001000,0.001000,0.001000
1069.500000,-0.049842,0.001000,0.001000,0.001000,0.001000,0.001000
1069.519231,-0.049740,0.001000,0.001000,0.001000,0.001000,0.001000
1069.538462,-0.049613,0.001000,0.001000,0.001000,0.001000,0.001000
1069.557692,-0.049462,0.001000,0.001000,0.001000,0.001000,0.001000
1069.576923,-0.049285,0.001000,0.001000,0.001000,0.001000,0.001000
1069.596154,-0.049084,0.001000,0.001000,0.001000,0.001000,0.001000
1069.615385,-0.048858,0.001000,0.001000,0.001000,0.001000,0.001000
1069.634615,-0.048607,0.001000,0.001000,0.001000,0.001000,0.001000
1069.653846,-0.048333,0.001000,0.001000,0.001000,0.001000,0.001000
1069.673077,-0.048033,0.001000,0.001000,0.001000,0.001000,0.001000
1069.692308,-0.047710,0.001000,0.001000,0.001000,0.001000,0.001000
1069.711538,-0.047363,0.001000,0.001000,0.001000,0.001000,0.001000
1069.730769,-0.046992,0.001000,0.001000,0.001000,0.001000,0.001000
1069.750000,-0.046597,0.001000,0.001000,0.001000,0.001000,0.001000
1069.769231,-0.046179,0.001000,0.001000,0.001000,0.001000,0.001000
1069.788462,-0.045737,0.001000,0.001000,0.001000,0.001000,0.001000
1069.807692,-0.045273,0.001000,0.001000,0.001000,0.001000,0.001000
1069.826923,-0.044786,0.001000,0.001000,0.001000,0.001000,0.001000
1069.846154,-0.044276,0.001000,0.001000,0.001000,0.001000,0.001000
1069.865385,-0.043744,0.001000,0.001000,0.001000,0.001000,0.001000
1069.884615,-0.043190,0.001000,0.001000,0.001000,0.001000,0.001000
1069.903846,-0.042615,0.001000,0.001000,0.001000,0.001000,0.001000
1069.923077,-0.042018,0.001000,0.001000,0.001000,0.001000,0.001000
1069.942308,-0.041400,0.001000,0.001000,0.001000,0.001000,0.001000
1069.961538,-0.040761,0.001000,0.001000,0.001000,0.001000,0.001000
1069.980769,-0.040101,0.001000,0.001000,0.001000,0.001000,0.001000
1070.000000,-0.039422,0.001000,0.001000,0.001000,0.001000,0.001000
1070.019231,-0.038722,0.001000,0.001000,0.001000,0.001000,0.001000
1070.038462,-0.038004,0.001000,0.001000,0.001000,0.001000,0.001000
1070.057692,-0.037266,0.001000,0.001000,0.001000,0.001000,0.001000
1070.076923,-0.036509,0.001000,0.001000,0.001000,0.001000,0.001000
1070.096154,-0.035734,0.001000,0.001000,0.001000,0.001000,0.001000
1070.115385,-0.034941,0.001000,0.001000,0.001000,0.001000,0.001000
1070.134615,-0.034130,0.001000,0.001000,0.001000,0.001000,0.001000
1070.153846,-0.033303,0.001000,0.001000,0.001000,0.001000,0.001000
1070.173077,-0.032458,0.001000,0.001000,0.001000,0.001000,0.001000
1070.192308,-0.031598,0.001000,0.001000,0.001000,0.001000,0.001000
1070.211538,-0.030721,0.001000,0.001000,0.001000,0.001000,0.001000
1070.230769,-0.029829,0.001000,0.001000,0.001000,0.001000,0.001000
1070.250000,-0.028922,0.001000,0.001000,0.001000,0.001000,0.001000
1070.269231,-0.028000,0.001000,0.001000,0.001000,0.001000,0.001000
1070.288462,-0.027065,0.001000,0.001000,0.001000,0.001000,0.001000
1070.307692,-0.026115,0.001000,0.001000,0.001000,0.001000,0.001000
1070.326923,-0.025153,0.001000,0.001000,0.001000,0.001000,0.001000
1070.346154,-0.024178,0.001000,0.001000,0.001000,0.001000,0.001000
1070.365385,-0.023191,0.001000,0.001000,0.001000,0.001000,0.001000
1070.384615,-0.022192,0.001000,0.001000,0.001000,0.001000,0.001000
1070.403846,-0.021182,0.001000,0.001000,0.001000,0.001000,0.001000
1070.423077,-0.020161,0.001000,0.001000,0.001000,0.001000,0.001000
1070.442308,-0.019130,0.001000,0.001000,0.001000,0.001000,0.001000
1070.461538,-0.018090,0.001000,0.001000,0.001000,0.001000,0.001000
1070.480769,-0.017040,0.001000,0.001000,0.001000,0.001000,0.001000
1070.500000,-0.015982,0.001000,0.001000,0.001000,0.001000,0.001000
1070.519231,-0.014916,0.001000,0.001000,0.001000,0.001000,0.001000
1070.538462,-0.013843,0.001000,0.001000,0.001000,0.001000,0.001000
1070.557692,-0.012762,0.001000,0.001000,0.001000,0.001000,0.001000
1070.576923,-0.011675,0.001000,0.001000,0.001000,0.001000,0.001000
1070.596154,-0.010582,0.001000,0.001000,0.001000,0.001000,0.001000
1070.615385,-0.009484,0.001000,0.001000,0.001000,0.001000,0.001000
1070.634615,-0.008381,0.001000,0.001000,0.001000,0.001000,0.001000
1070.653846,-0.007274,0.001000,0.001000,0.001000,0.001000,0.001000
1070.673077,-0.006163,0.001000,0.001000,0.001000,0.001000,0.001000
1070.692308,-0.005050,0.001000,0.001000,0.001000,0.001000,0.001000
1070.711538,-0.003933,0.001000,0.001000,0.001000,0.001000,0.001000
1070.730769,-0.002815,0.001000,0.001000,0.001000,0.001000,0.001000
1070.750000,-0.001695,0.001000,0.001000,0.001000,0.001000,0.001000
1070.769231,-0.000574,0.001000,0.001000,0.001000,0.001000,0.001000
1070.788462,0.000547,0.001000,0.001000,0.001000,0.001000,0.001000
1070.807692,0.001667,0.001000,0.001000,0.001000,0.001000,0.001000
1070.826923,0.002787,0.001000,0.001000,0.001000,0.001000,0.001000
1070.846154,0.003906,0.001000,0.001000,0.001000,0.001000,0.001000
1070.865385,0.005022,0.001000,0.001000,0.001000,0.001000,0.001000
1070.884615,0.006136,0.001000,0.001000,0.001000,0.001000,0.001000
1070.903846,0.007247,0.001000,0.001000,0.001000,0.001000,0.001000
1070.923077,0.008354,0.001000,0.001000,0.001000,0.001000,0.001000
1070.942308,0.009457,0.001000,0.001000,0.001000,0.001000,0.001000
1070.961538,0.010555,0.001000,0.001000,0.001000,0.001000,0.001000
1070.980769,0.011648,0.001000,0.001000,0.001000,0.001000,0.001000
1071.000000,0.012736,0.001000,0.001000,0.001000,0.001000,0.001000
1071.019231,0.013816,0.001000,0.001000,0.001000,0.001000,0.001000
1071.038462,0.014890,0.001000,0.001000,0.001000,0.001000,0.001000
1071.057692,0.015956,0.001000,0.001000,0.001000,0.001000,0.001000
1071.076923,0.017015,0.001000,0.001000,0.001000,0.001000,0.001000
1071.096154,0.018064,0.001000,0.001000,0.001000,0.001000,0.001000
1071.115385,0.019105,0.001000,0.001000,0.001000,0.001000,0.001000
1071.134615,0.020136,0.001000,0.001000,0.001000,0.001000,0.001000
1071.153846,0.021157,0.001000,0.001000,0.001000,0.001000,0.001000
1071.173077,0.022167,0.001000,0.001000,0.001000,0.001000,0.001000
1071.192308,0.023166,0.001000,0.001000,0.001000,0.001000,0.001000
1071.211538,0.024154,0.001000,0.001000,0.001000,0.001000,0.001000
1071.230769,0.025129,0.001000,0.001000,0.001000,0.001000,0.001000
1071.250000,0.026092,0.001000,0.001000,0.001000,0.001000,0.001000
1071.269231,0.027041,0.001000,0.001000,0.001000,0.001000,0.001000
1071.288462,0.027977,0.001000,0.001000,0.001000,0.001000,0.001000
1071.307692,0.028899,0.001000,0.001000,0.001000,0.001000,0.001000
1071.326923,0.029807,0.001000,0.001000,0.001000,0.001000,0.001000
1071.346154,0.030699,0.001000,0.001000,0.001000,0.001000,0.001000
1071.365385,0.031576,0.001000,0.001000,0.001000,0.001000,0.001000
1071.384615,0.032437,0.001000,0.001000,0.001000,0.001000,0.001000
1071.403846,0.033282,0.001000,0.001000,0.001000,0.001000,0.001000
1071.423077,0.034110,0.001000,0.001000,0.001000,0.001000,0.001000
1071.442308,0.034921,0.001000,0.001000,0.001000,0.001000,0.001000
1071.461538,0.035715,0.001000,0.001000,0.001000,0.001000,0.001000
1071.480769,0.036490,0.001000,0.001000,0.001000,0.001000,0.001000
1071.500000,0.037247,0.001000,0.001000,0.001000,0.001000,0.001000
1071.519231,0.037986,0.001000,0.001000,0.001000,0.001000,0.001000
1071.538462,0.038705,0.001000,0.001000,0.001000,0.001000,0.001000
1071.557692,0.039405,0.001000,0.001000,0.001000,0.001000,0.001000
1071.576923,0.040085,0.001000,0.001000,0.001000,0.001000,0.001000
1071.596154,0.040745,0.001000,0.001000,0.001000,0.001000,0.001000
1071.615385,0.041384,0.001000,0.001000,0.001000,0.001000,0.001000
1071.634615,0.042003,0.001000,0.001000,0.001000,0.001000,0.001000
1071.653846,0.042600,0.001000,0.001000,0.001000,0.001000,0.001000
1071.673077,0.043177,0.001000,0.001000,0.001000,0.001000,0.001000
1071.692308,0.043731,0.001000,0.001000,0.001000,0.001000,0.001000
1071.711538,0.044263,0.001000,0.001000,0.001000,0.001000,0.001000
1071.730769,0.044774,0.001000,0.001000,0.001000,0.001000,0.001000
1071.750000,0.045261,0.001000,0.001000,0.001000,0.001000,0.001000
1071.769231,0.045726,0.001000,0.001000,0.001000,0.001000,0.001000
1071.788462,0.046168,0.001000,0.001000,0.001000,0.001000,0.001000
1071.807692,0.046587,0.001000,0.001000,0.001000,0.001000,0.001000
1071.826923,0.046982,0.001000,0.001000,0.001000,0.001000,0.001000
1071.846154,0.047354,0.001000,0.001000,0.001000,0.001000,0.001000
1071.865385,0.047702,0.001000,0.001000,0.001000,0.001000,0.001000
1071.884615,0.048026,0.001000,0.001000,0.001000,0.001000,0.001000
1071.903846,0.048325,0.001000,0.001000,0.001000,0.001000,0.001000
1071.923077,0.048601,0.001000,0.001000,0.001000,0.001000,0.001000
1071.942308,0.048852,0.001000,0.001000,0.001000,0.001000,0.001000
1071.961538,0.049079,0.001000,0.001000,0.001000,0.001000,0.001000
1071.980769,0.049280,0.001000,0.001000,0.001000,0.001000,0.001000
1072.000000,0.049458,0.001000,0.001000,0.001000,0.001000,0.001000
1072.019231,0.049610,0.001000,0.001000,0.001000,0.001000,0.001000
1072.038462,0.049737,0.001000,0.001000,0.001000,0.001000,0.001000
1072.057692,0.049839,0.001000,0.001000,0.001000,0.001000,0.001000
1072.076923,0.049917,0.001000,0.001000,0.001000,0.001000,0.001000
1072.096154,0.049969,0.001000,0.001000,0.001000,0.001000,0.001000
1072.115385,0.049996,0.001000,0.001000,0.001000,0.001000,0.001000
1072.134615,0.049998,0.001000,0.001000,0.001000,0.001000,0.001000
1072.153846,0.049975,0.001000,0.001000,0.001000,0.001000,0.001000
1072.173077,0.049926,0.001000,0.001000,0.001000,0.001000,0.001000
1072.192308,0.049853,0.001000,0.001000,0.001000,0.001000,0.001000
1072.211538,0.049754,0.001000,0.001000,0.001000,0.001000,0.001000
1072.230769,0.049631,0.001000,0.001000,0.001000,0.001000,0.001000
1072.250000,0.049482,0.001000,0.001000,0.001000,0.001000,0.001000
1072.269231,0.049309,0.001000,0.001000,0.001000,0.001000,0.001000
1072.288462,0.049111,0.001000,0.001000,0.001000,0.001000,0.001000
1072.307692,0.048888,0.001000,0.001000,0.001000,0.001000,0.001000
1072.326923,0.048641,0.001000,0.001000,0.001000,0.001000,0.001000
1072.346154,0.048369,0.001000,0.001000,0.001000,0.001000,0.001000
1072.365385,0.048073,0.001000,0.001000,0.001000,0.001000,0.001000
1072.384615,0.047753,0.001000,0.001000,0.001000,0.001000,0.001000
1072.403846,0.047408,0.001000,0.001000,0.001000,0.001000,0.001000
1072.423077,0.047040,0.001000,0.001000,0.001000,0.001000,0.001000
1072.442308,0.046649,0.001000,0.001000,0.001000,0.001000,0.001000
1072.461538,0.046233,0.001000,0.001000,0.001000,0.001000,0.001000
1072.480769,0.045795,0.001000,0.001000,0.001000,0.001000,0.001000
1072.500000,0.045334,0.001000,0.001000,0.001000,0.001000,0.001000
1072.519231,0.044849,0.001000,0.001000,0.001000,0.001000,0.001000
1072.538462,0.044343,0.001000,0.001000,0.001000,0.001000,0.001000
1072.557692,0.043814,0.001000,0.001000,0.001000,0.001000,0.001000
1072.576923,0.043263,0.001000,0.001000,0.001000,0.001000,0.001000
1072.596154,0.042690,0.001000,0.001000,0.001000,0.001000,0.001000
1072.615385,0.042095,0.001000,0.001000,0.001000,0.001000,0.001000
1072.634615,0.041480,0.001000,0.001000,0.001000,0.001000,0.001000
1072.653846,0.040844,0.001000,0.001000,0.001000,0.001000,0.001000
1072.673077,0.040187,0.001000,0.001000,0.001000,0.001000,0.001000
1072.692308,0.039510,0.001000,0.001000,0.001000,0.001000,0.001000
1072.711538,0.038813,0.001000,0.001000,0.001000,0.001000,0.001000
1072.730769,0.038097,0.001000,0.001000,0.001000,0.001000,0.001000
1072.750000,0.037361,0.001000,0.001000,0.001000,0.001000,0.001000
1072.769231,0.036607,0.001000,0.001000,0.001000,0.001000,0.001000
1072.788462,0.035834,0.001000,0.001000,0.001000,0.001000,0.001000
1072.807692,0.035044,0.001000,0.001000,0.001000,0.001000,0.001000
1072.826923,0.034235,0.001000,0.001000,0.001000,0.001000,0.001000
1072.846154,0.033410,0.001000,0.001000,0.001000,0.001000,0.001000
1072.865385,0.032567,0.001000,0.001000,0.001000,0.001000,0.001000
1072.884615,0.031709,0.001000,0.001000,0.001000,0.001000,0.001000
1072.903846,0.030834,0.001000,0.001000,0.001000,0.001000,0.001000
1072.923077,0.029944,0.001000,0.001000,0.001000,0.001000,0.001000
1072.942308,0.029039,0.001000,0.001000,0.001000,0.001000,0.001000
1072.961538,0.028119,0.001000,0.001000,0.001000,0.001000,0.001000
1072.980769,0.027185,0.001000,0.001000,0.001000,0.001000,0.001000
1073.000000,0.026238,0.001000,0.001000,0.001000,0.001000,0.001000
1073.019231,0.025277,0.001000,0.001000,0.001000,0.001000,0.001000
1073.038462,0.024303,0.001000,0.001000,0.001000,0.001000,0.001000
1073.057692,0.023318,0.001000,0.001000,0.001000,0.001000,0.001000
1073.076923,0.022320,0.001000,0.001000,0.001000,0.001000,0.001000
1073.096154,0.021312,0.001000,0.001000,0.001000,0.001000,0.001000
1073.115385,0.020292,0.001000,0.001000,0.001000,0.001000,0.001000
1073.134615,0.019263,0.001000,0.001000,0.001000,0.001000,0.001000
1073.153846,0.018224,0.001000,0.001000,0.001000,0.001000,0.001000
1073.173077,0.017175,0.001000,0.001000,0.001000,0.001000,0.001000
1073.192308,0.016118,0.001000,0.001000,0.001000,0.001000,0.001000
1073.211538,0.015053,0.001000,0.001000,0.001000,0.001000,0.001000
1073.230769,0.013981,0.001000,0.001000,0.001000,0.001000,0.001000
1073.250000,0.012901,0.001000,0.001000,0.001000,0.001000,0.001000
1073.269231,0.011815,0.001000,0.001000,0.001000,0.001000,0.001000
1073.288462,0.010723,0.001000,0.001000,0.001000,0.001000,0.001000
1073.307692,0.009625,0.001000,0.001000,0.001000,0.001000,0.001000
1073.326923,0.008523,0.001000,0.001000,0.001000,0.001000,0.001000
1073.346154,0.007416,0.001000,0.001000,0.001000,0.001000,0.001000
1073.365385,0.006306,0.001000,0.001000,0.001000,0.001000,0.001000
1073.384615,0.005192,0.001000,0.001000,0.001000,0.001000,0.001000
1073.403846,0.004076,0.001000,0.001000,0.001000,0.001000,0.001000
1073.423077,0.002958,0.001000,0.001000,0.001000,0.001000,0.001000
1073.442308,0.001838,0.001000,0.001000,0.001000,0.001000,0.001000
1073.461538,0.000718,0.001000,0.001000,0.001000,0.001000,0.001000
1073.480769,-0.000403,0.001000,0.001000,0.001000,0.001000,0.001000
1073.500000,-0.001524,0.001000,0.001000,0.001000,0.001000,0.001000
1073.519231,-0.002644,0.001000,0.001000,0.001000,0.001000,0.001000
1073.538462,-0.003763,0.001000,0.001000,0.001000,0.001000,0.001000
1073.557692,-0.004879,0.001000,0.001000,0.001000,0.001000,0.001000
1073.576923,-0.005994,0.001000,0.001000,0.001000,0.001000,0.001000
1073.596154,-0.007105,0.001000,0.001000,0.001000,0.001000,0.001000
1073.615385,-0.008213,0.001000,0.001000,0.001000,0.001000,0.001000
1073.634615,-0.009316,0.001000,0.001000,0.001000,0.001000,0.001000
1073.653846,-0.010415,0.001000,0.001000,0.001000,0.001000,0.001000
1073.673077,-0.011509,0.001000,0.001000,0.001000,0.001000,0.001000
1073.692308,-0.012597,0.001000,0.001000,0.001000,0.001000,0.001000
1073.711538,-0.013678,0.001000,0.001000,0.001000,0.001000,0.001000
1073.730769,-0.014753,0.001000,0.001000,0.001000,0.001000,0.001000
1073.750000,-0.015820,0.001000,0.001000,0.001000,0.001000,0.001000
1073.769231,-0.016879,0.001000,0.001000,0.001000,0.001000,0.001000
1073.788462,-0.017930,0.001000,0.001000,0.001000,0.001000,0.001000
1073.807692,-0.018972,0.001000,0.001000,0.001000,0.001000,0.001000
1073.826923,-0.020004,0.001000,0.001000,0.001000,0.001000,0.001000
1073.846154,-0.021027,0.001000,0.001000,0.001000,0.001000,0.001000
1073.865385,-0.022038,0.001000,0.001000,0.001000,0.001000,0.001000
1073.884615,-0.023039,0.001000,0.001000,0.001000,0.001000,0.001000
1073.903846,-0.024028,0.001000,0.001000,0.001000,0.001000,0.001000
1073.923077,-0.025005,0.001000,0.001000,0.001000,0.001000,0.001000
1073.942308,-0.025969,0.001000,0.001000,0.001000,0.001000,0.001000
1073.961538,-0.026921,0.001000,0.001000,0.001000,0.001000,0.001000
1073.980769,-0.027858,0.001000,0.001000,0.001000,0.001000,0.001000
1074.000000,-0.028782,0.001000,0.001000,0.001000,0.001000,0.001000
1074.019231,-0.029691,0.001000,0.001000,0.001000,0.001000,0.001000
1074.038462,-0.030586,0.001000,0.001000,0.001000,0.001000,0.001000
1074.057692,-0.031465,0.001000,0.001000,0.001000,0.001000,0.001000
1074.076923,-0.032328,0.001000,0.001000,0.001000,0.001000,0.001000
1074.096154,-0.033175,0.001000,0.001000,0.001000,0.001000,0.001000
1074.115385,-0.034005,0.001000,0.001000,0.001000,0.001000,0.001000
1074.134615,-0.034818,0.001000,0.001000,0.001000,0.001000,0.001000
1074.153846,-0.035614,0.001000,0.001000,0.001000,0.001000,0.001000
1074.173077,-0.036392,0.001000,0.001000,0.001000,0.001000,0.001000
1074.192308,-0.037151,0.001000,0.001000,0.001000,0.001000,0.001000
1074.211538,-0.037892,0.001000,0.001000,0.001000,0.001000,0.001000
1074.230769,-0.038614,0.001000,0.001000,0.001000,0.001000,0.001000
1074.250000,-0.039316,0.001000,0.001000,0.001000,0.001000,0.001000
1074.269231,-0.039999,0.001000,0.001000,0.001000,0.001000,0.001000
1074.288462,-0.040661,0.001000,0.001000,0.001000,0.001000,0.001000
1074.307692,-0.041304,0.001000,0.001000,0.001000,0.001000,0.001000
1074.326923,-0.041925,0.001000,0.001000,0.001000,0.001000,0.001000
1074.346154,-0.042525,0.001000,0.001000,0.001000,0.001000,0.001000
1074.365385,-0.043104,0.001000,0.001000,0.001000,0.001000,0.001000
1074.384615,-0.043661,0.001000,0.001000,0.001000,0.001000,0.001000
1074.403846,-0.044196,0.001000,0.001000,0.001000,0.001000,0.001000
1074.423077,-0.044709,0.001000,0.001000,0.001000,0.001000,0.001000
1074.442308,-0.045200,0.001000,0.001000,0.001000,0.001000,0.001000
1074.461538,-0.045668,0.001000,0.001000,0.001000,0.001000,0.001000
1074.480769,-0.046113,0.001000,0.001000,0.001000,0.001000,0.001000
1074.500000,-0.046534,0.001000,0.001000,0.001000,0.001000,0.001000
1074.519231,-0.046933,0.001000,0.001000,0.001000,0.001000,0.001000
1074.538462,-0.047308,0.001000,0.001000,0.001000,0.001000,0.001000
1074.557692,-0.047659,0.001000,0.001000,0.001000,0.001000,0.001000
1074.576923,-0.047986,0.001000,0.001000,0.001000,0.001000,0.001000
1074.596154,-0.048288,0.001000,0.001000,0.001000,0.001000,0.001000
1074.615385,-0.048567,0.001000,0.001000,0.001000,0.001000,0.001000
1074.634615,-0.048821,0.001000,0.001000,0.001000,0.001000,0.001000
1074.653846,-0.049051,0.001000,0.001000,0.001000,0.001000,0.001000
1074.673077,-0.049256,0.001000,0.001000,0.001000,0.001000,0.001000
1074.692308,-0.049436,0.001000,0.001000,0.001000,0.001000,0.001000
1074.711538,-0.049592,0.001000,0.001000,0.001000,0.001000,0.001000
1074.730769,-0.049722,0.001000,0.001000,0.001000,0.001000,0.001000
1074.750000,-0.049828,0.001000,0.001000,0.001000,0.001000,0.001000
1074.769231,-0.049908,0.001000,0.001000,0.001000,0.001000,0.001000
1074.788462,-0.049964,0.001000,0.001000,0.001000,0.001000,0.001000
1074.807692,-0.049994,0.001000,0.001000,0.001000,0.001000,0.001000
1074.826923,-0.049999,0.001000,0.001000,0.001000,0.001000,0.001000
1074.846154,-0.049979,0.001000,0.001000,0.001000,0.001000,0.001000
1074.865385,-0.049934,0.001000,0.001000,0.001000,0.001000,0.001000
1074.884615,-0.049864,0.001000,0.001000,0.001000,0.001000,0.001000
1074.903846,-0.049768,0.001000,0.001000,0.001000,0.001000,0.001000
1074.923077,-0.049648,0.001000,0.001000,0.001000,0.001000,0.001000
1074.942308,-0.049503,0.001000,0.001000,0.001000,0.001000,0.001000
1074.961538,-0.049333,0.001000,0.001000,0.001000,0.001000,0.001000
1074.980769,-0.049138,0.001000,0.001000,0.001000,0.001000,0.001000
1075.000000,-0.048918,0.001000,0.001000,0.001000,0.001000,0.001000
1075.019231,-0.048674,0.001000,0.001000,0.001000,0.001000,0.001000
1075.038462,-0.048405,0.001000,0.001000,0.001000,0.001000,0.001000
1075.057692,-0.048112,0.001000,0.001000,0.001000,0.001000,0.001000
1075.076923,-0.047795,0.001000,0.001000,0.001000,0.001000,0.001000
1075.096154,-0.047454,0.001000,0.001000,0.001000,0.001000,0.001000
1075.115385,-0.047089,0.001000,0.001000,0.001000,0.001000,0.001000
1075.134615,-0.046700,0.001000,0.001000,0.001000,0.001000,0.001000
1075.153846,-0.046288,0.001000,0.001000,0.001000,0.001000,0.001000
1075.173077,-0.045852,0.001000,0.001000,0.001000,0.001000,0.001000
1075.192308,-0.045394,0.001000,0.001000,0.001000,0.001000,0.001000
1075.211538,-0.044913,0.001000,0.001000,0.001000,0.001000,0.001000
1075.230769,-0.044409,0.001000,0.001000,0.001000,0.001000,0.001000
1075.250000,-0.043883,0.001000,0.001000,0.001000,0.001000,0.001000
1075.269231,-0.043334,0.001000,0.001000,0.001000,0.001000,0.001000
1075.288462,-0.042764,0.001000,0.001000,0.001000,0.001000,0.001000
1075.307692,-0.042173,0.001000,0.001000,0.001000,0.001000,0.001000
1075.326923,-0.041560,0.001000,0.001000,0.001000,0.001000,0.001000
1075.346154,-0.040926,0.001000,0.001000,0.001000,0.001000,0.001000
1075.365385,-0.040272,0.001000,0.001000,0.001000,0.001000,0.001000
1075.384615,-0.039598,0.001000,0.001000,0.001000,0.001000,0.001000
1075.403846,-0.038903,0.001000,0.001000,0.001000,0.001000,0.001000
1075.423077,-0.038190,0.001000,0.001000,0.001000,0.001000,0.001000
1075.442308,-0.037456,0.001000,0.001000,0.001000,0.001000,0.001000
1075.461538,-0.036705,0.001000,0.001000,0.001000,0.001000,0.001000
1075.480769,-0.035934,0.001000,0.001000,0.001000,0.001000,0.001000
1075.500000,-0.035146,0.001000,0.001000,0.001000,0.001000,0.001000
1075.519231,-0.034340,0.001000,0.001000,0.001000,0.001000,0.001000
1075.538462,-0.033516,0.001000,0.001000,0.001000,0.001000,0.001000
1075.557692,-0.032676,0.001000,0.001000,0.001000,0.001000,0.001000
1075.576923,-0.031820,0.001000,0.001000,0.001000,0.001000,0.001000
1075.596154,-0.030947,0.001000,0.001000,0.001000,0.001000,0.001000
1075.615385,-0.030059,0.001000,0.001000,0.001000,0.001000,0.001000
1075.634615,-0.029156,0.001000,0.001000,0.001000,0.001000,0.001000
1075.653846,-0.028238,0.001000,0.001000,0.001000,0.001000,0.001000
1075.673077,-0.027305,0.001000,0.001000,0.001000,0.001000,0.001000
1075.692308,-0.026360,0.001000,0.001000,0.001000,0.001000,0.001000
1075.711538,-0.025401,0.001000,0.001000,0.001000,0.001000,0.001000
1075.730769,-0.024429,0.001000,0.001000,0.001000,0.001000,0.001000
1075.750000,-0.023445,0.001000,0.001000,0.001000,0.001000,0.001000
1075.769231,-0.022449,0.001000,0.001000,0.001000,0.001000,0.001000
1075.788462,-0.021441,0.001000,0.001000,0.001000,0.001000,0.001000
1075.807692,-0.020423,0.001000,0.001000,0.001000,0.001000,0.001000
1075.826923,-0.019395,0.001000,0.001000,0.001000,0.001000,0.001000
1075.846154,-0.018357,0.001000,0.001000,0.001000,0.001000,0.001000
1075.865385,-0.017310,0.001000,0.001000,0.001000,0.001000,0.001000
1075.884615,-0.016254,0.001000,0.001000,0.001000,0.001000,0.001000
1075.903846,-0.015190,0.001000,0.001000,0.001000,0.001000,0.001000
1075.923077,-0.014118,0.001000,0.001000,0.001000,0.001000,0.001000
1075.942308,-0.013040,0.001000,0.001000,0.001000,0.001000,0.001000
1075.961538,-0.011954,0.001000,0.001000,0.001000,0.001000,0.001000
1075.980769,-0.010863,0.001000,0.001000,0.001000,0.001000,0.001000
1076.000000,-0.009766,0.001000,0.001000,0.001000,0.001000,0.001000
1076.019231,-0.008664,0.001000,0.001000,0.001000,0.001000,0.001000
1076.038462,-0.007558,0.001000,0.001000,0.001000,0.001000,0.001000
1076.057692,-0.006448,0.001000,0.001000,0.001000,0.001000,0.001000
1076.076923,-0.005335,0.001000,0.001000,0.001000,0.001000,0.001000
1076.096154,-0.004219,0.001000,0.001000,0.001000,0.001000,0.001000
1076.115385,-0.003101,0.001000,0.001000,0.001000,0.001000,0.001000
1076.134615,-0.001982,0.001000,0.001000,0.001000,0.001000,0.001000
1076.153846,-0.000861,0.001000,0.001000,0.001000,0.001000,0.001000
1076.173077,0.000260,0.001000,0.001000,0.001000,0.001000,0.001000
1076.192308,0.001380,0.001000,0.001000,0.001000,0.001000,0.001000
1076.211538,0.002501,0.001000,0.001000,0.001000,0.001000,0.001000
1076.230769,0.003619,0.001000,0.001000,0.001000,0.001000,0.001000
1076.250000,0.004736,0.001000,0.001000,0.001000,0.001000,0.001000
1076.269231,0.005851,0.001000,0.001000,0.001000,0.001000,0.001000
1076.288462,0.006963,0.001000,0.001000,0.001000,0.001000,0.001000
1076.307692,0.008071,0.001000,0.001000,0.001000,0.001000,0.001000
1076.326923,0.009175,0.001000,0.001000,0.001000,0.001000,0.001000
1076.346154,0.010275,0.001000,0.001000,0.001000,0.001000,0.001000
1076.365385,0.011369,0.001000,0.001000,0.001000,0.001000,0.001000
1076.384615,0.012458,0.001000,0.001000,0.001000,0.001000,0.001000
1076.403846,0.013540,0.001000,0.001000,0.001000,0.001000,0.001000
1076.423077,0.014616,0.001000,0.001000,0.001000,0.001000,0.001000
1076.442308,0.015684,0.001000,0.001000,0.001000,0.001000,0.001000
1076.461538,0.016744,0.001000,0.001000,0.001000,0.001000,0.001000
1076.480769,0.017796,0.001000,0.001000,0.001000,0.001000,0.001000
1076.500000,0.018839,0.001000,0.001000,0.001000,0.001000,0.001000
1076.519231,0.019873,0.001000,0.001000,0.001000,0.001000,0.001000
1076.538462,0.020896,0.001000,0.001000,0.001000,0.001000,0.001000
1076.557692,0.021909,0.001000,0.001000,0.001000,0.001000,0.001000
1076.576923,0.022911,0.001000,0.001000,0.001000,0.001000,0.001000
1076.596154,0.023902,0.001000,0.001000,0.001000,0.001000,0.001000
1076.615385,0.024880,0.001000,0.001000,0.001000,0.001000,0.001000
1076.634615,0.025846,0.001000,0.001000,0.001000,0.001000,0.001000
1076.653846,0.026799,0.001000,0.001000,0.001000,0.001000,0.001000
1076.673077,0.027739,0.001000,0.001000,0.001000,0.001000,0.001000
1076.692308,0.028665,0.001000,0.001000,0.001000,0.001000,0.001000
1076.711538,0.029576,0.001000,0.001000,0.001000,0.001000,0.001000
1076.730769,0.030472,0.001000,0.001000,0.001000,0.001000,0.001000
1076.750000,0.031353,0.001000,0.001000,0.001000,0.001000,0.001000
1076.769231,0.032218,0.001000,0.001000,0.001000,0.001000,0.001000
1076.788462,0.033067,0.001000,0.001000,0.001000,0.001000,0.001000
1076.807692,0.033900,0.001000,0.001000,0.001000,0.001000,0.001000
1076.826923,0.034715,0.001000,0.001000,0.001000,0.001000,0.001000
1076.846154,0.035513,0.001000,0.001000,0.001000,0.001000,0.001000
1076.865385,0.036293,0.001000,0.001000,0.001000,0.001000,0.001000
1076.884615,0.037055,0.001000,0.001000,0.001000,0.001000,0.001000
1076.903846,0.037798,0.001000,0.001000,0.001000,0.001000,0.001000
1076.923077,0.038523,0.001000,0.001000,0.001000,0.001000,0.001000
1076.942308,0.039227,0.001000,0.001000,0.001000,0.001000,0.001000
1076.961538,0.039913,0.001000,0.001000,0.001000,0.001000,0.001000
1076.980769,0.040578,0.001000,0.001000,0.001000,0.001000,0.001000
1077.000000,0.041222,0.001000,0.001000,0.001000,0.001000,0.001000
1077.019231,0.041846,0.001000,0.001000,0.001000,0.001000,0.001000
1077.038462,0.042449,0.001000,0.001000,0.001000,0.001000,0.001000
1077.057692,0.043031,0.001000,0.001000,0.001000,0.001000,0.001000
1077.076923,0.043591,0.001000,0.001000,0.001000,0.001000,0.001000
1077.096154,0.044129,0.001000,0.001000,0.001000,0.001000,0.001000
1077.115385,0.044645,0.001000,0.001000,0.001000,0.001000,0.001000
1077.134615,0.045138,0.001000,0.001000,0.001000,0.001000,0.001000
1077.153846,0.045609,0.001000,0.001000,0.001000,0.001000,0.001000
1077.173077,0.046057,0.001000,0.001000,0.001000,0.001000,0.001000
1077.192308,0.046482,0.001000,0.001000,0.001000,0.001000,0.001000
1077.211538,0.046883,0.001000,0.001000,0.001000,0.001000,0.001000
1077.230769,0.047261,0.001000,0.001000,0.001000,0.001000,0.001000
1077.250000,0.047615,0.001000,0.001000,0.001000,0.001000,0.001000
1077.269231,0.047945,0.001000,0.001000,0.001000,0.001000,0.001000
1077.288462,0.048251,0.001000,0.001000,0.001000,0.001000,0.001000
1077.307692,0.048533,0.001000,0.001000,0.001000,0.001000,0.001000
1077.326923,0.048790,0.001000,0.001000,0.001000,0.001000,0.001000
1077.346154,0.049023,0.001000,0.001000,0.001000,0.001000,0.001000
1077.365385,0.049231,0.001000,0.001000,0.001000,0.001000,0.001000
1077.384615,0.049415,0.001000,0.001000,0.001000,0.001000,0.001000
1077.403846,0.049573,0.001000,0.001000,0.001000,0.001000,0.001000
1077.423077,0.049707,0.001000,0.001000,0.001000,0.001000,0.001000
1077.442308,0.049816,0.001000,0.001000,0.001000,0.001000,0.001000
1077.461538,0.049899,0.001000,0.001000,0.001000,0.001000,0.001000
1077.480769,0.049958,0.001000,0.001000,0.001000,0.001000,0.001000
1077.500000,0.049991,0.001000,0.001000,0.001000,0.001000,0.001000
1077.519231,0.050000,0.001000,0.001000,0.001000,0.001000,0.001000
1077.538462,0.049983,0.001000,0.001000,0.001000,0.001000,0.001000
1077.557692,0.049941,0.001000,0.001000,0.001000,0.001000,0.001000
1077.576923,0.049874,0.001000,0.001000,0.001000,0.001000,0.001000
1077.596154,0.049782,0.001000,0.001000,0.001000,0.001000,0.001000
1077.615385,0.049665,0.001000,0.001000,0.001000,0.001000,0.001000
1077.634615,0.049523,0.001000,0.001000,0.001000,0.001000,0.001000
1077.653846,0.049356,0.001000,0.001000,0.001000,0.001000,0.001000
1077.673077,0.049164,0.001000,0.001000,0.001000,0.001000,0.001000
1077.692308,0.048948,0.001000,0.001000,0.001000,0.001000,0.001000
1077.711538,0.048707,0.001000,0.001000,0.001000,0.001000,0.001000
1077.730769,0.048441,0.001000,0.001000,0.001000,0.001000,0.001000
1077.750000,0.048151,0.001000,0.001000,0.001000,0.001000,0.001000
1077.769231,0.047837,0.001000,0.001000,0.001000,0.001000,0.001000
1077.788462,0.047499,0.001000,0.001000,0.001000,0.001000,0.001000
1077.807692,0.047137,0.001000,0.001000,0.001000,0.001000,0.001000
1077.826923,0.046751,0.001000,0.001000,0.001000,0.001000,0.001000
1077.846154,0.046342,0.001000,0.001000,0.001000,0.001000,0.001000
1077.865385,0.045910,0.001000,0.001000,0.001000,0.001000,0.001000
1077.884615,0.045454,0.001000,0.001000,0.001000,0.001000,0.001000
1077.903846,0.044976,0.001000,0.001000,0.001000,0.001000,0.001000
1077.923077,0.044475,0.001000,0.001000,0.001000,0.001000,0.001000
1077.942308,0.043951,0.001000,0.001000,0.001000,0.001000,0.001000
1077.961538,0.043406,0.001000,0.001000,0.001000,0.001000,0.001000
1077.980769,0.042838,0.001000,0.001000,0.001000,0.001000,0.001000
1078.000000,0.042250,0.001000,0.001000,0.001000,0.001000,0.001000
1078.019231,0.041640,0.001000,0.001000,0.001000,0.001000,0.001000
1078.038462,0.041009,0.001000,0.001000,0.001000,0.001000,0.001000
1078.057692,0.040357,0.001000,0.001000,0.001000,0.001000,0.001000
1078.076923,0.039685,0.001000,0.001000,0.001000,0.001000,0.001000
1078.096154,0.038993,0.001000,0.001000,0.001000,0.001000,0.001000
1078.115385,0.038282,0.001000,0.001000,0.001000,0.001000,0.001000
1078.134615,0.037551,0.001000,0.001000,0.001000,0.001000,0.001000
1078.153846,0.036802,0.001000,0.001000,0.001000,0.001000,0.001000
1078.173077,0.036034,0.001000,0.001000,0.001000,0.001000,0.001000
1078.192308,0.035248,0.001000,0.001000,0.001000,0.001000,0.001000
1078.211538,0.034444,0.001000,0.001000,0.001000,0.001000,0.001000
1078.230769,0.033623,0.001000,0.001000,0.001000,0.001000,0.001000
1078.250000,0.032785,0.001000,0.001000,0.001000,0.001000,0.001000
1078.269231,0.031930,0.001000,0.001000,0.001000,0.001000,0.001000
1078.288462,0.031060,0.001000,0.001000,0.001000,0.001000,0.001000
1078.307692,0.030173,0.001000,0.001000,0.001000,0.001000,0.001000
1078.326923,0.029272,0.001000,0.001000,0.001000,0.001000,0.001000
1078.346154,0.028356,0.001000,0.001000,0.001000,0.001000,0.001000
1078.365385,0.027426,0.001000,0.001000,0.001000,0.001000,0.001000
1078.384615,0.026482,0.001000,0.001000,0.001000,0.001000,0.001000
1078.403846,0.025524,0.001000,0.001000,0.001000,0.001000,0.001000
1078.423077,0.024554,0.001000,0.001000,0.001000,0.001000,0.001000
1078.442308,0.023571,0.001000,0.001000,0.001000,0.001000,0.001000
1078.461538,0.022577,0.001000,0.001000,0.001000,0.001000,0.001000
1078.480769,0.021571,0.001000,0.001000,0.001000,0.001000,0.001000
1078.500000,0.020554,0.001000,0.001000,0.001000,0.001000,0.001000
1078.519231,0.019527,0.001000,0.001000,0.001000,0.001000,0.001000
1078.538462,0.018491,0.001000,0.001000,0.001000,0.001000,0.001000
1078.557692,0.017445,0.001000,0.001000,0.001000,0.001000,0.001000
1078.576923,0.016390,0.001000,0.001000,0.001000,0.001000,0.001000
1078.596154,0.015327,0.001000,0.001000,0.001000,0.001000,0.001000
1078.615385,0.014256,0.001000,0.001000,0.001000,0.001000,0.001000
1078.634615,0.013178,0.001000,0.001000,0.001000,0.001000,0.001000
1078.653846,0.012094,0.001000,0.001000,0.001000,0.001000,0.001000
1078.673077,0.011003,0.001000,0.001000,0.001000,0.001000,0.001000
1078.692308,0.009907,0.001000,0.001000,0.001000,0.001000,0.001000
1078.711538,0.008806,0.001000,0.001000,0.001000,0.001000,0.001000
1078.730769,0.007700,0.001000,0.001000,0.001000,0.001000,0.001000
1078.750000,0.006591,0.001000,0.001000,0.001000,0.001000,0.001000
1078.769231,0.005478,0.001000,0.001000,0.001000,0.001000,0.001000
1078.788462,0.004362,0.001000,0.001000,0.001000,0.001000,0.001000
1078.807692,0.003245,0.001000,0.001000,0.001000,0.001000,0.001000
1078.826923,0.002125,0.001000,0.001000,0.001000,0.001000,0.001000
1078.846154,0.001005,0.001000,0.001000,0.001000,0.001000,0.001000
1078.865385,-0.000116,0.001000,0.001000,0.001000,0.001000,0.001000
1078.884615,-0.001237,0.001000,0.001000,0.001000,0.001000,0.001000
1078.903846,-0.002357,0.001000,0.001000,0.001000,0.001000,0.001000
1078.923077,-0.003476,0.001000,0.001000,0.001000,0.001000,0.001000
1078.942308,-0.004593,0.001000,0.001000,0.001000,0.001000,0.001000
1078.961538,-0.005708,0.001000,0.001000,0.001000,0.001000,0.001000
1078.980769,-0.006821,0.001000,0.001000,0.001000,0.001000,0.001000
1079.000000,-0.007929,0.001000,0.001000,0.001000,0.001000,0.001000
1079.019231,-0.009034,0.001000,0.001000,0.001000,0.001000,0.001000
1079.038462,-0.010134,0.001000,0.001000,0.001000,0.001000,0.001000
1079.057692,-0.011229,0.001000,0.001000,0.001000,0.001000,0.001000
1079.076923,-0.012319,0.001000,0.001000,0.001000,0.001000,0.001000
1079.096154,-0.013402,0.001000,0.001000,0.001000,0.001000,0.001000
1079.115385,-0.014478,0.001000,0.001000,0.001000,0.001000,0.001000
1079.134615,-0.015548,0.001000,0.001000,0.001000,0.001000,0.001000
1079.153846,-0.016609,0.001000,0.001000,0.001000,0.001000,0.001000
1079.173077,-0.017662,0.001000,0.001000,0.001000,0.001000,0.001000
1079.192308,-0.018706,0.001000,0.001000,0.001000,0.001000,0.001000
1079.211538,-0.019741,0.001000,0.001000,0.001000,0.001000,0.001000
1079.230769,-0.020766,0.001000,0.001000,0.001000,0.001000,0.001000
1079.250000,-0.021780,0.001000,0.001000,0.001000,0.001000,0.001000
1079.269231,-0.022784,0.001000,0.001000,0.001000,0.001000,0.001000
1079.288462,-0.023776,0.001000,0.001000,0.001000,0.001000,0.001000
1079.307692,-0.024756,0.001000,0.001000,0.001000,0.001000,0.001000
1079.326923,-0.025723,0.001000,0.001000,0.001000,0.001000,0.001000
1079.346154,-0.026678,0.001000,0.001000,0.001000,0.001000,0.001000
1079.365385,-0.027619,0.001000,0.001000,0.001000,0.001000,0.001000
1079.384615,-0.028547,0.001000,0.001000,0.001000,0.001000,0.001000
1079.403846,-0.029460,0.001000,0.001000,0.001000,0.001000,0.001000
1079.423077,-0.030358,0.001000,0.001000,0.001000,0.001000,0.001000
1079.442308,-0.031241,0.001000,0.001000,0.001000,0.001000,0.001000
1079.461538,-0.032108,0.001000,0.001000,0.001000,0.001000,0.001000
1079.480769,-0.032960,0.001000,0.001000,0.001000,0.001000,0.001000
1079.500000,-0.033794,0.001000,0.001000,0.001000,0.001000,0.001000
1079.519231,-0.034612,0.001000,0.001000,0.001000,0.001000,0.001000
1079.538462,-0.035412,0.001000,0.001000,0.001000,0.001000,0.001000
1079.557692,-0.036194,0.001000,0.001000,0.001000,0.001000,0.001000
1079.576923,-0.036959,0.001000,0.001000,0.001000,0.001000,0.001000
1079.596154,-0.037704,0.001000,0.001000,0.001000,0.001000,0.001000
1079.615385,-0.038431,0.001000,0.001000,0.001000,0.001000,0.001000
1079.634615,-0.039138,0.001000,0.001000,0.001000,0.001000,0.001000
1079.653846,-0.039826,0.001000,0.001000,0.001000,0.001000,0.001000
1079.673077,-0.040494,0.001000,0.001000,0.001000,0.001000,0.001000
1079.692308,-0.041141,0.001000,0.001000,0.001000,0.001000,0.001000
1079.711538,-0.041768,0.001000,0.001000,0.001000,0.001000,0.001000
1079.730769,-0.042373,0.001000,0.001000,0.001000,0.001000,0.001000
1079.750000,-0.042958,0.001000,0.001000,0.001000,0.001000,0.001000
1079.769231,-0.043521,0.001000,0.001000,0.001000,0.001000,0.001000
1079.788462,-0.044061,0.001000,0.001000,0.001000,0.001000,0.001000
1079.807692,-0.044580,0.001000,0.001000,0.001000,0.001000,0.001000
1079.826923,-0.045077,0.001000,0.001000,0.001000,0.001000,0.001000
1079.846154,-0.045550,0.001000,0.001000,0.001000,0.001000,0.001000
1079.865385,-0.046001,0.001000,0.001000,0.001000,0.001000,0.001000
1079.884615,-0.046429,0.001000,0.001000,0.001000,0.001000,0.001000
1079.903846,-0.046833,0.001000,0.001000,0.001000,0.001000,0.001000
1079.923077,-0.047214,0.001000,0.001000,0.001000,0.001000,0.001000
1079.942308,-0.047571,0.001000,0.001000,0.001000,0.001000,0.001000
1079.961538,-0.047904,0.001000,0.001000,0.001000,0.001000,0.001000
1079.980769,-0.048213,0.001000,0.001000,0.001000,0.001000,0.001000
1080.000000,-0.048498,0.001000,0.001000,0.001000,0.001000,0.001000
1080.019231,-0.048759,0.001000,0.001000,0.001000,0.001000,0.001000
1080.038462,-0.048994,0.001000,0.001000,0.001000,0.001000,0.001000
1080.057692,-0.049206,0.001000,0.001000,0.001000,0.001000,0.001000
1080.076923,-0.049392,0.001000,0.001000,0.001000,0.001000,0.001000
1080.096154,-0.049554,0.001000,0.001000,0.001000,0.001000,0.001000
1080.115385,-0.049691,0.001000,0.001000,0.001000,0.001000,0.001000
1080.134615,-0.049803,0.001000,0.001000,0.001000,0.001000,0.001000
1080.153846,-0.049890,0.001000,0.001000,0.001000,0.001000,0.001000
1080.173077,-0.049952,0.001000,0.001000,0.001000,0.001000,0.001000
1080.192308,-0.049988,0.001000,0.001000,0.001000,0.001000,0.001000
1080.211538,-0.050000,0.001000,0.001000,0.001000,0.001000,0.001000
1080.230769,-0.049986,0.001000,0.001000,0.001000,0.001000,0.001000
1080.250000,-0.049948,0.001000,0.001000,0.001000,0.001000,0.001000
1080.269231,-0.049884,0.001000,0.001000,0.001000,0.001000,0.001000
1080.288462,-0.049795,0.001000,0.001000,0.001000,0.001000,0.001000
1080.307692,-0.049681,0.001000,0.001000,0.001000,0.001000,0.001000
1080.326923,-0.049542,0.001000,0.001000,0.001000,0.001000,0.001000
1080.346154,-0.049379,0.001000,0.001000,0.001000,0.001000,0.001000
1080.365385,-0.049190,0.001000,0.001000,0.001000,0.001000,0.001000
1080.384615,-0.048977,0.001000,0.001000,0.001000,0.001000,0.001000
1080.403846,-0.048739,0.001000,0.001000,0.001000,0.001000,0.001000
1080.423077,-0.048476,0.001000,0.001000,0.001000,0.001000,0.001000
1080.442308,-0.048190,0.001000,0.001000,0.001000,0.001000,0.001000
1080.461538,-0.047879,0.001000,0.001000,0.001000,0.001000,0.001000
1080.480769,-0.047544,0.001000,0.001000,0.001000,0.001000,0.001000
1080.500000,-0.047185,0.001000,0.001000,0.001000,0.001000,0.001000
1080.519231,-0.046802,0.001000,0.001000,0.001000,0.001000,0.001000
1080.538462,-0.046396,0.001000,0.001000,0.001000,0.001000,0.001000
1080.557692,-0.045966,0.001000,0.001000,0.001000,0.001000,0.001000
1080.576923,-0.045514,0.001000,0.001000,0.001000,0.001000,0.001000
1080.596154,-0.045038,0.001000,0.001000,0.001000,0.001000,0.001000
1080.615385,-0.044540,0.001000,0.001000,0.001000,0.001000,0.001000
1080.634615,-0.044019,0.001000,0.001000,0.001000,0.001000,0.001000
1080.653846,-0.043477,0.001000,0.001000,0.001000,0.001000,0.001000
1080.673077,-0.042912,0.001000,0.001000,0.001000,0.001000,0.001000
1080.692308,-0.042326,0.001000,0.001000,0.001000,0.001000,0.001000
1080.711538,-0.041719,0.001000,0.001000,0.001000,0.001000,0.001000
1080.730769,-0.041091,0.001000,0.001000,0.001000,0.001000,0.001000
1080.750000,-0.040442,0.001000,0.001000,0.001000,0.001000,0.001000
1080.769231,-0.039772,0.001000,0.001000,0.001000,0.001000,0.001000
1080.788462,-0.039083,0.001000,0.001000,0.001000,0.001000,0.001000
1080.807692,-0.038374,0.001000,0.001000,0.001000,0.001000,0.001000
1080.826923,-0.037646,0.001000,0.001000,0.001000,0.001000,0.001000
1080.846154,-0.036899,0.001000,0.001000,0.001000,0.001000,0.001000
1080.865385,-0.036133,0.001000,0.001000,0.001000,0.001000,0.001000
1080.884615,-0.035349,0.001000,0.001000,0.001000,0.001000,0.001000
1080.903846,-0.034548,0.001000,0.001000,0.001000,0.001000,0.001000
1080.923077,-0.033729,0.001000,0.001000,0.001000,0.001000,0.001000
1080.942308,-0.032893,0.001000,0.001000,0.001000,0.001000,0.001000
1080.961538,-0.032040,0.001000,0.001000,0.001000,0.001000,0.001000
1080.980769,-0.031172,0.001000,0.001000,0.001000,0.001000,0.001000
1081.000000,-0.030288,0.001000,0.001000,0.001000,0.001000,0.001000
1081.019231,-0.029388,0.001000,0.001000,0.001000,0.001000,0.001000
1081.038462,-0.028474,0.001000,0.001000,0.001000,0.001000,0.001000
1081.057692,-0.027546,0.001000,0.001000,0.001000,0.001000,0.001000
1081.076923,-0.026603,0.001000,0.001000,0.001000,0.001000,0.001000
1081.096154,-0.025647,0.001000,0.001000,0.001000,0.001000,0.001000
1081.115385,-0.024679,0.001000,0.001000,0.001000,0.001000,0.001000
1081.134615,-0.023698,0.001000,0.001000,0.001000,0.001000,0.001000
1081.153846,-0.022705,0.001000,0.001000,0.001000,0.001000,0.001000
1081.173077,-0.021700,0.001000,0.001000,0.001000,0.001000,0.001000
1081.192308,-0.020685,0.001000,0.001000,0.001000,0.001000,0.001000
1081.211538,-0.019660,0.001000,0.001000,0.001000,0.001000,0.001000
1081.230769,-0.018624,0.001000,0.001000,0.001000,0.001000,0.001000
1081.250000,-0.017579,0.001000,0.001000,0.001000,0.001000,0.001000
1081.269231,-0.016525,0.001000,0.001000,0.001000,0.001000,0.001000
1081.288462,-0.015463,0.001000,0.001000,0.001000,0.001000,0.001000
1081.307692,-0.014394,0.001000,0.001000,0.001000,0.001000,0.001000
1081.326923,-0.013316,0.001000,0.001000,0.001000,0.001000,0.001000
1081.346154,-0.012233,0.001000,0.001000,0.001000,0.001000,0.001000
1081.365385,-0.011143,0.001000,0.001000,0.001000,0.001000,0.001000
1081.384615,-0.010047,0.001000,0.001000,0.001000,0.001000,0.001000
1081.403846,-0.008947,0.001000,0.001000,0.001000,0.001000,0.001000
1081.423077,-0.007842,0.001000,0.001000,0.001000,0.001000,0.001000
1081.442308,-0.006733,0.001000,0.001000,0.001000,0.001000,0.001000
1081.461538,-0.005620,0.001000,0.001000,0.001000,0.001000,0.001000
1081.480769,-0.004505,0.001000,0.001000,0.001000,0.001000,0.001000
1081.500000,-0.003388,0.001000,0.001000,0.001000,0.001000,0.001000
1081.519231,-0.002269,0.001000,0.001000,0.001000,0.001000,0.001000
1081.538462,-0.001148,0.001000,0.001000,0.001000,0.001000,0.001000
1081.557692,-0.000028,0.001000,0.001000,0.001000,0.001000,0.001000
1081.576923,0.001093,0.001000,0.001000,0.001000,0.001000,0.001000
1081.596154,0.002214,0.001000,0.001000,0.001000,0.001000,0.001000
1081.615385,0.003333,0.001000,0.001000,0.001000,0.001000,0.001000
1081.634615,0.004450,0.001000,0.001000,0.001000,0.001000,0.001000
1081.653846,0.005566,0.001000,0.001000,0.001000,0.001000,0.001000
1081.673077,0.006678,0.001000,0.001000,0.001000,0.001000,0.001000
1081.692308,0.007787,0.001000,0.001000,0.001000,0.001000,0.001000
1081.711538,0.008893,0.001000,0.001000,0.001000,0.001000,0.001000
1081.730769,0.009993,0.001000,0.001000,0.001000,0.001000,0.001000
1081.750000,0.011089,0.001000,0.001000,0.001000,0.001000,0.001000
1081.769231,0.012179,0.001000,0.001000,0.001000,0.001000,0.001000
1081.788462,0.013263,0.001000,0.001000,0.001000,0.001000,0.001000
1081.807692,0.014341,0.001000,0.001000,0.001000,0.001000,0.001000
1081.826923,0.015411,0.001000,0.001000,0.001000,0.001000,0.001000
1081.846154,0.016473,0.001000,0.001000,0.001000,0.001000,0.001000
1081.865385,0.017528,0.001000,0.001000,0.001000,0.001000,0.001000
1081.884615,0.018573,0.001000,0.001000,0.001000,0.001000,0.001000
1081.903846,0.019609,0.001000,0.001000,0.001000,0.001000,0.001000
1081.923077,0.020635,0.001000,0.001000,0.001000,0.001000,0.001000
1081.942308,0.021651,0.001000,0.001000,0.001000,0.001000,0.001000
1081.961538,0.022656,0.001000,0.001000,0.001000,0.001000,0.001000
1081.980769,0.023649,0.001000,0.001000,0.001000,0.001000,0.001000
1082.000000,0.024631,0.001000,0.001000,0.001000,0.001000,0.001000
1082.019231,0.025600,0.001000,0.001000,0.001000,0.001000,0.001000
1082.038462,0.026557,0.001000,0.001000,0.001000,0.001000,0.001000
1082.057692,0.027500,0.001000,0.001000,0.001000,0.001000,0.001000
1082.076923,0.028429,0.001000,0.001000,0.001000,0.001000,0.001000
1082.096154,0.029344,0.001000,0.001000,0.001000,0.001000,0.001000
1082.115385,0.030244,0.001000,0.001000,0.001000,0.001000,0.001000
1082.134615,0.031129,0.001000,0.001000,0.001000,0.001000,0.001000
1082.153846,0.031998,0.001000,0.001000,0.001000,0.001000,0.001000
1082.173077,0.032851,0.001000,0.001000,0.001000,0.001000,0.001000
1082.192308,0.033688,0.001000,0.001000,0.001000,0.001000,0.001000
1082.211538,0.034508,0.001000,0.001000,0.001000,0.001000,0.001000
1082.230769,0.035310,0.001000,0.001000,0.001000,0.001000,0.001000
1082.250000,0.036095,0.001000,0.001000,0.001000,0.001000,0.001000
1082.269231,0.036862,0.001000,0.001000,0.001000,0.001000,0.001000
1082.288462,0.037610,0.001000,0.001000,0.001000,0.001000,0.001000
1082.307692,0.038339,0.001000,0.001000,0.001000,0.001000,0.001000
1082.326923,0.039049,0.001000,0.001000,0.001000,0.001000,0.001000
1082.346154,0.039739,0.001000,0.001000,0.001000,0.001000,0.001000
1082.365385,0.040409,0.001000,0.001000,0.001000,0.001000,0.001000
1082.384615,0.041059,0.001000,0.001000,0.001000,0.001000,0.001000
1082.403846,0.041689,0.001000,0.001000,0.001000,0.001000,0.001000
1082.423077,0.042297,0.001000,0.001000,0.001000,0.001000,0.001000
1082.442308,0.042884,0.001000,0.001000,0.001000,0.001000,0.001000
1082.461538,0.043450,0.001000,0.001000,0.001000,0.001000,0.001000
1082.480769,0.043993,0.001000,0.001000,0.001000,0.001000,0.001000
1082.500000,0.044515,0.001000,0.001000,0.001000,0.001000,0.001000
1082.519231,0.045014,0.001000,0.001000,0.001000,0.001000,0.001000
1082.538462,0.045491,0.001000,0.001000,0.001000,0.001000,0.001000
1082.557692,0.045945,0.001000,0.001000,0.001000,0.001000,0.001000
1082.576923,0.046375,0.001000,0.001000,0.001000,0.001000,0.001000
1082.596154,0.046783,0.001000,0.001000,0.001000,0.001000,0.001000
1082.615385,0.047166,0.001000,0.001000,0.001000,0.001000,0.001000
1082.634615,0.047527,0.001000,0.001000,0.001000,0.001000,0.001000
1082.653846,0.047863,0.001000,0.001000,0.001000,0.001000,0.001000
1082.673077,0.048175,0.001000,0.001000,0.001000,0.001000,0.001000
1082.692308,0.048463,0.001000,0.001000,0.001000,0.001000,0.001000
1082.711538,0.048727,0.001000,0.001000,0.001000,0.001000,0.001000
1082.730769,0.048966,0.001000,0.001000,0.001000,0.001000,0.001000
1082.750000,0.049180,0.001000,0.001000,0.001000,0.001000,0.001000
1082.769231,0.049370,0.001000,0.001000,0.001000,0.001000,0.001000
1082.788462,0.049535,0.001000,0.001000,0.001000,0.001000,0.001000
1082.807692,0.049675,0.001000,0.001000,0.001000,0.001000,0.001000
1082.826923,0.049790,0.001000,0.001000,0.001000,0.001000,0.001000
1082.846154,0.049880,0.001000,0.001000,0.001000,0.001000,0.001000
1082.865385,0.049945,0.001000,0.001000,0.001000,0.001000,0.001000
1082.884615,0.049985,0.001000,0.001000,0.001000,0.001000,0.001000
1082.903846,0.050000,0.001000,0.001000,0.001000,0.001000,0.001000
1082.923077,0.049990,0.001000,0.001000,0.001000,0.001000,0.001000
1082.942308,0.049954,0.001000,0.001000,0.001000,0.001000,0.001000
1082.961538,0.049894,0.001000,0.001000,0.001000,0.001000,0.001000
1082.980769,0.049808,0.001000,0.001000,0.001000,0.001000,0.001000
1083.000000,0.049697,0.001000,0.001000,0.001000,0.001000,0.001000
1083.019231,0.049562,0.001000,0.001000,0.001000,0.001000,0.001000
1083.038462,0.049401,0.001000,0.001000,0.001000,0.001000,0.001000
1083.057692,0.049216,0.001000,0.001000,0.001000,0.001000,0.001000
1083.076923,0.049005,0.001000,0.001000,0.001000,0.001000,0.001000
1083.096154,0.048771,0.001000,0.001000,0.001000,0.001000,0.001000
1083.115385,0.048511,0.001000,0.001000,0.001000,0.001000,0.001000
1083.134615,0.048228,0.001000,0.001000,0.001000,0.001000,0.001000
1083.153846,0.047920,0.001000,0.001000,0.001000,0.001000,0.001000
1083.173077,0.047588,0.001000,0.001000,0.001000,0.001000,0.001000
1083.192308,0.047232,0.001000,0.001000,0.001000,0.001000,0.001000
1083.211538,0.046852,0.001000,0.001000,0.001000,0.001000,0.001000
1083.230769,0.046449,0.001000,0.001000,0.001000,0.001000,0.001000
1083.250000,0.046023,0.001000,0.001000,0.001000,0.001000,0.001000
1083.269231,0.045573,0.001000,0.001000,0.001000,0.001000,0.001000
1083.288462,0.045100,0.001000,0.001000,0.001000,0.001000,0.001000
1083.307692,0.044605,0.001000,0.001000,0.001000,0.001000,0.001000
1083.326923,0.044087,0.001000,0.001000,0.001000,0.001000,0.001000
1083.346154,0.043548,0.001000,0.001000,0.001000,0.001000,0.001000
1083.365385,0.042986,0.001000,0.001000,0.001000,0.001000,0.001000
1083.384615,0.042403,0.001000,0.001000,0.001000,0.001000,0.001000
1083.403846,0.041798,0.001000,0.001000,0.001000,0.001000,0.001000
1083.423077,0.041172,0.001000,0.001000,0.001000,0.001000,0.001000
1083.442308,0.040526,0.001000,0.001000,0.001000,0.001000,0.001000
1083.461538,0.039859,0.001000,0.001000,0.001000,0.001000,0.001000
1083.480769,0.039173,0.001000,0.001000,0.001000,0.001000,0.001000
1083.500000,0.038466,0.001000,0.001000,0.001000,0.001000,0.001000
1083.519231,0.037740,0.001000,0.001000,0.001000,0.001000,0.001000
1083.538462,0.036996,0.001000,0.001000,0.001000,0.001000,0.001000
1083.557692,0.036232,0.001000,0.001000,0.001000,0.001000,0.001000
1083.576923,0.035451,0.001000,0.001000,0.001000,0.001000,0.001000
1083.596154,0.034651,0.001000,0.001000,0.001000,0.001000,0.001000
1083.615385,0.033835,0.001000,0.001000,0.001000,0.001000,0.001000
1083.634615,0.033001,0.001000,0.001000,0.001000,0.001000,0.001000
1083.653846,0.032151,0.001000,0.001000,0.001000,0.001000,0.001000
1083.673077,0.031284,0.001000,0.001000,0.001000,0.001000,0.001000
1083.692308,0.030402,0.001000,0.001000,0.001000,0.001000,0.001000
1083.711538,0.029504,0.001000,0.001000,0.001000,0.001000,0.001000
1083.730769,0.028592,0.001000,0.001000,0.001000,0.001000,0.001000
1083.750000,0.027665,0.001000,0.001000,0.001000,0.001000,0.001000
1083.769231,0.026725,0.001000,0.001000,0.001000,0.001000,0.001000
1083.788462,0.025771,0.001000,0.001000,0.001000,0.001000,0.001000
1083.807692,0.024804,0.001000,0.001000,0.001000,0.001000,0.001000
1083.826923,0.023824,0.001000,0.001000,0.001000,0.001000,0.001000
1083.846154,0.022833,0.001000,0.001000,0.001000,0.001000,0.001000
1083.865385,0.021830,0.001000,0.001000,0.001000,0.001000,0.001000
1083.884615,0.020816,0.001000,0.001000,0.001000,0.001000,0.001000
1083.903846,0.019791,0.001000,0.001000,0.001000,0.001000,0.001000
1083.923077,0.018757,0.001000,0.001000,0.001000,0.001000,0.001000
1083.942308,0.017713,0.001000,0.001000,0.001000,0.001000,0.001000
1083.961538,0.016661,0.001000,0.001000,0.001000,0.001000,0.001000
1083.980769,0.015600,0.001000,0.001000,0.001000,0.001000,0.001000
1084.000000,0.014531,0.001000,0.001000,0.001000,0.001000,0.001000
1084.019231,0.013455,0.001000,0.001000,0.001000,0.001000,0.001000
1084.038462,0.012372,0.001000,0.001000,0.001000,0.001000,0.001000
1084.057692,0.011283,0.001000,0.001000,0.001000,0.001000,0.001000
1084.076923,0.010188,0.001000,0.001000,0.001000,0.001000,0.001000
1084.096154,0.009088,0.001000,0.001000,0.001000,0.001000,0.001000
1084.115385,0.007984,0.001000,0.001000,0.001000,0.001000,0.001000
1084.134615,0.006875,0.001000,0.001000,0.001000,0.001000,0.001000
1084.153846,0.005763,0.001000,0.001000,0.001000,0.001000,0.001000
1084.173077,0.004648,0.001000,0.001000,0.001000,0.001000,0.001000
1084.192308,0.003531,0.001000,0.001000,0.001000,0.001000,0.001000
1084.211538,0.002412,0.001000,0.001000,0.001000,0.001000,0.001000
1084.230769,0.001292,0.001000,0.001000,0.001000,0.001000,0.001000
1084.250000,0.000171,0.001000,0.001000,0.001000,0.001000,0.001000
1084.269231,-0.000950,0.001000,0.001000,0.001000,0.001000,0.001000
1084.288462,-0.002070,0.001000,0.001000,0.001000,0.001000,0.001000
1084.307692,-0.003190,0.001000,0.001000,0.001000,0.001000,0.001000
1084.326923,-0.004307,0.001000,0.001000,0.001000,0.001000,0.001000
1084.346154,-0.005423,0.001000,0.001000,0.001000,0.001000,0.001000
1084.365385,-0.006536,0.001000,0.001000,0.001000,0.001000,0.001000
1084.384615,-0.007646,0.001000,0.001000,0.001000,0.001000,0.001000
1084.403846,-0.008751,0.001000,0.001000,0.001000,0.001000,0.001000
1084.423077,-0.009853,0.001000,0.001000,0.001000,0.001000,0.001000
1084.442308,-0.010949,0.001000,0.001000,0.001000,0.001000,0.001000
1084.461538,-0.012040,0.001000,0.001000,0.001000,0.001000,0.001000
1084.480769,-0.013125,0.001000,0.001000,0.001000,0.001000,0.001000
1084.500000,-0.014203,0.001000,0.001000,0.001000,0.001000,0.001000
1084.519231,-0.015274,0.001000,0.001000,0.001000,0.001000,0.001000
1084.538462,-0.016338,0.001000,0.001000,0.001000,0.001000,0.001000
1084.557692,-0.017393,0.001000,0.001000,0.001000,0.001000,0.001000
1084.576923,-0.018440,0.001000,0.001000,0.001000,0.001000,0.001000
1084.596154,-0.019477,0.001000,0.001000,0.001000,0.001000,0.001000
1084.615385,-0.020504,0.001000,0.001000,0.001000,0.001000,0.001000
1084.634615,-0.021521,0.001000,0.001000,0.001000,0.001000,0.001000
1084.653846,-0.022528,0.001000,0.001000,0.001000,0.001000,0.001000
1084.673077,-0.023523,0.001000,0.001000,0.001000,0.001000,0.001000
1084.692308,-0.024506,0.001000,0.001000,0.001000,0.001000,0.001000
1084.711538,-0.025477,0.001000,0.001000,0.001000,0.001000,0.001000
1084.730769,-0.026435,0.001000,0.001000,0.001000,0.001000,0.001000
1084.750000,-0.027380,0.001000,0.001000,0.001000,0.001000,0.001000
1084.769231,-0.028311,0.001000,0.001000,0.001000,0.001000,0.001000
1084.788462,-0.029227,0.001000,0.001000,0.001000,0.001000,0.001000
1084.807692,-0.030129,0.001000,0.001000,0.001000,0.001000,0.001000
1084.826923,-0.031016,0.001000,0.001000,0.001000,0.001000,0.001000
1084.846154,-0.031888,0.001000,0.001000,0.001000,0.001000,0.001000
1084.865385,-0.032743,0.001000,0.001000,0.001000,0.001000,0.001000
1084.884615,-0.033582,0.001000,0.001000,0.001000,0.001000,0.001000
1084.903846,-0.034404,0.001000,0.001000,0.001000,0.001000,0.001000
1084.923077,-0.035209,0.001000,0.001000,0.001000,0.001000,0.001000
1084.942308,-0.035996,0.001000,0.001000,0.001000,0.001000,0.001000
1084.961538,-0.036765,0.001000,0.001000,0.001000,0.001000,0.001000
1084.980769,-0.037515,0.001000,0.001000,0.001000,0.001000,0.001000
1085.000000,-0.038247,0.001000,0.001000,0.001000,0.001000,0.001000
1085.019231,-0.038959,0.001000,0.001000,0.001000,0.001000,0.001000
1085.038462,-0.039652,0.001000,0.001000,0.001000,0.001000,0.001000
1085.057692,-0.040325,0.001000,0.001000,0.001000,0.001000,0.001000
1085.076923,-0.040977,0.001000,0.001000,0.001000,0.001000,0.001000
1085.096154,-0.041609,0.001000,0.001000,0.001000,0.001000,0.001000
1085.115385,-0.042220,0.001000,0.001000,0.001000,0.001000,0.001000
1085.134615,-0.042810,0.001000,0.001000,0.001000,0.001000,0.001000
1085.153846,-0.043378,0.001000,0.001000,0.001000,0.001000,0.001000
1085.173077,-0.043925,0.001000,0.001000,0.001000,0.001000,0.001000
1085.192308,-0.044449,0.001000,0.001000,0.001000,0.001000,0.001000
1085.211538,-0.044952,0.001000,0.001000,0.001000,0.001000,0.001000
1085.230769,-0.045431,0.001000,0.001000,0.001000,0.001000,0.001000
1085.250000,-0.045888,0.001000,0.001000,0.001000,0.001000,0.001000
1085.269231,-0.046321,0.001000,0.001000,0.001000,0.001000,0.001000
1085.288462,-0.046732,0.001000,0.001000,0.001000,0.001000,0.001000
1085.307692,-0.047119,0.001000,0.001000,0.001000,0.001000,0.001000
1085.326923,-0.047482,0.001000,0.001000,0.001000,0.001000,0.001000
1085.346154,-0.047821,0.001000,0.001000,0.001000,0.001000,0.001000
1085.365385,-0.048136,0.001000,0.001000,0.001000,0.001000,0.001000
1085.384615,-0.048427,0.001000,0.001000,0.001000,0.001000,0.001000
1085.403846,-0.048694,0.001000,0.001000,0.001000,0.001000,0.001000
1085.423077,-0.048936,0.001000,0.001000,0.001000,0.001000,0.001000
1085.442308,-0.049154,0.001000,0.001000,0.001000,0.001000,0.001000
1085.461538,-0.049347,0.001000,0.001000,0.001000,0.001000,0.001000
1085.480769,-0.049515,0.001000,0.001000,0.001000,0.001000,0.001000
1085.500000,-0.049658,0.001000,0.001000,0.001000,0.001000,0.001000
1085.519231,-0.049777,0.001000,0.001000,0.001000,0.001000,0.001000
1085.538462,-0.049870,0.001000,0.001000,0.001000,0.001000,0.001000
1085.557692,-0.049938,0.001000,0.001000,0.001000,0.001000,0.001000
1085.576923,-0.049981,0.001000,0.001000,0.001000,0.001000,0.001000
1085.596154,-0.049999,0.001000,0.001000,0.001000,0.001000,0.001000
1085.615385,-0.049992,0.001000,0.001000,0.001000,0.001000,0.001000
1085.634615,-0.049960,0.001000,0.001000,0.001000,0.001000,0.001000
1085.653846,-0.049903,0.001000,0.001000,0.001000,0.001000,0.001000
1085.673077,-0.049820,0.001000,0.001000,0.001000,0.001000,0.001000
1085.692308,-0.049713,0.001000,0.001000,0.001000,0.001000,0.001000
1085.711538,-0.049580,0.001000,0.001000,0.001000,0.001000,0.001000
1085.730769,-0.049423,0.001000,0.001000,0.001000,0.001000,0.001000
1085.750000,-0.049241,0.001000,0.001000,0.001000,0.001000,0.001000
1085.769231,-0.049034,0.001000,0.001000,0.001000,0.001000,0.001000
1085.788462,-0.048802,0.001000,0.001000,0.001000,0.001000,0.001000
1085.807692,-0.048546,0.001000,0.001000,0.001000,0.001000,0.001000
1085.826923,-0.048265,0.001000,0.001000,0.001000,0.001000,0.001000
1085.846154,-0.047961,0.001000,0.001000,0.001000,0.001000,0.001000
1085.865385,-0.047632,0.001000,0.001000,0.001000,0.001000,0.001000
1085.884615,-0.047279,0.001000,0.001000,0.001000,0.001000,0.001000
1085.903846,-0.046902,0.001000,0.001000,0.001000,0.001000,0.001000
1085.923077,-0.046502,0.001000,0.001000,0.001000,0.001000,0.001000
1085.942308,-0.046078,0.001000,0.001000,0.001000,0.001000,0.001000
1085.961538,-0.045632,0.001000,0.001000,0.001000,0.001000,0.001000
1085.980769,-0.045162,0.001000,0.001000,0.001000,0.001000,0.001000
1086.000000,-0.044670,0.001000,0.001000,0.001000,0.001000,0.001000
1086.019231,-0.044155,0.001000,0.001000,0.001000,0.001000,0.001000
1086.038462,-0.043618,0.001000,0.001000,0.001000,0.001000,0.001000
1086.057692,-0.043059,0.001000,0.001000,0.001000,0.001000,0.001000
1086.076923,-0.042478,0.001000,0.001000,0.001000,0.001000,0.001000
1086.096154,-0.041877,0.001000,0.001000,0.001000,0.001000,0.001000
1086.115385,-0.041254,0.001000,0.001000,0.001000,0.001000,0.001000
1086.134615,-0.040610,0.001000,0.001000,0.001000,0.001000,0.001000
1086.153846,-0.039946,0.001000,0.001000,0.001000,0.001000,0.001000
1086.173077,-0.039262,0.001000,0.001000,0.001000,0.001000,0.001000
1086.192308,-0.038558,0.001000,0.001000,0.001000,0.001000,0.001000
1086.211538,-0.037834,0.001000,0.001000,0.001000,0.001000,0.001000
1086.230769,-0.037092,0.001000,0.001000,0.001000,0.001000,0.001000
1086.250000,-0.036331,0.001000,0.001000,0.001000,0.001000,0.001000
1086.269231,-0.035552,0.001000,0.001000,0.001000,0.001000,0.001000
1086.288462,-0.034755,0.001000,0.001000,0.001000,0.001000,0.001000
1086.307692,-0.033940,0.001000,0.001000,0.001000,0.001000,0.001000
1086.326923,-0.033109,0.001000,0.001000,0.001000,0.001000,0.001000
1086.346154,-0.032260,0.001000,0.001000,0.001000,0.001000,0.001000
1086.365385,-0.031396,0.001000,0.001000,0.001000,0.001000,0.001000
1086.384615,-0.030516,0.001000,0.001000,0.001000,0.001000,0.001000
1086.403846,-0.029620,0.001000,0.001000,0.001000,0.001000,0.001000
1086.423077,-0.028710,0.001000,0.001000,0.001000,0.001000,0.001000
1086.442308,-0.027785,0.001000,0.001000,0.001000,0.001000,0.001000
1086.461538,-0.026846,0.001000,0.001000,0.001000,0.001000,0.001000
1086.480769,-0.025893,0.001000,0.001000,0.001000,0.001000,0.001000
1086.500000,-0.024928,0.001000,0.001000,0.001000,0.001000,0.001000
1086.519231,-0.023950,0.001000,0.001000,0.001000,0.001000,0.001000
1086.538462,-0.022960,0.001000,0.001000,0.001000,0.001000,0.001000
1086.557692,-0.021959,0.001000,0.001000,0.001000,0.001000,0.001000
1086.576923,-0.020946,0.001000,0.001000,0.001000,0.001000,0.001000
1086.596154,-0.019923,0.001000,0.001000,0.001000,0.001000,0.001000
1086.615385,-0.018890,0.001000,0.001000,0.001000,0.001000,0.001000
1086.634615,-0.017848,0.001000,0.001000,0.001000,0.001000,0.001000
1086.653846,-0.016796,0.001000,0.001000,0.001000,0.001000,0.001000
1086.673077,-0.015736,0.001000,0.001000,0.001000,0.001000,0.001000
1086.692308,-0.014668,0.001000,0.001000,0.001000,0.001000,0.001000
1086.711538,-0.013593,0.001000,0.001000,0.001000,0.001000,0.001000
1086.730769,-0.012511,0.001000,0.001000,0.001000,0.001000,0.001000
1086.750000,-0.011423,0.001000,0.001000,0.001000,0.001000,0.001000
1086.769231,-0.010328,0.001000,0.001000,0.001000,0.001000,0.001000
1086.788462,-0.009229,0.001000,0.001000,0.001000,0.001000,0.001000
1086.807692,-0.008125,0.001000,0.001000,0.001000,0.001000,0.001000
1086.826923,-0.007017,0.001000,0.001000,0.001000,0.001000,0.001000
1086.846154,-0.005906,0.001000,0.001000,0.001000,0.001000,0.001000
1086.865385,-0.004791,0.001000,0.001000,0.001000,0.001000,0.001000
1086.884615,-0.003674,0.001000,0.001000,0.001000,0.001000,0.001000
1086.903846,-0.002555,0.001000,0.001000,0.001000,0.001000,0.001000
1086.923077,-0.001435,0.001000,0.001000,0.001000,0.001000,0.001000
1086.942308,-0.000315,0.001000,0.001000,0.001000,0.001000,0.001000
1086.961538,0.000806,0.001000,0.001000,0.001000,0.001000,0.001000
1086.980769,0.001927,0.001000,0.001000,0.001000,0.001000,0.001000
1087.000000,0.003046,0.001000,0.001000,0.001000,0.001000,0.001000
1087.019231,0.004164,0.001000,0.001000,0.001000,0.001000,0.001000
1087.038462,0.005280,0.001000,0.001000,0.001000,0.001000,0.001000
1087.057692,0.006394,0.001000,0.001000,0.001000,0.001000,0.001000
1087.076923,0.007504,0.001000,0.001000,0.001000,0.001000,0.001000
1087.096154,0.008610,0.001000,0.001000,0.001000,0.001000,0.001000
1087.115385,0.009712,0.001000,0.001000,0.001000,0.001000,0.001000
1087.134615,0.010809,0.001000,0.001000,0.001000,0.001000,0.001000
1087.153846,0.011901,0.001000,0.001000,0.001000,0.001000,0.001000
1087.173077,0.012986,0.001000,0.001000,0.001000,0.001000,0.001000
1087.192308,0.014066,0.001000,0.001000,0.001000,0.001000,0.001000
1087.211538,0.015138,0.001000,0.001000,0.001000,0.001000,0.001000
1087.230769,0.016202,0.001000,0.001000,0.001000,0.001000,0.001000
1087.250000,0.017258,0.001000,0.001000,0.001000,0.001000,0.001000
1087.269231,0.018306,0.001000,0.001000,0.001000,0.001000,0.001000
1087.288462,0.019345,0.001000,0.001000,0.001000,0.001000,0.001000
1087.307692,0.020373,0.001000,0.001000,0.001000,0.001000,0.001000
1087.326923,0.021392,0.001000,0.001000,0.001000,0.001000,0.001000
1087.346154,0.022399,0.001000,0.001000,0.001000,0.001000,0.001000
1087.365385,0.023396,0.001000,0.001000,0.001000,0.001000,0.001000
1087.384615,0.024381,0.001000,0.001000,0.001000,0.001000,0.001000
1087.403846,0.025353,0.001000,0.001000,0.001000,0.001000,0.001000
1087.423077,0.026313,0.001000,0.001000,0.001000,0.001000,0.001000
1087.442308,0.027259,0.001000,0.001000,0.001000,0.001000,0.001000
1087.461538,0.028192,0.001000,0.001000,0.001000,0.001000,0.001000
1087.480769,0.029111,0.001000,0.001000,0.001000,0.001000,0.001000
1087.500000,0.030015,0.001000,0.001000,0.001000,0.001000,0.001000
1087.519231,0.030904,0.001000,0.001000,0.001000,0.001000,0.001000
1087.538462,0.031777,0.001000,0.001000,0.001000,0.001000,0.001000
1087.557692,0.032634,0.001000,0.001000,0.001000,0.001000,0.001000
1087.576923,0.033476,0.001000,0.001000,0.001000,0.001000,0.001000
1087.596154,0.034300,0.001000,0.001000,0.001000,0.001000,0.001000
1087.615385,0.035107,0.001000,0.001000,0.001000,0.001000,0.001000
1087.634615,0.035896,0.001000,0.001000,0.001000,0.001000,0.001000
1087.653846,0.036667,0.001000,0.001000,0.001000,0.001000,0.001000
1087.673077,0.037420,0.001000,0.001000,0.001000,0.001000,0.001000
1087.692308,0.038154,0.001000,0.001000,0.001000,0.001000,0.001000
1087.711538,0.038869,0.001000,0.001000,0.001000,0.001000,0.001000
1087.730769,0.039564,0.001000,0.001000,0.001000,0.001000,0.001000
1087.750000,0.040240,0.001000,0.001000,0.001000,0.001000,0.001000
1087.769231,0.040895,0.001000,0.001000,0.001000,0.001000,0.001000
1087.788462,0.041529,0.001000,0.001000,0.001000,0.001000,0.001000
1087.807692,0.042143,0.001000,0.001000,0.001000,0.001000,0.001000
1087.826923,0.042736,0.001000,0.001000,0.001000,0.001000,0.001000
1087.846154,0.043307,0.001000,0.001000,0.001000,0.001000,0.001000
1087.865385,0.043856,0.001000,0.001000,0.001000,0.001000,0.001000
1087.884615,0.044383,0.001000,0.001000,0.001000,0.001000,0.001000
1087.903846,0.044888,0.001000,0.001000,0.001000,0.001000,0.001000
1087.923077,0.045371,0.001000,0.001000,0.001000,0.001000,0.001000
1087.942308,0.045831,0.001000,0.001000,0.001000,0.001000,0.001000
1087.961538,0.046267,0.001000,0.001000,0.001000,0.001000,0.001000
1087.980769,0.046680,0.001000,0.001000,0.001000,0.001000,0.001000
1088.000000,0.047070,0.001000,0.001000,0.001000,0.001000,0.001000
1088.019231,0.047437,0.001000,0.001000,0.001000,0.001000,0.001000
1088.038462,0.047779,0.001000,0.001000,0.001000,0.001000,0.001000
1088.057692,0.048097,0.001000,0.001000,0.001000,0.001000,0.001000
1088.076923,0.048391,0.001000,0.001000,0.001000,0.001000,0.001000
1088.096154,0.048661,0.001000,0.001000,0.001000,0.001000,0.001000
1088.115385,0.048907,0.001000,0.001000,0.001000,0.001000,0.001000
1088.134615,0.049128,0.001000,0.001000,0.001000,0.001000,0.001000
1088.153846,0.049324,0.001000,0.001000,0.001000,0.001000,0.001000
1088.173077,0.049495,0.001000,0.001000,0.001000,0.001000,0.001000
1088.192308,0.049641,0.001000,0.001000,0.001000,0.001000,0.001000
1088.211538,0.049763,0.001000,0.001000,0.001000,0.001000,0.001000
1088.230769,0.049859,0.001000,0.001000,0.001000,0.001000,0.001000
1088.250000,0.049931,0.001000,0.001000,0.001000,0.001000,0.001000
1088.269231,0.049977,0.001000,0.001000,0.001000,0.001000,0.001000
1088.288462,0.049999,0.001000,0.001000,0.001000,0.001000,0.001000
1088.307692,0.049995,0.001000,0.001000,0.001000,0.001000,0.001000
1088.326923,0.049966,0.001000,0.001000,0.001000,0.001000,0.001000
1088.346154,0.049911,0.001000,0.001000,0.001000,0.001000,0.001000
1088.365385,0.049832,0.001000,0.001000,0.001000,0.001000,0.001000
1088.384615,0.049728,0.001000,0.001000,0.001000,0.001000,0.001000
1088.403846,0.049599,0.001000,0.001000,0.001000,0.001000,0.001000
1088.423077,0.049444,0.001000,0.001000,0.001000,0.001000,0.001000
1088.442308,0.049265,0.001000,0.001000,0.001000,0.001000,0.001000
1088.461538,0.049062,0.001000,0.001000,0.001000,0.001000,0.001000
1088.480769,0.048833,0.001000,0.001000,0.001000,0.001000,0.001000
1088.500000,0.048580,0.001000,0.001000,0.001000,0.001000,0.001000
1088.519231,0.048303,0.001000,0.001000,0.001000,0.001000,0.001000
1088.538462,0.048001,0.001000,0.001000,0.001000,0.001000,0.001000
1088.557692,0.047675,0.001000,0.001000,0.001000,0.001000,0.001000
1088.576923,0.047325,0.001000,0.001000,0.001000,0.001000,0.001000
1088.596154,0.046952,0.001000,0.001000,0.001000,0.001000,0.001000
1088.615385,0.046555,0.001000,0.001000,0.001000,0.001000,0.001000
1088.634615,0.046134,0.001000,0.001000,0.001000,0.001000,0.001000
1088.653846,0.045690,0.001000,0.001000,0.001000,0.001000,0.001000
1088.673077,0.045224,0.001000,0.001000,0.001000,0.001000,0.001000
1088.692308,0.044734,0.001000,0.001000,0.001000,0.001000,0.001000
1088.711538,0.044222,0.001000,0.001000,0.001000,0.001000,0.001000
1088.730769,0.043688,0.001000,0.001000,0.001000,0.001000,0.001000
1088.750000,0.043132,0.001000,0.001000,0.001000,0.001000,0.001000
1088.769231,0.042554,0.001000,0.001000,0.001000,0.001000,0.001000
1088.788462,0.041955,0.001000,0.001000,0.001000,0.001000,0.001000
1088.807692,0.041335,0.001000,0.001000,0.001000,0.001000,0.001000
1088.826923,0.040693,0.001000,0.001000,0.001000,0.001000,0.001000
1088.846154,0.040032,0.001000,0.001000,0.001000,0.001000,0.001000
1088.865385,0.039350,0.001000,0.001000,0.001000,0.001000,0.001000
1088.884615,0.038649,0.001000,0.001000,0.001000,0.001000,0.001000
1088.903846,0.037928,0.001000,0.001000,0.001000,0.001000,0.001000
1088.923077,0.037188,0.001000,0.001000,0.001000,0.001000,0.001000
1088.942308,0.036430,0.001000,0.001000,0.001000,0.001000,0.001000
1088.961538,0.035653,0.001000,0.001000,0.001000,0.001000,0.001000
1088.980769,0.034858,0.001000,0.001000,0.001000,0.001000,0.001000
1089.000000,0.034046,0.001000,0.001000,0.001000,0.001000,0.001000
1089.019231,0.033216,0.001000,0.001000,0.001000,0.001000,0.001000
1089.038462,0.032370,0.001000,0.001000,0.001000,0.001000,0.001000
1089.057692,0.031508,0.001000,0.001000,0.001000,0.001000,0.001000
1089.076923,0.030629,0.001000,0.001000,0.001000,0.001000,0.001000
1089.096154,0.029736,0.001000,0.001000,0.001000,0.001000,0.001000
1089.115385,0.028827,0.001000,0.001000,0.001000,0.001000,0.001000
1089.134615,0.027904,0.001000,0.001000,0.001000,0.001000,0.001000
1089.153846,0.026967,0.001000,0.001000,0.001000,0.001000,0.001000
1089.173077,0.026016,0.001000,0.001000,0.001000,0.001000,0.001000
1089.192308,0.025052,0.001000,0.001000,0.001000,0.001000,0.001000
1089.211538,0.024076,0.001000,0.001000,0.001000,0.001000,0.001000
1089.230769,0.023088,0.001000,0.001000,0.001000,0.001000,0.001000
1089.250000,0.022088,0.001000,0.001000,0.001000,0.001000,0.001000
1089.269231,0.021077,0.001000,0.001000,0.001000,0.001000,0.001000
1089.288462,0.020055,0.001000,0.001000,0.001000,0.001000,0.001000
1089.307692,0.019023,0.001000,0.001000,0.001000,0.001000,0.001000
1089.326923,0.017982,0.001000,0.001000,0.001000,0.001000,0.001000
1089.346154,0.016931,0.001000,0.001000,0.001000,0.001000,0.001000
1089.365385,0.015872,0.001000,0.001000,0.001000,0.001000,0.001000
1089.384615,0.014805,0.001000,0.001000,0.001000,0.001000,0.001000
1089.403846,0.013731,0.001000,0.001000,0.001000,0.001000,0.001000
1089.423077,0.012650,0.001000,0.001000,0.001000,0.001000,0.001000
1089.442308,0.011562,0.001000,0.001000,0.001000,0.001000,0.001000
1089.461538,0.010469,0.001000,0.001000,0.001000,0.001000,0.001000
1089.480769,0.009370,0.001000,0.001000,0.001000,0.001000,0.001000
1089.500000,0.008267,0.001000,0.001000,0.001000,0.001000,0.001000
1089.519231,0.007159,0.001000,0.001000,0.001000,0.001000,0.001000
1089.538462,0.006048,0.001000,0.001000,0.001000,0.001000,0.001000
1089.557692,0.004934,0.001000,0.001000,0.001000,0.001000,0.001000
1089.576923,0.003817,0.001000,0.001000,0.001000,0.001000,0.001000
1089.596154,0.002699,0.001000,0.001000,0.001000,0.001000,0.001000
1089.615385,0.001579,0.001000,0.001000,0.001000,0.001000,0.001000
1089.634615,0.000458,0.001000,0.001000,0.001000,0.001000,0.001000
1089.653846,-0.000663,0.001000,0.001000,0.001000,0.001000,0.001000
1089.673077,-0.001783,0.001000,0.001000,0.001000,0.001000,0.001000
1089.692308,-0.002903,0.001000,0.001000,0.001000,0.001000,0.001000
1089.711538,-0.004021,0.001000,0.001000,0.001000,0.001000,0.001000
1089.730769,-0.005138,0.001000,0.001000,0.001000,0.001000,0.001000
1089.750000,-0.006251,0.001000,0.001000,0.001000,0.001000,0.001000
1089.769231,-0.007362,0.001000,0.001000,0.001000,0.001000,0.001000
1089.788462,-0.008469,0.001000,0.001000,0.001000,0.001000,0.001000
1089.807692,-0.009571,0.001000,0.001000,0.001000,0.001000,0.001000
1089.826923,-0.010669,0.001000,0.001000,0.001000,0.001000,0.001000
1089.846154,-0.011761,0.001000,0.001000,0.001000,0.001000,0.001000
1089.865385,-0.012848,0.001000,0.001000,0.001000,0.001000,0.001000
1089.884615,-0.013928,0.001000,0.001000,0.001000,0.001000,0.001000
1089.903846,-0.015001,0.001000,0.001000,0.001000,0.001000,0.001000
1089.923077,-0.016066,0.001000,0.001000,0.001000,0.001000,0.001000
1089.942308,-0.017124,0.001000,0.001000,0.001000,0.001000,0.001000
1089.961538,-0.018172,0.001000,0.001000,0.001000,0.001000,0.001000
1089.980769,-0.019212,0.001000,0.001000,0.001000,0.001000,0.001000
