timestamp,ax,ay,az,gx,gy,gz
1000.000000,0.000000,0.001000,0.001000,0.001000,0.001000,0.001000
1000.019231,0.001262,0.001000,0.001000,0.001000,0.001000,0.001000
1000.038462,0.002523,0.001000,0.001000,0.001000,0.001000,0.001000
1000.057692,0.003782,0.001000,0.001000,0.001000,0.001000,0.001000
1000.076923,0.005039,0.001000,0.001000,0.001000,0.001000,0.001000
1000.096154,0.006293,0.001000,0.001000,0.001000,0.001000,0.001000
1000.115385,0.007543,0.001000,0.001000,0.001000,0.001000,0.001000
1000.134615,0.008788,0.001000,0.001000,0.001000,0.001000,0.001000
1000.153846,0.010028,0.001000,0.001000,0.001000,0.001000,0.001000
1000.173077,0.011261,0.001000,0.001000,0.001000,0.001000,0.001000
1000.192308,0.012487,0.001000,0.001000,0.001000,0.001000,0.001000
1000.211538,0.013704,0.001000,0.001000,0.001000,0.001000,0.001000
1000.230769,0.014914,0.001000,0.001000,0.001000,0.001000,0.001000
1000.250000,0.016113,0.001000,0.001000,0.001000,0.001000,0.001000
1000.269231,0.017303,0.001000,0.001000,0.001000,0.001000,0.001000
1000.288462,0.018481,0.001000,0.001000,0.001000,0.001000,0.001000
1000.307692,0.019648,0.001000,0.001000,0.001000,0.001000,0.001000
1000.326923,0.020802,0.001000,0.001000,0.001000,0.001000,0.001000
1000.346154,0.021943,0.001000,0.001000,0.001000,0.001000,0.001000
1000.365385,0.023070,0.001000,0.001000,0.001000,0.001000,0.001000
1000.384615,0.024182,0.001000,0.001000,0.001000,0.001000,0.001000
1000.403846,0.025279,0.001000,0.001000,0.001000,0.001000,0.001000
1000.423077,0.026359,0.001000,0.001000,0.001000,0.001000,0.001000
1000.442308,0.027423,0.001000,0.001000,0.001000,0.001000,0.001000
1000.461538,0.028470,0.001000,0.001000,0.001000,0.001000,0.001000
1000.480769,0.029498,0.001000,0.001000,0.001000,0.001000,0.001000
1000.500000,0.030507,0.001000,0.001000,0.001000,0.001000,0.001000
1000.519231,0.031497,0.001000,0.001000,0.001000,0.001000,0.001000
1000.538462,0.032467,0.001000,0.001000,0.001000,0.001000,0.001000
1000.557692,0.033417,0.001000,0.001000,0.001000,0.001000,0.001000
1000.576923,0.034345,0.001000,0.001000,0.001000,0.001000,0.001000
1000.596154,0.035251,0.001000,0.001000,0.001000,0.001000,0.001000
1000.615385,0.036134,0.001000,0.001000,0.001000,0.001000,0.001000
1000.634615,0.036995,0.001000,0.001000,0.001000,0.001000,0.001000
1000.653846,0.037832,0.001000,0.001000,0.001000,0.001000,0.001000
1000.673077,0.038645,0.001000,0.001000,0.001000,0.001000,0.001000
1000.692308,0.039434,0.001000,0.001000,0.001000,0.001000,0.001000
1000.711538,0.040197,0.001000,0.001000,0.001000,0.001000,0.001000
1000.730769,0.040935,0.001000,0.001000,0.001000,0.001000,0.001000
1000.750000,0.041646,0.001000,0.001000,0.001000,0.001000,0.001000
1000.769231,0.042331,0.001000,0.001000,0.001000,0.001000,0.001000
1000.788462,0.042989,0.001000,0.001000,0.001000,0.001000,0.001000
1000.807692,0.043620,0.001000,0.001000,0.001000,0.001000,0.001000
1000.826923,0.044223,0.001000,0.001000,0.001000,0.001000,0.001000
1000.846154,0.044798,0.001000,0.001000,0.001000,0.001000,0.001000
1000.865385,0.045344,0.001000,0.001000,0.001000,0.001000,0.001000
1000.884615,0.045861,0.001000,0.001000,0.001000,0.001000,0.001000
1000.903846,0.046349,0.001000,0.001000,0.001000,0.001000,0.001000
1000.923077,0.046808,0.001000,0.001000,0.001000,0.001000,0.001000
1000.942308,0.047236,0.001000,0.001000,0.001000,0.001000,0.001000
1000.961538,0.047635,0.001000,0.001000,0.001000,0.001000,0.001000
1000.980769,0.048003,0.001000,0.001000,0.001000,0.001000,0.001000
1001.000000,0.048341,0.001000,0.001000,0.001000,0.001000,0.001000
1001.019231,0.048648,0.001000,0.001000,0.001000,0.001000,0.001000
1001.038462,0.048924,0.001000,0.001000,0.001000,0.001000,0.001000
1001.057692,0.049169,0.001000,0.001000,0.001000,0.001000,0.001000
1001.076923,0.049382,0.001000,0.001000,0.001000,0.001000,0.001000
1001.096154,0.049564,0.001000,0.001000,0.001000,0.001000,0.001000
1001.115385,0.049715,0.001000,0.001000,0.001000,0.001000,0.001000
1001.134615,0.049834,0.001000,0.001000,0.001000,0.001000,0.001000
1001.153846,0.049921,0.001000,0.001000,0.001000,0.001000,0.001000
1001.173077,0.049976,0.001000,0.001000,0.001000,0.001000,0.001000
1001.192308,0.049999,0.001000,0.001000,0.001000,0.001000,0.001000
1001.211538,0.049991,0.001000,0.001000,0.001000,0.001000,0.001000
1001.230769,0.049950,0.001000,0.001000,0.001000,0.001000,0.001000
1001.250000,0.049878,0.001000,0.001000,0.001000,0.001000,0.001000
1001.269231,0.049774,0.001000,0.001000,0.001000,0.001000,0.001000
1001.288462,0.049639,0.001000,0.001000,0.001000,0.001000,0.001000
1001.307692,0.049471,0.001000,0.001000,0.001000,0.001000,0.001000
1001.326923,0.049273,0.001000,0.001000,0.001000,0.001000,0.001000
1001.346154,0.049043,0.001000,0.001000,0.001000,0.001000,0.001000
1001.365385,0.048781,0.001000,0.001000,0.001000,0.001000,0.001000
1001.384615,0.048489,0.001000,0.001000,0.001000,0.001000,0.001000
1001.403846,0.048165,0.001000,0.001000,0.001000,0.001000,0.001000
1001.423077,0.047811,0.001000,0.001000,0.001000,0.001000,0.001000
1001.442308,0.047427,0.001000,0.001000,0.001000,0.001000,0.001000
1001.461538,0.047012,0.001000,0.001000,0.001000,0.001000,0.001000
1001.480769,0.046567,0.001000,0.001000,0.001000,0.001000,0.001000
1001.500000,0.046093,0.001000,0.001000,0.001000,0.001000,0.001000
1001.519231,0.045589,0.001000,0.001000,0.001000,0.001000,0.001000
1001.538462,0.045057,0.001000,0.001000,0.001000,0.001000,0.001000
1001.557692,0.044495,0.001000,0.001000,0.001000,0.001000,0.001000
1001.576923,0.043905,0.001000,0.001000,0.001000,0.001000,0.001000
1001.596154,0.043288,0.001000,0.001000,0.001000,0.001000,0.001000
1001.615385,0.042642,0.001000,0.001000,0.001000,0.001000,0.001000
1001.634615,0.041970,0.001000,0.001000,0.001000,0.001000,0.001000
1001.653846,0.041271,0.001000,0.001000,0.001000,0.001000,0.001000
1001.673077,0.040545,0.001000,0.001000,0.001000,0.001000,0.001000
1001.692308,0.039794,0.001000,0.001000,0.001000,0.001000,0.001000
1001.711538,0.039017,0.001000,0.001000,0.001000,0.001000,0.001000
1001.730769,0.038216,0.001000,0.001000,0.001000,0.001000,0.001000
1001.750000,0.037390,0.001000,0.001000,0.001000,0.001000,0.001000
1001.769231,0.036540,0.001000,0.001000,0.001000,0.001000,0.001000
1001.788462,0.035667,0.001000,0.001000,0.001000,0.001000,0.001000
1001.807692,0.034771,0.001000,0.001000,0.001000,0.001000,0.001000
1001.826923,0.033854,0.001000,0.001000,0.001000,0.001000,0.001000
1001.846154,0.032914,0.001000,0.001000,0.001000,0.001000,0.001000
1001.865385,0.031954,0.001000,0.001000,0.001000,0.001000,0.001000
1001.884615,0.030973,0.001000,0.001000,0.001000,0.001000,0.001000
1001.903846,0.029973,0.001000,0.001000,0.001000,0.001000,0.001000
1001.923077,0.028953,0.001000,0.001000,0.001000,0.001000,0.001000
1001.942308,0.027915,0.001000,0.001000,0.001000,0.001000,0.001000
1001.961538,0.026859,0.001000,0.001000,0.001000,0.001000,0.001000
1001.980769,0.025786,0.001000,0.001000,0.001000,0.001000,0.001000
1002.000000,0.024697,0.001000,0.001000,0.001000,0.001000,0.001000
1002.019231,0.023592,0.001000,0.001000,0.001000,0.001000,0.001000
1002.038462,0.022472,0.001000,0.001000,0.001000,0.001000,0.001000
1002.057692,0.021337,0.001000,0.001000,0.001000,0.001000,0.001000
1002.076923,0.020189,0.001000,0.001000,0.001000,0.001000,0.001000
1002.096154,0.019028,0.001000,0.001000,0.001000,0.001000,0.001000
1002.115385,0.017856,0.001000,0.001000,0.001000,0.001000,0.001000
1002.134615,0.016671,0.001000,0.001000,0.001000,0.001000,0.001000
1002.153846,0.015476,0.001000,0.001000,0.001000,0.001000,0.001000
1002.173077,0.014271,0.001000,0.001000,0.001000,0.001000,0.001000
1002.192308,0.013057,0.001000,0.001000,0.001000,0.001000,0.001000
1002.211538,0.011835,0.001000,0.001000,0.001000,0.001000,0.001000
1002.230769,0.010605,0.001000,0.001000,0.001000,0.001000,0.001000
1002.250000,0.009369,0.001000,0.001000,0.001000,0.001000,0.001000
1002.269231,0.008126,0.001000,0.001000,0.001000,0.001000,0.001000
1002.288462,0.006879,0.001000,0.001000,0.001000,0.001000,0.001000
1002.307692,0.005627,0.001000,0.001000,0.001000,0.001000,0.001000
1002.326923,0.004371,0.001000,0.001000,0.001000,0.001000,0.001000
1002.346154,0.003112,0.001000,0.001000,0.001000,0.001000,0.001000
1002.365385,0.001852,0.001000,0.001000,0.001000,0.001000,0.001000
1002.384615,0.000590,0.001000,0.001000,0.001000,0.001000,0.001000
1002.403846,-0.000672,0.001000,0.001000,0.001000,0.001000,0.001000
1002.423077,-0.001933,0.001000,0.001000,0.001000,0.001000,0.001000
1002.442308,-0.003193,0.001000,0.001000,0.001000,0.001000,0.001000
1002.461538,-0.004452,0.001000,0.001000,0.001000,0.001000,0.001000
1002.480769,-0.005707,0.001000,0.001000,0.001000,0.001000,0.001000
1002.500000,-0.006959,0.001000,0.001000,0.001000,0.001000,0.001000
1002.519231,-0.008206,0.001000,0.001000,0.001000,0.001000,0.001000
1002.538462,-0.009448,0.001000,0.001000,0.001000,0.001000,0.001000
1002.557692,-0.010685,0.001000,0.001000,0.001000,0.001000,0.001000
1002.576923,-0.011914,0.001000,0.001000,0.001000,0.001000,0.001000
1002.596154,-0.013136,0.001000,0.001000,0.001000,0.001000,0.001000
1002.615385,-0.014349,0.001000,0.001000,0.001000,0.001000,0.001000
1002.634615,-0.015553,0.001000,0.001000,0.001000,0.001000,0.001000
1002.653846,-0.016748,0.001000,0.001000,0.001000,0.001000,0.001000
1002.673077,-0.017931,0.001000,0.001000,0.001000,0.001000,0.001000
1002.692308,-0.019103,0.001000,0.001000,0.001000,0.001000,0.001000
1002.711538,-0.020263,0.001000,0.001000,0.001000,0.001000,0.001000
1002.730769,-0.021411,0.001000,0.001000,0.001000,0.001000,0.001000
1002.750000,-0.022544,0.001000,0.001000,0.001000,0.001000,0.001000
1002.769231,-0.023663,0.001000,0.001000,0.001000,0.001000,0.001000
1002.788462,-0.024767,0.001000,0.001000,0.001000,0.001000,0.001000
1002.807692,-0.025856,0.001000,0.001000,0.001000,0.001000,0.001000
1002.826923,-0.026927,0.001000,0.001000,0.001000,0.001000,0.001000
1002.846154,-0.027982,0.001000,0.001000,0.001000,0.001000,0.001000
1002.865385,-0.029019,0.001000,0.001000,0.001000,0.001000,0.001000
1002.884615,-0.030037,0.001000,0.001000,0.001000,0.001000,0.001000
1002.903846,-0.031037,0.001000,0.001000,0.001000,0.001000,0.001000
1002.923077,-0.032016,0.001000,0.001000,0.001000,0.001000,0.001000
1002.942308,-0.032975,0.001000,0.001000,0.001000,0.001000,0.001000
1002.961538,-0.033913,0.001000,0.001000,0.001000,0.001000,0.001000
1002.980769,-0.034830,0.001000,0.001000,0.001000,0.001000,0.001000
1003.000000,-0.035724,0.001000,0.001000,0.001000,0.001000,0.001000
1003.019231,-0.036595,0.001000,0.001000,0.001000,0.001000,0.001000
1003.038462,-0.037444,0.001000,0.001000,0.001000,0.001000,0.001000
1003.057692,-0.038268,0.001000,0.001000,0.001000,0.001000,0.001000
1003.076923,-0.039068,0.001000,0.001000,0.001000,0.001000,0.001000
1003.096154,-0.039843,0.001000,0.001000,0.001000,0.001000,0.001000
1003.115385,-0.040593,0.001000,0.001000,0.001000,0.001000,0.001000
1003.134615,-0.041316,0.001000,0.001000,0.001000,0.001000,0.001000
1003.153846,-0.042014,0.001000,0.001000,0.001000,0.001000,0.001000
1003.173077,-0.042685,0.001000,0.001000,0.001000,0.001000,0.001000
1003.192308,-0.043328,0.001000,0.001000,0.001000,0.001000,0.001000
1003.211538,-0.043944,0.001000,0.001000,0.001000,0.001000,0.001000
1003.230769,-0.044532,0.001000,0.001000,0.001000,0.001000,0.001000
1003.250000,-0.045092,0.001000,0.001000,0.001000,0.001000,0.001000
1003.269231,-0.045623,0.001000,0.001000,0.001000,0.001000,0.001000
1003.288462,-0.046124,0.001000,0.001000,0.001000,0.001000,0.001000
1003.307692,-0.046597,0.001000,0.001000,0.001000,0.001000,0.001000
1003.326923,-0.047040,0.001000,0.001000,0.001000,0.001000,0.001000
1003.346154,-0.047452,0.001000,0.001000,0.001000,0.001000,0.001000
1003.365385,-0.047835,0.001000,0.001000,0.001000,0.001000,0.001000
1003.384615,-0.048187,0.001000,0.001000,0.001000,0.001000,0.001000
1003.403846,-0.048508,0.001000,0.001000,0.001000,0.001000,0.001000
1003.423077,-0.048799,0.001000,0.001000,0.001000,0.001000,0.001000
1003.442308,-0.049058,0.001000,0.001000,0.001000,0.001000,0.001000
1003.461538,-0.049286,0.001000,0.001000,0.001000,0.001000,0.001000
1003.480769,-0.049483,0.001000,0.001000,0.001000,0.001000,0.001000
1003.500000,-0.049648,0.001000,0.001000,0.001000,0.001000,0.001000
1003.519231,-0.049782,0.001000,0.001000,0.001000,0.001000,0.001000
1003.538462,-0.049884,0.001000,0.001000,0.001000,0.001000,0.001000
1003.557692,-0.049954,0.001000,0.001000,0.001000,0.001000,0.001000
1003.576923,-0.049992,0.001000,0.001000,0.001000,0.001000,0.001000
1003.596154,-0.049999,0.001000,0.001000,0.001000,0.001000,0.001000
1003.615385,-0.049973,0.001000,0.001000,0.001000,0.001000,0.001000
1003.634615,-0.049916,0.001000,0.001000,0.001000,0.001000,0.001000
1003.653846,-0.049827,0.001000,0.001000,0.001000,0.001000,0.001000
1003.673077,-0.049706,0.001000,0.001000,0.001000,0.001000,0.001000
1003.692308,-0.049554,0.001000,0.001000,0.001000,0.001000,0.001000
1003.711538,-0.049370,0.001000,0.001000,0.001000,0.001000,0.001000
1003.730769,-0.049154,0.001000,0.001000,0.001000,0.001000,0.001000
1003.750000,-0.048907,0.001000,0.001000,0.001000,0.001000,0.001000
1003.769231,-0.048629,0.001000,0.001000,0.001000,0.001000,0.001000
1003.788462,-0.048320,0.001000,0.001000,0.001000,0.001000,0.001000
1003.807692,-0.047981,0.001000,0.001000,0.001000,0.001000,0.001000
1003.826923,-0.047610,0.001000,0.001000,0.001000,0.001000,0.001000
1003.846154,-0.047210,0.001000,0.001000,0.001000,0.001000,0.001000
1003.865385,-0.046779,0.001000,0.001000,0.001000,0.001000,0.001000
1003.884615,-0.046319,0.001000,0.001000,0.001000,0.001000,0.001000
1003.903846,-0.045829,0.001000,0.001000,0.001000,0.001000,0.001000
1003.923077,-0.045310,0.001000,0.001000,0.001000,0.001000,0.001000
1003.942308,-0.044761,0.001000,0.001000,0.001000,0.001000,0.001000
1003.961538,-0.044185,0.001000,0.001000,0.001000,0.001000,0.001000
1003.980769,-0.043580,0.001000,0.001000,0.001000,0.001000,0.001000
1004.000000,-0.042948,0.001000,0.001000,0.001000,0.001000,0.001000
1004.019231,-0.042288,0.001000,0.001000,0.001000,0.001000,0.001000
1004.038462,-0.041601,0.001000,0.001000,0.001000,0.001000,0.001000
1004.057692,-0.040888,0.001000,0.001000,0.001000,0.001000,0.001000
1004.076923,-0.040149,0.001000,0.001000,0.001000,0.001000,0.001000
1004.096154,-0.039384,0.001000,0.001000,0.001000,0.001000,0.001000
1004.115385,-0.038594,0.001000,0.001000,0.001000,0.001000,0.001000
1004.134615,-0.037779,0.001000,0.001000,0.001000,0.001000,0.001000
1004.153846,-0.036941,0.001000,0.001000,0.001000,0.001000,0.001000
1004.173077,-0.036078,0.001000,0.001000,0.001000,0.001000,0.001000
1004.192308,-0.035193,0.001000,0.001000,0.001000,0.001000,0.001000
1004.211538,-0.034286,0.001000,0.001000,0.001000,0.001000,0.001000
1004.230769,-0.033356,0.001000,0.001000,0.001000,0.001000,0.001000
1004.250000,-0.032406,0.001000,0.001000,0.001000,0.001000,0.001000
1004.269231,-0.031434,0.001000,0.001000,0.001000,0.001000,0.001000
1004.288462,-0.030443,0.001000,0.001000,0.001000,0.001000,0.001000
1004.307692,-0.029432,0.001000,0.001000,0.001000,0.001000,0.001000
1004.326923,-0.028403,0.001000,0.001000,0.001000,0.001000,0.001000
1004.346154,-0.027355,0.001000,0.001000,0.001000,0.001000,0.001000
1004.365385,-0.026290,0.001000,0.001000,0.001000,0.001000,0.001000
1004.384615,-0.025209,0.001000,0.001000,0.001000,0.001000,0.001000
1004.403846,-0.024111,0.001000,0.001000,0.001000,0.001000,0.001000
1004.423077,-0.022998,0.001000,0.001000,0.001000,0.001000,0.001000
1004.442308,-0.021870,0.001000,0.001000,0.001000,0.001000,0.001000
1004.461538,-0.020728,0.001000,0.001000,0.001000,0.001000,0.001000
1004.480769,-0.019573,0.001000,0.001000,0.001000,0.001000,0.001000
1004.500000,-0.018406,0.001000,0.001000,0.001000,0.001000,0.001000
1004.519231,-0.017227,0.001000,0.001000,0.001000,0.001000,0.001000
1004.538462,-0.016037,0.001000,0.001000,0.001000,0.001000,0.001000
1004.557692,-0.014836,0.001000,0.001000,0.001000,0.001000,0.001000
1004.576923,-0.013626,0.001000,0.001000,0.001000,0.001000,0.001000
1004.596154,-0.012408,0.001000,0.001000,0.001000,0.001000,0.001000
1004.615385,-0.011182,0.001000,0.001000,0.001000,0.001000,0.001000
1004.634615,-0.009948,0.001000,0.001000,0.001000,0.001000,0.001000
1004.653846,-0.008708,0.001000,0.001000,0.001000,0.001000,0.001000
1004.673077,-0.007463,0.001000,0.001000,0.001000,0.001000,0.001000
1004.692308,-0.006213,0.001000,0.001000,0.001000,0.001000,0.001000
1004.711538,-0.004959,0.001000,0.001000,0.001000,0.001000,0.001000
1004.730769,-0.003702,0.001000,0.001000,0.001000,0.001000,0.001000
1004.750000,-0.002442,0.001000,0.001000,0.001000,0.001000,0.001000
1004.769231,-0.001181,0.001000,0.001000,0.001000,0.001000,0.001000
1004.788462,0.000081,0.001000,0.001000,0.001000,0.001000,0.001000
1004.807692,0.001343,0.001000,0.001000,0.001000,0.001000,0.001000
1004.826923,0.002604,0.001000,0.001000,0.001000,0.001000,0.001000
1004.846154,0.003863,0.001000,0.001000,0.001000,0.001000,0.001000
1004.865385,0.005120,0.001000,0.001000,0.001000,0.001000,0.001000
1004.884615,0.006374,0.001000,0.001000,0.001000,0.001000,0.001000
1004.903846,0.007623,0.001000,0.001000,0.001000,0.001000,0.001000
1004.923077,0.008868,0.001000,0.001000,0.001000,0.001000,0.001000
1004.942308,0.010107,0.001000,0.001000,0.001000,0.001000,0.001000
1004.961538,0.011340,0.001000,0.001000,0.001000,0.001000,0.001000
1004.980769,0.012565,0.001000,0.001000,0.001000,0.001000,0.001000
1005.000000,0.013782,0.001000,0.001000,0.001000,0.001000,0.001000
1005.019231,0.014991,0.001000,0.001000,0.001000,0.001000,0.001000
1005.038462,0.016190,0.001000,0.001000,0.001000,0.001000,0.001000
1005.057692,0.017379,0.001000,0.001000,0.001000,0.001000,0.001000
1005.076923,0.018556,0.001000,0.001000,0.001000,0.001000,0.001000
1005.096154,0.019722,0.001000,0.001000,0.001000,0.001000,0.001000
1005.115385,0.020876,0.001000,0.001000,0.001000,0.001000,0.001000
1005.134615,0.022016,0.001000,0.001000,0.001000,0.001000,0.001000
1005.153846,0.023141,0.001000,0.001000,0.001000,0.001000,0.001000
1005.173077,0.024253,0.001000,0.001000,0.001000,0.001000,0.001000
1005.192308,0.025348,0.001000,0.001000,0.001000,0.001000,0.001000
1005.211538,0.026428,0.001000,0.001000,0.001000,0.001000,0.001000
1005.230769,0.027491,0.001000,0.001000,0.001000,0.001000,0.001000
1005.250000,0.028536,0.001000,0.001000,0.001000,0.001000,0.001000
1005.269231,0.029563,0.001000,0.001000,0.001000,0.001000,0.001000
1005.288462,0.030571,0.001000,0.001000,0.001000,0.001000,0.001000
1005.307692,0.031560,0.001000,0.001000,0.001000,0.001000,0.001000
1005.326923,0.032529,0.001000,0.001000,0.001000,0.001000,0.001000
1005.346154,0.033477,0.001000,0.001000,0.001000,0.001000,0.001000
1005.365385,0.034404,0.001000,0.001000,0.001000,0.001000,0.001000
1005.384615,0.035308,0.001000,0.001000,0.001000,0.001000,0.001000
1005.403846,0.036190,0.001000,0.001000,0.001000,0.001000,0.001000
1005.423077,0.037050,0.001000,0.001000,0.001000,0.001000,0.001000
1005.442308,0.037885,0.001000,0.001000,0.001000,0.001000,0.001000
1005.461538,0.038697,0.001000,0.001000,0.001000,0.001000,0.001000
1005.480769,0.039483,0.001000,0.001000,0.001000,0.001000,0.001000
1005.500000,0.040245,0.001000,0.001000,0.001000,0.001000,0.001000
1005.519231,0.040981,0.001000,0.001000,0.001000,0.001000,0.001000
1005.538462,0.041691,0.001000,0.001000,0.001000,0.001000,0.001000
1005.557692,0.042374,0.001000,0.001000,0.001000,0.001000,0.001000
1005.576923,0.043031,0.001000,0.001000,0.001000,0.001000,0.001000
1005.596154,0.043659,0.001000,0.001000,0.001000,0.001000,0.001000
1005.615385,0.044261,0.001000,0.001000,0.001000,0.001000,0.001000
1005.634615,0.044834,0.001000,0.001000,0.001000,0.001000,0.001000
1005.653846,0.045378,0.001000,0.001000,0.001000,0.001000,0.001000
1005.673077,0.045893,0.001000,0.001000,0.001000,0.001000,0.001000
1005.692308,0.046380,0.001000,0.001000,0.001000,0.001000,0.001000
1005.711538,0.046836,0.001000,0.001000,0.001000,0.001000,0.001000
1005.730769,0.047263,0.001000,0.001000,0.001000,0.001000,0.001000
1005.750000,0.047660,0.001000,0.001000,0.001000,0.001000,0.001000
1005.769231,0.048026,0.001000,0.001000,0.001000,0.001000,0.001000
1005.788462,0.048362,0.001000,0.001000,0.001000,0.001000,0.001000
1005.807692,0.048667,0.001000,0.001000,0.001000,0.001000,0.001000
1005.826923,0.048941,0.001000,0.001000,0.001000,0.001000,0.001000
1005.846154,0.049184,0.001000,0.001000,0.001000,0.001000,0.001000
1005.865385,0.049395,0.001000,0.001000,0.001000,0.001000,0.001000
1005.884615,0.049575,0.001000,0.001000,0.001000,0.001000,0.001000
1005.903846,0.049723,0.001000,0.001000,0.001000,0.001000,0.001000
1005.923077,0.049840,0.001000,0.001000,0.001000,0.001000,0.001000
1005.942308,0.049925,0.001000,0.001000,0.001000,0.001000,0.001000
1005.961538,0.049978,0.001000,0.001000,0.001000,0.001000,0.001000
1005.980769,0.050000,0.001000,0.001000,0.001000,0.001000,0.001000
1006.000000,0.049989,0.001000,0.001000,0.001000,0.001000,0.001000
1006.019231,0.049947,0.001000,0.001000,0.001000,0.001000,0.001000
1006.038462,0.049872,0.001000,0.001000,0.001000,0.001000,0.001000
1006.057692,0.049767,0.001000,0.001000,0.001000,0.001000,0.001000
1006.076923,0.049629,0.001000,0.001000,0.001000,0.001000,0.001000
1006.096154,0.049460,0.001000,0.001000,0.001000,0.001000,0.001000
1006.115385,0.049259,0.001000,0.001000,0.001000,0.001000,0.001000
1006.134615,0.049027,0.001000,0.001000,0.001000,0.001000,0.001000
1006.153846,0.048763,0.001000,0.001000,0.001000,0.001000,0.001000
1006.173077,0.048469,0.001000,0.001000,0.001000,0.001000,0.001000
1006.192308,0.048143,0.001000,0.001000,0.001000,0.001000,0.001000
1006.211538,0.047787,0.001000,0.001000,0.001000,0.001000,0.001000
1006.230769,0.047401,0.001000,0.001000,0.001000,0.001000,0.001000
1006.250000,0.046984,0.001000,0.001000,0.001000,0.001000,0.001000
1006.269231,0.046538,0.001000,0.001000,0.001000,0.001000,0.001000
1006.288462,0.046062,0.001000,0.001000,0.001000,0.001000,0.001000
1006.307692,0.045556,0.001000,0.001000,0.001000,0.001000,0.001000
1006.326923,0.045021,0.001000,0.001000,0.001000,0.001000,0.001000
1006.346154,0.044458,0.001000,0.001000,0.001000,0.001000,0.001000
1006.365385,0.043867,0.001000,0.001000,0.001000,0.001000,0.001000
1006.384615,0.043247,0.001000,0.001000,0.001000,0.001000,0.001000
1006.403846,0.042600,0.001000,0.001000,0.001000,0.001000,0.001000
1006.423077,0.041926,0.001000,0.001000,0.001000,0.001000,0.001000
1006.442308,0.041225,0.001000,0.001000,0.001000,0.001000,0.001000
1006.461538,0.040498,0.001000,0.001000,0.001000,0.001000,0.001000
1006.480769,0.039745,0.001000,0.001000,0.001000,0.001000,0.001000
1006.500000,0.038966,0.001000,0.001000,0.001000,0.001000,0.001000
1006.519231,0.038163,0.001000,0.001000,0.001000,0.001000,0.001000
1006.538462,0.037336,0.001000,0.001000,0.001000,0.001000,0.001000
1006.557692,0.036485,0.001000,0.001000,0.001000,0.001000,0.001000
1006.576923,0.035610,0.001000,0.001000,0.001000,0.001000,0.001000
1006.596154,0.034713,0.001000,0.001000,0.001000,0.001000,0.001000
1006.615385,0.033794,0.001000,0.001000,0.001000,0.001000,0.001000
1006.634615,0.032853,0.001000,0.001000,0.001000,0.001000,0.001000
1006.653846,0.031891,0.001000,0.001000,0.001000,0.001000,0.001000
1006.673077,0.030909,0.001000,0.001000,0.001000,0.001000,0.001000
1006.692308,0.029908,0.001000,0.001000,0.001000,0.001000,0.001000
1006.711538,0.028887,0.001000,0.001000,0.001000,0.001000,0.001000
1006.730769,0.027848,0.001000,0.001000,0.001000,0.001000,0.001000
1006.750000,0.026791,0.001000,0.001000,0.001000,0.001000,0.001000
1006.769231,0.025717,0.001000,0.001000,0.001000,0.001000,0.001000
1006.788462,0.024626,0.001000,0.001000,0.001000,0.001000,0.001000
1006.807692,0.023520,0.001000,0.001000,0.001000,0.001000,0.001000
1006.826923,0.022399,0.001000,0.001000,0.001000,0.001000,0.001000
1006.846154,0.021264,0.001000,0.001000,0.001000,0.001000,0.001000
1006.865385,0.020115,0.001000,0.001000,0.001000,0.001000,0.001000
1006.884615,0.018954,0.001000,0.001000,0.001000,0.001000,0.001000
1006.903846,0.017780,0.001000,0.001000,0.001000,0.001000,0.001000
1006.923077,0.016595,0.001000,0.001000,0.001000,0.001000,0.001000
1006.942308,0.015399,0.001000,0.001000,0.001000,0.001000,0.001000
1006.961538,0.014194,0.001000,0.001000,0.001000,0.001000,0.001000
1006.980769,0.012979,0.001000,0.001000,0.001000,0.001000,0.001000
1007.000000,0.011756,0.001000,0.001000,0.001000,0.001000,0.001000
1007.019231,0.010526,0.001000,0.001000,0.001000,0.001000,0.001000
1007.038462,0.009289,0.001000,0.001000,0.001000,0.001000,0.001000
1007.057692,0.008046,0.001000,0.001000,0.001000,0.001000,0.001000
1007.076923,0.006798,0.001000,0.001000,0.001000,0.001000,0.001000
1007.096154,0.005546,0.001000,0.001000,0.001000,0.001000,0.001000
1007.115385,0.004290,0.001000,0.001000,0.001000,0.001000,0.001000
1007.134615,0.003032,0.001000,0.001000,0.001000,0.001000,0.001000
1007.153846,0.001771,0.001000,0.001000,0.001000,0.001000,0.001000
1007.173077,0.000509,0.001000,0.001000,0.001000,0.001000,0.001000
1007.192308,-0.000753,0.001000,0.001000,0.001000,0.001000,0.001000
1007.211538,-0.002014,0.001000,0.001000,0.001000,0.001000,0.001000
1007.230769,-0.003274,0.001000,0.001000,0.001000,0.001000,0.001000
1007.250000,-0.004532,0.001000,0.001000,0.001000,0.001000,0.001000
1007.269231,-0.005788,0.001000,0.001000,0.001000,0.001000,0.001000
1007.288462,-0.007039,0.001000,0.001000,0.001000,0.001000,0.001000
1007.307692,-0.008286,0.001000,0.001000,0.001000,0.001000,0.001000
1007.326923,-0.009528,0.001000,0.001000,0.001000,0.001000,0.001000
1007.346154,-0.010764,0.001000,0.001000,0.001000,0.001000,0.001000
1007.365385,-0.011993,0.001000,0.001000,0.001000,0.001000,0.001000
1007.384615,-0.013214,0.001000,0.001000,0.001000,0.001000,0.001000
1007.403846,-0.014427,0.001000,0.001000,0.001000,0.001000,0.001000
1007.423077,-0.015630,0.001000,0.001000,0.001000,0.001000,0.001000
1007.442308,-0.016824,0.001000,0.001000,0.001000,0.001000,0.001000
1007.461538,-0.018007,0.001000,0.001000,0.001000,0.001000,0.001000
1007.480769,-0.019178,0.001000,0.001000,0.001000,0.001000,0.001000
1007.500000,-0.020338,0.001000,0.001000,0.001000,0.001000,0.001000
1007.519231,-0.021484,0.001000,0.001000,0.001000,0.001000,0.001000
1007.538462,-0.022616,0.001000,0.001000,0.001000,0.001000,0.001000
1007.557692,-0.023735,0.001000,0.001000,0.001000,0.001000,0.001000
1007.576923,-0.024838,0.001000,0.001000,0.001000,0.001000,0.001000
1007.596154,-0.025925,0.001000,0.001000,0.001000,0.001000,0.001000
1007.615385,-0.026996,0.001000,0.001000,0.001000,0.001000,0.001000
1007.634615,-0.028049,0.001000,0.001000,0.001000,0.001000,0.001000
1007.653846,-0.029085,0.001000,0.001000,0.001000,0.001000,0.001000
1007.673077,-0.030102,0.001000,0.001000,0.001000,0.001000,0.001000
1007.692308,-0.031100,0.001000,0.001000,0.001000,0.001000,0.001000
1007.711538,-0.032078,0.001000,0.001000,0.001000,0.001000,0.001000
1007.730769,-0.033036,0.001000,0.001000,0.001000,0.001000,0.001000
1007.750000,-0.033973,0.001000,0.001000,0.001000,0.001000,0.001000
1007.769231,-0.034888,0.001000,0.001000,0.001000,0.001000,0.001000
1007.788462,-0.035781,0.001000,0.001000,0.001000,0.001000,0.001000
1007.807692,-0.036651,0.001000,0.001000,0.001000,0.001000,0.001000
1007.826923,-0.037497,0.001000,0.001000,0.001000,0.001000,0.001000
1007.846154,-0.038320,0.001000,0.001000,0.001000,0.001000,0.001000
1007.865385,-0.039118,0.001000,0.001000,0.001000,0.001000,0.001000
1007.884615,-0.039892,0.001000,0.001000,0.001000,0.001000,0.001000
1007.903846,-0.040640,0.001000,0.001000,0.001000,0.001000,0.001000
1007.923077,-0.041362,0.001000,0.001000,0.001000,0.001000,0.001000
1007.942308,-0.042058,0.001000,0.001000,0.001000,0.001000,0.001000
1007.961538,-0.042727,0.001000,0.001000,0.001000,0.001000,0.001000
1007.980769,-0.043369,0.001000,0.001000,0.001000,0.001000,0.001000
1008.000000,-0.043983,0.001000,0.001000,0.001000,0.001000,0.001000
1008.019231,-0.044569,0.001000,0.001000,0.001000,0.001000,0.001000
1008.038462,-0.045127,0.001000,0.001000,0.001000,0.001000,0.001000
1008.057692,-0.045656,0.001000,0.001000,0.001000,0.001000,0.001000
1008.076923,-0.046156,0.001000,0.001000,0.001000,0.001000,0.001000
1008.096154,-0.046626,0.001000,0.001000,0.001000,0.001000,0.001000
1008.115385,-0.047067,0.001000,0.001000,0.001000,0.001000,0.001000
1008.134615,-0.047478,0.001000,0.001000,0.001000,0.001000,0.001000
1008.153846,-0.047858,0.001000,0.001000,0.001000,0.001000,0.001000
1008.173077,-0.048209,0.001000,0.001000,0.001000,0.001000,0.001000
1008.192308,-0.048528,0.001000,0.001000,0.001000,0.001000,0.001000
1008.211538,-0.048816,0.001000,0.001000,0.001000,0.001000,0.001000
1008.230769,-0.049074,0.001000,0.001000,0.001000,0.001000,0.001000
1008.250000,-0.049300,0.001000,0.001000,0.001000,0.001000,0.001000
1008.269231,-0.049495,0.001000,0.001000,0.001000,0.001000,0.001000
1008.288462,-0.049658,0.001000,0.001000,0.001000,0.001000,0.001000
1008.307692,-0.049789,0.001000,0.001000,0.001000,0.001000,0.001000
1008.326923,-0.049889,0.001000,0.001000,0.001000,0.001000,0.001000
1008.346154,-0.049957,0.001000,0.001000,0.001000,0.001000,0.001000
1008.365385,-0.049994,0.001000,0.001000,0.001000,0.001000,0.001000
1008.384615,-0.049998,0.001000,0.001000,0.001000,0.001000,0.001000
1008.403846,-0.049970,0.001000,0.001000,0.001000,0.001000,0.001000
1008.423077,-0.049911,0.001000,0.001000,0.001000,0.001000,0.001000
1008.442308,-0.049820,0.001000,0.001000,0.001000,0.001000,0.001000
1008.461538,-0.049697,0.001000,0.001000,0.001000,0.001000,0.001000
1008.480769,-0.049543,0.001000,0.001000,0.001000,0.001000,0.001000
1008.500000,-0.049357,0.001000,0.001000,0.001000,0.001000,0.001000
1008.519231,-0.049139,0.001000,0.001000,0.001000,0.001000,0.001000
1008.538462,-0.048890,0.001000,0.001000,0.001000,0.001000,0.001000
1008.557692,-0.048610,0.001000,0.001000,0.001000,0.001000,0.001000
1008.576923,-0.048300,0.001000,0.001000,0.001000,0.001000,0.001000
1008.596154,-0.047958,0.001000,0.001000,0.001000,0.001000,0.001000
1008.615385,-0.047586,0.001000,0.001000,0.001000,0.001000,0.001000
1008.634615,-0.047183,0.001000,0.001000,0.001000,0.001000,0.001000
1008.653846,-0.046750,0.001000,0.001000,0.001000,0.001000,0.001000
1008.673077,-0.046288,0.001000,0.001000,0.001000,0.001000,0.001000
1008.692308,-0.045796,0.001000,0.001000,0.001000,0.001000,0.001000
1008.711538,-0.045275,0.001000,0.001000,0.001000,0.001000,0.001000
1008.730769,-0.044725,0.001000,0.001000,0.001000,0.001000,0.001000
1008.750000,-0.044147,0.001000,0.001000,0.001000,0.001000,0.001000
1008.769231,-0.043540,0.001000,0.001000,0.001000,0.001000,0.001000
1008.788462,-0.042906,0.001000,0.001000,0.001000,0.001000,0.001000
1008.807692,-0.042245,0.001000,0.001000,0.001000,0.001000,0.001000
1008.826923,-0.041556,0.001000,0.001000,0.001000,0.001000,0.001000
1008.846154,-0.040841,0.001000,0.001000,0.001000,0.001000,0.001000
1008.865385,-0.040100,0.001000,0.001000,0.001000,0.001000,0.001000
1008.884615,-0.039334,0.001000,0.001000,0.001000,0.001000,0.001000
1008.903846,-0.038542,0.001000,0.001000,0.001000,0.001000,0.001000
1008.923077,-0.037726,0.001000,0.001000,0.001000,0.001000,0.001000
1008.942308,-0.036886,0.001000,0.001000,0.001000,0.001000,0.001000
1008.961538,-0.036022,0.001000,0.001000,0.001000,0.001000,0.001000
1008.980769,-0.035136,0.001000,0.001000,0.001000,0.001000,0.001000
1009.000000,-0.034227,0.001000,0.001000,0.001000,0.001000,0.001000
1009.019231,-0.033296,0.001000,0.001000,0.001000,0.001000,0.001000
1009.038462,-0.032344,0.001000,0.001000,0.001000,0.001000,0.001000
1009.057692,-0.031371,0.001000,0.001000,0.001000,0.001000,0.001000
1009.076923,-0.030379,0.001000,0.001000,0.001000,0.001000,0.001000
1009.096154,-0.029367,0.001000,0.001000,0.001000,0.001000,0.001000
1009.115385,-0.028336,0.001000,0.001000,0.001000,0.001000,0.001000
1009.134615,-0.027287,0.001000,0.001000,0.001000,0.001000,0.001000
1009.153846,-0.026221,0.001000,0.001000,0.001000,0.001000,0.001000
1009.173077,-0.025139,0.001000,0.001000,0.001000,0.001000,0.001000
1009.192308,-0.024040,0.001000,0.001000,0.001000,0.001000,0.001000
1009.211538,-0.022926,0.001000,0.001000,0.001000,0.001000,0.001000
1009.230769,-0.021797,0.001000,0.001000,0.001000,0.001000,0.001000
1009.250000,-0.020654,0.001000,0.001000,0.001000,0.001000,0.001000
1009.269231,-0.019499,0.001000,0.001000,0.001000,0.001000,0.001000
1009.288462,-0.018330,0.001000,0.001000,0.001000,0.001000,0.001000
1009.307692,-0.017151,0.001000,0.001000,0.001000,0.001000,0.001000
1009.326923,-0.015960,0.001000,0.001000,0.001000,0.001000,0.001000
1009.346154,-0.014759,0.001000,0.001000,0.001000,0.001000,0.001000
1009.365385,-0.013548,0.001000,0.001000,0.001000,0.001000,0.001000
1009.384615,-0.012329,0.001000,0.001000,0.001000,0.001000,0.001000
1009.403846,-0.011103,0.001000,0.001000,0.001000,0.001000,0.001000
1009.423077,-0.009869,0.001000,0.001000,0.001000,0.001000,0.001000
1009.442308,-0.008629,0.001000,0.001000,0.001000,0.001000,0.001000
1009.461538,-0.007383,0.001000,0.001000,0.001000,0.001000,0.001000
1009.480769,-0.006132,0.001000,0.001000,0.001000,0.001000,0.001000
1009.500000,-0.004878,0.001000,0.001000,0.001000,0.001000,0.001000
1009.519231,-0.003621,0.001000,0.001000,0.001000,0.001000,0.001000
1009.538462,-0.002361,0.001000,0.001000,0.001000,0.001000,0.001000
1009.557692,-0.001100,0.001000,0.001000,0.001000,0.001000,0.001000
1009.576923,0.000162,0.001000,0.001000,0.001000,0.001000,0.001000
1009.596154,0.001424,0.001000,0.001000,0.001000,0.001000,0.001000
1009.615385,0.002685,0.001000,0.001000,0.001000,0.001000,0.001000
1009.634615,0.003944,0.001000,0.001000,0.001000,0.001000,0.001000
1009.653846,0.005201,0.001000,0.001000,0.001000,0.001000,0.001000
1009.673077,0.006454,0.001000,0.001000,0.001000,0.001000,0.001000
1009.692308,0.007703,0.001000,0.001000,0.001000,0.001000,0.001000
1009.711538,0.008948,0.001000,0.001000,0.001000,0.001000,0.001000
1009.730769,0.010186,0.001000,0.001000,0.001000,0.001000,0.001000
1009.750000,0.011419,0.001000,0.001000,0.001000,0.001000,0.001000
1009.769231,0.012643,0.001000,0.001000,0.001000,0.001000,0.001000
1009.788462,0.013860,0.001000,0.001000,0.001000,0.001000,0.001000
1009.807692,0.015068,0.001000,0.001000,0.001000,0.001000,0.001000
1009.826923,0.016267,0.001000,0.001000,0.001000,0.001000,0.001000
1009.846154,0.017455,0.001000,0.001000,0.001000,0.001000,0.001000
1009.865385,0.018632,0.001000,0.001000,0.001000,0.001000,0.001000
1009.884615,0.019797,0.001000,0.001000,0.001000,0.001000,0.001000
1009.903846,0.020949,0.001000,0.001000,0.001000,0.001000,0.001000
1009.923077,0.022088,0.001000,0.001000,0.001000,0.001000,0.001000
1009.942308,0.023213,0.001000,0.001000,0.001000,0.001000,0.001000
1009.961538,0.024324,0.001000,0.001000,0.001000,0.001000,0.001000
1009.980769,0.025418,0.001000,0.001000,0.001000,0.001000,0.001000
1010.000000,0.026497,0.001000,0.001000,0.001000,0.001000,0.001000
1010.019231,0.027559,0.001000,0.001000,0.001000,0.001000,0.001000
1010.038462,0.028603,0.001000,0.001000,0.001000,0.001000,0.001000
1010.057692,0.029629,0.001000,0.001000,0.001000,0.001000,0.001000
1010.076923,0.030636,0.001000,0.001000,0.001000,0.001000,0.001000
1010.096154,0.031623,0.001000,0.001000,0.001000,0.001000,0.001000
1010.115385,0.032590,0.001000,0.001000,0.001000,0.001000,0.001000
1010.134615,0.033537,0.001000,0.001000,0.001000,0.001000,0.001000
1010.153846,0.034462,0.001000,0.001000,0.001000,0.001000,0.001000
1010.173077,0.035366,0.001000,0.001000,0.001000,0.001000,0.001000
1010.192308,0.036246,0.001000,0.001000,0.001000,0.001000,0.001000
1010.211538,0.037104,0.001000,0.001000,0.001000,0.001000,0.001000
1010.230769,0.037938,0.001000,0.001000,0.001000,0.001000,0.001000
1010.250000,0.038748,0.001000,0.001000,0.001000,0.001000,0.001000
1010.269231,0.039533,0.001000,0.001000,0.001000,0.001000,0.001000
1010.288462,0.040293,0.001000,0.001000,0.001000,0.001000,0.001000
1010.307692,0.041027,0.001000,0.001000,0.001000,0.001000,0.001000
1010.326923,0.041736,0.001000,0.001000,0.001000,0.001000,0.001000
1010.346154,0.042417,0.001000,0.001000,0.001000,0.001000,0.001000
1010.365385,0.043072,0.001000,0.001000,0.001000,0.001000,0.001000
1010.384615,0.043699,0.001000,0.001000,0.001000,0.001000,0.001000
1010.403846,0.044298,0.001000,0.001000,0.001000,0.001000,0.001000
1010.423077,0.044869,0.001000,0.001000,0.001000,0.001000,0.001000
1010.442308,0.045412,0.001000,0.001000,0.001000,0.001000,0.001000
1010.461538,0.045925,0.001000,0.001000,0.001000,0.001000,0.001000
1010.480769,0.046410,0.001000,0.001000,0.001000,0.001000,0.001000
1010.500000,0.046864,0.001000,0.001000,0.001000,0.001000,0.001000
1010.519231,0.047289,0.001000,0.001000,0.001000,0.001000,0.001000
1010.538462,0.047684,0.001000,0.001000,0.001000,0.001000,0.001000
1010.557692,0.048049,0.001000,0.001000,0.001000,0.001000,0.001000
1010.576923,0.048382,0.001000,0.001000,0.001000,0.001000,0.001000
1010.596154,0.048685,0.001000,0.001000,0.001000,0.001000,0.001000
1010.615385,0.048957,0.001000,0.001000,0.001000,0.001000,0.001000
1010.634615,0.049198,0.001000,0.001000,0.001000,0.001000,0.001000
1010.653846,0.049407,0.001000,0.001000,0.001000,0.001000,0.001000
1010.673077,0.049585,0.001000,0.001000,0.001000,0.001000,0.001000
1010.692308,0.049732,0.001000,0.001000,0.001000,0.001000,0.001000
1010.711538,0.049846,0.001000,0.001000,0.001000,0.001000,0.001000
1010.730769,0.049929,0.001000,0.001000,0.001000,0.001000,0.001000
1010.750000,0.049981,0.001000,0.001000,0.001000,0.001000,0.001000
1010.769231,0.050000,0.001000,0.001000,0.001000,0.001000,0.001000
1010.788462,0.049987,0.001000,0.001000,0.001000,0.001000,0.001000
1010.807692,0.049943,0.001000,0.001000,0.001000,0.001000,0.001000
1010.826923,0.049867,0.001000,0.001000,0.001000,0.001000,0.001000
1010.846154,0.049759,0.001000,0.001000,0.001000,0.001000,0.001000
1010.865385,0.049619,0.001000,0.001000,0.001000,0.001000,0.001000
1010.884615,0.049448,0.001000,0.001000,0.001000,0.001000,0.001000
1010.903846,0.049245,0.001000,0.001000,0.001000,0.001000,0.001000
1010.923077,0.049011,0.001000,0.001000,0.001000,0.001000,0.001000
1010.942308,0.048745,0.001000,0.001000,0.001000,0.001000,0.001000
1010.961538,0.048449,0.001000,0.001000,0.001000,0.001000,0.001000
1010.980769,0.048122,0.001000,0.001000,0.001000,0.001000,0.001000
1011.000000,0.047764,0.001000,0.001000,0.001000,0.001000,0.001000
1011.019231,0.047375,0.001000,0.001000,0.001000,0.001000,0.001000
1011.038462,0.046957,0.001000,0.001000,0.001000,0.001000,0.001000
1011.057692,0.046508,0.001000,0.001000,0.001000,0.001000,0.001000
1011.076923,0.046030,0.001000,0.001000,0.001000,0.001000,0.001000
1011.096154,0.045523,0.001000,0.001000,0.001000,0.001000,0.001000
1011.115385,0.044986,0.001000,0.001000,0.001000,0.001000,0.001000
1011.134615,0.044421,0.001000,0.001000,0.001000,0.001000,0.001000
1011.153846,0.043828,0.001000,0.001000,0.001000,0.001000,0.001000
1011.173077,0.043206,0.001000,0.001000,0.001000,0.001000,0.001000
1011.192308,0.042558,0.001000,0.001000,0.001000,0.001000,0.001000
1011.211538,0.041882,0.001000,0.001000,0.001000,0.001000,0.001000
1011.230769,0.041179,0.001000,0.001000,0.001000,0.001000,0.001000
1011.250000,0.040450,0.001000,0.001000,0.001000,0.001000,0.001000
1011.269231,0.039696,0.001000,0.001000,0.001000,0.001000,0.001000
1011.288462,0.038916,0.001000,0.001000,0.001000,0.001000,0.001000
1011.307692,0.038111,0.001000,0.001000,0.001000,0.001000,0.001000
1011.326923,0.037282,0.001000,0.001000,0.001000,0.001000,0.001000
1011.346154,0.036429,0.001000,0.001000,0.001000,0.001000,0.001000
1011.365385,0.035553,0.001000,0.001000,0.001000,0.001000,0.001000
1011.384615,0.034655,0.001000,0.001000,0.001000,0.001000,0.001000
1011.403846,0.033734,0.001000,0.001000,0.001000,0.001000,0.001000
1011.423077,0.032792,0.001000,0.001000,0.001000,0.001000,0.001000
1011.442308,0.031829,0.001000,0.001000,0.001000,0.001000,0.001000
1011.461538,0.030846,0.001000,0.001000,0.001000,0.001000,0.001000
1011.480769,0.029843,0.001000,0.001000,0.001000,0.001000,0.001000
1011.500000,0.028821,0.001000,0.001000,0.001000,0.001000,0.001000
1011.519231,0.027780,0.001000,0.001000,0.001000,0.001000,0.001000
1011.538462,0.026722,0.001000,0.001000,0.001000,0.001000,0.001000
1011.557692,0.025647,0.001000,0.001000,0.001000,0.001000,0.001000
1011.576923,0.024556,0.001000,0.001000,0.001000,0.001000,0.001000
1011.596154,0.023449,0.001000,0.001000,0.001000,0.001000,0.001000
1011.615385,0.022327,0.001000,0.001000,0.001000,0.001000,0.001000
1011.634615,0.021191,0.001000,0.001000,0.001000,0.001000,0.001000
1011.653846,0.020041,0.001000,0.001000,0.001000,0.001000,0.001000
1011.673077,0.018878,0.001000,0.001000,0.001000,0.001000,0.001000
1011.692308,0.017704,0.001000,0.001000,0.001000,0.001000,0.001000
1011.711538,0.016518,0.001000,0.001000,0.001000,0.001000,0.001000
1011.730769,0.015322,0.001000,0.001000,0.001000,0.001000,0.001000
1011.750000,0.014116,0.001000,0.001000,0.001000,0.001000,0.001000
1011.769231,0.012901,0.001000,0.001000,0.001000,0.001000,0.001000
1011.788462,0.011678,0.001000,0.001000,0.001000,0.001000,0.001000
1011.807692,0.010447,0.001000,0.001000,0.001000,0.001000,0.001000
1011.826923,0.009210,0.001000,0.001000,0.001000,0.001000,0.001000
1011.846154,0.007966,0.001000,0.001000,0.001000,0.001000,0.001000
1011.865385,0.006718,0.001000,0.001000,0.001000,0.001000,0.001000
1011.884615,0.005465,0.001000,0.001000,0.001000,0.001000,0.001000
1011.903846,0.004209,0.001000,0.001000,0.001000,0.001000,0.001000
1011.923077,0.002951,0.001000,0.001000,0.001000,0.001000,0.001000
1011.942308,0.001690,0.001000,0.001000,0.001000,0.001000,0.001000
1011.961538,0.000428,0.001000,0.001000,0.001000,0.001000,0.001000
1011.980769,-0.000834,0.001000,0.001000,0.001000,0.001000,0.001000
1012.000000,-0.002095,0.001000,0.001000,0.001000,0.001000,0.001000
1012.019231,-0.003355,0.001000,0.001000,0.001000,0.001000,0.001000
1012.038462,-0.004613,0.001000,0.001000,0.001000,0.001000,0.001000
1012.057692,-0.005868,0.001000,0.001000,0.001000,0.001000,0.001000
1012.076923,-0.007119,0.001000,0.001000,0.001000,0.001000,0.001000
1012.096154,-0.008366,0.001000,0.001000,0.001000,0.001000,0.001000
1012.115385,-0.009608,0.001000,0.001000,0.001000,0.001000,0.001000
1012.134615,-0.010843,0.001000,0.001000,0.001000,0.001000,0.001000
1012.153846,-0.012071,0.001000,0.001000,0.001000,0.001000,0.001000
1012.173077,-0.013292,0.001000,0.001000,0.001000,0.001000,0.001000
1012.192308,-0.014504,0.001000,0.001000,0.001000,0.001000,0.001000
1012.211538,-0.015707,0.001000,0.001000,0.001000,0.001000,0.001000
1012.230769,-0.016900,0.001000,0.001000,0.001000,0.001000,0.001000
1012.250000,-0.018082,0.001000,0.001000,0.001000,0.001000,0.001000
1012.269231,-0.019253,0.001000,0.001000,0.001000,0.001000,0.001000
1012.288462,-0.020412,0.001000,0.001000,0.001000,0.001000,0.001000
1012.307692,-0.021557,0.001000,0.001000,0.001000,0.001000,0.001000
1012.326923,-0.022689,0.001000,0.001000,0.001000,0.001000,0.001000
1012.346154,-0.023806,0.001000,0.001000,0.001000,0.001000,0.001000
1012.365385,-0.024908,0.001000,0.001000,0.001000,0.001000,0.001000
1012.384615,-0.025994,0.001000,0.001000,0.001000,0.001000,0.001000
1012.403846,-0.027064,0.001000,0.001000,0.001000,0.001000,0.001000
1012.423077,-0.028116,0.001000,0.001000,0.001000,0.001000,0.001000
1012.442308,-0.029151,0.001000,0.001000,0.001000,0.001000,0.001000
1012.461538,-0.030167,0.001000,0.001000,0.001000,0.001000,0.001000
1012.480769,-0.031164,0.001000,0.001000,0.001000,0.001000,0.001000
1012.500000,-0.032140,0.001000,0.001000,0.001000,0.001000,0.001000
1012.519231,-0.033097,0.001000,0.001000,0.001000,0.001000,0.001000
1012.538462,-0.034032,0.001000,0.001000,0.001000,0.001000,0.001000
1012.557692,-0.034946,0.001000,0.001000,0.001000,0.001000,0.001000
1012.576923,-0.035837,0.001000,0.001000,0.001000,0.001000,0.001000
1012.596154,-0.036706,0.001000,0.001000,0.001000,0.001000,0.001000
1012.615385,-0.037551,0.001000,0.001000,0.001000,0.001000,0.001000
1012.634615,-0.038372,0.001000,0.001000,0.001000,0.001000,0.001000
1012.653846,-0.039169,0.001000,0.001000,0.001000,0.001000,0.001000
1012.673077,-0.039941,0.001000,0.001000,0.001000,0.001000,0.001000
1012.692308,-0.040687,0.001000,0.001000,0.001000,0.001000,0.001000
1012.711538,-0.041408,0.001000,0.001000,0.001000,0.001000,0.001000
1012.730769,-0.042102,0.001000,0.001000,0.001000,0.001000,0.001000
1012.750000,-0.042769,0.001000,0.001000,0.001000,0.001000,0.001000
1012.769231,-0.043409,0.001000,0.001000,0.001000,0.001000,0.001000
1012.788462,-0.044021,0.001000,0.001000,0.001000,0.001000,0.001000
1012.807692,-0.044606,0.001000,0.001000,0.001000,0.001000,0.001000
1012.826923,-0.045162,0.001000,0.001000,0.001000,0.001000,0.001000
1012.846154,-0.045689,0.001000,0.001000,0.001000,0.001000,0.001000
1012.865385,-0.046187,0.001000,0.001000,0.001000,0.001000,0.001000
1012.884615,-0.046655,0.001000,0.001000,0.001000,0.001000,0.001000
1012.903846,-0.047094,0.001000,0.001000,0.001000,0.001000,0.001000
1012.923077,-0.047503,0.001000,0.001000,0.001000,0.001000,0.001000
1012.942308,-0.047882,0.001000,0.001000,0.001000,0.001000,0.001000
1012.961538,-0.048230,0.001000,0.001000,0.001000,0.001000,0.001000
1012.980769,-0.048547,0.001000,0.001000,0.001000,0.001000,0.001000
1013.000000,-0.048834,0.001000,0.001000,0.001000,0.001000,0.001000
1013.019231,-0.049089,0.001000,0.001000,0.001000,0.001000,0.001000
1013.038462,-0.049313,0.001000,0.001000,0.001000,0.001000,0.001000
1013.057692,-0.049506,0.001000,0.001000,0.001000,0.001000,0.001000
1013.076923,-0.049667,0.001000,0.001000,0.001000,0.001000,0.001000
1013.096154,-0.049797,0.001000,0.001000,0.001000,0.001000,0.001000
1013.115385,-0.049895,0.001000,0.001000,0.001000,0.001000,0.001000
1013.134615,-0.049961,0.001000,0.001000,0.001000,0.001000,0.001000
1013.153846,-0.049995,0.001000,0.001000,0.001000,0.001000,0.001000
1013.173077,-0.049997,0.001000,0.001000,0.001000,0.001000,0.001000
1013.192308,-0.049968,0.001000,0.001000,0.001000,0.001000,0.001000
1013.211538,-0.049906,0.001000,0.001000,0.001000,0.001000,0.001000
1013.230769,-0.049813,0.001000,0.001000,0.001000,0.001000,0.001000
1013.250000,-0.049688,0.001000,0.001000,0.001000,0.001000,0.001000
1013.269231,-0.049532,0.001000,0.001000,0.001000,0.001000,0.001000
1013.288462,-0.049344,0.001000,0.001000,0.001000,0.001000,0.001000
1013.307692,-0.049124,0.001000,0.001000,0.001000,0.001000,0.001000
1013.326923,-0.048873,0.001000,0.001000,0.001000,0.001000,0.001000
1013.346154,-0.048591,0.001000,0.001000,0.001000,0.001000,0.001000
1013.365385,-0.048279,0.001000,0.001000,0.001000,0.001000,0.001000
1013.384615,-0.047935,0.001000,0.001000,0.001000,0.001000,0.001000
1013.403846,-0.047561,0.001000,0.001000,0.001000,0.001000,0.001000
1013.423077,-0.047156,0.001000,0.001000,0.001000,0.001000,0.001000
1013.442308,-0.046722,0.001000,0.001000,0.001000,0.001000,0.001000
1013.461538,-0.046257,0.001000,0.001000,0.001000,0.001000,0.001000
1013.480769,-0.045764,0.001000,0.001000,0.001000,0.001000,0.001000
1013.500000,-0.045241,0.001000,0.001000,0.001000,0.001000,0.001000
1013.519231,-0.044689,0.001000,0.001000,0.001000,0.001000,0.001000
1013.538462,-0.044109,0.001000,0.001000,0.001000,0.001000,0.001000
1013.557692,-0.043501,0.001000,0.001000,0.001000,0.001000,0.001000
1013.576923,-0.042865,0.001000,0.001000,0.001000,0.001000,0.001000
1013.596154,-0.042201,0.001000,0.001000,0.001000,0.001000,0.001000
1013.615385,-0.041511,0.001000,0.001000,0.001000,0.001000,0.001000
1013.634615,-0.040794,0.001000,0.001000,0.001000,0.001000,0.001000
1013.653846,-0.040052,0.001000,0.001000,0.001000,0.001000,0.001000
1013.673077,-0.039284,0.001000,0.001000,0.001000,0.001000,0.001000
1013.692308,-0.038490,0.001000,0.001000,0.001000,0.001000,0.001000
1013.711538,-0.037673,0.001000,0.001000,0.001000,0.001000,0.001000
1013.730769,-0.036831,0.001000,0.001000,0.001000,0.001000,0.001000
1013.750000,-0.035966,0.001000,0.001000,0.001000,0.001000,0.001000
1013.769231,-0.035078,0.001000,0.001000,0.001000,0.001000,0.001000
1013.788462,-0.034168,0.001000,0.001000,0.001000,0.001000,0.001000
1013.807692,-0.033235,0.001000,0.001000,0.001000,0.001000,0.001000
1013.826923,-0.032282,0.001000,0.001000,0.001000,0.001000,0.001000
1013.846154,-0.031308,0.001000,0.001000,0.001000,0.001000,0.001000
1013.865385,-0.030314,0.001000,0.001000,0.001000,0.001000,0.001000
1013.884615,-0.029301,0.001000,0.001000,0.001000,0.001000,0.001000
1013.903846,-0.028269,0.001000,0.001000,0.001000,0.001000,0.001000
1013.923077,-0.027219,0.001000,0.001000,0.001000,0.001000,0.001000
1013.942308,-0.026152,0.001000,0.001000,0.001000,0.001000,0.001000
1013.961538,-0.025068,0.001000,0.001000,0.001000,0.001000,0.001000
1013.980769,-0.023969,0.001000,0.001000,0.001000,0.001000,0.001000
1014.000000,-0.022854,0.001000,0.001000,0.001000,0.001000,0.001000
1014.019231,-0.021724,0.001000,0.001000,0.001000,0.001000,0.001000
1014.038462,-0.020580,0.001000,0.001000,0.001000,0.001000,0.001000
1014.057692,-0.019424,0.001000,0.001000,0.001000,0.001000,0.001000
1014.076923,-0.018255,0.001000,0.001000,0.001000,0.001000,0.001000
1014.096154,-0.017074,0.001000,0.001000,0.001000,0.001000,0.001000
1014.115385,-0.015883,0.001000,0.001000,0.001000,0.001000,0.001000
1014.134615,-0.014681,0.001000,0.001000,0.001000,0.001000,0.001000
1014.153846,-0.013470,0.001000,0.001000,0.001000,0.001000,0.001000
1014.173077,-0.012251,0.001000,0.001000,0.001000,0.001000,0.001000
1014.192308,-0.011024,0.001000,0.001000,0.001000,0.001000,0.001000
1014.211538,-0.009789,0.001000,0.001000,0.001000,0.001000,0.001000
1014.230769,-0.008549,0.001000,0.001000,0.001000,0.001000,0.001000
1014.250000,-0.007303,0.001000,0.001000,0.001000,0.001000,0.001000
1014.269231,-0.006052,0.001000,0.001000,0.001000,0.001000,0.001000
1014.288462,-0.004797,0.001000,0.001000,0.001000,0.001000,0.001000
1014.307692,-0.003540,0.001000,0.001000,0.001000,0.001000,0.001000
1014.326923,-0.002280,0.001000,0.001000,0.001000,0.001000,0.001000
1014.346154,-0.001019,0.001000,0.001000,0.001000,0.001000,0.001000
1014.365385,0.000243,0.001000,0.001000,0.001000,0.001000,0.001000
1014.384615,0.001505,0.001000,0.001000,0.001000,0.001000,0.001000
1014.403846,0.002766,0.001000,0.001000,0.001000,0.001000,0.001000
1014.423077,0.004025,0.001000,0.001000,0.001000,0.001000,0.001000
1014.442308,0.005281,0.001000,0.001000,0.001000,0.001000,0.001000
1014.461538,0.006534,0.001000,0.001000,0.001000,0.001000,0.001000
1014.480769,0.007783,0.001000,0.001000,0.001000,0.001000,0.001000
1014.500000,0.009027,0.001000,0.001000,0.001000,0.001000,0.001000
1014.519231,0.010266,0.001000,0.001000,0.001000,0.001000,0.001000
1014.538462,0.011497,0.001000,0.001000,0.001000,0.001000,0.001000
1014.557692,0.012722,0.001000,0.001000,0.001000,0.001000,0.001000
1014.576923,0.013938,0.001000,0.001000,0.001000,0.001000,0.001000
1014.596154,0.015146,0.001000,0.001000,0.001000,0.001000,0.001000
1014.615385,0.016343,0.001000,0.001000,0.001000,0.001000,0.001000
1014.634615,0.017531,0.001000,0.001000,0.001000,0.001000,0.001000
1014.653846,0.018707,0.001000,0.001000,0.001000,0.001000,0.001000
1014.673077,0.019871,0.001000,0.001000,0.001000,0.001000,0.001000
1014.692308,0.021023,0.001000,0.001000,0.001000,0.001000,0.001000
1014.711538,0.022161,0.001000,0.001000,0.001000,0.001000,0.001000
1014.730769,0.023285,0.001000,0.001000,0.001000,0.001000,0.001000
1014.750000,0.024394,0.001000,0.001000,0.001000,0.001000,0.001000
1014.769231,0.025488,0.001000,0.001000,0.001000,0.001000,0.001000
1014.788462,0.026566,0.001000,0.001000,0.001000,0.001000,0.001000
1014.807692,0.027626,0.001000,0.001000,0.001000,0.001000,0.001000
1014.826923,0.028669,0.001000,0.001000,0.001000,0.001000,0.001000
1014.846154,0.029694,0.001000,0.001000,0.001000,0.001000,0.001000
1014.865385,0.030700,0.001000,0.001000,0.001000,0.001000,0.001000
1014.884615,0.031686,0.001000,0.001000,0.001000,0.001000,0.001000
1014.903846,0.032652,0.001000,0.001000,0.001000,0.001000,0.001000
1014.923077,0.033597,0.001000,0.001000,0.001000,0.001000,0.001000
1014.942308,0.034521,0.001000,0.001000,0.001000,0.001000,0.001000
1014.961538,0.035423,0.001000,0.001000,0.001000,0.001000,0.001000
1014.980769,0.036302,0.001000,0.001000,0.001000,0.001000,0.001000
1015.000000,0.037158,0.001000,0.001000,0.001000,0.001000,0.001000
1015.019231,0.037991,0.001000,0.001000,0.001000,0.001000,0.001000
1015.038462,0.038799,0.001000,0.001000,0.001000,0.001000,0.001000
1015.057692,0.039583,0.001000,0.001000,0.001000,0.001000,0.001000
1015.076923,0.040341,0.001000,0.001000,0.001000,0.001000,0.001000
1015.096154,0.041074,0.001000,0.001000,0.001000,0.001000,0.001000
1015.115385,0.041780,0.001000,0.001000,0.001000,0.001000,0.001000
1015.134615,0.042460,0.001000,0.001000,0.001000,0.001000,0.001000
1015.153846,0.043113,0.001000,0.001000,0.001000,0.001000,0.001000
1015.173077,0.043738,0.001000,0.001000,0.001000,0.001000,0.001000
1015.192308,0.044336,0.001000,0.001000,0.001000,0.001000,0.001000
1015.211538,0.044905,0.001000,0.001000,0.001000,0.001000,0.001000
1015.230769,0.045446,0.001000,0.001000,0.001000,0.001000,0.001000
1015.250000,0.045957,0.001000,0.001000,0.001000,0.001000,0.001000
1015.269231,0.046440,0.001000,0.001000,0.001000,0.001000,0.001000
1015.288462,0.046893,0.001000,0.001000,0.001000,0.001000,0.001000
1015.307692,0.047316,0.001000,0.001000,0.001000,0.001000,0.001000
1015.326923,0.047708,0.001000,0.001000,0.001000,0.001000,0.001000
1015.346154,0.048071,0.001000,0.001000,0.001000,0.001000,0.001000
1015.365385,0.048403,0.001000,0.001000,0.001000,0.001000,0.001000
1015.384615,0.048704,0.001000,0.001000,0.001000,0.001000,0.001000
1015.403846,0.048974,0.001000,0.001000,0.001000,0.001000,0.001000
1015.423077,0.049212,0.001000,0.001000,0.001000,0.001000,0.001000
1015.442308,0.049420,0.001000,0.001000,0.001000,0.001000,0.001000
1015.461538,0.049596,0.001000,0.001000,0.001000,0.001000,0.001000
1015.480769,0.049740,0.001000,0.001000,0.001000,0.001000,0.001000
1015.500000,0.049853,0.001000,0.001000,0.001000,0.001000,0.001000
1015.519231,0.049934,0.001000,0.001000,0.001000,0.001000,0.001000
1015.538462,0.049983,0.001000,0.001000,0.001000,0.001000,0.001000
1015.557692,0.050000,0.001000,0.001000,0.001000,0.001000,0.001000
1015.576923,0.049985,0.001000,0.001000,0.001000,0.001000,0.001000
1015.596154,0.049939,0.001000,0.001000,0.001000,0.001000,0.001000
1015.615385,0.049861,0.001000,0.001000,0.001000,0.001000,0.001000
1015.634615,0.049751,0.001000,0.001000,0.001000,0.001000,0.001000
1015.653846,0.049609,0.001000,0.001000,0.001000,0.001000,0.001000
1015.673077,0.049436,0.001000,0.001000,0.001000,0.001000,0.001000
1015.692308,0.049231,0.001000,0.001000,0.001000,0.001000,0.001000
1015.711538,0.048995,0.001000,0.001000,0.001000,0.001000,0.001000
1015.730769,0.048727,0.001000,0.001000,0.001000,0.001000,0.001000
1015.750000,0.048429,0.001000,0.001000,0.001000,0.001000,0.001000
1015.769231,0.048099,0.001000,0.001000,0.001000,0.001000,0.001000
1015.788462,0.047740,0.001000,0.001000,0.001000,0.001000,0.001000
1015.807692,0.047349,0.001000,0.001000,0.001000,0.001000,0.001000
1015.826923,0.046929,0.001000,0.001000,0.001000,0.001000,0.001000
1015.846154,0.046478,0.001000,0.001000,0.001000,0.001000,0.001000
1015.865385,0.045998,0.001000,0.001000,0.001000,0.001000,0.001000
1015.884615,0.045489,0.001000,0.001000,0.001000,0.001000,0.001000
1015.903846,0.044951,0.001000,0.001000,0.001000,0.001000,0.001000
1015.923077,0.044384,0.001000,0.001000,0.001000,0.001000,0.001000
1015.942308,0.043789,0.001000,0.001000,0.001000,0.001000,0.001000
1015.961538,0.043166,0.001000,0.001000,0.001000,0.001000,0.001000
1015.980769,0.042515,0.001000,0.001000,0.001000,0.001000,0.001000
1016.000000,0.041837,0.001000,0.001000,0.001000,0.001000,0.001000
1016.019231,0.041133,0.001000,0.001000,0.001000,0.001000,0.001000
1016.038462,0.040402,0.001000,0.001000,0.001000,0.001000,0.001000
1016.057692,0.039646,0.001000,0.001000,0.001000,0.001000,0.001000
1016.076923,0.038865,0.001000,0.001000,0.001000,0.001000,0.001000
1016.096154,0.038058,0.001000,0.001000,0.001000,0.001000,0.001000
1016.115385,0.037228,0.001000,0.001000,0.001000,0.001000,0.001000
1016.134615,0.036374,0.001000,0.001000,0.001000,0.001000,0.001000
1016.153846,0.035496,0.001000,0.001000,0.001000,0.001000,0.001000
1016.173077,0.034596,0.001000,0.001000,0.001000,0.001000,0.001000
1016.192308,0.033674,0.001000,0.001000,0.001000,0.001000,0.001000
1016.211538,0.032731,0.001000,0.001000,0.001000,0.001000,0.001000
1016.230769,0.031766,0.001000,0.001000,0.001000,0.001000,0.001000
1016.250000,0.030782,0.001000,0.001000,0.001000,0.001000,0.001000
1016.269231,0.029778,0.001000,0.001000,0.001000,0.001000,0.001000
1016.288462,0.028754,0.001000,0.001000,0.001000,0.001000,0.001000
1016.307692,0.027713,0.001000,0.001000,0.001000,0.001000,0.001000
1016.326923,0.026654,0.001000,0.001000,0.001000,0.001000,0.001000
1016.346154,0.025578,0.001000,0.001000,0.001000,0.001000,0.001000
1016.365385,0.024485,0.001000,0.001000,0.001000,0.001000,0.001000
1016.384615,0.023377,0.001000,0.001000,0.001000,0.001000,0.001000
1016.403846,0.022254,0.001000,0.001000,0.001000,0.001000,0.001000
1016.423077,0.021117,0.001000,0.001000,0.001000,0.001000,0.001000
1016.442308,0.019967,0.001000,0.001000,0.001000,0.001000,0.001000
1016.461538,0.018803,0.001000,0.001000,0.001000,0.001000,0.001000
1016.480769,0.017628,0.001000,0.001000,0.001000,0.001000,0.001000
1016.500000,0.016442,0.001000,0.001000,0.001000,0.001000,0.001000
1016.519231,0.015245,0.001000,0.001000,0.001000,0.001000,0.001000
1016.538462,0.014038,0.001000,0.001000,0.001000,0.001000,0.001000
1016.557692,0.012823,0.001000,0.001000,0.001000,0.001000,0.001000
1016.576923,0.011599,0.001000,0.001000,0.001000,0.001000,0.001000
1016.596154,0.010368,0.001000,0.001000,0.001000,0.001000,0.001000
1016.615385,0.009130,0.001000,0.001000,0.001000,0.001000,0.001000
1016.634615,0.007886,0.001000,0.001000,0.001000,0.001000,0.001000
1016.653846,0.006638,0.001000,0.001000,0.001000,0.001000,0.001000
1016.673077,0.005385,0.001000,0.001000,0.001000,0.001000,0.001000
1016.692308,0.004129,0.001000,0.001000,0.001000,0.001000,0.001000
1016.711538,0.002870,0.001000,0.001000,0.001000,0.001000,0.001000
1016.730769,0.001609,0.001000,0.001000,0.001000,0.001000,0.001000
1016.750000,0.000347,0.001000,0.001000,0.001000,0.001000,0.001000
1016.769231,-0.000915,0.001000,0.001000,0.001000,0.001000,0.001000
1016.788462,-0.002176,0.001000,0.001000,0.001000,0.001000,0.001000
1016.807692,-0.003436,0.001000,0.001000,0.001000,0.001000,0.001000
1016.826923,-0.004694,0.001000,0.001000,0.001000,0.001000,0.001000
1016.846154,-0.005949,0.001000,0.001000,0.001000,0.001000,0.001000
1016.865385,-0.007200,0.001000,0.001000,0.001000,0.001000,0.001000
1016.884615,-0.008446,0.001000,0.001000,0.001000,0.001000,0.001000
1016.903846,-0.009687,0.001000,0.001000,0.001000,0.001000,0.001000
1016.923077,-0.010922,0.001000,0.001000,0.001000,0.001000,0.001000
1016.942308,-0.012150,0.001000,0.001000,0.001000,0.001000,0.001000
1016.961538,-0.013370,0.001000,0.001000,0.001000,0.001000,0.001000
1016.980769,-0.014582,0.001000,0.001000,0.001000,0.001000,0.001000
1017.000000,-0.015784,0.001000,0.001000,0.001000,0.001000,0.001000
1017.019231,-0.016976,0.001000,0.001000,0.001000,0.001000,0.001000
1017.038462,-0.018158,0.001000,0.001000,0.001000,0.001000,0.001000
1017.057692,-0.019328,0.001000,0.001000,0.001000,0.001000,0.001000
1017.076923,-0.020486,0.001000,0.001000,0.001000,0.001000,0.001000
1017.096154,-0.021630,0.001000,0.001000,0.001000,0.001000,0.001000
1017.115385,-0.022761,0.001000,0.001000,0.001000,0.001000,0.001000
1017.134615,-0.023877,0.001000,0.001000,0.001000,0.001000,0.001000
1017.153846,-0.024978,0.001000,0.001000,0.001000,0.001000,0.001000
1017.173077,-0.026063,0.001000,0.001000,0.001000,0.001000,0.001000
1017.192308,-0.027132,0.001000,0.001000,0.001000,0.001000,0.001000
1017.211538,-0.028183,0.001000,0.001000,0.001000,0.001000,0.001000
1017.230769,-0.029217,0.001000,0.001000,0.001000,0.001000,0.001000
1017.250000,-0.030231,0.001000,0.001000,0.001000,0.001000,0.001000
1017.269231,-0.031227,0.001000,0.001000,0.001000,0.001000,0.001000
1017.288462,-0.032202,0.001000,0.001000,0.001000,0.001000,0.001000
1017.307692,-0.033157,0.001000,0.001000,0.001000,0.001000,0.001000
1017.326923,-0.034091,0.001000,0.001000,0.001000,0.001000,0.001000
1017.346154,-0.035004,0.001000,0.001000,0.001000,0.001000,0.001000
1017.365385,-0.035894,0.001000,0.001000,0.001000,0.001000,0.001000
1017.384615,-0.036761,0.001000,0.001000,0.001000,0.001000,0.001000
1017.403846,-0.037604,0.001000,0.001000,0.001000,0.001000,0.001000
1017.423077,-0.038424,0.001000,0.001000,0.001000,0.001000,0.001000
1017.442308,-0.039219,0.001000,0.001000,0.001000,0.001000,0.001000
1017.461538,-0.039989,0.001000,0.001000,0.001000,0.001000,0.001000
1017.480769,-0.040734,0.001000,0.001000,0.001000,0.001000,0.001000
1017.500000,-0.041453,0.001000,0.001000,0.001000,0.001000,0.001000
1017.519231,-0.042145,0.001000,0.001000,0.001000,0.001000,0.001000
1017.538462,-0.042811,0.001000,0.001000,0.001000,0.001000,0.001000
1017.557692,-0.043449,0.001000,0.001000,0.001000,0.001000,0.001000
1017.576923,-0.044060,0.001000,0.001000,0.001000,0.001000,0.001000
1017.596154,-0.044642,0.001000,0.001000,0.001000,0.001000,0.001000
1017.615385,-0.045196,0.001000,0.001000,0.001000,0.001000,0.001000
1017.634615,-0.045722,0.001000,0.001000,0.001000,0.001000,0.001000
1017.653846,-0.046218,0.001000,0.001000,0.001000,0.001000,0.001000
1017.673077,-0.046684,0.001000,0.001000,0.001000,0.001000,0.001000
1017.692308,-0.047121,0.001000,0.001000,0.001000,0.001000,0.001000
1017.711538,-0.047528,0.001000,0.001000,0.001000,0.001000,0.001000
1017.730769,-0.047905,0.001000,0.001000,0.001000,0.001000,0.001000
1017.750000,-0.048251,0.001000,0.001000,0.001000,0.001000,0.001000
1017.769231,-0.048567,0.001000,0.001000,0.001000,0.001000,0.001000
1017.788462,-0.048851,0.001000,0.001000,0.001000,0.001000,0.001000
1017.807692,-0.049105,0.001000,0.001000,0.001000,0.001000,0.001000
1017.826923,-0.049327,0.001000,0.001000,0.001000,0.001000,0.001000
1017.846154,-0.049517,0.001000,0.001000,0.001000,0.001000,0.001000
1017.865385,-0.049677,0.001000,0.001000,0.001000,0.001000,0.001000
1017.884615,-0.049804,0.001000,0.001000,0.001000,0.001000,0.001000
1017.903846,-0.049900,0.001000,0.001000,0.001000,0.001000,0.001000
1017.923077,-0.049964,0.001000,0.001000,0.001000,0.001000,0.001000
1017.942308,-0.049996,0.001000,0.001000,0.001000,0.001000,0.001000
1017.961538,-0.049996,0.001000,0.001000,0.001000,0.001000,0.001000
1017.980769,-0.049965,0.001000,0.001000,0.001000,0.001000,0.001000
1018.000000,-0.049901,0.001000,0.001000,0.001000,0.001000,0.001000
1018.019231,-0.049806,0.001000,0.001000,0.001000,0.001000,0.001000
1018.038462,-0.049679,0.001000,0.001000,0.001000,0.001000,0.001000
1018.057692,-0.049521,0.001000,0.001000,0.001000,0.001000,0.001000
1018.076923,-0.049330,0.001000,0.001000,0.001000,0.001000,0.001000
1018.096154,-0.049109,0.001000,0.001000,0.001000,0.001000,0.001000
1018.115385,-0.048856,0.001000,0.001000,0.001000,0.001000,0.001000
1018.134615,-0.048572,0.001000,0.001000,0.001000,0.001000,0.001000
1018.153846,-0.048257,0.001000,0.001000,0.001000,0.001000,0.001000
1018.173077,-0.047912,0.001000,0.001000,0.001000,0.001000,0.001000
1018.192308,-0.047536,0.001000,0.001000,0.001000,0.001000,0.001000
1018.211538,-0.047129,0.001000,0.001000,0.001000,0.001000,0.001000
1018.230769,-0.046693,0.001000,0.001000,0.001000,0.001000,0.001000
1018.250000,-0.046227,0.001000,0.001000,0.001000,0.001000,0.001000
1018.269231,-0.045731,0.001000,0.001000,0.001000,0.001000,0.001000
1018.288462,-0.045206,0.001000,0.001000,0.001000,0.001000,0.001000
1018.307692,-0.044653,0.001000,0.001000,0.001000,0.001000,0.001000
1018.326923,-0.044071,0.001000,0.001000,0.001000,0.001000,0.001000
1018.346154,-0.043461,0.001000,0.001000,0.001000,0.001000,0.001000
1018.365385,-0.042823,0.001000,0.001000,0.001000,0.001000,0.001000
1018.384615,-0.042158,0.001000,0.001000,0.001000,0.001000,0.001000
1018.403846,-0.041466,0.001000,0.001000,0.001000,0.001000,0.001000
1018.423077,-0.040747,0.001000,0.001000,0.001000,0.001000,0.001000
1018.442308,-0.040003,0.001000,0.001000,0.001000,0.001000,0.001000
1018.461538,-0.039233,0.001000,0.001000,0.001000,0.001000,0.001000
1018.480769,-0.038439,0.001000,0.001000,0.001000,0.001000,0.001000
1018.500000,-0.037619,0.001000,0.001000,0.001000,0.001000,0.001000
1018.519231,-0.036776,0.001000,0.001000,0.001000,0.001000,0.001000
1018.538462,-0.035910,0.001000,0.001000,0.001000,0.001000,0.001000
1018.557692,-0.035020,0.001000,0.001000,0.001000,0.001000,0.001000
1018.576923,-0.034108,0.001000,0.001000,0.001000,0.001000,0.001000
1018.596154,-0.033175,0.001000,0.001000,0.001000,0.001000,0.001000
1018.615385,-0.032220,0.001000,0.001000,0.001000,0.001000,0.001000
1018.634615,-0.031245,0.001000,0.001000,0.001000,0.001000,0.001000
1018.653846,-0.030250,0.001000,0.001000,0.001000,0.001000,0.001000
1018.673077,-0.029235,0.001000,0.001000,0.001000,0.001000,0.001000
1018.692308,-0.028202,0.001000,0.001000,0.001000,0.001000,0.001000
1018.711538,-0.027151,0.001000,0.001000,0.001000,0.001000,0.001000
1018.730769,-0.026083,0.001000,0.001000,0.001000,0.001000,0.001000
1018.750000,-0.024998,0.001000,0.001000,0.001000,0.001000,0.001000
1018.769231,-0.023897,0.001000,0.001000,0.001000,0.001000,0.001000
1018.788462,-0.022781,0.001000,0.001000,0.001000,0.001000,0.001000
1018.807692,-0.021651,0.001000,0.001000,0.001000,0.001000,0.001000
1018.826923,-0.020507,0.001000,0.001000,0.001000,0.001000,0.001000
1018.846154,-0.019349,0.001000,0.001000,0.001000,0.001000,0.001000
1018.865385,-0.018179,0.001000,0.001000,0.001000,0.001000,0.001000
1018.884615,-0.016998,0.001000,0.001000,0.001000,0.001000,0.001000
1018.903846,-0.015806,0.001000,0.001000,0.001000,0.001000,0.001000
1018.923077,-0.014604,0.001000,0.001000,0.001000,0.001000,0.001000
1018.942308,-0.013392,0.001000,0.001000,0.001000,0.001000,0.001000
1018.961538,-0.012172,0.001000,0.001000,0.001000,0.001000,0.001000
1018.980769,-0.010945,0.001000,0.001000,0.001000,0.001000,0.001000
1019.000000,-0.009710,0.001000,0.001000,0.001000,0.001000,0.001000
1019.019231,-0.008469,0.001000,0.001000,0.001000,0.001000,0.001000
1019.038462,-0.007222,0.001000,0.001000,0.001000,0.001000,0.001000
1019.057692,-0.005972,0.001000,0.001000,0.001000,0.001000,0.001000
1019.076923,-0.004717,0.001000,0.001000,0.001000,0.001000,0.001000
1019.096154,-0.003459,0.001000,0.001000,0.001000,0.001000,0.001000
1019.115385,-0.002199,0.001000,0.001000,0.001000,0.001000,0.001000
1019.134615,-0.000938,0.001000,0.001000,0.001000,0.001000,0.001000
1019.153846,0.000324,0.001000,0.001000,0.001000,0.001000,0.001000
1019.173077,0.001586,0.001000,0.001000,0.001000,0.001000,0.001000
1019.192308,0.002847,0.001000,0.001000,0.001000,0.001000,0.001000
1019.211538,0.004106,0.001000,0.001000,0.001000,0.001000,0.001000
1019.230769,0.005362,0.001000,0.001000,0.001000,0.001000,0.001000
1019.250000,0.006615,0.001000,0.001000,0.001000,0.001000,0.001000
1019.269231,0.007864,0.001000,0.001000,0.001000,0.001000,0.001000
1019.288462,0.009107,0.001000,0.001000,0.001000,0.001000,0.001000
1019.307692,0.010345,0.001000,0.001000,0.001000,0.001000,0.001000
1019.326923,0.011576,0.001000,0.001000,0.001000,0.001000,0.001000
1019.346154,0.012800,0.001000,0.001000,0.001000,0.001000,0.001000
1019.365385,0.014016,0.001000,0.001000,0.001000,0.001000,0.001000
1019.384615,0.015223,0.001000,0.001000,0.001000,0.001000,0.001000
1019.403846,0.016420,0.001000,0.001000,0.001000,0.001000,0.001000
1019.423077,0.017607,0.001000,0.001000,0.001000,0.001000,0.001000
1019.442308,0.018782,0.001000,0.001000,0.001000,0.001000,0.001000
1019.461538,0.019945,0.001000,0.001000,0.001000,0.001000,0.001000
1019.480769,0.021096,0.001000,0.001000,0.001000,0.001000,0.001000
1019.500000,0.022234,0.001000,0.001000,0.001000,0.001000,0.001000
1019.519231,0.023357,0.001000,0.001000,0.001000,0.001000,0.001000
1019.538462,0.024465,0.001000,0.001000,0.001000,0.001000,0.001000
1019.557692,0.025558,0.001000,0.001000,0.001000,0.001000,0.001000
1019.576923,0.026634,0.001000,0.001000,0.001000,0.001000,0.001000
1019.596154,0.027694,0.001000,0.001000,0.001000,0.001000,0.001000
1019.615385,0.028735,0.001000,0.001000,0.001000,0.001000,0.001000
1019.634615,0.029759,0.001000,0.001000,0.001000,0.001000,0.001000
1019.653846,0.030764,0.001000,0.001000,0.001000,0.001000,0.001000
1019.673077,0.031749,0.001000,0.001000,0.001000,0.001000,0.001000
1019.692308,0.032713,0.001000,0.001000,0.001000,0.001000,0.001000
1019.711538,0.033657,0.001000,0.001000,0.001000,0.001000,0.001000
1019.730769,0.034580,0.001000,0.001000,0.001000,0.001000,0.001000
1019.750000,0.035480,0.001000,0.001000,0.001000,0.001000,0.001000
1019.769231,0.036358,0.001000,0.001000,0.001000,0.001000,0.001000
1019.788462,0.037212,0.001000,0.001000,0.001000,0.001000,0.001000
1019.807692,0.038043,0.001000,0.001000,0.001000,0.001000,0.001000
1019.826923,0.038850,0.001000,0.001000,0.001000,0.001000,0.001000
1019.846154,0.039632,0.001000,0.001000,0.001000,0.001000,0.001000
1019.865385,0.040389,0.001000,0.001000,0.001000,0.001000,0.001000
1019.884615,0.041120,0.001000,0.001000,0.001000,0.001000,0.001000
1019.903846,0.041825,0.001000,0.001000,0.001000,0.001000,0.001000
1019.923077,0.042503,0.001000,0.001000,0.001000,0.001000,0.001000
1019.942308,0.043154,0.001000,0.001000,0.001000,0.001000,0.001000
1019.961538,0.043777,0.001000,0.001000,0.001000,0.001000,0.001000
1019.980769,0.044373,0.001000,0.001000,0.001000,0.001000,0.001000
1020.000000,0.044941,0.001000,0.001000,0.001000,0.001000,0.001000
1020.019231,0.045479,0.001000,0.001000,0.001000,0.001000,0.001000
1020.038462,0.045989,0.001000,0.001000,0.001000,0.001000,0.001000
1020.057692,0.046470,0.001000,0.001000,0.001000,0.001000,0.001000
1020.076923,0.046921,0.001000,0.001000,0.001000,0.001000,0.001000
1020.096154,0.047342,0.001000,0.001000,0.001000,0.001000,0.001000
1020.115385,0.047733,0.001000,0.001000,0.001000,0.001000,0.001000
1020.134615,0.048093,0.001000,0.001000,0.001000,0.001000,0.001000
1020.153846,0.048423,0.001000,0.001000,0.001000,0.001000,0.001000
1020.173077,0.048722,0.001000,0.001000,0.001000,0.001000,0.001000
1020.192308,0.048990,0.001000,0.001000,0.001000,0.001000,0.001000
1020.211538,0.049227,0.001000,0.001000,0.001000,0.001000,0.001000
1020.230769,0.049432,0.001000,0.001000,0.001000,0.001000,0.001000
1020.250000,0.049606,0.001000,0.001000,0.001000,0.001000,0.001000
1020.269231,0.049748,0.001000,0.001000,0.001000,0.001000,0.001000
1020.288462,0.049859,0.001000,0.001000,0.001000,0.001000,0.001000
1020.307692,0.049938,0.001000,0.001000,0.001000,0.001000,0.001000
1020.326923,0.049985,0.001000,0.001000,0.001000,0.001000,0.001000
1020.346154,0.050000,0.001000,0.001000,0.001000,0.001000,0.001000
1020.365385,0.049983,0.001000,0.001000,0.001000,0.001000,0.001000
1020.384615,0.049935,0.001000,0.001000,0.001000,0.001000,0.001000
1020.403846,0.049855,0.001000,0.001000,0.001000,0.001000,0.001000
1020.423077,0.049742,0.001000,0.001000,0.001000,0.001000,0.001000
1020.442308,0.049599,0.001000,0.001000,0.001000,0.001000,0.001000
1020.461538,0.049423,0.001000,0.001000,0.001000,0.001000,0.001000
1020.480769,0.049217,0.001000,0.001000,0.001000,0.001000,0.001000
1020.500000,0.048978,0.001000,0.001000,0.001000,0.001000,0.001000
1020.519231,0.048709,0.001000,0.001000,0.001000,0.001000,0.001000
1020.538462,0.048409,0.001000,0.001000,0.001000,0.001000,0.001000
1020.557692,0.048077,0.001000,0.001000,0.001000,0.001000,0.001000
1020.576923,0.047715,0.001000,0.001000,0.001000,0.001000,0.001000
1020.596154,0.047323,0.001000,0.001000,0.001000,0.001000,0.001000
1020.615385,0.046901,0.001000,0.001000,0.001000,0.001000,0.001000
1020.634615,0.046448,0.001000,0.001000,0.001000,0.001000,0.001000
1020.653846,0.045966,0.001000,0.001000,0.001000,0.001000,0.001000
1020.673077,0.045455,0.001000,0.001000,0.001000,0.001000,0.001000
1020.692308,0.044915,0.001000,0.001000,0.001000,0.001000,0.001000
1020.711538,0.044346,0.001000,0.001000,0.001000,0.001000,0.001000
1020.730769,0.043749,0.001000,0.001000,0.001000,0.001000,0.001000
1020.750000,0.043125,0.001000,0.001000,0.001000,0.001000,0.001000
1020.769231,0.042472,0.001000,0.001000,0.001000,0.001000,0.001000
1020.788462,0.041793,0.001000,0.001000,0.001000,0.001000,0.001000
1020.807692,0.041087,0.001000,0.001000,0.001000,0.001000,0.001000
1020.826923,0.040355,0.001000,0.001000,0.001000,0.001000,0.001000
1020.846154,0.039597,0.001000,0.001000,0.001000,0.001000,0.001000
1020.865385,0.038814,0.001000,0.001000,0.001000,0.001000,0.001000
1020.884615,0.038006,0.001000,0.001000,0.001000,0.001000,0.001000
1020.903846,0.037174,0.001000,0.001000,0.001000,0.001000,0.001000
1020.923077,0.036318,0.001000,0.001000,0.001000,0.001000,0.001000
1020.942308,0.035439,0.001000,0.001000,0.001000,0.001000,0.001000
1020.961538,0.034538,0.001000,0.001000,0.001000,0.001000,0.001000
1020.980769,0.033614,0.001000,0.001000,0.001000,0.001000,0.001000
1021.000000,0.032669,0.001000,0.001000,0.001000,0.001000,0.001000
1021.019231,0.031704,0.001000,0.001000,0.001000,0.001000,0.001000
1021.038462,0.030718,0.001000,0.001000,0.001000,0.001000,0.001000
1021.057692,0.029712,0.001000,0.001000,0.001000,0.001000,0.001000
1021.076923,0.028688,0.001000,0.001000,0.001000,0.001000,0.001000
1021.096154,0.027645,0.001000,0.001000,0.001000,0.001000,0.001000
1021.115385,0.026585,0.001000,0.001000,0.001000,0.001000,0.001000
1021.134615,0.025508,0.001000,0.001000,0.001000,0.001000,0.001000
1021.153846,0.024414,0.001000,0.001000,0.001000,0.001000,0.001000
1021.173077,0.023305,0.001000,0.001000,0.001000,0.001000,0.001000
1021.192308,0.022182,0.001000,0.001000,0.001000,0.001000,0.001000
1021.211538,0.021044,0.001000,0.001000,0.001000,0.001000,0.001000
1021.230769,0.019892,0.001000,0.001000,0.001000,0.001000,0.001000
1021.250000,0.018728,0.001000,0.001000,0.001000,0.001000,0.001000
1021.269231,0.017552,0.001000,0.001000,0.001000,0.001000,0.001000
1021.288462,0.016365,0.001000,0.001000,0.001000,0.001000,0.001000
1021.307692,0.015168,0.001000,0.001000,0.001000,0.001000,0.001000
1021.326923,0.013960,0.001000,0.001000,0.001000,0.001000,0.001000
1021.346154,0.012744,0.001000,0.001000,0.001000,0.001000,0.001000
1021.365385,0.011520,0.001000,0.001000,0.001000,0.001000,0.001000
1021.384615,0.010288,0.001000,0.001000,0.001000,0.001000,0.001000
1021.403846,0.009050,0.001000,0.001000,0.001000,0.001000,0.001000
1021.423077,0.007806,0.001000,0.001000,0.001000,0.001000,0.001000
1021.442308,0.006557,0.001000,0.001000,0.001000,0.001000,0.001000
1021.461538,0.005304,0.001000,0.001000,0.001000,0.001000,0.001000
1021.480769,0.004048,0.001000,0.001000,0.001000,0.001000,0.001000
1021.500000,0.002789,0.001000,0.001000,0.001000,0.001000,0.001000
1021.519231,0.001528,0.001000,0.001000,0.001000,0.001000,0.001000
1021.538462,0.000266,0.001000,0.001000,0.001000,0.001000,0.001000
1021.557692,-0.000996,0.001000,0.001000,0.001000,0.001000,0.001000
1021.576923,-0.002257,0.001000,0.001000,0.001000,0.001000,0.001000
1021.596154,-0.003517,0.001000,0.001000,0.001000,0.001000,0.001000
1021.615385,-0.004775,0.001000,0.001000,0.001000,0.001000,0.001000
1021.634615,-0.006029,0.001000,0.001000,0.001000,0.001000,0.001000
1021.653846,-0.007280,0.001000,0.001000,0.001000,0.001000,0.001000
1021.673077,-0.008526,0.001000,0.001000,0.001000,0.001000,0.001000
1021.692308,-0.009767,0.001000,0.001000,0.001000,0.001000,0.001000
1021.711538,-0.011001,0.001000,0.001000,0.001000,0.001000,0.001000
1021.730769,-0.012229,0.001000,0.001000,0.001000,0.001000,0.001000
1021.750000,-0.013448,0.001000,0.001000,0.001000,0.001000,0.001000
1021.769231,-0.014659,0.001000,0.001000,0.001000,0.001000,0.001000
1021.788462,-0.015861,0.001000,0.001000,0.001000,0.001000,0.001000
1021.807692,-0.017053,0.001000,0.001000,0.001000,0.001000,0.001000
1021.826923,-0.018233,0.001000,0.001000,0.001000,0.001000,0.001000
1021.846154,-0.019403,0.001000,0.001000,0.001000,0.001000,0.001000
1021.865385,-0.020559,0.001000,0.001000,0.001000,0.001000,0.001000
1021.884615,-0.021703,0.001000,0.001000,0.001000,0.001000,0.001000
1021.903846,-0.022833,0.001000,0.001000,0.001000,0.001000,0.001000
1021.923077,-0.023948,0.001000,0.001000,0.001000,0.001000,0.001000
1021.942308,-0.025048,0.001000,0.001000,0.001000,0.001000,0.001000
1021.961538,-0.026133,0.001000,0.001000,0.001000,0.001000,0.001000
1021.980769,-0.027200,0.001000,0.001000,0.001000,0.001000,0.001000
1022.000000,-0.028250,0.001000,0.001000,0.001000,0.001000,0.001000
1022.019231,-0.029282,0.001000,0.001000,0.001000,0.001000,0.001000
1022.038462,-0.030296,0.001000,0.001000,0.001000,0.001000,0.001000
1022.057692,-0.031290,0.001000,0.001000,0.001000,0.001000,0.001000
1022.076923,-0.032264,0.001000,0.001000,0.001000,0.001000,0.001000
1022.096154,-0.033218,0.001000,0.001000,0.001000,0.001000,0.001000
1022.115385,-0.034151,0.001000,0.001000,0.001000,0.001000,0.001000
1022.134615,-0.035061,0.001000,0.001000,0.001000,0.001000,0.001000
1022.153846,-0.035950,0.001000,0.001000,0.001000,0.001000,0.001000
1022.173077,-0.036816,0.001000,0.001000,0.001000,0.001000,0.001000
1022.192308,-0.037658,0.001000,0.001000,0.001000,0.001000,0.001000
1022.211538,-0.038476,0.001000,0.001000,0.001000,0.001000,0.001000
1022.230769,-0.039269,0.001000,0.001000,0.001000,0.001000,0.001000
1022.250000,-0.040038,0.001000,0.001000,0.001000,0.001000,0.001000
1022.269231,-0.040781,0.001000,0.001000,0.001000,0.001000,0.001000
1022.288462,-0.041498,0.001000,0.001000,0.001000,0.001000,0.001000
1022.307692,-0.042189,0.001000,0.001000,0.001000,0.001000,0.001000
1022.326923,-0.042853,0.001000,0.001000,0.001000,0.001000,0.001000
1022.346154,-0.043489,0.001000,0.001000,0.001000,0.001000,0.001000
1022.365385,-0.044098,0.001000,0.001000,0.001000,0.001000,0.001000
1022.384615,-0.044679,0.001000,0.001000,0.001000,0.001000,0.001000
1022.403846,-0.045231,0.001000,0.001000,0.001000,0.001000,0.001000
1022.423077,-0.045754,0.001000,0.001000,0.001000,0.001000,0.001000
1022.442308,-0.046249,0.001000,0.001000,0.001000,0.001000,0.001000
1022.461538,-0.046713,0.001000,0.001000,0.001000,0.001000,0.001000
1022.480769,-0.047149,0.001000,0.001000,0.001000,0.001000,0.001000
1022.500000,-0.047554,0.001000,0.001000,0.001000,0.001000,0.001000
1022.519231,-0.047928,0.001000,0.001000,0.001000,0.001000,0.001000
1022.538462,-0.048273,0.001000,0.001000,0.001000,0.001000,0.001000
1022.557692,-0.048586,0.001000,0.001000,0.001000,0.001000,0.001000
1022.576923,-0.048868,0.001000,0.001000,0.001000,0.001000,0.001000
1022.596154,-0.049120,0.001000,0.001000,0.001000,0.001000,0.001000
1022.615385,-0.049340,0.001000,0.001000,0.001000,0.001000,0.001000
1022.634615,-0.049529,0.001000,0.001000,0.001000,0.001000,0.001000
1022.653846,-0.049686,0.001000,0.001000,0.001000,0.001000,0.001000
1022.673077,-0.049811,0.001000,0.001000,0.001000,0.001000,0.001000
1022.692308,-0.049905,0.001000,0.001000,0.001000,0.001000,0.001000
1022.711538,-0.049967,0.001000,0.001000,0.001000,0.001000,0.001000
1022.730769,-0.049997,0.001000,0.001000,0.001000,0.001000,0.001000
1022.750000,-0.049995,0.001000,0.001000,0.001000,0.001000,0.001000
1022.769231,-0.049961,0.001000,0.001000,0.001000,0.001000,0.001000
1022.788462,-0.049896,0.001000,0.001000,0.001000,0.001000,0.001000
1022.807692,-0.049799,0.001000,0.001000,0.001000,0.001000,0.001000
1022.826923,-0.049670,0.001000,0.001000,0.001000,0.001000,0.001000
1022.846154,-0.049509,0.001000,0.001000,0.001000,0.001000,0.001000
1022.865385,-0.049317,0.001000,0.001000,0.001000,0.001000,0.001000
1022.884615,-0.049094,0.001000,0.001000,0.001000,0.001000,0.001000
1022.903846,-0.048839,0.001000,0.001000,0.001000,0.001000,0.001000
1022.923077,-0.048553,0.001000,0.001000,0.001000,0.001000,0.001000
1022.942308,-0.048236,0.001000,0.001000,0.001000,0.001000,0.001000
1022.961538,-0.047888,0.001000,0.001000,0.001000,0.001000,0.001000
1022.980769,-0.047510,0.001000,0.001000,0.001000,0.001000,0.001000
1023.000000,-0.047102,0.001000,0.001000,0.001000,0.001000,0.001000
1023.019231,-0.046664,0.001000,0.001000,0.001000,0.001000,0.001000
1023.038462,-0.046196,0.001000,0.001000,0.001000,0.001000,0.001000
1023.057692,-0.045698,0.001000,0.001000,0.001000,0.001000,0.001000
1023.076923,-0.045171,0.001000,0.001000,0.001000,0.001000,0.001000
1023.096154,-0.044616,0.001000,0.001000,0.001000,0.001000,0.001000
1023.115385,-0.044032,0.001000,0.001000,0.001000,0.001000,0.001000
1023.134615,-0.043420,0.001000,0.001000,0.001000,0.001000,0.001000
1023.153846,-0.042781,0.001000,0.001000,0.001000,0.001000,0.001000
1023.173077,-0.042114,0.001000,0.001000,0.001000,0.001000,0.001000
1023.192308,-0.041420,0.001000,0.001000,0.001000,0.001000,0.001000
1023.211538,-0.040700,0.001000,0.001000,0.001000,0.001000,0.001000
1023.230769,-0.039955,0.001000,0.001000,0.001000,0.001000,0.001000
1023.250000,-0.039183,0.001000,0.001000,0.001000,0.001000,0.001000
1023.269231,-0.038387,0.001000,0.001000,0.001000,0.001000,0.001000
1023.288462,-0.037566,0.001000,0.001000,0.001000,0.001000,0.001000
1023.307692,-0.036721,0.001000,0.001000,0.001000,0.001000,0.001000
1023.326923,-0.035853,0.001000,0.001000,0.001000,0.001000,0.001000
1023.346154,-0.034962,0.001000,0.001000,0.001000,0.001000,0.001000
1023.365385,-0.034049,0.001000,0.001000,0.001000,0.001000,0.001000
1023.384615,-0.033114,0.001000,0.001000,0.001000,0.001000,0.001000
1023.403846,-0.032158,0.001000,0.001000,0.001000,0.001000,0.001000
1023.423077,-0.031182,0.001000,0.001000,0.001000,0.001000,0.001000
1023.442308,-0.030185,0.001000,0.001000,0.001000,0.001000,0.001000
1023.461538,-0.029170,0.001000,0.001000,0.001000,0.001000,0.001000
1023.480769,-0.028135,0.001000,0.001000,0.001000,0.001000,0.001000
1023.500000,-0.027083,0.001000,0.001000,0.001000,0.001000,0.001000
1023.519231,-0.026014,0.001000,0.001000,0.001000,0.001000,0.001000
1023.538462,-0.024928,0.001000,0.001000,0.001000,0.001000,0.001000
1023.557692,-0.023826,0.001000,0.001000,0.001000,0.001000,0.001000
1023.576923,-0.022709,0.001000,0.001000,0.001000,0.001000,0.001000
1023.596154,-0.021578,0.001000,0.001000,0.001000,0.001000,0.001000
1023.615385,-0.020433,0.001000,0.001000,0.001000,0.001000,0.001000
1023.634615,-0.019274,0.001000,0.001000,0.001000,0.001000,0.001000
1023.653846,-0.018104,0.001000,0.001000,0.001000,0.001000,0.001000
1023.673077,-0.016922,0.001000,0.001000,0.001000,0.001000,0.001000
1023.692308,-0.015729,0.001000,0.001000,0.001000,0.001000,0.001000
1023.711538,-0.014526,0.001000,0.001000,0.001000,0.001000,0.001000
1023.730769,-0.013314,0.001000,0.001000,0.001000,0.001000,0.001000
1023.750000,-0.012094,0.001000,0.001000,0.001000,0.001000,0.001000
1023.769231,-0.010865,0.001000,0.001000,0.001000,0.001000,0.001000
1023.788462,-0.009630,0.001000,0.001000,0.001000,0.001000,0.001000
1023.807692,-0.008389,0.001000,0.001000,0.001000,0.001000,0.001000
1023.826923,-0.007142,0.001000,0.001000,0.001000,0.001000,0.001000
1023.846154,-0.005891,0.001000,0.001000,0.001000,0.001000,0.001000
1023.865385,-0.004636,0.001000,0.001000,0.001000,0.001000,0.001000
1023.884615,-0.003378,0.001000,0.001000,0.001000,0.001000,0.001000
1023.903846,-0.002118,0.001000,0.001000,0.001000,0.001000,0.001000
1023.923077,-0.000857,0.001000,0.001000,0.001000,0.001000,0.001000
1023.942308,0.000405,0.001000,0.001000,0.001000,0.001000,0.001000
1023.961538,0.001667,0.001000,0.001000,0.001000,0.001000,0.001000
1023.980769,0.002928,0.001000,0.001000,0.001000,0.001000,0.001000
1024.000000,0.004186,0.001000,0.001000,0.001000,0.001000,0.001000
1024.019231,0.005443,0.001000,0.001000,0.001000,0.001000,0.001000
1024.038462,0.006695,0.001000,0.001000,0.001000,0.001000,0.001000
1024.057692,0.007944,0.001000,0.001000,0.001000,0.001000,0.001000
1024.076923,0.009187,0.001000,0.001000,0.001000,0.001000,0.001000
1024.096154,0.010424,0.001000,0.001000,0.001000,0.001000,0.001000
1024.115385,0.011655,0.001000,0.001000,0.001000,0.001000,0.001000
1024.134615,0.012879,0.001000,0.001000,0.001000,0.001000,0.001000
1024.153846,0.014094,0.001000,0.001000,0.001000,0.001000,0.001000
1024.173077,0.015300,0.001000,0.001000,0.001000,0.001000,0.001000
1024.192308,0.016496,0.001000,0.001000,0.001000,0.001000,0.001000
1024.211538,0.017682,0.001000,0.001000,0.001000,0.001000,0.001000
1024.230769,0.018857,0.001000,0.001000,0.001000,0.001000,0.001000
1024.250000,0.020020,0.001000,0.001000,0.001000,0.001000,0.001000
1024.269231,0.021170,0.001000,0.001000,0.001000,0.001000,0.001000
1024.288462,0.022306,0.001000,0.001000,0.001000,0.001000,0.001000
1024.307692,0.023428,0.001000,0.001000,0.001000,0.001000,0.001000
1024.326923,0.024536,0.001000,0.001000,0.001000,0.001000,0.001000
1024.346154,0.025627,0.001000,0.001000,0.001000,0.001000,0.001000
1024.365385,0.026703,0.001000,0.001000,0.001000,0.001000,0.001000
1024.384615,0.027761,0.001000,0.001000,0.001000,0.001000,0.001000
1024.403846,0.028802,0.001000,0.001000,0.001000,0.001000,0.001000
1024.423077,0.029824,0.001000,0.001000,0.001000,0.001000,0.001000
1024.442308,0.030827,0.001000,0.001000,0.001000,0.001000,0.001000
1024.461538,0.031811,0.001000,0.001000,0.001000,0.001000,0.001000
1024.480769,0.032774,0.001000,0.001000,0.001000,0.001000,0.001000
1024.500000,0.033717,0.001000,0.001000,0.001000,0.001000,0.001000
1024.519231,0.034638,0.001000,0.001000,0.001000,0.001000,0.001000
1024.538462,0.035537,0.001000,0.001000,0.001000,0.001000,0.001000
1024.557692,0.036413,0.001000,0.001000,0.001000,0.001000,0.001000
1024.576923,0.037267,0.001000,0.001000,0.001000,0.001000,0.001000
1024.596154,0.038096,0.001000,0.001000,0.001000,0.001000,0.001000
1024.615385,0.038901,0.001000,0.001000,0.001000,0.001000,0.001000
1024.634615,0.039682,0.001000,0.001000,0.001000,0.001000,0.001000
1024.653846,0.040437,0.001000,0.001000,0.001000,0.001000,0.001000
1024.673077,0.041166,0.001000,0.001000,0.001000,0.001000,0.001000
1024.692308,0.041869,0.001000,0.001000,0.001000,0.001000,0.001000
1024.711538,0.042545,0.001000,0.001000,0.001000,0.001000,0.001000
1024.730769,0.043195,0.001000,0.001000,0.001000,0.001000,0.001000
1024.750000,0.043817,0.001000,0.001000,0.001000,0.001000,0.001000
1024.769231,0.044410,0.001000,0.001000,0.001000,0.001000,0.001000
1024.788462,0.044976,0.001000,0.001000,0.001000,0.001000,0.001000
1024.807692,0.045513,0.001000,0.001000,0.001000,0.001000,0.001000
1024.826923,0.046021,0.001000,0.001000,0.001000,0.001000,0.001000
1024.846154,0.046500,0.001000,0.001000,0.001000,0.001000,0.001000
1024.865385,0.046949,0.001000,0.001000,0.001000,0.001000,0.001000
1024.884615,0.047368,0.001000,0.001000,0.001000,0.001000,0.001000
1024.903846,0.047757,0.001000,0.001000,0.001000,0.001000,0.001000
1024.923077,0.048115,0.001000,0.001000,0.001000,0.001000,0.001000
1024.942308,0.048443,0.001000,0.001000,0.001000,0.001000,0.001000
1024.961538,0.048740,0.001000,0.001000,0.001000,0.001000,0.001000
1024.980769,0.049006,0.001000,0.001000,0.001000,0.001000,0.001000
1025.000000,0.049241,0.001000,0.001000,0.001000,0.001000,0.001000
1025.019231,0.049444,0.001000,0.001000,0.001000,0.001000,0.001000
1025.038462,0.049616,0.001000,0.001000,0.001000,0.001000,0.001000
1025.057692,0.049756,0.001000,0.001000,0.001000,0.001000,0.001000
1025.076923,0.049865,0.001000,0.001000,0.001000,0.001000,0.001000
1025.096154,0.049942,0.001000,0.001000,0.001000,0.001000,0.001000
1025.115385,0.049987,0.001000,0.001000,0.001000,0.001000,0.001000
1025.134615,0.050000,0.001000,0.001000,0.001000,0.001000,0.001000
1025.153846,0.049981,0.001000,0.001000,0.001000,0.001000,0.001000
1025.173077,0.049931,0.001000,0.001000,0.001000,0.001000,0.001000
1025.192308,0.049848,0.001000,0.001000,0.001000,0.001000,0.001000
1025.211538,0.049734,0.001000,0.001000,0.001000,0.001000,0.001000
1025.230769,0.049588,0.001000,0.001000,0.001000,0.001000,0.001000
1025.250000,0.049411,0.001000,0.001000,0.001000,0.001000,0.001000
1025.269231,0.049202,0.001000,0.001000,0.001000,0.001000,0.001000
1025.288462,0.048962,0.001000,0.001000,0.001000,0.001000,0.001000
1025.307692,0.048691,0.001000,0.001000,0.001000,0.001000,0.001000
1025.326923,0.048388,0.001000,0.001000,0.001000,0.001000,0.001000
1025.346154,0.048055,0.001000,0.001000,0.001000,0.001000,0.001000
1025.365385,0.047691,0.001000,0.001000,0.001000,0.001000,0.001000
1025.384615,0.047297,0.001000,0.001000,0.001000,0.001000,0.001000
1025.403846,0.046873,0.001000,0.001000,0.001000,0.001000,0.001000
1025.423077,0.046418,0.001000,0.001000,0.001000,0.001000,0.001000
1025.442308,0.045935,0.001000,0.001000,0.001000,0.001000,0.001000
1025.461538,0.045421,0.001000,0.001000,0.001000,0.001000,0.001000
1025.480769,0.044880,0.001000,0.001000,0.001000,0.001000,0.001000
1025.500000,0.044309,0.001000,0.001000,0.001000,0.001000,0.001000
1025.519231,0.043710,0.001000,0.001000,0.001000,0.001000,0.001000
1025.538462,0.043083,0.001000,0.001000,0.001000,0.001000,0.001000
1025.557692,0.042429,0.001000,0.001000,0.001000,0.001000,0.001000
1025.576923,0.041748,0.001000,0.001000,0.001000,0.001000,0.001000
1025.596154,0.041041,0.001000,0.001000,0.001000,0.001000,0.001000
1025.615385,0.040307,0.001000,0.001000,0.001000,0.001000,0.001000
1025.634615,0.039547,0.001000,0.001000,0.001000,0.001000,0.001000
1025.653846,0.038762,0.001000,0.001000,0.001000,0.001000,0.001000
1025.673077,0.037953,0.001000,0.001000,0.001000,0.001000,0.001000
1025.692308,0.037119,0.001000,0.001000,0.001000,0.001000,0.001000
1025.711538,0.036262,0.001000,0.001000,0.001000,0.001000,0.001000
1025.730769,0.035382,0.001000,0.001000,0.001000,0.001000,0.001000
1025.750000,0.034479,0.001000,0.001000,0.001000,0.001000,0.001000
1025.769231,0.033554,0.001000,0.001000,0.001000,0.001000,0.001000
1025.788462,0.032608,0.001000,0.001000,0.001000,0.001000,0.001000
1025.807692,0.031641,0.001000,0.001000,0.001000,0.001000,0.001000
1025.826923,0.030654,0.001000,0.001000,0.001000,0.001000,0.001000
1025.846154,0.029647,0.001000,0.001000,0.001000,0.001000,0.001000
1025.865385,0.028622,0.001000,0.001000,0.001000,0.001000,0.001000
1025.884615,0.027578,0.001000,0.001000,0.001000,0.001000,0.001000
1025.903846,0.026516,0.001000,0.001000,0.001000,0.001000,0.001000
1025.923077,0.025438,0.001000,0.001000,0.001000,0.001000,0.001000
1025.942308,0.024344,0.001000,0.001000,0.001000,0.001000,0.001000
1025.961538,0.023234,0.001000,0.001000,0.001000,0.001000,0.001000
1025.980769,0.022109,0.001000,0.001000,0.001000,0.001000,0.001000
1026.000000,0.020970,0.001000,0.001000,0.001000,0.001000,0.001000
1026.019231,0.019818,0.001000,0.001000,0.001000,0.001000,0.001000
1026.038462,0.018653,0.001000,0.001000,0.001000,0.001000,0.001000
1026.057692,0.017476,0.001000,0.001000,0.001000,0.001000,0.001000
1026.076923,0.016289,0.001000,0.001000,0.001000,0.001000,0.001000
1026.096154,0.015090,0.001000,0.001000,0.001000,0.001000,0.001000
1026.115385,0.013882,0.001000,0.001000,0.001000,0.001000,0.001000
1026.134615,0.012666,0.001000,0.001000,0.001000,0.001000,0.001000
1026.153846,0.011441,0.001000,0.001000,0.001000,0.001000,0.001000
1026.173077,0.010209,0.001000,0.001000,0.001000,0.001000,0.001000
1026.192308,0.008970,0.001000,0.001000,0.001000,0.001000,0.001000
1026.211538,0.007726,0.001000,0.001000,0.001000,0.001000,0.001000
1026.230769,0.006477,0.001000,0.001000,0.001000,0.001000,0.001000
1026.250000,0.005224,0.001000,0.001000,0.001000,0.001000,0.001000
1026.269231,0.003967,0.001000,0.001000,0.001000,0.001000,0.001000
1026.288462,0.002708,0.001000,0.001000,0.001000,0.001000,0.001000
1026.307692,0.001447,0.001000,0.001000,0.001000,0.001000,0.001000
1026.326923,0.000185,0.001000,0.001000,0.001000,0.001000,0.001000
1026.346154,-0.001077,0.001000,0.001000,0.001000,0.001000,0.001000
1026.365385,-0.002338,0.001000,0.001000,0.001000,0.001000,0.001000
1026.384615,-0.003598,0.001000,0.001000,0.001000,0.001000,0.001000
1026.403846,-0.004855,0.001000,0.001000,0.001000,0.001000,0.001000
1026.423077,-0.006110,0.001000,0.001000,0.001000,0.001000,0.001000
1026.442308,-0.007360,0.001000,0.001000,0.001000,0.001000,0.001000
1026.461538,-0.008606,0.001000,0.001000,0.001000,0.001000,0.001000
1026.480769,-0.009846,0.001000,0.001000,0.001000,0.001000,0.001000
1026.500000,-0.011080,0.001000,0.001000,0.001000,0.001000,0.001000
1026.519231,-0.012307,0.001000,0.001000,0.001000,0.001000,0.001000
1026.538462,-0.013526,0.001000,0.001000,0.001000,0.001000,0.001000
1026.557692,-0.014737,0.001000,0.001000,0.001000,0.001000,0.001000
1026.576923,-0.015938,0.001000,0.001000,0.001000,0.001000,0.001000
1026.596154,-0.017129,0.001000,0.001000,0.001000,0.001000,0.001000
1026.615385,-0.018309,0.001000,0.001000,0.001000,0.001000,0.001000
1026.634615,-0.019477,0.001000,0.001000,0.001000,0.001000,0.001000
1026.653846,-0.020633,0.001000,0.001000,0.001000,0.001000,0.001000
1026.673077,-0.021776,0.001000,0.001000,0.001000,0.001000,0.001000
1026.692308,-0.022905,0.001000,0.001000,0.001000,0.001000,0.001000
1026.711538,-0.024020,0.001000,0.001000,0.001000,0.001000,0.001000
1026.730769,-0.025119,0.001000,0.001000,0.001000,0.001000,0.001000
1026.750000,-0.026202,0.001000,0.001000,0.001000,0.001000,0.001000
1026.769231,-0.027268,0.001000,0.001000,0.001000,0.001000,0.001000
1026.788462,-0.028317,0.001000,0.001000,0.001000,0.001000,0.001000
1026.807692,-0.029348,0.001000,0.001000,0.001000,0.001000,0.001000
1026.826923,-0.030360,0.001000,0.001000,0.001000,0.001000,0.001000
1026.846154,-0.031353,0.001000,0.001000,0.001000,0.001000,0.001000
1026.865385,-0.032326,0.001000,0.001000,0.001000,0.001000,0.001000
1026.884615,-0.033279,0.001000,0.001000,0.001000,0.001000,0.001000
1026.903846,-0.034210,0.001000,0.001000,0.001000,0.001000,0.001000
1026.923077,-0.035119,0.001000,0.001000,0.001000,0.001000,0.001000
1026.942308,-0.036006,0.001000,0.001000,0.001000,0.001000,0.001000
1026.961538,-0.036870,0.001000,0.001000,0.001000,0.001000,0.001000
1026.980769,-0.037711,0.001000,0.001000,0.001000,0.001000,0.001000
1027.000000,-0.038527,0.001000,0.001000,0.001000,0.001000,0.001000
1027.019231,-0.039320,0.001000,0.001000,0.001000,0.001000,0.001000
1027.038462,-0.040086,0.001000,0.001000,0.001000,0.001000,0.001000
1027.057692,-0.040828,0.001000,0.001000,0.001000,0.001000,0.001000
1027.076923,-0.041543,0.001000,0.001000,0.001000,0.001000,0.001000
1027.096154,-0.042232,0.001000,0.001000,0.001000,0.001000,0.001000
1027.115385,-0.042894,0.001000,0.001000,0.001000,0.001000,0.001000
1027.134615,-0.043529,0.001000,0.001000,0.001000,0.001000,0.001000
1027.153846,-0.044136,0.001000,0.001000,0.001000,0.001000,0.001000
1027.173077,-0.044715,0.001000,0.001000,0.001000,0.001000,0.001000
1027.192308,-0.045265,0.001000,0.001000,0.001000,0.001000,0.001000
1027.211538,-0.045787,0.001000,0.001000,0.001000,0.001000,0.001000
1027.230769,-0.046279,0.001000,0.001000,0.001000,0.001000,0.001000
1027.250000,-0.046742,0.001000,0.001000,0.001000,0.001000,0.001000
1027.269231,-0.047175,0.001000,0.001000,0.001000,0.001000,0.001000
1027.288462,-0.047579,0.001000,0.001000,0.001000,0.001000,0.001000
1027.307692,-0.047951,0.001000,0.001000,0.001000,0.001000,0.001000
1027.326923,-0.048294,0.001000,0.001000,0.001000,0.001000,0.001000
1027.346154,-0.048605,0.001000,0.001000,0.001000,0.001000,0.001000
1027.365385,-0.048886,0.001000,0.001000,0.001000,0.001000,0.001000
1027.384615,-0.049135,0.001000,0.001000,0.001000,0.001000,0.001000
1027.403846,-0.049353,0.001000,0.001000,0.001000,0.001000,0.001000
1027.423077,-0.049540,0.001000,0.001000,0.001000,0.001000,0.001000
1027.442308,-0.049695,0.001000,0.001000,0.001000,0.001000,0.001000
1027.461538,-0.049818,0.001000,0.001000,0.001000,0.001000,0.001000
1027.480769,-0.049910,0.001000,0.001000,0.001000,0.001000,0.001000
1027.500000,-0.049970,0.001000,0.001000,0.001000,0.001000,0.001000
1027.519231,-0.049998,0.001000,0.001000,0.001000,0.001000,0.001000
1027.538462,-0.049994,0.001000,0.001000,0.001000,0.001000,0.001000
1027.557692,-0.049958,0.001000,0.001000,0.001000,0.001000,0.001000
1027.576923,-0.049891,0.001000,0.001000,0.001000,0.001000,0.001000
1027.596154,-0.049792,0.001000,0.001000,0.001000,0.001000,0.001000
1027.615385,-0.049661,0.001000,0.001000,0.001000,0.001000,0.001000
1027.634615,-0.049498,0.001000,0.001000,0.001000,0.001000,0.001000
1027.653846,-0.049304,0.001000,0.001000,0.001000,0.001000,0.001000
1027.673077,-0.049078,0.001000,0.001000,0.001000,0.001000,0.001000
1027.692308,-0.048821,0.001000,0.001000,0.001000,0.001000,0.001000
1027.711538,-0.048534,0.001000,0.001000,0.001000,0.001000,0.001000
1027.730769,-0.048215,0.001000,0.001000,0.001000,0.001000,0.001000
1027.750000,-0.047865,0.001000,0.001000,0.001000,0.001000,0.001000
1027.769231,-0.047485,0.001000,0.001000,0.001000,0.001000,0.001000
1027.788462,-0.047075,0.001000,0.001000,0.001000,0.001000,0.001000
1027.807692,-0.046635,0.001000,0.001000,0.001000,0.001000,0.001000
1027.826923,-0.046165,0.001000,0.001000,0.001000,0.001000,0.001000
1027.846154,-0.045665,0.001000,0.001000,0.001000,0.001000,0.001000
1027.865385,-0.045137,0.001000,0.001000,0.001000,0.001000,0.001000
1027.884615,-0.044579,0.001000,0.001000,0.001000,0.001000,0.001000
1027.903846,-0.043994,0.001000,0.001000,0.001000,0.001000,0.001000
1027.923077,-0.043380,0.001000,0.001000,0.001000,0.001000,0.001000
1027.942308,-0.042739,0.001000,0.001000,0.001000,0.001000,0.001000
1027.961538,-0.042070,0.001000,0.001000,0.001000,0.001000,0.001000
1027.980769,-0.041375,0.001000,0.001000,0.001000,0.001000,0.001000
1028.000000,-0.040653,0.001000,0.001000,0.001000,0.001000,0.001000
1028.019231,-0.039906,0.001000,0.001000,0.001000,0.001000,0.001000
1028.038462,-0.039133,0.001000,0.001000,0.001000,0.001000,0.001000
1028.057692,-0.038335,0.001000,0.001000,0.001000,0.001000,0.001000
1028.076923,-0.037512,0.001000,0.001000,0.001000,0.001000,0.001000
1028.096154,-0.036666,0.001000,0.001000,0.001000,0.001000,0.001000
1028.115385,-0.035797,0.001000,0.001000,0.001000,0.001000,0.001000
1028.134615,-0.034904,0.001000,0.001000,0.001000,0.001000,0.001000
1028.153846,-0.033990,0.001000,0.001000,0.001000,0.001000,0.001000
1028.173077,-0.033053,0.001000,0.001000,0.001000,0.001000,0.001000
1028.192308,-0.032096,0.001000,0.001000,0.001000,0.001000,0.001000
1028.211538,-0.031118,0.001000,0.001000,0.001000,0.001000,0.001000
1028.230769,-0.030121,0.001000,0.001000,0.001000,0.001000,0.001000
1028.250000,-0.029104,0.001000,0.001000,0.001000,0.001000,0.001000
1028.269231,-0.028068,0.001000,0.001000,0.001000,0.001000,0.001000
1028.288462,-0.027015,0.001000,0.001000,0.001000,0.001000,0.001000
1028.307692,-0.025945,0.001000,0.001000,0.001000,0.001000,0.001000
1028.326923,-0.024858,0.001000,0.001000,0.001000,0.001000,0.001000
1028.346154,-0.023755,0.001000,0.001000,0.001000,0.001000,0.001000
1028.365385,-0.022637,0.001000,0.001000,0.001000,0.001000,0.001000
1028.384615,-0.021505,0.001000,0.001000,0.001000,0.001000,0.001000
1028.403846,-0.020359,0.001000,0.001000,0.001000,0.001000,0.001000
1028.423077,-0.019200,0.001000,0.001000,0.001000,0.001000,0.001000
1028.442308,-0.018028,0.001000,0.001000,0.001000,0.001000,0.001000
1028.461538,-0.016846,0.001000,0.001000,0.001000,0.001000,0.001000
1028.480769,-0.015652,0.001000,0.001000,0.001000,0.001000,0.001000
1028.500000,-0.014449,0.001000,0.001000,0.001000,0.001000,0.001000
1028.519231,-0.013236,0.001000,0.001000,0.001000,0.001000,0.001000
1028.538462,-0.012015,0.001000,0.001000,0.001000,0.001000,0.001000
1028.557692,-0.010786,0.001000,0.001000,0.001000,0.001000,0.001000
1028.576923,-0.009551,0.001000,0.001000,0.001000,0.001000,0.001000
1028.596154,-0.008309,0.001000,0.001000,0.001000,0.001000,0.001000
1028.615385,-0.007062,0.001000,0.001000,0.001000,0.001000,0.001000
1028.634615,-0.005811,0.001000,0.001000,0.001000,0.001000,0.001000
1028.653846,-0.004555,0.001000,0.001000,0.001000,0.001000,0.001000
1028.673077,-0.003297,0.001000,0.001000,0.001000,0.001000,0.001000
1028.692308,-0.002037,0.001000,0.001000,0.001000,0.001000,0.001000
1028.711538,-0.000776,0.001000,0.001000,0.001000,0.001000,0.001000
1028.730769,0.000486,0.001000,0.001000,0.001000,0.001000,0.001000
1028.750000,0.001748,0.001000,0.001000,0.001000,0.001000,0.001000
1028.769231,0.003009,0.001000,0.001000,0.001000,0.001000,0.001000
1028.788462,0.004267,0.001000,0.001000,0.001000,0.001000,0.001000
1028.807692,0.005523,0.001000,0.001000,0.001000,0.001000,0.001000
1028.826923,0.006775,0.001000,0.001000,0.001000,0.001000,0.001000
1028.846154,0.008024,0.001000,0.001000,0.001000,0.001000,0.001000
1028.865385,0.009267,0.001000,0.001000,0.001000,0.001000,0.001000
1028.884615,0.010504,0.001000,0.001000,0.001000,0.001000,0.001000
1028.903846,0.011734,0.001000,0.001000,0.001000,0.001000,0.001000
1028.923077,0.012957,0.001000,0.001000,0.001000,0.001000,0.001000
1028.942308,0.014172,0.001000,0.001000,0.001000,0.001000,0.001000
1028.961538,0.015377,0.001000,0.001000,0.001000,0.001000,0.001000
1028.980769,0.016573,0.001000,0.001000,0.001000,0.001000,0.001000
1029.000000,0.017758,0.001000,0.001000,0.001000,0.001000,0.001000
1029.019231,0.018932,0.001000,0.001000,0.001000,0.001000,0.001000
1029.038462,0.020094,0.001000,0.001000,0.001000,0.001000,0.001000
1029.057692,0.021243,0.001000,0.001000,0.001000,0.001000,0.001000
1029.076923,0.022379,0.001000,0.001000,0.001000,0.001000,0.001000
1029.096154,0.023500,0.001000,0.001000,0.001000,0.001000,0.001000
1029.115385,0.024606,0.001000,0.001000,0.001000,0.001000,0.001000
1029.134615,0.025697,0.001000,0.001000,0.001000,0.001000,0.001000
1029.153846,0.026771,0.001000,0.001000,0.001000,0.001000,0.001000
1029.173077,0.027828,0.001000,0.001000,0.001000,0.001000,0.001000
1029.192308,0.028868,0.001000,0.001000,0.001000,0.001000,0.001000
1029.211538,0.029889,0.001000,0.001000,0.001000,0.001000,0.001000
1029.230769,0.030891,0.001000,0.001000,0.001000,0.001000,0.001000
1029.250000,0.031874,0.001000,0.001000,0.001000,0.001000,0.001000
1029.269231,0.032836,0.001000,0.001000,0.001000,0.001000,0.001000
1029.288462,0.033777,0.001000,0.001000,0.001000,0.001000,0.001000
1029.307692,0.034696,0.001000,0.001000,0.001000,0.001000,0.001000
1029.326923,0.035594,0.001000,0.001000,0.001000,0.001000,0.001000
1029.346154,0.036469,0.001000,0.001000,0.001000,0.001000,0.001000
1029.365385,0.037321,0.001000,0.001000,0.001000,0.001000,0.001000
1029.384615,0.038148,0.001000,0.001000,0.001000,0.001000,0.001000
1029.403846,0.038952,0.001000,0.001000,0.001000,0.001000,0.001000
1029.423077,0.039731,0.001000,0.001000,0.001000,0.001000,0.001000
1029.442308,0.040484,0.001000,0.001000,0.001000,0.001000,0.001000
1029.461538,0.041212,0.001000,0.001000,0.001000,0.001000,0.001000
1029.480769,0.041913,0.001000,0.001000,0.001000,0.001000,0.001000
1029.500000,0.042588,0.001000,0.001000,0.001000,0.001000,0.001000
1029.519231,0.043236,0.001000,0.001000,0.001000,0.001000,0.001000
1029.538462,0.043856,0.001000,0.001000,0.001000,0.001000,0.001000
1029.557692,0.044448,0.001000,0.001000,0.001000,0.001000,0.001000
1029.576923,0.045011,0.001000,0.001000,0.001000,0.001000,0.001000
1029.596154,0.045547,0.001000,0.001000,0.001000,0.001000,0.001000
1029.615385,0.046053,0.001000,0.001000,0.001000,0.001000,0.001000
1029.634615,0.046529,0.001000,0.001000,0.001000,0.001000,0.001000
1029.653846,0.046977,0.001000,0.001000,0.001000,0.001000,0.001000
1029.673077,0.047394,0.001000,0.001000,0.001000,0.001000,0.001000
1029.692308,0.047781,0.001000,0.001000,0.001000,0.001000,0.001000
1029.711538,0.048137,0.001000,0.001000,0.001000,0.001000,0.001000
1029.730769,0.048463,0.001000,0.001000,0.001000,0.001000,0.001000
1029.750000,0.048758,0.001000,0.001000,0.001000,0.001000,0.001000
1029.769231,0.049022,0.001000,0.001000,0.001000,0.001000,0.001000
1029.788462,0.049255,0.001000,0.001000,0.001000,0.001000,0.001000
1029.807692,0.049456,0.001000,0.001000,0.001000,0.001000,0.001000
1029.826923,0.049626,0.001000,0.001000,0.001000,0.001000,0.001000
1029.846154,0.049764,0.001000,0.001000,0.001000,0.001000,0.001000
1029.865385,0.049871,0.001000,0.001000,0.001000,0.001000,0.001000
1029.884615,0.049946,0.001000,0.001000,0.001000,0.001000,0.001000
1029.903846,0.049989,0.001000,0.001000,0.001000,0.001000,0.001000
1029.923077,0.050000,0.001000,0.001000,0.001000,0.001000,0.001000
1029.942308,0.049979,0.001000,0.001000,0.001000,0.001000,0.001000
1029.961538,0.049926,0.001000,0.001000,0.001000,0.001000,0.001000
1029.980769,0.049842,0.001000,0.001000,0.001000,0.001000,0.001000
1030.000000,0.000000,0.001000,0.001000,0.001000,0.001000,0.001000
1030.019231,0.001268,0.001000,0.001000,0.001000,0.001000,0.001000
1030.038462,0.002534,0.001000,0.001000,0.001000,0.001000,0.001000
1030.057692,0.003799,0.001000,0.001000,0.001000,0.001000,0.001000
1030.076923,0.005062,0.001000,0.001000,0.001000,0.001000,0.001000
1030.096154,0.006321,0.001000,0.001000,0.001000,0.001000,0.001000
1030.115385,0.007577,0.001000,0.001000,0.001000,0.001000,0.001000
1030.134615,0.008827,0.001000,0.001000,0.001000,0.001000,0.001000
1030.153846,0.010072,0.001000,0.001000,0.001000,0.001000,0.001000
1030.173077,0.011310,0.001000,0.001000,0.001000,0.001000,0.001000
1030.192308,0.012541,0.001000,0.001000,0.001000,0.001000,0.001000
1030.211538,0.013764,0.001000,0.001000,0.001000,0.001000,0.001000
1030.230769,0.014978,0.001000,0.001000,0.001000,0.001000,0.001000
1030.250000,0.016183,0.001000,0.001000,0.001000,0.001000,0.001000
1030.269231,0.017377,0.001000,0.001000,0.001000,0.001000,0.001000
1030.288462,0.018560,0.001000,0.001000,0.001000,0.001000,0.001000
1030.307692,0.019731,0.001000,0.001000,0.001000,0.001000,0.001000
1030.326923,0.020889,0.001000,0.001000,0.001000,0.001000,0.001000
1030.346154,0.022034,0.001000,0.001000,0.001000,0.001000,0.001000
1030.365385,0.023165,0.001000,0.001000,0.001000,0.001000,0.001000
1030.384615,0.024280,0.001000,0.001000,0.001000,0.001000,0.001000
1030.403846,0.025381,0.001000,0.001000,0.001000,0.001000,0.001000
1030.423077,0.026465,0.001000,0.001000,0.001000,0.001000,0.001000
1030.442308,0.027531,0.001000,0.001000,0.001000,0.001000,0.001000
1030.461538,0.028581,0.001000,0.001000,0.001000,0.001000,0.001000
1030.480769,0.029612,0.001000,0.001000,0.001000,0.001000,0.001000
1030.500000,0.030623,0.001000,0.001000,0.001000,0.001000,0.001000
1030.519231,0.031615,0.001000,0.001000,0.001000,0.001000,0.001000
1030.538462,0.032587,0.001000,0.001000,0.001000,0.001000,0.001000
1030.557692,0.033538,0.001000,0.001000,0.001000,0.001000,0.001000
1030.576923,0.034467,0.001000,0.001000,0.001000,0.001000,0.001000
1030.596154,0.035375,0.001000,0.001000,0.001000,0.001000,0.001000
1030.615385,0.036259,0.001000,0.001000,0.001000,0.001000,0.001000
1030.634615,0.037120,0.001000,0.001000,0.001000,0.001000,0.001000
1030.653846,0.037957,0.001000,0.001000,0.001000,0.001000,0.001000
1030.673077,0.038770,0.001000,0.001000,0.001000,0.001000,0.001000
1030.692308,0.039558,0.001000,0.001000,0.001000,0.001000,0.001000
1030.711538,0.040321,0.001000,0.001000,0.001000,0.001000,0.001000
1030.730769,0.041057,0.001000,0.001000,0.001000,0.001000,0.001000
1030.750000,0.041767,0.001000,0.001000,0.001000,0.001000,0.001000
1030.769231,0.042451,0.001000,0.001000,0.001000,0.001000,0.001000
1030.788462,0.043107,0.001000,0.001000,0.001000,0.001000,0.001000
1030.807692,0.043735,0.001000,0.001000,0.001000,0.001000,0.001000
1030.826923,0.044335,0.001000,0.001000,0.001000,0.001000,0.001000
1030.846154,0.044907,0.001000,0.001000,0.001000,0.001000,0.001000
1030.865385,0.045450,0.001000,0.001000,0.001000,0.001000,0.001000
1030.884615,0.045964,0.001000,0.001000,0.001000,0.001000,0.001000
1030.903846,0.046448,0.001000,0.001000,0.001000,0.001000,0.001000
1030.923077,0.046902,0.001000,0.001000,0.001000,0.001000,0.001000
1030.942308,0.047326,0.001000,0.001000,0.001000,0.001000,0.001000
1030.961538,0.047720,0.001000,0.001000,0.001000,0.001000,0.001000
1030.980769,0.048083,0.001000,0.001000,0.001000,0.001000,0.001000
1031.000000,0.048415,0.001000,0.001000,0.001000,0.001000,0.001000
1031.019231,0.048716,0.001000,0.001000,0.001000,0.001000,0.001000
1031.038462,0.048986,0.001000,0.001000,0.001000,0.001000,0.001000
1031.057692,0.049224,0.001000,0.001000,0.001000,0.001000,0.001000
1031.076923,0.049431,0.001000,0.001000,0.001000,0.001000,0.001000
1031.096154,0.049606,0.001000,0.001000,0.001000,0.001000,0.001000
1031.115385,0.049749,0.001000,0.001000,0.001000,0.001000,0.001000
1031.134615,0.049860,0.001000,0.001000,0.001000,0.001000,0.001000
1031.153846,0.049938,0.001000,0.001000,0.001000,0.001000,0.001000
1031.173077,0.049985,0.001000,0.001000,0.001000,0.001000,0.001000
1031.192308,0.050000,0.001000,0.001000,0.001000,0.001000,0.001000
1031.211538,0.049983,0.001000,0.001000,0.001000,0.001000,0.001000
1031.230769,0.049933,0.001000,0.001000,0.001000,0.001000,0.001000
1031.250000,0.049851,0.001000,0.001000,0.001000,0.001000,0.001000
1031.269231,0.049738,0.001000,0.001000,0.001000,0.001000,0.001000
1031.288462,0.049592,0.001000,0.001000,0.001000,0.001000,0.001000
1031.307692,0.049414,0.001000,0.001000,0.001000,0.001000,0.001000
1031.326923,0.049205,0.001000,0.001000,0.001000,0.001000,0.001000
1031.346154,0.048964,0.001000,0.001000,0.001000,0.001000,0.001000
1031.365385,0.048692,0.001000,0.001000,0.001000,0.001000,0.001000
1031.384615,0.048388,0.001000,0.001000,0.001000,0.001000,0.001000
1031.403846,0.048053,0.001000,0.001000,0.001000,0.001000,0.001000
1031.423077,0.047688,0.001000,0.001000,0.001000,0.001000,0.001000
1031.442308,0.047291,0.001000,0.001000,0.001000,0.001000,0.001000
1031.461538,0.046864,0.001000,0.001000,0.001000,0.001000,0.001000
1031.480769,0.046408,0.001000,0.001000,0.001000,0.001000,0.001000
1031.500000,0.045921,0.001000,0.001000,0.001000,0.001000,0.001000
1031.519231,0.045405,0.001000,0.001000,0.001000,0.001000,0.001000
1031.538462,0.044859,0.001000,0.001000,0.001000,0.001000,0.001000
1031.557692,0.044285,0.001000,0.001000,0.001000,0.001000,0.001000
1031.576923,0.043682,0.001000,0.001000,0.001000,0.001000,0.001000
1031.596154,0.043052,0.001000,0.001000,0.001000,0.001000,0.001000
1031.615385,0.042393,0.001000,0.001000,0.001000,0.001000,0.001000
1031.634615,0.041708,0.001000,0.001000,0.001000,0.001000,0.001000
1031.653846,0.040995,0.001000,0.001000,0.001000,0.001000,0.001000
1031.673077,0.040256,0.001000,0.001000,0.001000,0.001000,0.001000
1031.692308,0.039492,0.001000,0.001000,0.001000,0.001000,0.001000
1031.711538,0.038701,0.001000,0.001000,0.001000,0.001000,0.001000
1031.730769,0.037886,0.001000,0.001000,0.001000,0.001000,0.001000
1031.750000,0.037047,0.001000,0.001000,0.001000,0.001000,0.001000
1031.769231,0.036184,0.001000,0.001000,0.001000,0.001000,0.001000
1031.788462,0.035298,0.001000,0.001000,0.001000,0.001000,0.001000
1031.807692,0.034389,0.001000,0.001000,0.001000,0.001000,0.001000
1031.826923,0.033457,0.001000,0.001000,0.001000,0.001000,0.001000
1031.846154,0.032505,0.001000,0.001000,0.001000,0.001000,0.001000
1031.865385,0.031531,0.001000,0.001000,0.001000,0.001000,0.001000
1031.884615,0.030537,0.001000,0.001000,0.001000,0.001000,0.001000
1031.903846,0.029524,0.001000,0.001000,0.001000,0.001000,0.001000
1031.923077,0.028491,0.001000,0.001000,0.001000,0.001000,0.001000
1031.942308,0.027441,0.001000,0.001000,0.001000,0.001000,0.001000
1031.961538,0.026372,0.001000,0.001000,0.001000,0.001000,0.001000
1031.980769,0.025287,0.001000,0.001000,0.001000,0.001000,0.001000
1032.000000,0.024185,0.001000,0.001000,0.001000,0.001000,0.001000
1032.019231,0.023068,0.001000,0.001000,0.001000,0.001000,0.001000
1032.038462,0.021936,0.001000,0.001000,0.001000,0.001000,0.001000
1032.057692,0.020790,0.001000,0.001000,0.001000,0.001000,0.001000
1032.076923,0.019631,0.001000,0.001000,0.001000,0.001000,0.001000
1032.096154,0.018459,0.001000,0.001000,0.001000,0.001000,0.001000
1032.115385,0.017275,0.001000,0.001000,0.001000,0.001000,0.001000
1032.134615,0.016080,0.001000,0.001000,0.001000,0.001000,0.001000
1032.153846,0.014874,0.001000,0.001000,0.001000,0.001000,0.001000
1032.173077,0.013660,0.001000,0.001000,0.001000,0.001000,0.001000
1032.192308,0.012436,0.001000,0.001000,0.001000,0.001000,0.001000
1032.211538,0.011204,0.001000,0.001000,0.001000,0.001000,0.001000
1032.230769,0.009965,0.001000,0.001000,0.001000,0.001000,0.001000
1032.250000,0.008720,0.001000,0.001000,0.001000,0.001000,0.001000
1032.269231,0.007469,0.001000,0.001000,0.001000,0.001000,0.001000
1032.288462,0.006213,0.001000,0.001000,0.001000,0.001000,0.001000
1032.307692,0.004954,0.001000,0.001000,0.001000,0.001000,0.001000
1032.326923,0.003691,0.001000,0.001000,0.001000,0.001000,0.001000
1032.346154,0.002426,0.001000,0.001000,0.001000,0.001000,0.001000
1032.365385,0.001159,0.001000,0.001000,0.001000,0.001000,0.001000
1032.384615,-0.000109,0.001000,0.001000,0.001000,0.001000,0.001000
1032.403846,-0.001376,0.001000,0.001000,0.001000,0.001000,0.001000
1032.423077,-0.002643,0.001000,0.001000,0.001000,0.001000,0.001000
1032.442308,-0.003908,0.001000,0.001000,0.001000,0.001000,0.001000
1032.461538,-0.005170,0.001000,0.001000,0.001000,0.001000,0.001000
1032.480769,-0.006429,0.001000,0.001000,0.001000,0.001000,0.001000
1032.500000,-0.007684,0.001000,0.001000,0.001000,0.001000,0.001000
1032.519231,-0.008934,0.001000,0.001000,0.001000,0.001000,0.001000
1032.538462,-0.010178,0.001000,0.001000,0.001000,0.001000,0.001000
1032.557692,-0.011416,0.001000,0.001000,0.001000,0.001000,0.001000
1032.576923,-0.012646,0.001000,0.001000,0.001000,0.001000,0.001000
1032.596154,-0.013869,0.001000,0.001000,0.001000,0.001000,0.001000
1032.615385,-0.015082,0.001000,0.001000,0.001000,0.001000,0.001000
1032.634615,-0.016285,0.001000,0.001000,0.001000,0.001000,0.001000
1032.653846,-0.017479,0.001000,0.001000,0.001000,0.001000,0.001000
1032.673077,-0.018661,0.001000,0.001000,0.001000,0.001000,0.001000
1032.692308,-0.019830,0.001000,0.001000,0.001000,0.001000,0.001000
1032.711538,-0.020988,0.001000,0.001000,0.001000,0.001000,0.001000
1032.730769,-0.022131,0.001000,0.001000,0.001000,0.001000,0.001000
1032.750000,-0.023261,0.001000,0.001000,0.001000,0.001000,0.001000
1032.769231,-0.024375,0.001000,0.001000,0.001000,0.001000,0.001000
1032.788462,-0.025474,0.001000,0.001000,0.001000,0.001000,0.001000
1032.807692,-0.026557,0.001000,0.001000,0.001000,0.001000,0.001000
1032.826923,-0.027622,0.001000,0.001000,0.001000,0.001000,0.001000
1032.846154,-0.028670,0.001000,0.001000,0.001000,0.001000,0.001000
1032.865385,-0.029699,0.001000,0.001000,0.001000,0.001000,0.001000
1032.884615,-0.030709,0.001000,0.001000,0.001000,0.001000,0.001000
1032.903846,-0.031700,0.001000,0.001000,0.001000,0.001000,0.001000
1032.923077,-0.032670,0.001000,0.001000,0.001000,0.001000,0.001000
1032.942308,-0.033619,0.001000,0.001000,0.001000,0.001000,0.001000
1032.961538,-0.034546,0.001000,0.001000,0.001000,0.001000,0.001000
1032.980769,-0.035451,0.001000,0.001000,0.001000,0.001000,0.001000
1033.000000,-0.036334,0.001000,0.001000,0.001000,0.001000,0.001000
1033.019231,-0.037193,0.001000,0.001000,0.001000,0.001000,0.001000
1033.038462,-0.038028,0.001000,0.001000,0.001000,0.001000,0.001000
1033.057692,-0.038839,0.001000,0.001000,0.001000,0.001000,0.001000
1033.076923,-0.039624,0.001000,0.001000,0.001000,0.001000,0.001000
1033.096154,-0.040385,0.001000,0.001000,0.001000,0.001000,0.001000
1033.115385,-0.041119,0.001000,0.001000,0.001000,0.001000,0.001000
1033.134615,-0.041827,0.001000,0.001000,0.001000,0.001000,0.001000
1033.153846,-0.042508,0.001000,0.001000,0.001000,0.001000,0.001000
1033.173077,-0.043162,0.001000,0.001000,0.001000,0.001000,0.001000
1033.192308,-0.043788,0.001000,0.001000,0.001000,0.001000,0.001000
1033.211538,-0.044386,0.001000,0.001000,0.001000,0.001000,0.001000
1033.230769,-0.044955,0.001000,0.001000,0.001000,0.001000,0.001000
1033.250000,-0.045495,0.001000,0.001000,0.001000,0.001000,0.001000
1033.269231,-0.046006,0.001000,0.001000,0.001000,0.001000,0.001000
1033.288462,-0.046488,0.001000,0.001000,0.001000,0.001000,0.001000
1033.307692,-0.046940,0.001000,0.001000,0.001000,0.001000,0.001000
1033.326923,-0.047361,0.001000,0.001000,0.001000,0.001000,0.001000
1033.346154,-0.047752,0.001000,0.001000,0.001000,0.001000,0.001000
1033.365385,-0.048113,0.001000,0.001000,0.001000,0.001000,0.001000
1033.384615,-0.048442,0.001000,0.001000,0.001000,0.001000,0.001000
1033.403846,-0.048741,0.001000,0.001000,0.001000,0.001000,0.001000
1033.423077,-0.049008,0.001000,0.001000,0.001000,0.001000,0.001000
1033.442308,-0.049243,0.001000,0.001000,0.001000,0.001000,0.001000
1033.461538,-0.049447,0.001000,0.001000,0.001000,0.001000,0.001000
1033.480769,-0.049619,0.001000,0.001000,0.001000,0.001000,0.001000
1033.500000,-0.049759,0.001000,0.001000,0.001000,0.001000,0.001000
1033.519231,-0.049868,0.001000,0.001000,0.001000,0.001000,0.001000
1033.538462,-0.049944,0.001000,0.001000,0.001000,0.001000,0.001000
1033.557692,-0.049988,0.001000,0.001000,0.001000,0.001000,0.001000
1033.576923,-0.050000,0.001000,0.001000,0.001000,0.001000,0.001000
1033.596154,-0.049980,0.001000,0.001000,0.001000,0.001000,0.001000
1033.615385,-0.049927,0.001000,0.001000,0.001000,0.001000,0.001000
1033.634615,-0.049843,0.001000,0.001000,0.001000,0.001000,0.001000
1033.653846,-0.049726,0.001000,0.001000,0.001000,0.001000,0.001000
1033.673077,-0.049578,0.001000,0.001000,0.001000,0.001000,0.001000
1033.692308,-0.049398,0.001000,0.001000,0.001000,0.001000,0.001000
1033.711538,-0.049186,0.001000,0.001000,0.001000,0.001000,0.001000
1033.730769,-0.048942,0.001000,0.001000,0.001000,0.001000,0.001000
1033.750000,-0.048667,0.001000,0.001000,0.001000,0.001000,0.001000
1033.769231,-0.048361,0.001000,0.001000,0.001000,0.001000,0.001000
1033.788462,-0.048023,0.001000,0.001000,0.001000,0.001000,0.001000
1033.807692,-0.047655,0.001000,0.001000,0.001000,0.001000,0.001000
1033.826923,-0.047256,0.001000,0.001000,0.001000,0.001000,0.001000
1033.846154,-0.046826,0.001000,0.001000,0.001000,0.001000,0.001000
1033.865385,-0.046367,0.001000,0.001000,0.001000,0.001000,0.001000
1033.884615,-0.045878,0.001000,0.001000,0.001000,0.001000,0.001000
1033.903846,-0.045359,0.001000,0.001000,0.001000,0.001000,0.001000
1033.923077,-0.044811,0.001000,0.001000,0.001000,0.001000,0.001000
1033.942308,-0.044235,0.001000,0.001000,0.001000,0.001000,0.001000
1033.961538,-0.043629,0.001000,0.001000,0.001000,0.001000,0.001000
1033.980769,-0.042996,0.001000,0.001000,0.001000,0.001000,0.001000
1034.000000,-0.042336,0.001000,0.001000,0.001000,0.001000,0.001000
1034.019231,-0.041648,0.001000,0.001000,0.001000,0.001000,0.001000
1034.038462,-0.040933,0.001000,0.001000,0.001000,0.001000,0.001000
1034.057692,-0.040192,0.001000,0.001000,0.001000,0.001000,0.001000
1034.076923,-0.039425,0.001000,0.001000,0.001000,0.001000,0.001000
1034.096154,-0.038633,0.001000,0.001000,0.001000,0.001000,0.001000
1034.115385,-0.037815,0.001000,0.001000,0.001000,0.001000,0.001000
1034.134615,-0.036974,0.001000,0.001000,0.001000,0.001000,0.001000
1034.153846,-0.036109,0.001000,0.001000,0.001000,0.001000,0.001000
1034.173077,-0.035221,0.001000,0.001000,0.001000,0.001000,0.001000
1034.192308,-0.034310,0.001000,0.001000,0.001000,0.001000,0.001000
1034.211538,-0.033377,0.001000,0.001000,0.001000,0.001000,0.001000
1034.230769,-0.032422,0.001000,0.001000,0.001000,0.001000,0.001000
1034.250000,-0.031447,0.001000,0.001000,0.001000,0.001000,0.001000
1034.269231,-0.030451,0.001000,0.001000,0.001000,0.001000,0.001000
1034.288462,-0.029436,0.001000,0.001000,0.001000,0.001000,0.001000
1034.307692,-0.028402,0.001000,0.001000,0.001000,0.001000,0.001000
1034.326923,-0.027350,0.001000,0.001000,0.001000,0.001000,0.001000
1034.346154,-0.026280,0.001000,0.001000,0.001000,0.001000,0.001000
1034.365385,-0.025193,0.001000,0.001000,0.001000,0.001000,0.001000
1034.384615,-0.024090,0.001000,0.001000,0.001000,0.001000,0.001000
1034.403846,-0.022972,0.001000,0.001000,0.001000,0.001000,0.001000
1034.423077,-0.021839,0.001000,0.001000,0.001000,0.001000,0.001000
1034.442308,-0.020691,0.001000,0.001000,0.001000,0.001000,0.001000
1034.461538,-0.019531,0.001000,0.001000,0.001000,0.001000,0.001000
1034.480769,-0.018358,0.001000,0.001000,0.001000,0.001000,0.001000
1034.500000,-0.017173,0.001000,0.001000,0.001000,0.001000,0.001000
1034.519231,-0.015977,0.001000,0.001000,0.001000,0.001000,0.001000
1034.538462,-0.014771,0.001000,0.001000,0.001000,0.001000,0.001000
1034.557692,-0.013555,0.001000,0.001000,0.001000,0.001000,0.001000
1034.576923,-0.012331,0.001000,0.001000,0.001000,0.001000,0.001000
1034.596154,-0.011098,0.001000,0.001000,0.001000,0.001000,0.001000
1034.615385,-0.009859,0.001000,0.001000,0.001000,0.001000,0.001000
1034.634615,-0.008613,0.001000,0.001000,0.001000,0.001000,0.001000
1034.653846,-0.007362,0.001000,0.001000,0.001000,0.001000,0.001000
1034.673077,-0.006106,0.001000,0.001000,0.001000,0.001000,0.001000
1034.692308,-0.004846,0.001000,0.001000,0.001000,0.001000,0.001000
1034.711538,-0.003583,0.001000,0.001000,0.001000,0.001000,0.001000
1034.730769,-0.002317,0.001000,0.001000,0.001000,0.001000,0.001000
1034.750000,-0.001050,0.001000,0.001000,0.001000,0.001000,0.001000
1034.769231,0.000217,0.001000,0.001000,0.001000,0.001000,0.001000
1034.788462,0.001485,0.001000,0.001000,0.001000,0.001000,0.001000
1034.807692,0.002751,0.001000,0.001000,0.001000,0.001000,0.001000
1034.826923,0.004016,0.001000,0.001000,0.001000,0.001000,0.001000
1034.846154,0.005278,0.001000,0.001000,0.001000,0.001000,0.001000
1034.865385,0.006537,0.001000,0.001000,0.001000,0.001000,0.001000
1034.884615,0.007791,0.001000,0.001000,0.001000,0.001000,0.001000
1034.903846,0.009041,0.001000,0.001000,0.001000,0.001000,0.001000
1034.923077,0.010285,0.001000,0.001000,0.001000,0.001000,0.001000
1034.942308,0.011522,0.001000,0.001000,0.001000,0.001000,0.001000
1034.961538,0.012751,0.001000,0.001000,0.001000,0.001000,0.001000
1034.980769,0.013973,0.001000,0.001000,0.001000,0.001000,0.001000
1035.000000,0.015185,0.001000,0.001000,0.001000,0.001000,0.001000
1035.019231,0.016388,0.001000,0.001000,0.001000,0.001000,0.001000
1035.038462,0.017580,0.001000,0.001000,0.001000,0.001000,0.001000
1035.057692,0.018761,0.001000,0.001000,0.001000,0.001000,0.001000
1035.076923,0.019930,0.001000,0.001000,0.001000,0.001000,0.001000
1035.096154,0.021086,0.001000,0.001000,0.001000,0.001000,0.001000
1035.115385,0.022229,0.001000,0.001000,0.001000,0.001000,0.001000
1035.134615,0.023357,0.001000,0.001000,0.001000,0.001000,0.001000
1035.153846,0.024470,0.001000,0.001000,0.001000,0.001000,0.001000
1035.173077,0.025568,0.001000,0.001000,0.001000,0.001000,0.001000
1035.192308,0.026649,0.001000,0.001000,0.001000,0.001000,0.001000
1035.211538,0.027713,0.001000,0.001000,0.001000,0.001000,0.001000
1035.230769,0.028759,0.001000,0.001000,0.001000,0.001000,0.001000
1035.250000,0.029786,0.001000,0.001000,0.001000,0.001000,0.001000
1035.269231,0.030795,0.001000,0.001000,0.001000,0.001000,0.001000
1035.288462,0.031784,0.001000,0.001000,0.001000,0.001000,0.001000
1035.307692,0.032752,0.001000,0.001000,0.001000,0.001000,0.001000
1035.326923,0.033699,0.001000,0.001000,0.001000,0.001000,0.001000
1035.346154,0.034625,0.001000,0.001000,0.001000,0.001000,0.001000
1035.365385,0.035528,0.001000,0.001000,0.001000,0.001000,0.001000
1035.384615,0.036408,0.001000,0.001000,0.001000,0.001000,0.001000
1035.403846,0.037265,0.001000,0.001000,0.001000,0.001000,0.001000
1035.423077,0.038098,0.001000,0.001000,0.001000,0.001000,0.001000
1035.442308,0.038907,0.001000,0.001000,0.001000,0.001000,0.001000
1035.461538,0.039691,0.001000,0.001000,0.001000,0.001000,0.001000
1035.480769,0.040449,0.001000,0.001000,0.001000,0.001000,0.001000
1035.500000,0.041181,0.001000,0.001000,0.001000,0.001000,0.001000
1035.519231,0.041886,0.001000,0.001000,0.001000,0.001000,0.001000
1035.538462,0.042565,0.001000,0.001000,0.001000,0.001000,0.001000
1035.557692,0.043217,0.001000,0.001000,0.001000,0.001000,0.001000
1035.576923,0.043840,0.001000,0.001000,0.001000,0.001000,0.001000
1035.596154,0.044436,0.001000,0.001000,0.001000,0.001000,0.001000
1035.615385,0.045002,0.001000,0.001000,0.001000,0.001000,0.001000
1035.634615,0.045540,0.001000,0.001000,0.001000,0.001000,0.001000
1035.653846,0.046049,0.001000,0.001000,0.001000,0.001000,0.001000
1035.673077,0.046528,0.001000,0.001000,0.001000,0.001000,0.001000
1035.692308,0.046977,0.001000,0.001000,0.001000,0.001000,0.001000
1035.711538,0.047396,0.001000,0.001000,0.001000,0.001000,0.001000
1035.730769,0.047784,0.001000,0.001000,0.001000,0.001000,0.001000
1035.750000,0.048142,0.001000,0.001000,0.001000,0.001000,0.001000
1035.769231,0.048469,0.001000,0.001000,0.001000,0.001000,0.001000
1035.788462,0.048765,0.001000,0.001000,0.001000,0.001000,0.001000
1035.807692,0.049029,0.001000,0.001000,0.001000,0.001000,0.001000
1035.826923,0.049262,0.001000,0.001000,0.001000,0.001000,0.001000
1035.846154,0.049463,0.001000,0.001000,0.001000,0.001000,0.001000
1035.865385,0.049632,0.001000,0.001000,0.001000,0.001000,0.001000
1035.884615,0.049770,0.001000,0.001000,0.001000,0.001000,0.001000
1035.903846,0.049875,0.001000,0.001000,0.001000,0.001000,0.001000
1035.923077,0.049949,0.001000,0.001000,0.001000,0.001000,0.001000
1035.942308,0.049990,0.001000,0.001000,0.001000,0.001000,0.001000
1035.961538,0.049999,0.001000,0.001000,0.001000,0.001000,0.001000
1035.980769,0.049976,0.001000,0.001000,0.001000,0.001000,0.001000
1036.000000,0.049921,0.001000,0.001000,0.001000,0.001000,0.001000
1036.019231,0.049834,0.001000,0.001000,0.001000,0.001000,0.001000
1036.038462,0.049715,0.001000,0.001000,0.001000,0.001000,0.001000
1036.057692,0.049564,0.001000,0.001000,0.001000,0.001000,0.001000
1036.076923,0.049381,0.001000,0.001000,0.001000,0.001000,0.001000
1036.096154,0.049166,0.001000,0.001000,0.001000,0.001000,0.001000
1036.115385,0.048920,0.001000,0.001000,0.001000,0.001000,0.001000
1036.134615,0.048642,0.001000,0.001000,0.001000,0.001000,0.001000
1036.153846,0.048333,0.001000,0.001000,0.001000,0.001000,0.001000
1036.173077,0.047993,0.001000,0.001000,0.001000,0.001000,0.001000
1036.192308,0.047622,0.001000,0.001000,0.001000,0.001000,0.001000
1036.211538,0.047220,0.001000,0.001000,0.001000,0.001000,0.001000
1036.230769,0.046788,0.001000,0.001000,0.001000,0.001000,0.001000
1036.250000,0.046326,0.001000,0.001000,0.001000,0.001000,0.001000
1036.269231,0.045834,0.001000,0.001000,0.001000,0.001000,0.001000
1036.288462,0.045313,0.001000,0.001000,0.001000,0.001000,0.001000
1036.307692,0.044763,0.001000,0.001000,0.001000,0.001000,0.001000
1036.326923,0.044184,0.001000,0.001000,0.001000,0.001000,0.001000
1036.346154,0.043576,0.001000,0.001000,0.001000,0.001000,0.001000
1036.365385,0.042941,0.001000,0.001000,0.001000,0.001000,0.001000
1036.384615,0.042278,0.001000,0.001000,0.001000,0.001000,0.001000
1036.403846,0.041587,0.001000,0.001000,0.001000,0.001000,0.001000
1036.423077,0.040870,0.001000,0.001000,0.001000,0.001000,0.001000
1036.442308,0.040127,0.001000,0.001000,0.001000,0.001000,0.001000
1036.461538,0.039358,0.001000,0.001000,0.001000,0.001000,0.001000
1036.480769,0.038563,0.001000,0.001000,0.001000,0.001000,0.001000
1036.500000,0.037744,0.001000,0.001000,0.001000,0.001000,0.001000
1036.519231,0.036901,0.001000,0.001000,0.001000,0.001000,0.001000
1036.538462,0.036034,0.001000,0.001000,0.001000,0.001000,0.001000
1036.557692,0.035143,0.001000,0.001000,0.001000,0.001000,0.001000
1036.576923,0.034230,0.001000,0.001000,0.001000,0.001000,0.001000
1036.596154,0.033296,0.001000,0.001000,0.001000,0.001000,0.001000
1036.615385,0.032339,0.001000,0.001000,0.001000,0.001000,0.001000
1036.634615,0.031362,0.001000,0.001000,0.001000,0.001000,0.001000
1036.653846,0.030365,0.001000,0.001000,0.001000,0.001000,0.001000
1036.673077,0.029348,0.001000,0.001000,0.001000,0.001000,0.001000
1036.692308,0.028313,0.001000,0.001000,0.001000,0.001000,0.001000
1036.711538,0.027259,0.001000,0.001000,0.001000,0.001000,0.001000
1036.730769,0.026187,0.001000,0.001000,0.001000,0.001000,0.001000
1036.750000,0.025099,0.001000,0.001000,0.001000,0.001000,0.001000
1036.769231,0.023995,0.001000,0.001000,0.001000,0.001000,0.001000
1036.788462,0.022875,0.001000,0.001000,0.001000,0.001000,0.001000
1036.807692,0.021741,0.001000,0.001000,0.001000,0.001000,0.001000
1036.826923,0.020592,0.001000,0.001000,0.001000,0.001000,0.001000
1036.846154,0.019431,0.001000,0.001000,0.001000,0.001000,0.001000
1036.865385,0.018257,0.001000,0.001000,0.001000,0.001000,0.001000
1036.884615,0.017071,0.001000,0.001000,0.001000,0.001000,0.001000
1036.903846,0.015874,0.001000,0.001000,0.001000,0.001000,0.001000
1036.923077,0.014667,0.001000,0.001000,0.001000,0.001000,0.001000
1036.942308,0.013450,0.001000,0.001000,0.001000,0.001000,0.001000
1036.961538,0.012225,0.001000,0.001000,0.001000,0.001000,0.001000
1036.980769,0.010992,0.001000,0.001000,0.001000,0.001000,0.001000
1037.000000,0.009752,0.001000,0.001000,0.001000,0.001000,0.001000
1037.019231,0.008506,0.001000,0.001000,0.001000,0.001000,0.001000
1037.038462,0.007254,0.001000,0.001000,0.001000,0.001000,0.001000
1037.057692,0.005998,0.001000,0.001000,0.001000,0.001000,0.001000
1037.076923,0.004737,0.001000,0.001000,0.001000,0.001000,0.001000
1037.096154,0.003474,0.001000,0.001000,0.001000,0.001000,0.001000
1037.115385,0.002209,0.001000,0.001000,0.001000,0.001000,0.001000
1037.134615,0.000942,0.001000,0.001000,0.001000,0.001000,0.001000
1037.153846,-0.000326,0.001000,0.001000,0.001000,0.001000,0.001000
1037.173077,-0.001593,0.001000,0.001000,0.001000,0.001000,0.001000
1037.192308,-0.002860,0.001000,0.001000,0.001000,0.001000,0.001000
1037.211538,-0.004124,0.001000,0.001000,0.001000,0.001000,0.001000
1037.230769,-0.005386,0.001000,0.001000,0.001000,0.001000,0.001000
1037.250000,-0.006645,0.001000,0.001000,0.001000,0.001000,0.001000
1037.269231,-0.007899,0.001000,0.001000,0.001000,0.001000,0.001000
1037.288462,-0.009148,0.001000,0.001000,0.001000,0.001000,0.001000
1037.307692,-0.010391,0.001000,0.001000,0.001000,0.001000,0.001000
1037.326923,-0.011627,0.001000,0.001000,0.001000,0.001000,0.001000
1037.346154,-0.012856,0.001000,0.001000,0.001000,0.001000,0.001000
1037.365385,-0.014077,0.001000,0.001000,0.001000,0.001000,0.001000
1037.384615,-0.015289,0.001000,0.001000,0.001000,0.001000,0.001000
1037.403846,-0.016491,0.001000,0.001000,0.001000,0.001000,0.001000
1037.423077,-0.017682,0.001000,0.001000,0.001000,0.001000,0.001000
1037.442308,-0.018862,0.001000,0.001000,0.001000,0.001000,0.001000
1037.461538,-0.020030,0.001000,0.001000,0.001000,0.001000,0.001000
1037.480769,-0.021185,0.001000,0.001000,0.001000,0.001000,0.001000
1037.500000,-0.022326,0.001000,0.001000,0.001000,0.001000,0.001000
1037.519231,-0.023453,0.001000,0.001000,0.001000,0.001000,0.001000
1037.538462,-0.024565,0.001000,0.001000,0.001000,0.001000,0.001000
1037.557692,-0.025661,0.001000,0.001000,0.001000,0.001000,0.001000
1037.576923,-0.026741,0.001000,0.001000,0.001000,0.001000,0.001000
1037.596154,-0.027803,0.001000,0.001000,0.001000,0.001000,0.001000
1037.615385,-0.028848,0.001000,0.001000,0.001000,0.001000,0.001000
1037.634615,-0.029874,0.001000,0.001000,0.001000,0.001000,0.001000
1037.653846,-0.030880,0.001000,0.001000,0.001000,0.001000,0.001000
1037.673077,-0.031867,0.001000,0.001000,0.001000,0.001000,0.001000
1037.692308,-0.032834,0.001000,0.001000,0.001000,0.001000,0.001000
1037.711538,-0.033779,0.001000,0.001000,0.001000,0.001000,0.001000
1037.730769,-0.034703,0.001000,0.001000,0.001000,0.001000,0.001000
1037.750000,-0.035604,0.001000,0.001000,0.001000,0.001000,0.001000
1037.769231,-0.036483,0.001000,0.001000,0.001000,0.001000,0.001000
1037.788462,-0.037338,0.001000,0.001000,0.001000,0.001000,0.001000
1037.807692,-0.038169,0.001000,0.001000,0.001000,0.001000,0.001000
1037.826923,-0.038975,0.001000,0.001000,0.001000,0.001000,0.001000
1037.846154,-0.039757,0.001000,0.001000,0.001000,0.001000,0.001000
1037.865385,-0.040513,0.001000,0.001000,0.001000,0.001000,0.001000
1037.884615,-0.041242,0.001000,0.001000,0.001000,0.001000,0.001000
1037.903846,-0.041946,0.001000,0.001000,0.001000,0.001000,0.001000
1037.923077,-0.042622,0.001000,0.001000,0.001000,0.001000,0.001000
1037.942308,-0.043271,0.001000,0.001000,0.001000,0.001000,0.001000
1037.961538,-0.043892,0.001000,0.001000,0.001000,0.001000,0.001000
1037.980769,-0.044485,0.001000,0.001000,0.001000,0.001000,0.001000
1038.000000,-0.045050,0.001000,0.001000,0.001000,0.001000,0.001000
1038.019231,-0.045585,0.001000,0.001000,0.001000,0.001000,0.001000
1038.038462,-0.046091,0.001000,0.001000,0.001000,0.001000,0.001000
1038.057692,-0.046568,0.001000,0.001000,0.001000,0.001000,0.001000
1038.076923,-0.047014,0.001000,0.001000,0.001000,0.001000,0.001000
1038.096154,-0.047431,0.001000,0.001000,0.001000,0.001000,0.001000
1038.115385,-0.047816,0.001000,0.001000,0.001000,0.001000,0.001000
1038.134615,-0.048172,0.001000,0.001000,0.001000,0.001000,0.001000
1038.153846,-0.048496,0.001000,0.001000,0.001000,0.001000,0.001000
1038.173077,-0.048789,0.001000,0.001000,0.001000,0.001000,0.001000
1038.192308,-0.049050,0.001000,0.001000,0.001000,0.001000,0.001000
1038.211538,-0.049280,0.001000,0.001000,0.001000,0.001000,0.001000
1038.230769,-0.049479,0.001000,0.001000,0.001000,0.001000,0.001000
1038.250000,-0.049645,0.001000,0.001000,0.001000,0.001000,0.001000
1038.269231,-0.049780,0.001000,0.001000,0.001000,0.001000,0.001000
1038.288462,-0.049883,0.001000,0.001000,0.001000,0.001000,0.001000
1038.307692,-0.049954,0.001000,0.001000,0.001000,0.001000,0.001000
1038.326923,-0.049992,0.001000,0.001000,0.001000,0.001000,0.001000
1038.346154,-0.049999,0.001000,0.001000,0.001000,0.001000,0.001000
1038.365385,-0.049973,0.001000,0.001000,0.001000,0.001000,0.001000
1038.384615,-0.049915,0.001000,0.001000,0.001000,0.001000,0.001000
1038.403846,-0.049825,0.001000,0.001000,0.001000,0.001000,0.001000
1038.423077,-0.049703,0.001000,0.001000,0.001000,0.001000,0.001000
1038.442308,-0.049549,0.001000,0.001000,0.001000,0.001000,0.001000
1038.461538,-0.049364,0.001000,0.001000,0.001000,0.001000,0.001000
1038.480769,-0.049146,0.001000,0.001000,0.001000,0.001000,0.001000
1038.500000,-0.048897,0.001000,0.001000,0.001000,0.001000,0.001000
1038.519231,-0.048617,0.001000,0.001000,0.001000,0.001000,0.001000
1038.538462,-0.048305,0.001000,0.001000,0.001000,0.001000,0.001000
1038.557692,-0.047962,0.001000,0.001000,0.001000,0.001000,0.001000
1038.576923,-0.047588,0.001000,0.001000,0.001000,0.001000,0.001000
1038.596154,-0.047184,0.001000,0.001000,0.001000,0.001000,0.001000
1038.615385,-0.046750,0.001000,0.001000,0.001000,0.001000,0.001000
1038.634615,-0.046285,0.001000,0.001000,0.001000,0.001000,0.001000
1038.653846,-0.045791,0.001000,0.001000,0.001000,0.001000,0.001000
1038.673077,-0.045267,0.001000,0.001000,0.001000,0.001000,0.001000
1038.692308,-0.044714,0.001000,0.001000,0.001000,0.001000,0.001000
1038.711538,-0.044133,0.001000,0.001000,0.001000,0.001000,0.001000
1038.730769,-0.043523,0.001000,0.001000,0.001000,0.001000,0.001000
1038.750000,-0.042885,0.001000,0.001000,0.001000,0.001000,0.001000
1038.769231,-0.042219,0.001000,0.001000,0.001000,0.001000,0.001000
1038.788462,-0.041527,0.001000,0.001000,0.001000,0.001000,0.001000
1038.807692,-0.040808,0.001000,0.001000,0.001000,0.001000,0.001000
1038.826923,-0.040062,0.001000,0.001000,0.001000,0.001000,0.001000
1038.846154,-0.039291,0.001000,0.001000,0.001000,0.001000,0.001000
1038.865385,-0.038494,0.001000,0.001000,0.001000,0.001000,0.001000
1038.884615,-0.037673,0.001000,0.001000,0.001000,0.001000,0.001000
1038.903846,-0.036827,0.001000,0.001000,0.001000,0.001000,0.001000
1038.923077,-0.035958,0.001000,0.001000,0.001000,0.001000,0.001000
1038.942308,-0.035066,0.001000,0.001000,0.001000,0.001000,0.001000
1038.961538,-0.034151,0.001000,0.001000,0.001000,0.001000,0.001000
1038.980769,-0.033214,0.001000,0.001000,0.001000,0.001000,0.001000
1039.000000,-0.032256,0.001000,0.001000,0.001000,0.001000,0.001000
1039.019231,-0.031277,0.001000,0.001000,0.001000,0.001000,0.001000
1039.038462,-0.030279,0.001000,0.001000,0.001000,0.001000,0.001000
1039.057692,-0.029260,0.001000,0.001000,0.001000,0.001000,0.001000
1039.076923,-0.028223,0.001000,0.001000,0.001000,0.001000,0.001000
1039.096154,-0.027168,0.001000,0.001000,0.001000,0.001000,0.001000
1039.115385,-0.026095,0.001000,0.001000,0.001000,0.001000,0.001000
1039.134615,-0.025005,0.001000,0.001000,0.001000,0.001000,0.001000
1039.153846,-0.023899,0.001000,0.001000,0.001000,0.001000,0.001000
1039.173077,-0.022778,0.001000,0.001000,0.001000,0.001000,0.001000
1039.192308,-0.021643,0.001000,0.001000,0.001000,0.001000,0.001000
1039.211538,-0.020493,0.001000,0.001000,0.001000,0.001000,0.001000
1039.230769,-0.019331,0.001000,0.001000,0.001000,0.001000,0.001000
1039.250000,-0.018155,0.001000,0.001000,0.001000,0.001000,0.001000
1039.269231,-0.016968,0.001000,0.001000,0.001000,0.001000,0.001000
1039.288462,-0.015771,0.001000,0.001000,0.001000,0.001000,0.001000
1039.307692,-0.014563,0.001000,0.001000,0.001000,0.001000,0.001000
1039.326923,-0.013346,0.001000,0.001000,0.001000,0.001000,0.001000
1039.346154,-0.012120,0.001000,0.001000,0.001000,0.001000,0.001000
1039.365385,-0.010886,0.001000,0.001000,0.001000,0.001000,0.001000
1039.384615,-0.009646,0.001000,0.001000,0.001000,0.001000,0.001000
1039.403846,-0.008399,0.001000,0.001000,0.001000,0.001000,0.001000
1039.423077,-0.007147,0.001000,0.001000,0.001000,0.001000,0.001000
1039.442308,-0.005890,0.001000,0.001000,0.001000,0.001000,0.001000
1039.461538,-0.004629,0.001000,0.001000,0.001000,0.001000,0.001000
1039.480769,-0.003366,0.001000,0.001000,0.001000,0.001000,0.001000
1039.500000,-0.002100,0.001000,0.001000,0.001000,0.001000,0.001000
1039.519231,-0.000833,0.001000,0.001000,0.001000,0.001000,0.001000
1039.538462,0.000435,0.001000,0.001000,0.001000,0.001000,0.001000
1039.557692,0.001702,0.001000,0.001000,0.001000,0.001000,0.001000
1039.576923,0.002968,0.001000,0.001000,0.001000,0.001000,0.001000
1039.596154,0.004233,0.001000,0.001000,0.001000,0.001000,0.001000
1039.615385,0.005494,0.001000,0.001000,0.001000,0.001000,0.001000
1039.634615,0.006752,0.001000,0.001000,0.001000,0.001000,0.001000
1039.653846,0.008006,0.001000,0.001000,0.001000,0.001000,0.001000
1039.673077,0.009255,0.001000,0.001000,0.001000,0.001000,0.001000
1039.692308,0.010497,0.001000,0.001000,0.001000,0.001000,0.001000
1039.711538,0.011733,0.001000,0.001000,0.001000,0.001000,0.001000
1039.730769,0.012961,0.001000,0.001000,0.001000,0.001000,0.001000
1039.750000,0.014181,0.001000,0.001000,0.001000,0.001000,0.001000
1039.769231,0.015392,0.001000,0.001000,0.001000,0.001000,0.001000
1039.788462,0.016593,0.001000,0.001000,0.001000,0.001000,0.001000
1039.807692,0.017784,0.001000,0.001000,0.001000,0.001000,0.001000
1039.826923,0.018963,0.001000,0.001000,0.001000,0.001000,0.001000
1039.846154,0.020129,0.001000,0.001000,0.001000,0.001000,0.001000
1039.865385,0.021283,0.001000,0.001000,0.001000,0.001000,0.001000
1039.884615,0.022423,0.001000,0.001000,0.001000,0.001000,0.001000
1039.903846,0.023549,0.001000,0.001000,0.001000,0.001000,0.001000
1039.923077,0.024660,0.001000,0.001000,0.001000,0.001000,0.001000
1039.942308,0.025754,0.001000,0.001000,0.001000,0.001000,0.001000
1039.961538,0.026832,0.001000,0.001000,0.001000,0.001000,0.001000
1039.980769,0.027893,0.001000,0.001000,0.001000,0.001000,0.001000
1040.000000,0.028936,0.001000,0.001000,0.001000,0.001000,0.001000
1040.019231,0.029961,0.001000,0.001000,0.001000,0.001000,0.001000
1040.038462,0.030966,0.001000,0.001000,0.001000,0.001000,0.001000
1040.057692,0.031951,0.001000,0.001000,0.001000,0.001000,0.001000
1040.076923,0.032916,0.001000,0.001000,0.001000,0.001000,0.001000
1040.096154,0.033859,0.001000,0.001000,0.001000,0.001000,0.001000
1040.115385,0.034781,0.001000,0.001000,0.001000,0.001000,0.001000
1040.134615,0.035680,0.001000,0.001000,0.001000,0.001000,0.001000
1040.153846,0.036557,0.001000,0.001000,0.001000,0.001000,0.001000
1040.173077,0.037410,0.001000,0.001000,0.001000,0.001000,0.001000
1040.192308,0.038239,0.001000,0.001000,0.001000,0.001000,0.001000
1040.211538,0.039043,0.001000,0.001000,0.001000,0.001000,0.001000
1040.230769,0.039822,0.001000,0.001000,0.001000,0.001000,0.001000
1040.250000,0.040576,0.001000,0.001000,0.001000,0.001000,0.001000
1040.269231,0.041304,0.001000,0.001000,0.001000,0.001000,0.001000
1040.288462,0.042005,0.001000,0.001000,0.001000,0.001000,0.001000
1040.307692,0.042679,0.001000,0.001000,0.001000,0.001000,0.001000
1040.326923,0.043325,0.001000,0.001000,0.001000,0.001000,0.001000
1040.346154,0.043944,0.001000,0.001000,0.001000,0.001000,0.001000
1040.365385,0.044535,0.001000,0.001000,0.001000,0.001000,0.001000
1040.384615,0.045097,0.001000,0.001000,0.001000,0.001000,0.001000
1040.403846,0.045630,0.001000,0.001000,0.001000,0.001000,0.001000
1040.423077,0.046133,0.001000,0.001000,0.001000,0.001000,0.001000
1040.442308,0.046607,0.001000,0.001000,0.001000,0.001000,0.001000
1040.461538,0.047051,0.001000,0.001000,0.001000,0.001000,0.001000
1040.480769,0.047465,0.001000,0.001000,0.001000,0.001000,0.001000
1040.500000,0.047848,0.001000,0.001000,0.001000,0.001000,0.001000
1040.519231,0.048201,0.001000,0.001000,0.001000,0.001000,0.001000
1040.538462,0.048522,0.001000,0.001000,0.001000,0.001000,0.001000
1040.557692,0.048812,0.001000,0.001000,0.001000,0.001000,0.001000
1040.576923,0.049071,0.001000,0.001000,0.001000,0.001000,0.001000
1040.596154,0.049299,0.001000,0.001000,0.001000,0.001000,0.001000
1040.615385,0.049494,0.001000,0.001000,0.001000,0.001000,0.001000
1040.634615,0.049658,0.001000,0.001000,0.001000,0.001000,0.001000
1040.653846,0.049790,0.001000,0.001000,0.001000,0.001000,0.001000
1040.673077,0.049890,0.001000,0.001000,0.001000,0.001000,0.001000
1040.692308,0.049958,0.001000,0.001000,0.001000,0.001000,0.001000
1040.711538,0.049994,0.001000,0.001000,0.001000,0.001000,0.001000
1040.730769,0.049998,0.001000,0.001000,0.001000,0.001000,0.001000
1040.750000,0.049969,0.001000,0.001000,0.001000,0.001000,0.001000
1040.769231,0.049909,0.001000,0.001000,0.001000,0.001000,0.001000
1040.788462,0.049816,0.001000,0.001000,0.001000,0.001000,0.001000
1040.807692,0.049691,0.001000,0.001000,0.001000,0.001000,0.001000
1040.826923,0.049535,0.001000,0.001000,0.001000,0.001000,0.001000
1040.846154,0.049346,0.001000,0.001000,0.001000,0.001000,0.001000
1040.865385,0.049126,0.001000,0.001000,0.001000,0.001000,0.001000
1040.884615,0.048874,0.001000,0.001000,0.001000,0.001000,0.001000
1040.903846,0.048591,0.001000,0.001000,0.001000,0.001000,0.001000
1040.923077,0.048277,0.001000,0.001000,0.001000,0.001000,0.001000
1040.942308,0.047931,0.001000,0.001000,0.001000,0.001000,0.001000
1040.961538,0.047555,0.001000,0.001000,0.001000,0.001000,0.001000
1040.980769,0.047148,0.001000,0.001000,0.001000,0.001000,0.001000
1041.000000,0.046711,0.001000,0.001000,0.001000,0.001000,0.001000
1041.019231,0.046244,0.001000,0.001000,0.001000,0.001000,0.001000
1041.038462,0.045747,0.001000,0.001000,0.001000,0.001000,0.001000
1041.057692,0.045221,0.001000,0.001000,0.001000,0.001000,0.001000
1041.076923,0.044666,0.001000,0.001000,0.001000,0.001000,0.001000
1041.096154,0.044082,0.001000,0.001000,0.001000,0.001000,0.001000
1041.115385,0.043469,0.001000,0.001000,0.001000,0.001000,0.001000
1041.134615,0.042829,0.001000,0.001000,0.001000,0.001000,0.001000
1041.153846,0.042161,0.001000,0.001000,0.001000,0.001000,0.001000
1041.173077,0.041466,0.001000,0.001000,0.001000,0.001000,0.001000
1041.192308,0.040745,0.001000,0.001000,0.001000,0.001000,0.001000
1041.211538,0.039997,0.001000,0.001000,0.001000,0.001000,0.001000
1041.230769,0.039223,0.001000,0.001000,0.001000,0.001000,0.001000
1041.250000,0.038425,0.001000,0.001000,0.001000,0.001000,0.001000
1041.269231,0.037601,0.001000,0.001000,0.001000,0.001000,0.001000
1041.288462,0.036754,0.001000,0.001000,0.001000,0.001000,0.001000
1041.307692,0.035883,0.001000,0.001000,0.001000,0.001000,0.001000
1041.326923,0.034988,0.001000,0.001000,0.001000,0.001000,0.001000
1041.346154,0.034072,0.001000,0.001000,0.001000,0.001000,0.001000
1041.365385,0.033133,0.001000,0.001000,0.001000,0.001000,0.001000
1041.384615,0.032173,0.001000,0.001000,0.001000,0.001000,0.001000
1041.403846,0.031193,0.001000,0.001000,0.001000,0.001000,0.001000
1041.423077,0.030192,0.001000,0.001000,0.001000,0.001000,0.001000
1041.442308,0.029172,0.001000,0.001000,0.001000,0.001000,0.001000
1041.461538,0.028133,0.001000,0.001000,0.001000,0.001000,0.001000
1041.480769,0.027076,0.001000,0.001000,0.001000,0.001000,0.001000
1041.500000,0.026002,0.001000,0.001000,0.001000,0.001000,0.001000
1041.519231,0.024911,0.001000,0.001000,0.001000,0.001000,0.001000
1041.538462,0.023804,0.001000,0.001000,0.001000,0.001000,0.001000
1041.557692,0.022682,0.001000,0.001000,0.001000,0.001000,0.001000
1041.576923,0.021545,0.001000,0.001000,0.001000,0.001000,0.001000
1041.596154,0.020394,0.001000,0.001000,0.001000,0.001000,0.001000
1041.615385,0.019230,0.001000,0.001000,0.001000,0.001000,0.001000
1041.634615,0.018054,0.001000,0.001000,0.001000,0.001000,0.001000
1041.653846,0.016866,0.001000,0.001000,0.001000,0.001000,0.001000
1041.673077,0.015668,0.001000,0.001000,0.001000,0.001000,0.001000
1041.692308,0.014459,0.001000,0.001000,0.001000,0.001000,0.001000
1041.711538,0.013241,0.001000,0.001000,0.001000,0.001000,0.001000
1041.730769,0.012014,0.001000,0.001000,0.001000,0.001000,0.001000
1041.750000,0.010780,0.001000,0.001000,0.001000,0.001000,0.001000
1041.769231,0.009539,0.001000,0.001000,0.001000,0.001000,0.001000
1041.788462,0.008292,0.001000,0.001000,0.001000,0.001000,0.001000
1041.807692,0.007039,0.001000,0.001000,0.001000,0.001000,0.001000
1041.826923,0.005782,0.001000,0.001000,0.001000,0.001000,0.001000
1041.846154,0.004521,0.001000,0.001000,0.001000,0.001000,0.001000
1041.865385,0.003257,0.001000,0.001000,0.001000,0.001000,0.001000
1041.884615,0.001991,0.001000,0.001000,0.001000,0.001000,0.001000
1041.903846,0.000724,0.001000,0.001000,0.001000,0.001000,0.001000
1041.923077,-0.000543,0.001000,0.001000,0.001000,0.001000,0.001000
1041.942308,-0.001811,0.001000,0.001000,0.001000,0.001000,0.001000
1041.961538,-0.003077,0.001000,0.001000,0.001000,0.001000,0.001000
1041.980769,-0.004341,0.001000,0.001000,0.001000,0.001000,0.001000
1042.000000,-0.005602,0.001000,0.001000,0.001000,0.001000,0.001000
1042.019231,-0.006860,0.001000,0.001000,0.001000,0.001000,0.001000
1042.038462,-0.008113,0.001000,0.001000,0.001000,0.001000,0.001000
1042.057692,-0.009361,0.001000,0.001000,0.001000,0.001000,0.001000
1042.076923,-0.010603,0.001000,0.001000,0.001000,0.001000,0.001000
1042.096154,-0.011839,0.001000,0.001000,0.001000,0.001000,0.001000
1042.115385,-0.013066,0.001000,0.001000,0.001000,0.001000,0.001000
1042.134615,-0.014286,0.001000,0.001000,0.001000,0.001000,0.001000
1042.153846,-0.015496,0.001000,0.001000,0.001000,0.001000,0.001000
1042.173077,-0.016696,0.001000,0.001000,0.001000,0.001000,0.001000
1042.192308,-0.017885,0.001000,0.001000,0.001000,0.001000,0.001000
1042.211538,-0.019063,0.001000,0.001000,0.001000,0.001000,0.001000
1042.230769,-0.020229,0.001000,0.001000,0.001000,0.001000,0.001000
1042.250000,-0.021381,0.001000,0.001000,0.001000,0.001000,0.001000
1042.269231,-0.022520,0.001000,0.001000,0.001000,0.001000,0.001000
1042.288462,-0.023645,0.001000,0.001000,0.001000,0.001000,0.001000
1042.307692,-0.024754,0.001000,0.001000,0.001000,0.001000,0.001000
1042.326923,-0.025847,0.001000,0.001000,0.001000,0.001000,0.001000
1042.346154,-0.026924,0.001000,0.001000,0.001000,0.001000,0.001000
1042.365385,-0.027983,0.001000,0.001000,0.001000,0.001000,0.001000
1042.384615,-0.029025,0.001000,0.001000,0.001000,0.001000,0.001000
1042.403846,-0.030048,0.001000,0.001000,0.001000,0.001000,0.001000
1042.423077,-0.031051,0.001000,0.001000,0.001000,0.001000,0.001000
1042.442308,-0.032035,0.001000,0.001000,0.001000,0.001000,0.001000
1042.461538,-0.032997,0.001000,0.001000,0.001000,0.001000,0.001000
1042.480769,-0.033939,0.001000,0.001000,0.001000,0.001000,0.001000
1042.500000,-0.034859,0.001000,0.001000,0.001000,0.001000,0.001000
1042.519231,-0.035756,0.001000,0.001000,0.001000,0.001000,0.001000
1042.538462,-0.036631,0.001000,0.001000,0.001000,0.001000,0.001000
1042.557692,-0.037482,0.001000,0.001000,0.001000,0.001000,0.001000
1042.576923,-0.038309,0.001000,0.001000,0.001000,0.001000,0.001000
1042.596154,-0.039111,0.001000,0.001000,0.001000,0.001000,0.001000
1042.615385,-0.039888,0.001000,0.001000,0.001000,0.001000,0.001000
1042.634615,-0.040640,0.001000,0.001000,0.001000,0.001000,0.001000
1042.653846,-0.041365,0.001000,0.001000,0.001000,0.001000,0.001000
1042.673077,-0.042064,0.001000,0.001000,0.001000,0.001000,0.001000
1042.692308,-0.042735,0.001000,0.001000,0.001000,0.001000,0.001000
1042.711538,-0.043380,0.001000,0.001000,0.001000,0.001000,0.001000
1042.730769,-0.043996,0.001000,0.001000,0.001000,0.001000,0.001000
1042.750000,-0.044584,0.001000,0.001000,0.001000,0.001000,0.001000
1042.769231,-0.045143,0.001000,0.001000,0.001000,0.001000,0.001000
1042.788462,-0.045674,0.001000,0.001000,0.001000,0.001000,0.001000
1042.807692,-0.046175,0.001000,0.001000,0.001000,0.001000,0.001000
1042.826923,-0.046646,0.001000,0.001000,0.001000,0.001000,0.001000
1042.846154,-0.047088,0.001000,0.001000,0.001000,0.001000,0.001000
1042.865385,-0.047499,0.001000,0.001000,0.001000,0.001000,0.001000
1042.884615,-0.047879,0.001000,0.001000,0.001000,0.001000,0.001000
1042.903846,-0.048229,0.001000,0.001000,0.001000,0.001000,0.001000
1042.923077,-0.048548,0.001000,0.001000,0.001000,0.001000,0.001000
1042.942308,-0.048836,0.001000,0.001000,0.001000,0.001000,0.001000
1042.961538,-0.049092,0.001000,0.001000,0.001000,0.001000,0.001000
1042.980769,-0.049317,0.001000,0.001000,0.001000,0.001000,0.001000
1043.000000,-0.049510,0.001000,0.001000,0.001000,0.001000,0.001000
1043.019231,-0.049671,0.001000,0.001000,0.001000,0.001000,0.001000
1043.038462,-0.049800,0.001000,0.001000,0.001000,0.001000,0.001000
1043.057692,-0.049897,0.001000,0.001000,0.001000,0.001000,0.001000
1043.076923,-0.049962,0.001000,0.001000,0.001000,0.001000,0.001000
1043.096154,-0.049996,0.001000,0.001000,0.001000,0.001000,0.001000
1043.115385,-0.049996,0.001000,0.001000,0.001000,0.001000,0.001000
1043.134615,-0.049965,0.001000,0.001000,0.001000,0.001000,0.001000
1043.153846,-0.049902,0.001000,0.001000,0.001000,0.001000,0.001000
1043.173077,-0.049806,0.001000,0.001000,0.001000,0.001000,0.001000
1043.192308,-0.049679,0.001000,0.001000,0.001000,0.001000,0.001000
1043.211538,-0.049520,0.001000,0.001000,0.001000,0.001000,0.001000
1043.230769,-0.049329,0.001000,0.001000,0.001000,0.001000,0.001000
1043.250000,-0.049106,0.001000,0.001000,0.001000,0.001000,0.001000
1043.269231,-0.048851,0.001000,0.001000,0.001000,0.001000,0.001000
1043.288462,-0.048565,0.001000,0.001000,0.001000,0.001000,0.001000
1043.307692,-0.048248,0.001000,0.001000,0.001000,0.001000,0.001000
1043.326923,-0.047900,0.001000,0.001000,0.001000,0.001000,0.001000
1043.346154,-0.047521,0.001000,0.001000,0.001000,0.001000,0.001000
1043.365385,-0.047112,0.001000,0.001000,0.001000,0.001000,0.001000
1043.384615,-0.046672,0.001000,0.001000,0.001000,0.001000,0.001000
1043.403846,-0.046203,0.001000,0.001000,0.001000,0.001000,0.001000
1043.423077,-0.045703,0.001000,0.001000,0.001000,0.001000,0.001000
1043.442308,-0.045174,0.001000,0.001000,0.001000,0.001000,0.001000
1043.461538,-0.044617,0.001000,0.001000,0.001000,0.001000,0.001000
1043.480769,-0.044030,0.001000,0.001000,0.001000,0.001000,0.001000
1043.500000,-0.043415,0.001000,0.001000,0.001000,0.001000,0.001000
1043.519231,-0.042773,0.001000,0.001000,0.001000,0.001000,0.001000
1043.538462,-0.042103,0.001000,0.001000,0.001000,0.001000,0.001000
1043.557692,-0.041405,0.001000,0.001000,0.001000,0.001000,0.001000
1043.576923,-0.040682,0.001000,0.001000,0.001000,0.001000,0.001000
1043.596154,-0.039932,0.001000,0.001000,0.001000,0.001000,0.001000
1043.615385,-0.039156,0.001000,0.001000,0.001000,0.001000,0.001000
1043.634615,-0.038355,0.001000,0.001000,0.001000,0.001000,0.001000
1043.653846,-0.037530,0.001000,0.001000,0.001000,0.001000,0.001000
1043.673077,-0.036680,0.001000,0.001000,0.001000,0.001000,0.001000
1043.692308,-0.035807,0.001000,0.001000,0.001000,0.001000,0.001000
1043.711538,-0.034911,0.001000,0.001000,0.001000,0.001000,0.001000
1043.730769,-0.033992,0.001000,0.001000,0.001000,0.001000,0.001000
1043.750000,-0.033052,0.001000,0.001000,0.001000,0.001000,0.001000
1043.769231,-0.032090,0.001000,0.001000,0.001000,0.001000,0.001000
1043.788462,-0.031108,0.001000,0.001000,0.001000,0.001000,0.001000
1043.807692,-0.030105,0.001000,0.001000,0.001000,0.001000,0.001000
1043.826923,-0.029084,0.001000,0.001000,0.001000,0.001000,0.001000
1043.846154,-0.028043,0.001000,0.001000,0.001000,0.001000,0.001000
1043.865385,-0.026985,0.001000,0.001000,0.001000,0.001000,0.001000
1043.884615,-0.025909,0.001000,0.001000,0.001000,0.001000,0.001000
1043.903846,-0.024817,0.001000,0.001000,0.001000,0.001000,0.001000
1043.923077,-0.023708,0.001000,0.001000,0.001000,0.001000,0.001000
1043.942308,-0.022585,0.001000,0.001000,0.001000,0.001000,0.001000
1043.961538,-0.021447,0.001000,0.001000,0.001000,0.001000,0.001000
1043.980769,-0.020295,0.001000,0.001000,0.001000,0.001000,0.001000
1044.000000,-0.019130,0.001000,0.001000,0.001000,0.001000,0.001000
1044.019231,-0.017953,0.001000,0.001000,0.001000,0.001000,0.001000
1044.038462,-0.016764,0.001000,0.001000,0.001000,0.001000,0.001000
1044.057692,-0.015564,0.001000,0.001000,0.001000,0.001000,0.001000
1044.076923,-0.014355,0.001000,0.001000,0.001000,0.001000,0.001000
1044.096154,-0.013136,0.001000,0.001000,0.001000,0.001000,0.001000
1044.115385,-0.011909,0.001000,0.001000,0.001000,0.001000,0.001000
1044.134615,-0.010674,0.001000,0.001000,0.001000,0.001000,0.001000
1044.153846,-0.009432,0.001000,0.001000,0.001000,0.001000,0.001000
1044.173077,-0.008184,0.001000,0.001000,0.001000,0.001000,0.001000
1044.192308,-0.006931,0.001000,0.001000,0.001000,0.001000,0.001000
1044.211538,-0.005674,0.001000,0.001000,0.001000,0.001000,0.001000
1044.230769,-0.004413,0.001000,0.001000,0.001000,0.001000,0.001000
1044.250000,-0.003149,0.001000,0.001000,0.001000,0.001000,0.001000
1044.269231,-0.001883,0.001000,0.001000,0.001000,0.001000,0.001000
1044.288462,-0.000616,0.001000,0.001000,0.001000,0.001000,0.001000
1044.307692,0.000652,0.001000,0.001000,0.001000,0.001000,0.001000
1044.326923,0.001919,0.001000,0.001000,0.001000,0.001000,0.001000
1044.346154,0.003185,0.001000,0.001000,0.001000,0.001000,0.001000
1044.365385,0.004449,0.001000,0.001000,0.001000,0.001000,0.001000
1044.384615,0.005710,0.001000,0.001000,0.001000,0.001000,0.001000
1044.403846,0.006968,0.001000,0.001000,0.001000,0.001000,0.001000
1044.423077,0.008220,0.001000,0.001000,0.001000,0.001000,0.001000
1044.442308,0.009468,0.001000,0.001000,0.001000,0.001000,0.001000
1044.461538,0.010710,0.001000,0.001000,0.001000,0.001000,0.001000
1044.480769,0.011944,0.001000,0.001000,0.001000,0.001000,0.001000
1044.500000,0.013171,0.001000,0.001000,0.001000,0.001000,0.001000
1044.519231,0.014390,0.001000,0.001000,0.001000,0.001000,0.001000
1044.538462,0.015599,0.001000,0.001000,0.001000,0.001000,0.001000
1044.557692,0.016798,0.001000,0.001000,0.001000,0.001000,0.001000
1044.576923,0.017987,0.001000,0.001000,0.001000,0.001000,0.001000
1044.596154,0.019164,0.001000,0.001000,0.001000,0.001000,0.001000
1044.615385,0.020328,0.001000,0.001000,0.001000,0.001000,0.001000
1044.634615,0.021480,0.001000,0.001000,0.001000,0.001000,0.001000
1044.653846,0.022617,0.001000,0.001000,0.001000,0.001000,0.001000
1044.673077,0.023740,0.001000,0.001000,0.001000,0.001000,0.001000
1044.692308,0.024848,0.001000,0.001000,0.001000,0.001000,0.001000
1044.711538,0.025940,0.001000,0.001000,0.001000,0.001000,0.001000
1044.730769,0.027016,0.001000,0.001000,0.001000,0.001000,0.001000
1044.750000,0.028073,0.001000,0.001000,0.001000,0.001000,0.001000
1044.769231,0.029113,0.001000,0.001000,0.001000,0.001000,0.001000
1044.788462,0.030134,0.001000,0.001000,0.001000,0.001000,0.001000
1044.807692,0.031136,0.001000,0.001000,0.001000,0.001000,0.001000
1044.826923,0.032118,0.001000,0.001000,0.001000,0.001000,0.001000
1044.846154,0.033079,0.001000,0.001000,0.001000,0.001000,0.001000
1044.865385,0.034019,0.001000,0.001000,0.001000,0.001000,0.001000
1044.884615,0.034937,0.001000,0.001000,0.001000,0.001000,0.001000
1044.903846,0.035832,0.001000,0.001000,0.001000,0.001000,0.001000
1044.923077,0.036705,0.001000,0.001000,0.001000,0.001000,0.001000
1044.942308,0.037554,0.001000,0.001000,0.001000,0.001000,0.001000
1044.961538,0.038379,0.001000,0.001000,0.001000,0.001000,0.001000
1044.980769,0.039179,0.001000,0.001000,0.001000,0.001000,0.001000
1045.000000,0.039954,0.001000,0.001000,0.001000,0.001000,0.001000
1045.019231,0.040703,0.001000,0.001000,0.001000,0.001000,0.001000
1045.038462,0.041426,0.001000,0.001000,0.001000,0.001000,0.001000
1045.057692,0.042122,0.001000,0.001000,0.001000,0.001000,0.001000
1045.076923,0.042792,0.001000,0.001000,0.001000,0.001000,0.001000
1045.096154,0.043434,0.001000,0.001000,0.001000,0.001000,0.001000
1045.115385,0.044047,0.001000,0.001000,0.001000,0.001000,0.001000
1045.134615,0.044633,0.001000,0.001000,0.001000,0.001000,0.001000
1045.153846,0.045190,0.001000,0.001000,0.001000,0.001000,0.001000
1045.173077,0.045718,0.001000,0.001000,0.001000,0.001000,0.001000
1045.192308,0.046217,0.001000,0.001000,0.001000,0.001000,0.001000
1045.211538,0.046685,0.001000,0.001000,0.001000,0.001000,0.001000
1045.230769,0.047124,0.001000,0.001000,0.001000,0.001000,0.001000
1045.250000,0.047533,0.001000,0.001000,0.001000,0.001000,0.001000
1045.269231,0.047911,0.001000,0.001000,0.001000,0.001000,0.001000
1045.288462,0.048258,0.001000,0.001000,0.001000,0.001000,0.001000
1045.307692,0.048574,0.001000,0.001000,0.001000,0.001000,0.001000
1045.326923,0.048859,0.001000,0.001000,0.001000,0.001000,0.001000
1045.346154,0.049112,0.001000,0.001000,0.001000,0.001000,0.001000
1045.365385,0.049334,0.001000,0.001000,0.001000,0.001000,0.001000
1045.384615,0.049525,0.001000,0.001000,0.001000,0.001000,0.001000
1045.403846,0.049683,0.001000,0.001000,0.001000,0.001000,0.001000
1045.423077,0.049810,0.001000,0.001000,0.001000,0.001000,0.001000
1045.442308,0.049904,0.001000,0.001000,0.001000,0.001000,0.001000
1045.461538,0.049967,0.001000,0.001000,0.001000,0.001000,0.001000
1045.480769,0.049997,0.001000,0.001000,0.001000,0.001000,0.001000
1045.500000,0.049995,0.001000,0.001000,0.001000,0.001000,0.001000
1045.519231,0.049961,0.001000,0.001000,0.001000,0.001000,0.001000
1045.538462,0.049895,0.001000,0.001000,0.001000,0.001000,0.001000
1045.557692,0.049797,0.001000,0.001000,0.001000,0.001000,0.001000
1045.576923,0.049667,0.001000,0.001000,0.001000,0.001000,0.001000
1045.596154,0.049505,0.001000,0.001000,0.001000,0.001000,0.001000
1045.615385,0.049311,0.001000,0.001000,0.001000,0.001000,0.001000
1045.634615,0.049085,0.001000,0.001000,0.001000,0.001000,0.001000
1045.653846,0.048828,0.001000,0.001000,0.001000,0.001000,0.001000
1045.673077,0.048539,0.001000,0.001000,0.001000,0.001000,0.001000
1045.692308,0.048220,0.001000,0.001000,0.001000,0.001000,0.001000
1045.711538,0.047869,0.001000,0.001000,0.001000,0.001000,0.001000
1045.730769,0.047487,0.001000,0.001000,0.001000,0.001000,0.001000
1045.750000,0.047075,0.001000,0.001000,0.001000,0.001000,0.001000
1045.769231,0.046633,0.001000,0.001000,0.001000,0.001000,0.001000
1045.788462,0.046161,0.001000,0.001000,0.001000,0.001000,0.001000
1045.807692,0.045659,0.001000,0.001000,0.001000,0.001000,0.001000
1045.826923,0.045128,0.001000,0.001000,0.001000,0.001000,0.001000
1045.846154,0.044568,0.001000,0.001000,0.001000,0.001000,0.001000
1045.865385,0.043979,0.001000,0.001000,0.001000,0.001000,0.001000
1045.884615,0.043361,0.001000,0.001000,0.001000,0.001000,0.001000
1045.903846,0.042716,0.001000,0.001000,0.001000,0.001000,0.001000
1045.923077,0.042044,0.001000,0.001000,0.001000,0.001000,0.001000
1045.942308,0.041344,0.001000,0.001000,0.001000,0.001000,0.001000
1045.961538,0.040618,0.001000,0.001000,0.001000,0.001000,0.001000
1045.980769,0.039866,0.001000,0.001000,0.001000,0.001000,0.001000
1046.000000,0.039088,0.001000,0.001000,0.001000,0.001000,0.001000
1046.019231,0.038285,0.001000,0.001000,0.001000,0.001000,0.001000
1046.038462,0.037458,0.001000,0.001000,0.001000,0.001000,0.001000
1046.057692,0.036606,0.001000,0.001000,0.001000,0.001000,0.001000
1046.076923,0.035731,0.001000,0.001000,0.001000,0.001000,0.001000
1046.096154,0.034833,0.001000,0.001000,0.001000,0.001000,0.001000
1046.115385,0.033912,0.001000,0.001000,0.001000,0.001000,0.001000
1046.134615,0.032970,0.001000,0.001000,0.001000,0.001000,0.001000
1046.153846,0.032007,0.001000,0.001000,0.001000,0.001000,0.001000
1046.173077,0.031022,0.001000,0.001000,0.001000,0.001000,0.001000
1046.192308,0.030018,0.001000,0.001000,0.001000,0.001000,0.001000
1046.211538,0.028995,0.001000,0.001000,0.001000,0.001000,0.001000
1046.230769,0.027953,0.001000,0.001000,0.001000,0.001000,0.001000
1046.250000,0.026893,0.001000,0.001000,0.001000,0.001000,0.001000
1046.269231,0.025816,0.001000,0.001000,0.001000,0.001000,0.001000
1046.288462,0.024722,0.001000,0.001000,0.001000,0.001000,0.001000
1046.307692,0.023613,0.001000,0.001000,0.001000,0.001000,0.001000
1046.326923,0.022488,0.001000,0.001000,0.001000,0.001000,0.001000
1046.346154,0.021348,0.001000,0.001000,0.001000,0.001000,0.001000
1046.365385,0.020195,0.001000,0.001000,0.001000,0.001000,0.001000
1046.384615,0.019029,0.001000,0.001000,0.001000,0.001000,0.001000
1046.403846,0.017851,0.001000,0.001000,0.001000,0.001000,0.001000
1046.423077,0.016661,0.001000,0.001000,0.001000,0.001000,0.001000
1046.442308,0.015461,0.001000,0.001000,0.001000,0.001000,0.001000
1046.461538,0.014251,0.001000,0.001000,0.001000,0.001000,0.001000
1046.480769,0.013031,0.001000,0.001000,0.001000,0.001000,0.001000
1046.500000,0.011803,0.001000,0.001000,0.001000,0.001000,0.001000
1046.519231,0.010568,0.001000,0.001000,0.001000,0.001000,0.001000
1046.538462,0.009326,0.001000,0.001000,0.001000,0.001000,0.001000
1046.557692,0.008077,0.001000,0.001000,0.001000,0.001000,0.001000
1046.576923,0.006824,0.001000,0.001000,0.001000,0.001000,0.001000
1046.596154,0.005566,0.001000,0.001000,0.001000,0.001000,0.001000
1046.615385,0.004305,0.001000,0.001000,0.001000,0.001000,0.001000
1046.634615,0.003040,0.001000,0.001000,0.001000,0.001000,0.001000
1046.653846,0.001774,0.001000,0.001000,0.001000,0.001000,0.001000
1046.673077,0.000507,0.001000,0.001000,0.001000,0.001000,0.001000
1046.692308,-0.000761,0.001000,0.001000,0.001000,0.001000,0.001000
1046.711538,-0.002028,0.001000,0.001000,0.001000,0.001000,0.001000
1046.730769,-0.003294,0.001000,0.001000,0.001000,0.001000,0.001000
1046.750000,-0.004557,0.001000,0.001000,0.001000,0.001000,0.001000
1046.769231,-0.005818,0.001000,0.001000,0.001000,0.001000,0.001000
1046.788462,-0.007075,0.001000,0.001000,0.001000,0.001000,0.001000
1046.807692,-0.008328,0.001000,0.001000,0.001000,0.001000,0.001000
1046.826923,-0.009575,0.001000,0.001000,0.001000,0.001000,0.001000
1046.846154,-0.010816,0.001000,0.001000,0.001000,0.001000,0.001000
1046.865385,-0.012050,0.001000,0.001000,0.001000,0.001000,0.001000
1046.884615,-0.013276,0.001000,0.001000,0.001000,0.001000,0.001000
1046.903846,-0.014494,0.001000,0.001000,0.001000,0.001000,0.001000
1046.923077,-0.015702,0.001000,0.001000,0.001000,0.001000,0.001000
1046.942308,-0.016901,0.001000,0.001000,0.001000,0.001000,0.001000
1046.961538,-0.018088,0.001000,0.001000,0.001000,0.001000,0.001000
1046.980769,-0.019264,0.001000,0.001000,0.001000,0.001000,0.001000
1047.000000,-0.020427,0.001000,0.001000,0.001000,0.001000,0.001000
1047.019231,-0.021578,0.001000,0.001000,0.001000,0.001000,0.001000
1047.038462,-0.022714,0.001000,0.001000,0.001000,0.001000,0.001000
1047.057692,-0.023836,0.001000,0.001000,0.001000,0.001000,0.001000
1047.076923,-0.024943,0.001000,0.001000,0.001000,0.001000,0.001000
1047.096154,-0.026033,0.001000,0.001000,0.001000,0.001000,0.001000
1047.115385,-0.027107,0.001000,0.001000,0.001000,0.001000,0.001000
1047.134615,-0.028163,0.001000,0.001000,0.001000,0.001000,0.001000
1047.153846,-0.029202,0.001000,0.001000,0.001000,0.001000,0.001000
1047.173077,-0.030221,0.001000,0.001000,0.001000,0.001000,0.001000
1047.192308,-0.031221,0.001000,0.001000,0.001000,0.001000,0.001000
1047.211538,-0.032201,0.001000,0.001000,0.001000,0.001000,0.001000
1047.230769,-0.033160,0.001000,0.001000,0.001000,0.001000,0.001000
1047.250000,-0.034098,0.001000,0.001000,0.001000,0.001000,0.001000
1047.269231,-0.035014,0.001000,0.001000,0.001000,0.001000,0.001000
1047.288462,-0.035908,0.001000,0.001000,0.001000,0.001000,0.001000
1047.307692,-0.036779,0.001000,0.001000,0.001000,0.001000,0.001000
1047.326923,-0.037625,0.001000,0.001000,0.001000,0.001000,0.001000
1047.346154,-0.038448,0.001000,0.001000,0.001000,0.001000,0.001000
1047.365385,-0.039246,0.001000,0.001000,0.001000,0.001000,0.001000
1047.384615,-0.040019,0.001000,0.001000,0.001000,0.001000,0.001000
1047.403846,-0.040766,0.001000,0.001000,0.001000,0.001000,0.001000
1047.423077,-0.041487,0.001000,0.001000,0.001000,0.001000,0.001000
1047.442308,-0.042181,0.001000,0.001000,0.001000,0.001000,0.001000
1047.461538,-0.042848,0.001000,0.001000,0.001000,0.001000,0.001000
1047.480769,-0.043487,0.001000,0.001000,0.001000,0.001000,0.001000
1047.500000,-0.044099,0.001000,0.001000,0.001000,0.001000,0.001000
1047.519231,-0.044682,0.001000,0.001000,0.001000,0.001000,0.001000
1047.538462,-0.045236,0.001000,0.001000,0.001000,0.001000,0.001000
1047.557692,-0.045762,0.001000,0.001000,0.001000,0.001000,0.001000
1047.576923,-0.046258,0.001000,0.001000,0.001000,0.001000,0.001000
1047.596154,-0.046724,0.001000,0.001000,0.001000,0.001000,0.001000
1047.615385,-0.047160,0.001000,0.001000,0.001000,0.001000,0.001000
1047.634615,-0.047566,0.001000,0.001000,0.001000,0.001000,0.001000
1047.653846,-0.047942,0.001000,0.001000,0.001000,0.001000,0.001000
1047.673077,-0.048286,0.001000,0.001000,0.001000,0.001000,0.001000
1047.692308,-0.048600,0.001000,0.001000,0.001000,0.001000,0.001000
1047.711538,-0.048882,0.001000,0.001000,0.001000,0.001000,0.001000
1047.730769,-0.049133,0.001000,0.001000,0.001000,0.001000,0.001000
1047.750000,-0.049352,0.001000,0.001000,0.001000,0.001000,0.001000
1047.769231,-0.049540,0.001000,0.001000,0.001000,0.001000,0.001000
1047.788462,-0.049695,0.001000,0.001000,0.001000,0.001000,0.001000
1047.807692,-0.049819,0.001000,0.001000,0.001000,0.001000,0.001000
1047.826923,-0.049911,0.001000,0.001000,0.001000,0.001000,0.001000
1047.846154,-0.049970,0.001000,0.001000,0.001000,0.001000,0.001000
1047.865385,-0.049998,0.001000,0.001000,0.001000,0.001000,0.001000
1047.884615,-0.049993,0.001000,0.001000,0.001000,0.001000,0.001000
1047.903846,-0.049957,0.001000,0.001000,0.001000,0.001000,0.001000
1047.923077,-0.049888,0.001000,0.001000,0.001000,0.001000,0.001000
1047.942308,-0.049787,0.001000,0.001000,0.001000,0.001000,0.001000
1047.961538,-0.049654,0.001000,0.001000,0.001000,0.001000,0.001000
1047.980769,-0.049489,0.001000,0.001000,0.001000,0.001000,0.001000
1048.000000,-0.049293,0.001000,0.001000,0.001000,0.001000,0.001000
1048.019231,-0.049064,0.001000,0.001000,0.001000,0.001000,0.001000
1048.038462,-0.048804,0.001000,0.001000,0.001000,0.001000,0.001000
1048.057692,-0.048513,0.001000,0.001000,0.001000,0.001000,0.001000
1048.076923,-0.048191,0.001000,0.001000,0.001000,0.001000,0.001000
1048.096154,-0.047837,0.001000,0.001000,0.001000,0.001000,0.001000
1048.115385,-0.047453,0.001000,0.001000,0.001000,0.001000,0.001000
1048.134615,-0.047039,0.001000,0.001000,0.001000,0.001000,0.001000
1048.153846,-0.046594,0.001000,0.001000,0.001000,0.001000,0.001000
1048.173077,-0.046119,0.001000,0.001000,0.001000,0.001000,0.001000
1048.192308,-0.045615,0.001000,0.001000,0.001000,0.001000,0.001000
1048.211538,-0.045081,0.001000,0.001000,0.001000,0.001000,0.001000
1048.230769,-0.044518,0.001000,0.001000,0.001000,0.001000,0.001000
1048.250000,-0.043927,0.001000,0.001000,0.001000,0.001000,0.001000
1048.269231,-0.043307,0.001000,0.001000,0.001000,0.001000,0.001000
1048.288462,-0.042660,0.001000,0.001000,0.001000,0.001000,0.001000
1048.307692,-0.041985,0.001000,0.001000,0.001000,0.001000,0.001000
1048.326923,-0.041283,0.001000,0.001000,0.001000,0.001000,0.001000
1048.346154,-0.040555,0.001000,0.001000,0.001000,0.001000,0.001000
1048.365385,-0.039800,0.001000,0.001000,0.001000,0.001000,0.001000
1048.384615,-0.039020,0.001000,0.001000,0.001000,0.001000,0.001000
1048.403846,-0.038215,0.001000,0.001000,0.001000,0.001000,0.001000
1048.423077,-0.037386,0.001000,0.001000,0.001000,0.001000,0.001000
1048.442308,-0.036532,0.001000,0.001000,0.001000,0.001000,0.001000
1048.461538,-0.035655,0.001000,0.001000,0.001000,0.001000,0.001000
1048.480769,-0.034755,0.001000,0.001000,0.001000,0.001000,0.001000
1048.500000,-0.033832,0.001000,0.001000,0.001000,0.001000,0.001000
1048.519231,-0.032888,0.001000,0.001000,0.001000,0.001000,0.001000
1048.538462,-0.031923,0.001000,0.001000,0.001000,0.001000,0.001000
1048.557692,-0.030937,0.001000,0.001000,0.001000,0.001000,0.001000
1048.576923,-0.029931,0.001000,0.001000,0.001000,0.001000,0.001000
1048.596154,-0.028907,0.001000,0.001000,0.001000,0.001000,0.001000
1048.615385,-0.027863,0.001000,0.001000,0.001000,0.001000,0.001000
1048.634615,-0.026802,0.001000,0.001000,0.001000,0.001000,0.001000
1048.653846,-0.025723,0.001000,0.001000,0.001000,0.001000,0.001000
1048.673077,-0.024628,0.001000,0.001000,0.001000,0.001000,0.001000
1048.692308,-0.023517,0.001000,0.001000,0.001000,0.001000,0.001000
1048.711538,-0.022391,0.001000,0.001000,0.001000,0.001000,0.001000
1048.730769,-0.021250,0.001000,0.001000,0.001000,0.001000,0.001000
1048.750000,-0.020096,0.001000,0.001000,0.001000,0.001000,0.001000
1048.769231,-0.018929,0.001000,0.001000,0.001000,0.001000,0.001000
1048.788462,-0.017750,0.001000,0.001000,0.001000,0.001000,0.001000
1048.807692,-0.016559,0.001000,0.001000,0.001000,0.001000,0.001000
1048.826923,-0.015358,0.001000,0.001000,0.001000,0.001000,0.001000
1048.846154,-0.014146,0.001000,0.001000,0.001000,0.001000,0.001000
1048.865385,-0.012926,0.001000,0.001000,0.001000,0.001000,0.001000
1048.884615,-0.011698,0.001000,0.001000,0.001000,0.001000,0.001000
1048.903846,-0.010462,0.001000,0.001000,0.001000,0.001000,0.001000
1048.923077,-0.009219,0.001000,0.001000,0.001000,0.001000,0.001000
1048.942308,-0.007970,0.001000,0.001000,0.001000,0.001000,0.001000
1048.961538,-0.006716,0.001000,0.001000,0.001000,0.001000,0.001000
1048.980769,-0.005458,0.001000,0.001000,0.001000,0.001000,0.001000
1049.000000,-0.004196,0.001000,0.001000,0.001000,0.001000,0.001000
1049.019231,-0.002932,0.001000,0.001000,0.001000,0.001000,0.001000
1049.038462,-0.001666,0.001000,0.001000,0.001000,0.001000,0.001000
1049.057692,-0.000398,0.001000,0.001000,0.001000,0.001000,0.001000
1049.076923,0.000869,0.001000,0.001000,0.001000,0.001000,0.001000
1049.096154,0.002136,0.001000,0.001000,0.001000,0.001000,0.001000
1049.115385,0.003402,0.001000,0.001000,0.001000,0.001000,0.001000
1049.134615,0.004666,0.001000,0.001000,0.001000,0.001000,0.001000
1049.153846,0.005926,0.001000,0.001000,0.001000,0.001000,0.001000
1049.173077,0.007183,0.001000,0.001000,0.001000,0.001000,0.001000
1049.192308,0.008435,0.001000,0.001000,0.001000,0.001000,0.001000
1049.211538,0.009681,0.001000,0.001000,0.001000,0.001000,0.001000
1049.230769,0.010922,0.001000,0.001000,0.001000,0.001000,0.001000
1049.250000,0.012155,0.001000,0.001000,0.001000,0.001000,0.001000
1049.269231,0.013381,0.001000,0.001000,0.001000,0.001000,0.001000
1049.288462,0.014598,0.001000,0.001000,0.001000,0.001000,0.001000
1049.307692,0.015805,0.001000,0.001000,0.001000,0.001000,0.001000
1049.326923,0.017003,0.001000,0.001000,0.001000,0.001000,0.001000
1049.346154,0.018189,0.001000,0.001000,0.001000,0.001000,0.001000
1049.365385,0.019364,0.001000,0.001000,0.001000,0.001000,0.001000
1049.384615,0.020527,0.001000,0.001000,0.001000,0.001000,0.001000
1049.403846,0.021676,0.001000,0.001000,0.001000,0.001000,0.001000
1049.423077,0.022811,0.001000,0.001000,0.001000,0.001000,0.001000
1049.442308,0.023932,0.001000,0.001000,0.001000,0.001000,0.001000
1049.461538,0.025037,0.001000,0.001000,0.001000,0.001000,0.001000
1049.480769,0.026126,0.001000,0.001000,0.001000,0.001000,0.001000
1049.500000,0.027198,0.001000,0.001000,0.001000,0.001000,0.001000
1049.519231,0.028253,0.001000,0.001000,0.001000,0.001000,0.001000
1049.538462,0.029290,0.001000,0.001000,0.001000,0.001000,0.001000
1049.557692,0.030308,0.001000,0.001000,0.001000,0.001000,0.001000
1049.576923,0.031306,0.001000,0.001000,0.001000,0.001000,0.001000
1049.596154,0.032284,0.001000,0.001000,0.001000,0.001000,0.001000
1049.615385,0.033242,0.001000,0.001000,0.001000,0.001000,0.001000
1049.634615,0.034178,0.001000,0.001000,0.001000,0.001000,0.001000
1049.653846,0.035092,0.001000,0.001000,0.001000,0.001000,0.001000
1049.673077,0.035984,0.001000,0.001000,0.001000,0.001000,0.001000
1049.692308,0.036852,0.001000,0.001000,0.001000,0.001000,0.001000
1049.711538,0.037697,0.001000,0.001000,0.001000,0.001000,0.001000
1049.730769,0.038517,0.001000,0.001000,0.001000,0.001000,0.001000
1049.750000,0.039313,0.001000,0.001000,0.001000,0.001000,0.001000
1049.769231,0.040084,0.001000,0.001000,0.001000,0.001000,0.001000
1049.788462,0.040829,0.001000,0.001000,0.001000,0.001000,0.001000
1049.807692,0.041547,0.001000,0.001000,0.001000,0.001000,0.001000
1049.826923,0.042239,0.001000,0.001000,0.001000,0.001000,0.001000
1049.846154,0.042904,0.001000,0.001000,0.001000,0.001000,0.001000
1049.865385,0.043541,0.001000,0.001000,0.001000,0.001000,0.001000
1049.884615,0.044150,0.001000,0.001000,0.001000,0.001000,0.001000
1049.903846,0.044731,0.001000,0.001000,0.001000,0.001000,0.001000
1049.923077,0.045283,0.001000,0.001000,0.001000,0.001000,0.001000
1049.942308,0.045806,0.001000,0.001000,0.001000,0.001000,0.001000
1049.961538,0.046299,0.001000,0.001000,0.001000,0.001000,0.001000
1049.980769,0.046763,0.001000,0.001000,0.001000,0.001000,0.001000
1050.000000,0.047196,0.001000,0.001000,0.001000,0.001000,0.001000
1050.019231,0.047600,0.001000,0.001000,0.001000,0.001000,0.001000
1050.038462,0.047972,0.001000,0.001000,0.001000,0.001000,0.001000
1050.057692,0.048314,0.001000,0.001000,0.001000,0.001000,0.001000
1050.076923,0.048625,0.001000,0.001000,0.001000,0.001000,0.001000
1050.096154,0.048905,0.001000,0.001000,0.001000,0.001000,0.001000
1050.115385,0.049153,0.001000,0.001000,0.001000,0.001000,0.001000
1050.134615,0.049369,0.001000,0.001000,0.001000,0.001000,0.001000
1050.153846,0.049554,0.001000,0.001000,0.001000,0.001000,0.001000
1050.173077,0.049707,0.001000,0.001000,0.001000,0.001000,0.001000
1050.192308,0.049828,0.001000,0.001000,0.001000,0.001000,0.001000
1050.211538,0.049917,0.001000,0.001000,0.001000,0.001000,0.001000
1050.230769,0.049974,0.001000,0.001000,0.001000,0.001000,0.001000
1050.250000,0.049999,0.001000,0.001000,0.001000,0.001000,0.001000
1050.269231,0.049991,0.001000,0.001000,0.001000,0.001000,0.001000
1050.288462,0.049952,0.001000,0.001000,0.001000,0.001000,0.001000
1050.307692,0.049880,0.001000,0.001000,0.001000,0.001000,0.001000
1050.326923,0.049777,0.001000,0.001000,0.001000,0.001000,0.001000
1050.346154,0.049641,0.001000,0.001000,0.001000,0.001000,0.001000
1050.365385,0.049474,0.001000,0.001000,0.001000,0.001000,0.001000
1050.384615,0.049274,0.001000,0.001000,0.001000,0.001000,0.001000
1050.403846,0.049043,0.001000,0.001000,0.001000,0.001000,0.001000
1050.423077,0.048781,0.001000,0.001000,0.001000,0.001000,0.001000
1050.442308,0.048487,0.001000,0.001000,0.001000,0.001000,0.001000
1050.461538,0.048162,0.001000,0.001000,0.001000,0.001000,0.001000
1050.480769,0.047806,0.001000,0.001000,0.001000,0.001000,0.001000
1050.500000,0.047419,0.001000,0.001000,0.001000,0.001000,0.001000
1050.519231,0.047002,0.001000,0.001000,0.001000,0.001000,0.001000
1050.538462,0.046554,0.001000,0.001000,0.001000,0.001000,0.001000
1050.557692,0.046077,0.001000,0.001000,0.001000,0.001000,0.001000
1050.576923,0.045570,0.001000,0.001000,0.001000,0.001000,0.001000
1050.596154,0.045034,0.001000,0.001000,0.001000,0.001000,0.001000
1050.615385,0.044469,0.001000,0.001000,0.001000,0.001000,0.001000
1050.634615,0.043875,0.001000,0.001000,0.001000,0.001000,0.001000
1050.653846,0.043253,0.001000,0.001000,0.001000,0.001000,0.001000
1050.673077,0.042603,0.001000,0.001000,0.001000,0.001000,0.001000
1050.692308,0.041926,0.001000,0.001000,0.001000,0.001000,0.001000
1050.711538,0.041222,0.001000,0.001000,0.001000,0.001000,0.001000
1050.730769,0.040491,0.001000,0.001000,0.001000,0.001000,0.001000
1050.750000,0.039735,0.001000,0.001000,0.001000,0.001000,0.001000
1050.769231,0.038952,0.001000,0.001000,0.001000,0.001000,0.001000
1050.788462,0.038145,0.001000,0.001000,0.001000,0.001000,0.001000
1050.807692,0.037313,0.001000,0.001000,0.001000,0.001000,0.001000
1050.826923,0.036458,0.001000,0.001000,0.001000,0.001000,0.001000
1050.846154,0.035579,0.001000,0.001000,0.001000,0.001000,0.001000
1050.865385,0.034677,0.001000,0.001000,0.001000,0.001000,0.001000
1050.884615,0.033752,0.001000,0.001000,0.001000,0.001000,0.001000
1050.903846,0.032806,0.001000,0.001000,0.001000,0.001000,0.001000
1050.923077,0.031839,0.001000,0.001000,0.001000,0.001000,0.001000
1050.942308,0.030852,0.001000,0.001000,0.001000,0.001000,0.001000
1050.961538,0.029844,0.001000,0.001000,0.001000,0.001000,0.001000
1050.980769,0.028818,0.001000,0.001000,0.001000,0.001000,0.001000
1051.000000,0.027773,0.001000,0.001000,0.001000,0.001000,0.001000
1051.019231,0.026710,0.001000,0.001000,0.001000,0.001000,0.001000
1051.038462,0.025630,0.001000,0.001000,0.001000,0.001000,0.001000
1051.057692,0.024533,0.001000,0.001000,0.001000,0.001000,0.001000
1051.076923,0.023421,0.001000,0.001000,0.001000,0.001000,0.001000
1051.096154,0.022293,0.001000,0.001000,0.001000,0.001000,0.001000
1051.115385,0.021152,0.001000,0.001000,0.001000,0.001000,0.001000
1051.134615,0.019996,0.001000,0.001000,0.001000,0.001000,0.001000
1051.153846,0.018828,0.001000,0.001000,0.001000,0.001000,0.001000
1051.173077,0.017648,0.001000,0.001000,0.001000,0.001000,0.001000
1051.192308,0.016456,0.001000,0.001000,0.001000,0.001000,0.001000
1051.211538,0.015254,0.001000,0.001000,0.001000,0.001000,0.001000
1051.230769,0.014042,0.001000,0.001000,0.001000,0.001000,0.001000
1051.250000,0.012821,0.001000,0.001000,0.001000,0.001000,0.001000
1051.269231,0.011592,0.001000,0.001000,0.001000,0.001000,0.001000
1051.288462,0.010355,0.001000,0.001000,0.001000,0.001000,0.001000
1051.307692,0.009112,0.001000,0.001000,0.001000,0.001000,0.001000
1051.326923,0.007863,0.001000,0.001000,0.001000,0.001000,0.001000
1051.346154,0.006608,0.001000,0.001000,0.001000,0.001000,0.001000
1051.365385,0.005350,0.001000,0.001000,0.001000,0.001000,0.001000
1051.384615,0.004088,0.001000,0.001000,0.001000,0.001000,0.001000
1051.403846,0.002823,0.001000,0.001000,0.001000,0.001000,0.001000
1051.423077,0.001557,0.001000,0.001000,0.001000,0.001000,0.001000
1051.442308,0.000290,0.001000,0.001000,0.001000,0.001000,0.001000
1051.461538,-0.000978,0.001000,0.001000,0.001000,0.001000,0.001000
1051.480769,-0.002245,0.001000,0.001000,0.001000,0.001000,0.001000
1051.500000,-0.003511,0.001000,0.001000,0.001000,0.001000,0.001000
1051.519231,-0.004774,0.001000,0.001000,0.001000,0.001000,0.001000
1051.538462,-0.006034,0.001000,0.001000,0.001000,0.001000,0.001000
1051.557692,-0.007290,0.001000,0.001000,0.001000,0.001000,0.001000
1051.576923,-0.008542,0.001000,0.001000,0.001000,0.001000,0.001000
1051.596154,-0.009788,0.001000,0.001000,0.001000,0.001000,0.001000
1051.615385,-0.011028,0.001000,0.001000,0.001000,0.001000,0.001000
1051.634615,-0.012261,0.001000,0.001000,0.001000,0.001000,0.001000
1051.653846,-0.013485,0.001000,0.001000,0.001000,0.001000,0.001000
1051.673077,-0.014702,0.001000,0.001000,0.001000,0.001000,0.001000
1051.692308,-0.015908,0.001000,0.001000,0.001000,0.001000,0.001000
1051.711538,-0.017105,0.001000,0.001000,0.001000,0.001000,0.001000
1051.730769,-0.018291,0.001000,0.001000,0.001000,0.001000,0.001000
1051.750000,-0.019464,0.001000,0.001000,0.001000,0.001000,0.001000
1051.769231,-0.020626,0.001000,0.001000,0.001000,0.001000,0.001000
1051.788462,-0.021774,0.001000,0.001000,0.001000,0.001000,0.001000
1051.807692,-0.022908,0.001000,0.001000,0.001000,0.001000,0.001000
1051.826923,-0.024027,0.001000,0.001000,0.001000,0.001000,0.001000
1051.846154,-0.025131,0.001000,0.001000,0.001000,0.001000,0.001000
1051.865385,-0.026218,0.001000,0.001000,0.001000,0.001000,0.001000
1051.884615,-0.027289,0.001000,0.001000,0.001000,0.001000,0.001000
1051.903846,-0.028343,0.001000,0.001000,0.001000,0.001000,0.001000
1051.923077,-0.029378,0.001000,0.001000,0.001000,0.001000,0.001000
1051.942308,-0.030394,0.001000,0.001000,0.001000,0.001000,0.001000
1051.961538,-0.031391,0.001000,0.001000,0.001000,0.001000,0.001000
1051.980769,-0.032367,0.001000,0.001000,0.001000,0.001000,0.001000
1052.000000,-0.033323,0.001000,0.001000,0.001000,0.001000,0.001000
1052.019231,-0.034257,0.001000,0.001000,0.001000,0.001000,0.001000
1052.038462,-0.035169,0.001000,0.001000,0.001000,0.001000,0.001000
1052.057692,-0.036059,0.001000,0.001000,0.001000,0.001000,0.001000
1052.076923,-0.036925,0.001000,0.001000,0.001000,0.001000,0.001000
1052.096154,-0.037768,0.001000,0.001000,0.001000,0.001000,0.001000
1052.115385,-0.038587,0.001000,0.001000,0.001000,0.001000,0.001000
1052.134615,-0.039380,0.001000,0.001000,0.001000,0.001000,0.001000
1052.153846,-0.040149,0.001000,0.001000,0.001000,0.001000,0.001000
1052.173077,-0.040891,0.001000,0.001000,0.001000,0.001000,0.001000
1052.192308,-0.041608,0.001000,0.001000,0.001000,0.001000,0.001000
1052.211538,-0.042297,0.001000,0.001000,0.001000,0.001000,0.001000
1052.230769,-0.042959,0.001000,0.001000,0.001000,0.001000,0.001000
1052.250000,-0.043594,0.001000,0.001000,0.001000,0.001000,0.001000
1052.269231,-0.044201,0.001000,0.001000,0.001000,0.001000,0.001000
1052.288462,-0.044779,0.001000,0.001000,0.001000,0.001000,0.001000
1052.307692,-0.045329,0.001000,0.001000,0.001000,0.001000,0.001000
1052.326923,-0.045849,0.001000,0.001000,0.001000,0.001000,0.001000
1052.346154,-0.046340,0.001000,0.001000,0.001000,0.001000,0.001000
1052.365385,-0.046801,0.001000,0.001000,0.001000,0.001000,0.001000
1052.384615,-0.047232,0.001000,0.001000,0.001000,0.001000,0.001000
1052.403846,-0.047633,0.001000,0.001000,0.001000,0.001000,0.001000
1052.423077,-0.048003,0.001000,0.001000,0.001000,0.001000,0.001000
1052.442308,-0.048342,0.001000,0.001000,0.001000,0.001000,0.001000
1052.461538,-0.048650,0.001000,0.001000,0.001000,0.001000,0.001000
1052.480769,-0.048927,0.001000,0.001000,0.001000,0.001000,0.001000
1052.500000,-0.049173,0.001000,0.001000,0.001000,0.001000,0.001000
1052.519231,-0.049386,0.001000,0.001000,0.001000,0.001000,0.001000
1052.538462,-0.049569,0.001000,0.001000,0.001000,0.001000,0.001000
1052.557692,-0.049719,0.001000,0.001000,0.001000,0.001000,0.001000
1052.576923,-0.049837,0.001000,0.001000,0.001000,0.001000,0.001000
1052.596154,-0.049923,0.001000,0.001000,0.001000,0.001000,0.001000
1052.615385,-0.049977,0.001000,0.001000,0.001000,0.001000,0.001000
1052.634615,-0.049999,0.001000,0.001000,0.001000,0.001000,0.001000
1052.653846,-0.049989,0.001000,0.001000,0.001000,0.001000,0.001000
1052.673077,-0.049947,0.001000,0.001000,0.001000,0.001000,0.001000
1052.692308,-0.049873,0.001000,0.001000,0.001000,0.001000,0.001000
1052.711538,-0.049766,0.001000,0.001000,0.001000,0.001000,0.001000
1052.730769,-0.049628,0.001000,0.001000,0.001000,0.001000,0.001000
1052.750000,-0.049458,0.001000,0.001000,0.001000,0.001000,0.001000
1052.769231,-0.049256,0.001000,0.001000,0.001000,0.001000,0.001000
1052.788462,-0.049022,0.001000,0.001000,0.001000,0.001000,0.001000
1052.807692,-0.048757,0.001000,0.001000,0.001000,0.001000,0.001000
1052.826923,-0.048460,0.001000,0.001000,0.001000,0.001000,0.001000
1052.846154,-0.048132,0.001000,0.001000,0.001000,0.001000,0.001000
1052.865385,-0.047774,0.001000,0.001000,0.001000,0.001000,0.001000
1052.884615,-0.047384,0.001000,0.001000,0.001000,0.001000,0.001000
1052.903846,-0.046965,0.001000,0.001000,0.001000,0.001000,0.001000
1052.923077,-0.046515,0.001000,0.001000,0.001000,0.001000,0.001000
1052.942308,-0.046035,0.001000,0.001000,0.001000,0.001000,0.001000
1052.961538,-0.045525,0.001000,0.001000,0.001000,0.001000,0.001000
1052.980769,-0.044986,0.001000,0.001000,0.001000,0.001000,0.001000
1053.000000,-0.044419,0.001000,0.001000,0.001000,0.001000,0.001000
1053.019231,-0.043823,0.001000,0.001000,0.001000,0.001000,0.001000
1053.038462,-0.043198,0.001000,0.001000,0.001000,0.001000,0.001000
1053.057692,-0.042546,0.001000,0.001000,0.001000,0.001000,0.001000
1053.076923,-0.041867,0.001000,0.001000,0.001000,0.001000,0.001000
1053.096154,-0.041160,0.001000,0.001000,0.001000,0.001000,0.001000
1053.115385,-0.040427,0.001000,0.001000,0.001000,0.001000,0.001000
1053.134615,-0.039668,0.001000,0.001000,0.001000,0.001000,0.001000
1053.153846,-0.038884,0.001000,0.001000,0.001000,0.001000,0.001000
1053.173077,-0.038075,0.001000,0.001000,0.001000,0.001000,0.001000
1053.192308,-0.037241,0.001000,0.001000,0.001000,0.001000,0.001000
1053.211538,-0.036383,0.001000,0.001000,0.001000,0.001000,0.001000
1053.230769,-0.035502,0.001000,0.001000,0.001000,0.001000,0.001000
1053.250000,-0.034598,0.001000,0.001000,0.001000,0.001000,0.001000
1053.269231,-0.033672,0.001000,0.001000,0.001000,0.001000,0.001000
1053.288462,-0.032724,0.001000,0.001000,0.001000,0.001000,0.001000
1053.307692,-0.031755,0.001000,0.001000,0.001000,0.001000,0.001000
1053.326923,-0.030766,0.001000,0.001000,0.001000,0.001000,0.001000
1053.346154,-0.029757,0.001000,0.001000,0.001000,0.001000,0.001000
1053.365385,-0.028729,0.001000,0.001000,0.001000,0.001000,0.001000
1053.384615,-0.027682,0.001000,0.001000,0.001000,0.001000,0.001000
1053.403846,-0.026618,0.001000,0.001000,0.001000,0.001000,0.001000
1053.423077,-0.025536,0.001000,0.001000,0.001000,0.001000,0.001000
1053.442308,-0.024438,0.001000,0.001000,0.001000,0.001000,0.001000
1053.461538,-0.023325,0.001000,0.001000,0.001000,0.001000,0.001000
1053.480769,-0.022196,0.001000,0.001000,0.001000,0.001000,0.001000
1053.500000,-0.021053,0.001000,0.001000,0.001000,0.001000,0.001000
1053.519231,-0.019897,0.001000,0.001000,0.001000,0.001000,0.001000
1053.538462,-0.018728,0.001000,0.001000,0.001000,0.001000,0.001000
1053.557692,-0.017546,0.001000,0.001000,0.001000,0.001000,0.001000
1053.576923,-0.016354,0.001000,0.001000,0.001000,0.001000,0.001000
1053.596154,-0.015151,0.001000,0.001000,0.001000,0.001000,0.001000
1053.615385,-0.013938,0.001000,0.001000,0.001000,0.001000,0.001000
1053.634615,-0.012716,0.001000,0.001000,0.001000,0.001000,0.001000
1053.653846,-0.011486,0.001000,0.001000,0.001000,0.001000,0.001000
1053.673077,-0.010249,0.001000,0.001000,0.001000,0.001000,0.001000
1053.692308,-0.009005,0.001000,0.001000,0.001000,0.001000,0.001000
1053.711538,-0.007755,0.001000,0.001000,0.001000,0.001000,0.001000
1053.730769,-0.006501,0.001000,0.001000,0.001000,0.001000,0.001000
1053.750000,-0.005242,0.001000,0.001000,0.001000,0.001000,0.001000
1053.769231,-0.003980,0.001000,0.001000,0.001000,0.001000,0.001000
1053.788462,-0.002715,0.001000,0.001000,0.001000,0.001000,0.001000
1053.807692,-0.001448,0.001000,0.001000,0.001000,0.001000,0.001000
1053.826923,-0.000181,0.001000,0.001000,0.001000,0.001000,0.001000
1053.846154,0.001087,0.001000,0.001000,0.001000,0.001000,0.001000
1053.865385,0.002354,0.001000,0.001000,0.001000,0.001000,0.001000
1053.884615,0.003619,0.001000,0.001000,0.001000,0.001000,0.001000
1053.903846,0.004882,0.001000,0.001000,0.001000,0.001000,0.001000
1053.923077,0.006142,0.001000,0.001000,0.001000,0.001000,0.001000
1053.942308,0.007398,0.001000,0.001000,0.001000,0.001000,0.001000
1053.961538,0.008649,0.001000,0.001000,0.001000,0.001000,0.001000
1053.980769,0.009895,0.001000,0.001000,0.001000,0.001000,0.001000
1054.000000,0.011134,0.001000,0.001000,0.001000,0.001000,0.001000
1054.019231,0.012366,0.001000,0.001000,0.001000,0.001000,0.001000
1054.038462,0.013590,0.001000,0.001000,0.001000,0.001000,0.001000
1054.057692,0.014806,0.001000,0.001000,0.001000,0.001000,0.001000
1054.076923,0.016011,0.001000,0.001000,0.001000,0.001000,0.001000
1054.096154,0.017207,0.001000,0.001000,0.001000,0.001000,0.001000
1054.115385,0.018392,0.001000,0.001000,0.001000,0.001000,0.001000
1054.134615,0.019564,0.001000,0.001000,0.001000,0.001000,0.001000
1054.153846,0.020725,0.001000,0.001000,0.001000,0.001000,0.001000
1054.173077,0.021871,0.001000,0.001000,0.001000,0.001000,0.001000
1054.192308,0.023004,0.001000,0.001000,0.001000,0.001000,0.001000
1054.211538,0.024122,0.001000,0.001000,0.001000,0.001000,0.001000
1054.230769,0.025225,0.001000,0.001000,0.001000,0.001000,0.001000
1054.250000,0.026311,0.001000,0.001000,0.001000,0.001000,0.001000
1054.269231,0.027380,0.001000,0.001000,0.001000,0.001000,0.001000
1054.288462,0.028432,0.001000,0.001000,0.001000,0.001000,0.001000
1054.307692,0.029466,0.001000,0.001000,0.001000,0.001000,0.001000
1054.326923,0.030480,0.001000,0.001000,0.001000,0.001000,0.001000
1054.346154,0.031475,0.001000,0.001000,0.001000,0.001000,0.001000
1054.365385,0.032450,0.001000,0.001000,0.001000,0.001000,0.001000
1054.384615,0.033404,0.001000,0.001000,0.001000,0.001000,0.001000
1054.403846,0.034336,0.001000,0.001000,0.001000,0.001000,0.001000
1054.423077,0.035246,0.001000,0.001000,0.001000,0.001000,0.001000
1054.442308,0.036134,0.001000,0.001000,0.001000,0.001000,0.001000
1054.461538,0.036999,0.001000,0.001000,0.001000,0.001000,0.001000
1054.480769,0.037839,0.001000,0.001000,0.001000,0.001000,0.001000
1054.500000,0.038656,0.001000,0.001000,0.001000,0.001000,0.001000
1054.519231,0.039447,0.001000,0.001000,0.001000,0.001000,0.001000
1054.538462,0.040213,0.001000,0.001000,0.001000,0.001000,0.001000
1054.557692,0.040954,0.001000,0.001000,0.001000,0.001000,0.001000
1054.576923,0.041668,0.001000,0.001000,0.001000,0.001000,0.001000
1054.596154,0.042355,0.001000,0.001000,0.001000,0.001000,0.001000
1054.615385,0.043015,0.001000,0.001000,0.001000,0.001000,0.001000
1054.634615,0.043647,0.001000,0.001000,0.001000,0.001000,0.001000
1054.653846,0.044252,0.001000,0.001000,0.001000,0.001000,0.001000
1054.673077,0.044827,0.001000,0.001000,0.001000,0.001000,0.001000
1054.692308,0.045374,0.001000,0.001000,0.001000,0.001000,0.001000
1054.711538,0.045892,0.001000,0.001000,0.001000,0.001000,0.001000
1054.730769,0.046381,0.001000,0.001000,0.001000,0.001000,0.001000
1054.750000,0.046839,0.001000,0.001000,0.001000,0.001000,0.001000
1054.769231,0.047268,0.001000,0.001000,0.001000,0.001000,0.001000
1054.788462,0.047666,0.001000,0.001000,0.001000,0.001000,0.001000
1054.807692,0.048033,0.001000,0.001000,0.001000,0.001000,0.001000
1054.826923,0.048370,0.001000,0.001000,0.001000,0.001000,0.001000
1054.846154,0.048675,0.001000,0.001000,0.001000,0.001000,0.001000
1054.865385,0.048949,0.001000,0.001000,0.001000,0.001000,0.001000
1054.884615,0.049192,0.001000,0.001000,0.001000,0.001000,0.001000
1054.903846,0.049403,0.001000,0.001000,0.001000,0.001000,0.001000
1054.923077,0.049583,0.001000,0.001000,0.001000,0.001000,0.001000
1054.942308,0.049730,0.001000,0.001000,0.001000,0.001000,0.001000
1054.961538,0.049846,0.001000,0.001000,0.001000,0.001000,0.001000
1054.980769,0.049929,0.001000,0.001000,0.001000,0.001000,0.001000
1055.000000,0.049981,0.001000,0.001000,0.001000,0.001000,0.001000
1055.019231,0.050000,0.001000,0.001000,0.001000,0.001000,0.001000
1055.038462,0.049987,0.001000,0.001000,0.001000,0.001000,0.001000
1055.057692,0.049942,0.001000,0.001000,0.001000,0.001000,0.001000
1055.076923,0.049865,0.001000,0.001000,0.001000,0.001000,0.001000
1055.096154,0.049756,0.001000,0.001000,0.001000,0.001000,0.001000
1055.115385,0.049615,0.001000,0.001000,0.001000,0.001000,0.001000
1055.134615,0.049442,0.001000,0.001000,0.001000,0.001000,0.001000
1055.153846,0.049237,0.001000,0.001000,0.001000,0.001000,0.001000
1055.173077,0.049000,0.001000,0.001000,0.001000,0.001000,0.001000
1055.192308,0.048732,0.001000,0.001000,0.001000,0.001000,0.001000
1055.211538,0.048433,0.001000,0.001000,0.001000,0.001000,0.001000
1055.230769,0.048103,0.001000,0.001000,0.001000,0.001000,0.001000
1055.250000,0.047742,0.001000,0.001000,0.001000,0.001000,0.001000
1055.269231,0.047350,0.001000,0.001000,0.001000,0.001000,0.001000
1055.288462,0.046927,0.001000,0.001000,0.001000,0.001000,0.001000
1055.307692,0.046475,0.001000,0.001000,0.001000,0.001000,0.001000
1055.326923,0.045992,0.001000,0.001000,0.001000,0.001000,0.001000
1055.346154,0.045480,0.001000,0.001000,0.001000,0.001000,0.001000
1055.365385,0.044939,0.001000,0.001000,0.001000,0.001000,0.001000
1055.384615,0.044369,0.001000,0.001000,0.001000,0.001000,0.001000
1055.403846,0.043770,0.001000,0.001000,0.001000,0.001000,0.001000
1055.423077,0.043143,0.001000,0.001000,0.001000,0.001000,0.001000
1055.442308,0.042489,0.001000,0.001000,0.001000,0.001000,0.001000
1055.461538,0.041807,0.001000,0.001000,0.001000,0.001000,0.001000
1055.480769,0.041098,0.001000,0.001000,0.001000,0.001000,0.001000
1055.500000,0.040363,0.001000,0.001000,0.001000,0.001000,0.001000
1055.519231,0.039602,0.001000,0.001000,0.001000,0.001000,0.001000
1055.538462,0.038816,0.001000,0.001000,0.001000,0.001000,0.001000
1055.557692,0.038004,0.001000,0.001000,0.001000,0.001000,0.001000
1055.576923,0.037168,0.001000,0.001000,0.001000,0.001000,0.001000
1055.596154,0.036309,0.001000,0.001000,0.001000,0.001000,0.001000
1055.615385,0.035426,0.001000,0.001000,0.001000,0.001000,0.001000
1055.634615,0.034520,0.001000,0.001000,0.001000,0.001000,0.001000
1055.653846,0.033592,0.001000,0.001000,0.001000,0.001000,0.001000
1055.673077,0.032642,0.001000,0.001000,0.001000,0.001000,0.001000
1055.692308,0.031671,0.001000,0.001000,0.001000,0.001000,0.001000
1055.711538,0.030680,0.001000,0.001000,0.001000,0.001000,0.001000
1055.730769,0.029670,0.001000,0.001000,0.001000,0.001000,0.001000
1055.750000,0.028640,0.001000,0.001000,0.001000,0.001000,0.001000
1055.769231,0.027592,0.001000,0.001000,0.001000,0.001000,0.001000
1055.788462,0.026526,0.001000,0.001000,0.001000,0.001000,0.001000
1055.807692,0.025443,0.001000,0.001000,0.001000,0.001000,0.001000
1055.826923,0.024343,0.001000,0.001000,0.001000,0.001000,0.001000
1055.846154,0.023229,0.001000,0.001000,0.001000,0.001000,0.001000
1055.865385,0.022099,0.001000,0.001000,0.001000,0.001000,0.001000
1055.884615,0.020955,0.001000,0.001000,0.001000,0.001000,0.001000
1055.903846,0.019797,0.001000,0.001000,0.001000,0.001000,0.001000
1055.923077,0.018627,0.001000,0.001000,0.001000,0.001000,0.001000
1055.942308,0.017444,0.001000,0.001000,0.001000,0.001000,0.001000
1055.961538,0.016251,0.001000,0.001000,0.001000,0.001000,0.001000
1055.980769,0.015047,0.001000,0.001000,0.001000,0.001000,0.001000
1056.000000,0.013833,0.001000,0.001000,0.001000,0.001000,0.001000
1056.019231,0.012611,0.001000,0.001000,0.001000,0.001000,0.001000
1056.038462,0.011380,0.001000,0.001000,0.001000,0.001000,0.001000
1056.057692,0.010142,0.001000,0.001000,0.001000,0.001000,0.001000
1056.076923,0.008898,0.001000,0.001000,0.001000,0.001000,0.001000
1056.096154,0.007648,0.001000,0.001000,0.001000,0.001000,0.001000
1056.115385,0.006393,0.001000,0.001000,0.001000,0.001000,0.001000
1056.134615,0.005134,0.001000,0.001000,0.001000,0.001000,0.001000
1056.153846,0.003871,0.001000,0.001000,0.001000,0.001000,0.001000
1056.173077,0.002606,0.001000,0.001000,0.001000,0.001000,0.001000
1056.192308,0.001340,0.001000,0.001000,0.001000,0.001000,0.001000
1056.211538,0.000072,0.001000,0.001000,0.001000,0.001000,0.001000
1056.230769,-0.001195,0.001000,0.001000,0.001000,0.001000,0.001000
1056.250000,-0.002462,0.001000,0.001000,0.001000,0.001000,0.001000
1056.269231,-0.003727,0.001000,0.001000,0.001000,0.001000,0.001000
1056.288462,-0.004990,0.001000,0.001000,0.001000,0.001000,0.001000
1056.307692,-0.006250,0.001000,0.001000,0.001000,0.001000,0.001000
1056.326923,-0.007505,0.001000,0.001000,0.001000,0.001000,0.001000
1056.346154,-0.008756,0.001000,0.001000,0.001000,0.001000,0.001000
1056.365385,-0.010001,0.001000,0.001000,0.001000,0.001000,0.001000
1056.384615,-0.011240,0.001000,0.001000,0.001000,0.001000,0.001000
1056.403846,-0.012471,0.001000,0.001000,0.001000,0.001000,0.001000
1056.423077,-0.013695,0.001000,0.001000,0.001000,0.001000,0.001000
1056.442308,-0.014909,0.001000,0.001000,0.001000,0.001000,0.001000
1056.461538,-0.016114,0.001000,0.001000,0.001000,0.001000,0.001000
1056.480769,-0.017309,0.001000,0.001000,0.001000,0.001000,0.001000
1056.500000,-0.018493,0.001000,0.001000,0.001000,0.001000,0.001000
1056.519231,-0.019664,0.001000,0.001000,0.001000,0.001000,0.001000
1056.538462,-0.020823,0.001000,0.001000,0.001000,0.001000,0.001000
1056.557692,-0.021969,0.001000,0.001000,0.001000,0.001000,0.001000
1056.576923,-0.023101,0.001000,0.001000,0.001000,0.001000,0.001000
1056.596154,-0.024217,0.001000,0.001000,0.001000,0.001000,0.001000
1056.615385,-0.025318,0.001000,0.001000,0.001000,0.001000,0.001000
1056.634615,-0.026403,0.001000,0.001000,0.001000,0.001000,0.001000
1056.653846,-0.027471,0.001000,0.001000,0.001000,0.001000,0.001000
1056.673077,-0.028521,0.001000,0.001000,0.001000,0.001000,0.001000
1056.692308,-0.029553,0.001000,0.001000,0.001000,0.001000,0.001000
1056.711538,-0.030566,0.001000,0.001000,0.001000,0.001000,0.001000
1056.730769,-0.031559,0.001000,0.001000,0.001000,0.001000,0.001000
1056.750000,-0.032532,0.001000,0.001000,0.001000,0.001000,0.001000
1056.769231,-0.033485,0.001000,0.001000,0.001000,0.001000,0.001000
1056.788462,-0.034415,0.001000,0.001000,0.001000,0.001000,0.001000
1056.807692,-0.035323,0.001000,0.001000,0.001000,0.001000,0.001000
1056.826923,-0.036209,0.001000,0.001000,0.001000,0.001000,0.001000
1056.846154,-0.037072,0.001000,0.001000,0.001000,0.001000,0.001000
1056.865385,-0.037910,0.001000,0.001000,0.001000,0.001000,0.001000
1056.884615,-0.038725,0.001000,0.001000,0.001000,0.001000,0.001000
1056.903846,-0.039514,0.001000,0.001000,0.001000,0.001000,0.001000
1056.923077,-0.040278,0.001000,0.001000,0.001000,0.001000,0.001000
1056.942308,-0.041016,0.001000,0.001000,0.001000,0.001000,0.001000
1056.961538,-0.041728,0.001000,0.001000,0.001000,0.001000,0.001000
1056.980769,-0.042413,0.001000,0.001000,0.001000,0.001000,0.001000
1057.000000,-0.043070,0.001000,0.001000,0.001000,0.001000,0.001000
1057.019231,-0.043700,0.001000,0.001000,0.001000,0.001000,0.001000
1057.038462,-0.044302,0.001000,0.001000,0.001000,0.001000,0.001000
1057.057692,-0.044875,0.001000,0.001000,0.001000,0.001000,0.001000
1057.076923,-0.045420,0.001000,0.001000,0.001000,0.001000,0.001000
1057.096154,-0.045935,0.001000,0.001000,0.001000,0.001000,0.001000
1057.115385,-0.046421,0.001000,0.001000,0.001000,0.001000,0.001000
1057.134615,-0.046877,0.001000,0.001000,0.001000,0.001000,0.001000
1057.153846,-0.047303,0.001000,0.001000,0.001000,0.001000,0.001000
1057.173077,-0.047698,0.001000,0.001000,0.001000,0.001000,0.001000
1057.192308,-0.048063,0.001000,0.001000,0.001000,0.001000,0.001000
1057.211538,-0.048397,0.001000,0.001000,0.001000,0.001000,0.001000
1057.230769,-0.048700,0.001000,0.001000,0.001000,0.001000,0.001000
1057.250000,-0.048971,0.001000,0.001000,0.001000,0.001000,0.001000
1057.269231,-0.049212,0.001000,0.001000,0.001000,0.001000,0.001000
1057.288462,-0.049420,0.001000,0.001000,0.001000,0.001000,0.001000
1057.307692,-0.049597,0.001000,0.001000,0.001000,0.001000,0.001000
1057.326923,-0.049741,0.001000,0.001000,0.001000,0.001000,0.001000
1057.346154,-0.049854,0.001000,0.001000,0.001000,0.001000,0.001000
1057.365385,-0.049935,0.001000,0.001000,0.001000,0.001000,0.001000
1057.384615,-0.049983,0.001000,0.001000,0.001000,0.001000,0.001000
1057.403846,-0.050000,0.001000,0.001000,0.001000,0.001000,0.001000
1057.423077,-0.049984,0.001000,0.001000,0.001000,0.001000,0.001000
1057.442308,-0.049937,0.001000,0.001000,0.001000,0.001000,0.001000
1057.461538,-0.049857,0.001000,0.001000,0.001000,0.001000,0.001000
1057.480769,-0.049745,0.001000,0.001000,0.001000,0.001000,0.001000
1057.500000,-0.049601,0.001000,0.001000,0.001000,0.001000,0.001000
1057.519231,-0.049425,0.001000,0.001000,0.001000,0.001000,0.001000
1057.538462,-0.049218,0.001000,0.001000,0.001000,0.001000,0.001000
1057.557692,-0.048979,0.001000,0.001000,0.001000,0.001000,0.001000
1057.576923,-0.048708,0.001000,0.001000,0.001000,0.001000,0.001000
1057.596154,-0.048406,0.001000,0.001000,0.001000,0.001000,0.001000
1057.615385,-0.048073,0.001000,0.001000,0.001000,0.001000,0.001000
1057.634615,-0.047709,0.001000,0.001000,0.001000,0.001000,0.001000
1057.653846,-0.047315,0.001000,0.001000,0.001000,0.001000,0.001000
1057.673077,-0.046890,0.001000,0.001000,0.001000,0.001000,0.001000
1057.692308,-0.046434,0.001000,0.001000,0.001000,0.001000,0.001000
1057.711538,-0.045949,0.001000,0.001000,0.001000,0.001000,0.001000
1057.730769,-0.045435,0.001000,0.001000,0.001000,0.001000,0.001000
1057.750000,-0.044891,0.001000,0.001000,0.001000,0.001000,0.001000
1057.769231,-0.044319,0.001000,0.001000,0.001000,0.001000,0.001000
1057.788462,-0.043717,0.001000,0.001000,0.001000,0.001000,0.001000
1057.807692,-0.043088,0.001000,0.001000,0.001000,0.001000,0.001000
1057.826923,-0.042431,0.001000,0.001000,0.001000,0.001000,0.001000
1057.846154,-0.041747,0.001000,0.001000,0.001000,0.001000,0.001000
1057.865385,-0.041036,0.001000,0.001000,0.001000,0.001000,0.001000
1057.884615,-0.040299,0.001000,0.001000,0.001000,0.001000,0.001000
1057.903846,-0.039536,0.001000,0.001000,0.001000,0.001000,0.001000
1057.923077,-0.038747,0.001000,0.001000,0.001000,0.001000,0.001000
1057.942308,-0.037934,0.001000,0.001000,0.001000,0.001000,0.001000
1057.961538,-0.037096,0.001000,0.001000,0.001000,0.001000,0.001000
1057.980769,-0.036234,0.001000,0.001000,0.001000,0.001000,0.001000
1058.000000,-0.035349,0.001000,0.001000,0.001000,0.001000,0.001000
1058.019231,-0.034441,0.001000,0.001000,0.001000,0.001000,0.001000
1058.038462,-0.033511,0.001000,0.001000,0.001000,0.001000,0.001000
1058.057692,-0.032560,0.001000,0.001000,0.001000,0.001000,0.001000
1058.076923,-0.031587,0.001000,0.001000,0.001000,0.001000,0.001000
1058.096154,-0.030594,0.001000,0.001000,0.001000,0.001000,0.001000
1058.115385,-0.029582,0.001000,0.001000,0.001000,0.001000,0.001000
1058.134615,-0.028551,0.001000,0.001000,0.001000,0.001000,0.001000
1058.153846,-0.027501,0.001000,0.001000,0.001000,0.001000,0.001000
1058.173077,-0.026434,0.001000,0.001000,0.001000,0.001000,0.001000
1058.192308,-0.025349,0.001000,0.001000,0.001000,0.001000,0.001000
1058.211538,-0.024249,0.001000,0.001000,0.001000,0.001000,0.001000
1058.230769,-0.023132,0.001000,0.001000,0.001000,0.001000,0.001000
1058.250000,-0.022001,0.001000,0.001000,0.001000,0.001000,0.001000
1058.269231,-0.020856,0.001000,0.001000,0.001000,0.001000,0.001000
1058.288462,-0.019697,0.001000,0.001000,0.001000,0.001000,0.001000
1058.307692,-0.018526,0.001000,0.001000,0.001000,0.001000,0.001000
1058.326923,-0.017343,0.001000,0.001000,0.001000,0.001000,0.001000
1058.346154,-0.016148,0.001000,0.001000,0.001000,0.001000,0.001000
1058.365385,-0.014943,0.001000,0.001000,0.001000,0.001000,0.001000
1058.384615,-0.013729,0.001000,0.001000,0.001000,0.001000,0.001000
1058.403846,-0.012506,0.001000,0.001000,0.001000,0.001000,0.001000
1058.423077,-0.011275,0.001000,0.001000,0.001000,0.001000,0.001000
1058.442308,-0.010036,0.001000,0.001000,0.001000,0.001000,0.001000
1058.461538,-0.008791,0.001000,0.001000,0.001000,0.001000,0.001000
1058.480769,-0.007541,0.001000,0.001000,0.001000,0.001000,0.001000
1058.500000,-0.006285,0.001000,0.001000,0.001000,0.001000,0.001000
1058.519231,-0.005026,0.001000,0.001000,0.001000,0.001000,0.001000
1058.538462,-0.003763,0.001000,0.001000,0.001000,0.001000,0.001000
1058.557692,-0.002498,0.001000,0.001000,0.001000,0.001000,0.001000
1058.576923,-0.001231,0.001000,0.001000,0.001000,0.001000,0.001000
1058.596154,0.000036,0.001000,0.001000,0.001000,0.001000,0.001000
1058.615385,0.001304,0.001000,0.001000,0.001000,0.001000,0.001000
1058.634615,0.002571,0.001000,0.001000,0.001000,0.001000,0.001000
1058.653846,0.003836,0.001000,0.001000,0.001000,0.001000,0.001000
1058.673077,0.005098,0.001000,0.001000,0.001000,0.001000,0.001000
1058.692308,0.006357,0.001000,0.001000,0.001000,0.001000,0.001000
1058.711538,0.007613,0.001000,0.001000,0.001000,0.001000,0.001000
1058.730769,0.008863,0.001000,0.001000,0.001000,0.001000,0.001000
1058.750000,0.010108,0.001000,0.001000,0.001000,0.001000,0.001000
1058.769231,0.011346,0.001000,0.001000,0.001000,0.001000,0.001000
1058.788462,0.012576,0.001000,0.001000,0.001000,0.001000,0.001000
1058.807692,0.013799,0.001000,0.001000,0.001000,0.001000,0.001000
1058.826923,0.015013,0.001000,0.001000,0.001000,0.001000,0.001000
1058.846154,0.016217,0.001000,0.001000,0.001000,0.001000,0.001000
1058.865385,0.017411,0.001000,0.001000,0.001000,0.001000,0.001000
1058.884615,0.018594,0.001000,0.001000,0.001000,0.001000,0.001000
1058.903846,0.019764,0.001000,0.001000,0.001000,0.001000,0.001000
1058.923077,0.020922,0.001000,0.001000,0.001000,0.001000,0.001000
1058.942308,0.022067,0.001000,0.001000,0.001000,0.001000,0.001000
1058.961538,0.023197,0.001000,0.001000,0.001000,0.001000,0.001000
1058.980769,0.024312,0.001000,0.001000,0.001000,0.001000,0.001000
1059.000000,0.025412,0.001000,0.001000,0.001000,0.001000,0.001000
1059.019231,0.026496,0.001000,0.001000,0.001000,0.001000,0.001000
1059.038462,0.027562,0.001000,0.001000,0.001000,0.001000,0.001000
1059.057692,0.028611,0.001000,0.001000,0.001000,0.001000,0.001000
1059.076923,0.029641,0.001000,0.001000,0.001000,0.001000,0.001000
1059.096154,0.030652,0.001000,0.001000,0.001000,0.001000,0.001000
1059.115385,0.031644,0.001000,0.001000,0.001000,0.001000,0.001000
1059.134615,0.032615,0.001000,0.001000,0.001000,0.001000,0.001000
1059.153846,0.033565,0.001000,0.001000,0.001000,0.001000,0.001000
1059.173077,0.034494,0.001000,0.001000,0.001000,0.001000,0.001000
1059.192308,0.035400,0.001000,0.001000,0.001000,0.001000,0.001000
1059.211538,0.036284,0.001000,0.001000,0.001000,0.001000,0.001000
1059.230769,0.037145,0.001000,0.001000,0.001000,0.001000,0.001000
1059.250000,0.037981,0.001000,0.001000,0.001000,0.001000,0.001000
1059.269231,0.038793,0.001000,0.001000,0.001000,0.001000,0.001000
1059.288462,0.039580,0.001000,0.001000,0.001000,0.001000,0.001000
1059.307692,0.040342,0.001000,0.001000,0.001000,0.001000,0.001000
1059.326923,0.041078,0.001000,0.001000,0.001000,0.001000,0.001000
1059.346154,0.041787,0.001000,0.001000,0.001000,0.001000,0.001000
1059.365385,0.042470,0.001000,0.001000,0.001000,0.001000,0.001000
1059.384615,0.043125,0.001000,0.001000,0.001000,0.001000,0.001000
1059.403846,0.043753,0.001000,0.001000,0.001000,0.001000,0.001000
1059.423077,0.044352,0.001000,0.001000,0.001000,0.001000,0.001000
1059.442308,0.044923,0.001000,0.001000,0.001000,0.001000,0.001000
1059.461538,0.045465,0.001000,0.001000,0.001000,0.001000,0.001000
1059.480769,0.045978,0.001000,0.001000,0.001000,0.001000,0.001000
1059.500000,0.046461,0.001000,0.001000,0.001000,0.001000,0.001000
1059.519231,0.046915,0.001000,0.001000,0.001000,0.001000,0.001000
1059.538462,0.047338,0.001000,0.001000,0.001000,0.001000,0.001000
1059.557692,0.047731,0.001000,0.001000,0.001000,0.001000,0.001000
1059.576923,0.048093,0.001000,0.001000,0.001000,0.001000,0.001000
1059.596154,0.048424,0.001000,0.001000,0.001000,0.001000,0.001000
1059.615385,0.048724,0.001000,0.001000,0.001000,0.001000,0.001000
1059.634615,0.048993,0.001000,0.001000,0.001000,0.001000,0.001000
1059.653846,0.049231,0.001000,0.001000,0.001000,0.001000,0.001000
1059.673077,0.049436,0.001000,0.001000,0.001000,0.001000,0.001000
1059.692308,0.049610,0.001000,0.001000,0.001000,0.001000,0.001000
1059.711538,0.049752,0.001000,0.001000,0.001000,0.001000,0.001000
1059.730769,0.049862,0.001000,0.001000,0.001000,0.001000,0.001000
1059.750000,0.049940,0.001000,0.001000,0.001000,0.001000,0.001000
1059.769231,0.049986,0.001000,0.001000,0.001000,0.001000,0.001000
1059.788462,0.050000,0.001000,0.001000,0.001000,0.001000,0.001000
1059.807692,0.049982,0.001000,0.001000,0.001000,0.001000,0.001000
1059.826923,0.049931,0.001000,0.001000,0.001000,0.001000,0.001000
1059.846154,0.049848,0.001000,0.001000,0.001000,0.001000,0.001000
1059.865385,0.049734,0.001000,0.001000,0.001000,0.001000,0.001000
1059.884615,0.049587,0.001000,0.001000,0.001000,0.001000,0.001000
1059.903846,0.049409,0.001000,0.001000,0.001000,0.001000,0.001000
1059.923077,0.049199,0.001000,0.001000,0.001000,0.001000,0.001000
1059.942308,0.048957,0.001000,0.001000,0.001000,0.001000,0.001000
1059.961538,0.048683,0.001000,0.001000,0.001000,0.001000,0.001000
1059.980769,0.048379,0.001000,0.001000,0.001000,0.001000,0.001000
1060.000000,0.000000,0.001000,0.001000,0.001000,0.001000,0.001000
1060.019231,0.001217,0.001000,0.001000,0.001000,0.001000,0.001000
1060.038462,0.002434,0.001000,0.001000,0.001000,0.001000,0.001000
1060.057692,0.003649,0.001000,0.001000,0.001000,0.001000,0.001000
1060.076923,0.004861,0.001000,0.001000,0.001000,0.001000,0.001000
1060.096154,0.006071,0.001000,0.001000,0.001000,0.001000,0.001000
1060.115385,0.007278,0.001000,0.001000,0.001000,0.001000,0.001000
1060.134615,0.008480,0.001000,0.001000,0.001000,0.001000,0.001000
1060.153846,0.009677,0.001000,0.001000,0.001000,0.001000,0.001000
1060.173077,0.010868,0.001000,0.001000,0.001000,0.001000,0.001000
1060.192308,0.012053,0.001000,0.001000,0.001000,0.001000,0.001000
1060.211538,0.013230,0.001000,0.001000,0.001000,0.001000,0.001000
1060.230769,0.014400,0.001000,0.001000,0.001000,0.001000,0.001000
1060.250000,0.015562,0.001000,0.001000,0.001000,0.001000,0.001000
1060.269231,0.016714,0.001000,0.001000,0.001000,0.001000,0.001000
1060.288462,0.017856,0.001000,0.001000,0.001000,0.001000,0.001000
1060.307692,0.018987,0.001000,0.001000,0.001000,0.001000,0.001000
1060.326923,0.020108,0.001000,0.001000,0.001000,0.001000,0.001000
1060.346154,0.021216,0.001000,0.001000,0.001000,0.001000,0.001000
1060.365385,0.022312,0.001000,0.001000,0.001000,0.001000,0.001000
1060.384615,0.023395,0.001000,0.001000,0.001000,0.001000,0.001000
1060.403846,0.024463,0.001000,0.001000,0.001000,0.001000,0.001000
1060.423077,0.025518,0.001000,0.001000,0.001000,0.001000,0.001000
1060.442308,0.026557,0.001000,0.001000,0.001000,0.001000,0.001000
1060.461538,0.027580,0.001000,0.001000,0.001000,0.001000,0.001000
1060.480769,0.028587,0.001000,0.001000,0.001000,0.001000,0.001000
1060.500000,0.029577,0.001000,0.001000,0.001000,0.001000,0.001000
1060.519231,0.030550,0.001000,0.001000,0.001000,0.001000,0.001000
1060.538462,0.031505,0.001000,0.001000,0.001000,0.001000,0.001000
1060.557692,0.032440,0.001000,0.001000,0.001000,0.001000,0.001000
1060.576923,0.033357,0.001000,0.001000,0.001000,0.001000,0.001000
1060.596154,0.034254,0.001000,0.001000,0.001000,0.001000,0.001000
1060.615385,0.035130,0.001000,0.001000,0.001000,0.001000,0.001000
1060.634615,0.035986,0.001000,0.001000,0.001000,0.001000,0.001000
1060.653846,0.036820,0.001000,0.001000,0.001000,0.001000,0.001000
1060.673077,0.037633,0.001000,0.001000,0.001000,0.001000,0.001000
1060.692308,0.038423,0.001000,0.001000,0.001000,0.001000,0.001000
1060.711538,0.039191,0.001000,0.001000,0.001000,0.001000,0.001000
1060.730769,0.039935,0.001000,0.001000,0.001000,0.001000,0.001000
1060.750000,0.040655,0.001000,0.001000,0.001000,0.001000,0.001000
1060.769231,0.041352,0.001000,0.001000,0.001000,0.001000,0.001000
1060.788462,0.042024,0.001000,0.001000,0.001000,0.001000,0.001000
1060.807692,0.042671,0.001000,0.001000,0.001000,0.001000,0.001000
1060.826923,0.043293,0.001000,0.001000,0.001000,0.001000,0.001000
1060.846154,0.043889,0.001000,0.001000,0.001000,0.001000,0.001000
1060.865385,0.044459,0.001000,0.001000,0.001000,0.001000,0.001000
1060.884615,0.045003,0.001000,0.001000,0.001000,0.001000,0.001000
1060.903846,0.045520,0.001000,0.001000,0.001000,0.001000,0.001000
1060.923077,0.046010,0.001000,0.001000,0.001000,0.001000,0.001000
1060.942308,0.046473,0.001000,0.001000,0.001000,0.001000,0.001000
1060.961538,0.046908,0.001000,0.001000,0.001000,0.001000,0.001000
1060.980769,0.047315,0.001000,0.001000,0.001000,0.001000,0.001000
1061.000000,0.047695,0.001000,0.001000,0.001000,0.001000,0.001000
1061.019231,0.048046,0.001000,0.001000,0.001000,0.001000,0.001000
1061.038462,0.048369,0.001000,0.001000,0.001000,0.001000,0.001000
1061.057692,0.048663,0.001000,0.001000,0.001000,0.001000,0.001000
1061.076923,0.048928,0.001000,0.001000,0.001000,0.001000,0.001000
1061.096154,0.049164,0.001000,0.001000,0.001000,0.001000,0.001000
1061.115385,0.049371,0.001000,0.001000,0.001000,0.001000,0.001000
1061.134615,0.049549,0.001000,0.001000,0.001000,0.001000,0.001000
1061.153846,0.049697,0.001000,0.001000,0.001000,0.001000,0.001000
1061.173077,0.049816,0.001000,0.001000,0.001000,0.001000,0.001000
1061.192308,0.049906,0.001000,0.001000,0.001000,0.001000,0.001000
1061.211538,0.049966,0.001000,0.001000,0.001000,0.001000,0.001000
1061.230769,0.049996,0.001000,0.001000,0.001000,0.001000,0.001000
1061.250000,0.049997,0.001000,0.001000,0.001000,0.001000,0.001000
1061.269231,0.049968,0.001000,0.001000,0.001000,0.001000,0.001000
1061.288462,0.049909,0.001000,0.001000,0.001000,0.001000,0.001000
1061.307692,0.049821,0.001000,0.001000,0.001000,0.001000,0.001000
1061.326923,0.049703,0.001000,0.001000,0.001000,0.001000,0.001000
1061.346154,0.049556,0.001000,0.001000,0.001000,0.001000,0.001000
1061.365385,0.049379,0.001000,0.001000,0.001000,0.001000,0.001000
1061.384615,0.049174,0.001000,0.001000,0.001000,0.001000,0.001000
1061.403846,0.048939,0.001000,0.001000,0.001000,0.001000,0.001000
1061.423077,0.048675,0.001000,0.001000,0.001000,0.001000,0.001000
1061.442308,0.048382,0.001000,0.001000,0.001000,0.001000,0.001000
1061.461538,0.048060,0.001000,0.001000,0.001000,0.001000,0.001000
1061.480769,0.047710,0.001000,0.001000,0.001000,0.001000,0.001000
1061.500000,0.047332,0.001000,0.001000,0.001000,0.001000,0.001000
1061.519231,0.046926,0.001000,0.001000,0.001000,0.001000,0.001000
1061.538462,0.046492,0.001000,0.001000,0.001000,0.001000,0.001000
1061.557692,0.046030,0.001000,0.001000,0.001000,0.001000,0.001000
1061.576923,0.045541,0.001000,0.001000,0.001000,0.001000,0.001000
1061.596154,0.045025,0.001000,0.001000,0.001000,0.001000,0.001000
1061.615385,0.044483,0.001000,0.001000,0.001000,0.001000,0.001000
1061.634615,0.043914,0.001000,0.001000,0.001000,0.001000,0.001000
1061.653846,0.043319,0.001000,0.001000,0.001000,0.001000,0.001000
1061.673077,0.042698,0.001000,0.001000,0.001000,0.001000,0.001000
1061.692308,0.042052,0.001000,0.001000,0.001000,0.001000,0.001000
1061.711538,0.041381,0.001000,0.001000,0.001000,0.001000,0.001000
1061.730769,0.040686,0.001000,0.001000,0.001000,0.001000,0.001000
1061.750000,0.039966,0.001000,0.001000,0.001000,0.001000,0.001000
1061.769231,0.039223,0.001000,0.001000,0.001000,0.001000,0.001000
1061.788462,0.038456,0.001000,0.001000,0.001000,0.001000,0.001000
1061.807692,0.037667,0.001000,0.001000,0.001000,0.001000,0.001000
1061.826923,0.036856,0.001000,0.001000,0.001000,0.001000,0.001000
1061.846154,0.036022,0.001000,0.001000,0.001000,0.001000,0.001000
1061.865385,0.035167,0.001000,0.001000,0.001000,0.001000,0.001000
1061.884615,0.034292,0.001000,0.001000,0.001000,0.001000,0.001000
1061.903846,0.033396,0.001000,0.001000,0.001000,0.001000,0.001000
1061.923077,0.032480,0.001000,0.001000,0.001000,0.001000,0.001000
1061.942308,0.031545,0.001000,0.001000,0.001000,0.001000,0.001000
1061.961538,0.030591,0.001000,0.001000,0.001000,0.001000,0.001000
1061.980769,0.029620,0.001000,0.001000,0.001000,0.001000,0.001000
1062.000000,0.028630,0.001000,0.001000,0.001000,0.001000,0.001000
1062.019231,0.027624,0.001000,0.001000,0.001000,0.001000,0.001000
1062.038462,0.026601,0.001000,0.001000,0.001000,0.001000,0.001000
1062.057692,0.025563,0.001000,0.001000,0.001000,0.001000,0.001000
1062.076923,0.024509,0.001000,0.001000,0.001000,0.001000,0.001000
1062.096154,0.023441,0.001000,0.001000,0.001000,0.001000,0.001000
1062.115385,0.022359,0.001000,0.001000,0.001000,0.001000,0.001000
1062.134615,0.021263,0.001000,0.001000,0.001000,0.001000,0.001000
1062.153846,0.020156,0.001000,0.001000,0.001000,0.001000,0.001000
1062.173077,0.019036,0.001000,0.001000,0.001000,0.001000,0.001000
1062.192308,0.017905,0.001000,0.001000,0.001000,0.001000,0.001000
1062.211538,0.016763,0.001000,0.001000,0.001000,0.001000,0.001000
1062.230769,0.015611,0.001000,0.001000,0.001000,0.001000,0.001000
1062.250000,0.014450,0.001000,0.001000,0.001000,0.001000,0.001000
1062.269231,0.013281,0.001000,0.001000,0.001000,0.001000,0.001000
1062.288462,0.012103,0.001000,0.001000,0.001000,0.001000,0.001000
1062.307692,0.010919,0.001000,0.001000,0.001000,0.001000,0.001000
1062.326923,0.009728,0.001000,0.001000,0.001000,0.001000,0.001000
1062.346154,0.008531,0.001000,0.001000,0.001000,0.001000,0.001000
1062.365385,0.007329,0.001000,0.001000,0.001000,0.001000,0.001000
1062.384615,0.006123,0.001000,0.001000,0.001000,0.001000,0.001000
1062.403846,0.004913,0.001000,0.001000,0.001000,0.001000,0.001000
1062.423077,0.003701,0.001000,0.001000,0.001000,0.001000,0.001000
1062.442308,0.002486,0.001000,0.001000,0.001000,0.001000,0.001000
1062.461538,0.001269,0.001000,0.001000,0.001000,0.001000,0.001000
1062.480769,0.000052,0.001000,0.001000,0.001000,0.001000,0.001000
1062.500000,-0.001165,0.001000,0.001000,0.001000,0.001000,0.001000
1062.519231,-0.002381,0.001000,0.001000,0.001000,0.001000,0.001000
1062.538462,-0.003597,0.001000,0.001000,0.001000,0.001000,0.001000
1062.557692,-0.004809,0.001000,0.001000,0.001000,0.001000,0.001000
1062.576923,-0.006020,0.001000,0.001000,0.001000,0.001000,0.001000
1062.596154,-0.007226,0.001000,0.001000,0.001000,0.001000,0.001000
1062.615385,-0.008428,0.001000,0.001000,0.001000,0.001000,0.001000
1062.634615,-0.009625,0.001000,0.001000,0.001000,0.001000,0.001000
1062.653846,-0.010817,0.001000,0.001000,0.001000,0.001000,0.001000
1062.673077,-0.012002,0.001000,0.001000,0.001000,0.001000,0.001000
1062.692308,-0.013180,0.001000,0.001000,0.001000,0.001000,0.001000
1062.711538,-0.014350,0.001000,0.001000,0.001000,0.001000,0.001000
1062.730769,-0.015512,0.001000,0.001000,0.001000,0.001000,0.001000
1062.750000,-0.016664,0.001000,0.001000,0.001000,0.001000,0.001000
1062.769231,-0.017807,0.001000,0.001000,0.001000,0.001000,0.001000
1062.788462,-0.018939,0.001000,0.001000,0.001000,0.001000,0.001000
1062.807692,-0.020060,0.001000,0.001000,0.001000,0.001000,0.001000
1062.826923,-0.021169,0.001000,0.001000,0.001000,0.001000,0.001000
1062.846154,-0.022265,0.001000,0.001000,0.001000,0.001000,0.001000
1062.865385,-0.023349,0.001000,0.001000,0.001000,0.001000,0.001000
1062.884615,-0.024418,0.001000,0.001000,0.001000,0.001000,0.001000
1062.903846,-0.025473,0.001000,0.001000,0.001000,0.001000,0.001000
1062.923077,-0.026513,0.001000,0.001000,0.001000,0.001000,0.001000
1062.942308,-0.027537,0.001000,0.001000,0.001000,0.001000,0.001000
1062.961538,-0.028545,0.001000,0.001000,0.001000,0.001000,0.001000
1062.980769,-0.029535,0.001000,0.001000,0.001000,0.001000,0.001000
1063.000000,-0.030509,0.001000,0.001000,0.001000,0.001000,0.001000
1063.019231,-0.031464,0.001000,0.001000,0.001000,0.001000,0.001000
1063.038462,-0.032401,0.001000,0.001000,0.001000,0.001000,0.001000
1063.057692,-0.033318,0.001000,0.001000,0.001000,0.001000,0.001000
1063.076923,-0.034216,0.001000,0.001000,0.001000,0.001000,0.001000
1063.096154,-0.035093,0.001000,0.001000,0.001000,0.001000,0.001000
1063.115385,-0.035950,0.001000,0.001000,0.001000,0.001000,0.001000
1063.134615,-0.036785,0.001000,0.001000,0.001000,0.001000,0.001000
1063.153846,-0.037598,0.001000,0.001000,0.001000,0.001000,0.001000
1063.173077,-0.038390,0.001000,0.001000,0.001000,0.001000,0.001000
1063.192308,-0.039158,0.001000,0.001000,0.001000,0.001000,0.001000
1063.211538,-0.039903,0.001000,0.001000,0.001000,0.001000,0.001000
1063.230769,-0.040625,0.001000,0.001000,0.001000,0.001000,0.001000
1063.250000,-0.041322,0.001000,0.001000,0.001000,0.001000,0.001000
1063.269231,-0.041995,0.001000,0.001000,0.001000,0.001000,0.001000
1063.288462,-0.042644,0.001000,0.001000,0.001000,0.001000,0.001000
1063.307692,-0.043266,0.001000,0.001000,0.001000,0.001000,0.001000
1063.326923,-0.043864,0.001000,0.001000,0.001000,0.001000,0.001000
1063.346154,-0.044435,0.001000,0.001000,0.001000,0.001000,0.001000
1063.365385,-0.044980,0.001000,0.001000,0.001000,0.001000,0.001000
1063.384615,-0.045498,0.001000,0.001000,0.001000,0.001000,0.001000
1063.403846,-0.045989,0.001000,0.001000,0.001000,0.001000,0.001000
1063.423077,-0.046453,0.001000,0.001000,0.001000,0.001000,0.001000
1063.442308,-0.046890,0.001000,0.001000,0.001000,0.001000,0.001000
1063.461538,-0.047298,0.001000,0.001000,0.001000,0.001000,0.001000
1063.480769,-0.047679,0.001000,0.001000,0.001000,0.001000,0.001000
1063.500000,-0.048031,0.001000,0.001000,0.001000,0.001000,0.001000
1063.519231,-0.048355,0.001000,0.001000,0.001000,0.001000,0.001000
1063.538462,-0.048651,0.001000,0.001000,0.001000,0.001000,0.001000
1063.557692,-0.048917,0.001000,0.001000,0.001000,0.001000,0.001000
1063.576923,-0.049155,0.001000,0.001000,0.001000,0.001000,0.001000
1063.596154,-0.049363,0.001000,0.001000,0.001000,0.001000,0.001000
1063.615385,-0.049542,0.001000,0.001000,0.001000,0.001000,0.001000
1063.634615,-0.049692,0.001000,0.001000,0.001000,0.001000,0.001000
1063.653846,-0.049812,0.001000,0.001000,0.001000,0.001000,0.001000
1063.673077,-0.049903,0.001000,0.001000,0.001000,0.001000,0.001000
1063.692308,-0.049964,0.001000,0.001000,0.001000,0.001000,0.001000
1063.711538,-0.049995,0.001000,0.001000,0.001000,0.001000,0.001000
1063.730769,-0.049997,0.001000,0.001000,0.001000,0.001000,0.001000
1063.750000,-0.049969,0.001000,0.001000,0.001000,0.001000,0.001000
1063.769231,-0.049912,0.001000,0.001000,0.001000,0.001000,0.001000
1063.788462,-0.049825,0.001000,0.001000,0.001000,0.001000,0.001000
1063.807692,-0.049709,0.001000,0.001000,0.001000,0.001000,0.001000
1063.826923,-0.049563,0.001000,0.001000,0.001000,0.001000,0.001000
1063.846154,-0.049388,0.001000,0.001000,0.001000,0.001000,0.001000
1063.865385,-0.049183,0.001000,0.001000,0.001000,0.001000,0.001000
1063.884615,-0.048949,0.001000,0.001000,0.001000,0.001000,0.001000
1063.903846,-0.048687,0.001000,0.001000,0.001000,0.001000,0.001000
1063.923077,-0.048395,0.001000,0.001000,0.001000,0.001000,0.001000
1063.942308,-0.048075,0.001000,0.001000,0.001000,0.001000,0.001000
1063.961538,-0.047726,0.001000,0.001000,0.001000,0.001000,0.001000
1063.980769,-0.047349,0.001000,0.001000,0.001000,0.001000,0.001000
1064.000000,-0.046944,0.001000,0.001000,0.001000,0.001000,0.001000
1064.019231,-0.046511,0.001000,0.001000,0.001000,0.001000,0.001000
1064.038462,-0.046050,0.001000,0.001000,0.001000,0.001000,0.001000
1064.057692,-0.045563,0.001000,0.001000,0.001000,0.001000,0.001000
1064.076923,-0.045048,0.001000,0.001000,0.001000,0.001000,0.001000
1064.096154,-0.044506,0.001000,0.001000,0.001000,0.001000,0.001000
1064.115385,-0.043939,0.001000,0.001000,0.001000,0.001000,0.001000
1064.134615,-0.043345,0.001000,0.001000,0.001000,0.001000,0.001000
1064.153846,-0.042725,0.001000,0.001000,0.001000,0.001000,0.001000
1064.173077,-0.042080,0.001000,0.001000,0.001000,0.001000,0.001000
1064.192308,-0.041410,0.001000,0.001000,0.001000,0.001000,0.001000
1064.211538,-0.040716,0.001000,0.001000,0.001000,0.001000,0.001000
1064.230769,-0.039997,0.001000,0.001000,0.001000,0.001000,0.001000
1064.250000,-0.039255,0.001000,0.001000,0.001000,0.001000,0.001000
1064.269231,-0.038490,0.001000,0.001000,0.001000,0.001000,0.001000
1064.288462,-0.037701,0.001000,0.001000,0.001000,0.001000,0.001000
1064.307692,-0.036891,0.001000,0.001000,0.001000,0.001000,0.001000
1064.326923,-0.036058,0.001000,0.001000,0.001000,0.001000,0.001000
1064.346154,-0.035204,0.001000,0.001000,0.001000,0.001000,0.001000
1064.365385,-0.034330,0.001000,0.001000,0.001000,0.001000,0.001000
1064.384615,-0.033435,0.001000,0.001000,0.001000,0.001000,0.001000
1064.403846,-0.032520,0.001000,0.001000,0.001000,0.001000,0.001000
1064.423077,-0.031586,0.001000,0.001000,0.001000,0.001000,0.001000
1064.442308,-0.030633,0.001000,0.001000,0.001000,0.001000,0.001000
1064.461538,-0.029662,0.001000,0.001000,0.001000,0.001000,0.001000
1064.480769,-0.028673,0.001000,0.001000,0.001000,0.001000,0.001000
1064.500000,-0.027667,0.001000,0.001000,0.001000,0.001000,0.001000
1064.519231,-0.026645,0.001000,0.001000,0.001000,0.001000,0.001000
1064.538462,-0.025607,0.001000,0.001000,0.001000,0.001000,0.001000
1064.557692,-0.024554,0.001000,0.001000,0.001000,0.001000,0.001000
1064.576923,-0.023487,0.001000,0.001000,0.001000,0.001000,0.001000
1064.596154,-0.022405,0.001000,0.001000,0.001000,0.001000,0.001000
1064.615385,-0.021311,0.001000,0.001000,0.001000,0.001000,0.001000
1064.634615,-0.020203,0.001000,0.001000,0.001000,0.001000,0.001000
1064.653846,-0.019084,0.001000,0.001000,0.001000,0.001000,0.001000
1064.673077,-0.017953,0.001000,0.001000,0.001000,0.001000,0.001000
1064.692308,-0.016812,0.001000,0.001000,0.001000,0.001000,0.001000
1064.711538,-0.015661,0.001000,0.001000,0.001000,0.001000,0.001000
1064.730769,-0.014500,0.001000,0.001000,0.001000,0.001000,0.001000
1064.750000,-0.013331,0.001000,0.001000,0.001000,0.001000,0.001000
1064.769231,-0.012154,0.001000,0.001000,0.001000,0.001000,0.001000
1064.788462,-0.010970,0.001000,0.001000,0.001000,0.001000,0.001000
1064.807692,-0.009779,0.001000,0.001000,0.001000,0.001000,0.001000
1064.826923,-0.008583,0.001000,0.001000,0.001000,0.001000,0.001000
1064.846154,-0.007381,0.001000,0.001000,0.001000,0.001000,0.001000
1064.865385,-0.006175,0.001000,0.001000,0.001000,0.001000,0.001000
1064.884615,-0.004965,0.001000,0.001000,0.001000,0.001000,0.001000
1064.903846,-0.003753,0.001000,0.001000,0.001000,0.001000,0.001000
1064.923077,-0.002538,0.001000,0.001000,0.001000,0.001000,0.001000
1064.942308,-0.001321,0.001000,0.001000,0.001000,0.001000,0.001000
1064.961538,-0.000104,0.001000,0.001000,0.001000,0.001000,0.001000
1064.980769,0.001113,0.001000,0.001000,0.001000,0.001000,0.001000
1065.000000,0.002329,0.001000,0.001000,0.001000,0.001000,0.001000
1065.019231,0.003544,0.001000,0.001000,0.001000,0.001000,0.001000
1065.038462,0.004757,0.001000,0.001000,0.001000,0.001000,0.001000
1065.057692,0.005968,0.001000,0.001000,0.001000,0.001000,0.001000
1065.076923,0.007174,0.001000,0.001000,0.001000,0.001000,0.001000
1065.096154,0.008377,0.001000,0.001000,0.001000,0.001000,0.001000
1065.115385,0.009574,0.001000,0.001000,0.001000,0.001000,0.001000
1065.134615,0.010766,0.001000,0.001000,0.001000,0.001000,0.001000
1065.153846,0.011951,0.001000,0.001000,0.001000,0.001000,0.001000
1065.173077,0.013130,0.001000,0.001000,0.001000,0.001000,0.001000
1065.192308,0.014300,0.001000,0.001000,0.001000,0.001000,0.001000
1065.211538,0.015462,0.001000,0.001000,0.001000,0.001000,0.001000
1065.230769,0.016615,0.001000,0.001000,0.001000,0.001000,0.001000
1065.250000,0.017758,0.001000,0.001000,0.001000,0.001000,0.001000
1065.269231,0.018891,0.001000,0.001000,0.001000,0.001000,0.001000
1065.288462,0.020012,0.001000,0.001000,0.001000,0.001000,0.001000
1065.307692,0.021122,0.001000,0.001000,0.001000,0.001000,0.001000
1065.326923,0.022219,0.001000,0.001000,0.001000,0.001000,0.001000
1065.346154,0.023302,0.001000,0.001000,0.001000,0.001000,0.001000
1065.365385,0.024372,0.001000,0.001000,0.001000,0.001000,0.001000
1065.384615,0.025428,0.001000,0.001000,0.001000,0.001000,0.001000
1065.403846,0.026468,0.001000,0.001000,0.001000,0.001000,0.001000
1065.423077,0.027493,0.001000,0.001000,0.001000,0.001000,0.001000
1065.442308,0.028502,0.001000,0.001000,0.001000,0.001000,0.001000
1065.461538,0.029493,0.001000,0.001000,0.001000,0.001000,0.001000
1065.480769,0.030467,0.001000,0.001000,0.001000,0.001000,0.001000
1065.500000,0.031423,0.001000,0.001000,0.001000,0.001000,0.001000
1065.519231,0.032361,0.001000,0.001000,0.001000,0.001000,0.001000
1065.538462,0.033279,0.001000,0.001000,0.001000,0.001000,0.001000
1065.557692,0.034178,0.001000,0.001000,0.001000,0.001000,0.001000
1065.576923,0.035056,0.001000,0.001000,0.001000,0.001000,0.001000
1065.596154,0.035913,0.001000,0.001000,0.001000,0.001000,0.001000
1065.615385,0.036750,0.001000,0.001000,0.001000,0.001000,0.001000
1065.634615,0.037564,0.001000,0.001000,0.001000,0.001000,0.001000
1065.653846,0.038356,0.001000,0.001000,0.001000,0.001000,0.001000
1065.673077,0.039126,0.001000,0.001000,0.001000,0.001000,0.001000
1065.692308,0.039872,0.001000,0.001000,0.001000,0.001000,0.001000
1065.711538,0.040594,0.001000,0.001000,0.001000,0.001000,0.001000
1065.730769,0.041293,0.001000,0.001000,0.001000,0.001000,0.001000
1065.750000,0.041967,0.001000,0.001000,0.001000,0.001000,0.001000
1065.769231,0.042616,0.001000,0.001000,0.001000,0.001000,0.001000
1065.788462,0.043240,0.001000,0.001000,0.001000,0.001000,0.001000
1065.807692,0.043839,0.001000,0.001000,0.001000,0.001000,0.001000
1065.826923,0.044411,0.001000,0.001000,0.001000,0.001000,0.001000
1065.846154,0.044957,0.001000,0.001000,0.001000,0.001000,0.001000
1065.865385,0.045476,0.001000,0.001000,0.001000,0.001000,0.001000
1065.884615,0.045969,0.001000,0.001000,0.001000,0.001000,0.001000
1065.903846,0.046434,0.001000,0.001000,0.001000,0.001000,0.001000
1065.923077,0.046872,0.001000,0.001000,0.001000,0.001000,0.001000
1065.942308,0.047281,0.001000,0.001000,0.001000,0.001000,0.001000
1065.961538,0.047663,0.001000,0.001000,0.001000,0.001000,0.001000
1065.980769,0.048017,0.001000,0.001000,0.001000,0.001000,0.001000
1066.000000,0.048342,0.001000,0.001000,0.001000,0.001000,0.001000
1066.019231,0.048639,0.001000,0.001000,0.001000,0.001000,0.001000
1066.038462,0.048906,0.001000,0.001000,0.001000,0.001000,0.001000
1066.057692,0.049145,0.001000,0.001000,0.001000,0.001000,0.001000
1066.076923,0.049355,0.001000,0.001000,0.001000,0.001000,0.001000
1066.096154,0.049535,0.001000,0.001000,0.001000,0.001000,0.001000
1066.115385,0.049686,0.001000,0.001000,0.001000,0.001000,0.001000
1066.134615,0.049807,0.001000,0.001000,0.001000,0.001000,0.001000
1066.153846,0.049899,0.001000,0.001000,0.001000,0.001000,0.001000
1066.173077,0.049962,0.001000,0.001000,0.001000,0.001000,0.001000
1066.192308,0.049995,0.001000,0.001000,0.001000,0.001000,0.001000
1066.211538,0.049998,0.001000,0.001000,0.001000,0.001000,0.001000
1066.230769,0.049971,0.001000,0.001000,0.001000,0.001000,0.001000
1066.250000,0.049915,0.001000,0.001000,0.001000,0.001000,0.001000
1066.269231,0.049830,0.001000,0.001000,0.001000,0.001000,0.001000
1066.288462,0.049714,0.001000,0.001000,0.001000,0.001000,0.001000
1066.307692,0.049570,0.001000,0.001000,0.001000,0.001000,0.001000
1066.326923,0.049396,0.001000,0.001000,0.001000,0.001000,0.001000
1066.346154,0.049192,0.001000,0.001000,0.001000,0.001000,0.001000
1066.365385,0.048960,0.001000,0.001000,0.001000,0.001000,0.001000
1066.384615,0.048698,0.001000,0.001000,0.001000,0.001000,0.001000
1066.403846,0.048408,0.001000,0.001000,0.001000,0.001000,0.001000
1066.423077,0.048089,0.001000,0.001000,0.001000,0.001000,0.001000
1066.442308,0.047742,0.001000,0.001000,0.001000,0.001000,0.001000
1066.461538,0.047366,0.001000,0.001000,0.001000,0.001000,0.001000
1066.480769,0.046962,0.001000,0.001000,0.001000,0.001000,0.001000
1066.500000,0.046530,0.001000,0.001000,0.001000,0.001000,0.001000
1066.519231,0.046071,0.001000,0.001000,0.001000,0.001000,0.001000
1066.538462,0.045584,0.001000,0.001000,0.001000,0.001000,0.001000
1066.557692,0.045071,0.001000,0.001000,0.001000,0.001000,0.001000
1066.576923,0.044530,0.001000,0.001000,0.001000,0.001000,0.001000
1066.596154,0.043963,0.001000,0.001000,0.001000,0.001000,0.001000
1066.615385,0.043371,0.001000,0.001000,0.001000,0.001000,0.001000
1066.634615,0.042752,0.001000,0.001000,0.001000,0.001000,0.001000
1066.653846,0.042108,0.001000,0.001000,0.001000,0.001000,0.001000
1066.673077,0.041440,0.001000,0.001000,0.001000,0.001000,0.001000
1066.692308,0.040746,0.001000,0.001000,0.001000,0.001000,0.001000
1066.711538,0.040029,0.001000,0.001000,0.001000,0.001000,0.001000
1066.730769,0.039288,0.001000,0.001000,0.001000,0.001000,0.001000
1066.750000,0.038523,0.001000,0.001000,0.001000,0.001000,0.001000
1066.769231,0.037736,0.001000,0.001000,0.001000,0.001000,0.001000
1066.788462,0.036926,0.001000,0.001000,0.001000,0.001000,0.001000
1066.807692,0.036094,0.001000,0.001000,0.001000,0.001000,0.001000
1066.826923,0.035241,0.001000,0.001000,0.001000,0.001000,0.001000
1066.846154,0.034368,0.001000,0.001000,0.001000,0.001000,0.001000
1066.865385,0.033473,0.001000,0.001000,0.001000,0.001000,0.001000
1066.884615,0.032559,0.001000,0.001000,0.001000,0.001000,0.001000
1066.903846,0.031626,0.001000,0.001000,0.001000,0.001000,0.001000
1066.923077,0.030674,0.001000,0.001000,0.001000,0.001000,0.001000
1066.942308,0.029704,0.001000,0.001000,0.001000,0.001000,0.001000
1066.961538,0.028716,0.001000,0.001000,0.001000,0.001000,0.001000
1066.980769,0.027711,0.001000,0.001000,0.001000,0.001000,0.001000
1067.000000,0.026689,0.001000,0.001000,0.001000,0.001000,0.001000
1067.019231,0.025652,0.001000,0.001000,0.001000,0.001000,0.001000
1067.038462,0.024600,0.001000,0.001000,0.001000,0.001000,0.001000
1067.057692,0.023533,0.001000,0.001000,0.001000,0.001000,0.001000
1067.076923,0.022452,0.001000,0.001000,0.001000,0.001000,0.001000
1067.096154,0.021358,0.001000,0.001000,0.001000,0.001000,0.001000
1067.115385,0.020251,0.001000,0.001000,0.001000,0.001000,0.001000
1067.134615,0.019132,0.001000,0.001000,0.001000,0.001000,0.001000
1067.153846,0.018002,0.001000,0.001000,0.001000,0.001000,0.001000
1067.173077,0.016861,0.001000,0.001000,0.001000,0.001000,0.001000
1067.192308,0.015710,0.001000,0.001000,0.001000,0.001000,0.001000
1067.211538,0.014550,0.001000,0.001000,0.001000,0.001000,0.001000
1067.230769,0.013381,0.001000,0.001000,0.001000,0.001000,0.001000
1067.250000,0.012205,0.001000,0.001000,0.001000,0.001000,0.001000
1067.269231,0.011021,0.001000,0.001000,0.001000,0.001000,0.001000
1067.288462,0.009830,0.001000,0.001000,0.001000,0.001000,0.001000
1067.307692,0.008634,0.001000,0.001000,0.001000,0.001000,0.001000
1067.326923,0.007433,0.001000,0.001000,0.001000,0.001000,0.001000
1067.346154,0.006227,0.001000,0.001000,0.001000,0.001000,0.001000
1067.365385,0.005017,0.001000,0.001000,0.001000,0.001000,0.001000
1067.384615,0.003805,0.001000,0.001000,0.001000,0.001000,0.001000
1067.403846,0.002590,0.001000,0.001000,0.001000,0.001000,0.001000
1067.423077,0.001374,0.001000,0.001000,0.001000,0.001000,0.001000
1067.442308,0.000157,0.001000,0.001000,0.001000,0.001000,0.001000
1067.461538,-0.001061,0.001000,0.001000,0.001000,0.001000,0.001000
1067.480769,-0.002277,0.001000,0.001000,0.001000,0.001000,0.001000
1067.500000,-0.003492,0.001000,0.001000,0.001000,0.001000,0.001000
1067.519231,-0.004706,0.001000,0.001000,0.001000,0.001000,0.001000
1067.538462,-0.005916,0.001000,0.001000,0.001000,0.001000,0.001000
1067.557692,-0.007123,0.001000,0.001000,0.001000,0.001000,0.001000
1067.576923,-0.008325,0.001000,0.001000,0.001000,0.001000,0.001000
1067.596154,-0.009523,0.001000,0.001000,0.001000,0.001000,0.001000
1067.615385,-0.010715,0.001000,0.001000,0.001000,0.001000,0.001000
1067.634615,-0.011901,0.001000,0.001000,0.001000,0.001000,0.001000
1067.653846,-0.013079,0.001000,0.001000,0.001000,0.001000,0.001000
1067.673077,-0.014250,0.001000,0.001000,0.001000,0.001000,0.001000
1067.692308,-0.015413,0.001000,0.001000,0.001000,0.001000,0.001000
1067.711538,-0.016566,0.001000,0.001000,0.001000,0.001000,0.001000
1067.730769,-0.017710,0.001000,0.001000,0.001000,0.001000,0.001000
1067.750000,-0.018843,0.001000,0.001000,0.001000,0.001000,0.001000
1067.769231,-0.019964,0.001000,0.001000,0.001000,0.001000,0.001000
1067.788462,-0.021074,0.001000,0.001000,0.001000,0.001000,0.001000
1067.807692,-0.022172,0.001000,0.001000,0.001000,0.001000,0.001000
1067.826923,-0.023256,0.001000,0.001000,0.001000,0.001000,0.001000
1067.846154,-0.024327,0.001000,0.001000,0.001000,0.001000,0.001000
1067.865385,-0.025383,0.001000,0.001000,0.001000,0.001000,0.001000
1067.884615,-0.026424,0.001000,0.001000,0.001000,0.001000,0.001000
1067.903846,-0.027450,0.001000,0.001000,0.001000,0.001000,0.001000
1067.923077,-0.028459,0.001000,0.001000,0.001000,0.001000,0.001000
1067.942308,-0.029451,0.001000,0.001000,0.001000,0.001000,0.001000
1067.961538,-0.030426,0.001000,0.001000,0.001000,0.001000,0.001000
1067.980769,-0.031383,0.001000,0.001000,0.001000,0.001000,0.001000
1068.000000,-0.032321,0.001000,0.001000,0.001000,0.001000,0.001000
1068.019231,-0.033240,0.001000,0.001000,0.001000,0.001000,0.001000
1068.038462,-0.034139,0.001000,0.001000,0.001000,0.001000,0.001000
1068.057692,-0.035019,0.001000,0.001000,0.001000,0.001000,0.001000
1068.076923,-0.035877,0.001000,0.001000,0.001000,0.001000,0.001000
1068.096154,-0.036714,0.001000,0.001000,0.001000,0.001000,0.001000
1068.115385,-0.037530,0.001000,0.001000,0.001000,0.001000,0.001000
1068.134615,-0.038323,0.001000,0.001000,0.001000,0.001000,0.001000
1068.153846,-0.039093,0.001000,0.001000,0.001000,0.001000,0.001000
1068.173077,-0.039840,0.001000,0.001000,0.001000,0.001000,0.001000
1068.192308,-0.040564,0.001000,0.001000,0.001000,0.001000,0.001000
1068.211538,-0.041264,0.001000,0.001000,0.001000,0.001000,0.001000
1068.230769,-0.041939,0.001000,0.001000,0.001000,0.001000,0.001000
1068.250000,-0.042589,0.001000,0.001000,0.001000,0.001000,0.001000
1068.269231,-0.043214,0.001000,0.001000,0.001000,0.001000,0.001000
1068.288462,-0.043813,0.001000,0.001000,0.001000,0.001000,0.001000
1068.307692,-0.044387,0.001000,0.001000,0.001000,0.001000,0.001000
1068.326923,-0.044934,0.001000,0.001000,0.001000,0.001000,0.001000
1068.346154,-0.045455,0.001000,0.001000,0.001000,0.001000,0.001000
1068.365385,-0.045948,0.001000,0.001000,0.001000,0.001000,0.001000
1068.384615,-0.046415,0.001000,0.001000,0.001000,0.001000,0.001000
1068.403846,-0.046853,0.001000,0.001000,0.001000,0.001000,0.001000
1068.423077,-0.047264,0.001000,0.001000,0.001000,0.001000,0.001000
1068.442308,-0.047648,0.001000,0.001000,0.001000,0.001000,0.001000
1068.461538,-0.048002,0.001000,0.001000,0.001000,0.001000,0.001000
1068.480769,-0.048329,0.001000,0.001000,0.001000,0.001000,0.001000
1068.500000,-0.048626,0.001000,0.001000,0.001000,0.001000,0.001000
1068.519231,-0.048895,0.001000,0.001000,0.001000,0.001000,0.001000
1068.538462,-0.049135,0.001000,0.001000,0.001000,0.001000,0.001000
1068.557692,-0.049346,0.001000,0.001000,0.001000,0.001000,0.001000
1068.576923,-0.049528,0.001000,0.001000,0.001000,0.001000,0.001000
1068.596154,-0.049680,0.001000,0.001000,0.001000,0.001000,0.001000
1068.615385,-0.049803,0.001000,0.001000,0.001000,0.001000,0.001000
1068.634615,-0.049896,0.001000,0.001000,0.001000,0.001000,0.001000
1068.653846,-0.049960,0.001000,0.001000,0.001000,0.001000,0.001000
1068.673077,-0.049994,0.001000,0.001000,0.001000,0.001000,0.001000
1068.692308,-0.049998,0.001000,0.001000,0.001000,0.001000,0.001000
1068.711538,-0.049973,0.001000,0.001000,0.001000,0.001000,0.001000
1068.730769,-0.049918,0.001000,0.001000,0.001000,0.001000,0.001000
1068.750000,-0.049834,0.001000,0.001000,0.001000,0.001000,0.001000
1068.769231,-0.049720,0.001000,0.001000,0.001000,0.001000,0.001000
1068.788462,-0.049576,0.001000,0.001000,0.001000,0.001000,0.001000
1068.807692,-0.049404,0.001000,0.001000,0.001000,0.001000,0.001000
1068.826923,-0.049202,0.001000,0.001000,0.001000,0.001000,0.001000
1068.846154,-0.048970,0.001000,0.001000,0.001000,0.001000,0.001000
1068.865385,-0.048710,0.001000,0.001000,0.001000,0.001000,0.001000
1068.884615,-0.048421,0.001000,0.001000,0.001000,0.001000,0.001000
1068.903846,-0.048103,0.001000,0.001000,0.001000,0.001000,0.001000
1068.923077,-0.047757,0.001000,0.001000,0.001000,0.001000,0.001000
1068.942308,-0.047382,0.001000,0.001000,0.001000,0.001000,0.001000
1068.961538,-0.046980,0.001000,0.001000,0.001000,0.001000,0.001000
1068.980769,-0.046549,0.001000,0.001000,0.001000,0.001000,0.001000
1069.000000,-0.046091,0.001000,0.001000,0.001000,0.001000,0.001000
1069.019231,-0.045606,0.001000,0.001000,0.001000,0.001000,0.001000
1069.038462,-0.045093,0.001000,0.001000,0.001000,0.001000,0.001000
1069.057692,-0.044554,0.001000,0.001000,0.001000,0.001000,0.001000
1069.076923,-0.043988,0.001000,0.001000,0.001000,0.001000,0.001000
1069.096154,-0.043397,0.001000,0.001000,0.001000,0.001000,0.001000
1069.115385,-0.042779,0.001000,0.001000,0.001000,0.001000,0.001000
1069.134615,-0.042136,0.001000,0.001000,0.001000,0.001000,0.001000
1069.153846,-0.041469,0.001000,0.001000,0.001000,0.001000,0.001000
1069.173077,-0.040776,0.001000,0.001000,0.001000,0.001000,0.001000
1069.192308,-0.040060,0.001000,0.001000,0.001000,0.001000,0.001000
1069.211538,-0.039320,0.001000,0.001000,0.001000,0.001000,0.001000
1069.230769,-0.038556,0.001000,0.001000,0.001000,0.001000,0.001000
1069.250000,-0.037770,0.001000,0.001000,0.001000,0.001000,0.001000
1069.269231,-0.036961,0.001000,0.001000,0.001000,0.001000,0.001000
1069.288462,-0.036131,0.001000,0.001000,0.001000,0.001000,0.001000
1069.307692,-0.035278,0.001000,0.001000,0.001000,0.001000,0.001000
1069.326923,-0.034405,0.001000,0.001000,0.001000,0.001000,0.001000
1069.346154,-0.033512,0.001000,0.001000,0.001000,0.001000,0.001000
1069.365385,-0.032599,0.001000,0.001000,0.001000,0.001000,0.001000
1069.384615,-0.031666,0.001000,0.001000,0.001000,0.001000,0.001000
1069.403846,-0.030715,0.001000,0.001000,0.001000,0.001000,0.001000
1069.423077,-0.029746,0.001000,0.001000,0.001000,0.001000,0.001000
1069.442308,-0.028758,0.001000,0.001000,0.001000,0.001000,0.001000
1069.461538,-0.027754,0.001000,0.001000,0.001000,0.001000,0.001000
1069.480769,-0.026734,0.001000,0.001000,0.001000,0.001000,0.001000
1069.500000,-0.025697,0.001000,0.001000,0.001000,0.001000,0.001000
1069.519231,-0.024645,0.001000,0.001000,0.001000,0.001000,0.001000
1069.538462,-0.023579,0.001000,0.001000,0.001000,0.001000,0.001000
1069.557692,-0.022499,0.001000,0.001000,0.001000,0.001000,0.001000
1069.576923,-0.021405,0.001000,0.001000,0.001000,0.001000,0.001000
1069.596154,-0.020299,0.001000,0.001000,0.001000,0.001000,0.001000
1069.615385,-0.019180,0.001000,0.001000,0.001000,0.001000,0.001000
1069.634615,-0.018051,0.001000,0.001000,0.001000,0.001000,0.001000
1069.653846,-0.016910,0.001000,0.001000,0.001000,0.001000,0.001000
1069.673077,-0.015760,0.001000,0.001000,0.001000,0.001000,0.001000
1069.692308,-0.014600,0.001000,0.001000,0.001000,0.001000,0.001000
1069.711538,-0.013432,0.001000,0.001000,0.001000,0.001000,0.001000
1069.730769,-0.012255,0.001000,0.001000,0.001000,0.001000,0.001000
1069.750000,-0.011072,0.001000,0.001000,0.001000,0.001000,0.001000
1069.769231,-0.009881,0.001000,0.001000,0.001000,0.001000,0.001000
1069.788462,-0.008685,0.001000,0.001000,0.001000,0.001000,0.001000
1069.807692,-0.007484,0.001000,0.001000,0.001000,0.001000,0.001000
1069.826923,-0.006278,0.001000,0.001000,0.001000,0.001000,0.001000
1069.846154,-0.005069,0.001000,0.001000,0.001000,0.001000,0.001000
1069.865385,-0.003857,0.001000,0.001000,0.001000,0.001000,0.001000
1069.884615,-0.002642,0.001000,0.001000,0.001000,0.001000,0.001000
1069.903846,-0.001426,0.001000,0.001000,0.001000,0.001000,0.001000
1069.923077,-0.000209,0.001000,0.001000,0.001000,0.001000,0.001000
1069.942308,0.001008,0.001000,0.001000,0.001000,0.001000,0.001000
1069.961538,0.002225,0.001000,0.001000,0.001000,0.001000,0.001000
1069.980769,0.003440,0.001000,0.001000,0.001000,0.001000,0.001000
1070.000000,0.004654,0.001000,0.001000,0.001000,0.001000,0.001000
1070.019231,0.005864,0.001000,0.001000,0.001000,0.001000,0.001000
1070.038462,0.007071,0.001000,0.001000,0.001000,0.001000,0.001000
1070.057692,0.008274,0.001000,0.001000,0.001000,0.001000,0.001000
1070.076923,0.009472,0.001000,0.001000,0.001000,0.001000,0.001000
1070.096154,0.010664,0.001000,0.001000,0.001000,0.001000,0.001000
1070.115385,0.011850,0.001000,0.001000,0.001000,0.001000,0.001000
1070.134615,0.013029,0.001000,0.001000,0.001000,0.001000,0.001000
1070.153846,0.014200,0.001000,0.001000,0.001000,0.001000,0.001000
1070.173077,0.015363,0.001000,0.001000,0.001000,0.001000,0.001000
1070.192308,0.016517,0.001000,0.001000,0.001000,0.001000,0.001000
1070.211538,0.017661,0.001000,0.001000,0.001000,0.001000,0.001000
1070.230769,0.018794,0.001000,0.001000,0.001000,0.001000,0.001000
1070.250000,0.019917,0.001000,0.001000,0.001000,0.001000,0.001000
1070.269231,0.021027,0.001000,0.001000,0.001000,0.001000,0.001000
1070.288462,0.022125,0.001000,0.001000,0.001000,0.001000,0.001000
1070.307692,0.023210,0.001000,0.001000,0.001000,0.001000,0.001000
1070.326923,0.024281,0.001000,0.001000,0.001000,0.001000,0.001000
1070.346154,0.025338,0.001000,0.001000,0.001000,0.001000,0.001000
1070.365385,0.026380,0.001000,0.001000,0.001000,0.001000,0.001000
1070.384615,0.027406,0.001000,0.001000,0.001000,0.001000,0.001000
1070.403846,0.028416,0.001000,0.001000,0.001000,0.001000,0.001000
1070.423077,0.029409,0.001000,0.001000,0.001000,0.001000,0.001000
1070.442308,0.030385,0.001000,0.001000,0.001000,0.001000,0.001000
1070.461538,0.031342,0.001000,0.001000,0.001000,0.001000,0.001000
1070.480769,0.032281,0.001000,0.001000,0.001000,0.001000,0.001000
1070.500000,0.033201,0.001000,0.001000,0.001000,0.001000,0.001000
1070.519231,0.034101,0.001000,0.001000,0.001000,0.001000,0.001000
1070.538462,0.034981,0.001000,0.001000,0.001000,0.001000,0.001000
1070.557692,0.035841,0.001000,0.001000,0.001000,0.001000,0.001000
1070.576923,0.036679,0.001000,0.001000,0.001000,0.001000,0.001000
1070.596154,0.037495,0.001000,0.001000,0.001000,0.001000,0.001000
1070.615385,0.038289,0.001000,0.001000,0.001000,0.001000,0.001000
1070.634615,0.039061,0.001000,0.001000,0.001000,0.001000,0.001000
1070.653846,0.039809,0.001000,0.001000,0.001000,0.001000,0.001000
1070.673077,0.040533,0.001000,0.001000,0.001000,0.001000,0.001000
1070.692308,0.041234,0.001000,0.001000,0.001000,0.001000,0.001000
1070.711538,0.041910,0.001000,0.001000,0.001000,0.001000,0.001000
1070.730769,0.042562,0.001000,0.001000,0.001000,0.001000,0.001000
1070.750000,0.043188,0.001000,0.001000,0.001000,0.001000,0.001000
1070.769231,0.043788,0.001000,0.001000,0.001000,0.001000,0.001000
1070.788462,0.044363,0.001000,0.001000,0.001000,0.001000,0.001000
1070.807692,0.044911,0.001000,0.001000,0.001000,0.001000,0.001000
1070.826923,0.045433,0.001000,0.001000,0.001000,0.001000,0.001000
1070.846154,0.045928,0.001000,0.001000,0.001000,0.001000,0.001000
1070.865385,0.046395,0.001000,0.001000,0.001000,0.001000,0.001000
1070.884615,0.046835,0.001000,0.001000,0.001000,0.001000,0.001000
1070.903846,0.047247,0.001000,0.001000,0.001000,0.001000,0.001000
1070.923077,0.047632,0.001000,0.001000,0.001000,0.001000,0.001000
1070.942308,0.047988,0.001000,0.001000,0.001000,0.001000,0.001000
1070.961538,0.048315,0.001000,0.001000,0.001000,0.001000,0.001000
1070.980769,0.048614,0.001000,0.001000,0.001000,0.001000,0.001000
1071.000000,0.048884,0.001000,0.001000,0.001000,0.001000,0.001000
1071.019231,0.049126,0.001000,0.001000,0.001000,0.001000,0.001000
1071.038462,0.049338,0.001000,0.001000,0.001000,0.001000,0.001000
1071.057692,0.049521,0.001000,0.001000,0.001000,0.001000,0.001000
1071.076923,0.049674,0.001000,0.001000,0.001000,0.001000,0.001000
1071.096154,0.049798,0.001000,0.001000,0.001000,0.001000,0.001000
1071.115385,0.049893,0.001000,0.001000,0.001000,0.001000,0.001000
1071.134615,0.049958,0.001000,0.001000,0.001000,0.001000,0.001000
1071.153846,0.049993,0.001000,0.001000,0.001000,0.001000,0.001000
1071.173077,0.049999,0.001000,0.001000,0.001000,0.001000,0.001000
1071.192308,0.049975,0.001000,0.001000,0.001000,0.001000,0.001000
1071.211538,0.049921,0.001000,0.001000,0.001000,0.001000,0.001000
1071.230769,0.049838,0.001000,0.001000,0.001000,0.001000,0.001000
1071.250000,0.049725,0.001000,0.001000,0.001000,0.001000,0.001000
1071.269231,0.049583,0.001000,0.001000,0.001000,0.001000,0.001000
1071.288462,0.049412,0.001000,0.001000,0.001000,0.001000,0.001000
1071.307692,0.049211,0.001000,0.001000,0.001000,0.001000,0.001000
1071.326923,0.048981,0.001000,0.001000,0.001000,0.001000,0.001000
1071.346154,0.048722,0.001000,0.001000,0.001000,0.001000,0.001000
1071.365385,0.048434,0.001000,0.001000,0.001000,0.001000,0.001000
1071.384615,0.048118,0.001000,0.001000,0.001000,0.001000,0.001000
1071.403846,0.047772,0.001000,0.001000,0.001000,0.001000,0.001000
1071.423077,0.047399,0.001000,0.001000,0.001000,0.001000,0.001000
1071.442308,0.046998,0.001000,0.001000,0.001000,0.001000,0.001000
1071.461538,0.046568,0.001000,0.001000,0.001000,0.001000,0.001000
1071.480769,0.046111,0.001000,0.001000,0.001000,0.001000,0.001000
1071.500000,0.045627,0.001000,0.001000,0.001000,0.001000,0.001000
1071.519231,0.045116,0.001000,0.001000,0.001000,0.001000,0.001000
1071.538462,0.044578,0.001000,0.001000,0.001000,0.001000,0.001000
1071.557692,0.044013,0.001000,0.001000,0.001000,0.001000,0.001000
1071.576923,0.043423,0.001000,0.001000,0.001000,0.001000,0.001000
1071.596154,0.042806,0.001000,0.001000,0.001000,0.001000,0.001000
1071.615385,0.042165,0.001000,0.001000,0.001000,0.001000,0.001000
1071.634615,0.041498,0.001000,0.001000,0.001000,0.001000,0.001000
1071.653846,0.040807,0.001000,0.001000,0.001000,0.001000,0.001000
1071.673077,0.040091,0.001000,0.001000,0.001000,0.001000,0.001000
1071.692308,0.039352,0.001000,0.001000,0.001000,0.001000,0.001000
1071.711538,0.038589,0.001000,0.001000,0.001000,0.001000,0.001000
1071.730769,0.037804,0.001000,0.001000,0.001000,0.001000,0.001000
1071.750000,0.036996,0.001000,0.001000,0.001000,0.001000,0.001000
1071.769231,0.036167,0.001000,0.001000,0.001000,0.001000,0.001000
1071.788462,0.035315,0.001000,0.001000,0.001000,0.001000,0.001000
1071.807692,0.034443,0.001000,0.001000,0.001000,0.001000,0.001000
1071.826923,0.033551,0.001000,0.001000,0.001000,0.001000,0.001000
1071.846154,0.032638,0.001000,0.001000,0.001000,0.001000,0.001000
1071.865385,0.031707,0.001000,0.001000,0.001000,0.001000,0.001000
1071.884615,0.030756,0.001000,0.001000,0.001000,0.001000,0.001000
1071.903846,0.029787,0.001000,0.001000,0.001000,0.001000,0.001000
1071.923077,0.028801,0.001000,0.001000,0.001000,0.001000,0.001000
1071.942308,0.027798,0.001000,0.001000,0.001000,0.001000,0.001000
1071.961538,0.026778,0.001000,0.001000,0.001000,0.001000,0.001000
1071.980769,0.025742,0.001000,0.001000,0.001000,0.001000,0.001000
1072.000000,0.024691,0.001000,0.001000,0.001000,0.001000,0.001000
1072.019231,0.023625,0.001000,0.001000,0.001000,0.001000,0.001000
1072.038462,0.022545,0.001000,0.001000,0.001000,0.001000,0.001000
1072.057692,0.021452,0.001000,0.001000,0.001000,0.001000,0.001000
1072.076923,0.020346,0.001000,0.001000,0.001000,0.001000,0.001000
1072.096154,0.019229,0.001000,0.001000,0.001000,0.001000,0.001000
1072.115385,0.018099,0.001000,0.001000,0.001000,0.001000,0.001000
1072.134615,0.016959,0.001000,0.001000,0.001000,0.001000,0.001000
1072.153846,0.015809,0.001000,0.001000,0.001000,0.001000,0.001000
1072.173077,0.014650,0.001000,0.001000,0.001000,0.001000,0.001000
1072.192308,0.013482,0.001000,0.001000,0.001000,0.001000,0.001000
1072.211538,0.012306,0.001000,0.001000,0.001000,0.001000,0.001000
1072.230769,0.011123,0.001000,0.001000,0.001000,0.001000,0.001000
1072.250000,0.009933,0.001000,0.001000,0.001000,0.001000,0.001000
1072.269231,0.008737,0.001000,0.001000,0.001000,0.001000,0.001000
1072.288462,0.007536,0.001000,0.001000,0.001000,0.001000,0.001000
1072.307692,0.006330,0.001000,0.001000,0.001000,0.001000,0.001000
1072.326923,0.005121,0.001000,0.001000,0.001000,0.001000,0.001000
1072.346154,0.003909,0.001000,0.001000,0.001000,0.001000,0.001000
1072.365385,0.002694,0.001000,0.001000,0.001000,0.001000,0.001000
1072.384615,0.001478,0.001000,0.001000,0.001000,0.001000,0.001000
1072.403846,0.000261,0.001000,0.001000,0.001000,0.001000,0.001000
1072.423077,-0.000956,0.001000,0.001000,0.001000,0.001000,0.001000
1072.442308,-0.002173,0.001000,0.001000,0.001000,0.001000,0.001000
1072.461538,-0.003388,0.001000,0.001000,0.001000,0.001000,0.001000
1072.480769,-0.004602,0.001000,0.001000,0.001000,0.001000,0.001000
1072.500000,-0.005812,0.001000,0.001000,0.001000,0.001000,0.001000
1072.519231,-0.007019,0.001000,0.001000,0.001000,0.001000,0.001000
1072.538462,-0.008222,0.001000,0.001000,0.001000,0.001000,0.001000
1072.557692,-0.009421,0.001000,0.001000,0.001000,0.001000,0.001000
1072.576923,-0.010613,0.001000,0.001000,0.001000,0.001000,0.001000
1072.596154,-0.011799,0.001000,0.001000,0.001000,0.001000,0.001000
1072.615385,-0.012979,0.001000,0.001000,0.001000,0.001000,0.001000
1072.634615,-0.014150,0.001000,0.001000,0.001000,0.001000,0.001000
1072.653846,-0.015313,0.001000,0.001000,0.001000,0.001000,0.001000
1072.673077,-0.016468,0.001000,0.001000,0.001000,0.001000,0.001000
1072.692308,-0.017612,0.001000,0.001000,0.001000,0.001000,0.001000
1072.711538,-0.018746,0.001000,0.001000,0.001000,0.001000,0.001000
1072.730769,-0.019869,0.001000,0.001000,0.001000,0.001000,0.001000
1072.750000,-0.020980,0.001000,0.001000,0.001000,0.001000,0.001000
1072.769231,-0.022078,0.001000,0.001000,0.001000,0.001000,0.001000
1072.788462,-0.023164,0.001000,0.001000,0.001000,0.001000,0.001000
1072.807692,-0.024236,0.001000,0.001000,0.001000,0.001000,0.001000
1072.826923,-0.025293,0.001000,0.001000,0.001000,0.001000,0.001000
1072.846154,-0.026335,0.001000,0.001000,0.001000,0.001000,0.001000
1072.865385,-0.027362,0.001000,0.001000,0.001000,0.001000,0.001000
1072.884615,-0.028373,0.001000,0.001000,0.001000,0.001000,0.001000
1072.903846,-0.029367,0.001000,0.001000,0.001000,0.001000,0.001000
1072.923077,-0.030343,0.001000,0.001000,0.001000,0.001000,0.001000
1072.942308,-0.031301,0.001000,0.001000,0.001000,0.001000,0.001000
1072.961538,-0.032241,0.001000,0.001000,0.001000,0.001000,0.001000
1072.980769,-0.033162,0.001000,0.001000,0.001000,0.001000,0.001000
1073.000000,-0.034063,0.001000,0.001000,0.001000,0.001000,0.001000
1073.019231,-0.034944,0.001000,0.001000,0.001000,0.001000,0.001000
1073.038462,-0.035804,0.001000,0.001000,0.001000,0.001000,0.001000
1073.057692,-0.036643,0.001000,0.001000,0.001000,0.001000,0.001000
1073.076923,-0.037460,0.001000,0.001000,0.001000,0.001000,0.001000
1073.096154,-0.038256,0.001000,0.001000,0.001000,0.001000,0.001000
1073.115385,-0.039028,0.001000,0.001000,0.001000,0.001000,0.001000
1073.134615,-0.039777,0.001000,0.001000,0.001000,0.001000,0.001000
1073.153846,-0.040503,0.001000,0.001000,0.001000,0.001000,0.001000
1073.173077,-0.041205,0.001000,0.001000,0.001000,0.001000,0.001000
1073.192308,-0.041882,0.001000,0.001000,0.001000,0.001000,0.001000
1073.211538,-0.042534,0.001000,0.001000,0.001000,0.001000,0.001000
1073.230769,-0.043161,0.001000,0.001000,0.001000,0.001000,0.001000
1073.250000,-0.043763,0.001000,0.001000,0.001000,0.001000,0.001000
1073.269231,-0.044339,0.001000,0.001000,0.001000,0.001000,0.001000
1073.288462,-0.044888,0.001000,0.001000,0.001000,0.001000,0.001000
1073.307692,-0.045411,0.001000,0.001000,0.001000,0.001000,0.001000
1073.326923,-0.045907,0.001000,0.001000,0.001000,0.001000,0.001000
1073.346154,-0.046376,0.001000,0.001000,0.001000,0.001000,0.001000
1073.365385,-0.046817,0.001000,0.001000,0.001000,0.001000,0.001000
1073.384615,-0.047230,0.001000,0.001000,0.001000,0.001000,0.001000
1073.403846,-0.047616,0.001000,0.001000,0.001000,0.001000,0.001000
1073.423077,-0.047973,0.001000,0.001000,0.001000,0.001000,0.001000
1073.442308,-0.048302,0.001000,0.001000,0.001000,0.001000,0.001000
1073.461538,-0.048602,0.001000,0.001000,0.001000,0.001000,0.001000
1073.480769,-0.048873,0.001000,0.001000,0.001000,0.001000,0.001000
1073.500000,-0.049116,0.001000,0.001000,0.001000,0.001000,0.001000
1073.519231,-0.049329,0.001000,0.001000,0.001000,0.001000,0.001000
1073.538462,-0.049513,0.001000,0.001000,0.001000,0.001000,0.001000
1073.557692,-0.049668,0.001000,0.001000,0.001000,0.001000,0.001000
1073.576923,-0.049793,0.001000,0.001000,0.001000,0.001000,0.001000
1073.596154,-0.049889,0.001000,0.001000,0.001000,0.001000,0.001000
1073.615385,-0.049955,0.001000,0.001000,0.001000,0.001000,0.001000
1073.634615,-0.049992,0.001000,0.001000,0.001000,0.001000,0.001000
1073.653846,-0.049999,0.001000,0.001000,0.001000,0.001000,0.001000
1073.673077,-0.049976,0.001000,0.001000,0.001000,0.001000,0.001000
1073.692308,-0.049924,0.001000,0.001000,0.001000,0.001000,0.001000
1073.711538,-0.049842,0.001000,0.001000,0.001000,0.001000,0.001000
1073.730769,-0.049731,0.001000,0.001000,0.001000,0.001000,0.001000
1073.750000,-0.049590,0.001000,0.001000,0.001000,0.001000,0.001000
1073.769231,-0.049420,0.001000,0.001000,0.001000,0.001000,0.001000
1073.788462,-0.049220,0.001000,0.001000,0.001000,0.001000,0.001000
1073.807692,-0.048991,0.001000,0.001000,0.001000,0.001000,0.001000
1073.826923,-0.048734,0.001000,0.001000,0.001000,0.001000,0.001000
1073.846154,-0.048447,0.001000,0.001000,0.001000,0.001000,0.001000
1073.865385,-0.048132,0.001000,0.001000,0.001000,0.001000,0.001000
1073.884615,-0.047788,0.001000,0.001000,0.001000,0.001000,0.001000
1073.903846,-0.047416,0.001000,0.001000,0.001000,0.001000,0.001000
1073.923077,-0.047015,0.001000,0.001000,0.001000,0.001000,0.001000
1073.942308,-0.046587,0.001000,0.001000,0.001000,0.001000,0.001000
1073.961538,-0.046131,0.001000,0.001000,0.001000,0.001000,0.001000
1073.980769,-0.045648,0.001000,0.001000,0.001000,0.001000,0.001000
1074.000000,-0.045138,0.001000,0.001000,0.001000,0.001000,0.001000
1074.019231,-0.044601,0.001000,0.001000,0.001000,0.001000,0.001000
1074.038462,-0.044038,0.001000,0.001000,0.001000,0.001000,0.001000
1074.057692,-0.043448,0.001000,0.001000,0.001000,0.001000,0.001000
1074.076923,-0.042833,0.001000,0.001000,0.001000,0.001000,0.001000
1074.096154,-0.042193,0.001000,0.001000,0.001000,0.001000,0.001000
1074.115385,-0.041527,0.001000,0.001000,0.001000,0.001000,0.001000
1074.134615,-0.040837,0.001000,0.001000,0.001000,0.001000,0.001000
1074.153846,-0.040122,0.001000,0.001000,0.001000,0.001000,0.001000
1074.173077,-0.039384,0.001000,0.001000,0.001000,0.001000,0.001000
1074.192308,-0.038623,0.001000,0.001000,0.001000,0.001000,0.001000
1074.211538,-0.037838,0.001000,0.001000,0.001000,0.001000,0.001000
1074.230769,-0.037031,0.001000,0.001000,0.001000,0.001000,0.001000
1074.250000,-0.036203,0.001000,0.001000,0.001000,0.001000,0.001000
1074.269231,-0.035352,0.001000,0.001000,0.001000,0.001000,0.001000
1074.288462,-0.034481,0.001000,0.001000,0.001000,0.001000,0.001000
1074.307692,-0.033590,0.001000,0.001000,0.001000,0.001000,0.001000
1074.326923,-0.032678,0.001000,0.001000,0.001000,0.001000,0.001000
1074.346154,-0.031747,0.001000,0.001000,0.001000,0.001000,0.001000
1074.365385,-0.030797,0.001000,0.001000,0.001000,0.001000,0.001000
1074.384615,-0.029829,0.001000,0.001000,0.001000,0.001000,0.001000
1074.403846,-0.028844,0.001000,0.001000,0.001000,0.001000,0.001000
1074.423077,-0.027841,0.001000,0.001000,0.001000,0.001000,0.001000
1074.442308,-0.026822,0.001000,0.001000,0.001000,0.001000,0.001000
1074.461538,-0.025787,0.001000,0.001000,0.001000,0.001000,0.001000
1074.480769,-0.024736,0.001000,0.001000,0.001000,0.001000,0.001000
1074.500000,-0.023671,0.001000,0.001000,0.001000,0.001000,0.001000
1074.519231,-0.022592,0.001000,0.001000,0.001000,0.001000,0.001000
1074.538462,-0.021499,0.001000,0.001000,0.001000,0.001000,0.001000
1074.557692,-0.020394,0.001000,0.001000,0.001000,0.001000,0.001000
1074.576923,-0.019277,0.001000,0.001000,0.001000,0.001000,0.001000
1074.596154,-0.018148,0.001000,0.001000,0.001000,0.001000,0.001000
1074.615385,-0.017009,0.001000,0.001000,0.001000,0.001000,0.001000
1074.634615,-0.015859,0.001000,0.001000,0.001000,0.001000,0.001000
1074.653846,-0.014700,0.001000,0.001000,0.001000,0.001000,0.001000
1074.673077,-0.013532,0.001000,0.001000,0.001000,0.001000,0.001000
1074.692308,-0.012356,0.001000,0.001000,0.001000,0.001000,0.001000
1074.711538,-0.011173,0.001000,0.001000,0.001000,0.001000,0.001000
1074.730769,-0.009984,0.001000,0.001000,0.001000,0.001000,0.001000
1074.750000,-0.008788,0.001000,0.001000,0.001000,0.001000,0.001000
1074.769231,-0.007587,0.001000,0.001000,0.001000,0.001000,0.001000
1074.788462,-0.006382,0.001000,0.001000,0.001000,0.001000,0.001000
1074.807692,-0.005173,0.001000,0.001000,0.001000,0.001000,0.001000
1074.826923,-0.003961,0.001000,0.001000,0.001000,0.001000,0.001000
1074.846154,-0.002746,0.001000,0.001000,0.001000,0.001000,0.001000
1074.865385,-0.001530,0.001000,0.001000,0.001000,0.001000,0.001000
1074.884615,-0.000313,0.001000,0.001000,0.001000,0.001000,0.001000
1074.903846,0.000904,0.001000,0.001000,0.001000,0.001000,0.001000
1074.923077,0.002121,0.001000,0.001000,0.001000,0.001000,0.001000
1074.942308,0.003336,0.001000,0.001000,0.001000,0.001000,0.001000
1074.961538,0.004550,0.001000,0.001000,0.001000,0.001000,0.001000
1074.980769,0.005760,0.001000,0.001000,0.001000,0.001000,0.001000
1075.000000,0.006968,0.001000,0.001000,0.001000,0.001000,0.001000
1075.019231,0.008171,0.001000,0.001000,0.001000,0.001000,0.001000
1075.038462,0.009369,0.001000,0.001000,0.001000,0.001000,0.001000
1075.057692,0.010562,0.001000,0.001000,0.001000,0.001000,0.001000
1075.076923,0.011749,0.001000,0.001000,0.001000,0.001000,0.001000
1075.096154,0.012928,0.001000,0.001000,0.001000,0.001000,0.001000
1075.115385,0.014100,0.001000,0.001000,0.001000,0.001000,0.001000
1075.134615,0.015264,0.001000,0.001000,0.001000,0.001000,0.001000
1075.153846,0.016418,0.001000,0.001000,0.001000,0.001000,0.001000
1075.173077,0.017563,0.001000,0.001000,0.001000,0.001000,0.001000
1075.192308,0.018697,0.001000,0.001000,0.001000,0.001000,0.001000
1075.211538,0.019821,0.001000,0.001000,0.001000,0.001000,0.001000
1075.230769,0.020932,0.001000,0.001000,0.001000,0.001000,0.001000
1075.250000,0.022031,0.001000,0.001000,0.001000,0.001000,0.001000
1075.269231,0.023118,0.001000,0.001000,0.001000,0.001000,0.001000
1075.288462,0.024190,0.001000,0.001000,0.001000,0.001000,0.001000
1075.307692,0.025248,0.001000,0.001000,0.001000,0.001000,0.001000
1075.326923,0.026291,0.001000,0.001000,0.001000,0.001000,0.001000
1075.346154,0.027319,0.001000,0.001000,0.001000,0.001000,0.001000
1075.365385,0.028330,0.001000,0.001000,0.001000,0.001000,0.001000
1075.384615,0.029324,0.001000,0.001000,0.001000,0.001000,0.001000
1075.403846,0.030302,0.001000,0.001000,0.001000,0.001000,0.001000
1075.423077,0.031261,0.001000,0.001000,0.001000,0.001000,0.001000
1075.442308,0.032201,0.001000,0.001000,0.001000,0.001000,0.001000
1075.461538,0.033123,0.001000,0.001000,0.001000,0.001000,0.001000
1075.480769,0.034025,0.001000,0.001000,0.001000,0.001000,0.001000
1075.500000,0.034907,0.001000,0.001000,0.001000,0.001000,0.001000
1075.519231,0.035768,0.001000,0.001000,0.001000,0.001000,0.001000
1075.538462,0.036608,0.001000,0.001000,0.001000,0.001000,0.001000
1075.557692,0.037426,0.001000,0.001000,0.001000,0.001000,0.001000
1075.576923,0.038222,0.001000,0.001000,0.001000,0.001000,0.001000
1075.596154,0.038995,0.001000,0.001000,0.001000,0.001000,0.001000
1075.615385,0.039746,0.001000,0.001000,0.001000,0.001000,0.001000
1075.634615,0.040472,0.001000,0.001000,0.001000,0.001000,0.001000
1075.653846,0.041175,0.001000,0.001000,0.001000,0.001000,0.001000
1075.673077,0.041853,0.001000,0.001000,0.001000,0.001000,0.001000
1075.692308,0.042507,0.001000,0.001000,0.001000,0.001000,0.001000
1075.711538,0.043135,0.001000,0.001000,0.001000,0.001000,0.001000
1075.730769,0.043738,0.001000,0.001000,0.001000,0.001000,0.001000
1075.750000,0.044315,0.001000,0.001000,0.001000,0.001000,0.001000
1075.769231,0.044865,0.001000,0.001000,0.001000,0.001000,0.001000
1075.788462,0.045389,0.001000,0.001000,0.001000,0.001000,0.001000
1075.807692,0.045886,0.001000,0.001000,0.001000,0.001000,0.001000
1075.826923,0.046356,0.001000,0.001000,0.001000,0.001000,0.001000
1075.846154,0.046798,0.001000,0.001000,0.001000,0.001000,0.001000
1075.865385,0.047213,0.001000,0.001000,0.001000,0.001000,0.001000
1075.884615,0.047600,0.001000,0.001000,0.001000,0.001000,0.001000
1075.903846,0.047958,0.001000,0.001000,0.001000,0.001000,0.001000
1075.923077,0.048288,0.001000,0.001000,0.001000,0.001000,0.001000
1075.942308,0.048590,0.001000,0.001000,0.001000,0.001000,0.001000
1075.961538,0.048862,0.001000,0.001000,0.001000,0.001000,0.001000
1075.980769,0.049106,0.001000,0.001000,0.001000,0.001000,0.001000
1076.000000,0.049321,0.001000,0.001000,0.001000,0.001000,0.001000
1076.019231,0.049506,0.001000,0.001000,0.001000,0.001000,0.001000
1076.038462,0.049662,0.001000,0.001000,0.001000,0.001000,0.001000
1076.057692,0.049789,0.001000,0.001000,0.001000,0.001000,0.001000
1076.076923,0.049886,0.001000,0.001000,0.001000,0.001000,0.001000
1076.096154,0.049953,0.001000,0.001000,0.001000,0.001000,0.001000
1076.115385,0.049991,0.001000,0.001000,0.001000,0.001000,0.001000
1076.134615,0.049999,0.001000,0.001000,0.001000,0.001000,0.001000
1076.153846,0.049978,0.001000,0.001000,0.001000,0.001000,0.001000
1076.173077,0.049927,0.001000,0.001000,0.001000,0.001000,0.001000
1076.192308,0.049846,0.001000,0.001000,0.001000,0.001000,0.001000
1076.211538,0.049736,0.001000,0.001000,0.001000,0.001000,0.001000
1076.230769,0.049597,0.001000,0.001000,0.001000,0.001000,0.001000
1076.250000,0.049428,0.001000,0.001000,0.001000,0.001000,0.001000
1076.269231,0.049229,0.001000,0.001000,0.001000,0.001000,0.001000
1076.288462,0.049002,0.001000,0.001000,0.001000,0.001000,0.001000
1076.307692,0.048745,0.001000,0.001000,0.001000,0.001000,0.001000
1076.326923,0.048460,0.001000,0.001000,0.001000,0.001000,0.001000
1076.346154,0.048146,0.001000,0.001000,0.001000,0.001000,0.001000
1076.365385,0.047803,0.001000,0.001000,0.001000,0.001000,0.001000
1076.384615,0.047432,0.001000,0.001000,0.001000,0.001000,0.001000
1076.403846,0.047033,0.001000,0.001000,0.001000,0.001000,0.001000
1076.423077,0.046606,0.001000,0.001000,0.001000,0.001000,0.001000
1076.442308,0.046151,0.001000,0.001000,0.001000,0.001000,0.001000
1076.461538,0.045670,0.001000,0.001000,0.001000,0.001000,0.001000
1076.480769,0.045161,0.001000,0.001000,0.001000,0.001000,0.001000
1076.500000,0.044625,0.001000,0.001000,0.001000,0.001000,0.001000
1076.519231,0.044063,0.001000,0.001000,0.001000,0.001000,0.001000
1076.538462,0.043474,0.001000,0.001000,0.001000,0.001000,0.001000
1076.557692,0.042860,0.001000,0.001000,0.001000,0.001000,0.001000
1076.576923,0.042221,0.001000,0.001000,0.001000,0.001000,0.001000
1076.596154,0.041556,0.001000,0.001000,0.001000,0.001000,0.001000
1076.615385,0.040867,0.001000,0.001000,0.001000,0.001000,0.001000
1076.634615,0.040154,0.001000,0.001000,0.001000,0.001000,0.001000
1076.653846,0.039416,0.001000,0.001000,0.001000,0.001000,0.001000
1076.673077,0.038656,0.001000,0.001000,0.001000,0.001000,0.001000
1076.692308,0.037872,0.001000,0.001000,0.001000,0.001000,0.001000
1076.711538,0.037066,0.001000,0.001000,0.001000,0.001000,0.001000
1076.730769,0.036239,0.001000,0.001000,0.001000,0.001000,0.001000
1076.750000,0.035389,0.001000,0.001000,0.001000,0.001000,0.001000
1076.769231,0.034519,0.001000,0.001000,0.001000,0.001000,0.001000
1076.788462,0.033628,0.001000,0.001000,0.001000,0.001000,0.001000
1076.807692,0.032717,0.001000,0.001000,0.001000,0.001000,0.001000
1076.826923,0.031787,0.001000,0.001000,0.001000,0.001000,0.001000
1076.846154,0.030838,0.001000,0.001000,0.001000,0.001000,0.001000
1076.865385,0.029871,0.001000,0.001000,0.001000,0.001000,0.001000
1076.884615,0.028886,0.001000,0.001000,0.001000,0.001000,0.001000
1076.903846,0.027884,0.001000,0.001000,0.001000,0.001000,0.001000
1076.923077,0.026866,0.001000,0.001000,0.001000,0.001000,0.001000
1076.942308,0.025831,0.001000,0.001000,0.001000,0.001000,0.001000
1076.961538,0.024781,0.001000,0.001000,0.001000,0.001000,0.001000
1076.980769,0.023717,0.001000,0.001000,0.001000,0.001000,0.001000
1077.000000,0.022638,0.001000,0.001000,0.001000,0.001000,0.001000
1077.019231,0.021546,0.001000,0.001000,0.001000,0.001000,0.001000
1077.038462,0.020442,0.001000,0.001000,0.001000,0.001000,0.001000
1077.057692,0.019325,0.001000,0.001000,0.001000,0.001000,0.001000
1077.076923,0.018197,0.001000,0.001000,0.001000,0.001000,0.001000
1077.096154,0.017058,0.001000,0.001000,0.001000,0.001000,0.001000
1077.115385,0.015908,0.001000,0.001000,0.001000,0.001000,0.001000
1077.134615,0.014750,0.001000,0.001000,0.001000,0.001000,0.001000
1077.153846,0.013582,0.001000,0.001000,0.001000,0.001000,0.001000
1077.173077,0.012407,0.001000,0.001000,0.001000,0.001000,0.001000
1077.192308,0.011224,0.001000,0.001000,0.001000,0.001000,0.001000
1077.211538,0.010035,0.001000,0.001000,0.001000,0.001000,0.001000
1077.230769,0.008840,0.001000,0.001000,0.001000,0.001000,0.001000
1077.250000,0.007639,0.001000,0.001000,0.001000,0.001000,0.001000
1077.269231,0.006434,0.001000,0.001000,0.001000,0.001000,0.001000
1077.288462,0.005225,0.001000,0.001000,0.001000,0.001000,0.001000
1077.307692,0.004013,0.001000,0.001000,0.001000,0.001000,0.001000
1077.326923,0.002798,0.001000,0.001000,0.001000,0.001000,0.001000
1077.346154,0.001582,0.001000,0.001000,0.001000,0.001000,0.001000
1077.365385,0.000365,0.001000,0.001000,0.001000,0.001000,0.001000
1077.384615,-0.000852,0.001000,0.001000,0.001000,0.001000,0.001000
1077.403846,-0.002069,0.001000,0.001000,0.001000,0.001000,0.001000
1077.423077,-0.003284,0.001000,0.001000,0.001000,0.001000,0.001000
1077.442308,-0.004498,0.001000,0.001000,0.001000,0.001000,0.001000
1077.461538,-0.005709,0.001000,0.001000,0.001000,0.001000,0.001000
1077.480769,-0.006916,0.001000,0.001000,0.001000,0.001000,0.001000
1077.500000,-0.008119,0.001000,0.001000,0.001000,0.001000,0.001000
1077.519231,-0.009318,0.001000,0.001000,0.001000,0.001000,0.001000
1077.538462,-0.010511,0.001000,0.001000,0.001000,0.001000,0.001000
1077.557692,-0.011698,0.001000,0.001000,0.001000,0.001000,0.001000
1077.576923,-0.012878,0.001000,0.001000,0.001000,0.001000,0.001000
1077.596154,-0.014050,0.001000,0.001000,0.001000,0.001000,0.001000
1077.615385,-0.015214,0.001000,0.001000,0.001000,0.001000,0.001000
1077.634615,-0.016369,0.001000,0.001000,0.001000,0.001000,0.001000
1077.653846,-0.017514,0.001000,0.001000,0.001000,0.001000,0.001000
1077.673077,-0.018649,0.001000,0.001000,0.001000,0.001000,0.001000
1077.692308,-0.019773,0.001000,0.001000,0.001000,0.001000,0.001000
1077.711538,-0.020885,0.001000,0.001000,0.001000,0.001000,0.001000
1077.730769,-0.021985,0.001000,0.001000,0.001000,0.001000,0.001000
1077.750000,-0.023071,0.001000,0.001000,0.001000,0.001000,0.001000
1077.769231,-0.024144,0.001000,0.001000,0.001000,0.001000,0.001000
1077.788462,-0.025203,0.001000,0.001000,0.001000,0.001000,0.001000
1077.807692,-0.026247,0.001000,0.001000,0.001000,0.001000,0.001000
1077.826923,-0.027275,0.001000,0.001000,0.001000,0.001000,0.001000
1077.846154,-0.028287,0.001000,0.001000,0.001000,0.001000,0.001000
1077.865385,-0.029282,0.001000,0.001000,0.001000,0.001000,0.001000
1077.884615,-0.030260,0.001000,0.001000,0.001000,0.001000,0.001000
1077.903846,-0.031220,0.001000,0.001000,0.001000,0.001000,0.001000
1077.923077,-0.032161,0.001000,0.001000,0.001000,0.001000,0.001000
1077.942308,-0.033084,0.001000,0.001000,0.001000,0.001000,0.001000
1077.961538,-0.033987,0.001000,0.001000,0.001000,0.001000,0.001000
1077.980769,-0.034869,0.001000,0.001000,0.001000,0.001000,0.001000
1078.000000,-0.035731,0.001000,0.001000,0.001000,0.001000,0.001000
1078.019231,-0.036572,0.001000,0.001000,0.001000,0.001000,0.001000
1078.038462,-0.037391,0.001000,0.001000,0.001000,0.001000,0.001000
1078.057692,-0.038188,0.001000,0.001000,0.001000,0.001000,0.001000
1078.076923,-0.038963,0.001000,0.001000,0.001000,0.001000,0.001000
1078.096154,-0.039714,0.001000,0.001000,0.001000,0.001000,0.001000
1078.115385,-0.040442,0.001000,0.001000,0.001000,0.001000,0.001000
1078.134615,-0.041145,0.001000,0.001000,0.001000,0.001000,0.001000
1078.153846,-0.041825,0.001000,0.001000,0.001000,0.001000,0.001000
1078.173077,-0.042479,0.001000,0.001000,0.001000,0.001000,0.001000
1078.192308,-0.043109,0.001000,0.001000,0.001000,0.001000,0.001000
1078.211538,-0.043712,0.001000,0.001000,0.001000,0.001000,0.001000
1078.230769,-0.044290,0.001000,0.001000,0.001000,0.001000,0.001000
1078.250000,-0.044842,0.001000,0.001000,0.001000,0.001000,0.001000
1078.269231,-0.045367,0.001000,0.001000,0.001000,0.001000,0.001000
1078.288462,-0.045865,0.001000,0.001000,0.001000,0.001000,0.001000
1078.307692,-0.046337,0.001000,0.001000,0.001000,0.001000,0.001000
1078.326923,-0.046780,0.001000,0.001000,0.001000,0.001000,0.001000
1078.346154,-0.047196,0.001000,0.001000,0.001000,0.001000,0.001000
1078.365385,-0.047584,0.001000,0.001000,0.001000,0.001000,0.001000
1078.384615,-0.047944,0.001000,0.001000,0.001000,0.001000,0.001000
1078.403846,-0.048275,0.001000,0.001000,0.001000,0.001000,0.001000
1078.423077,-0.048577,0.001000,0.001000,0.001000,0.001000,0.001000
1078.442308,-0.048851,0.001000,0.001000,0.001000,0.001000,0.001000
1078.461538,-0.049096,0.001000,0.001000,0.001000,0.001000,0.001000
1078.480769,-0.049312,0.001000,0.001000,0.001000,0.001000,0.001000
1078.500000,-0.049499,0.001000,0.001000,0.001000,0.001000,0.001000
1078.519231,-0.049656,0.001000,0.001000,0.001000,0.001000,0.001000
1078.538462,-0.049784,0.001000,0.001000,0.001000,0.001000,0.001000
1078.557692,-0.049882,0.001000,0.001000,0.001000,0.001000,0.001000
1078.576923,-0.049951,0.001000,0.001000,0.001000,0.001000,0.001000
1078.596154,-0.049990,0.001000,0.001000,0.001000,0.001000,0.001000
1078.615385,-0.050000,0.001000,0.001000,0.001000,0.001000,0.001000
1078.634615,-0.049979,0.001000,0.001000,0.001000,0.001000,0.001000
1078.653846,-0.049930,0.001000,0.001000,0.001000,0.001000,0.001000
1078.673077,-0.049850,0.001000,0.001000,0.001000,0.001000,0.001000
1078.692308,-0.049742,0.001000,0.001000,0.001000,0.001000,0.001000
1078.711538,-0.049603,0.001000,0.001000,0.001000,0.001000,0.001000
1078.730769,-0.049435,0.001000,0.001000,0.001000,0.001000,0.001000
1078.750000,-0.049238,0.001000,0.001000,0.001000,0.001000,0.001000
1078.769231,-0.049012,0.001000,0.001000,0.001000,0.001000,0.001000
1078.788462,-0.048757,0.001000,0.001000,0.001000,0.001000,0.001000
1078.807692,-0.048473,0.001000,0.001000,0.001000,0.001000,0.001000
1078.826923,-0.048160,0.001000,0.001000,0.001000,0.001000,0.001000
1078.846154,-0.047818,0.001000,0.001000,0.001000,0.001000,0.001000
1078.865385,-0.047449,0.001000,0.001000,0.001000,0.001000,0.001000
1078.884615,-0.047051,0.001000,0.001000,0.001000,0.001000,0.001000
1078.903846,-0.046625,0.001000,0.001000,0.001000,0.001000,0.001000
1078.923077,-0.046172,0.001000,0.001000,0.001000,0.001000,0.001000
1078.942308,-0.045691,0.001000,0.001000,0.001000,0.001000,0.001000
1078.961538,-0.045183,0.001000,0.001000,0.001000,0.001000,0.001000
1078.980769,-0.044648,0.001000,0.001000,0.001000,0.001000,0.001000
1079.000000,-0.044087,0.001000,0.001000,0.001000,0.001000,0.001000
1079.019231,-0.043500,0.001000,0.001000,0.001000,0.001000,0.001000
1079.038462,-0.042887,0.001000,0.001000,0.001000,0.001000,0.001000
1079.057692,-0.042249,0.001000,0.001000,0.001000,0.001000,0.001000
1079.076923,-0.041585,0.001000,0.001000,0.001000,0.001000,0.001000
1079.096154,-0.040897,0.001000,0.001000,0.001000,0.001000,0.001000
1079.115385,-0.040185,0.001000,0.001000,0.001000,0.001000,0.001000
1079.134615,-0.039448,0.001000,0.001000,0.001000,0.001000,0.001000
1079.153846,-0.038689,0.001000,0.001000,0.001000,0.001000,0.001000
1079.173077,-0.037906,0.001000,0.001000,0.001000,0.001000,0.001000
1079.192308,-0.037101,0.001000,0.001000,0.001000,0.001000,0.001000
1079.211538,-0.036275,0.001000,0.001000,0.001000,0.001000,0.001000
1079.230769,-0.035426,0.001000,0.001000,0.001000,0.001000,0.001000
1079.250000,-0.034557,0.001000,0.001000,0.001000,0.001000,0.001000
1079.269231,-0.033667,0.001000,0.001000,0.001000,0.001000,0.001000
1079.288462,-0.032757,0.001000,0.001000,0.001000,0.001000,0.001000
1079.307692,-0.031828,0.001000,0.001000,0.001000,0.001000,0.001000
1079.326923,-0.030879,0.001000,0.001000,0.001000,0.001000,0.001000
1079.346154,-0.029913,0.001000,0.001000,0.001000,0.001000,0.001000
1079.365385,-0.028929,0.001000,0.001000,0.001000,0.001000,0.001000
1079.384615,-0.027928,0.001000,0.001000,0.001000,0.001000,0.001000
1079.403846,-0.026910,0.001000,0.001000,0.001000,0.001000,0.001000
1079.423077,-0.025876,0.001000,0.001000,0.001000,0.001000,0.001000
1079.442308,-0.024827,0.001000,0.001000,0.001000,0.001000,0.001000
1079.461538,-0.023763,0.001000,0.001000,0.001000,0.001000,0.001000
1079.480769,-0.022685,0.001000,0.001000,0.001000,0.001000,0.001000
1079.500000,-0.021594,0.001000,0.001000,0.001000,0.001000,0.001000
1079.519231,-0.020489,0.001000,0.001000,0.001000,0.001000,0.001000
1079.538462,-0.019373,0.001000,0.001000,0.001000,0.001000,0.001000
1079.557692,-0.018245,0.001000,0.001000,0.001000,0.001000,0.001000
1079.576923,-0.017107,0.001000,0.001000,0.001000,0.001000,0.001000
1079.596154,-0.015958,0.001000,0.001000,0.001000,0.001000,0.001000
1079.615385,-0.014800,0.001000,0.001000,0.001000,0.001000,0.001000
1079.634615,-0.013633,0.001000,0.001000,0.001000,0.001000,0.001000
1079.653846,-0.012458,0.001000,0.001000,0.001000,0.001000,0.001000
1079.673077,-0.011275,0.001000,0.001000,0.001000,0.001000,0.001000
1079.692308,-0.010086,0.001000,0.001000,0.001000,0.001000,0.001000
1079.711538,-0.008891,0.001000,0.001000,0.001000,0.001000,0.001000
1079.730769,-0.007690,0.001000,0.001000,0.001000,0.001000,0.001000
1079.750000,-0.006486,0.001000,0.001000,0.001000,0.001000,0.001000
1079.769231,-0.005277,0.001000,0.001000,0.001000,0.001000,0.001000
1079.788462,-0.004065,0.001000,0.001000,0.001000,0.001000,0.001000
1079.807692,-0.002851,0.001000,0.001000,0.001000,0.001000,0.001000
1079.826923,-0.001635,0.001000,0.001000,0.001000,0.001000,0.001000
1079.846154,-0.000418,0.001000,0.001000,0.001000,0.001000,0.001000
1079.865385,0.000800,0.001000,0.001000,0.001000,0.001000,0.001000
1079.884615,0.002016,0.001000,0.001000,0.001000,0.001000,0.001000
1079.903846,0.003232,0.001000,0.001000,0.001000,0.001000,0.001000
1079.923077,0.004446,0.001000,0.001000,0.001000,0.001000,0.001000
1079.942308,0.005657,0.001000,0.001000,0.001000,0.001000,0.001000
1079.961538,0.006864,0.001000,0.001000,0.001000,0.001000,0.001000
1079.980769,0.008068,0.001000,0.001000,0.001000,0.001000,0.001000
1080.000000,0.009267,0.001000,0.001000,0.001000,0.001000,0.001000
1080.019231,0.010460,0.001000,0.001000,0.001000,0.001000,0.001000
1080.038462,0.011647,0.001000,0.001000,0.001000,0.001000,0.001000
1080.057692,0.012827,0.001000,0.001000,0.001000,0.001000,0.001000
1080.076923,0.014000,0.001000,0.001000,0.001000,0.001000,0.001000
1080.096154,0.015164,0.001000,0.001000,0.001000,0.001000,0.001000
1080.115385,0.016320,0.001000,0.001000,0.001000,0.001000,0.001000
1080.134615,0.017465,0.001000,0.001000,0.001000,0.001000,0.001000
1080.153846,0.018601,0.001000,0.001000,0.001000,0.001000,0.001000
1080.173077,0.019725,0.001000,0.001000,0.001000,0.001000,0.001000
1080.192308,0.020837,0.001000,0.001000,0.001000,0.001000,0.001000
1080.211538,0.021938,0.001000,0.001000,0.001000,0.001000,0.001000
1080.230769,0.023025,0.001000,0.001000,0.001000,0.001000,0.001000
1080.250000,0.024098,0.001000,0.001000,0.001000,0.001000,0.001000
1080.269231,0.025158,0.001000,0.001000,0.001000,0.001000,0.001000
1080.288462,0.026202,0.001000,0.001000,0.001000,0.001000,0.001000
1080.307692,0.027231,0.001000,0.001000,0.001000,0.001000,0.001000
1080.326923,0.028244,0.001000,0.001000,0.001000,0.001000,0.001000
1080.346154,0.029240,0.001000,0.001000,0.001000,0.001000,0.001000
1080.365385,0.030218,0.001000,0.001000,0.001000,0.001000,0.001000
1080.384615,0.031179,0.001000,0.001000,0.001000,0.001000,0.001000
1080.403846,0.032121,0.001000,0.001000,0.001000,0.001000,0.001000
1080.423077,0.033045,0.001000,0.001000,0.001000,0.001000,0.001000
1080.442308,0.033948,0.001000,0.001000,0.001000,0.001000,0.001000
1080.461538,0.034832,0.001000,0.001000,0.001000,0.001000,0.001000
1080.480769,0.035695,0.001000,0.001000,0.001000,0.001000,0.001000
1080.500000,0.036537,0.001000,0.001000,0.001000,0.001000,0.001000
1080.519231,0.037357,0.001000,0.001000,0.001000,0.001000,0.001000
1080.538462,0.038155,0.001000,0.001000,0.001000,0.001000,0.001000
1080.557692,0.038930,0.001000,0.001000,0.001000,0.001000,0.001000
1080.576923,0.039682,0.001000,0.001000,0.001000,0.001000,0.001000
1080.596154,0.040411,0.001000,0.001000,0.001000,0.001000,0.001000
1080.615385,0.041116,0.001000,0.001000,0.001000,0.001000,0.001000
1080.634615,0.041796,0.001000,0.001000,0.001000,0.001000,0.001000
1080.653846,0.042452,0.001000,0.001000,0.001000,0.001000,0.001000
1080.673077,0.043082,0.001000,0.001000,0.001000,0.001000,0.001000
1080.692308,0.043687,0.001000,0.001000,0.001000,0.001000,0.001000
1080.711538,0.044266,0.001000,0.001000,0.001000,0.001000,0.001000
1080.730769,0.044819,0.001000,0.001000,0.001000,0.001000,0.001000
1080.750000,0.045345,0.001000,0.001000,0.001000,0.001000,0.001000
1080.769231,0.045845,0.001000,0.001000,0.001000,0.001000,0.001000
1080.788462,0.046317,0.001000,0.001000,0.001000,0.001000,0.001000
1080.807692,0.046762,0.001000,0.001000,0.001000,0.001000,0.001000
1080.826923,0.047179,0.001000,0.001000,0.001000,0.001000,0.001000
1080.846154,0.047568,0.001000,0.001000,0.001000,0.001000,0.001000
1080.865385,0.047929,0.001000,0.001000,0.001000,0.001000,0.001000
1080.884615,0.048261,0.001000,0.001000,0.001000,0.001000,0.001000
1080.903846,0.048565,0.001000,0.001000,0.001000,0.001000,0.001000
1080.923077,0.048840,0.001000,0.001000,0.001000,0.001000,0.001000
1080.942308,0.049086,0.001000,0.001000,0.001000,0.001000,0.001000
1080.961538,0.049303,0.001000,0.001000,0.001000,0.001000,0.001000
1080.980769,0.049491,0.001000,0.001000,0.001000,0.001000,0.001000
1081.000000,0.049650,0.001000,0.001000,0.001000,0.001000,0.001000
1081.019231,0.049779,0.001000,0.001000,0.001000,0.001000,0.001000
1081.038462,0.049878,0.001000,0.001000,0.001000,0.001000,0.001000
1081.057692,0.049949,0.001000,0.001000,0.001000,0.001000,0.001000
1081.076923,0.049989,0.001000,0.001000,0.001000,0.001000,0.001000
1081.096154,0.050000,0.001000,0.001000,0.001000,0.001000,0.001000
1081.115385,0.049981,0.001000,0.001000,0.001000,0.001000,0.001000
1081.134615,0.049932,0.001000,0.001000,0.001000,0.001000,0.001000
1081.153846,0.049854,0.001000,0.001000,0.001000,0.001000,0.001000
1081.173077,0.049747,0.001000,0.001000,0.001000,0.001000,0.001000
1081.192308,0.049610,0.001000,0.001000,0.001000,0.001000,0.001000
1081.211538,0.049443,0.001000,0.001000,0.001000,0.001000,0.001000
1081.230769,0.049247,0.001000,0.001000,0.001000,0.001000,0.001000
1081.250000,0.049022,0.001000,0.001000,0.001000,0.001000,0.001000
1081.269231,0.048768,0.001000,0.001000,0.001000,0.001000,0.001000
1081.288462,0.048486,0.001000,0.001000,0.001000,0.001000,0.001000
1081.307692,0.048174,0.001000,0.001000,0.001000,0.001000,0.001000
1081.326923,0.047834,0.001000,0.001000,0.001000,0.001000,0.001000
1081.346154,0.047465,0.001000,0.001000,0.001000,0.001000,0.001000
1081.365385,0.047068,0.001000,0.001000,0.001000,0.001000,0.001000
1081.384615,0.046644,0.001000,0.001000,0.001000,0.001000,0.001000
1081.403846,0.046192,0.001000,0.001000,0.001000,0.001000,0.001000
1081.423077,0.045712,0.001000,0.001000,0.001000,0.001000,0.001000
1081.442308,0.045205,0.001000,0.001000,0.001000,0.001000,0.001000
1081.461538,0.044672,0.001000,0.001000,0.001000,0.001000,0.001000
1081.480769,0.044112,0.001000,0.001000,0.001000,0.001000,0.001000
1081.500000,0.043526,0.001000,0.001000,0.001000,0.001000,0.001000
1081.519231,0.042914,0.001000,0.001000,0.001000,0.001000,0.001000
1081.538462,0.042276,0.001000,0.001000,0.001000,0.001000,0.001000
1081.557692,0.041614,0.001000,0.001000,0.001000,0.001000,0.001000
1081.576923,0.040927,0.001000,0.001000,0.001000,0.001000,0.001000
1081.596154,0.040216,0.001000,0.001000,0.001000,0.001000,0.001000
1081.615385,0.039480,0.001000,0.001000,0.001000,0.001000,0.001000
1081.634615,0.038722,0.001000,0.001000,0.001000,0.001000,0.001000
1081.653846,0.037940,0.001000,0.001000,0.001000,0.001000,0.001000
1081.673077,0.037136,0.001000,0.001000,0.001000,0.001000,0.001000
1081.692308,0.036310,0.001000,0.001000,0.001000,0.001000,0.001000
1081.711538,0.035463,0.001000,0.001000,0.001000,0.001000,0.001000
1081.730769,0.034594,0.001000,0.001000,0.001000,0.001000,0.001000
1081.750000,0.033705,0.001000,0.001000,0.001000,0.001000,0.001000
1081.769231,0.032796,0.001000,0.001000,0.001000,0.001000,0.001000
1081.788462,0.031868,0.001000,0.001000,0.001000,0.001000,0.001000
1081.807692,0.030921,0.001000,0.001000,0.001000,0.001000,0.001000
1081.826923,0.029955,0.001000,0.001000,0.001000,0.001000,0.001000
1081.846154,0.028971,0.001000,0.001000,0.001000,0.001000,0.001000
1081.865385,0.027971,0.001000,0.001000,0.001000,0.001000,0.001000
1081.884615,0.026954,0.001000,0.001000,0.001000,0.001000,0.001000
1081.903846,0.025921,0.001000,0.001000,0.001000,0.001000,0.001000
1081.923077,0.024872,0.001000,0.001000,0.001000,0.001000,0.001000
1081.942308,0.023809,0.001000,0.001000,0.001000,0.001000,0.001000
1081.961538,0.022731,0.001000,0.001000,0.001000,0.001000,0.001000
1081.980769,0.021641,0.001000,0.001000,0.001000,0.001000,0.001000
1082.000000,0.020537,0.001000,0.001000,0.001000,0.001000,0.001000
1082.019231,0.019421,0.001000,0.001000,0.001000,0.001000,0.001000
1082.038462,0.018294,0.001000,0.001000,0.001000,0.001000,0.001000
1082.057692,0.017156,0.001000,0.001000,0.001000,0.001000,0.001000
1082.076923,0.016007,0.001000,0.001000,0.001000,0.001000,0.001000
1082.096154,0.014849,0.001000,0.001000,0.001000,0.001000,0.001000
1082.115385,0.013683,0.001000,0.001000,0.001000,0.001000,0.001000
1082.134615,0.012508,0.001000,0.001000,0.001000,0.001000,0.001000
1082.153846,0.011326,0.001000,0.001000,0.001000,0.001000,0.001000
1082.173077,0.010137,0.001000,0.001000,0.001000,0.001000,0.001000
1082.192308,0.008942,0.001000,0.001000,0.001000,0.001000,0.001000
1082.211538,0.007742,0.001000,0.001000,0.001000,0.001000,0.001000
1082.230769,0.006537,0.001000,0.001000,0.001000,0.001000,0.001000
1082.250000,0.005329,0.001000,0.001000,0.001000,0.001000,0.001000
1082.269231,0.004117,0.001000,0.001000,0.001000,0.001000,0.001000
1082.288462,0.002903,0.001000,0.001000,0.001000,0.001000,0.001000
1082.307692,0.001687,0.001000,0.001000,0.001000,0.001000,0.001000
1082.326923,0.000470,0.001000,0.001000,0.001000,0.001000,0.001000
1082.346154,-0.000748,0.001000,0.001000,0.001000,0.001000,0.001000
1082.365385,-0.001964,0.001000,0.001000,0.001000,0.001000,0.001000
1082.384615,-0.003180,0.001000,0.001000,0.001000,0.001000,0.001000
1082.403846,-0.004394,0.001000,0.001000,0.001000,0.001000,0.001000
1082.423077,-0.005605,0.001000,0.001000,0.001000,0.001000,0.001000
1082.442308,-0.006813,0.001000,0.001000,0.001000,0.001000,0.001000
1082.461538,-0.008016,0.001000,0.001000,0.001000,0.001000,0.001000
1082.480769,-0.009215,0.001000,0.001000,0.001000,0.001000,0.001000
1082.500000,-0.010409,0.001000,0.001000,0.001000,0.001000,0.001000
1082.519231,-0.011596,0.001000,0.001000,0.001000,0.001000,0.001000
1082.538462,-0.012777,0.001000,0.001000,0.001000,0.001000,0.001000
1082.557692,-0.013950,0.001000,0.001000,0.001000,0.001000,0.001000
1082.576923,-0.015115,0.001000,0.001000,0.001000,0.001000,0.001000
1082.596154,-0.016270,0.001000,0.001000,0.001000,0.001000,0.001000
1082.615385,-0.017416,0.001000,0.001000,0.001000,0.001000,0.001000
1082.634615,-0.018552,0.001000,0.001000,0.001000,0.001000,0.001000
1082.653846,-0.019677,0.001000,0.001000,0.001000,0.001000,0.001000
1082.673077,-0.020790,0.001000,0.001000,0.001000,0.001000,0.001000
1082.692308,-0.021891,0.001000,0.001000,0.001000,0.001000,0.001000
1082.711538,-0.022979,0.001000,0.001000,0.001000,0.001000,0.001000
1082.730769,-0.024053,0.001000,0.001000,0.001000,0.001000,0.001000
1082.750000,-0.025113,0.001000,0.001000,0.001000,0.001000,0.001000
1082.769231,-0.026158,0.001000,0.001000,0.001000,0.001000,0.001000
1082.788462,-0.027187,0.001000,0.001000,0.001000,0.001000,0.001000
1082.807692,-0.028201,0.001000,0.001000,0.001000,0.001000,0.001000
1082.826923,-0.029197,0.001000,0.001000,0.001000,0.001000,0.001000
1082.846154,-0.030177,0.001000,0.001000,0.001000,0.001000,0.001000
1082.865385,-0.031138,0.001000,0.001000,0.001000,0.001000,0.001000
1082.884615,-0.032081,0.001000,0.001000,0.001000,0.001000,0.001000
1082.903846,-0.033006,0.001000,0.001000,0.001000,0.001000,0.001000
1082.923077,-0.033910,0.001000,0.001000,0.001000,0.001000,0.001000
1082.942308,-0.034794,0.001000,0.001000,0.001000,0.001000,0.001000
1082.961538,-0.035658,0.001000,0.001000,0.001000,0.001000,0.001000
1082.980769,-0.036501,0.001000,0.001000,0.001000,0.001000,0.001000
1083.000000,-0.037322,0.001000,0.001000,0.001000,0.001000,0.001000
1083.019231,-0.038121,0.001000,0.001000,0.001000,0.001000,0.001000
1083.038462,-0.038897,0.001000,0.001000,0.001000,0.001000,0.001000
1083.057692,-0.039650,0.001000,0.001000,0.001000,0.001000,0.001000
1083.076923,-0.040380,0.001000,0.001000,0.001000,0.001000,0.001000
1083.096154,-0.041086,0.001000,0.001000,0.001000,0.001000,0.001000
1083.115385,-0.041767,0.001000,0.001000,0.001000,0.001000,0.001000
1083.134615,-0.042424,0.001000,0.001000,0.001000,0.001000,0.001000
1083.153846,-0.043056,0.001000,0.001000,0.001000,0.001000,0.001000
1083.173077,-0.043662,0.001000,0.001000,0.001000,0.001000,0.001000
1083.192308,-0.044242,0.001000,0.001000,0.001000,0.001000,0.001000
1083.211538,-0.044796,0.001000,0.001000,0.001000,0.001000,0.001000
1083.230769,-0.045323,0.001000,0.001000,0.001000,0.001000,0.001000
1083.250000,-0.045824,0.001000,0.001000,0.001000,0.001000,0.001000
1083.269231,-0.046297,0.001000,0.001000,0.001000,0.001000,0.001000
1083.288462,-0.046743,0.001000,0.001000,0.001000,0.001000,0.001000
1083.307692,-0.047161,0.001000,0.001000,0.001000,0.001000,0.001000
1083.326923,-0.047552,0.001000,0.001000,0.001000,0.001000,0.001000
1083.346154,-0.047914,0.001000,0.001000,0.001000,0.001000,0.001000
1083.365385,-0.048248,0.001000,0.001000,0.001000,0.001000,0.001000
1083.384615,-0.048553,0.001000,0.001000,0.001000,0.001000,0.001000
1083.403846,-0.048829,0.001000,0.001000,0.001000,0.001000,0.001000
1083.423077,-0.049076,0.001000,0.001000,0.001000,0.001000,0.001000
1083.442308,-0.049295,0.001000,0.001000,0.001000,0.001000,0.001000
1083.461538,-0.049484,0.001000,0.001000,0.001000,0.001000,0.001000
1083.480769,-0.049644,0.001000,0.001000,0.001000,0.001000,0.001000
1083.500000,-0.049774,0.001000,0.001000,0.001000,0.001000,0.001000
1083.519231,-0.049875,0.001000,0.001000,0.001000,0.001000,0.001000
1083.538462,-0.049946,0.001000,0.001000,0.001000,0.001000,0.001000
1083.557692,-0.049988,0.001000,0.001000,0.001000,0.001000,0.001000
1083.576923,-0.050000,0.001000,0.001000,0.001000,0.001000,0.001000
1083.596154,-0.049982,0.001000,0.001000,0.001000,0.001000,0.001000
1083.615385,-0.049935,0.001000,0.001000,0.001000,0.001000,0.001000
1083.634615,-0.049858,0.001000,0.001000,0.001000,0.001000,0.001000
1083.653846,-0.049752,0.001000,0.001000,0.001000,0.001000,0.001000
1083.673077,-0.049616,0.001000,0.001000,0.001000,0.001000,0.001000
1083.692308,-0.049451,0.001000,0.001000,0.001000,0.001000,0.001000
1083.711538,-0.049256,0.001000,0.001000,0.001000,0.001000,0.001000
1083.730769,-0.049033,0.001000,0.001000,0.001000,0.001000,0.001000
1083.750000,-0.048780,0.001000,0.001000,0.001000,0.001000,0.001000
1083.769231,-0.048498,0.001000,0.001000,0.001000,0.001000,0.001000
1083.788462,-0.048188,0.001000,0.001000,0.001000,0.001000,0.001000
1083.807692,-0.047849,0.001000,0.001000,0.001000,0.001000,0.001000
1083.826923,-0.047481,0.001000,0.001000,0.001000,0.001000,0.001000
1083.846154,-0.047086,0.001000,0.001000,0.001000,0.001000,0.001000
1083.865385,-0.046663,0.001000,0.001000,0.001000,0.001000,0.001000
1083.884615,-0.046212,0.001000,0.001000,0.001000,0.001000,0.001000
1083.903846,-0.045733,0.001000,0.001000,0.001000,0.001000,0.001000
1083.923077,-0.045228,0.001000,0.001000,0.001000,0.001000,0.001000
1083.942308,-0.044695,0.001000,0.001000,0.001000,0.001000,0.001000
1083.961538,-0.044136,0.001000,0.001000,0.001000,0.001000,0.001000
1083.980769,-0.043551,0.001000,0.001000,0.001000,0.001000,0.001000
1084.000000,-0.042941,0.001000,0.001000,0.001000,0.001000,0.001000
1084.019231,-0.042304,0.001000,0.001000,0.001000,0.001000,0.001000
1084.038462,-0.041643,0.001000,0.001000,0.001000,0.001000,0.001000
1084.057692,-0.040957,0.001000,0.001000,0.001000,0.001000,0.001000
1084.076923,-0.040247,0.001000,0.001000,0.001000,0.001000,0.001000
1084.096154,-0.039512,0.001000,0.001000,0.001000,0.001000,0.001000
1084.115385,-0.038755,0.001000,0.001000,0.001000,0.001000,0.001000
1084.134615,-0.037974,0.001000,0.001000,0.001000,0.001000,0.001000
1084.153846,-0.037171,0.001000,0.001000,0.001000,0.001000,0.001000
1084.173077,-0.036346,0.001000,0.001000,0.001000,0.001000,0.001000
1084.192308,-0.035500,0.001000,0.001000,0.001000,0.001000,0.001000
1084.211538,-0.034632,0.001000,0.001000,0.001000,0.001000,0.001000
1084.230769,-0.033744,0.001000,0.001000,0.001000,0.001000,0.001000
1084.250000,-0.032836,0.001000,0.001000,0.001000,0.001000,0.001000
1084.269231,-0.031908,0.001000,0.001000,0.001000,0.001000,0.001000
1084.288462,-0.030962,0.001000,0.001000,0.001000,0.001000,0.001000
1084.307692,-0.029997,0.001000,0.001000,0.001000,0.001000,0.001000
1084.326923,-0.029014,0.001000,0.001000,0.001000,0.001000,0.001000
1084.346154,-0.028014,0.001000,0.001000,0.001000,0.001000,0.001000
1084.365385,-0.026998,0.001000,0.001000,0.001000,0.001000,0.001000
1084.384615,-0.025965,0.001000,0.001000,0.001000,0.001000,0.001000
1084.403846,-0.024917,0.001000,0.001000,0.001000,0.001000,0.001000
1084.423077,-0.023855,0.001000,0.001000,0.001000,0.001000,0.001000
1084.442308,-0.022778,0.001000,0.001000,0.001000,0.001000,0.001000
1084.461538,-0.021688,0.001000,0.001000,0.001000,0.001000,0.001000
1084.480769,-0.020585,0.001000,0.001000,0.001000,0.001000,0.001000
1084.500000,-0.019469,0.001000,0.001000,0.001000,0.001000,0.001000
1084.519231,-0.018342,0.001000,0.001000,0.001000,0.001000,0.001000
1084.538462,-0.017205,0.001000,0.001000,0.001000,0.001000,0.001000
1084.557692,-0.016057,0.001000,0.001000,0.001000,0.001000,0.001000
1084.576923,-0.014899,0.001000,0.001000,0.001000,0.001000,0.001000
1084.596154,-0.013733,0.001000,0.001000,0.001000,0.001000,0.001000
1084.615385,-0.012559,0.001000,0.001000,0.001000,0.001000,0.001000
1084.634615,-0.011377,0.001000,0.001000,0.001000,0.001000,0.001000
1084.653846,-0.010188,0.001000,0.001000,0.001000,0.001000,0.001000
1084.673077,-0.008994,0.001000,0.001000,0.001000,0.001000,0.001000
1084.692308,-0.007794,0.001000,0.001000,0.001000,0.001000,0.001000
1084.711538,-0.006589,0.001000,0.001000,0.001000,0.001000,0.001000
1084.730769,-0.005381,0.001000,0.001000,0.001000,0.001000,0.001000
1084.750000,-0.004169,0.001000,0.001000,0.001000,0.001000,0.001000
1084.769231,-0.002955,0.001000,0.001000,0.001000,0.001000,0.001000
1084.788462,-0.001739,0.001000,0.001000,0.001000,0.001000,0.001000
1084.807692,-0.000522,0.001000,0.001000,0.001000,0.001000,0.001000
1084.826923,0.000695,0.001000,0.001000,0.001000,0.001000,0.001000
1084.846154,0.001912,0.001000,0.001000,0.001000,0.001000,0.001000
1084.865385,0.003128,0.001000,0.001000,0.001000,0.001000,0.001000
1084.884615,0.004342,0.001000,0.001000,0.001000,0.001000,0.001000
1084.903846,0.005553,0.001000,0.001000,0.001000,0.001000,0.001000
1084.923077,0.006761,0.001000,0.001000,0.001000,0.001000,0.001000
1084.942308,0.007965,0.001000,0.001000,0.001000,0.001000,0.001000
1084.961538,0.009164,0.001000,0.001000,0.001000,0.001000,0.001000
1084.980769,0.010358,0.001000,0.001000,0.001000,0.001000,0.001000
1085.000000,0.011546,0.001000,0.001000,0.001000,0.001000,0.001000
1085.019231,0.012726,0.001000,0.001000,0.001000,0.001000,0.001000
1085.038462,0.013900,0.001000,0.001000,0.001000,0.001000,0.001000
1085.057692,0.015065,0.001000,0.001000,0.001000,0.001000,0.001000
1085.076923,0.016221,0.001000,0.001000,0.001000,0.001000,0.001000
1085.096154,0.017367,0.001000,0.001000,0.001000,0.001000,0.001000
1085.115385,0.018504,0.001000,0.001000,0.001000,0.001000,0.001000
1085.134615,0.019629,0.001000,0.001000,0.001000,0.001000,0.001000
1085.153846,0.020742,0.001000,0.001000,0.001000,0.001000,0.001000
1085.173077,0.021844,0.001000,0.001000,0.001000,0.001000,0.001000
1085.192308,0.022932,0.001000,0.001000,0.001000,0.001000,0.001000
1085.211538,0.024007,0.001000,0.001000,0.001000,0.001000,0.001000
1085.230769,0.025068,0.001000,0.001000,0.001000,0.001000,0.001000
1085.250000,0.026113,0.001000,0.001000,0.001000,0.001000,0.001000
1085.269231,0.027143,0.001000,0.001000,0.001000,0.001000,0.001000
1085.288462,0.028158,0.001000,0.001000,0.001000,0.001000,0.001000
1085.307692,0.029155,0.001000,0.001000,0.001000,0.001000,0.001000
1085.326923,0.030135,0.001000,0.001000,0.001000,0.001000,0.001000
1085.346154,0.031098,0.001000,0.001000,0.001000,0.001000,0.001000
1085.365385,0.032041,0.001000,0.001000,0.001000,0.001000,0.001000
1085.384615,0.032966,0.001000,0.001000,0.001000,0.001000,0.001000
1085.403846,0.033872,0.001000,0.001000,0.001000,0.001000,0.001000
1085.423077,0.034757,0.001000,0.001000,0.001000,0.001000,0.001000
1085.442308,0.035622,0.001000,0.001000,0.001000,0.001000,0.001000
1085.461538,0.036465,0.001000,0.001000,0.001000,0.001000,0.001000
1085.480769,0.037287,0.001000,0.001000,0.001000,0.001000,0.001000
1085.500000,0.038087,0.001000,0.001000,0.001000,0.001000,0.001000
1085.519231,0.038864,0.001000,0.001000,0.001000,0.001000,0.001000
1085.538462,0.039619,0.001000,0.001000,0.001000,0.001000,0.001000
1085.557692,0.040349,0.001000,0.001000,0.001000,0.001000,0.001000
1085.576923,0.041056,0.001000,0.001000,0.001000,0.001000,0.001000
1085.596154,0.041739,0.001000,0.001000,0.001000,0.001000,0.001000
1085.615385,0.042396,0.001000,0.001000,0.001000,0.001000,0.001000
1085.634615,0.043029,0.001000,0.001000,0.001000,0.001000,0.001000
1085.653846,0.043636,0.001000,0.001000,0.001000,0.001000,0.001000
1085.673077,0.044218,0.001000,0.001000,0.001000,0.001000,0.001000
1085.692308,0.044773,0.001000,0.001000,0.001000,0.001000,0.001000
1085.711538,0.045301,0.001000,0.001000,0.001000,0.001000,0.001000
1085.730769,0.045803,0.001000,0.001000,0.001000,0.001000,0.001000
1085.750000,0.046277,0.001000,0.001000,0.001000,0.001000,0.001000
1085.769231,0.046725,0.001000,0.001000,0.001000,0.001000,0.001000
1085.788462,0.047144,0.001000,0.001000,0.001000,0.001000,0.001000
1085.807692,0.047536,0.001000,0.001000,0.001000,0.001000,0.001000
1085.826923,0.047899,0.001000,0.001000,0.001000,0.001000,0.001000
1085.846154,0.048234,0.001000,0.001000,0.001000,0.001000,0.001000
1085.865385,0.048540,0.001000,0.001000,0.001000,0.001000,0.001000
1085.884615,0.048818,0.001000,0.001000,0.001000,0.001000,0.001000
1085.903846,0.049066,0.001000,0.001000,0.001000,0.001000,0.001000
1085.923077,0.049286,0.001000,0.001000,0.001000,0.001000,0.001000
1085.942308,0.049476,0.001000,0.001000,0.001000,0.001000,0.001000
1085.961538,0.049637,0.001000,0.001000,0.001000,0.001000,0.001000
1085.980769,0.049769,0.001000,0.001000,0.001000,0.001000,0.001000
1086.000000,0.049871,0.001000,0.001000,0.001000,0.001000,0.001000
1086.019231,0.049944,0.001000,0.001000,0.001000,0.001000,0.001000
1086.038462,0.049987,0.001000,0.001000,0.001000,0.001000,0.001000
1086.057692,0.050000,0.001000,0.001000,0.001000,0.001000,0.001000
1086.076923,0.049984,0.001000,0.001000,0.001000,0.001000,0.001000
1086.096154,0.049938,0.001000,0.001000,0.001000,0.001000,0.001000
1086.115385,0.049862,0.001000,0.001000,0.001000,0.001000,0.001000
1086.134615,0.049757,0.001000,0.001000,0.001000,0.001000,0.001000
1086.153846,0.049623,0.001000,0.001000,0.001000,0.001000,0.001000
1086.173077,0.049459,0.001000,0.001000,0.001000,0.001000,0.001000
1086.192308,0.049265,0.001000,0.001000,0.001000,0.001000,0.001000
1086.211538,0.049043,0.001000,0.001000,0.001000,0.001000,0.001000
1086.230769,0.048791,0.001000,0.001000,0.001000,0.001000,0.001000
1086.250000,0.048511,0.001000,0.001000,0.001000,0.001000,0.001000
1086.269231,0.048202,0.001000,0.001000,0.001000,0.001000,0.001000
1086.288462,0.047864,0.001000,0.001000,0.001000,0.001000,0.001000
1086.307692,0.047498,0.001000,0.001000,0.001000,0.001000,0.001000
1086.326923,0.047103,0.001000,0.001000,0.001000,0.001000,0.001000
1086.346154,0.046681,0.001000,0.001000,0.001000,0.001000,0.001000
1086.365385,0.046231,0.001000,0.001000,0.001000,0.001000,0.001000
1086.384615,0.045754,0.001000,0.001000,0.001000,0.001000,0.001000
1086.403846,0.045250,0.001000,0.001000,0.001000,0.001000,0.001000
1086.423077,0.044719,0.001000,0.001000,0.001000,0.001000,0.001000
1086.442308,0.044161,0.001000,0.001000,0.001000,0.001000,0.001000
1086.461538,0.043577,0.001000,0.001000,0.001000,0.001000,0.001000
1086.480769,0.042967,0.001000,0.001000,0.001000,0.001000,0.001000
1086.500000,0.042332,0.001000,0.001000,0.001000,0.001000,0.001000
1086.519231,0.041672,0.001000,0.001000,0.001000,0.001000,0.001000
1086.538462,0.040987,0.001000,0.001000,0.001000,0.001000,0.001000
1086.557692,0.040278,0.001000,0.001000,0.001000,0.001000,0.001000
1086.576923,0.039544,0.001000,0.001000,0.001000,0.001000,0.001000
1086.596154,0.038788,0.001000,0.001000,0.001000,0.001000,0.001000
1086.615385,0.038008,0.001000,0.001000,0.001000,0.001000,0.001000
1086.634615,0.037206,0.001000,0.001000,0.001000,0.001000,0.001000
1086.653846,0.036382,0.001000,0.001000,0.001000,0.001000,0.001000
1086.673077,0.035536,0.001000,0.001000,0.001000,0.001000,0.001000
1086.692308,0.034670,0.001000,0.001000,0.001000,0.001000,0.001000
1086.711538,0.033782,0.001000,0.001000,0.001000,0.001000,0.001000
1086.730769,0.032875,0.001000,0.001000,0.001000,0.001000,0.001000
1086.750000,0.031948,0.001000,0.001000,0.001000,0.001000,0.001000
1086.769231,0.031002,0.001000,0.001000,0.001000,0.001000,0.001000
1086.788462,0.030038,0.001000,0.001000,0.001000,0.001000,0.001000
1086.807692,0.029056,0.001000,0.001000,0.001000,0.001000,0.001000
1086.826923,0.028057,0.001000,0.001000,0.001000,0.001000,0.001000
1086.846154,0.027042,0.001000,0.001000,0.001000,0.001000,0.001000
1086.865385,0.026010,0.001000,0.001000,0.001000,0.001000,0.001000
1086.884615,0.024963,0.001000,0.001000,0.001000,0.001000,0.001000
1086.903846,0.023901,0.001000,0.001000,0.001000,0.001000,0.001000
1086.923077,0.022824,0.001000,0.001000,0.001000,0.001000,0.001000
1086.942308,0.021735,0.001000,0.001000,0.001000,0.001000,0.001000
1086.961538,0.020632,0.001000,0.001000,0.001000,0.001000,0.001000
1086.980769,0.019517,0.001000,0.001000,0.001000,0.001000,0.001000
1087.000000,0.018391,0.001000,0.001000,0.001000,0.001000,0.001000
1087.019231,0.017254,0.001000,0.001000,0.001000,0.001000,0.001000
1087.038462,0.016106,0.001000,0.001000,0.001000,0.001000,0.001000
1087.057692,0.014949,0.001000,0.001000,0.001000,0.001000,0.001000
1087.076923,0.013783,0.001000,0.001000,0.001000,0.001000,0.001000
1087.096154,0.012609,0.001000,0.001000,0.001000,0.001000,0.001000
1087.115385,0.011428,0.001000,0.001000,0.001000,0.001000,0.001000
1087.134615,0.010239,0.001000,0.001000,0.001000,0.001000,0.001000
1087.153846,0.009045,0.001000,0.001000,0.001000,0.001000,0.001000
1087.173077,0.007845,0.001000,0.001000,0.001000,0.001000,0.001000
1087.192308,0.006641,0.001000,0.001000,0.001000,0.001000,0.001000
1087.211538,0.005432,0.001000,0.001000,0.001000,0.001000,0.001000
1087.230769,0.004221,0.001000,0.001000,0.001000,0.001000,0.001000
1087.250000,0.003007,0.001000,0.001000,0.001000,0.001000,0.001000
1087.269231,0.001791,0.001000,0.001000,0.001000,0.001000,0.001000
1087.288462,0.000574,0.001000,0.001000,0.001000,0.001000,0.001000
1087.307692,-0.000643,0.001000,0.001000,0.001000,0.001000,0.001000
1087.326923,-0.001860,0.001000,0.001000,0.001000,0.001000,0.001000
1087.346154,-0.003076,0.001000,0.001000,0.001000,0.001000,0.001000
1087.365385,-0.004290,0.001000,0.001000,0.001000,0.001000,0.001000
1087.384615,-0.005501,0.001000,0.001000,0.001000,0.001000,0.001000
1087.403846,-0.006709,0.001000,0.001000,0.001000,0.001000,0.001000
1087.423077,-0.007913,0.001000,0.001000,0.001000,0.001000,0.001000
1087.442308,-0.009113,0.001000,0.001000,0.001000,0.001000,0.001000
1087.461538,-0.010307,0.001000,0.001000,0.001000,0.001000,0.001000
1087.480769,-0.011495,0.001000,0.001000,0.001000,0.001000,0.001000
1087.500000,-0.012676,0.001000,0.001000,0.001000,0.001000,0.001000
1087.519231,-0.013850,0.001000,0.001000,0.001000,0.001000,0.001000
1087.538462,-0.015015,0.001000,0.001000,0.001000,0.001000,0.001000
1087.557692,-0.016172,0.001000,0.001000,0.001000,0.001000,0.001000
1087.576923,-0.017318,0.001000,0.001000,0.001000,0.001000,0.001000
1087.596154,-0.018455,0.001000,0.001000,0.001000,0.001000,0.001000
1087.615385,-0.019581,0.001000,0.001000,0.001000,0.001000,0.001000
1087.634615,-0.020695,0.001000,0.001000,0.001000,0.001000,0.001000
1087.653846,-0.021797,0.001000,0.001000,0.001000,0.001000,0.001000
1087.673077,-0.022886,0.001000,0.001000,0.001000,0.001000,0.001000
1087.692308,-0.023961,0.001000,0.001000,0.001000,0.001000,0.001000
1087.711538,-0.025022,0.001000,0.001000,0.001000,0.001000,0.001000
1087.730769,-0.026069,0.001000,0.001000,0.001000,0.001000,0.001000
1087.750000,-0.027100,0.001000,0.001000,0.001000,0.001000,0.001000
1087.769231,-0.028114,0.001000,0.001000,0.001000,0.001000,0.001000
1087.788462,-0.029113,0.001000,0.001000,0.001000,0.001000,0.001000
1087.807692,-0.030094,0.001000,0.001000,0.001000,0.001000,0.001000
1087.826923,-0.031057,0.001000,0.001000,0.001000,0.001000,0.001000
1087.846154,-0.032001,0.001000,0.001000,0.001000,0.001000,0.001000
1087.865385,-0.032927,0.001000,0.001000,0.001000,0.001000,0.001000
1087.884615,-0.033833,0.001000,0.001000,0.001000,0.001000,0.001000
1087.903846,-0.034719,0.001000,0.001000,0.001000,0.001000,0.001000
1087.923077,-0.035585,0.001000,0.001000,0.001000,0.001000,0.001000
1087.942308,-0.036429,0.001000,0.001000,0.001000,0.001000,0.001000
1087.961538,-0.037252,0.001000,0.001000,0.001000,0.001000,0.001000
1087.980769,-0.038053,0.001000,0.001000,0.001000,0.001000,0.001000
1088.000000,-0.038831,0.001000,0.001000,0.001000,0.001000,0.001000
1088.019231,-0.039587,0.001000,0.001000,0.001000,0.001000,0.001000
1088.038462,-0.040318,0.001000,0.001000,0.001000,0.001000,0.001000
1088.057692,-0.041026,0.001000,0.001000,0.001000,0.001000,0.001000
1088.076923,-0.041710,0.001000,0.001000,0.001000,0.001000,0.001000
1088.096154,-0.042369,0.001000,0.001000,0.001000,0.001000,0.001000
1088.115385,-0.043002,0.001000,0.001000,0.001000,0.001000,0.001000
1088.134615,-0.043611,0.001000,0.001000,0.001000,0.001000,0.001000
1088.153846,-0.044193,0.001000,0.001000,0.001000,0.001000,0.001000
1088.173077,-0.044749,0.001000,0.001000,0.001000,0.001000,0.001000
1088.192308,-0.045279,0.001000,0.001000,0.001000,0.001000,0.001000
1088.211538,-0.045782,0.001000,0.001000,0.001000,0.001000,0.001000
1088.230769,-0.046258,0.001000,0.001000,0.001000,0.001000,0.001000
1088.250000,-0.046706,0.001000,0.001000,0.001000,0.001000,0.001000
1088.269231,-0.047127,0.001000,0.001000,0.001000,0.001000,0.001000
1088.288462,-0.047519,0.001000,0.001000,0.001000,0.001000,0.001000
1088.307692,-0.047884,0.001000,0.001000,0.001000,0.001000,0.001000
1088.326923,-0.048220,0.001000,0.001000,0.001000,0.001000,0.001000
1088.346154,-0.048528,0.001000,0.001000,0.001000,0.001000,0.001000
1088.365385,-0.048806,0.001000,0.001000,0.001000,0.001000,0.001000
1088.384615,-0.049056,0.001000,0.001000,0.001000,0.001000,0.001000
1088.403846,-0.049277,0.001000,0.001000,0.001000,0.001000,0.001000
1088.423077,-0.049469,0.001000,0.001000,0.001000,0.001000,0.001000
1088.442308,-0.049631,0.001000,0.001000,0.001000,0.001000,0.001000
1088.461538,-0.049764,0.001000,0.001000,0.001000,0.001000,0.001000
1088.480769,-0.049867,0.001000,0.001000,0.001000,0.001000,0.001000
1088.500000,-0.049941,0.001000,0.001000,0.001000,0.001000,0.001000
1088.519231,-0.049985,0.001000,0.001000,0.001000,0.001000,0.001000
1088.538462,-0.050000,0.001000,0.001000,0.001000,0.001000,0.001000
1088.557692,-0.049985,0.001000,0.001000,0.001000,0.001000,0.001000
1088.576923,-0.049940,0.001000,0.001000,0.001000,0.001000,0.001000
1088.596154,-0.049866,0.001000,0.001000,0.001000,0.001000,0.001000
1088.615385,-0.049762,0.001000,0.001000,0.001000,0.001000,0.001000
1088.634615,-0.049629,0.001000,0.001000,0.001000,0.001000,0.001000
1088.653846,-0.049466,0.001000,0.001000,0.001000,0.001000,0.001000
1088.673077,-0.049274,0.001000,0.001000,0.001000,0.001000,0.001000
1088.692308,-0.049053,0.001000,0.001000,0.001000,0.001000,0.001000
1088.711538,-0.048803,0.001000,0.001000,0.001000,0.001000,0.001000
1088.730769,-0.048524,0.001000,0.001000,0.001000,0.001000,0.001000
1088.750000,-0.048216,0.001000,0.001000,0.001000,0.001000,0.001000
1088.769231,-0.047879,0.001000,0.001000,0.001000,0.001000,0.001000
1088.788462,-0.047514,0.001000,0.001000,0.001000,0.001000,0.001000
1088.807692,-0.047121,0.001000,0.001000,0.001000,0.001000,0.001000
1088.826923,-0.046700,0.001000,0.001000,0.001000,0.001000,0.001000
1088.846154,-0.046251,0.001000,0.001000,0.001000,0.001000,0.001000
1088.865385,-0.045775,0.001000,0.001000,0.001000,0.001000,0.001000
1088.884615,-0.045272,0.001000,0.001000,0.001000,0.001000,0.001000
1088.903846,-0.044742,0.001000,0.001000,0.001000,0.001000,0.001000
1088.923077,-0.044185,0.001000,0.001000,0.001000,0.001000,0.001000
1088.942308,-0.043603,0.001000,0.001000,0.001000,0.001000,0.001000
1088.961538,-0.042994,0.001000,0.001000,0.001000,0.001000,0.001000
1088.980769,-0.042360,0.001000,0.001000,0.001000,0.001000,0.001000
1089.000000,-0.041701,0.001000,0.001000,0.001000,0.001000,0.001000
1089.019231,-0.041017,0.001000,0.001000,0.001000,0.001000,0.001000
1089.038462,-0.040308,0.001000,0.001000,0.001000,0.001000,0.001000
1089.057692,-0.039576,0.001000,0.001000,0.001000,0.001000,0.001000
1089.076923,-0.038821,0.001000,0.001000,0.001000,0.001000,0.001000
1089.096154,-0.038042,0.001000,0.001000,0.001000,0.001000,0.001000
1089.115385,-0.037241,0.001000,0.001000,0.001000,0.001000,0.001000
1089.134615,-0.036418,0.001000,0.001000,0.001000,0.001000,0.001000
1089.153846,-0.035573,0.001000,0.001000,0.001000,0.001000,0.001000
1089.173077,-0.034707,0.001000,0.001000,0.001000,0.001000,0.001000
1089.192308,-0.033821,0.001000,0.001000,0.001000,0.001000,0.001000
1089.211538,-0.032914,0.001000,0.001000,0.001000,0.001000,0.001000
1089.230769,-0.031988,0.001000,0.001000,0.001000,0.001000,0.001000
1089.250000,-0.031043,0.001000,0.001000,0.001000,0.001000,0.001000
1089.269231,-0.030080,0.001000,0.001000,0.001000,0.001000,0.001000
1089.288462,-0.029099,0.001000,0.001000,0.001000,0.001000,0.001000
1089.307692,-0.028101,0.001000,0.001000,0.001000,0.001000,0.001000
1089.326923,-0.027085,0.001000,0.001000,0.001000,0.001000,0.001000
1089.346154,-0.026054,0.001000,0.001000,0.001000,0.001000,0.001000
1089.365385,-0.025008,0.001000,0.001000,0.001000,0.001000,0.001000
1089.384615,-0.023946,0.001000,0.001000,0.001000,0.001000,0.001000
1089.403846,-0.022871,0.001000,0.001000,0.001000,0.001000,0.001000
1089.423077,-0.021782,0.001000,0.001000,0.001000,0.001000,0.001000
1089.442308,-0.020680,0.001000,0.001000,0.001000,0.001000,0.001000
1089.461538,-0.019565,0.001000,0.001000,0.001000,0.001000,0.001000
1089.480769,-0.018439,0.001000,0.001000,0.001000,0.001000,0.001000
1089.500000,-0.017303,0.001000,0.001000,0.001000,0.001000,0.001000
1089.519231,-0.016156,0.001000,0.001000,0.001000,0.001000,0.001000
1089.538462,-0.014999,0.001000,0.001000,0.001000,0.001000,0.001000
1089.557692,-0.013833,0.001000,0.001000,0.001000,0.001000,0.001000
1089.576923,-0.012660,0.001000,0.001000,0.001000,0.001000,0.001000
1089.596154,-0.011478,0.001000,0.001000,0.001000,0.001000,0.001000
1089.615385,-0.010290,0.001000,0.001000,0.001000,0.001000,0.001000
1089.634615,-0.009096,0.001000,0.001000,0.001000,0.001000,0.001000
1089.653846,-0.007897,0.001000,0.001000,0.001000,0.001000,0.001000
1089.673077,-0.006692,0.001000,0.001000,0.001000,0.001000,0.001000
1089.692308,-0.005484,0.001000,0.001000,0.001000,0.001000,0.001000
1089.711538,-0.004273,0.001000,0.001000,0.001000,0.001000,0.001000
1089.730769,-0.003059,0.001000,0.001000,0.001000,0.001000,0.001000
1089.750000,-0.001843,0.001000,0.001000,0.001000,0.001000,0.001000
1089.769231,-0.000626,0.001000,0.001000,0.001000,0.001000,0.001000
1089.788462,0.000591,0.001000,0.001000,0.001000,0.001000,0.001000
1089.807692,0.001808,0.001000,0.001000,0.001000,0.001000,0.001000
1089.826923,0.003024,0.001000,0.001000,0.001000,0.001000,0.001000
1089.846154,0.004238,0.001000,0.001000,0.001000,0.001000,0.001000
1089.865385,0.005449,0.001000,0.001000,0.001000,0.001000,0.001000
1089.884615,0.006657,0.001000,0.001000,0.001000,0.001000,0.001000
1089.903846,0.007862,0.001000,0.001000,0.001000,0.001000,0.001000
1089.923077,0.009061,0.001000,0.001000,0.001000,0.001000,0.001000
1089.942308,0.010256,0.001000,0.001000,0.001000,0.001000,0.001000
1089.961538,0.011444,0.001000,0.001000,0.001000,0.001000,0.001000
1089.980769,0.012625,0.001000,0.001000,0.001000,0.001000,0.001000
