timestamp,ax,ay,az,gx,gy,gz
1000.000000,0.000000,0.001000,0.001000,0.001000,0.001000,0.001000
1000.019231,0.001387,0.001000,0.001000,0.001000,0.001000,0.001000
1000.038462,0.002773,0.001000,0.001000,0.001000,0.001000,0.001000
1000.057692,0.004157,0.001000,0.001000,0.001000,0.001000,0.001000
1000.076923,0.005537,0.001000,0.001000,0.001000,0.001000,0.001000
1000.096154,0.006914,0.001000,0.001000,0.001000,0.001000,0.001000
1000.115385,0.008285,0.001000,0.001000,0.001000,0.001000,0.001000
1000.134615,0.009649,0.001000,0.001000,0.001000,0.001000,0.001000
1000.153846,0.011006,0.001000,0.001000,0.001000,0.001000,0.001000
1000.173077,0.012355,0.001000,0.001000,0.001000,0.001000,0.001000
1000.192308,0.013694,0.001000,0.001000,0.001000,0.001000,0.001000
1000.211538,0.015023,0.001000,0.001000,0.001000,0.001000,0.001000
1000.230769,0.016340,0.001000,0.001000,0.001000,0.001000,0.001000
1000.250000,0.017645,0.001000,0.001000,0.001000,0.001000,0.001000
1000.269231,0.018936,0.001000,0.001000,0.001000,0.001000,0.001000
1000.288462,0.020212,0.001000,0.001000,0.001000,0.001000,0.001000
1000.307692,0.021473,0.001000,0.001000,0.001000,0.001000,0.001000
1000.326923,0.022717,0.001000,0.001000,0.001000,0.001000,0.001000
1000.346154,0.023944,0.001000,0.001000,0.001000,0.001000,0.001000
1000.365385,0.025152,0.001000,0.001000,0.001000,0.001000,0.001000
1000.384615,0.026341,0.001000,0.001000,0.001000,0.001000,0.001000
1000.403846,0.027510,0.001000,0.001000,0.001000,0.001000,0.001000
1000.423077,0.028658,0.001000,0.001000,0.001000,0.001000,0.001000
1000.442308,0.029783,0.001000,0.001000,0.001000,0.001000,0.001000
1000.461538,0.030886,0.001000,0.001000,0.001000,0.001000,0.001000
1000.480769,0.031965,0.001000,0.001000,0.001000,0.001000,0.001000
1000.500000,0.033019,0.001000,0.001000,0.001000,0.001000,0.001000
1000.519231,0.034048,0.001000,0.001000,0.001000,0.001000,0.001000
1000.538462,0.035050,0.001000,0.001000,0.001000,0.001000,0.001000
1000.557692,0.036026,0.001000,0.001000,0.001000,0.001000,0.001000
1000.576923,0.036974,0.001000,0.001000,0.001000,0.001000,0.001000
1000.596154,0.037893,0.001000,0.001000,0.001000,0.001000,0.001000
1000.615385,0.038784,0.001000,0.001000,0.001000,0.001000,0.001000
1000.634615,0.039644,0.001000,0.001000,0.001000,0.001000,0.001000
1000.653846,0.040474,0.001000,0.001000,0.001000,0.001000,0.001000
1000.673077,0.041273,0.001000,0.001000,0.001000,0.001000,0.001000
1000.692308,0.042040,0.001000,0.001000,0.001000,0.001000,0.001000
1000.711538,0.042774,0.001000,0.001000,0.001000,0.001000,0.001000
1000.730769,0.043476,0.001000,0.001000,0.001000,0.001000,0.001000
1000.750000,0.044145,0.001000,0.001000,0.001000,0.001000,0.001000
1000.769231,0.044779,0.001000,0.001000,0.001000,0.001000,0.001000
1000.788462,0.045379,0.001000,0.001000,0.001000,0.001000,0.001000
1000.807692,0.045944,0.001000,0.001000,0.001000,0.001000,0.001000
1000.826923,0.046473,0.001000,0.001000,0.001000,0.001000,0.001000
1000.846154,0.046967,0.001000,0.001000,0.001000,0.001000,0.001000
1000.865385,0.047425,0.001000,0.001000,0.001000,0.001000,0.001000
1000.884615,0.047846,0.001000,0.001000,0.001000,0.001000,0.001000
1000.903846,0.048230,0.001000,0.001000,0.001000,0.001000,0.001000
1000.923077,0.048577,0.001000,0.001000,0.001000,0.001000,0.001000
1000.942308,0.048887,0.001000,0.001000,0.001000,0.001000,0.001000
1000.961538,0.049159,0.001000,0.001000,0.001000,0.001000,0.001000
1000.980769,0.049394,0.001000,0.001000,0.001000,0.001000,0.001000
1001.000000,0.049590,0.001000,0.001000,0.001000,0.001000,0.001000
1001.019231,0.049748,0.001000,0.001000,0.001000,0.001000,0.001000
1001.038462,0.049868,0.001000,0.001000,0.001000,0.001000,0.001000
1001.057692,0.049950,0.001000,0.001000,0.001000,0.001000,0.001000
1001.076923,0.049993,0.001000,0.001000,0.001000,0.001000,0.001000
1001.096154,0.049997,0.001000,0.001000,0.001000,0.001000,0.001000
1001.115385,0.049963,0.001000,0.001000,0.001000,0.001000,0.001000
1001.134615,0.049891,0.001000,0.001000,0.001000,0.001000,0.001000
1001.153846,0.049780,0.001000,0.001000,0.001000,0.001000,0.001000
1001.173077,0.049631,0.001000,0.001000,0.001000,0.001000,0.001000
1001.192308,0.049444,0.001000,0.001000,0.001000,0.001000,0.001000
1001.211538,0.049219,0.001000,0.001000,0.001000,0.001000,0.001000
1001.230769,0.048955,0.001000,0.001000,0.001000,0.001000,0.001000
1001.250000,0.048655,0.001000,0.001000,0.001000,0.001000,0.001000
1001.269231,0.048316,0.001000,0.001000,0.001000,0.001000,0.001000
1001.288462,0.047941,0.001000,0.001000,0.001000,0.001000,0.001000
1001.307692,0.047528,0.001000,0.001000,0.001000,0.001000,0.001000
1001.326923,0.047079,0.001000,0.001000,0.001000,0.001000,0.001000
1001.346154,0.046594,0.001000,0.001000,0.001000,0.001000,0.001000
1001.365385,0.046073,0.001000,0.001000,0.001000,0.001000,0.001000
1001.384615,0.045517,0.001000,0.001000,0.001000,0.001000,0.001000
1001.403846,0.044925,0.001000,0.001000,0.001000,0.001000,0.001000
1001.423077,0.044299,0.001000,0.001000,0.001000,0.001000,0.001000
1001.442308,0.043639,0.001000,0.001000,0.001000,0.001000,0.001000
1001.461538,0.042945,0.001000,0.001000,0.001000,0.001000,0.001000
1001.480769,0.042218,0.001000,0.001000,0.001000,0.001000,0.001000
1001.500000,0.041459,0.001000,0.001000,0.001000,0.001000,0.001000
1001.519231,0.040667,0.001000,0.001000,0.001000,0.001000,0.001000
1001.538462,0.039845,0.001000,0.001000,0.001000,0.001000,0.001000
1001.557692,0.038992,0.001000,0.001000,0.001000,0.001000,0.001000
1001.576923,0.038108,0.001000,0.001000,0.001000,0.001000,0.001000
1001.596154,0.037196,0.001000,0.001000,0.001000,0.001000,0.001000
1001.615385,0.036255,0.001000,0.001000,0.001000,0.001000,0.001000
1001.634615,0.035286,0.001000,0.001000,0.001000,0.001000,0.001000
1001.653846,0.034289,0.001000,0.001000,0.001000,0.001000,0.001000
1001.673077,0.033267,0.001000,0.001000,0.001000,0.001000,0.001000
1001.692308,0.032218,0.001000,0.001000,0.001000,0.001000,0.001000
1001.711538,0.031145,0.001000,0.001000,0.001000,0.001000,0.001000
1001.730769,0.030048,0.001000,0.001000,0.001000,0.001000,0.001000
1001.750000,0.028928,0.001000,0.001000,0.001000,0.001000,0.001000
1001.769231,0.027786,0.001000,0.001000,0.001000,0.001000,0.001000
1001.788462,0.026622,0.001000,0.001000,0.001000,0.001000,0.001000
1001.807692,0.025438,0.001000,0.001000,0.001000,0.001000,0.001000
1001.826923,0.024234,0.001000,0.001000,0.001000,0.001000,0.001000
1001.846154,0.023011,0.001000,0.001000,0.001000,0.001000,0.001000
1001.865385,0.021771,0.001000,0.001000,0.001000,0.001000,0.001000
1001.884615,0.020514,0.001000,0.001000,0.001000,0.001000,0.001000
1001.903846,0.019242,0.001000,0.001000,0.001000,0.001000,0.001000
1001.923077,0.017954,0.001000,0.001000,0.001000,0.001000,0.001000
1001.942308,0.016653,0.001000,0.001000,0.001000,0.001000,0.001000
1001.961538,0.015338,0.001000,0.001000,0.001000,0.001000,0.001000
1001.980769,0.014012,0.001000,0.001000,0.001000,0.001000,0.001000
1002.000000,0.012676,0.001000,0.001000,0.001000,0.001000,0.001000
1002.019231,0.011329,0.001000,0.001000,0.001000,0.001000,0.001000
1002.038462,0.009974,0.001000,0.001000,0.001000,0.001000,0.001000
1002.057692,0.008611,0.001000,0.001000,0.001000,0.001000,0.001000
1002.076923,0.007241,0.001000,0.001000,0.001000,0.001000,0.001000
1002.096154,0.005866,0.001000,0.001000,0.001000,0.001000,0.001000
1002.115385,0.004486,0.001000,0.001000,0.001000,0.001000,0.001000
1002.134615,0.003103,0.001000,0.001000,0.001000,0.001000,0.001000
1002.153846,0.001718,0.001000,0.001000,0.001000,0.001000,0.001000
1002.173077,0.000331,0.001000,0.001000,0.001000,0.001000,0.001000
1002.192308,-0.001056,0.001000,0.001000,0.001000,0.001000,0.001000
1002.211538,-0.002442,0.001000,0.001000,0.001000,0.001000,0.001000
1002.230769,-0.003827,0.001000,0.001000,0.001000,0.001000,0.001000
1002.250000,-0.005208,0.001000,0.001000,0.001000,0.001000,0.001000
1002.269231,-0.006586,0.001000,0.001000,0.001000,0.001000,0.001000
1002.288462,-0.007958,0.001000,0.001000,0.001000,0.001000,0.001000
1002.307692,-0.009324,0.001000,0.001000,0.001000,0.001000,0.001000
1002.326923,-0.010683,0.001000,0.001000,0.001000,0.001000,0.001000
1002.346154,-0.012034,0.001000,0.001000,0.001000,0.001000,0.001000
1002.365385,-0.013376,0.001000,0.001000,0.001000,0.001000,0.001000
1002.384615,-0.014707,0.001000,0.001000,0.001000,0.001000,0.001000
1002.403846,-0.016027,0.001000,0.001000,0.001000,0.001000,0.001000
1002.423077,-0.017335,0.001000,0.001000,0.001000,0.001000,0.001000
1002.442308,-0.018629,0.001000,0.001000,0.001000,0.001000,0.001000
1002.461538,-0.019909,0.001000,0.001000,0.001000,0.001000,0.001000
1002.480769,-0.021173,0.001000,0.001000,0.001000,0.001000,0.001000
1002.500000,-0.022422,0.001000,0.001000,0.001000,0.001000,0.001000
1002.519231,-0.023653,0.001000,0.001000,0.001000,0.001000,0.001000
1002.538462,-0.024866,0.001000,0.001000,0.001000,0.001000,0.001000
1002.557692,-0.026059,0.001000,0.001000,0.001000,0.001000,0.001000
1002.576923,-0.027233,0.001000,0.001000,0.001000,0.001000,0.001000
1002.596154,-0.028386,0.001000,0.001000,0.001000,0.001000,0.001000
1002.615385,-0.029517,0.001000,0.001000,0.001000,0.001000,0.001000
1002.634615,-0.030625,0.001000,0.001000,0.001000,0.001000,0.001000
1002.653846,-0.031709,0.001000,0.001000,0.001000,0.001000,0.001000
1002.673077,-0.032770,0.001000,0.001000,0.001000,0.001000,0.001000
1002.692308,-0.033805,0.001000,0.001000,0.001000,0.001000,0.001000
1002.711538,-0.034813,0.001000,0.001000,0.001000,0.001000,0.001000
1002.730769,-0.035796,0.001000,0.001000,0.001000,0.001000,0.001000
1002.750000,-0.036750,0.001000,0.001000,0.001000,0.001000,0.001000
1002.769231,-0.037677,0.001000,0.001000,0.001000,0.001000,0.001000
1002.788462,-0.038574,0.001000,0.001000,0.001000,0.001000,0.001000
1002.807692,-0.039441,0.001000,0.001000,0.001000,0.001000,0.001000
1002.826923,-0.040279,0.001000,0.001000,0.001000,0.001000,0.001000
1002.846154,-0.041085,0.001000,0.001000,0.001000,0.001000,0.001000
1002.865385,-0.041860,0.001000,0.001000,0.001000,0.001000,0.001000
1002.884615,-0.042602,0.001000,0.001000,0.001000,0.001000,0.001000
1002.903846,-0.043312,0.001000,0.001000,0.001000,0.001000,0.001000
1002.923077,-0.043988,0.001000,0.001000,0.001000,0.001000,0.001000
1002.942308,-0.044631,0.001000,0.001000,0.001000,0.001000,0.001000
1002.961538,-0.045239,0.001000,0.001000,0.001000,0.001000,0.001000
1002.980769,-0.045812,0.001000,0.001000,0.001000,0.001000,0.001000
1003.000000,-0.046350,0.001000,0.001000,0.001000,0.001000,0.001000
1003.019231,-0.046852,0.001000,0.001000,0.001000,0.001000,0.001000
1003.038462,-0.047319,0.001000,0.001000,0.001000,0.001000,0.001000
1003.057692,-0.047749,0.001000,0.001000,0.001000,0.001000,0.001000
1003.076923,-0.048142,0.001000,0.001000,0.001000,0.001000,0.001000
1003.096154,-0.048498,0.001000,0.001000,0.001000,0.001000,0.001000
1003.115385,-0.048817,0.001000,0.001000,0.001000,0.001000,0.001000
1003.134615,-0.049098,0.001000,0.001000,0.001000,0.001000,0.001000
1003.153846,-0.049341,0.001000,0.001000,0.001000,0.001000,0.001000
1003.173077,-0.049547,0.001000,0.001000,0.001000,0.001000,0.001000
1003.192308,-0.049714,0.001000,0.001000,0.001000,0.001000,0.001000
1003.211538,-0.049843,0.001000,0.001000,0.001000,0.001000,0.001000
1003.230769,-0.049934,0.001000,0.001000,0.001000,0.001000,0.001000
1003.250000,-0.049986,0.001000,0.001000,0.001000,0.001000,0.001000
1003.269231,-0.050000,0.001000,0.001000,0.001000,0.001000,0.001000
1003.288462,-0.049975,0.001000,0.001000,0.001000,0.001000,0.001000
1003.307692,-0.049912,0.001000,0.001000,0.001000,0.001000,0.001000
1003.326923,-0.049810,0.001000,0.001000,0.001000,0.001000,0.001000
1003.346154,-0.049670,0.001000,0.001000,0.001000,0.001000,0.001000
1003.365385,-0.049492,0.001000,0.001000,0.001000,0.001000,0.001000
1003.384615,-0.049276,0.001000,0.001000,0.001000,0.001000,0.001000
1003.403846,-0.049022,0.001000,0.001000,0.001000,0.001000,0.001000
1003.423077,-0.048730,0.001000,0.001000,0.001000,0.001000,0.001000
1003.442308,-0.048400,0.001000,0.001000,0.001000,0.001000,0.001000
1003.461538,-0.048034,0.001000,0.001000,0.001000,0.001000,0.001000
1003.480769,-0.047630,0.001000,0.001000,0.001000,0.001000,0.001000
1003.500000,-0.047190,0.001000,0.001000,0.001000,0.001000,0.001000
1003.519231,-0.046713,0.001000,0.001000,0.001000,0.001000,0.001000
1003.538462,-0.046201,0.001000,0.001000,0.001000,0.001000,0.001000
1003.557692,-0.045653,0.001000,0.001000,0.001000,0.001000,0.001000
1003.576923,-0.045069,0.001000,0.001000,0.001000,0.001000,0.001000
1003.596154,-0.044451,0.001000,0.001000,0.001000,0.001000,0.001000
1003.615385,-0.043799,0.001000,0.001000,0.001000,0.001000,0.001000
1003.634615,-0.043114,0.001000,0.001000,0.001000,0.001000,0.001000
1003.653846,-0.042394,0.001000,0.001000,0.001000,0.001000,0.001000
1003.673077,-0.041643,0.001000,0.001000,0.001000,0.001000,0.001000
1003.692308,-0.040859,0.001000,0.001000,0.001000,0.001000,0.001000
1003.711538,-0.040044,0.001000,0.001000,0.001000,0.001000,0.001000
1003.730769,-0.039198,0.001000,0.001000,0.001000,0.001000,0.001000
1003.750000,-0.038322,0.001000,0.001000,0.001000,0.001000,0.001000
1003.769231,-0.037416,0.001000,0.001000,0.001000,0.001000,0.001000
1003.788462,-0.036482,0.001000,0.001000,0.001000,0.001000,0.001000
1003.807692,-0.035519,0.001000,0.001000,0.001000,0.001000,0.001000
1003.826923,-0.034529,0.001000,0.001000,0.001000,0.001000,0.001000
1003.846154,-0.033513,0.001000,0.001000,0.001000,0.001000,0.001000
1003.865385,-0.032471,0.001000,0.001000,0.001000,0.001000,0.001000
1003.884615,-0.031404,0.001000,0.001000,0.001000,0.001000,0.001000
1003.903846,-0.030312,0.001000,0.001000,0.001000,0.001000,0.001000
1003.923077,-0.029198,0.001000,0.001000,0.001000,0.001000,0.001000
1003.942308,-0.028060,0.001000,0.001000,0.001000,0.001000,0.001000
1003.961538,-0.026902,0.001000,0.001000,0.001000,0.001000,0.001000
1003.980769,-0.025722,0.001000,0.001000,0.001000,0.001000,0.001000
1004.000000,-0.024523,0.001000,0.001000,0.001000,0.001000,0.001000
1004.019231,-0.023305,0.001000,0.001000,0.001000,0.001000,0.001000
1004.038462,-0.022069,0.001000,0.001000,0.001000,0.001000,0.001000
1004.057692,-0.020816,0.001000,0.001000,0.001000,0.001000,0.001000
1004.076923,-0.019547,0.001000,0.001000,0.001000,0.001000,0.001000
1004.096154,-0.018262,0.001000,0.001000,0.001000,0.001000,0.001000
1004.115385,-0.016964,0.001000,0.001000,0.001000,0.001000,0.001000
1004.134615,-0.015653,0.001000,0.001000,0.001000,0.001000,0.001000
1004.153846,-0.014330,0.001000,0.001000,0.001000,0.001000,0.001000
1004.173077,-0.012995,0.001000,0.001000,0.001000,0.001000,0.001000
1004.192308,-0.011651,0.001000,0.001000,0.001000,0.001000,0.001000
1004.211538,-0.010298,0.001000,0.001000,0.001000,0.001000,0.001000
1004.230769,-0.008937,0.001000,0.001000,0.001000,0.001000,0.001000
1004.250000,-0.007569,0.001000,0.001000,0.001000,0.001000,0.001000
1004.269231,-0.006195,0.001000,0.001000,0.001000,0.001000,0.001000
1004.288462,-0.004816,0.001000,0.001000,0.001000,0.001000,0.001000
1004.307692,-0.003434,0.001000,0.001000,0.001000,0.001000,0.001000
1004.326923,-0.002049,0.001000,0.001000,0.001000,0.001000,0.001000
1004.346154,-0.000662,0.001000,0.001000,0.001000,0.001000,0.001000
1004.365385,0.000725,0.001000,0.001000,0.001000,0.001000,0.001000
1004.384615,0.002112,0.001000,0.001000,0.001000,0.001000,0.001000
1004.403846,0.003497,0.001000,0.001000,0.001000,0.001000,0.001000
1004.423077,0.004879,0.001000,0.001000,0.001000,0.001000,0.001000
1004.442308,0.006257,0.001000,0.001000,0.001000,0.001000,0.001000
1004.461538,0.007631,0.001000,0.001000,0.001000,0.001000,0.001000
1004.480769,0.008999,0.001000,0.001000,0.001000,0.001000,0.001000
1004.500000,0.010360,0.001000,0.001000,0.001000,0.001000,0.001000
1004.519231,0.011713,0.001000,0.001000,0.001000,0.001000,0.001000
1004.538462,0.013056,0.001000,0.001000,0.001000,0.001000,0.001000
1004.557692,0.014390,0.001000,0.001000,0.001000,0.001000,0.001000
1004.576923,0.015713,0.001000,0.001000,0.001000,0.001000,0.001000
1004.596154,0.017024,0.001000,0.001000,0.001000,0.001000,0.001000
1004.615385,0.018321,0.001000,0.001000,0.001000,0.001000,0.001000
1004.634615,0.019605,0.001000,0.001000,0.001000,0.001000,0.001000
1004.653846,0.020873,0.001000,0.001000,0.001000,0.001000,0.001000
1004.673077,0.022125,0.001000,0.001000,0.001000,0.001000,0.001000
1004.692308,0.023361,0.001000,0.001000,0.001000,0.001000,0.001000
1004.711538,0.024578,0.001000,0.001000,0.001000,0.001000,0.001000
1004.730769,0.025776,0.001000,0.001000,0.001000,0.001000,0.001000
1004.750000,0.026955,0.001000,0.001000,0.001000,0.001000,0.001000
1004.769231,0.028113,0.001000,0.001000,0.001000,0.001000,0.001000
1004.788462,0.029249,0.001000,0.001000,0.001000,0.001000,0.001000
1004.807692,0.030363,0.001000,0.001000,0.001000,0.001000,0.001000
1004.826923,0.031453,0.001000,0.001000,0.001000,0.001000,0.001000
1004.846154,0.032519,0.001000,0.001000,0.001000,0.001000,0.001000
1004.865385,0.033560,0.001000,0.001000,0.001000,0.001000,0.001000
1004.884615,0.034575,0.001000,0.001000,0.001000,0.001000,0.001000
1004.903846,0.035564,0.001000,0.001000,0.001000,0.001000,0.001000
1004.923077,0.036525,0.001000,0.001000,0.001000,0.001000,0.001000
1004.942308,0.037458,0.001000,0.001000,0.001000,0.001000,0.001000
1004.961538,0.038362,0.001000,0.001000,0.001000,0.001000,0.001000
1004.980769,0.039237,0.001000,0.001000,0.001000,0.001000,0.001000
1005.000000,0.040082,0.001000,0.001000,0.001000,0.001000,0.001000
1005.019231,0.040896,0.001000,0.001000,0.001000,0.001000,0.001000
1005.038462,0.041678,0.001000,0.001000,0.001000,0.001000,0.001000
1005.057692,0.042428,0.001000,0.001000,0.001000,0.001000,0.001000
1005.076923,0.043145,0.001000,0.001000,0.001000,0.001000,0.001000
1005.096154,0.043830,0.001000,0.001000,0.001000,0.001000,0.001000
1005.115385,0.044480,0.001000,0.001000,0.001000,0.001000,0.001000
1005.134615,0.045097,0.001000,0.001000,0.001000,0.001000,0.001000
1005.153846,0.045678,0.001000,0.001000,0.001000,0.001000,0.001000
1005.173077,0.046225,0.001000,0.001000,0.001000,0.001000,0.001000
1005.192308,0.046736,0.001000,0.001000,0.001000,0.001000,0.001000
1005.211538,0.047211,0.001000,0.001000,0.001000,0.001000,0.001000
1005.230769,0.047649,0.001000,0.001000,0.001000,0.001000,0.001000
1005.250000,0.048051,0.001000,0.001000,0.001000,0.001000,0.001000
1005.269231,0.048416,0.001000,0.001000,0.001000,0.001000,0.001000
1005.288462,0.048744,0.001000,0.001000,0.001000,0.001000,0.001000
1005.307692,0.049034,0.001000,0.001000,0.001000,0.001000,0.001000
1005.326923,0.049287,0.001000,0.001000,0.001000,0.001000,0.001000
1005.346154,0.049501,0.001000,0.001000,0.001000,0.001000,0.001000
1005.365385,0.049677,0.001000,0.001000,0.001000,0.001000,0.001000
1005.384615,0.049816,0.001000,0.001000,0.001000,0.001000,0.001000
1005.403846,0.049915,0.001000,0.001000,0.001000,0.001000,0.001000
1005.423077,0.049977,0.001000,0.001000,0.001000,0.001000,0.001000
1005.442308,0.050000,0.001000,0.001000,0.001000,0.001000,0.001000
1005.461538,0.049984,0.001000,0.001000,0.001000,0.001000,0.001000
1005.480769,0.049930,0.001000,0.001000,0.001000,0.001000,0.001000
1005.500000,0.049838,0.001000,0.001000,0.001000,0.001000,0.001000
1005.519231,0.049707,0.001000,0.001000,0.001000,0.001000,0.001000
1005.538462,0.049538,0.001000,0.001000,0.001000,0.001000,0.001000
1005.557692,0.049331,0.001000,0.001000,0.001000,0.001000,0.001000
1005.576923,0.049086,0.001000,0.001000,0.001000,0.001000,0.001000
1005.596154,0.048803,0.001000,0.001000,0.001000,0.001000,0.001000
1005.615385,0.048482,0.001000,0.001000,0.001000,0.001000,0.001000
1005.634615,0.048125,0.001000,0.001000,0.001000,0.001000,0.001000
1005.653846,0.047730,0.001000,0.001000,0.001000,0.001000,0.001000
1005.673077,0.047298,0.001000,0.001000,0.001000,0.001000,0.001000
1005.692308,0.046830,0.001000,0.001000,0.001000,0.001000,0.001000
1005.711538,0.046326,0.001000,0.001000,0.001000,0.001000,0.001000
1005.730769,0.045787,0.001000,0.001000,0.001000,0.001000,0.001000
1005.750000,0.045212,0.001000,0.001000,0.001000,0.001000,0.001000
1005.769231,0.044602,0.001000,0.001000,0.001000,0.001000,0.001000
1005.788462,0.043958,0.001000,0.001000,0.001000,0.001000,0.001000
1005.807692,0.043280,0.001000,0.001000,0.001000,0.001000,0.001000
1005.826923,0.042569,0.001000,0.001000,0.001000,0.001000,0.001000
1005.846154,0.041825,0.001000,0.001000,0.001000,0.001000,0.001000
1005.865385,0.041049,0.001000,0.001000,0.001000,0.001000,0.001000
1005.884615,0.040241,0.001000,0.001000,0.001000,0.001000,0.001000
1005.903846,0.039403,0.001000,0.001000,0.001000,0.001000,0.001000
1005.923077,0.038534,0.001000,0.001000,0.001000,0.001000,0.001000
1005.942308,0.037635,0.001000,0.001000,0.001000,0.001000,0.001000
1005.961538,0.036707,0.001000,0.001000,0.001000,0.001000,0.001000
1005.980769,0.035752,0.001000,0.001000,0.001000,0.001000,0.001000
1006.000000,0.034768,0.001000,0.001000,0.001000,0.001000,0.001000
1006.019231,0.033758,0.001000,0.001000,0.001000,0.001000,0.001000
1006.038462,0.032722,0.001000,0.001000,0.001000,0.001000,0.001000
1006.057692,0.031661,0.001000,0.001000,0.001000,0.001000,0.001000
1006.076923,0.030575,0.001000,0.001000,0.001000,0.001000,0.001000
1006.096154,0.029466,0.001000,0.001000,0.001000,0.001000,0.001000
1006.115385,0.028334,0.001000,0.001000,0.001000,0.001000,0.001000
1006.134615,0.027180,0.001000,0.001000,0.001000,0.001000,0.001000
1006.153846,0.026005,0.001000,0.001000,0.001000,0.001000,0.001000
1006.173077,0.024811,0.001000,0.001000,0.001000,0.001000,0.001000
1006.192308,0.023597,0.001000,0.001000,0.001000,0.001000,0.001000
1006.211538,0.022365,0.001000,0.001000,0.001000,0.001000,0.001000
1006.230769,0.021116,0.001000,0.001000,0.001000,0.001000,0.001000
1006.250000,0.019851,0.001000,0.001000,0.001000,0.001000,0.001000
1006.269231,0.018570,0.001000,0.001000,0.001000,0.001000,0.001000
1006.288462,0.017275,0.001000,0.001000,0.001000,0.001000,0.001000
1006.307692,0.015967,0.001000,0.001000,0.001000,0.001000,0.001000
1006.326923,0.014647,0.001000,0.001000,0.001000,0.001000,0.001000
1006.346154,0.013315,0.001000,0.001000,0.001000,0.001000,0.001000
1006.365385,0.011973,0.001000,0.001000,0.001000,0.001000,0.001000
1006.384615,0.010622,0.001000,0.001000,0.001000,0.001000,0.001000
1006.403846,0.009262,0.001000,0.001000,0.001000,0.001000,0.001000
1006.423077,0.007896,0.001000,0.001000,0.001000,0.001000,0.001000
1006.442308,0.006523,0.001000,0.001000,0.001000,0.001000,0.001000
1006.461538,0.005145,0.001000,0.001000,0.001000,0.001000,0.001000
1006.480769,0.003764,0.001000,0.001000,0.001000,0.001000,0.001000
1006.500000,0.002379,0.001000,0.001000,0.001000,0.001000,0.001000
1006.519231,0.000993,0.001000,0.001000,0.001000,0.001000,0.001000
1006.538462,-0.000394,0.001000,0.001000,0.001000,0.001000,0.001000
1006.557692,-0.001781,0.001000,0.001000,0.001000,0.001000,0.001000
1006.576923,-0.003166,0.001000,0.001000,0.001000,0.001000,0.001000
1006.596154,-0.004549,0.001000,0.001000,0.001000,0.001000,0.001000
1006.615385,-0.005929,0.001000,0.001000,0.001000,0.001000,0.001000
1006.634615,-0.007304,0.001000,0.001000,0.001000,0.001000,0.001000
1006.653846,-0.008673,0.001000,0.001000,0.001000,0.001000,0.001000
1006.673077,-0.010036,0.001000,0.001000,0.001000,0.001000,0.001000
1006.692308,-0.011391,0.001000,0.001000,0.001000,0.001000,0.001000
1006.711538,-0.012737,0.001000,0.001000,0.001000,0.001000,0.001000
1006.730769,-0.014073,0.001000,0.001000,0.001000,0.001000,0.001000
1006.750000,-0.015398,0.001000,0.001000,0.001000,0.001000,0.001000
1006.769231,-0.016712,0.001000,0.001000,0.001000,0.001000,0.001000
1006.788462,-0.018013,0.001000,0.001000,0.001000,0.001000,0.001000
1006.807692,-0.019300,0.001000,0.001000,0.001000,0.001000,0.001000
1006.826923,-0.020572,0.001000,0.001000,0.001000,0.001000,0.001000
1006.846154,-0.021828,0.001000,0.001000,0.001000,0.001000,0.001000
1006.865385,-0.023067,0.001000,0.001000,0.001000,0.001000,0.001000
1006.884615,-0.024289,0.001000,0.001000,0.001000,0.001000,0.001000
1006.903846,-0.025492,0.001000,0.001000,0.001000,0.001000,0.001000
1006.923077,-0.026676,0.001000,0.001000,0.001000,0.001000,0.001000
1006.942308,-0.027838,0.001000,0.001000,0.001000,0.001000,0.001000
1006.961538,-0.028980,0.001000,0.001000,0.001000,0.001000,0.001000
1006.980769,-0.030099,0.001000,0.001000,0.001000,0.001000,0.001000
1007.000000,-0.031195,0.001000,0.001000,0.001000,0.001000,0.001000
1007.019231,-0.032267,0.001000,0.001000,0.001000,0.001000,0.001000
1007.038462,-0.033314,0.001000,0.001000,0.001000,0.001000,0.001000
1007.057692,-0.034335,0.001000,0.001000,0.001000,0.001000,0.001000
1007.076923,-0.035330,0.001000,0.001000,0.001000,0.001000,0.001000
1007.096154,-0.036298,0.001000,0.001000,0.001000,0.001000,0.001000
1007.115385,-0.037238,0.001000,0.001000,0.001000,0.001000,0.001000
1007.134615,-0.038149,0.001000,0.001000,0.001000,0.001000,0.001000
1007.153846,-0.039031,0.001000,0.001000,0.001000,0.001000,0.001000
1007.173077,-0.039883,0.001000,0.001000,0.001000,0.001000,0.001000
1007.192308,-0.040704,0.001000,0.001000,0.001000,0.001000,0.001000
1007.211538,-0.041494,0.001000,0.001000,0.001000,0.001000,0.001000
1007.230769,-0.042252,0.001000,0.001000,0.001000,0.001000,0.001000
1007.250000,-0.042977,0.001000,0.001000,0.001000,0.001000,0.001000
1007.269231,-0.043670,0.001000,0.001000,0.001000,0.001000,0.001000
1007.288462,-0.044328,0.001000,0.001000,0.001000,0.001000,0.001000
1007.307692,-0.044953,0.001000,0.001000,0.001000,0.001000,0.001000
1007.326923,-0.045543,0.001000,0.001000,0.001000,0.001000,0.001000
1007.346154,-0.046098,0.001000,0.001000,0.001000,0.001000,0.001000
1007.365385,-0.046617,0.001000,0.001000,0.001000,0.001000,0.001000
1007.384615,-0.047101,0.001000,0.001000,0.001000,0.001000,0.001000
1007.403846,-0.047548,0.001000,0.001000,0.001000,0.001000,0.001000
1007.423077,-0.047959,0.001000,0.001000,0.001000,0.001000,0.001000
1007.442308,-0.048333,0.001000,0.001000,0.001000,0.001000,0.001000
1007.461538,-0.048669,0.001000,0.001000,0.001000,0.001000,0.001000
1007.480769,-0.048968,0.001000,0.001000,0.001000,0.001000,0.001000
1007.500000,-0.049230,0.001000,0.001000,0.001000,0.001000,0.001000
1007.519231,-0.049453,0.001000,0.001000,0.001000,0.001000,0.001000
1007.538462,-0.049639,0.001000,0.001000,0.001000,0.001000,0.001000
1007.557692,-0.049786,0.001000,0.001000,0.001000,0.001000,0.001000
1007.576923,-0.049895,0.001000,0.001000,0.001000,0.001000,0.001000
1007.596154,-0.049966,0.001000,0.001000,0.001000,0.001000,0.001000
1007.615385,-0.049998,0.001000,0.001000,0.001000,0.001000,0.001000
1007.634615,-0.049991,0.001000,0.001000,0.001000,0.001000,0.001000
1007.653846,-0.049947,0.001000,0.001000,0.001000,0.001000,0.001000
1007.673077,-0.049863,0.001000,0.001000,0.001000,0.001000,0.001000
1007.692308,-0.049742,0.001000,0.001000,0.001000,0.001000,0.001000
1007.711538,-0.049582,0.001000,0.001000,0.001000,0.001000,0.001000
1007.730769,-0.049384,0.001000,0.001000,0.001000,0.001000,0.001000
1007.750000,-0.049148,0.001000,0.001000,0.001000,0.001000,0.001000
1007.769231,-0.048874,0.001000,0.001000,0.001000,0.001000,0.001000
1007.788462,-0.048562,0.001000,0.001000,0.001000,0.001000,0.001000
1007.807692,-0.048213,0.001000,0.001000,0.001000,0.001000,0.001000
1007.826923,-0.047827,0.001000,0.001000,0.001000,0.001000,0.001000
1007.846154,-0.047405,0.001000,0.001000,0.001000,0.001000,0.001000
1007.865385,-0.046945,0.001000,0.001000,0.001000,0.001000,0.001000
1007.884615,-0.046450,0.001000,0.001000,0.001000,0.001000,0.001000
1007.903846,-0.045919,0.001000,0.001000,0.001000,0.001000,0.001000
1007.923077,-0.045352,0.001000,0.001000,0.001000,0.001000,0.001000
1007.942308,-0.044751,0.001000,0.001000,0.001000,0.001000,0.001000
1007.961538,-0.044115,0.001000,0.001000,0.001000,0.001000,0.001000
1007.980769,-0.043445,0.001000,0.001000,0.001000,0.001000,0.001000
1008.000000,-0.042742,0.001000,0.001000,0.001000,0.001000,0.001000
1008.019231,-0.042006,0.001000,0.001000,0.001000,0.001000,0.001000
1008.038462,-0.041237,0.001000,0.001000,0.001000,0.001000,0.001000
1008.057692,-0.040437,0.001000,0.001000,0.001000,0.001000,0.001000
1008.076923,-0.039606,0.001000,0.001000,0.001000,0.001000,0.001000
1008.096154,-0.038744,0.001000,0.001000,0.001000,0.001000,0.001000
1008.115385,-0.037852,0.001000,0.001000,0.001000,0.001000,0.001000
1008.134615,-0.036931,0.001000,0.001000,0.001000,0.001000,0.001000
1008.153846,-0.035982,0.001000,0.001000,0.001000,0.001000,0.001000
1008.173077,-0.035005,0.001000,0.001000,0.001000,0.001000,0.001000
1008.192308,-0.034001,0.001000,0.001000,0.001000,0.001000,0.001000
1008.211538,-0.032971,0.001000,0.001000,0.001000,0.001000,0.001000
1008.230769,-0.031916,0.001000,0.001000,0.001000,0.001000,0.001000
1008.250000,-0.030836,0.001000,0.001000,0.001000,0.001000,0.001000
1008.269231,-0.029732,0.001000,0.001000,0.001000,0.001000,0.001000
1008.288462,-0.028606,0.001000,0.001000,0.001000,0.001000,0.001000
1008.307692,-0.027457,0.001000,0.001000,0.001000,0.001000,0.001000
1008.326923,-0.026288,0.001000,0.001000,0.001000,0.001000,0.001000
1008.346154,-0.025098,0.001000,0.001000,0.001000,0.001000,0.001000
1008.365385,-0.023888,0.001000,0.001000,0.001000,0.001000,0.001000
1008.384615,-0.022661,0.001000,0.001000,0.001000,0.001000,0.001000
1008.403846,-0.021416,0.001000,0.001000,0.001000,0.001000,0.001000
1008.423077,-0.020154,0.001000,0.001000,0.001000,0.001000,0.001000
1008.442308,-0.018877,0.001000,0.001000,0.001000,0.001000,0.001000
1008.461538,-0.017586,0.001000,0.001000,0.001000,0.001000,0.001000
1008.480769,-0.016280,0.001000,0.001000,0.001000,0.001000,0.001000
1008.500000,-0.014963,0.001000,0.001000,0.001000,0.001000,0.001000
1008.519231,-0.013634,0.001000,0.001000,0.001000,0.001000,0.001000
1008.538462,-0.012294,0.001000,0.001000,0.001000,0.001000,0.001000
1008.557692,-0.010945,0.001000,0.001000,0.001000,0.001000,0.001000
1008.576923,-0.009587,0.001000,0.001000,0.001000,0.001000,0.001000
1008.596154,-0.008222,0.001000,0.001000,0.001000,0.001000,0.001000
1008.615385,-0.006851,0.001000,0.001000,0.001000,0.001000,0.001000
1008.634615,-0.005474,0.001000,0.001000,0.001000,0.001000,0.001000
1008.653846,-0.004094,0.001000,0.001000,0.001000,0.001000,0.001000
1008.673077,-0.002710,0.001000,0.001000,0.001000,0.001000,0.001000
1008.692308,-0.001324,0.001000,0.001000,0.001000,0.001000,0.001000
1008.711538,0.000063,0.001000,0.001000,0.001000,0.001000,0.001000
1008.730769,0.001450,0.001000,0.001000,0.001000,0.001000,0.001000
1008.750000,0.002836,0.001000,0.001000,0.001000,0.001000,0.001000
1008.769231,0.004220,0.001000,0.001000,0.001000,0.001000,0.001000
1008.788462,0.005600,0.001000,0.001000,0.001000,0.001000,0.001000
1008.807692,0.006976,0.001000,0.001000,0.001000,0.001000,0.001000
1008.826923,0.008347,0.001000,0.001000,0.001000,0.001000,0.001000
1008.846154,0.009711,0.001000,0.001000,0.001000,0.001000,0.001000
1008.865385,0.011068,0.001000,0.001000,0.001000,0.001000,0.001000
1008.884615,0.012416,0.001000,0.001000,0.001000,0.001000,0.001000
1008.903846,0.013755,0.001000,0.001000,0.001000,0.001000,0.001000
1008.923077,0.015083,0.001000,0.001000,0.001000,0.001000,0.001000
1008.942308,0.016400,0.001000,0.001000,0.001000,0.001000,0.001000
1008.961538,0.017704,0.001000,0.001000,0.001000,0.001000,0.001000
1008.980769,0.018994,0.001000,0.001000,0.001000,0.001000,0.001000
1009.000000,0.020270,0.001000,0.001000,0.001000,0.001000,0.001000
1009.019231,0.021530,0.001000,0.001000,0.001000,0.001000,0.001000
1009.038462,0.022773,0.001000,0.001000,0.001000,0.001000,0.001000
1009.057692,0.023999,0.001000,0.001000,0.001000,0.001000,0.001000
1009.076923,0.025207,0.001000,0.001000,0.001000,0.001000,0.001000
1009.096154,0.026395,0.001000,0.001000,0.001000,0.001000,0.001000
1009.115385,0.027563,0.001000,0.001000,0.001000,0.001000,0.001000
1009.134615,0.028709,0.001000,0.001000,0.001000,0.001000,0.001000
1009.153846,0.029834,0.001000,0.001000,0.001000,0.001000,0.001000
1009.173077,0.030935,0.001000,0.001000,0.001000,0.001000,0.001000
1009.192308,0.032013,0.001000,0.001000,0.001000,0.001000,0.001000
1009.211538,0.033066,0.001000,0.001000,0.001000,0.001000,0.001000
1009.230769,0.034094,0.001000,0.001000,0.001000,0.001000,0.001000
1009.250000,0.035095,0.001000,0.001000,0.001000,0.001000,0.001000
1009.269231,0.036070,0.001000,0.001000,0.001000,0.001000,0.001000
1009.288462,0.037016,0.001000,0.001000,0.001000,0.001000,0.001000
1009.307692,0.037934,0.001000,0.001000,0.001000,0.001000,0.001000
1009.326923,0.038823,0.001000,0.001000,0.001000,0.001000,0.001000
1009.346154,0.039683,0.001000,0.001000,0.001000,0.001000,0.001000
1009.365385,0.040511,0.001000,0.001000,0.001000,0.001000,0.001000
1009.384615,0.041308,0.001000,0.001000,0.001000,0.001000,0.001000
1009.403846,0.042074,0.001000,0.001000,0.001000,0.001000,0.001000
1009.423077,0.042807,0.001000,0.001000,0.001000,0.001000,0.001000
1009.442308,0.043507,0.001000,0.001000,0.001000,0.001000,0.001000
1009.461538,0.044174,0.001000,0.001000,0.001000,0.001000,0.001000
1009.480769,0.044807,0.001000,0.001000,0.001000,0.001000,0.001000
1009.500000,0.045405,0.001000,0.001000,0.001000,0.001000,0.001000
1009.519231,0.045968,0.001000,0.001000,0.001000,0.001000,0.001000
1009.538462,0.046496,0.001000,0.001000,0.001000,0.001000,0.001000
1009.557692,0.046989,0.001000,0.001000,0.001000,0.001000,0.001000
1009.576923,0.047445,0.001000,0.001000,0.001000,0.001000,0.001000
1009.596154,0.047864,0.001000,0.001000,0.001000,0.001000,0.001000
1009.615385,0.048247,0.001000,0.001000,0.001000,0.001000,0.001000
1009.634615,0.048592,0.001000,0.001000,0.001000,0.001000,0.001000
1009.653846,0.048900,0.001000,0.001000,0.001000,0.001000,0.001000
1009.673077,0.049171,0.001000,0.001000,0.001000,0.001000,0.001000
1009.692308,0.049403,0.001000,0.001000,0.001000,0.001000,0.001000
1009.711538,0.049598,0.001000,0.001000,0.001000,0.001000,0.001000
1009.730769,0.049754,0.001000,0.001000,0.001000,0.001000,0.001000
1009.750000,0.049873,0.001000,0.001000,0.001000,0.001000,0.001000
1009.769231,0.049952,0.001000,0.001000,0.001000,0.001000,0.001000
1009.788462,0.049994,0.001000,0.001000,0.001000,0.001000,0.001000
1009.807692,0.049997,0.001000,0.001000,0.001000,0.001000,0.001000
1009.826923,0.049961,0.001000,0.001000,0.001000,0.001000,0.001000
1009.846154,0.049887,0.001000,0.001000,0.001000,0.001000,0.001000
1009.865385,0.049774,0.001000,0.001000,0.001000,0.001000,0.001000
1009.884615,0.049623,0.001000,0.001000,0.001000,0.001000,0.001000
1009.903846,0.049435,0.001000,0.001000,0.001000,0.001000,0.001000
1009.923077,0.049207,0.001000,0.001000,0.001000,0.001000,0.001000
1009.942308,0.048943,0.001000,0.001000,0.001000,0.001000,0.001000
1009.961538,0.048640,0.001000,0.001000,0.001000,0.001000,0.001000
1009.980769,0.048300,0.001000,0.001000,0.001000,0.001000,0.001000
1010.000000,0.047923,0.001000,0.001000,0.001000,0.001000,0.001000
1010.019231,0.047509,0.001000,0.001000,0.001000,0.001000,0.001000
1010.038462,0.047058,0.001000,0.001000,0.001000,0.001000,0.001000
1010.057692,0.046571,0.001000,0.001000,0.001000,0.001000,0.001000
1010.076923,0.046049,0.001000,0.001000,0.001000,0.001000,0.001000
1010.096154,0.045490,0.001000,0.001000,0.001000,0.001000,0.001000
1010.115385,0.044897,0.001000,0.001000,0.001000,0.001000,0.001000
1010.134615,0.044270,0.001000,0.001000,0.001000,0.001000,0.001000
1010.153846,0.043608,0.001000,0.001000,0.001000,0.001000,0.001000
1010.173077,0.042913,0.001000,0.001000,0.001000,0.001000,0.001000
1010.192308,0.042184,0.001000,0.001000,0.001000,0.001000,0.001000
1010.211538,0.041423,0.001000,0.001000,0.001000,0.001000,0.001000
1010.230769,0.040631,0.001000,0.001000,0.001000,0.001000,0.001000
1010.250000,0.039807,0.001000,0.001000,0.001000,0.001000,0.001000
1010.269231,0.038952,0.001000,0.001000,0.001000,0.001000,0.001000
1010.288462,0.038068,0.001000,0.001000,0.001000,0.001000,0.001000
1010.307692,0.037154,0.001000,0.001000,0.001000,0.001000,0.001000
1010.326923,0.036211,0.001000,0.001000,0.001000,0.001000,0.001000
1010.346154,0.035241,0.001000,0.001000,0.001000,0.001000,0.001000
1010.365385,0.034243,0.001000,0.001000,0.001000,0.001000,0.001000
1010.384615,0.033220,0.001000,0.001000,0.001000,0.001000,0.001000
1010.403846,0.032170,0.001000,0.001000,0.001000,0.001000,0.001000
1010.423077,0.031096,0.001000,0.001000,0.001000,0.001000,0.001000
1010.442308,0.029998,0.001000,0.001000,0.001000,0.001000,0.001000
1010.461538,0.028877,0.001000,0.001000,0.001000,0.001000,0.001000
1010.480769,0.027733,0.001000,0.001000,0.001000,0.001000,0.001000
1010.500000,0.026569,0.001000,0.001000,0.001000,0.001000,0.001000
1010.519231,0.025383,0.001000,0.001000,0.001000,0.001000,0.001000
1010.538462,0.024179,0.001000,0.001000,0.001000,0.001000,0.001000
1010.557692,0.022955,0.001000,0.001000,0.001000,0.001000,0.001000
1010.576923,0.021714,0.001000,0.001000,0.001000,0.001000,0.001000
1010.596154,0.020457,0.001000,0.001000,0.001000,0.001000,0.001000
1010.615385,0.019183,0.001000,0.001000,0.001000,0.001000,0.001000
1010.634615,0.017895,0.001000,0.001000,0.001000,0.001000,0.001000
1010.653846,0.016593,0.001000,0.001000,0.001000,0.001000,0.001000
1010.673077,0.015278,0.001000,0.001000,0.001000,0.001000,0.001000
1010.692308,0.013952,0.001000,0.001000,0.001000,0.001000,0.001000
1010.711538,0.012614,0.001000,0.001000,0.001000,0.001000,0.001000
1010.730769,0.011267,0.001000,0.001000,0.001000,0.001000,0.001000
1010.750000,0.009912,0.001000,0.001000,0.001000,0.001000,0.001000
1010.769231,0.008549,0.001000,0.001000,0.001000,0.001000,0.001000
1010.788462,0.007179,0.001000,0.001000,0.001000,0.001000,0.001000
1010.807692,0.005803,0.001000,0.001000,0.001000,0.001000,0.001000
1010.826923,0.004424,0.001000,0.001000,0.001000,0.001000,0.001000
1010.846154,0.003040,0.001000,0.001000,0.001000,0.001000,0.001000
1010.865385,0.001655,0.001000,0.001000,0.001000,0.001000,0.001000
1010.884615,0.000268,0.001000,0.001000,0.001000,0.001000,0.001000
1010.903846,-0.001119,0.001000,0.001000,0.001000,0.001000,0.001000
1010.923077,-0.002505,0.001000,0.001000,0.001000,0.001000,0.001000
1010.942308,-0.003890,0.001000,0.001000,0.001000,0.001000,0.001000
1010.961538,-0.005271,0.001000,0.001000,0.001000,0.001000,0.001000
1010.980769,-0.006648,0.001000,0.001000,0.001000,0.001000,0.001000
1011.000000,-0.008020,0.001000,0.001000,0.001000,0.001000,0.001000
1011.019231,-0.009386,0.001000,0.001000,0.001000,0.001000,0.001000
1011.038462,-0.010745,0.001000,0.001000,0.001000,0.001000,0.001000
1011.057692,-0.012095,0.001000,0.001000,0.001000,0.001000,0.001000
1011.076923,-0.013436,0.001000,0.001000,0.001000,0.001000,0.001000
1011.096154,-0.014767,0.001000,0.001000,0.001000,0.001000,0.001000
1011.115385,-0.016087,0.001000,0.001000,0.001000,0.001000,0.001000
1011.134615,-0.017394,0.001000,0.001000,0.001000,0.001000,0.001000
1011.153846,-0.018687,0.001000,0.001000,0.001000,0.001000,0.001000
1011.173077,-0.019967,0.001000,0.001000,0.001000,0.001000,0.001000
1011.192308,-0.021231,0.001000,0.001000,0.001000,0.001000,0.001000
1011.211538,-0.022478,0.001000,0.001000,0.001000,0.001000,0.001000
1011.230769,-0.023708,0.001000,0.001000,0.001000,0.001000,0.001000
1011.250000,-0.024920,0.001000,0.001000,0.001000,0.001000,0.001000
1011.269231,-0.026113,0.001000,0.001000,0.001000,0.001000,0.001000
1011.288462,-0.027286,0.001000,0.001000,0.001000,0.001000,0.001000
1011.307692,-0.028438,0.001000,0.001000,0.001000,0.001000,0.001000
1011.326923,-0.029568,0.001000,0.001000,0.001000,0.001000,0.001000
1011.346154,-0.030675,0.001000,0.001000,0.001000,0.001000,0.001000
1011.365385,-0.031758,0.001000,0.001000,0.001000,0.001000,0.001000
1011.384615,-0.032817,0.001000,0.001000,0.001000,0.001000,0.001000
1011.403846,-0.033851,0.001000,0.001000,0.001000,0.001000,0.001000
1011.423077,-0.034859,0.001000,0.001000,0.001000,0.001000,0.001000
1011.442308,-0.035840,0.001000,0.001000,0.001000,0.001000,0.001000
1011.461538,-0.036793,0.001000,0.001000,0.001000,0.001000,0.001000
1011.480769,-0.037718,0.001000,0.001000,0.001000,0.001000,0.001000
1011.500000,-0.038614,0.001000,0.001000,0.001000,0.001000,0.001000
1011.519231,-0.039480,0.001000,0.001000,0.001000,0.001000,0.001000
1011.538462,-0.040316,0.001000,0.001000,0.001000,0.001000,0.001000
1011.557692,-0.041121,0.001000,0.001000,0.001000,0.001000,0.001000
1011.576923,-0.041894,0.001000,0.001000,0.001000,0.001000,0.001000
1011.596154,-0.042635,0.001000,0.001000,0.001000,0.001000,0.001000
1011.615385,-0.043343,0.001000,0.001000,0.001000,0.001000,0.001000
1011.634615,-0.044018,0.001000,0.001000,0.001000,0.001000,0.001000
1011.653846,-0.044659,0.001000,0.001000,0.001000,0.001000,0.001000
1011.673077,-0.045266,0.001000,0.001000,0.001000,0.001000,0.001000
1011.692308,-0.045837,0.001000,0.001000,0.001000,0.001000,0.001000
1011.711538,-0.046374,0.001000,0.001000,0.001000,0.001000,0.001000
1011.730769,-0.046874,0.001000,0.001000,0.001000,0.001000,0.001000
1011.750000,-0.047339,0.001000,0.001000,0.001000,0.001000,0.001000
1011.769231,-0.047767,0.001000,0.001000,0.001000,0.001000,0.001000
1011.788462,-0.048159,0.001000,0.001000,0.001000,0.001000,0.001000
1011.807692,-0.048513,0.001000,0.001000,0.001000,0.001000,0.001000
1011.826923,-0.048830,0.001000,0.001000,0.001000,0.001000,0.001000
1011.846154,-0.049110,0.001000,0.001000,0.001000,0.001000,0.001000
1011.865385,-0.049351,0.001000,0.001000,0.001000,0.001000,0.001000
1011.884615,-0.049555,0.001000,0.001000,0.001000,0.001000,0.001000
1011.903846,-0.049721,0.001000,0.001000,0.001000,0.001000,0.001000
1011.923077,-0.049848,0.001000,0.001000,0.001000,0.001000,0.001000
1011.942308,-0.049937,0.001000,0.001000,0.001000,0.001000,0.001000
1011.961538,-0.049987,0.001000,0.001000,0.001000,0.001000,0.001000
1011.980769,-0.049999,0.001000,0.001000,0.001000,0.001000,0.001000
1012.000000,-0.049973,0.001000,0.001000,0.001000,0.001000,0.001000
1012.019231,-0.049908,0.001000,0.001000,0.001000,0.001000,0.001000
1012.038462,-0.049805,0.001000,0.001000,0.001000,0.001000,0.001000
1012.057692,-0.049663,0.001000,0.001000,0.001000,0.001000,0.001000
1012.076923,-0.049483,0.001000,0.001000,0.001000,0.001000,0.001000
1012.096154,-0.049265,0.001000,0.001000,0.001000,0.001000,0.001000
1012.115385,-0.049009,0.001000,0.001000,0.001000,0.001000,0.001000
1012.134615,-0.048716,0.001000,0.001000,0.001000,0.001000,0.001000
1012.153846,-0.048385,0.001000,0.001000,0.001000,0.001000,0.001000
1012.173077,-0.048016,0.001000,0.001000,0.001000,0.001000,0.001000
1012.192308,-0.047611,0.001000,0.001000,0.001000,0.001000,0.001000
1012.211538,-0.047169,0.001000,0.001000,0.001000,0.001000,0.001000
1012.230769,-0.046691,0.001000,0.001000,0.001000,0.001000,0.001000
1012.250000,-0.046177,0.001000,0.001000,0.001000,0.001000,0.001000
1012.269231,-0.045627,0.001000,0.001000,0.001000,0.001000,0.001000
1012.288462,-0.045042,0.001000,0.001000,0.001000,0.001000,0.001000
1012.307692,-0.044423,0.001000,0.001000,0.001000,0.001000,0.001000
1012.326923,-0.043769,0.001000,0.001000,0.001000,0.001000,0.001000
1012.346154,-0.043081,0.001000,0.001000,0.001000,0.001000,0.001000
1012.365385,-0.042361,0.001000,0.001000,0.001000,0.001000,0.001000
1012.384615,-0.041608,0.001000,0.001000,0.001000,0.001000,0.001000
1012.403846,-0.040823,0.001000,0.001000,0.001000,0.001000,0.001000
1012.423077,-0.040006,0.001000,0.001000,0.001000,0.001000,0.001000
1012.442308,-0.039159,0.001000,0.001000,0.001000,0.001000,0.001000
1012.461538,-0.038281,0.001000,0.001000,0.001000,0.001000,0.001000
1012.480769,-0.037374,0.001000,0.001000,0.001000,0.001000,0.001000
1012.500000,-0.036439,0.001000,0.001000,0.001000,0.001000,0.001000
1012.519231,-0.035475,0.001000,0.001000,0.001000,0.001000,0.001000
1012.538462,-0.034484,0.001000,0.001000,0.001000,0.001000,0.001000
1012.557692,-0.033466,0.001000,0.001000,0.001000,0.001000,0.001000
1012.576923,-0.032423,0.001000,0.001000,0.001000,0.001000,0.001000
1012.596154,-0.031355,0.001000,0.001000,0.001000,0.001000,0.001000
1012.615385,-0.030262,0.001000,0.001000,0.001000,0.001000,0.001000
1012.634615,-0.029146,0.001000,0.001000,0.001000,0.001000,0.001000
1012.653846,-0.028008,0.001000,0.001000,0.001000,0.001000,0.001000
1012.673077,-0.026848,0.001000,0.001000,0.001000,0.001000,0.001000
1012.692308,-0.025668,0.001000,0.001000,0.001000,0.001000,0.001000
1012.711538,-0.024468,0.001000,0.001000,0.001000,0.001000,0.001000
1012.730769,-0.023249,0.001000,0.001000,0.001000,0.001000,0.001000
1012.750000,-0.022012,0.001000,0.001000,0.001000,0.001000,0.001000
1012.769231,-0.020758,0.001000,0.001000,0.001000,0.001000,0.001000
1012.788462,-0.019488,0.001000,0.001000,0.001000,0.001000,0.001000
1012.807692,-0.018204,0.001000,0.001000,0.001000,0.001000,0.001000
1012.826923,-0.016905,0.001000,0.001000,0.001000,0.001000,0.001000
1012.846154,-0.015593,0.001000,0.001000,0.001000,0.001000,0.001000
1012.865385,-0.014269,0.001000,0.001000,0.001000,0.001000,0.001000
1012.884615,-0.012934,0.001000,0.001000,0.001000,0.001000,0.001000
1012.903846,-0.011590,0.001000,0.001000,0.001000,0.001000,0.001000
1012.923077,-0.010236,0.001000,0.001000,0.001000,0.001000,0.001000
1012.942308,-0.008875,0.001000,0.001000,0.001000,0.001000,0.001000
1012.961538,-0.007506,0.001000,0.001000,0.001000,0.001000,0.001000
1012.980769,-0.006132,0.001000,0.001000,0.001000,0.001000,0.001000
1013.000000,-0.004753,0.001000,0.001000,0.001000,0.001000,0.001000
1013.019231,-0.003371,0.001000,0.001000,0.001000,0.001000,0.001000
1013.038462,-0.001985,0.001000,0.001000,0.001000,0.001000,0.001000
1013.057692,-0.000599,0.001000,0.001000,0.001000,0.001000,0.001000
1013.076923,0.000788,0.001000,0.001000,0.001000,0.001000,0.001000
1013.096154,0.002175,0.001000,0.001000,0.001000,0.001000,0.001000
1013.115385,0.003560,0.001000,0.001000,0.001000,0.001000,0.001000
1013.134615,0.004942,0.001000,0.001000,0.001000,0.001000,0.001000
1013.153846,0.006320,0.001000,0.001000,0.001000,0.001000,0.001000
1013.173077,0.007693,0.001000,0.001000,0.001000,0.001000,0.001000
1013.192308,0.009061,0.001000,0.001000,0.001000,0.001000,0.001000
1013.211538,0.010421,0.001000,0.001000,0.001000,0.001000,0.001000
1013.230769,0.011774,0.001000,0.001000,0.001000,0.001000,0.001000
1013.250000,0.013117,0.001000,0.001000,0.001000,0.001000,0.001000
1013.269231,0.014451,0.001000,0.001000,0.001000,0.001000,0.001000
1013.288462,0.015773,0.001000,0.001000,0.001000,0.001000,0.001000
1013.307692,0.017083,0.001000,0.001000,0.001000,0.001000,0.001000
1013.326923,0.018380,0.001000,0.001000,0.001000,0.001000,0.001000
1013.346154,0.019663,0.001000,0.001000,0.001000,0.001000,0.001000
1013.365385,0.020930,0.001000,0.001000,0.001000,0.001000,0.001000
1013.384615,0.022182,0.001000,0.001000,0.001000,0.001000,0.001000
1013.403846,0.023416,0.001000,0.001000,0.001000,0.001000,0.001000
1013.423077,0.024633,0.001000,0.001000,0.001000,0.001000,0.001000
1013.442308,0.025830,0.001000,0.001000,0.001000,0.001000,0.001000
1013.461538,0.027008,0.001000,0.001000,0.001000,0.001000,0.001000
1013.480769,0.028165,0.001000,0.001000,0.001000,0.001000,0.001000
1013.500000,0.029300,0.001000,0.001000,0.001000,0.001000,0.001000
1013.519231,0.030413,0.001000,0.001000,0.001000,0.001000,0.001000
1013.538462,0.031502,0.001000,0.001000,0.001000,0.001000,0.001000
1013.557692,0.032567,0.001000,0.001000,0.001000,0.001000,0.001000
1013.576923,0.033607,0.001000,0.001000,0.001000,0.001000,0.001000
1013.596154,0.034621,0.001000,0.001000,0.001000,0.001000,0.001000
1013.615385,0.035608,0.001000,0.001000,0.001000,0.001000,0.001000
1013.634615,0.036568,0.001000,0.001000,0.001000,0.001000,0.001000
1013.653846,0.037500,0.001000,0.001000,0.001000,0.001000,0.001000
1013.673077,0.038403,0.001000,0.001000,0.001000,0.001000,0.001000
1013.692308,0.039276,0.001000,0.001000,0.001000,0.001000,0.001000
1013.711538,0.040119,0.001000,0.001000,0.001000,0.001000,0.001000
1013.730769,0.040932,0.001000,0.001000,0.001000,0.001000,0.001000
1013.750000,0.041713,0.001000,0.001000,0.001000,0.001000,0.001000
1013.769231,0.042461,0.001000,0.001000,0.001000,0.001000,0.001000
1013.788462,0.043177,0.001000,0.001000,0.001000,0.001000,0.001000
1013.807692,0.043860,0.001000,0.001000,0.001000,0.001000,0.001000
1013.826923,0.044509,0.001000,0.001000,0.001000,0.001000,0.001000
1013.846154,0.045124,0.001000,0.001000,0.001000,0.001000,0.001000
1013.865385,0.045704,0.001000,0.001000,0.001000,0.001000,0.001000
1013.884615,0.046249,0.001000,0.001000,0.001000,0.001000,0.001000
1013.903846,0.046758,0.001000,0.001000,0.001000,0.001000,0.001000
1013.923077,0.047231,0.001000,0.001000,0.001000,0.001000,0.001000
1013.942308,0.047668,0.001000,0.001000,0.001000,0.001000,0.001000
1013.961538,0.048069,0.001000,0.001000,0.001000,0.001000,0.001000
1013.980769,0.048432,0.001000,0.001000,0.001000,0.001000,0.001000
1014.000000,0.048758,0.001000,0.001000,0.001000,0.001000,0.001000
1014.019231,0.049046,0.001000,0.001000,0.001000,0.001000,0.001000
1014.038462,0.049297,0.001000,0.001000,0.001000,0.001000,0.001000
1014.057692,0.049510,0.001000,0.001000,0.001000,0.001000,0.001000
1014.076923,0.049685,0.001000,0.001000,0.001000,0.001000,0.001000
1014.096154,0.049821,0.001000,0.001000,0.001000,0.001000,0.001000
1014.115385,0.049919,0.001000,0.001000,0.001000,0.001000,0.001000
1014.134615,0.049979,0.001000,0.001000,0.001000,0.001000,0.001000
1014.153846,0.050000,0.001000,0.001000,0.001000,0.001000,0.001000
1014.173077,0.049983,0.001000,0.001000,0.001000,0.001000,0.001000
1014.192308,0.049927,0.001000,0.001000,0.001000,0.001000,0.001000
1014.211538,0.049833,0.001000,0.001000,0.001000,0.001000,0.001000
1014.230769,0.049700,0.001000,0.001000,0.001000,0.001000,0.001000
1014.250000,0.049529,0.001000,0.001000,0.001000,0.001000,0.001000
1014.269231,0.049321,0.001000,0.001000,0.001000,0.001000,0.001000
1014.288462,0.049074,0.001000,0.001000,0.001000,0.001000,0.001000
1014.307692,0.048789,0.001000,0.001000,0.001000,0.001000,0.001000
1014.326923,0.048467,0.001000,0.001000,0.001000,0.001000,0.001000
1014.346154,0.048107,0.001000,0.001000,0.001000,0.001000,0.001000
1014.365385,0.047711,0.001000,0.001000,0.001000,0.001000,0.001000
1014.384615,0.047278,0.001000,0.001000,0.001000,0.001000,0.001000
1014.403846,0.046808,0.001000,0.001000,0.001000,0.001000,0.001000
1014.423077,0.046302,0.001000,0.001000,0.001000,0.001000,0.001000
1014.442308,0.045761,0.001000,0.001000,0.001000,0.001000,0.001000
1014.461538,0.045185,0.001000,0.001000,0.001000,0.001000,0.001000
1014.480769,0.044573,0.001000,0.001000,0.001000,0.001000,0.001000
1014.500000,0.043928,0.001000,0.001000,0.001000,0.001000,0.001000
1014.519231,0.043249,0.001000,0.001000,0.001000,0.001000,0.001000
1014.538462,0.042536,0.001000,0.001000,0.001000,0.001000,0.001000
1014.557692,0.041790,0.001000,0.001000,0.001000,0.001000,0.001000
1014.576923,0.041013,0.001000,0.001000,0.001000,0.001000,0.001000
1014.596154,0.040204,0.001000,0.001000,0.001000,0.001000,0.001000
1014.615385,0.039364,0.001000,0.001000,0.001000,0.001000,0.001000
1014.634615,0.038493,0.001000,0.001000,0.001000,0.001000,0.001000
1014.653846,0.037593,0.001000,0.001000,0.001000,0.001000,0.001000
1014.673077,0.036664,0.001000,0.001000,0.001000,0.001000,0.001000
1014.692308,0.035707,0.001000,0.001000,0.001000,0.001000,0.001000
1014.711538,0.034723,0.001000,0.001000,0.001000,0.001000,0.001000
1014.730769,0.033711,0.001000,0.001000,0.001000,0.001000,0.001000
1014.750000,0.032674,0.001000,0.001000,0.001000,0.001000,0.001000
1014.769231,0.031612,0.001000,0.001000,0.001000,0.001000,0.001000
1014.788462,0.030525,0.001000,0.001000,0.001000,0.001000,0.001000
1014.807692,0.029415,0.001000,0.001000,0.001000,0.001000,0.001000
1014.826923,0.028282,0.001000,0.001000,0.001000,0.001000,0.001000
1014.846154,0.027127,0.001000,0.001000,0.001000,0.001000,0.001000
1014.865385,0.025952,0.001000,0.001000,0.001000,0.001000,0.001000
1014.884615,0.024756,0.001000,0.001000,0.001000,0.001000,0.001000
1014.903846,0.023541,0.001000,0.001000,0.001000,0.001000,0.001000
1014.923077,0.022309,0.001000,0.001000,0.001000,0.001000,0.001000
1014.942308,0.021059,0.001000,0.001000,0.001000,0.001000,0.001000
1014.961538,0.019793,0.001000,0.001000,0.001000,0.001000,0.001000
1014.980769,0.018512,0.001000,0.001000,0.001000,0.001000,0.001000
1015.000000,0.017216,0.001000,0.001000,0.001000,0.001000,0.001000
1015.019231,0.015907,0.001000,0.001000,0.001000,0.001000,0.001000
1015.038462,0.014586,0.001000,0.001000,0.001000,0.001000,0.001000
1015.057692,0.013254,0.001000,0.001000,0.001000,0.001000,0.001000
1015.076923,0.011911,0.001000,0.001000,0.001000,0.001000,0.001000
1015.096154,0.010560,0.001000,0.001000,0.001000,0.001000,0.001000
1015.115385,0.009200,0.001000,0.001000,0.001000,0.001000,0.001000
1015.134615,0.007833,0.001000,0.001000,0.001000,0.001000,0.001000
1015.153846,0.006460,0.001000,0.001000,0.001000,0.001000,0.001000
1015.173077,0.005083,0.001000,0.001000,0.001000,0.001000,0.001000
1015.192308,0.003701,0.001000,0.001000,0.001000,0.001000,0.001000
1015.211538,0.002316,0.001000,0.001000,0.001000,0.001000,0.001000
1015.230769,0.000930,0.001000,0.001000,0.001000,0.001000,0.001000
1015.250000,-0.000457,0.001000,0.001000,0.001000,0.001000,0.001000
1015.269231,-0.001844,0.001000,0.001000,0.001000,0.001000,0.001000
1015.288462,-0.003229,0.001000,0.001000,0.001000,0.001000,0.001000
1015.307692,-0.004612,0.001000,0.001000,0.001000,0.001000,0.001000
1015.326923,-0.005991,0.001000,0.001000,0.001000,0.001000,0.001000
1015.346154,-0.007366,0.001000,0.001000,0.001000,0.001000,0.001000
1015.365385,-0.008735,0.001000,0.001000,0.001000,0.001000,0.001000
1015.384615,-0.010097,0.001000,0.001000,0.001000,0.001000,0.001000
1015.403846,-0.011452,0.001000,0.001000,0.001000,0.001000,0.001000
1015.423077,-0.012798,0.001000,0.001000,0.001000,0.001000,0.001000
1015.442308,-0.014134,0.001000,0.001000,0.001000,0.001000,0.001000
1015.461538,-0.015459,0.001000,0.001000,0.001000,0.001000,0.001000
1015.480769,-0.016772,0.001000,0.001000,0.001000,0.001000,0.001000
1015.500000,-0.018072,0.001000,0.001000,0.001000,0.001000,0.001000
1015.519231,-0.019358,0.001000,0.001000,0.001000,0.001000,0.001000
1015.538462,-0.020629,0.001000,0.001000,0.001000,0.001000,0.001000
1015.557692,-0.021885,0.001000,0.001000,0.001000,0.001000,0.001000
1015.576923,-0.023124,0.001000,0.001000,0.001000,0.001000,0.001000
1015.596154,-0.024344,0.001000,0.001000,0.001000,0.001000,0.001000
1015.615385,-0.025546,0.001000,0.001000,0.001000,0.001000,0.001000
1015.634615,-0.026729,0.001000,0.001000,0.001000,0.001000,0.001000
1015.653846,-0.027891,0.001000,0.001000,0.001000,0.001000,0.001000
1015.673077,-0.029031,0.001000,0.001000,0.001000,0.001000,0.001000
1015.692308,-0.030149,0.001000,0.001000,0.001000,0.001000,0.001000
1015.711538,-0.031244,0.001000,0.001000,0.001000,0.001000,0.001000
1015.730769,-0.032315,0.001000,0.001000,0.001000,0.001000,0.001000
1015.750000,-0.033361,0.001000,0.001000,0.001000,0.001000,0.001000
1015.769231,-0.034381,0.001000,0.001000,0.001000,0.001000,0.001000
1015.788462,-0.035375,0.001000,0.001000,0.001000,0.001000,0.001000
1015.807692,-0.036342,0.001000,0.001000,0.001000,0.001000,0.001000
1015.826923,-0.037280,0.001000,0.001000,0.001000,0.001000,0.001000
1015.846154,-0.038190,0.001000,0.001000,0.001000,0.001000,0.001000
1015.865385,-0.039071,0.001000,0.001000,0.001000,0.001000,0.001000
1015.884615,-0.039921,0.001000,0.001000,0.001000,0.001000,0.001000
1015.903846,-0.040741,0.001000,0.001000,0.001000,0.001000,0.001000
1015.923077,-0.041529,0.001000,0.001000,0.001000,0.001000,0.001000
1015.942308,-0.042286,0.001000,0.001000,0.001000,0.001000,0.001000
1015.961538,-0.043009,0.001000,0.001000,0.001000,0.001000,0.001000
1015.980769,-0.043700,0.001000,0.001000,0.001000,0.001000,0.001000
1016.000000,-0.044357,0.001000,0.001000,0.001000,0.001000,0.001000
1016.019231,-0.044980,0.001000,0.001000,0.001000,0.001000,0.001000
1016.038462,-0.045569,0.001000,0.001000,0.001000,0.001000,0.001000
1016.057692,-0.046122,0.001000,0.001000,0.001000,0.001000,0.001000
1016.076923,-0.046640,0.001000,0.001000,0.001000,0.001000,0.001000
1016.096154,-0.047122,0.001000,0.001000,0.001000,0.001000,0.001000
1016.115385,-0.047567,0.001000,0.001000,0.001000,0.001000,0.001000
1016.134615,-0.047977,0.001000,0.001000,0.001000,0.001000,0.001000
1016.153846,-0.048349,0.001000,0.001000,0.001000,0.001000,0.001000
1016.173077,-0.048684,0.001000,0.001000,0.001000,0.001000,0.001000
1016.192308,-0.048981,0.001000,0.001000,0.001000,0.001000,0.001000
1016.211538,-0.049241,0.001000,0.001000,0.001000,0.001000,0.001000
1016.230769,-0.049463,0.001000,0.001000,0.001000,0.001000,0.001000
1016.250000,-0.049646,0.001000,0.001000,0.001000,0.001000,0.001000
1016.269231,-0.049792,0.001000,0.001000,0.001000,0.001000,0.001000
1016.288462,-0.049899,0.001000,0.001000,0.001000,0.001000,0.001000
1016.307692,-0.049968,0.001000,0.001000,0.001000,0.001000,0.001000
1016.326923,-0.049998,0.001000,0.001000,0.001000,0.001000,0.001000
1016.346154,-0.049990,0.001000,0.001000,0.001000,0.001000,0.001000
1016.365385,-0.049944,0.001000,0.001000,0.001000,0.001000,0.001000
1016.384615,-0.049859,0.001000,0.001000,0.001000,0.001000,0.001000
1016.403846,-0.049735,0.001000,0.001000,0.001000,0.001000,0.001000
1016.423077,-0.049574,0.001000,0.001000,0.001000,0.001000,0.001000
1016.442308,-0.049374,0.001000,0.001000,0.001000,0.001000,0.001000
1016.461538,-0.049136,0.001000,0.001000,0.001000,0.001000,0.001000
1016.480769,-0.048860,0.001000,0.001000,0.001000,0.001000,0.001000
1016.500000,-0.048547,0.001000,0.001000,0.001000,0.001000,0.001000
1016.519231,-0.048197,0.001000,0.001000,0.001000,0.001000,0.001000
1016.538462,-0.047809,0.001000,0.001000,0.001000,0.001000,0.001000
1016.557692,-0.047384,0.001000,0.001000,0.001000,0.001000,0.001000
1016.576923,-0.046923,0.001000,0.001000,0.001000,0.001000,0.001000
1016.596154,-0.046426,0.001000,0.001000,0.001000,0.001000,0.001000
1016.615385,-0.045894,0.001000,0.001000,0.001000,0.001000,0.001000
1016.634615,-0.045325,0.001000,0.001000,0.001000,0.001000,0.001000
1016.653846,-0.044722,0.001000,0.001000,0.001000,0.001000,0.001000
1016.673077,-0.044085,0.001000,0.001000,0.001000,0.001000,0.001000
1016.692308,-0.043414,0.001000,0.001000,0.001000,0.001000,0.001000
1016.711538,-0.042709,0.001000,0.001000,0.001000,0.001000,0.001000
1016.730769,-0.041971,0.001000,0.001000,0.001000,0.001000,0.001000
1016.750000,-0.041201,0.001000,0.001000,0.001000,0.001000,0.001000
1016.769231,-0.040400,0.001000,0.001000,0.001000,0.001000,0.001000
1016.788462,-0.039567,0.001000,0.001000,0.001000,0.001000,0.001000
1016.807692,-0.038704,0.001000,0.001000,0.001000,0.001000,0.001000
1016.826923,-0.037811,0.001000,0.001000,0.001000,0.001000,0.001000
1016.846154,-0.036889,0.001000,0.001000,0.001000,0.001000,0.001000
1016.865385,-0.035938,0.001000,0.001000,0.001000,0.001000,0.001000
1016.884615,-0.034960,0.001000,0.001000,0.001000,0.001000,0.001000
1016.903846,-0.033955,0.001000,0.001000,0.001000,0.001000,0.001000
1016.923077,-0.032924,0.001000,0.001000,0.001000,0.001000,0.001000
1016.942308,-0.031867,0.001000,0.001000,0.001000,0.001000,0.001000
1016.961538,-0.030786,0.001000,0.001000,0.001000,0.001000,0.001000
1016.980769,-0.029682,0.001000,0.001000,0.001000,0.001000,0.001000
1017.000000,-0.028554,0.001000,0.001000,0.001000,0.001000,0.001000
1017.019231,-0.027405,0.001000,0.001000,0.001000,0.001000,0.001000
1017.038462,-0.026234,0.001000,0.001000,0.001000,0.001000,0.001000
1017.057692,-0.025043,0.001000,0.001000,0.001000,0.001000,0.001000
1017.076923,-0.023833,0.001000,0.001000,0.001000,0.001000,0.001000
1017.096154,-0.022604,0.001000,0.001000,0.001000,0.001000,0.001000
1017.115385,-0.021359,0.001000,0.001000,0.001000,0.001000,0.001000
1017.134615,-0.020096,0.001000,0.001000,0.001000,0.001000,0.001000
1017.153846,-0.018819,0.001000,0.001000,0.001000,0.001000,0.001000
1017.173077,-0.017526,0.001000,0.001000,0.001000,0.001000,0.001000
1017.192308,-0.016221,0.001000,0.001000,0.001000,0.001000,0.001000
1017.211538,-0.014902,0.001000,0.001000,0.001000,0.001000,0.001000
1017.230769,-0.013573,0.001000,0.001000,0.001000,0.001000,0.001000
1017.250000,-0.012233,0.001000,0.001000,0.001000,0.001000,0.001000
1017.269231,-0.010883,0.001000,0.001000,0.001000,0.001000,0.001000
1017.288462,-0.009525,0.001000,0.001000,0.001000,0.001000,0.001000
1017.307692,-0.008160,0.001000,0.001000,0.001000,0.001000,0.001000
1017.326923,-0.006788,0.001000,0.001000,0.001000,0.001000,0.001000
1017.346154,-0.005412,0.001000,0.001000,0.001000,0.001000,0.001000
1017.365385,-0.004031,0.001000,0.001000,0.001000,0.001000,0.001000
1017.384615,-0.002647,0.001000,0.001000,0.001000,0.001000,0.001000
1017.403846,-0.001261,0.001000,0.001000,0.001000,0.001000,0.001000
1017.423077,0.000126,0.001000,0.001000,0.001000,0.001000,0.001000
1017.442308,0.001513,0.001000,0.001000,0.001000,0.001000,0.001000
1017.461538,0.002899,0.001000,0.001000,0.001000,0.001000,0.001000
1017.480769,0.004283,0.001000,0.001000,0.001000,0.001000,0.001000
1017.500000,0.005663,0.001000,0.001000,0.001000,0.001000,0.001000
1017.519231,0.007039,0.001000,0.001000,0.001000,0.001000,0.001000
1017.538462,0.008409,0.001000,0.001000,0.001000,0.001000,0.001000
1017.557692,0.009773,0.001000,0.001000,0.001000,0.001000,0.001000
1017.576923,0.011130,0.001000,0.001000,0.001000,0.001000,0.001000
1017.596154,0.012477,0.001000,0.001000,0.001000,0.001000,0.001000
1017.615385,0.013816,0.001000,0.001000,0.001000,0.001000,0.001000
1017.634615,0.015143,0.001000,0.001000,0.001000,0.001000,0.001000
1017.653846,0.016459,0.001000,0.001000,0.001000,0.001000,0.001000
1017.673077,0.017763,0.001000,0.001000,0.001000,0.001000,0.001000
1017.692308,0.019052,0.001000,0.001000,0.001000,0.001000,0.001000
1017.711538,0.020327,0.001000,0.001000,0.001000,0.001000,0.001000
1017.730769,0.021587,0.001000,0.001000,0.001000,0.001000,0.001000
1017.750000,0.022830,0.001000,0.001000,0.001000,0.001000,0.001000
1017.769231,0.024055,0.001000,0.001000,0.001000,0.001000,0.001000
1017.788462,0.025261,0.001000,0.001000,0.001000,0.001000,0.001000
1017.807692,0.026449,0.001000,0.001000,0.001000,0.001000,0.001000
1017.826923,0.027615,0.001000,0.001000,0.001000,0.001000,0.001000
1017.846154,0.028761,0.001000,0.001000,0.001000,0.001000,0.001000
1017.865385,0.029885,0.001000,0.001000,0.001000,0.001000,0.001000
1017.884615,0.030985,0.001000,0.001000,0.001000,0.001000,0.001000
1017.903846,0.032062,0.001000,0.001000,0.001000,0.001000,0.001000
1017.923077,0.033114,0.001000,0.001000,0.001000,0.001000,0.001000
1017.942308,0.034140,0.001000,0.001000,0.001000,0.001000,0.001000
1017.961538,0.035140,0.001000,0.001000,0.001000,0.001000,0.001000
1017.980769,0.036113,0.001000,0.001000,0.001000,0.001000,0.001000
1018.000000,0.037059,0.001000,0.001000,0.001000,0.001000,0.001000
1018.019231,0.037976,0.001000,0.001000,0.001000,0.001000,0.001000
1018.038462,0.038863,0.001000,0.001000,0.001000,0.001000,0.001000
1018.057692,0.039721,0.001000,0.001000,0.001000,0.001000,0.001000
1018.076923,0.040548,0.001000,0.001000,0.001000,0.001000,0.001000
1018.096154,0.041344,0.001000,0.001000,0.001000,0.001000,0.001000
1018.115385,0.042108,0.001000,0.001000,0.001000,0.001000,0.001000
1018.134615,0.042840,0.001000,0.001000,0.001000,0.001000,0.001000
1018.153846,0.043538,0.001000,0.001000,0.001000,0.001000,0.001000
1018.173077,0.044204,0.001000,0.001000,0.001000,0.001000,0.001000
1018.192308,0.044835,0.001000,0.001000,0.001000,0.001000,0.001000
1018.211538,0.045432,0.001000,0.001000,0.001000,0.001000,0.001000
1018.230769,0.045993,0.001000,0.001000,0.001000,0.001000,0.001000
1018.250000,0.046520,0.001000,0.001000,0.001000,0.001000,0.001000
1018.269231,0.047010,0.001000,0.001000,0.001000,0.001000,0.001000
1018.288462,0.047464,0.001000,0.001000,0.001000,0.001000,0.001000
1018.307692,0.047882,0.001000,0.001000,0.001000,0.001000,0.001000
1018.326923,0.048263,0.001000,0.001000,0.001000,0.001000,0.001000
1018.346154,0.048607,0.001000,0.001000,0.001000,0.001000,0.001000
1018.365385,0.048913,0.001000,0.001000,0.001000,0.001000,0.001000
1018.384615,0.049182,0.001000,0.001000,0.001000,0.001000,0.001000
1018.403846,0.049413,0.001000,0.001000,0.001000,0.001000,0.001000
1018.423077,0.049606,0.001000,0.001000,0.001000,0.001000,0.001000
1018.442308,0.049761,0.001000,0.001000,0.001000,0.001000,0.001000
1018.461538,0.049877,0.001000,0.001000,0.001000,0.001000,0.001000
1018.480769,0.049955,0.001000,0.001000,0.001000,0.001000,0.001000
1018.500000,0.049995,0.001000,0.001000,0.001000,0.001000,0.001000
1018.519231,0.049996,0.001000,0.001000,0.001000,0.001000,0.001000
1018.538462,0.049958,0.001000,0.001000,0.001000,0.001000,0.001000
1018.557692,0.049882,0.001000,0.001000,0.001000,0.001000,0.001000
1018.576923,0.049768,0.001000,0.001000,0.001000,0.001000,0.001000
1018.596154,0.049616,0.001000,0.001000,0.001000,0.001000,0.001000
1018.615385,0.049425,0.001000,0.001000,0.001000,0.001000,0.001000
1018.634615,0.049196,0.001000,0.001000,0.001000,0.001000,0.001000
1018.653846,0.048930,0.001000,0.001000,0.001000,0.001000,0.001000
1018.673077,0.048625,0.001000,0.001000,0.001000,0.001000,0.001000
1018.692308,0.048284,0.001000,0.001000,0.001000,0.001000,0.001000
1018.711538,0.047905,0.001000,0.001000,0.001000,0.001000,0.001000
1018.730769,0.047489,0.001000,0.001000,0.001000,0.001000,0.001000
1018.750000,0.047037,0.001000,0.001000,0.001000,0.001000,0.001000
1018.769231,0.046548,0.001000,0.001000,0.001000,0.001000,0.001000
1018.788462,0.046024,0.001000,0.001000,0.001000,0.001000,0.001000
1018.807692,0.045464,0.001000,0.001000,0.001000,0.001000,0.001000
1018.826923,0.044870,0.001000,0.001000,0.001000,0.001000,0.001000
1018.846154,0.044240,0.001000,0.001000,0.001000,0.001000,0.001000
1018.865385,0.043577,0.001000,0.001000,0.001000,0.001000,0.001000
1018.884615,0.042880,0.001000,0.001000,0.001000,0.001000,0.001000
1018.903846,0.042150,0.001000,0.001000,0.001000,0.001000,0.001000
1018.923077,0.041388,0.001000,0.001000,0.001000,0.001000,0.001000
1018.942308,0.040594,0.001000,0.001000,0.001000,0.001000,0.001000
1018.961538,0.039768,0.001000,0.001000,0.001000,0.001000,0.001000
1018.980769,0.038912,0.001000,0.001000,0.001000,0.001000,0.001000
1019.000000,0.038027,0.001000,0.001000,0.001000,0.001000,0.001000
1019.019231,0.037111,0.001000,0.001000,0.001000,0.001000,0.001000
1019.038462,0.036168,0.001000,0.001000,0.001000,0.001000,0.001000
1019.057692,0.035196,0.001000,0.001000,0.001000,0.001000,0.001000
1019.076923,0.034197,0.001000,0.001000,0.001000,0.001000,0.001000
1019.096154,0.033172,0.001000,0.001000,0.001000,0.001000,0.001000
1019.115385,0.032122,0.001000,0.001000,0.001000,0.001000,0.001000
1019.134615,0.031047,0.001000,0.001000,0.001000,0.001000,0.001000
1019.153846,0.029947,0.001000,0.001000,0.001000,0.001000,0.001000
1019.173077,0.028825,0.001000,0.001000,0.001000,0.001000,0.001000
1019.192308,0.027681,0.001000,0.001000,0.001000,0.001000,0.001000
1019.211538,0.026515,0.001000,0.001000,0.001000,0.001000,0.001000
1019.230769,0.025329,0.001000,0.001000,0.001000,0.001000,0.001000
1019.250000,0.024123,0.001000,0.001000,0.001000,0.001000,0.001000
1019.269231,0.022899,0.001000,0.001000,0.001000,0.001000,0.001000
1019.288462,0.021657,0.001000,0.001000,0.001000,0.001000,0.001000
1019.307692,0.020399,0.001000,0.001000,0.001000,0.001000,0.001000
1019.326923,0.019125,0.001000,0.001000,0.001000,0.001000,0.001000
1019.346154,0.017836,0.001000,0.001000,0.001000,0.001000,0.001000
1019.365385,0.016533,0.001000,0.001000,0.001000,0.001000,0.001000
1019.384615,0.015218,0.001000,0.001000,0.001000,0.001000,0.001000
1019.403846,0.013891,0.001000,0.001000,0.001000,0.001000,0.001000
1019.423077,0.012553,0.001000,0.001000,0.001000,0.001000,0.001000
1019.442308,0.011206,0.001000,0.001000,0.001000,0.001000,0.001000
1019.461538,0.009850,0.001000,0.001000,0.001000,0.001000,0.001000
1019.480769,0.008486,0.001000,0.001000,0.001000,0.001000,0.001000
1019.500000,0.007116,0.001000,0.001000,0.001000,0.001000,0.001000
1019.519231,0.005741,0.001000,0.001000,0.001000,0.001000,0.001000
1019.538462,0.004361,0.001000,0.001000,0.001000,0.001000,0.001000
1019.557692,0.002977,0.001000,0.001000,0.001000,0.001000,0.001000
1019.576923,0.001592,0.001000,0.001000,0.001000,0.001000,0.001000
1019.596154,0.000205,0.001000,0.001000,0.001000,0.001000,0.001000
1019.615385,-0.001182,0.001000,0.001000,0.001000,0.001000,0.001000
1019.634615,-0.002568,0.001000,0.001000,0.001000,0.001000,0.001000
1019.653846,-0.003953,0.001000,0.001000,0.001000,0.001000,0.001000
1019.673077,-0.005334,0.001000,0.001000,0.001000,0.001000,0.001000
1019.692308,-0.006711,0.001000,0.001000,0.001000,0.001000,0.001000
1019.711538,-0.008083,0.001000,0.001000,0.001000,0.001000,0.001000
1019.730769,-0.009448,0.001000,0.001000,0.001000,0.001000,0.001000
1019.750000,-0.010807,0.001000,0.001000,0.001000,0.001000,0.001000
1019.769231,-0.012157,0.001000,0.001000,0.001000,0.001000,0.001000
1019.788462,-0.013497,0.001000,0.001000,0.001000,0.001000,0.001000
1019.807692,-0.014828,0.001000,0.001000,0.001000,0.001000,0.001000
1019.826923,-0.016146,0.001000,0.001000,0.001000,0.001000,0.001000
1019.846154,-0.017453,0.001000,0.001000,0.001000,0.001000,0.001000
1019.865385,-0.018746,0.001000,0.001000,0.001000,0.001000,0.001000
1019.884615,-0.020025,0.001000,0.001000,0.001000,0.001000,0.001000
1019.903846,-0.021288,0.001000,0.001000,0.001000,0.001000,0.001000
1019.923077,-0.022535,0.001000,0.001000,0.001000,0.001000,0.001000
1019.942308,-0.023764,0.001000,0.001000,0.001000,0.001000,0.001000
1019.961538,-0.024975,0.001000,0.001000,0.001000,0.001000,0.001000
1019.980769,-0.026167,0.001000,0.001000,0.001000,0.001000,0.001000
1020.000000,-0.027339,0.001000,0.001000,0.001000,0.001000,0.001000
1020.019231,-0.028490,0.001000,0.001000,0.001000,0.001000,0.001000
1020.038462,-0.029619,0.001000,0.001000,0.001000,0.001000,0.001000
1020.057692,-0.030725,0.001000,0.001000,0.001000,0.001000,0.001000
1020.076923,-0.031807,0.001000,0.001000,0.001000,0.001000,0.001000
1020.096154,-0.032865,0.001000,0.001000,0.001000,0.001000,0.001000
1020.115385,-0.033897,0.001000,0.001000,0.001000,0.001000,0.001000
1020.134615,-0.034904,0.001000,0.001000,0.001000,0.001000,0.001000
1020.153846,-0.035884,0.001000,0.001000,0.001000,0.001000,0.001000
1020.173077,-0.036836,0.001000,0.001000,0.001000,0.001000,0.001000
1020.192308,-0.037759,0.001000,0.001000,0.001000,0.001000,0.001000
1020.211538,-0.038654,0.001000,0.001000,0.001000,0.001000,0.001000
1020.230769,-0.039519,0.001000,0.001000,0.001000,0.001000,0.001000
1020.250000,-0.040353,0.001000,0.001000,0.001000,0.001000,0.001000
1020.269231,-0.041157,0.001000,0.001000,0.001000,0.001000,0.001000
1020.288462,-0.041929,0.001000,0.001000,0.001000,0.001000,0.001000
1020.307692,-0.042668,0.001000,0.001000,0.001000,0.001000,0.001000
1020.326923,-0.043375,0.001000,0.001000,0.001000,0.001000,0.001000
1020.346154,-0.044048,0.001000,0.001000,0.001000,0.001000,0.001000
1020.365385,-0.044687,0.001000,0.001000,0.001000,0.001000,0.001000
1020.384615,-0.045292,0.001000,0.001000,0.001000,0.001000,0.001000
1020.403846,-0.045862,0.001000,0.001000,0.001000,0.001000,0.001000
1020.423077,-0.046397,0.001000,0.001000,0.001000,0.001000,0.001000
1020.442308,-0.046896,0.001000,0.001000,0.001000,0.001000,0.001000
1020.461538,-0.047359,0.001000,0.001000,0.001000,0.001000,0.001000
1020.480769,-0.047786,0.001000,0.001000,0.001000,0.001000,0.001000
1020.500000,-0.048176,0.001000,0.001000,0.001000,0.001000,0.001000
1020.519231,-0.048528,0.001000,0.001000,0.001000,0.001000,0.001000
1020.538462,-0.048844,0.001000,0.001000,0.001000,0.001000,0.001000
1020.557692,-0.049121,0.001000,0.001000,0.001000,0.001000,0.001000
1020.576923,-0.049361,0.001000,0.001000,0.001000,0.001000,0.001000
1020.596154,-0.049563,0.001000,0.001000,0.001000,0.001000,0.001000
1020.615385,-0.049727,0.001000,0.001000,0.001000,0.001000,0.001000
1020.634615,-0.049853,0.001000,0.001000,0.001000,0.001000,0.001000
1020.653846,-0.049940,0.001000,0.001000,0.001000,0.001000,0.001000
1020.673077,-0.049989,0.001000,0.001000,0.001000,0.001000,0.001000
1020.692308,-0.049999,0.001000,0.001000,0.001000,0.001000,0.001000
1020.711538,-0.049971,0.001000,0.001000,0.001000,0.001000,0.001000
1020.730769,-0.049904,0.001000,0.001000,0.001000,0.001000,0.001000
1020.750000,-0.049799,0.001000,0.001000,0.001000,0.001000,0.001000
1020.769231,-0.049656,0.001000,0.001000,0.001000,0.001000,0.001000
1020.788462,-0.049474,0.001000,0.001000,0.001000,0.001000,0.001000
1020.807692,-0.049254,0.001000,0.001000,0.001000,0.001000,0.001000
1020.826923,-0.048997,0.001000,0.001000,0.001000,0.001000,0.001000
1020.846154,-0.048701,0.001000,0.001000,0.001000,0.001000,0.001000
1020.865385,-0.048369,0.001000,0.001000,0.001000,0.001000,0.001000
1020.884615,-0.047999,0.001000,0.001000,0.001000,0.001000,0.001000
1020.903846,-0.047592,0.001000,0.001000,0.001000,0.001000,0.001000
1020.923077,-0.047148,0.001000,0.001000,0.001000,0.001000,0.001000
1020.942308,-0.046668,0.001000,0.001000,0.001000,0.001000,0.001000
1020.961538,-0.046152,0.001000,0.001000,0.001000,0.001000,0.001000
1020.980769,-0.045601,0.001000,0.001000,0.001000,0.001000,0.001000
1021.000000,-0.045015,0.001000,0.001000,0.001000,0.001000,0.001000
1021.019231,-0.044394,0.001000,0.001000,0.001000,0.001000,0.001000
1021.038462,-0.043738,0.001000,0.001000,0.001000,0.001000,0.001000
1021.057692,-0.043049,0.001000,0.001000,0.001000,0.001000,0.001000
1021.076923,-0.042327,0.001000,0.001000,0.001000,0.001000,0.001000
1021.096154,-0.041573,0.001000,0.001000,0.001000,0.001000,0.001000
1021.115385,-0.040786,0.001000,0.001000,0.001000,0.001000,0.001000
1021.134615,-0.039968,0.001000,0.001000,0.001000,0.001000,0.001000
1021.153846,-0.039119,0.001000,0.001000,0.001000,0.001000,0.001000
1021.173077,-0.038241,0.001000,0.001000,0.001000,0.001000,0.001000
1021.192308,-0.037332,0.001000,0.001000,0.001000,0.001000,0.001000
1021.211538,-0.036395,0.001000,0.001000,0.001000,0.001000,0.001000
1021.230769,-0.035430,0.001000,0.001000,0.001000,0.001000,0.001000
1021.250000,-0.034438,0.001000,0.001000,0.001000,0.001000,0.001000
1021.269231,-0.033419,0.001000,0.001000,0.001000,0.001000,0.001000
1021.288462,-0.032375,0.001000,0.001000,0.001000,0.001000,0.001000
1021.307692,-0.031305,0.001000,0.001000,0.001000,0.001000,0.001000
1021.326923,-0.030212,0.001000,0.001000,0.001000,0.001000,0.001000
1021.346154,-0.029095,0.001000,0.001000,0.001000,0.001000,0.001000
1021.365385,-0.027956,0.001000,0.001000,0.001000,0.001000,0.001000
1021.384615,-0.026795,0.001000,0.001000,0.001000,0.001000,0.001000
1021.403846,-0.025614,0.001000,0.001000,0.001000,0.001000,0.001000
1021.423077,-0.024413,0.001000,0.001000,0.001000,0.001000,0.001000
1021.442308,-0.023193,0.001000,0.001000,0.001000,0.001000,0.001000
1021.461538,-0.021955,0.001000,0.001000,0.001000,0.001000,0.001000
1021.480769,-0.020701,0.001000,0.001000,0.001000,0.001000,0.001000
1021.500000,-0.019430,0.001000,0.001000,0.001000,0.001000,0.001000
1021.519231,-0.018145,0.001000,0.001000,0.001000,0.001000,0.001000
1021.538462,-0.016845,0.001000,0.001000,0.001000,0.001000,0.001000
1021.557692,-0.015533,0.001000,0.001000,0.001000,0.001000,0.001000
1021.576923,-0.014209,0.001000,0.001000,0.001000,0.001000,0.001000
1021.596154,-0.012873,0.001000,0.001000,0.001000,0.001000,0.001000
1021.615385,-0.011528,0.001000,0.001000,0.001000,0.001000,0.001000
1021.634615,-0.010174,0.001000,0.001000,0.001000,0.001000,0.001000
1021.653846,-0.008812,0.001000,0.001000,0.001000,0.001000,0.001000
1021.673077,-0.007444,0.001000,0.001000,0.001000,0.001000,0.001000
1021.692308,-0.006069,0.001000,0.001000,0.001000,0.001000,0.001000
1021.711538,-0.004690,0.001000,0.001000,0.001000,0.001000,0.001000
1021.730769,-0.003308,0.001000,0.001000,0.001000,0.001000,0.001000
1021.750000,-0.001922,0.001000,0.001000,0.001000,0.001000,0.001000
1021.769231,-0.000536,0.001000,0.001000,0.001000,0.001000,0.001000
1021.788462,0.000851,0.001000,0.001000,0.001000,0.001000,0.001000
1021.807692,0.002238,0.001000,0.001000,0.001000,0.001000,0.001000
1021.826923,0.003623,0.001000,0.001000,0.001000,0.001000,0.001000
1021.846154,0.005005,0.001000,0.001000,0.001000,0.001000,0.001000
1021.865385,0.006383,0.001000,0.001000,0.001000,0.001000,0.001000
1021.884615,0.007756,0.001000,0.001000,0.001000,0.001000,0.001000
1021.903846,0.009123,0.001000,0.001000,0.001000,0.001000,0.001000
1021.923077,0.010483,0.001000,0.001000,0.001000,0.001000,0.001000
1021.942308,0.011835,0.001000,0.001000,0.001000,0.001000,0.001000
1021.961538,0.013178,0.001000,0.001000,0.001000,0.001000,0.001000
1021.980769,0.014511,0.001000,0.001000,0.001000,0.001000,0.001000
1022.000000,0.015833,0.001000,0.001000,0.001000,0.001000,0.001000
1022.019231,0.017142,0.001000,0.001000,0.001000,0.001000,0.001000
1022.038462,0.018439,0.001000,0.001000,0.001000,0.001000,0.001000
1022.057692,0.019721,0.001000,0.001000,0.001000,0.001000,0.001000
1022.076923,0.020988,0.001000,0.001000,0.001000,0.001000,0.001000
1022.096154,0.022239,0.001000,0.001000,0.001000,0.001000,0.001000
1022.115385,0.023472,0.001000,0.001000,0.001000,0.001000,0.001000
1022.134615,0.024688,0.001000,0.001000,0.001000,0.001000,0.001000
1022.153846,0.025884,0.001000,0.001000,0.001000,0.001000,0.001000
1022.173077,0.027061,0.001000,0.001000,0.001000,0.001000,0.001000
1022.192308,0.028217,0.001000,0.001000,0.001000,0.001000,0.001000
1022.211538,0.029351,0.001000,0.001000,0.001000,0.001000,0.001000
1022.230769,0.030463,0.001000,0.001000,0.001000,0.001000,0.001000
1022.250000,0.031551,0.001000,0.001000,0.001000,0.001000,0.001000
1022.269231,0.032615,0.001000,0.001000,0.001000,0.001000,0.001000
1022.288462,0.033653,0.001000,0.001000,0.001000,0.001000,0.001000
1022.307692,0.034666,0.001000,0.001000,0.001000,0.001000,0.001000
1022.326923,0.035652,0.001000,0.001000,0.001000,0.001000,0.001000
1022.346154,0.036611,0.001000,0.001000,0.001000,0.001000,0.001000
1022.365385,0.037542,0.001000,0.001000,0.001000,0.001000,0.001000
1022.384615,0.038443,0.001000,0.001000,0.001000,0.001000,0.001000
1022.403846,0.039315,0.001000,0.001000,0.001000,0.001000,0.001000
1022.423077,0.040157,0.001000,0.001000,0.001000,0.001000,0.001000
1022.442308,0.040968,0.001000,0.001000,0.001000,0.001000,0.001000
1022.461538,0.041747,0.001000,0.001000,0.001000,0.001000,0.001000
1022.480769,0.042495,0.001000,0.001000,0.001000,0.001000,0.001000
1022.500000,0.043209,0.001000,0.001000,0.001000,0.001000,0.001000
1022.519231,0.043890,0.001000,0.001000,0.001000,0.001000,0.001000
1022.538462,0.044538,0.001000,0.001000,0.001000,0.001000,0.001000
1022.557692,0.045151,0.001000,0.001000,0.001000,0.001000,0.001000
1022.576923,0.045730,0.001000,0.001000,0.001000,0.001000,0.001000
1022.596154,0.046273,0.001000,0.001000,0.001000,0.001000,0.001000
1022.615385,0.046781,0.001000,0.001000,0.001000,0.001000,0.001000
1022.634615,0.047252,0.001000,0.001000,0.001000,0.001000,0.001000
1022.653846,0.047687,0.001000,0.001000,0.001000,0.001000,0.001000
1022.673077,0.048086,0.001000,0.001000,0.001000,0.001000,0.001000
1022.692308,0.048448,0.001000,0.001000,0.001000,0.001000,0.001000
1022.711538,0.048772,0.001000,0.001000,0.001000,0.001000,0.001000
1022.730769,0.049059,0.001000,0.001000,0.001000,0.001000,0.001000
1022.750000,0.049308,0.001000,0.001000,0.001000,0.001000,0.001000
1022.769231,0.049519,0.001000,0.001000,0.001000,0.001000,0.001000
1022.788462,0.049692,0.001000,0.001000,0.001000,0.001000,0.001000
1022.807692,0.049826,0.001000,0.001000,0.001000,0.001000,0.001000
1022.826923,0.049923,0.001000,0.001000,0.001000,0.001000,0.001000
1022.846154,0.049981,0.001000,0.001000,0.001000,0.001000,0.001000
1022.865385,0.050000,0.001000,0.001000,0.001000,0.001000,0.001000
1022.884615,0.049981,0.001000,0.001000,0.001000,0.001000,0.001000
1022.903846,0.049923,0.001000,0.001000,0.001000,0.001000,0.001000
1022.923077,0.049828,0.001000,0.001000,0.001000,0.001000,0.001000
1022.942308,0.049693,0.001000,0.001000,0.001000,0.001000,0.001000
1022.961538,0.049521,0.001000,0.001000,0.001000,0.001000,0.001000
1022.980769,0.049310,0.001000,0.001000,0.001000,0.001000,0.001000
1023.000000,0.049062,0.001000,0.001000,0.001000,0.001000,0.001000
1023.019231,0.048775,0.001000,0.001000,0.001000,0.001000,0.001000
1023.038462,0.048451,0.001000,0.001000,0.001000,0.001000,0.001000
1023.057692,0.048090,0.001000,0.001000,0.001000,0.001000,0.001000
1023.076923,0.047692,0.001000,0.001000,0.001000,0.001000,0.001000
1023.096154,0.047257,0.001000,0.001000,0.001000,0.001000,0.001000
1023.115385,0.046786,0.001000,0.001000,0.001000,0.001000,0.001000
1023.134615,0.046279,0.001000,0.001000,0.001000,0.001000,0.001000
1023.153846,0.045736,0.001000,0.001000,0.001000,0.001000,0.001000
1023.173077,0.045158,0.001000,0.001000,0.001000,0.001000,0.001000
1023.192308,0.044545,0.001000,0.001000,0.001000,0.001000,0.001000
1023.211538,0.043898,0.001000,0.001000,0.001000,0.001000,0.001000
1023.230769,0.043217,0.001000,0.001000,0.001000,0.001000,0.001000
1023.250000,0.042503,0.001000,0.001000,0.001000,0.001000,0.001000
1023.269231,0.041756,0.001000,0.001000,0.001000,0.001000,0.001000
1023.288462,0.040977,0.001000,0.001000,0.001000,0.001000,0.001000
1023.307692,0.040166,0.001000,0.001000,0.001000,0.001000,0.001000
1023.326923,0.039325,0.001000,0.001000,0.001000,0.001000,0.001000
1023.346154,0.038453,0.001000,0.001000,0.001000,0.001000,0.001000
1023.365385,0.037552,0.001000,0.001000,0.001000,0.001000,0.001000
1023.384615,0.036622,0.001000,0.001000,0.001000,0.001000,0.001000
1023.403846,0.035663,0.001000,0.001000,0.001000,0.001000,0.001000
1023.423077,0.034677,0.001000,0.001000,0.001000,0.001000,0.001000
1023.442308,0.033665,0.001000,0.001000,0.001000,0.001000,0.001000
1023.461538,0.032626,0.001000,0.001000,0.001000,0.001000,0.001000
1023.480769,0.031563,0.001000,0.001000,0.001000,0.001000,0.001000
1023.500000,0.030475,0.001000,0.001000,0.001000,0.001000,0.001000
1023.519231,0.029364,0.001000,0.001000,0.001000,0.001000,0.001000
1023.538462,0.028230,0.001000,0.001000,0.001000,0.001000,0.001000
1023.557692,0.027074,0.001000,0.001000,0.001000,0.001000,0.001000
1023.576923,0.025898,0.001000,0.001000,0.001000,0.001000,0.001000
1023.596154,0.024701,0.001000,0.001000,0.001000,0.001000,0.001000
1023.615385,0.023486,0.001000,0.001000,0.001000,0.001000,0.001000
1023.634615,0.022252,0.001000,0.001000,0.001000,0.001000,0.001000
1023.653846,0.021002,0.001000,0.001000,0.001000,0.001000,0.001000
1023.673077,0.019735,0.001000,0.001000,0.001000,0.001000,0.001000
1023.692308,0.018453,0.001000,0.001000,0.001000,0.001000,0.001000
1023.711538,0.017157,0.001000,0.001000,0.001000,0.001000,0.001000
1023.730769,0.015847,0.001000,0.001000,0.001000,0.001000,0.001000
1023.750000,0.014526,0.001000,0.001000,0.001000,0.001000,0.001000
1023.769231,0.013193,0.001000,0.001000,0.001000,0.001000,0.001000
1023.788462,0.011850,0.001000,0.001000,0.001000,0.001000,0.001000
1023.807692,0.010498,0.001000,0.001000,0.001000,0.001000,0.001000
1023.826923,0.009138,0.001000,0.001000,0.001000,0.001000,0.001000
1023.846154,0.007771,0.001000,0.001000,0.001000,0.001000,0.001000
1023.865385,0.006398,0.001000,0.001000,0.001000,0.001000,0.001000
1023.884615,0.005020,0.001000,0.001000,0.001000,0.001000,0.001000
1023.903846,0.003638,0.001000,0.001000,0.001000,0.001000,0.001000
1023.923077,0.002253,0.001000,0.001000,0.001000,0.001000,0.001000
1023.942308,0.000867,0.001000,0.001000,0.001000,0.001000,0.001000
1023.961538,-0.000520,0.001000,0.001000,0.001000,0.001000,0.001000
1023.980769,-0.001907,0.001000,0.001000,0.001000,0.001000,0.001000
1024.000000,-0.003292,0.001000,0.001000,0.001000,0.001000,0.001000
1024.019231,-0.004675,0.001000,0.001000,0.001000,0.001000,0.001000
1024.038462,-0.006054,0.001000,0.001000,0.001000,0.001000,0.001000
1024.057692,-0.007429,0.001000,0.001000,0.001000,0.001000,0.001000
1024.076923,-0.008797,0.001000,0.001000,0.001000,0.001000,0.001000
1024.096154,-0.010159,0.001000,0.001000,0.001000,0.001000,0.001000
1024.115385,-0.011513,0.001000,0.001000,0.001000,0.001000,0.001000
1024.134615,-0.012859,0.001000,0.001000,0.001000,0.001000,0.001000
1024.153846,-0.014194,0.001000,0.001000,0.001000,0.001000,0.001000
1024.173077,-0.015519,0.001000,0.001000,0.001000,0.001000,0.001000
1024.192308,-0.016831,0.001000,0.001000,0.001000,0.001000,0.001000
1024.211538,-0.018131,0.001000,0.001000,0.001000,0.001000,0.001000
1024.230769,-0.019416,0.001000,0.001000,0.001000,0.001000,0.001000
1024.250000,-0.020687,0.001000,0.001000,0.001000,0.001000,0.001000
1024.269231,-0.021942,0.001000,0.001000,0.001000,0.001000,0.001000
1024.288462,-0.023179,0.001000,0.001000,0.001000,0.001000,0.001000
1024.307692,-0.024399,0.001000,0.001000,0.001000,0.001000,0.001000
1024.326923,-0.025601,0.001000,0.001000,0.001000,0.001000,0.001000
1024.346154,-0.026782,0.001000,0.001000,0.001000,0.001000,0.001000
1024.365385,-0.027943,0.001000,0.001000,0.001000,0.001000,0.001000
1024.384615,-0.029083,0.001000,0.001000,0.001000,0.001000,0.001000
1024.403846,-0.030200,0.001000,0.001000,0.001000,0.001000,0.001000
1024.423077,-0.031293,0.001000,0.001000,0.001000,0.001000,0.001000
1024.442308,-0.032363,0.001000,0.001000,0.001000,0.001000,0.001000
1024.461538,-0.033408,0.001000,0.001000,0.001000,0.001000,0.001000
1024.480769,-0.034427,0.001000,0.001000,0.001000,0.001000,0.001000
1024.500000,-0.035420,0.001000,0.001000,0.001000,0.001000,0.001000
1024.519231,-0.036385,0.001000,0.001000,0.001000,0.001000,0.001000
1024.538462,-0.037322,0.001000,0.001000,0.001000,0.001000,0.001000
1024.557692,-0.038231,0.001000,0.001000,0.001000,0.001000,0.001000
1024.576923,-0.039110,0.001000,0.001000,0.001000,0.001000,0.001000
1024.596154,-0.039959,0.001000,0.001000,0.001000,0.001000,0.001000
1024.615385,-0.040777,0.001000,0.001000,0.001000,0.001000,0.001000
1024.634615,-0.041564,0.001000,0.001000,0.001000,0.001000,0.001000
1024.653846,-0.042319,0.001000,0.001000,0.001000,0.001000,0.001000
1024.673077,-0.043042,0.001000,0.001000,0.001000,0.001000,0.001000
1024.692308,-0.043731,0.001000,0.001000,0.001000,0.001000,0.001000
1024.711538,-0.044387,0.001000,0.001000,0.001000,0.001000,0.001000
1024.730769,-0.045008,0.001000,0.001000,0.001000,0.001000,0.001000
1024.750000,-0.045595,0.001000,0.001000,0.001000,0.001000,0.001000
1024.769231,-0.046146,0.001000,0.001000,0.001000,0.001000,0.001000
1024.788462,-0.046663,0.001000,0.001000,0.001000,0.001000,0.001000
1024.807692,-0.047143,0.001000,0.001000,0.001000,0.001000,0.001000
1024.826923,-0.047587,0.001000,0.001000,0.001000,0.001000,0.001000
1024.846154,-0.047994,0.001000,0.001000,0.001000,0.001000,0.001000
1024.865385,-0.048365,0.001000,0.001000,0.001000,0.001000,0.001000
1024.884615,-0.048698,0.001000,0.001000,0.001000,0.001000,0.001000
1024.903846,-0.048994,0.001000,0.001000,0.001000,0.001000,0.001000
1024.923077,-0.049252,0.001000,0.001000,0.001000,0.001000,0.001000
1024.942308,-0.049472,0.001000,0.001000,0.001000,0.001000,0.001000
1024.961538,-0.049654,0.001000,0.001000,0.001000,0.001000,0.001000
1024.980769,-0.049798,0.001000,0.001000,0.001000,0.001000,0.001000
1025.000000,-0.049903,0.001000,0.001000,0.001000,0.001000,0.001000
1025.019231,-0.049970,0.001000,0.001000,0.001000,0.001000,0.001000
1025.038462,-0.049999,0.001000,0.001000,0.001000,0.001000,0.001000
1025.057692,-0.049989,0.001000,0.001000,0.001000,0.001000,0.001000
1025.076923,-0.049941,0.001000,0.001000,0.001000,0.001000,0.001000
1025.096154,-0.049854,0.001000,0.001000,0.001000,0.001000,0.001000
1025.115385,-0.049729,0.001000,0.001000,0.001000,0.001000,0.001000
1025.134615,-0.049565,0.001000,0.001000,0.001000,0.001000,0.001000
1025.153846,-0.049364,0.001000,0.001000,0.001000,0.001000,0.001000
1025.173077,-0.049124,0.001000,0.001000,0.001000,0.001000,0.001000
1025.192308,-0.048847,0.001000,0.001000,0.001000,0.001000,0.001000
1025.211538,-0.048532,0.001000,0.001000,0.001000,0.001000,0.001000
1025.230769,-0.048180,0.001000,0.001000,0.001000,0.001000,0.001000
1025.250000,-0.047790,0.001000,0.001000,0.001000,0.001000,0.001000
1025.269231,-0.047364,0.001000,0.001000,0.001000,0.001000,0.001000
1025.288462,-0.046902,0.001000,0.001000,0.001000,0.001000,0.001000
1025.307692,-0.046403,0.001000,0.001000,0.001000,0.001000,0.001000
1025.326923,-0.045869,0.001000,0.001000,0.001000,0.001000,0.001000
1025.346154,-0.045299,0.001000,0.001000,0.001000,0.001000,0.001000
1025.365385,-0.044694,0.001000,0.001000,0.001000,0.001000,0.001000
1025.384615,-0.044055,0.001000,0.001000,0.001000,0.001000,0.001000
1025.403846,-0.043382,0.001000,0.001000,0.001000,0.001000,0.001000
1025.423077,-0.042676,0.001000,0.001000,0.001000,0.001000,0.001000
1025.442308,-0.041937,0.001000,0.001000,0.001000,0.001000,0.001000
1025.461538,-0.041166,0.001000,0.001000,0.001000,0.001000,0.001000
1025.480769,-0.040362,0.001000,0.001000,0.001000,0.001000,0.001000
1025.500000,-0.039528,0.001000,0.001000,0.001000,0.001000,0.001000
1025.519231,-0.038664,0.001000,0.001000,0.001000,0.001000,0.001000
1025.538462,-0.037769,0.001000,0.001000,0.001000,0.001000,0.001000
1025.557692,-0.036846,0.001000,0.001000,0.001000,0.001000,0.001000
1025.576923,-0.035894,0.001000,0.001000,0.001000,0.001000,0.001000
1025.596154,-0.034915,0.001000,0.001000,0.001000,0.001000,0.001000
1025.615385,-0.033909,0.001000,0.001000,0.001000,0.001000,0.001000
1025.634615,-0.032876,0.001000,0.001000,0.001000,0.001000,0.001000
1025.653846,-0.031819,0.001000,0.001000,0.001000,0.001000,0.001000
1025.673077,-0.030737,0.001000,0.001000,0.001000,0.001000,0.001000
1025.692308,-0.029631,0.001000,0.001000,0.001000,0.001000,0.001000
1025.711538,-0.028502,0.001000,0.001000,0.001000,0.001000,0.001000
1025.730769,-0.027352,0.001000,0.001000,0.001000,0.001000,0.001000
1025.750000,-0.026180,0.001000,0.001000,0.001000,0.001000,0.001000
1025.769231,-0.024988,0.001000,0.001000,0.001000,0.001000,0.001000
1025.788462,-0.023777,0.001000,0.001000,0.001000,0.001000,0.001000
1025.807692,-0.022548,0.001000,0.001000,0.001000,0.001000,0.001000
1025.826923,-0.021302,0.001000,0.001000,0.001000,0.001000,0.001000
1025.846154,-0.020039,0.001000,0.001000,0.001000,0.001000,0.001000
1025.865385,-0.018760,0.001000,0.001000,0.001000,0.001000,0.001000
1025.884615,-0.017467,0.001000,0.001000,0.001000,0.001000,0.001000
1025.903846,-0.016161,0.001000,0.001000,0.001000,0.001000,0.001000
1025.923077,-0.014842,0.001000,0.001000,0.001000,0.001000,0.001000
1025.942308,-0.013512,0.001000,0.001000,0.001000,0.001000,0.001000
1025.961538,-0.012171,0.001000,0.001000,0.001000,0.001000,0.001000
1025.980769,-0.010821,0.001000,0.001000,0.001000,0.001000,0.001000
1026.000000,-0.009463,0.001000,0.001000,0.001000,0.001000,0.001000
1026.019231,-0.008098,0.001000,0.001000,0.001000,0.001000,0.001000
1026.038462,-0.006726,0.001000,0.001000,0.001000,0.001000,0.001000
1026.057692,-0.005349,0.001000,0.001000,0.001000,0.001000,0.001000
1026.076923,-0.003968,0.001000,0.001000,0.001000,0.001000,0.001000
1026.096154,-0.002584,0.001000,0.001000,0.001000,0.001000,0.001000
1026.115385,-0.001198,0.001000,0.001000,0.001000,0.001000,0.001000
1026.134615,0.000189,0.001000,0.001000,0.001000,0.001000,0.001000
1026.153846,0.001576,0.001000,0.001000,0.001000,0.001000,0.001000
1026.173077,0.002962,0.001000,0.001000,0.001000,0.001000,0.001000
1026.192308,0.004345,0.001000,0.001000,0.001000,0.001000,0.001000
1026.211538,0.005725,0.001000,0.001000,0.001000,0.001000,0.001000
1026.230769,0.007101,0.001000,0.001000,0.001000,0.001000,0.001000
1026.250000,0.008471,0.001000,0.001000,0.001000,0.001000,0.001000
1026.269231,0.009835,0.001000,0.001000,0.001000,0.001000,0.001000
1026.288462,0.011191,0.001000,0.001000,0.001000,0.001000,0.001000
1026.307692,0.012539,0.001000,0.001000,0.001000,0.001000,0.001000
1026.326923,0.013876,0.001000,0.001000,0.001000,0.001000,0.001000
1026.346154,0.015204,0.001000,0.001000,0.001000,0.001000,0.001000
1026.365385,0.016519,0.001000,0.001000,0.001000,0.001000,0.001000
1026.384615,0.017822,0.001000,0.001000,0.001000,0.001000,0.001000
1026.403846,0.019111,0.001000,0.001000,0.001000,0.001000,0.001000
1026.423077,0.020385,0.001000,0.001000,0.001000,0.001000,0.001000
1026.442308,0.021644,0.001000,0.001000,0.001000,0.001000,0.001000
1026.461538,0.022886,0.001000,0.001000,0.001000,0.001000,0.001000
1026.480769,0.024110,0.001000,0.001000,0.001000,0.001000,0.001000
1026.500000,0.025316,0.001000,0.001000,0.001000,0.001000,0.001000
1026.519231,0.026502,0.001000,0.001000,0.001000,0.001000,0.001000
1026.538462,0.027668,0.001000,0.001000,0.001000,0.001000,0.001000
1026.557692,0.028813,0.001000,0.001000,0.001000,0.001000,0.001000
1026.576923,0.029935,0.001000,0.001000,0.001000,0.001000,0.001000
1026.596154,0.031035,0.001000,0.001000,0.001000,0.001000,0.001000
1026.615385,0.032110,0.001000,0.001000,0.001000,0.001000,0.001000
1026.634615,0.033161,0.001000,0.001000,0.001000,0.001000,0.001000
1026.653846,0.034186,0.001000,0.001000,0.001000,0.001000,0.001000
1026.673077,0.035185,0.001000,0.001000,0.001000,0.001000,0.001000
1026.692308,0.036157,0.001000,0.001000,0.001000,0.001000,0.001000
1026.711538,0.037101,0.001000,0.001000,0.001000,0.001000,0.001000
1026.730769,0.038017,0.001000,0.001000,0.001000,0.001000,0.001000
1026.750000,0.038903,0.001000,0.001000,0.001000,0.001000,0.001000
1026.769231,0.039759,0.001000,0.001000,0.001000,0.001000,0.001000
1026.788462,0.040585,0.001000,0.001000,0.001000,0.001000,0.001000
1026.807692,0.041379,0.001000,0.001000,0.001000,0.001000,0.001000
1026.826923,0.042142,0.001000,0.001000,0.001000,0.001000,0.001000
1026.846154,0.042872,0.001000,0.001000,0.001000,0.001000,0.001000
1026.865385,0.043569,0.001000,0.001000,0.001000,0.001000,0.001000
1026.884615,0.044233,0.001000,0.001000,0.001000,0.001000,0.001000
1026.903846,0.044863,0.001000,0.001000,0.001000,0.001000,0.001000
1026.923077,0.045458,0.001000,0.001000,0.001000,0.001000,0.001000
1026.942308,0.046018,0.001000,0.001000,0.001000,0.001000,0.001000
1026.961538,0.046543,0.001000,0.001000,0.001000,0.001000,0.001000
1026.980769,0.047032,0.001000,0.001000,0.001000,0.001000,0.001000
1027.000000,0.047484,0.001000,0.001000,0.001000,0.001000,0.001000
1027.019231,0.047900,0.001000,0.001000,0.001000,0.001000,0.001000
1027.038462,0.048280,0.001000,0.001000,0.001000,0.001000,0.001000
1027.057692,0.048622,0.001000,0.001000,0.001000,0.001000,0.001000
1027.076923,0.048926,0.001000,0.001000,0.001000,0.001000,0.001000
1027.096154,0.049194,0.001000,0.001000,0.001000,0.001000,0.001000
1027.115385,0.049423,0.001000,0.001000,0.001000,0.001000,0.001000
1027.134615,0.049614,0.001000,0.001000,0.001000,0.001000,0.001000
1027.153846,0.049767,0.001000,0.001000,0.001000,0.001000,0.001000
1027.173077,0.049881,0.001000,0.001000,0.001000,0.001000,0.001000
1027.192308,0.049958,0.001000,0.001000,0.001000,0.001000,0.001000
1027.211538,0.049996,0.001000,0.001000,0.001000,0.001000,0.001000
1027.230769,0.049995,0.001000,0.001000,0.001000,0.001000,0.001000
1027.250000,0.049956,0.001000,0.001000,0.001000,0.001000,0.001000
1027.269231,0.049878,0.001000,0.001000,0.001000,0.001000,0.001000
1027.288462,0.049762,0.001000,0.001000,0.001000,0.001000,0.001000
1027.307692,0.049608,0.001000,0.001000,0.001000,0.001000,0.001000
1027.326923,0.049415,0.001000,0.001000,0.001000,0.001000,0.001000
1027.346154,0.049185,0.001000,0.001000,0.001000,0.001000,0.001000
1027.365385,0.048917,0.001000,0.001000,0.001000,0.001000,0.001000
1027.384615,0.048611,0.001000,0.001000,0.001000,0.001000,0.001000
1027.403846,0.048267,0.001000,0.001000,0.001000,0.001000,0.001000
1027.423077,0.047887,0.001000,0.001000,0.001000,0.001000,0.001000
1027.442308,0.047469,0.001000,0.001000,0.001000,0.001000,0.001000
1027.461538,0.047015,0.001000,0.001000,0.001000,0.001000,0.001000
1027.480769,0.046525,0.001000,0.001000,0.001000,0.001000,0.001000
1027.500000,0.045999,0.001000,0.001000,0.001000,0.001000,0.001000
1027.519231,0.045438,0.001000,0.001000,0.001000,0.001000,0.001000
1027.538462,0.044842,0.001000,0.001000,0.001000,0.001000,0.001000
1027.557692,0.044211,0.001000,0.001000,0.001000,0.001000,0.001000
1027.576923,0.043546,0.001000,0.001000,0.001000,0.001000,0.001000
1027.596154,0.042848,0.001000,0.001000,0.001000,0.001000,0.001000
1027.615385,0.042116,0.001000,0.001000,0.001000,0.001000,0.001000
1027.634615,0.041353,0.001000,0.001000,0.001000,0.001000,0.001000
1027.653846,0.040557,0.001000,0.001000,0.001000,0.001000,0.001000
1027.673077,0.039730,0.001000,0.001000,0.001000,0.001000,0.001000
1027.692308,0.038873,0.001000,0.001000,0.001000,0.001000,0.001000
1027.711538,0.037986,0.001000,0.001000,0.001000,0.001000,0.001000
1027.730769,0.037069,0.001000,0.001000,0.001000,0.001000,0.001000
1027.750000,0.036124,0.001000,0.001000,0.001000,0.001000,0.001000
1027.769231,0.035151,0.001000,0.001000,0.001000,0.001000,0.001000
1027.788462,0.034151,0.001000,0.001000,0.001000,0.001000,0.001000
1027.807692,0.033125,0.001000,0.001000,0.001000,0.001000,0.001000
1027.826923,0.032073,0.001000,0.001000,0.001000,0.001000,0.001000
1027.846154,0.030997,0.001000,0.001000,0.001000,0.001000,0.001000
1027.865385,0.029897,0.001000,0.001000,0.001000,0.001000,0.001000
1027.884615,0.028774,0.001000,0.001000,0.001000,0.001000,0.001000
1027.903846,0.027628,0.001000,0.001000,0.001000,0.001000,0.001000
1027.923077,0.026462,0.001000,0.001000,0.001000,0.001000,0.001000
1027.942308,0.025275,0.001000,0.001000,0.001000,0.001000,0.001000
1027.961538,0.024068,0.001000,0.001000,0.001000,0.001000,0.001000
1027.980769,0.022843,0.001000,0.001000,0.001000,0.001000,0.001000
1028.000000,0.021601,0.001000,0.001000,0.001000,0.001000,0.001000
1028.019231,0.020341,0.001000,0.001000,0.001000,0.001000,0.001000
1028.038462,0.019067,0.001000,0.001000,0.001000,0.001000,0.001000
1028.057692,0.017777,0.001000,0.001000,0.001000,0.001000,0.001000
1028.076923,0.016474,0.001000,0.001000,0.001000,0.001000,0.001000
1028.096154,0.015158,0.001000,0.001000,0.001000,0.001000,0.001000
1028.115385,0.013830,0.001000,0.001000,0.001000,0.001000,0.001000
1028.134615,0.012492,0.001000,0.001000,0.001000,0.001000,0.001000
1028.153846,0.011144,0.001000,0.001000,0.001000,0.001000,0.001000
1028.173077,0.009788,0.001000,0.001000,0.001000,0.001000,0.001000
1028.192308,0.008424,0.001000,0.001000,0.001000,0.001000,0.001000
1028.211538,0.007054,0.001000,0.001000,0.001000,0.001000,0.001000
1028.230769,0.005678,0.001000,0.001000,0.001000,0.001000,0.001000
1028.250000,0.004298,0.001000,0.001000,0.001000,0.001000,0.001000
1028.269231,0.002914,0.001000,0.001000,0.001000,0.001000,0.001000
1028.288462,0.001528,0.001000,0.001000,0.001000,0.001000,0.001000
1028.307692,0.000142,0.001000,0.001000,0.001000,0.001000,0.001000
1028.326923,-0.001245,0.001000,0.001000,0.001000,0.001000,0.001000
1028.346154,-0.002632,0.001000,0.001000,0.001000,0.001000,0.001000
1028.365385,-0.004016,0.001000,0.001000,0.001000,0.001000,0.001000
1028.384615,-0.005397,0.001000,0.001000,0.001000,0.001000,0.001000
1028.403846,-0.006773,0.001000,0.001000,0.001000,0.001000,0.001000
1028.423077,-0.008145,0.001000,0.001000,0.001000,0.001000,0.001000
1028.442308,-0.009510,0.001000,0.001000,0.001000,0.001000,0.001000
1028.461538,-0.010868,0.001000,0.001000,0.001000,0.001000,0.001000
1028.480769,-0.012218,0.001000,0.001000,0.001000,0.001000,0.001000
1028.500000,-0.013558,0.001000,0.001000,0.001000,0.001000,0.001000
1028.519231,-0.014888,0.001000,0.001000,0.001000,0.001000,0.001000
1028.538462,-0.016206,0.001000,0.001000,0.001000,0.001000,0.001000
1028.557692,-0.017512,0.001000,0.001000,0.001000,0.001000,0.001000
1028.576923,-0.018804,0.001000,0.001000,0.001000,0.001000,0.001000
1028.596154,-0.020082,0.001000,0.001000,0.001000,0.001000,0.001000
1028.615385,-0.021345,0.001000,0.001000,0.001000,0.001000,0.001000
1028.634615,-0.022591,0.001000,0.001000,0.001000,0.001000,0.001000
1028.653846,-0.023820,0.001000,0.001000,0.001000,0.001000,0.001000
1028.673077,-0.025030,0.001000,0.001000,0.001000,0.001000,0.001000
1028.692308,-0.026221,0.001000,0.001000,0.001000,0.001000,0.001000
1028.711538,-0.027392,0.001000,0.001000,0.001000,0.001000,0.001000
1028.730769,-0.028542,0.001000,0.001000,0.001000,0.001000,0.001000
1028.750000,-0.029669,0.001000,0.001000,0.001000,0.001000,0.001000
1028.769231,-0.030774,0.001000,0.001000,0.001000,0.001000,0.001000
1028.788462,-0.031856,0.001000,0.001000,0.001000,0.001000,0.001000
1028.807692,-0.032912,0.001000,0.001000,0.001000,0.001000,0.001000
1028.826923,-0.033944,0.001000,0.001000,0.001000,0.001000,0.001000
1028.846154,-0.034949,0.001000,0.001000,0.001000,0.001000,0.001000
1028.865385,-0.035928,0.001000,0.001000,0.001000,0.001000,0.001000
1028.884615,-0.036878,0.001000,0.001000,0.001000,0.001000,0.001000
1028.903846,-0.037801,0.001000,0.001000,0.001000,0.001000,0.001000
1028.923077,-0.038694,0.001000,0.001000,0.001000,0.001000,0.001000
1028.942308,-0.039558,0.001000,0.001000,0.001000,0.001000,0.001000
1028.961538,-0.040391,0.001000,0.001000,0.001000,0.001000,0.001000
1028.980769,-0.041193,0.001000,0.001000,0.001000,0.001000,0.001000
1029.000000,-0.041963,0.001000,0.001000,0.001000,0.001000,0.001000
1029.019231,-0.042701,0.001000,0.001000,0.001000,0.001000,0.001000
1029.038462,-0.043406,0.001000,0.001000,0.001000,0.001000,0.001000
1029.057692,-0.044078,0.001000,0.001000,0.001000,0.001000,0.001000
1029.076923,-0.044716,0.001000,0.001000,0.001000,0.001000,0.001000
1029.096154,-0.045319,0.001000,0.001000,0.001000,0.001000,0.001000
1029.115385,-0.045888,0.001000,0.001000,0.001000,0.001000,0.001000
1029.134615,-0.046421,0.001000,0.001000,0.001000,0.001000,0.001000
1029.153846,-0.046918,0.001000,0.001000,0.001000,0.001000,0.001000
1029.173077,-0.047380,0.001000,0.001000,0.001000,0.001000,0.001000
1029.192308,-0.047804,0.001000,0.001000,0.001000,0.001000,0.001000
1029.211538,-0.048193,0.001000,0.001000,0.001000,0.001000,0.001000
1029.230769,-0.048544,0.001000,0.001000,0.001000,0.001000,0.001000
1029.250000,-0.048857,0.001000,0.001000,0.001000,0.001000,0.001000
1029.269231,-0.049133,0.001000,0.001000,0.001000,0.001000,0.001000
1029.288462,-0.049371,0.001000,0.001000,0.001000,0.001000,0.001000
1029.307692,-0.049572,0.001000,0.001000,0.001000,0.001000,0.001000
1029.326923,-0.049734,0.001000,0.001000,0.001000,0.001000,0.001000
1029.346154,-0.049858,0.001000,0.001000,0.001000,0.001000,0.001000
1029.365385,-0.049943,0.001000,0.001000,0.001000,0.001000,0.001000
1029.384615,-0.049990,0.001000,0.001000,0.001000,0.001000,0.001000
1029.403846,-0.049999,0.001000,0.001000,0.001000,0.001000,0.001000
1029.423077,-0.049969,0.001000,0.001000,0.001000,0.001000,0.001000
1029.442308,-0.049900,0.001000,0.001000,0.001000,0.001000,0.001000
1029.461538,-0.049793,0.001000,0.001000,0.001000,0.001000,0.001000
1029.480769,-0.049648,0.001000,0.001000,0.001000,0.001000,0.001000
1029.500000,-0.049465,0.001000,0.001000,0.001000,0.001000,0.001000
1029.519231,-0.049243,0.001000,0.001000,0.001000,0.001000,0.001000
1029.538462,-0.048984,0.001000,0.001000,0.001000,0.001000,0.001000
1029.557692,-0.048687,0.001000,0.001000,0.001000,0.001000,0.001000
1029.576923,-0.048353,0.001000,0.001000,0.001000,0.001000,0.001000
1029.596154,-0.047981,0.001000,0.001000,0.001000,0.001000,0.001000
1029.615385,-0.047572,0.001000,0.001000,0.001000,0.001000,0.001000
1029.634615,-0.047127,0.001000,0.001000,0.001000,0.001000,0.001000
1029.653846,-0.046645,0.001000,0.001000,0.001000,0.001000,0.001000
1029.673077,-0.046128,0.001000,0.001000,0.001000,0.001000,0.001000
1029.692308,-0.045575,0.001000,0.001000,0.001000,0.001000,0.001000
1029.711538,-0.044987,0.001000,0.001000,0.001000,0.001000,0.001000
1029.730769,-0.044364,0.001000,0.001000,0.001000,0.001000,0.001000
1029.750000,-0.043708,0.001000,0.001000,0.001000,0.001000,0.001000
1029.769231,-0.043017,0.001000,0.001000,0.001000,0.001000,0.001000
1029.788462,-0.042294,0.001000,0.001000,0.001000,0.001000,0.001000
1029.807692,-0.041538,0.001000,0.001000,0.001000,0.001000,0.001000
1029.826923,-0.040750,0.001000,0.001000,0.001000,0.001000,0.001000
1029.846154,-0.039930,0.001000,0.001000,0.001000,0.001000,0.001000
1029.865385,-0.039080,0.001000,0.001000,0.001000,0.001000,0.001000
1029.884615,-0.038200,0.001000,0.001000,0.001000,0.001000,0.001000
1029.903846,-0.037290,0.001000,0.001000,0.001000,0.001000,0.001000
1029.923077,-0.036352,0.001000,0.001000,0.001000,0.001000,0.001000
1029.942308,-0.035386,0.001000,0.001000,0.001000,0.001000,0.001000
1029.961538,-0.034392,0.001000,0.001000,0.001000,0.001000,0.001000
1029.980769,-0.033372,0.001000,0.001000,0.001000,0.001000,0.001000
1030.000000,0.000000,0.001000,0.001000,0.001000,0.001000,0.001000
1030.019231,0.001422,0.001000,0.001000,0.001000,0.001000,0.001000
1030.038462,0.002843,0.001000,0.001000,0.001000,0.001000,0.001000
1030.057692,0.004261,0.001000,0.001000,0.001000,0.001000,0.001000
1030.076923,0.005676,0.001000,0.001000,0.001000,0.001000,0.001000
1030.096154,0.007087,0.001000,0.001000,0.001000,0.001000,0.001000
1030.115385,0.008492,0.001000,0.001000,0.001000,0.001000,0.001000
1030.134615,0.009890,0.001000,0.001000,0.001000,0.001000,0.001000
1030.153846,0.011279,0.001000,0.001000,0.001000,0.001000,0.001000
1030.173077,0.012660,0.001000,0.001000,0.001000,0.001000,0.001000
1030.192308,0.014031,0.001000,0.001000,0.001000,0.001000,0.001000
1030.211538,0.015390,0.001000,0.001000,0.001000,0.001000,0.001000
1030.230769,0.016737,0.001000,0.001000,0.001000,0.001000,0.001000
1030.250000,0.018070,0.001000,0.001000,0.001000,0.001000,0.001000
1030.269231,0.019388,0.001000,0.001000,0.001000,0.001000,0.001000
1030.288462,0.020691,0.001000,0.001000,0.001000,0.001000,0.001000
1030.307692,0.021977,0.001000,0.001000,0.001000,0.001000,0.001000
1030.326923,0.023246,0.001000,0.001000,0.001000,0.001000,0.001000
1030.346154,0.024495,0.001000,0.001000,0.001000,0.001000,0.001000
1030.365385,0.025725,0.001000,0.001000,0.001000,0.001000,0.001000
1030.384615,0.026934,0.001000,0.001000,0.001000,0.001000,0.001000
1030.403846,0.028121,0.001000,0.001000,0.001000,0.001000,0.001000
1030.423077,0.029286,0.001000,0.001000,0.001000,0.001000,0.001000
1030.442308,0.030426,0.001000,0.001000,0.001000,0.001000,0.001000
1030.461538,0.031542,0.001000,0.001000,0.001000,0.001000,0.001000
1030.480769,0.032633,0.001000,0.001000,0.001000,0.001000,0.001000
1030.500000,0.033697,0.001000,0.001000,0.001000,0.001000,0.001000
1030.519231,0.034734,0.001000,0.001000,0.001000,0.001000,0.001000
1030.538462,0.035743,0.001000,0.001000,0.001000,0.001000,0.001000
1030.557692,0.036723,0.001000,0.001000,0.001000,0.001000,0.001000
1030.576923,0.037673,0.001000,0.001000,0.001000,0.001000,0.001000
1030.596154,0.038593,0.001000,0.001000,0.001000,0.001000,0.001000
1030.615385,0.039481,0.001000,0.001000,0.001000,0.001000,0.001000
1030.634615,0.040338,0.001000,0.001000,0.001000,0.001000,0.001000
1030.653846,0.041162,0.001000,0.001000,0.001000,0.001000,0.001000
1030.673077,0.041952,0.001000,0.001000,0.001000,0.001000,0.001000
1030.692308,0.042709,0.001000,0.001000,0.001000,0.001000,0.001000
1030.711538,0.043431,0.001000,0.001000,0.001000,0.001000,0.001000
1030.730769,0.044118,0.001000,0.001000,0.001000,0.001000,0.001000
1030.750000,0.044769,0.001000,0.001000,0.001000,0.001000,0.001000
1030.769231,0.045384,0.001000,0.001000,0.001000,0.001000,0.001000
1030.788462,0.045963,0.001000,0.001000,0.001000,0.001000,0.001000
1030.807692,0.046504,0.001000,0.001000,0.001000,0.001000,0.001000
1030.826923,0.047007,0.001000,0.001000,0.001000,0.001000,0.001000
1030.846154,0.047473,0.001000,0.001000,0.001000,0.001000,0.001000
1030.865385,0.047900,0.001000,0.001000,0.001000,0.001000,0.001000
1030.884615,0.048289,0.001000,0.001000,0.001000,0.001000,0.001000
1030.903846,0.048638,0.001000,0.001000,0.001000,0.001000,0.001000
1030.923077,0.048948,0.001000,0.001000,0.001000,0.001000,0.001000
1030.942308,0.049218,0.001000,0.001000,0.001000,0.001000,0.001000
1030.961538,0.049449,0.001000,0.001000,0.001000,0.001000,0.001000
1030.980769,0.049639,0.001000,0.001000,0.001000,0.001000,0.001000
1031.000000,0.049790,0.001000,0.001000,0.001000,0.001000,0.001000
1031.019231,0.049900,0.001000,0.001000,0.001000,0.001000,0.001000
1031.038462,0.049970,0.001000,0.001000,0.001000,0.001000,0.001000
1031.057692,0.049999,0.001000,0.001000,0.001000,0.001000,0.001000
1031.076923,0.049988,0.001000,0.001000,0.001000,0.001000,0.001000
1031.096154,0.049936,0.001000,0.001000,0.001000,0.001000,0.001000
1031.115385,0.049844,0.001000,0.001000,0.001000,0.001000,0.001000
1031.134615,0.049712,0.001000,0.001000,0.001000,0.001000,0.001000
1031.153846,0.049540,0.001000,0.001000,0.001000,0.001000,0.001000
1031.173077,0.049327,0.001000,0.001000,0.001000,0.001000,0.001000
1031.192308,0.049075,0.001000,0.001000,0.001000,0.001000,0.001000
1031.211538,0.048782,0.001000,0.001000,0.001000,0.001000,0.001000
1031.230769,0.048451,0.001000,0.001000,0.001000,0.001000,0.001000
1031.250000,0.048080,0.001000,0.001000,0.001000,0.001000,0.001000
1031.269231,0.047670,0.001000,0.001000,0.001000,0.001000,0.001000
1031.288462,0.047222,0.001000,0.001000,0.001000,0.001000,0.001000
1031.307692,0.046735,0.001000,0.001000,0.001000,0.001000,0.001000
1031.326923,0.046211,0.001000,0.001000,0.001000,0.001000,0.001000
1031.346154,0.045649,0.001000,0.001000,0.001000,0.001000,0.001000
1031.365385,0.045051,0.001000,0.001000,0.001000,0.001000,0.001000
1031.384615,0.044416,0.001000,0.001000,0.001000,0.001000,0.001000
1031.403846,0.043745,0.001000,0.001000,0.001000,0.001000,0.001000
1031.423077,0.043038,0.001000,0.001000,0.001000,0.001000,0.001000
1031.442308,0.042297,0.001000,0.001000,0.001000,0.001000,0.001000
1031.461538,0.041522,0.001000,0.001000,0.001000,0.001000,0.001000
1031.480769,0.040713,0.001000,0.001000,0.001000,0.001000,0.001000
1031.500000,0.039871,0.001000,0.001000,0.001000,0.001000,0.001000
1031.519231,0.038997,0.001000,0.001000,0.001000,0.001000,0.001000
1031.538462,0.038091,0.001000,0.001000,0.001000,0.001000,0.001000
1031.557692,0.037154,0.001000,0.001000,0.001000,0.001000,0.001000
1031.576923,0.036188,0.001000,0.001000,0.001000,0.001000,0.001000
1031.596154,0.035192,0.001000,0.001000,0.001000,0.001000,0.001000
1031.615385,0.034168,0.001000,0.001000,0.001000,0.001000,0.001000
1031.634615,0.033116,0.001000,0.001000,0.001000,0.001000,0.001000
1031.653846,0.032037,0.001000,0.001000,0.001000,0.001000,0.001000
1031.673077,0.030932,0.001000,0.001000,0.001000,0.001000,0.001000
1031.692308,0.029802,0.001000,0.001000,0.001000,0.001000,0.001000
1031.711538,0.028648,0.001000,0.001000,0.001000,0.001000,0.001000
1031.730769,0.027471,0.001000,0.001000,0.001000,0.001000,0.001000
1031.750000,0.026272,0.001000,0.001000,0.001000,0.001000,0.001000
1031.769231,0.025052,0.001000,0.001000,0.001000,0.001000,0.001000
1031.788462,0.023811,0.001000,0.001000,0.001000,0.001000,0.001000
1031.807692,0.022551,0.001000,0.001000,0.001000,0.001000,0.001000
1031.826923,0.021273,0.001000,0.001000,0.001000,0.001000,0.001000
1031.846154,0.019977,0.001000,0.001000,0.001000,0.001000,0.001000
1031.865385,0.018666,0.001000,0.001000,0.001000,0.001000,0.001000
1031.884615,0.017339,0.001000,0.001000,0.001000,0.001000,0.001000
1031.903846,0.015998,0.001000,0.001000,0.001000,0.001000,0.001000
1031.923077,0.014644,0.001000,0.001000,0.001000,0.001000,0.001000
1031.942308,0.013279,0.001000,0.001000,0.001000,0.001000,0.001000
1031.961538,0.011903,0.001000,0.001000,0.001000,0.001000,0.001000
1031.980769,0.010517,0.001000,0.001000,0.001000,0.001000,0.001000
1032.000000,0.009122,0.001000,0.001000,0.001000,0.001000,0.001000
1032.019231,0.007720,0.001000,0.001000,0.001000,0.001000,0.001000
1032.038462,0.006312,0.001000,0.001000,0.001000,0.001000,0.001000
1032.057692,0.004899,0.001000,0.001000,0.001000,0.001000,0.001000
1032.076923,0.003482,0.001000,0.001000,0.001000,0.001000,0.001000
1032.096154,0.002062,0.001000,0.001000,0.001000,0.001000,0.001000
1032.115385,0.000641,0.001000,0.001000,0.001000,0.001000,0.001000
1032.134615,-0.000782,0.001000,0.001000,0.001000,0.001000,0.001000
1032.153846,-0.002203,0.001000,0.001000,0.001000,0.001000,0.001000
1032.173077,-0.003623,0.001000,0.001000,0.001000,0.001000,0.001000
1032.192308,-0.005039,0.001000,0.001000,0.001000,0.001000,0.001000
1032.211538,-0.006452,0.001000,0.001000,0.001000,0.001000,0.001000
1032.230769,-0.007860,0.001000,0.001000,0.001000,0.001000,0.001000
1032.250000,-0.009261,0.001000,0.001000,0.001000,0.001000,0.001000
1032.269231,-0.010654,0.001000,0.001000,0.001000,0.001000,0.001000
1032.288462,-0.012039,0.001000,0.001000,0.001000,0.001000,0.001000
1032.307692,-0.013415,0.001000,0.001000,0.001000,0.001000,0.001000
1032.326923,-0.014779,0.001000,0.001000,0.001000,0.001000,0.001000
1032.346154,-0.016132,0.001000,0.001000,0.001000,0.001000,0.001000
1032.365385,-0.017471,0.001000,0.001000,0.001000,0.001000,0.001000
1032.384615,-0.018796,0.001000,0.001000,0.001000,0.001000,0.001000
1032.403846,-0.020106,0.001000,0.001000,0.001000,0.001000,0.001000
1032.423077,-0.021400,0.001000,0.001000,0.001000,0.001000,0.001000
1032.442308,-0.022677,0.001000,0.001000,0.001000,0.001000,0.001000
1032.461538,-0.023935,0.001000,0.001000,0.001000,0.001000,0.001000
1032.480769,-0.025174,0.001000,0.001000,0.001000,0.001000,0.001000
1032.500000,-0.026392,0.001000,0.001000,0.001000,0.001000,0.001000
1032.519231,-0.027589,0.001000,0.001000,0.001000,0.001000,0.001000
1032.538462,-0.028764,0.001000,0.001000,0.001000,0.001000,0.001000
1032.557692,-0.029915,0.001000,0.001000,0.001000,0.001000,0.001000
1032.576923,-0.031043,0.001000,0.001000,0.001000,0.001000,0.001000
1032.596154,-0.032145,0.001000,0.001000,0.001000,0.001000,0.001000
1032.615385,-0.033221,0.001000,0.001000,0.001000,0.001000,0.001000
1032.634615,-0.034270,0.001000,0.001000,0.001000,0.001000,0.001000
1032.653846,-0.035292,0.001000,0.001000,0.001000,0.001000,0.001000
1032.673077,-0.036285,0.001000,0.001000,0.001000,0.001000,0.001000
1032.692308,-0.037249,0.001000,0.001000,0.001000,0.001000,0.001000
1032.711538,-0.038182,0.001000,0.001000,0.001000,0.001000,0.001000
1032.730769,-0.039085,0.001000,0.001000,0.001000,0.001000,0.001000
1032.750000,-0.039956,0.001000,0.001000,0.001000,0.001000,0.001000
1032.769231,-0.040794,0.001000,0.001000,0.001000,0.001000,0.001000
1032.788462,-0.041600,0.001000,0.001000,0.001000,0.001000,0.001000
1032.807692,-0.042372,0.001000,0.001000,0.001000,0.001000,0.001000
1032.826923,-0.043110,0.001000,0.001000,0.001000,0.001000,0.001000
1032.846154,-0.043813,0.001000,0.001000,0.001000,0.001000,0.001000
1032.865385,-0.044480,0.001000,0.001000,0.001000,0.001000,0.001000
1032.884615,-0.045112,0.001000,0.001000,0.001000,0.001000,0.001000
1032.903846,-0.045707,0.001000,0.001000,0.001000,0.001000,0.001000
1032.923077,-0.046265,0.001000,0.001000,0.001000,0.001000,0.001000
1032.942308,-0.046785,0.001000,0.001000,0.001000,0.001000,0.001000
1032.961538,-0.047268,0.001000,0.001000,0.001000,0.001000,0.001000
1032.980769,-0.047713,0.001000,0.001000,0.001000,0.001000,0.001000
1033.000000,-0.048118,0.001000,0.001000,0.001000,0.001000,0.001000
1033.019231,-0.048485,0.001000,0.001000,0.001000,0.001000,0.001000
1033.038462,-0.048813,0.001000,0.001000,0.001000,0.001000,0.001000
1033.057692,-0.049101,0.001000,0.001000,0.001000,0.001000,0.001000
1033.076923,-0.049350,0.001000,0.001000,0.001000,0.001000,0.001000
1033.096154,-0.049558,0.001000,0.001000,0.001000,0.001000,0.001000
1033.115385,-0.049727,0.001000,0.001000,0.001000,0.001000,0.001000
1033.134615,-0.049855,0.001000,0.001000,0.001000,0.001000,0.001000
1033.153846,-0.049943,0.001000,0.001000,0.001000,0.001000,0.001000
1033.173077,-0.049991,0.001000,0.001000,0.001000,0.001000,0.001000
1033.192308,-0.049998,0.001000,0.001000,0.001000,0.001000,0.001000
1033.211538,-0.049965,0.001000,0.001000,0.001000,0.001000,0.001000
1033.230769,-0.049891,0.001000,0.001000,0.001000,0.001000,0.001000
1033.250000,-0.049777,0.001000,0.001000,0.001000,0.001000,0.001000
1033.269231,-0.049622,0.001000,0.001000,0.001000,0.001000,0.001000
1033.288462,-0.049428,0.001000,0.001000,0.001000,0.001000,0.001000
1033.307692,-0.049193,0.001000,0.001000,0.001000,0.001000,0.001000
1033.326923,-0.048919,0.001000,0.001000,0.001000,0.001000,0.001000
1033.346154,-0.048605,0.001000,0.001000,0.001000,0.001000,0.001000
1033.365385,-0.048252,0.001000,0.001000,0.001000,0.001000,0.001000
1033.384615,-0.047860,0.001000,0.001000,0.001000,0.001000,0.001000
1033.403846,-0.047429,0.001000,0.001000,0.001000,0.001000,0.001000
1033.423077,-0.046959,0.001000,0.001000,0.001000,0.001000,0.001000
1033.442308,-0.046452,0.001000,0.001000,0.001000,0.001000,0.001000
1033.461538,-0.045907,0.001000,0.001000,0.001000,0.001000,0.001000
1033.480769,-0.045325,0.001000,0.001000,0.001000,0.001000,0.001000
1033.500000,-0.044706,0.001000,0.001000,0.001000,0.001000,0.001000
1033.519231,-0.044051,0.001000,0.001000,0.001000,0.001000,0.001000
1033.538462,-0.043361,0.001000,0.001000,0.001000,0.001000,0.001000
1033.557692,-0.042635,0.001000,0.001000,0.001000,0.001000,0.001000
1033.576923,-0.041875,0.001000,0.001000,0.001000,0.001000,0.001000
1033.596154,-0.041081,0.001000,0.001000,0.001000,0.001000,0.001000
1033.615385,-0.040254,0.001000,0.001000,0.001000,0.001000,0.001000
1033.634615,-0.039394,0.001000,0.001000,0.001000,0.001000,0.001000
1033.653846,-0.038503,0.001000,0.001000,0.001000,0.001000,0.001000
1033.673077,-0.037580,0.001000,0.001000,0.001000,0.001000,0.001000
1033.692308,-0.036627,0.001000,0.001000,0.001000,0.001000,0.001000
1033.711538,-0.035644,0.001000,0.001000,0.001000,0.001000,0.001000
1033.730769,-0.034632,0.001000,0.001000,0.001000,0.001000,0.001000
1033.750000,-0.033593,0.001000,0.001000,0.001000,0.001000,0.001000
1033.769231,-0.032526,0.001000,0.001000,0.001000,0.001000,0.001000
1033.788462,-0.031433,0.001000,0.001000,0.001000,0.001000,0.001000
1033.807692,-0.030314,0.001000,0.001000,0.001000,0.001000,0.001000
1033.826923,-0.029171,0.001000,0.001000,0.001000,0.001000,0.001000
1033.846154,-0.028004,0.001000,0.001000,0.001000,0.001000,0.001000
1033.865385,-0.026815,0.001000,0.001000,0.001000,0.001000,0.001000
1033.884615,-0.025604,0.001000,0.001000,0.001000,0.001000,0.001000
1033.903846,-0.024372,0.001000,0.001000,0.001000,0.001000,0.001000
1033.923077,-0.023121,0.001000,0.001000,0.001000,0.001000,0.001000
1033.942308,-0.021851,0.001000,0.001000,0.001000,0.001000,0.001000
1033.961538,-0.020563,0.001000,0.001000,0.001000,0.001000,0.001000
1033.980769,-0.019258,0.001000,0.001000,0.001000,0.001000,0.001000
1034.000000,-0.017938,0.001000,0.001000,0.001000,0.001000,0.001000
1034.019231,-0.016604,0.001000,0.001000,0.001000,0.001000,0.001000
1034.038462,-0.015256,0.001000,0.001000,0.001000,0.001000,0.001000
1034.057692,-0.013895,0.001000,0.001000,0.001000,0.001000,0.001000
1034.076923,-0.012524,0.001000,0.001000,0.001000,0.001000,0.001000
1034.096154,-0.011142,0.001000,0.001000,0.001000,0.001000,0.001000
1034.115385,-0.009751,0.001000,0.001000,0.001000,0.001000,0.001000
1034.134615,-0.008353,0.001000,0.001000,0.001000,0.001000,0.001000
1034.153846,-0.006947,0.001000,0.001000,0.001000,0.001000,0.001000
1034.173077,-0.005536,0.001000,0.001000,0.001000,0.001000,0.001000
1034.192308,-0.004121,0.001000,0.001000,0.001000,0.001000,0.001000
1034.211538,-0.002702,0.001000,0.001000,0.001000,0.001000,0.001000
1034.230769,-0.001281,0.001000,0.001000,0.001000,0.001000,0.001000
1034.250000,0.000141,0.001000,0.001000,0.001000,0.001000,0.001000
1034.269231,0.001563,0.001000,0.001000,0.001000,0.001000,0.001000
1034.288462,0.002983,0.001000,0.001000,0.001000,0.001000,0.001000
1034.307692,0.004402,0.001000,0.001000,0.001000,0.001000,0.001000
1034.326923,0.005816,0.001000,0.001000,0.001000,0.001000,0.001000
1034.346154,0.007226,0.001000,0.001000,0.001000,0.001000,0.001000
1034.365385,0.008631,0.001000,0.001000,0.001000,0.001000,0.001000
1034.384615,0.010028,0.001000,0.001000,0.001000,0.001000,0.001000
1034.403846,0.011417,0.001000,0.001000,0.001000,0.001000,0.001000
1034.423077,0.012796,0.001000,0.001000,0.001000,0.001000,0.001000
1034.442308,0.014166,0.001000,0.001000,0.001000,0.001000,0.001000
1034.461538,0.015524,0.001000,0.001000,0.001000,0.001000,0.001000
1034.480769,0.016869,0.001000,0.001000,0.001000,0.001000,0.001000
1034.500000,0.018201,0.001000,0.001000,0.001000,0.001000,0.001000
1034.519231,0.019518,0.001000,0.001000,0.001000,0.001000,0.001000
1034.538462,0.020819,0.001000,0.001000,0.001000,0.001000,0.001000
1034.557692,0.022104,0.001000,0.001000,0.001000,0.001000,0.001000
1034.576923,0.023370,0.001000,0.001000,0.001000,0.001000,0.001000
1034.596154,0.024618,0.001000,0.001000,0.001000,0.001000,0.001000
1034.615385,0.025846,0.001000,0.001000,0.001000,0.001000,0.001000
1034.634615,0.027053,0.001000,0.001000,0.001000,0.001000,0.001000
1034.653846,0.028238,0.001000,0.001000,0.001000,0.001000,0.001000
1034.673077,0.029400,0.001000,0.001000,0.001000,0.001000,0.001000
1034.692308,0.030538,0.001000,0.001000,0.001000,0.001000,0.001000
1034.711538,0.031652,0.001000,0.001000,0.001000,0.001000,0.001000
1034.730769,0.032740,0.001000,0.001000,0.001000,0.001000,0.001000
1034.750000,0.033801,0.001000,0.001000,0.001000,0.001000,0.001000
1034.769231,0.034835,0.001000,0.001000,0.001000,0.001000,0.001000
1034.788462,0.035841,0.001000,0.001000,0.001000,0.001000,0.001000
1034.807692,0.036818,0.001000,0.001000,0.001000,0.001000,0.001000
1034.826923,0.037765,0.001000,0.001000,0.001000,0.001000,0.001000
1034.846154,0.038682,0.001000,0.001000,0.001000,0.001000,0.001000
1034.865385,0.039567,0.001000,0.001000,0.001000,0.001000,0.001000
1034.884615,0.040421,0.001000,0.001000,0.001000,0.001000,0.001000
1034.903846,0.041241,0.001000,0.001000,0.001000,0.001000,0.001000
1034.923077,0.042029,0.001000,0.001000,0.001000,0.001000,0.001000
1034.942308,0.042782,0.001000,0.001000,0.001000,0.001000,0.001000
1034.961538,0.043501,0.001000,0.001000,0.001000,0.001000,0.001000
1034.980769,0.044184,0.001000,0.001000,0.001000,0.001000,0.001000
1035.000000,0.044832,0.001000,0.001000,0.001000,0.001000,0.001000
1035.019231,0.045443,0.001000,0.001000,0.001000,0.001000,0.001000
1035.038462,0.046018,0.001000,0.001000,0.001000,0.001000,0.001000
1035.057692,0.046555,0.001000,0.001000,0.001000,0.001000,0.001000
1035.076923,0.047055,0.001000,0.001000,0.001000,0.001000,0.001000
1035.096154,0.047517,0.001000,0.001000,0.001000,0.001000,0.001000
1035.115385,0.047940,0.001000,0.001000,0.001000,0.001000,0.001000
1035.134615,0.048325,0.001000,0.001000,0.001000,0.001000,0.001000
1035.153846,0.048670,0.001000,0.001000,0.001000,0.001000,0.001000
1035.173077,0.048976,0.001000,0.001000,0.001000,0.001000,0.001000
1035.192308,0.049243,0.001000,0.001000,0.001000,0.001000,0.001000
1035.211538,0.049469,0.001000,0.001000,0.001000,0.001000,0.001000
1035.230769,0.049656,0.001000,0.001000,0.001000,0.001000,0.001000
1035.250000,0.049802,0.001000,0.001000,0.001000,0.001000,0.001000
1035.269231,0.049909,0.001000,0.001000,0.001000,0.001000,0.001000
1035.288462,0.049974,0.001000,0.001000,0.001000,0.001000,0.001000
1035.307692,0.050000,0.001000,0.001000,0.001000,0.001000,0.001000
1035.326923,0.049985,0.001000,0.001000,0.001000,0.001000,0.001000
1035.346154,0.049929,0.001000,0.001000,0.001000,0.001000,0.001000
1035.365385,0.049833,0.001000,0.001000,0.001000,0.001000,0.001000
1035.384615,0.049697,0.001000,0.001000,0.001000,0.001000,0.001000
1035.403846,0.049520,0.001000,0.001000,0.001000,0.001000,0.001000
1035.423077,0.049304,0.001000,0.001000,0.001000,0.001000,0.001000
1035.442308,0.049047,0.001000,0.001000,0.001000,0.001000,0.001000
1035.461538,0.048751,0.001000,0.001000,0.001000,0.001000,0.001000
1035.480769,0.048416,0.001000,0.001000,0.001000,0.001000,0.001000
1035.500000,0.048041,0.001000,0.001000,0.001000,0.001000,0.001000
1035.519231,0.047627,0.001000,0.001000,0.001000,0.001000,0.001000
1035.538462,0.047175,0.001000,0.001000,0.001000,0.001000,0.001000
1035.557692,0.046685,0.001000,0.001000,0.001000,0.001000,0.001000
1035.576923,0.046157,0.001000,0.001000,0.001000,0.001000,0.001000
1035.596154,0.045592,0.001000,0.001000,0.001000,0.001000,0.001000
1035.615385,0.044990,0.001000,0.001000,0.001000,0.001000,0.001000
1035.634615,0.044351,0.001000,0.001000,0.001000,0.001000,0.001000
1035.653846,0.043676,0.001000,0.001000,0.001000,0.001000,0.001000
1035.673077,0.042967,0.001000,0.001000,0.001000,0.001000,0.001000
1035.692308,0.042222,0.001000,0.001000,0.001000,0.001000,0.001000
1035.711538,0.041443,0.001000,0.001000,0.001000,0.001000,0.001000
1035.730769,0.040631,0.001000,0.001000,0.001000,0.001000,0.001000
1035.750000,0.039786,0.001000,0.001000,0.001000,0.001000,0.001000
1035.769231,0.038908,0.001000,0.001000,0.001000,0.001000,0.001000
1035.788462,0.038000,0.001000,0.001000,0.001000,0.001000,0.001000
1035.807692,0.037060,0.001000,0.001000,0.001000,0.001000,0.001000
1035.826923,0.036090,0.001000,0.001000,0.001000,0.001000,0.001000
1035.846154,0.035092,0.001000,0.001000,0.001000,0.001000,0.001000
1035.865385,0.034065,0.001000,0.001000,0.001000,0.001000,0.001000
1035.884615,0.033010,0.001000,0.001000,0.001000,0.001000,0.001000
1035.903846,0.031928,0.001000,0.001000,0.001000,0.001000,0.001000
1035.923077,0.030821,0.001000,0.001000,0.001000,0.001000,0.001000
1035.942308,0.029689,0.001000,0.001000,0.001000,0.001000,0.001000
1035.961538,0.028533,0.001000,0.001000,0.001000,0.001000,0.001000
1035.980769,0.027354,0.001000,0.001000,0.001000,0.001000,0.001000
1036.000000,0.026152,0.001000,0.001000,0.001000,0.001000,0.001000
1036.019231,0.024930,0.001000,0.001000,0.001000,0.001000,0.001000
1036.038462,0.023687,0.001000,0.001000,0.001000,0.001000,0.001000
1036.057692,0.022425,0.001000,0.001000,0.001000,0.001000,0.001000
1036.076923,0.021145,0.001000,0.001000,0.001000,0.001000,0.001000
1036.096154,0.019848,0.001000,0.001000,0.001000,0.001000,0.001000
1036.115385,0.018535,0.001000,0.001000,0.001000,0.001000,0.001000
1036.134615,0.017207,0.001000,0.001000,0.001000,0.001000,0.001000
1036.153846,0.015865,0.001000,0.001000,0.001000,0.001000,0.001000
1036.173077,0.014510,0.001000,0.001000,0.001000,0.001000,0.001000
1036.192308,0.013143,0.001000,0.001000,0.001000,0.001000,0.001000
1036.211538,0.011766,0.001000,0.001000,0.001000,0.001000,0.001000
1036.230769,0.010379,0.001000,0.001000,0.001000,0.001000,0.001000
1036.250000,0.008984,0.001000,0.001000,0.001000,0.001000,0.001000
1036.269231,0.007581,0.001000,0.001000,0.001000,0.001000,0.001000
1036.288462,0.006173,0.001000,0.001000,0.001000,0.001000,0.001000
1036.307692,0.004759,0.001000,0.001000,0.001000,0.001000,0.001000
1036.326923,0.003342,0.001000,0.001000,0.001000,0.001000,0.001000
1036.346154,0.001921,0.001000,0.001000,0.001000,0.001000,0.001000
1036.365385,0.000500,0.001000,0.001000,0.001000,0.001000,0.001000
1036.384615,-0.000922,0.001000,0.001000,0.001000,0.001000,0.001000
1036.403846,-0.002344,0.001000,0.001000,0.001000,0.001000,0.001000
1036.423077,-0.003763,0.001000,0.001000,0.001000,0.001000,0.001000
1036.442308,-0.005180,0.001000,0.001000,0.001000,0.001000,0.001000
1036.461538,-0.006592,0.001000,0.001000,0.001000,0.001000,0.001000
1036.480769,-0.007999,0.001000,0.001000,0.001000,0.001000,0.001000
1036.500000,-0.009399,0.001000,0.001000,0.001000,0.001000,0.001000
1036.519231,-0.010792,0.001000,0.001000,0.001000,0.001000,0.001000
1036.538462,-0.012176,0.001000,0.001000,0.001000,0.001000,0.001000
1036.557692,-0.013550,0.001000,0.001000,0.001000,0.001000,0.001000
1036.576923,-0.014914,0.001000,0.001000,0.001000,0.001000,0.001000
1036.596154,-0.016265,0.001000,0.001000,0.001000,0.001000,0.001000
1036.615385,-0.017603,0.001000,0.001000,0.001000,0.001000,0.001000
1036.634615,-0.018927,0.001000,0.001000,0.001000,0.001000,0.001000
1036.653846,-0.020235,0.001000,0.001000,0.001000,0.001000,0.001000
1036.673077,-0.021527,0.001000,0.001000,0.001000,0.001000,0.001000
1036.692308,-0.022802,0.001000,0.001000,0.001000,0.001000,0.001000
1036.711538,-0.024058,0.001000,0.001000,0.001000,0.001000,0.001000
1036.730769,-0.025295,0.001000,0.001000,0.001000,0.001000,0.001000
1036.750000,-0.026512,0.001000,0.001000,0.001000,0.001000,0.001000
1036.769231,-0.027707,0.001000,0.001000,0.001000,0.001000,0.001000
1036.788462,-0.028879,0.001000,0.001000,0.001000,0.001000,0.001000
1036.807692,-0.030028,0.001000,0.001000,0.001000,0.001000,0.001000
1036.826923,-0.031153,0.001000,0.001000,0.001000,0.001000,0.001000
1036.846154,-0.032253,0.001000,0.001000,0.001000,0.001000,0.001000
1036.865385,-0.033326,0.001000,0.001000,0.001000,0.001000,0.001000
1036.884615,-0.034373,0.001000,0.001000,0.001000,0.001000,0.001000
1036.903846,-0.035392,0.001000,0.001000,0.001000,0.001000,0.001000
1036.923077,-0.036382,0.001000,0.001000,0.001000,0.001000,0.001000
1036.942308,-0.037342,0.001000,0.001000,0.001000,0.001000,0.001000
1036.961538,-0.038273,0.001000,0.001000,0.001000,0.001000,0.001000
1036.980769,-0.039172,0.001000,0.001000,0.001000,0.001000,0.001000
1037.000000,-0.040040,0.001000,0.001000,0.001000,0.001000,0.001000
1037.019231,-0.040876,0.001000,0.001000,0.001000,0.001000,0.001000
1037.038462,-0.041678,0.001000,0.001000,0.001000,0.001000,0.001000
1037.057692,-0.042447,0.001000,0.001000,0.001000,0.001000,0.001000
1037.076923,-0.043181,0.001000,0.001000,0.001000,0.001000,0.001000
1037.096154,-0.043881,0.001000,0.001000,0.001000,0.001000,0.001000
1037.115385,-0.044544,0.001000,0.001000,0.001000,0.001000,0.001000
1037.134615,-0.045172,0.001000,0.001000,0.001000,0.001000,0.001000
1037.153846,-0.045764,0.001000,0.001000,0.001000,0.001000,0.001000
1037.173077,-0.046318,0.001000,0.001000,0.001000,0.001000,0.001000
1037.192308,-0.046835,0.001000,0.001000,0.001000,0.001000,0.001000
1037.211538,-0.047314,0.001000,0.001000,0.001000,0.001000,0.001000
1037.230769,-0.047754,0.001000,0.001000,0.001000,0.001000,0.001000
1037.250000,-0.048157,0.001000,0.001000,0.001000,0.001000,0.001000
1037.269231,-0.048520,0.001000,0.001000,0.001000,0.001000,0.001000
1037.288462,-0.048843,0.001000,0.001000,0.001000,0.001000,0.001000
1037.307692,-0.049128,0.001000,0.001000,0.001000,0.001000,0.001000
1037.326923,-0.049372,0.001000,0.001000,0.001000,0.001000,0.001000
1037.346154,-0.049577,0.001000,0.001000,0.001000,0.001000,0.001000
1037.365385,-0.049741,0.001000,0.001000,0.001000,0.001000,0.001000
1037.384615,-0.049866,0.001000,0.001000,0.001000,0.001000,0.001000
1037.403846,-0.049950,0.001000,0.001000,0.001000,0.001000,0.001000
1037.423077,-0.049993,0.001000,0.001000,0.001000,0.001000,0.001000
1037.442308,-0.049996,0.001000,0.001000,0.001000,0.001000,0.001000
1037.461538,-0.049959,0.001000,0.001000,0.001000,0.001000,0.001000
1037.480769,-0.049881,0.001000,0.001000,0.001000,0.001000,0.001000
1037.500000,-0.049763,0.001000,0.001000,0.001000,0.001000,0.001000
1037.519231,-0.049605,0.001000,0.001000,0.001000,0.001000,0.001000
1037.538462,-0.049406,0.001000,0.001000,0.001000,0.001000,0.001000
1037.557692,-0.049168,0.001000,0.001000,0.001000,0.001000,0.001000
1037.576923,-0.048890,0.001000,0.001000,0.001000,0.001000,0.001000
1037.596154,-0.048572,0.001000,0.001000,0.001000,0.001000,0.001000
1037.615385,-0.048215,0.001000,0.001000,0.001000,0.001000,0.001000
1037.634615,-0.047819,0.001000,0.001000,0.001000,0.001000,0.001000
1037.653846,-0.047384,0.001000,0.001000,0.001000,0.001000,0.001000
1037.673077,-0.046911,0.001000,0.001000,0.001000,0.001000,0.001000
1037.692308,-0.046400,0.001000,0.001000,0.001000,0.001000,0.001000
1037.711538,-0.045851,0.001000,0.001000,0.001000,0.001000,0.001000
1037.730769,-0.045265,0.001000,0.001000,0.001000,0.001000,0.001000
1037.750000,-0.044643,0.001000,0.001000,0.001000,0.001000,0.001000
1037.769231,-0.043985,0.001000,0.001000,0.001000,0.001000,0.001000
1037.788462,-0.043291,0.001000,0.001000,0.001000,0.001000,0.001000
1037.807692,-0.042562,0.001000,0.001000,0.001000,0.001000,0.001000
1037.826923,-0.041798,0.001000,0.001000,0.001000,0.001000,0.001000
1037.846154,-0.041001,0.001000,0.001000,0.001000,0.001000,0.001000
1037.865385,-0.040170,0.001000,0.001000,0.001000,0.001000,0.001000
1037.884615,-0.039307,0.001000,0.001000,0.001000,0.001000,0.001000
1037.903846,-0.038413,0.001000,0.001000,0.001000,0.001000,0.001000
1037.923077,-0.037487,0.001000,0.001000,0.001000,0.001000,0.001000
1037.942308,-0.036531,0.001000,0.001000,0.001000,0.001000,0.001000
1037.961538,-0.035545,0.001000,0.001000,0.001000,0.001000,0.001000
1037.980769,-0.034531,0.001000,0.001000,0.001000,0.001000,0.001000
1038.000000,-0.033488,0.001000,0.001000,0.001000,0.001000,0.001000
1038.019231,-0.032419,0.001000,0.001000,0.001000,0.001000,0.001000
1038.038462,-0.031323,0.001000,0.001000,0.001000,0.001000,0.001000
1038.057692,-0.030202,0.001000,0.001000,0.001000,0.001000,0.001000
1038.076923,-0.029057,0.001000,0.001000,0.001000,0.001000,0.001000
1038.096154,-0.027888,0.001000,0.001000,0.001000,0.001000,0.001000
1038.115385,-0.026696,0.001000,0.001000,0.001000,0.001000,0.001000
1038.134615,-0.025483,0.001000,0.001000,0.001000,0.001000,0.001000
1038.153846,-0.024249,0.001000,0.001000,0.001000,0.001000,0.001000
1038.173077,-0.022996,0.001000,0.001000,0.001000,0.001000,0.001000
1038.192308,-0.021724,0.001000,0.001000,0.001000,0.001000,0.001000
1038.211538,-0.020434,0.001000,0.001000,0.001000,0.001000,0.001000
1038.230769,-0.019128,0.001000,0.001000,0.001000,0.001000,0.001000
1038.250000,-0.017807,0.001000,0.001000,0.001000,0.001000,0.001000
1038.269231,-0.016471,0.001000,0.001000,0.001000,0.001000,0.001000
1038.288462,-0.015122,0.001000,0.001000,0.001000,0.001000,0.001000
1038.307692,-0.013760,0.001000,0.001000,0.001000,0.001000,0.001000
1038.326923,-0.012387,0.001000,0.001000,0.001000,0.001000,0.001000
1038.346154,-0.011005,0.001000,0.001000,0.001000,0.001000,0.001000
1038.365385,-0.009613,0.001000,0.001000,0.001000,0.001000,0.001000
1038.384615,-0.008214,0.001000,0.001000,0.001000,0.001000,0.001000
1038.403846,-0.006808,0.001000,0.001000,0.001000,0.001000,0.001000
1038.423077,-0.005396,0.001000,0.001000,0.001000,0.001000,0.001000
1038.442308,-0.003980,0.001000,0.001000,0.001000,0.001000,0.001000
1038.461538,-0.002561,0.001000,0.001000,0.001000,0.001000,0.001000
1038.480769,-0.001140,0.001000,0.001000,0.001000,0.001000,0.001000
1038.500000,0.000282,0.001000,0.001000,0.001000,0.001000,0.001000
1038.519231,0.001704,0.001000,0.001000,0.001000,0.001000,0.001000
1038.538462,0.003124,0.001000,0.001000,0.001000,0.001000,0.001000
1038.557692,0.004542,0.001000,0.001000,0.001000,0.001000,0.001000
1038.576923,0.005956,0.001000,0.001000,0.001000,0.001000,0.001000
1038.596154,0.007366,0.001000,0.001000,0.001000,0.001000,0.001000
1038.615385,0.008769,0.001000,0.001000,0.001000,0.001000,0.001000
1038.634615,0.010166,0.001000,0.001000,0.001000,0.001000,0.001000
1038.653846,0.011554,0.001000,0.001000,0.001000,0.001000,0.001000
1038.673077,0.012933,0.001000,0.001000,0.001000,0.001000,0.001000
1038.692308,0.014301,0.001000,0.001000,0.001000,0.001000,0.001000
1038.711538,0.015658,0.001000,0.001000,0.001000,0.001000,0.001000
1038.730769,0.017002,0.001000,0.001000,0.001000,0.001000,0.001000
1038.750000,0.018332,0.001000,0.001000,0.001000,0.001000,0.001000
1038.769231,0.019648,0.001000,0.001000,0.001000,0.001000,0.001000
1038.788462,0.020947,0.001000,0.001000,0.001000,0.001000,0.001000
1038.807692,0.022230,0.001000,0.001000,0.001000,0.001000,0.001000
1038.826923,0.023495,0.001000,0.001000,0.001000,0.001000,0.001000
1038.846154,0.024741,0.001000,0.001000,0.001000,0.001000,0.001000
1038.865385,0.025966,0.001000,0.001000,0.001000,0.001000,0.001000
1038.884615,0.027171,0.001000,0.001000,0.001000,0.001000,0.001000
1038.903846,0.028354,0.001000,0.001000,0.001000,0.001000,0.001000
1038.923077,0.029513,0.001000,0.001000,0.001000,0.001000,0.001000
1038.942308,0.030649,0.001000,0.001000,0.001000,0.001000,0.001000
1038.961538,0.031760,0.001000,0.001000,0.001000,0.001000,0.001000
1038.980769,0.032846,0.001000,0.001000,0.001000,0.001000,0.001000
1039.000000,0.033905,0.001000,0.001000,0.001000,0.001000,0.001000
1039.019231,0.034936,0.001000,0.001000,0.001000,0.001000,0.001000
1039.038462,0.035939,0.001000,0.001000,0.001000,0.001000,0.001000
1039.057692,0.036913,0.001000,0.001000,0.001000,0.001000,0.001000
1039.076923,0.037858,0.001000,0.001000,0.001000,0.001000,0.001000
1039.096154,0.038771,0.001000,0.001000,0.001000,0.001000,0.001000
1039.115385,0.039653,0.001000,0.001000,0.001000,0.001000,0.001000
1039.134615,0.040503,0.001000,0.001000,0.001000,0.001000,0.001000
1039.153846,0.041321,0.001000,0.001000,0.001000,0.001000,0.001000
1039.173077,0.042105,0.001000,0.001000,0.001000,0.001000,0.001000
1039.192308,0.042855,0.001000,0.001000,0.001000,0.001000,0.001000
1039.211538,0.043570,0.001000,0.001000,0.001000,0.001000,0.001000
1039.230769,0.044250,0.001000,0.001000,0.001000,0.001000,0.001000
1039.250000,0.044894,0.001000,0.001000,0.001000,0.001000,0.001000
1039.269231,0.045502,0.001000,0.001000,0.001000,0.001000,0.001000
1039.288462,0.046073,0.001000,0.001000,0.001000,0.001000,0.001000
1039.307692,0.046607,0.001000,0.001000,0.001000,0.001000,0.001000
1039.326923,0.047103,0.001000,0.001000,0.001000,0.001000,0.001000
1039.346154,0.047561,0.001000,0.001000,0.001000,0.001000,0.001000
1039.365385,0.047980,0.001000,0.001000,0.001000,0.001000,0.001000
1039.384615,0.048361,0.001000,0.001000,0.001000,0.001000,0.001000
1039.403846,0.048702,0.001000,0.001000,0.001000,0.001000,0.001000
1039.423077,0.049005,0.001000,0.001000,0.001000,0.001000,0.001000
1039.442308,0.049267,0.001000,0.001000,0.001000,0.001000,0.001000
1039.461538,0.049490,0.001000,0.001000,0.001000,0.001000,0.001000
1039.480769,0.049672,0.001000,0.001000,0.001000,0.001000,0.001000
1039.500000,0.049815,0.001000,0.001000,0.001000,0.001000,0.001000
1039.519231,0.049917,0.001000,0.001000,0.001000,0.001000,0.001000
1039.538462,0.049979,0.001000,0.001000,0.001000,0.001000,0.001000
1039.557692,0.050000,0.001000,0.001000,0.001000,0.001000,0.001000
1039.576923,0.049981,0.001000,0.001000,0.001000,0.001000,0.001000
1039.596154,0.049921,0.001000,0.001000,0.001000,0.001000,0.001000
1039.615385,0.049821,0.001000,0.001000,0.001000,0.001000,0.001000
1039.634615,0.049681,0.001000,0.001000,0.001000,0.001000,0.001000
1039.653846,0.049501,0.001000,0.001000,0.001000,0.001000,0.001000
1039.673077,0.049280,0.001000,0.001000,0.001000,0.001000,0.001000
1039.692308,0.049020,0.001000,0.001000,0.001000,0.001000,0.001000
1039.711538,0.048720,0.001000,0.001000,0.001000,0.001000,0.001000
1039.730769,0.048380,0.001000,0.001000,0.001000,0.001000,0.001000
1039.750000,0.048002,0.001000,0.001000,0.001000,0.001000,0.001000
1039.769231,0.047584,0.001000,0.001000,0.001000,0.001000,0.001000
1039.788462,0.047129,0.001000,0.001000,0.001000,0.001000,0.001000
1039.807692,0.046635,0.001000,0.001000,0.001000,0.001000,0.001000
1039.826923,0.046103,0.001000,0.001000,0.001000,0.001000,0.001000
1039.846154,0.045534,0.001000,0.001000,0.001000,0.001000,0.001000
1039.865385,0.044928,0.001000,0.001000,0.001000,0.001000,0.001000
1039.884615,0.044286,0.001000,0.001000,0.001000,0.001000,0.001000
1039.903846,0.043608,0.001000,0.001000,0.001000,0.001000,0.001000
1039.923077,0.042894,0.001000,0.001000,0.001000,0.001000,0.001000
1039.942308,0.042146,0.001000,0.001000,0.001000,0.001000,0.001000
1039.961538,0.041364,0.001000,0.001000,0.001000,0.001000,0.001000
1039.980769,0.040549,0.001000,0.001000,0.001000,0.001000,0.001000
1040.000000,0.039700,0.001000,0.001000,0.001000,0.001000,0.001000
1040.019231,0.038820,0.001000,0.001000,0.001000,0.001000,0.001000
1040.038462,0.037908,0.001000,0.001000,0.001000,0.001000,0.001000
1040.057692,0.036965,0.001000,0.001000,0.001000,0.001000,0.001000
1040.076923,0.035993,0.001000,0.001000,0.001000,0.001000,0.001000
1040.096154,0.034991,0.001000,0.001000,0.001000,0.001000,0.001000
1040.115385,0.033961,0.001000,0.001000,0.001000,0.001000,0.001000
1040.134615,0.032904,0.001000,0.001000,0.001000,0.001000,0.001000
1040.153846,0.031820,0.001000,0.001000,0.001000,0.001000,0.001000
1040.173077,0.030710,0.001000,0.001000,0.001000,0.001000,0.001000
1040.192308,0.029576,0.001000,0.001000,0.001000,0.001000,0.001000
1040.211538,0.028417,0.001000,0.001000,0.001000,0.001000,0.001000
1040.230769,0.027236,0.001000,0.001000,0.001000,0.001000,0.001000
1040.250000,0.026032,0.001000,0.001000,0.001000,0.001000,0.001000
1040.269231,0.024807,0.001000,0.001000,0.001000,0.001000,0.001000
1040.288462,0.023563,0.001000,0.001000,0.001000,0.001000,0.001000
1040.307692,0.022299,0.001000,0.001000,0.001000,0.001000,0.001000
1040.326923,0.021017,0.001000,0.001000,0.001000,0.001000,0.001000
1040.346154,0.019719,0.001000,0.001000,0.001000,0.001000,0.001000
1040.365385,0.018404,0.001000,0.001000,0.001000,0.001000,0.001000
1040.384615,0.017074,0.001000,0.001000,0.001000,0.001000,0.001000
1040.403846,0.015731,0.001000,0.001000,0.001000,0.001000,0.001000
1040.423077,0.014375,0.001000,0.001000,0.001000,0.001000,0.001000
1040.442308,0.013007,0.001000,0.001000,0.001000,0.001000,0.001000
1040.461538,0.011629,0.001000,0.001000,0.001000,0.001000,0.001000
1040.480769,0.010241,0.001000,0.001000,0.001000,0.001000,0.001000
1040.500000,0.008845,0.001000,0.001000,0.001000,0.001000,0.001000
1040.519231,0.007442,0.001000,0.001000,0.001000,0.001000,0.001000
1040.538462,0.006033,0.001000,0.001000,0.001000,0.001000,0.001000
1040.557692,0.004619,0.001000,0.001000,0.001000,0.001000,0.001000
1040.576923,0.003201,0.001000,0.001000,0.001000,0.001000,0.001000
1040.596154,0.001781,0.001000,0.001000,0.001000,0.001000,0.001000
1040.615385,0.000359,0.001000,0.001000,0.001000,0.001000,0.001000
1040.634615,-0.001063,0.001000,0.001000,0.001000,0.001000,0.001000
1040.653846,-0.002485,0.001000,0.001000,0.001000,0.001000,0.001000
1040.673077,-0.003904,0.001000,0.001000,0.001000,0.001000,0.001000
1040.692308,-0.005320,0.001000,0.001000,0.001000,0.001000,0.001000
1040.711538,-0.006732,0.001000,0.001000,0.001000,0.001000,0.001000
1040.730769,-0.008138,0.001000,0.001000,0.001000,0.001000,0.001000
1040.750000,-0.009538,0.001000,0.001000,0.001000,0.001000,0.001000
1040.769231,-0.010930,0.001000,0.001000,0.001000,0.001000,0.001000
1040.788462,-0.012313,0.001000,0.001000,0.001000,0.001000,0.001000
1040.807692,-0.013686,0.001000,0.001000,0.001000,0.001000,0.001000
1040.826923,-0.015048,0.001000,0.001000,0.001000,0.001000,0.001000
1040.846154,-0.016398,0.001000,0.001000,0.001000,0.001000,0.001000
1040.865385,-0.017735,0.001000,0.001000,0.001000,0.001000,0.001000
1040.884615,-0.019057,0.001000,0.001000,0.001000,0.001000,0.001000
1040.903846,-0.020364,0.001000,0.001000,0.001000,0.001000,0.001000
1040.923077,-0.021655,0.001000,0.001000,0.001000,0.001000,0.001000
1040.942308,-0.022928,0.001000,0.001000,0.001000,0.001000,0.001000
1040.961538,-0.024182,0.001000,0.001000,0.001000,0.001000,0.001000
1040.980769,-0.025417,0.001000,0.001000,0.001000,0.001000,0.001000
1041.000000,-0.026631,0.001000,0.001000,0.001000,0.001000,0.001000
1041.019231,-0.027824,0.001000,0.001000,0.001000,0.001000,0.001000
1041.038462,-0.028994,0.001000,0.001000,0.001000,0.001000,0.001000
1041.057692,-0.030141,0.001000,0.001000,0.001000,0.001000,0.001000
1041.076923,-0.031263,0.001000,0.001000,0.001000,0.001000,0.001000
1041.096154,-0.032360,0.001000,0.001000,0.001000,0.001000,0.001000
1041.115385,-0.033431,0.001000,0.001000,0.001000,0.001000,0.001000
1041.134615,-0.034475,0.001000,0.001000,0.001000,0.001000,0.001000
1041.153846,-0.035491,0.001000,0.001000,0.001000,0.001000,0.001000
1041.173077,-0.036478,0.001000,0.001000,0.001000,0.001000,0.001000
1041.192308,-0.037436,0.001000,0.001000,0.001000,0.001000,0.001000
1041.211538,-0.038363,0.001000,0.001000,0.001000,0.001000,0.001000
1041.230769,-0.039260,0.001000,0.001000,0.001000,0.001000,0.001000
1041.250000,-0.040125,0.001000,0.001000,0.001000,0.001000,0.001000
1041.269231,-0.040957,0.001000,0.001000,0.001000,0.001000,0.001000
1041.288462,-0.041756,0.001000,0.001000,0.001000,0.001000,0.001000
1041.307692,-0.042521,0.001000,0.001000,0.001000,0.001000,0.001000
1041.326923,-0.043252,0.001000,0.001000,0.001000,0.001000,0.001000
1041.346154,-0.043948,0.001000,0.001000,0.001000,0.001000,0.001000
1041.365385,-0.044608,0.001000,0.001000,0.001000,0.001000,0.001000
1041.384615,-0.045233,0.001000,0.001000,0.001000,0.001000,0.001000
1041.403846,-0.045820,0.001000,0.001000,0.001000,0.001000,0.001000
1041.423077,-0.046371,0.001000,0.001000,0.001000,0.001000,0.001000
1041.442308,-0.046884,0.001000,0.001000,0.001000,0.001000,0.001000
1041.461538,-0.047359,0.001000,0.001000,0.001000,0.001000,0.001000
1041.480769,-0.047796,0.001000,0.001000,0.001000,0.001000,0.001000
1041.500000,-0.048194,0.001000,0.001000,0.001000,0.001000,0.001000
1041.519231,-0.048553,0.001000,0.001000,0.001000,0.001000,0.001000
1041.538462,-0.048873,0.001000,0.001000,0.001000,0.001000,0.001000
1041.557692,-0.049154,0.001000,0.001000,0.001000,0.001000,0.001000
1041.576923,-0.049394,0.001000,0.001000,0.001000,0.001000,0.001000
1041.596154,-0.049595,0.001000,0.001000,0.001000,0.001000,0.001000
1041.615385,-0.049756,0.001000,0.001000,0.001000,0.001000,0.001000
1041.634615,-0.049876,0.001000,0.001000,0.001000,0.001000,0.001000
1041.653846,-0.049956,0.001000,0.001000,0.001000,0.001000,0.001000
1041.673077,-0.049995,0.001000,0.001000,0.001000,0.001000,0.001000
1041.692308,-0.049994,0.001000,0.001000,0.001000,0.001000,0.001000
1041.711538,-0.049953,0.001000,0.001000,0.001000,0.001000,0.001000
1041.730769,-0.049871,0.001000,0.001000,0.001000,0.001000,0.001000
1041.750000,-0.049749,0.001000,0.001000,0.001000,0.001000,0.001000
1041.769231,-0.049587,0.001000,0.001000,0.001000,0.001000,0.001000
1041.788462,-0.049384,0.001000,0.001000,0.001000,0.001000,0.001000
1041.807692,-0.049142,0.001000,0.001000,0.001000,0.001000,0.001000
1041.826923,-0.048860,0.001000,0.001000,0.001000,0.001000,0.001000
1041.846154,-0.048538,0.001000,0.001000,0.001000,0.001000,0.001000
1041.865385,-0.048177,0.001000,0.001000,0.001000,0.001000,0.001000
1041.884615,-0.047777,0.001000,0.001000,0.001000,0.001000,0.001000
1041.903846,-0.047339,0.001000,0.001000,0.001000,0.001000,0.001000
1041.923077,-0.046862,0.001000,0.001000,0.001000,0.001000,0.001000
1041.942308,-0.046347,0.001000,0.001000,0.001000,0.001000,0.001000
1041.961538,-0.045795,0.001000,0.001000,0.001000,0.001000,0.001000
1041.980769,-0.045205,0.001000,0.001000,0.001000,0.001000,0.001000
1042.000000,-0.044579,0.001000,0.001000,0.001000,0.001000,0.001000
1042.019231,-0.043917,0.001000,0.001000,0.001000,0.001000,0.001000
1042.038462,-0.043220,0.001000,0.001000,0.001000,0.001000,0.001000
1042.057692,-0.042487,0.001000,0.001000,0.001000,0.001000,0.001000
1042.076923,-0.041721,0.001000,0.001000,0.001000,0.001000,0.001000
1042.096154,-0.040920,0.001000,0.001000,0.001000,0.001000,0.001000
1042.115385,-0.040086,0.001000,0.001000,0.001000,0.001000,0.001000
1042.134615,-0.039220,0.001000,0.001000,0.001000,0.001000,0.001000
1042.153846,-0.038322,0.001000,0.001000,0.001000,0.001000,0.001000
1042.173077,-0.037394,0.001000,0.001000,0.001000,0.001000,0.001000
1042.192308,-0.036434,0.001000,0.001000,0.001000,0.001000,0.001000
1042.211538,-0.035446,0.001000,0.001000,0.001000,0.001000,0.001000
1042.230769,-0.034429,0.001000,0.001000,0.001000,0.001000,0.001000
1042.250000,-0.033384,0.001000,0.001000,0.001000,0.001000,0.001000
1042.269231,-0.032311,0.001000,0.001000,0.001000,0.001000,0.001000
1042.288462,-0.031213,0.001000,0.001000,0.001000,0.001000,0.001000
1042.307692,-0.030090,0.001000,0.001000,0.001000,0.001000,0.001000
1042.326923,-0.028942,0.001000,0.001000,0.001000,0.001000,0.001000
1042.346154,-0.027771,0.001000,0.001000,0.001000,0.001000,0.001000
1042.365385,-0.026577,0.001000,0.001000,0.001000,0.001000,0.001000
1042.384615,-0.025362,0.001000,0.001000,0.001000,0.001000,0.001000
1042.403846,-0.024126,0.001000,0.001000,0.001000,0.001000,0.001000
1042.423077,-0.022871,0.001000,0.001000,0.001000,0.001000,0.001000
1042.442308,-0.021597,0.001000,0.001000,0.001000,0.001000,0.001000
1042.461538,-0.020306,0.001000,0.001000,0.001000,0.001000,0.001000
1042.480769,-0.018998,0.001000,0.001000,0.001000,0.001000,0.001000
1042.500000,-0.017675,0.001000,0.001000,0.001000,0.001000,0.001000
1042.519231,-0.016338,0.001000,0.001000,0.001000,0.001000,0.001000
1042.538462,-0.014987,0.001000,0.001000,0.001000,0.001000,0.001000
1042.557692,-0.013624,0.001000,0.001000,0.001000,0.001000,0.001000
1042.576923,-0.012251,0.001000,0.001000,0.001000,0.001000,0.001000
1042.596154,-0.010867,0.001000,0.001000,0.001000,0.001000,0.001000
1042.615385,-0.009475,0.001000,0.001000,0.001000,0.001000,0.001000
1042.634615,-0.008075,0.001000,0.001000,0.001000,0.001000,0.001000
1042.653846,-0.006668,0.001000,0.001000,0.001000,0.001000,0.001000
1042.673077,-0.005256,0.001000,0.001000,0.001000,0.001000,0.001000
1042.692308,-0.003840,0.001000,0.001000,0.001000,0.001000,0.001000
1042.711538,-0.002421,0.001000,0.001000,0.001000,0.001000,0.001000
1042.730769,-0.000999,0.001000,0.001000,0.001000,0.001000,0.001000
1042.750000,0.000423,0.001000,0.001000,0.001000,0.001000,0.001000
1042.769231,0.001845,0.001000,0.001000,0.001000,0.001000,0.001000
1042.788462,0.003265,0.001000,0.001000,0.001000,0.001000,0.001000
1042.807692,0.004682,0.001000,0.001000,0.001000,0.001000,0.001000
1042.826923,0.006096,0.001000,0.001000,0.001000,0.001000,0.001000
1042.846154,0.007505,0.001000,0.001000,0.001000,0.001000,0.001000
1042.865385,0.008908,0.001000,0.001000,0.001000,0.001000,0.001000
1042.884615,0.010304,0.001000,0.001000,0.001000,0.001000,0.001000
1042.903846,0.011691,0.001000,0.001000,0.001000,0.001000,0.001000
1042.923077,0.013069,0.001000,0.001000,0.001000,0.001000,0.001000
1042.942308,0.014436,0.001000,0.001000,0.001000,0.001000,0.001000
1042.961538,0.015792,0.001000,0.001000,0.001000,0.001000,0.001000
1042.980769,0.017134,0.001000,0.001000,0.001000,0.001000,0.001000
1043.000000,0.018463,0.001000,0.001000,0.001000,0.001000,0.001000
1043.019231,0.019777,0.001000,0.001000,0.001000,0.001000,0.001000
1043.038462,0.021075,0.001000,0.001000,0.001000,0.001000,0.001000
1043.057692,0.022356,0.001000,0.001000,0.001000,0.001000,0.001000
1043.076923,0.023619,0.001000,0.001000,0.001000,0.001000,0.001000
1043.096154,0.024863,0.001000,0.001000,0.001000,0.001000,0.001000
1043.115385,0.026087,0.001000,0.001000,0.001000,0.001000,0.001000
1043.134615,0.027289,0.001000,0.001000,0.001000,0.001000,0.001000
1043.153846,0.028470,0.001000,0.001000,0.001000,0.001000,0.001000
1043.173077,0.029627,0.001000,0.001000,0.001000,0.001000,0.001000
1043.192308,0.030761,0.001000,0.001000,0.001000,0.001000,0.001000
1043.211538,0.031869,0.001000,0.001000,0.001000,0.001000,0.001000
1043.230769,0.032952,0.001000,0.001000,0.001000,0.001000,0.001000
1043.250000,0.034008,0.001000,0.001000,0.001000,0.001000,0.001000
1043.269231,0.035037,0.001000,0.001000,0.001000,0.001000,0.001000
1043.288462,0.036037,0.001000,0.001000,0.001000,0.001000,0.001000
1043.307692,0.037008,0.001000,0.001000,0.001000,0.001000,0.001000
1043.326923,0.037949,0.001000,0.001000,0.001000,0.001000,0.001000
1043.346154,0.038860,0.001000,0.001000,0.001000,0.001000,0.001000
1043.365385,0.039739,0.001000,0.001000,0.001000,0.001000,0.001000
1043.384615,0.040586,0.001000,0.001000,0.001000,0.001000,0.001000
1043.403846,0.041400,0.001000,0.001000,0.001000,0.001000,0.001000
1043.423077,0.042181,0.001000,0.001000,0.001000,0.001000,0.001000
1043.442308,0.042927,0.001000,0.001000,0.001000,0.001000,0.001000
1043.461538,0.043639,0.001000,0.001000,0.001000,0.001000,0.001000
1043.480769,0.044315,0.001000,0.001000,0.001000,0.001000,0.001000
1043.500000,0.044956,0.001000,0.001000,0.001000,0.001000,0.001000
1043.519231,0.045560,0.001000,0.001000,0.001000,0.001000,0.001000
1043.538462,0.046127,0.001000,0.001000,0.001000,0.001000,0.001000
1043.557692,0.046658,0.001000,0.001000,0.001000,0.001000,0.001000
1043.576923,0.047150,0.001000,0.001000,0.001000,0.001000,0.001000
1043.596154,0.047604,0.001000,0.001000,0.001000,0.001000,0.001000
1043.615385,0.048020,0.001000,0.001000,0.001000,0.001000,0.001000
1043.634615,0.048396,0.001000,0.001000,0.001000,0.001000,0.001000
1043.653846,0.048734,0.001000,0.001000,0.001000,0.001000,0.001000
1043.673077,0.049032,0.001000,0.001000,0.001000,0.001000,0.001000
1043.692308,0.049291,0.001000,0.001000,0.001000,0.001000,0.001000
1043.711538,0.049510,0.001000,0.001000,0.001000,0.001000,0.001000
1043.730769,0.049688,0.001000,0.001000,0.001000,0.001000,0.001000
1043.750000,0.049827,0.001000,0.001000,0.001000,0.001000,0.001000
1043.769231,0.049925,0.001000,0.001000,0.001000,0.001000,0.001000
1043.788462,0.049983,0.001000,0.001000,0.001000,0.001000,0.001000
1043.807692,0.050000,0.001000,0.001000,0.001000,0.001000,0.001000
1043.826923,0.049977,0.001000,0.001000,0.001000,0.001000,0.001000
1043.846154,0.049913,0.001000,0.001000,0.001000,0.001000,0.001000
1043.865385,0.049809,0.001000,0.001000,0.001000,0.001000,0.001000
1043.884615,0.049665,0.001000,0.001000,0.001000,0.001000,0.001000
1043.903846,0.049481,0.001000,0.001000,0.001000,0.001000,0.001000
1043.923077,0.049256,0.001000,0.001000,0.001000,0.001000,0.001000
1043.942308,0.048992,0.001000,0.001000,0.001000,0.001000,0.001000
1043.961538,0.048688,0.001000,0.001000,0.001000,0.001000,0.001000
1043.980769,0.048345,0.001000,0.001000,0.001000,0.001000,0.001000
1044.000000,0.047962,0.001000,0.001000,0.001000,0.001000,0.001000
1044.019231,0.047541,0.001000,0.001000,0.001000,0.001000,0.001000
1044.038462,0.047081,0.001000,0.001000,0.001000,0.001000,0.001000
1044.057692,0.046583,0.001000,0.001000,0.001000,0.001000,0.001000
1044.076923,0.046048,0.001000,0.001000,0.001000,0.001000,0.001000
1044.096154,0.045475,0.001000,0.001000,0.001000,0.001000,0.001000
1044.115385,0.044866,0.001000,0.001000,0.001000,0.001000,0.001000
1044.134615,0.044220,0.001000,0.001000,0.001000,0.001000,0.001000
1044.153846,0.043538,0.001000,0.001000,0.001000,0.001000,0.001000
1044.173077,0.042822,0.001000,0.001000,0.001000,0.001000,0.001000
1044.192308,0.042070,0.001000,0.001000,0.001000,0.001000,0.001000
1044.211538,0.041285,0.001000,0.001000,0.001000,0.001000,0.001000
1044.230769,0.040466,0.001000,0.001000,0.001000,0.001000,0.001000
1044.250000,0.039614,0.001000,0.001000,0.001000,0.001000,0.001000
1044.269231,0.038731,0.001000,0.001000,0.001000,0.001000,0.001000
1044.288462,0.037816,0.001000,0.001000,0.001000,0.001000,0.001000
1044.307692,0.036870,0.001000,0.001000,0.001000,0.001000,0.001000
1044.326923,0.035895,0.001000,0.001000,0.001000,0.001000,0.001000
1044.346154,0.034890,0.001000,0.001000,0.001000,0.001000,0.001000
1044.365385,0.033858,0.001000,0.001000,0.001000,0.001000,0.001000
1044.384615,0.032798,0.001000,0.001000,0.001000,0.001000,0.001000
1044.403846,0.031711,0.001000,0.001000,0.001000,0.001000,0.001000
1044.423077,0.030599,0.001000,0.001000,0.001000,0.001000,0.001000
1044.442308,0.029462,0.001000,0.001000,0.001000,0.001000,0.001000
1044.461538,0.028301,0.001000,0.001000,0.001000,0.001000,0.001000
1044.480769,0.027117,0.001000,0.001000,0.001000,0.001000,0.001000
1044.500000,0.025912,0.001000,0.001000,0.001000,0.001000,0.001000
1044.519231,0.024685,0.001000,0.001000,0.001000,0.001000,0.001000
1044.538462,0.023438,0.001000,0.001000,0.001000,0.001000,0.001000
1044.557692,0.022173,0.001000,0.001000,0.001000,0.001000,0.001000
1044.576923,0.020889,0.001000,0.001000,0.001000,0.001000,0.001000
1044.596154,0.019589,0.001000,0.001000,0.001000,0.001000,0.001000
1044.615385,0.018273,0.001000,0.001000,0.001000,0.001000,0.001000
1044.634615,0.016942,0.001000,0.001000,0.001000,0.001000,0.001000
1044.653846,0.015597,0.001000,0.001000,0.001000,0.001000,0.001000
1044.673077,0.014240,0.001000,0.001000,0.001000,0.001000,0.001000
1044.692308,0.012871,0.001000,0.001000,0.001000,0.001000,0.001000
1044.711538,0.011492,0.001000,0.001000,0.001000,0.001000,0.001000
1044.730769,0.010103,0.001000,0.001000,0.001000,0.001000,0.001000
1044.750000,0.008706,0.001000,0.001000,0.001000,0.001000,0.001000
1044.769231,0.007303,0.001000,0.001000,0.001000,0.001000,0.001000
1044.788462,0.005893,0.001000,0.001000,0.001000,0.001000,0.001000
1044.807692,0.004478,0.001000,0.001000,0.001000,0.001000,0.001000
1044.826923,0.003060,0.001000,0.001000,0.001000,0.001000,0.001000
1044.846154,0.001640,0.001000,0.001000,0.001000,0.001000,0.001000
1044.865385,0.000218,0.001000,0.001000,0.001000,0.001000,0.001000
1044.884615,-0.001204,0.001000,0.001000,0.001000,0.001000,0.001000
1044.903846,-0.002625,0.001000,0.001000,0.001000,0.001000,0.001000
1044.923077,-0.004044,0.001000,0.001000,0.001000,0.001000,0.001000
1044.942308,-0.005460,0.001000,0.001000,0.001000,0.001000,0.001000
1044.961538,-0.006871,0.001000,0.001000,0.001000,0.001000,0.001000
1044.980769,-0.008277,0.001000,0.001000,0.001000,0.001000,0.001000
1045.000000,-0.009676,0.001000,0.001000,0.001000,0.001000,0.001000
1045.019231,-0.011067,0.001000,0.001000,0.001000,0.001000,0.001000
1045.038462,-0.012449,0.001000,0.001000,0.001000,0.001000,0.001000
1045.057692,-0.013821,0.001000,0.001000,0.001000,0.001000,0.001000
1045.076923,-0.015182,0.001000,0.001000,0.001000,0.001000,0.001000
1045.096154,-0.016531,0.001000,0.001000,0.001000,0.001000,0.001000
1045.115385,-0.017866,0.001000,0.001000,0.001000,0.001000,0.001000
1045.134615,-0.019187,0.001000,0.001000,0.001000,0.001000,0.001000
1045.153846,-0.020493,0.001000,0.001000,0.001000,0.001000,0.001000
1045.173077,-0.021781,0.001000,0.001000,0.001000,0.001000,0.001000
1045.192308,-0.023053,0.001000,0.001000,0.001000,0.001000,0.001000
1045.211538,-0.024305,0.001000,0.001000,0.001000,0.001000,0.001000
1045.230769,-0.025538,0.001000,0.001000,0.001000,0.001000,0.001000
1045.250000,-0.026750,0.001000,0.001000,0.001000,0.001000,0.001000
1045.269231,-0.027941,0.001000,0.001000,0.001000,0.001000,0.001000
1045.288462,-0.029109,0.001000,0.001000,0.001000,0.001000,0.001000
1045.307692,-0.030253,0.001000,0.001000,0.001000,0.001000,0.001000
1045.326923,-0.031373,0.001000,0.001000,0.001000,0.001000,0.001000
1045.346154,-0.032467,0.001000,0.001000,0.001000,0.001000,0.001000
1045.365385,-0.033536,0.001000,0.001000,0.001000,0.001000,0.001000
1045.384615,-0.034577,0.001000,0.001000,0.001000,0.001000,0.001000
1045.403846,-0.035590,0.001000,0.001000,0.001000,0.001000,0.001000
1045.423077,-0.036574,0.001000,0.001000,0.001000,0.001000,0.001000
1045.442308,-0.037529,0.001000,0.001000,0.001000,0.001000,0.001000
1045.461538,-0.038454,0.001000,0.001000,0.001000,0.001000,0.001000
1045.480769,-0.039347,0.001000,0.001000,0.001000,0.001000,0.001000
1045.500000,-0.040208,0.001000,0.001000,0.001000,0.001000,0.001000
1045.519231,-0.041037,0.001000,0.001000,0.001000,0.001000,0.001000
1045.538462,-0.041833,0.001000,0.001000,0.001000,0.001000,0.001000
1045.557692,-0.042595,0.001000,0.001000,0.001000,0.001000,0.001000
1045.576923,-0.043323,0.001000,0.001000,0.001000,0.001000,0.001000
1045.596154,-0.044015,0.001000,0.001000,0.001000,0.001000,0.001000
1045.615385,-0.044672,0.001000,0.001000,0.001000,0.001000,0.001000
1045.634615,-0.045292,0.001000,0.001000,0.001000,0.001000,0.001000
1045.653846,-0.045877,0.001000,0.001000,0.001000,0.001000,0.001000
1045.673077,-0.046423,0.001000,0.001000,0.001000,0.001000,0.001000
1045.692308,-0.046933,0.001000,0.001000,0.001000,0.001000,0.001000
1045.711538,-0.047404,0.001000,0.001000,0.001000,0.001000,0.001000
1045.730769,-0.047837,0.001000,0.001000,0.001000,0.001000,0.001000
1045.750000,-0.048232,0.001000,0.001000,0.001000,0.001000,0.001000
1045.769231,-0.048587,0.001000,0.001000,0.001000,0.001000,0.001000
1045.788462,-0.048903,0.001000,0.001000,0.001000,0.001000,0.001000
1045.807692,-0.049179,0.001000,0.001000,0.001000,0.001000,0.001000
1045.826923,-0.049416,0.001000,0.001000,0.001000,0.001000,0.001000
1045.846154,-0.049613,0.001000,0.001000,0.001000,0.001000,0.001000
1045.865385,-0.049769,0.001000,0.001000,0.001000,0.001000,0.001000
1045.884615,-0.049886,0.001000,0.001000,0.001000,0.001000,0.001000
1045.903846,-0.049962,0.001000,0.001000,0.001000,0.001000,0.001000
1045.923077,-0.049997,0.001000,0.001000,0.001000,0.001000,0.001000
1045.942308,-0.049992,0.001000,0.001000,0.001000,0.001000,0.001000
1045.961538,-0.049947,0.001000,0.001000,0.001000,0.001000,0.001000
1045.980769,-0.049861,0.001000,0.001000,0.001000,0.001000,0.001000
1046.000000,-0.049735,0.001000,0.001000,0.001000,0.001000,0.001000
1046.019231,-0.049569,0.001000,0.001000,0.001000,0.001000,0.001000
1046.038462,-0.049362,0.001000,0.001000,0.001000,0.001000,0.001000
1046.057692,-0.049116,0.001000,0.001000,0.001000,0.001000,0.001000
1046.076923,-0.048830,0.001000,0.001000,0.001000,0.001000,0.001000
1046.096154,-0.048504,0.001000,0.001000,0.001000,0.001000,0.001000
1046.115385,-0.048139,0.001000,0.001000,0.001000,0.001000,0.001000
1046.134615,-0.047735,0.001000,0.001000,0.001000,0.001000,0.001000
1046.153846,-0.047293,0.001000,0.001000,0.001000,0.001000,0.001000
1046.173077,-0.046812,0.001000,0.001000,0.001000,0.001000,0.001000
1046.192308,-0.046294,0.001000,0.001000,0.001000,0.001000,0.001000
1046.211538,-0.045738,0.001000,0.001000,0.001000,0.001000,0.001000
1046.230769,-0.045145,0.001000,0.001000,0.001000,0.001000,0.001000
1046.250000,-0.044515,0.001000,0.001000,0.001000,0.001000,0.001000
1046.269231,-0.043850,0.001000,0.001000,0.001000,0.001000,0.001000
1046.288462,-0.043149,0.001000,0.001000,0.001000,0.001000,0.001000
1046.307692,-0.042413,0.001000,0.001000,0.001000,0.001000,0.001000
1046.326923,-0.041643,0.001000,0.001000,0.001000,0.001000,0.001000
1046.346154,-0.040839,0.001000,0.001000,0.001000,0.001000,0.001000
1046.365385,-0.040002,0.001000,0.001000,0.001000,0.001000,0.001000
1046.384615,-0.039133,0.001000,0.001000,0.001000,0.001000,0.001000
1046.403846,-0.038232,0.001000,0.001000,0.001000,0.001000,0.001000
1046.423077,-0.037300,0.001000,0.001000,0.001000,0.001000,0.001000
1046.442308,-0.036338,0.001000,0.001000,0.001000,0.001000,0.001000
1046.461538,-0.035346,0.001000,0.001000,0.001000,0.001000,0.001000
1046.480769,-0.034326,0.001000,0.001000,0.001000,0.001000,0.001000
1046.500000,-0.033278,0.001000,0.001000,0.001000,0.001000,0.001000
1046.519231,-0.032204,0.001000,0.001000,0.001000,0.001000,0.001000
1046.538462,-0.031103,0.001000,0.001000,0.001000,0.001000,0.001000
1046.557692,-0.029977,0.001000,0.001000,0.001000,0.001000,0.001000
1046.576923,-0.028827,0.001000,0.001000,0.001000,0.001000,0.001000
1046.596154,-0.027653,0.001000,0.001000,0.001000,0.001000,0.001000
1046.615385,-0.026457,0.001000,0.001000,0.001000,0.001000,0.001000
1046.634615,-0.025240,0.001000,0.001000,0.001000,0.001000,0.001000
1046.653846,-0.024002,0.001000,0.001000,0.001000,0.001000,0.001000
1046.673077,-0.022745,0.001000,0.001000,0.001000,0.001000,0.001000
1046.692308,-0.021470,0.001000,0.001000,0.001000,0.001000,0.001000
1046.711538,-0.020177,0.001000,0.001000,0.001000,0.001000,0.001000
1046.730769,-0.018868,0.001000,0.001000,0.001000,0.001000,0.001000
1046.750000,-0.017543,0.001000,0.001000,0.001000,0.001000,0.001000
1046.769231,-0.016204,0.001000,0.001000,0.001000,0.001000,0.001000
1046.788462,-0.014853,0.001000,0.001000,0.001000,0.001000,0.001000
1046.807692,-0.013489,0.001000,0.001000,0.001000,0.001000,0.001000
1046.826923,-0.012114,0.001000,0.001000,0.001000,0.001000,0.001000
1046.846154,-0.010730,0.001000,0.001000,0.001000,0.001000,0.001000
1046.865385,-0.009336,0.001000,0.001000,0.001000,0.001000,0.001000
1046.884615,-0.007936,0.001000,0.001000,0.001000,0.001000,0.001000
1046.903846,-0.006528,0.001000,0.001000,0.001000,0.001000,0.001000
1046.923077,-0.005116,0.001000,0.001000,0.001000,0.001000,0.001000
1046.942308,-0.003699,0.001000,0.001000,0.001000,0.001000,0.001000
1046.961538,-0.002280,0.001000,0.001000,0.001000,0.001000,0.001000
1046.980769,-0.000858,0.001000,0.001000,0.001000,0.001000,0.001000
1047.000000,0.000564,0.001000,0.001000,0.001000,0.001000,0.001000
1047.019231,0.001985,0.001000,0.001000,0.001000,0.001000,0.001000
1047.038462,0.003405,0.001000,0.001000,0.001000,0.001000,0.001000
1047.057692,0.004823,0.001000,0.001000,0.001000,0.001000,0.001000
1047.076923,0.006236,0.001000,0.001000,0.001000,0.001000,0.001000
1047.096154,0.007644,0.001000,0.001000,0.001000,0.001000,0.001000
1047.115385,0.009047,0.001000,0.001000,0.001000,0.001000,0.001000
1047.134615,0.010441,0.001000,0.001000,0.001000,0.001000,0.001000
1047.153846,0.011828,0.001000,0.001000,0.001000,0.001000,0.001000
1047.173077,0.013205,0.001000,0.001000,0.001000,0.001000,0.001000
1047.192308,0.014571,0.001000,0.001000,0.001000,0.001000,0.001000
1047.211538,0.015925,0.001000,0.001000,0.001000,0.001000,0.001000
1047.230769,0.017267,0.001000,0.001000,0.001000,0.001000,0.001000
1047.250000,0.018594,0.001000,0.001000,0.001000,0.001000,0.001000
1047.269231,0.019907,0.001000,0.001000,0.001000,0.001000,0.001000
1047.288462,0.021203,0.001000,0.001000,0.001000,0.001000,0.001000
1047.307692,0.022482,0.001000,0.001000,0.001000,0.001000,0.001000
1047.326923,0.023743,0.001000,0.001000,0.001000,0.001000,0.001000
1047.346154,0.024985,0.001000,0.001000,0.001000,0.001000,0.001000
1047.365385,0.026207,0.001000,0.001000,0.001000,0.001000,0.001000
1047.384615,0.027407,0.001000,0.001000,0.001000,0.001000,0.001000
1047.403846,0.028585,0.001000,0.001000,0.001000,0.001000,0.001000
1047.423077,0.029741,0.001000,0.001000,0.001000,0.001000,0.001000
1047.442308,0.030872,0.001000,0.001000,0.001000,0.001000,0.001000
1047.461538,0.031978,0.001000,0.001000,0.001000,0.001000,0.001000
1047.480769,0.033058,0.001000,0.001000,0.001000,0.001000,0.001000
1047.500000,0.034111,0.001000,0.001000,0.001000,0.001000,0.001000
1047.519231,0.035137,0.001000,0.001000,0.001000,0.001000,0.001000
1047.538462,0.036135,0.001000,0.001000,0.001000,0.001000,0.001000
1047.557692,0.037103,0.001000,0.001000,0.001000,0.001000,0.001000
1047.576923,0.038041,0.001000,0.001000,0.001000,0.001000,0.001000
1047.596154,0.038948,0.001000,0.001000,0.001000,0.001000,0.001000
1047.615385,0.039824,0.001000,0.001000,0.001000,0.001000,0.001000
1047.634615,0.040668,0.001000,0.001000,0.001000,0.001000,0.001000
1047.653846,0.041479,0.001000,0.001000,0.001000,0.001000,0.001000
1047.673077,0.042256,0.001000,0.001000,0.001000,0.001000,0.001000
1047.692308,0.042999,0.001000,0.001000,0.001000,0.001000,0.001000
1047.711538,0.043707,0.001000,0.001000,0.001000,0.001000,0.001000
1047.730769,0.044380,0.001000,0.001000,0.001000,0.001000,0.001000
1047.750000,0.045017,0.001000,0.001000,0.001000,0.001000,0.001000
1047.769231,0.045618,0.001000,0.001000,0.001000,0.001000,0.001000
1047.788462,0.046182,0.001000,0.001000,0.001000,0.001000,0.001000
1047.807692,0.046708,0.001000,0.001000,0.001000,0.001000,0.001000
1047.826923,0.047197,0.001000,0.001000,0.001000,0.001000,0.001000
1047.846154,0.047647,0.001000,0.001000,0.001000,0.001000,0.001000
1047.865385,0.048059,0.001000,0.001000,0.001000,0.001000,0.001000
1047.884615,0.048432,0.001000,0.001000,0.001000,0.001000,0.001000
1047.903846,0.048765,0.001000,0.001000,0.001000,0.001000,0.001000
1047.923077,0.049060,0.001000,0.001000,0.001000,0.001000,0.001000
1047.942308,0.049314,0.001000,0.001000,0.001000,0.001000,0.001000
1047.961538,0.049529,0.001000,0.001000,0.001000,0.001000,0.001000
1047.980769,0.049704,0.001000,0.001000,0.001000,0.001000,0.001000
1048.000000,0.049838,0.001000,0.001000,0.001000,0.001000,0.001000
1048.019231,0.049932,0.001000,0.001000,0.001000,0.001000,0.001000
1048.038462,0.049986,0.001000,0.001000,0.001000,0.001000,0.001000
1048.057692,0.049999,0.001000,0.001000,0.001000,0.001000,0.001000
1048.076923,0.049972,0.001000,0.001000,0.001000,0.001000,0.001000
1048.096154,0.049905,0.001000,0.001000,0.001000,0.001000,0.001000
1048.115385,0.049797,0.001000,0.001000,0.001000,0.001000,0.001000
1048.134615,0.049649,0.001000,0.001000,0.001000,0.001000,0.001000
1048.153846,0.049460,0.001000,0.001000,0.001000,0.001000,0.001000
1048.173077,0.049232,0.001000,0.001000,0.001000,0.001000,0.001000
1048.192308,0.048963,0.001000,0.001000,0.001000,0.001000,0.001000
1048.211538,0.048656,0.001000,0.001000,0.001000,0.001000,0.001000
1048.230769,0.048308,0.001000,0.001000,0.001000,0.001000,0.001000
1048.250000,0.047922,0.001000,0.001000,0.001000,0.001000,0.001000
1048.269231,0.047497,0.001000,0.001000,0.001000,0.001000,0.001000
1048.288462,0.047034,0.001000,0.001000,0.001000,0.001000,0.001000
1048.307692,0.046532,0.001000,0.001000,0.001000,0.001000,0.001000
1048.326923,0.045993,0.001000,0.001000,0.001000,0.001000,0.001000
1048.346154,0.045417,0.001000,0.001000,0.001000,0.001000,0.001000
1048.365385,0.044803,0.001000,0.001000,0.001000,0.001000,0.001000
1048.384615,0.044154,0.001000,0.001000,0.001000,0.001000,0.001000
1048.403846,0.043469,0.001000,0.001000,0.001000,0.001000,0.001000
1048.423077,0.042749,0.001000,0.001000,0.001000,0.001000,0.001000
1048.442308,0.041994,0.001000,0.001000,0.001000,0.001000,0.001000
1048.461538,0.041205,0.001000,0.001000,0.001000,0.001000,0.001000
1048.480769,0.040383,0.001000,0.001000,0.001000,0.001000,0.001000
1048.500000,0.039528,0.001000,0.001000,0.001000,0.001000,0.001000
1048.519231,0.038641,0.001000,0.001000,0.001000,0.001000,0.001000
1048.538462,0.037723,0.001000,0.001000,0.001000,0.001000,0.001000
1048.557692,0.036775,0.001000,0.001000,0.001000,0.001000,0.001000
1048.576923,0.035797,0.001000,0.001000,0.001000,0.001000,0.001000
1048.596154,0.034789,0.001000,0.001000,0.001000,0.001000,0.001000
1048.615385,0.033754,0.001000,0.001000,0.001000,0.001000,0.001000
1048.634615,0.032691,0.001000,0.001000,0.001000,0.001000,0.001000
1048.653846,0.031602,0.001000,0.001000,0.001000,0.001000,0.001000
1048.673077,0.030487,0.001000,0.001000,0.001000,0.001000,0.001000
1048.692308,0.029348,0.001000,0.001000,0.001000,0.001000,0.001000
1048.711538,0.028185,0.001000,0.001000,0.001000,0.001000,0.001000
1048.730769,0.026999,0.001000,0.001000,0.001000,0.001000,0.001000
1048.750000,0.025791,0.001000,0.001000,0.001000,0.001000,0.001000
1048.769231,0.024562,0.001000,0.001000,0.001000,0.001000,0.001000
1048.788462,0.023314,0.001000,0.001000,0.001000,0.001000,0.001000
1048.807692,0.022046,0.001000,0.001000,0.001000,0.001000,0.001000
1048.826923,0.020761,0.001000,0.001000,0.001000,0.001000,0.001000
1048.846154,0.019459,0.001000,0.001000,0.001000,0.001000,0.001000
1048.865385,0.018142,0.001000,0.001000,0.001000,0.001000,0.001000
1048.884615,0.016809,0.001000,0.001000,0.001000,0.001000,0.001000
1048.903846,0.015463,0.001000,0.001000,0.001000,0.001000,0.001000
1048.923077,0.014105,0.001000,0.001000,0.001000,0.001000,0.001000
1048.942308,0.012735,0.001000,0.001000,0.001000,0.001000,0.001000
1048.961538,0.011354,0.001000,0.001000,0.001000,0.001000,0.001000
1048.980769,0.009965,0.001000,0.001000,0.001000,0.001000,0.001000
1049.000000,0.008567,0.001000,0.001000,0.001000,0.001000,0.001000
1049.019231,0.007163,0.001000,0.001000,0.001000,0.001000,0.001000
1049.038462,0.005753,0.001000,0.001000,0.001000,0.001000,0.001000
1049.057692,0.004338,0.001000,0.001000,0.001000,0.001000,0.001000
1049.076923,0.002920,0.001000,0.001000,0.001000,0.001000,0.001000
1049.096154,0.001499,0.001000,0.001000,0.001000,0.001000,0.001000
1049.115385,0.000077,0.001000,0.001000,0.001000,0.001000,0.001000
1049.134615,-0.001345,0.001000,0.001000,0.001000,0.001000,0.001000
1049.153846,-0.002766,0.001000,0.001000,0.001000,0.001000,0.001000
1049.173077,-0.004185,0.001000,0.001000,0.001000,0.001000,0.001000
1049.192308,-0.005600,0.001000,0.001000,0.001000,0.001000,0.001000
1049.211538,-0.007011,0.001000,0.001000,0.001000,0.001000,0.001000
1049.230769,-0.008416,0.001000,0.001000,0.001000,0.001000,0.001000
1049.250000,-0.009814,0.001000,0.001000,0.001000,0.001000,0.001000
1049.269231,-0.011204,0.001000,0.001000,0.001000,0.001000,0.001000
1049.288462,-0.012586,0.001000,0.001000,0.001000,0.001000,0.001000
1049.307692,-0.013957,0.001000,0.001000,0.001000,0.001000,0.001000
1049.326923,-0.015317,0.001000,0.001000,0.001000,0.001000,0.001000
1049.346154,-0.016664,0.001000,0.001000,0.001000,0.001000,0.001000
1049.365385,-0.017998,0.001000,0.001000,0.001000,0.001000,0.001000
1049.384615,-0.019317,0.001000,0.001000,0.001000,0.001000,0.001000
1049.403846,-0.020621,0.001000,0.001000,0.001000,0.001000,0.001000
1049.423077,-0.021908,0.001000,0.001000,0.001000,0.001000,0.001000
1049.442308,-0.023178,0.001000,0.001000,0.001000,0.001000,0.001000
1049.461538,-0.024428,0.001000,0.001000,0.001000,0.001000,0.001000
1049.480769,-0.025659,0.001000,0.001000,0.001000,0.001000,0.001000
1049.500000,-0.026869,0.001000,0.001000,0.001000,0.001000,0.001000
1049.519231,-0.028057,0.001000,0.001000,0.001000,0.001000,0.001000
1049.538462,-0.029223,0.001000,0.001000,0.001000,0.001000,0.001000
1049.557692,-0.030365,0.001000,0.001000,0.001000,0.001000,0.001000
1049.576923,-0.031483,0.001000,0.001000,0.001000,0.001000,0.001000
1049.596154,-0.032575,0.001000,0.001000,0.001000,0.001000,0.001000
1049.615385,-0.033640,0.001000,0.001000,0.001000,0.001000,0.001000
1049.634615,-0.034679,0.001000,0.001000,0.001000,0.001000,0.001000
1049.653846,-0.035689,0.001000,0.001000,0.001000,0.001000,0.001000
1049.673077,-0.036670,0.001000,0.001000,0.001000,0.001000,0.001000
1049.692308,-0.037622,0.001000,0.001000,0.001000,0.001000,0.001000
1049.711538,-0.038544,0.001000,0.001000,0.001000,0.001000,0.001000
1049.730769,-0.039434,0.001000,0.001000,0.001000,0.001000,0.001000
1049.750000,-0.040292,0.001000,0.001000,0.001000,0.001000,0.001000
1049.769231,-0.041118,0.001000,0.001000,0.001000,0.001000,0.001000
1049.788462,-0.041910,0.001000,0.001000,0.001000,0.001000,0.001000
1049.807692,-0.042669,0.001000,0.001000,0.001000,0.001000,0.001000
1049.826923,-0.043393,0.001000,0.001000,0.001000,0.001000,0.001000
1049.846154,-0.044082,0.001000,0.001000,0.001000,0.001000,0.001000
1049.865385,-0.044735,0.001000,0.001000,0.001000,0.001000,0.001000
1049.884615,-0.045352,0.001000,0.001000,0.001000,0.001000,0.001000
1049.903846,-0.045932,0.001000,0.001000,0.001000,0.001000,0.001000
1049.923077,-0.046476,0.001000,0.001000,0.001000,0.001000,0.001000
1049.942308,-0.046981,0.001000,0.001000,0.001000,0.001000,0.001000
1049.961538,-0.047449,0.001000,0.001000,0.001000,0.001000,0.001000
1049.980769,-0.047878,0.001000,0.001000,0.001000,0.001000,0.001000
1050.000000,-0.048269,0.001000,0.001000,0.001000,0.001000,0.001000
1050.019231,-0.048620,0.001000,0.001000,0.001000,0.001000,0.001000
1050.038462,-0.048932,0.001000,0.001000,0.001000,0.001000,0.001000
1050.057692,-0.049205,0.001000,0.001000,0.001000,0.001000,0.001000
1050.076923,-0.049437,0.001000,0.001000,0.001000,0.001000,0.001000
1050.096154,-0.049630,0.001000,0.001000,0.001000,0.001000,0.001000
1050.115385,-0.049783,0.001000,0.001000,0.001000,0.001000,0.001000
1050.134615,-0.049895,0.001000,0.001000,0.001000,0.001000,0.001000
1050.153846,-0.049967,0.001000,0.001000,0.001000,0.001000,0.001000
1050.173077,-0.049998,0.001000,0.001000,0.001000,0.001000,0.001000
1050.192308,-0.049989,0.001000,0.001000,0.001000,0.001000,0.001000
1050.211538,-0.049940,0.001000,0.001000,0.001000,0.001000,0.001000
1050.230769,-0.049850,0.001000,0.001000,0.001000,0.001000,0.001000
1050.250000,-0.049720,0.001000,0.001000,0.001000,0.001000,0.001000
1050.269231,-0.049550,0.001000,0.001000,0.001000,0.001000,0.001000
1050.288462,-0.049340,0.001000,0.001000,0.001000,0.001000,0.001000
1050.307692,-0.049089,0.001000,0.001000,0.001000,0.001000,0.001000
1050.326923,-0.048799,0.001000,0.001000,0.001000,0.001000,0.001000
1050.346154,-0.048470,0.001000,0.001000,0.001000,0.001000,0.001000
1050.365385,-0.048101,0.001000,0.001000,0.001000,0.001000,0.001000
1050.384615,-0.047693,0.001000,0.001000,0.001000,0.001000,0.001000
1050.403846,-0.047247,0.001000,0.001000,0.001000,0.001000,0.001000
1050.423077,-0.046763,0.001000,0.001000,0.001000,0.001000,0.001000
1050.442308,-0.046240,0.001000,0.001000,0.001000,0.001000,0.001000
1050.461538,-0.045681,0.001000,0.001000,0.001000,0.001000,0.001000
1050.480769,-0.045084,0.001000,0.001000,0.001000,0.001000,0.001000
1050.500000,-0.044451,0.001000,0.001000,0.001000,0.001000,0.001000
1050.519231,-0.043782,0.001000,0.001000,0.001000,0.001000,0.001000
1050.538462,-0.043078,0.001000,0.001000,0.001000,0.001000,0.001000
1050.557692,-0.042338,0.001000,0.001000,0.001000,0.001000,0.001000
1050.576923,-0.041565,0.001000,0.001000,0.001000,0.001000,0.001000
1050.596154,-0.040757,0.001000,0.001000,0.001000,0.001000,0.001000
1050.615385,-0.039917,0.001000,0.001000,0.001000,0.001000,0.001000
1050.634615,-0.039045,0.001000,0.001000,0.001000,0.001000,0.001000
1050.653846,-0.038141,0.001000,0.001000,0.001000,0.001000,0.001000
1050.673077,-0.037206,0.001000,0.001000,0.001000,0.001000,0.001000
1050.692308,-0.036241,0.001000,0.001000,0.001000,0.001000,0.001000
1050.711538,-0.035247,0.001000,0.001000,0.001000,0.001000,0.001000
1050.730769,-0.034224,0.001000,0.001000,0.001000,0.001000,0.001000
1050.750000,-0.033173,0.001000,0.001000,0.001000,0.001000,0.001000
1050.769231,-0.032096,0.001000,0.001000,0.001000,0.001000,0.001000
1050.788462,-0.030992,0.001000,0.001000,0.001000,0.001000,0.001000
1050.807692,-0.029864,0.001000,0.001000,0.001000,0.001000,0.001000
1050.826923,-0.028712,0.001000,0.001000,0.001000,0.001000,0.001000
1050.846154,-0.027536,0.001000,0.001000,0.001000,0.001000,0.001000
1050.865385,-0.026338,0.001000,0.001000,0.001000,0.001000,0.001000
1050.884615,-0.025118,0.001000,0.001000,0.001000,0.001000,0.001000
1050.903846,-0.023879,0.001000,0.001000,0.001000,0.001000,0.001000
1050.923077,-0.022620,0.001000,0.001000,0.001000,0.001000,0.001000
1050.942308,-0.021342,0.001000,0.001000,0.001000,0.001000,0.001000
1050.961538,-0.020048,0.001000,0.001000,0.001000,0.001000,0.001000
1050.980769,-0.018737,0.001000,0.001000,0.001000,0.001000,0.001000
1051.000000,-0.017411,0.001000,0.001000,0.001000,0.001000,0.001000
1051.019231,-0.016071,0.001000,0.001000,0.001000,0.001000,0.001000
1051.038462,-0.014718,0.001000,0.001000,0.001000,0.001000,0.001000
1051.057692,-0.013353,0.001000,0.001000,0.001000,0.001000,0.001000
1051.076923,-0.011977,0.001000,0.001000,0.001000,0.001000,0.001000
1051.096154,-0.010592,0.001000,0.001000,0.001000,0.001000,0.001000
1051.115385,-0.009198,0.001000,0.001000,0.001000,0.001000,0.001000
1051.134615,-0.007796,0.001000,0.001000,0.001000,0.001000,0.001000
1051.153846,-0.006389,0.001000,0.001000,0.001000,0.001000,0.001000
1051.173077,-0.004976,0.001000,0.001000,0.001000,0.001000,0.001000
1051.192308,-0.003559,0.001000,0.001000,0.001000,0.001000,0.001000
1051.211538,-0.002139,0.001000,0.001000,0.001000,0.001000,0.001000
1051.230769,-0.000718,0.001000,0.001000,0.001000,0.001000,0.001000
1051.250000,0.000705,0.001000,0.001000,0.001000,0.001000,0.001000
1051.269231,0.002126,0.001000,0.001000,0.001000,0.001000,0.001000
1051.288462,0.003546,0.001000,0.001000,0.001000,0.001000,0.001000
1051.307692,0.004963,0.001000,0.001000,0.001000,0.001000,0.001000
1051.326923,0.006376,0.001000,0.001000,0.001000,0.001000,0.001000
1051.346154,0.007784,0.001000,0.001000,0.001000,0.001000,0.001000
1051.365385,0.009185,0.001000,0.001000,0.001000,0.001000,0.001000
1051.384615,0.010579,0.001000,0.001000,0.001000,0.001000,0.001000
1051.403846,0.011965,0.001000,0.001000,0.001000,0.001000,0.001000
1051.423077,0.013341,0.001000,0.001000,0.001000,0.001000,0.001000
1051.442308,0.014706,0.001000,0.001000,0.001000,0.001000,0.001000
1051.461538,0.016059,0.001000,0.001000,0.001000,0.001000,0.001000
1051.480769,0.017399,0.001000,0.001000,0.001000,0.001000,0.001000
1051.500000,0.018725,0.001000,0.001000,0.001000,0.001000,0.001000
1051.519231,0.020036,0.001000,0.001000,0.001000,0.001000,0.001000
1051.538462,0.021331,0.001000,0.001000,0.001000,0.001000,0.001000
1051.557692,0.022608,0.001000,0.001000,0.001000,0.001000,0.001000
1051.576923,0.023867,0.001000,0.001000,0.001000,0.001000,0.001000
1051.596154,0.025107,0.001000,0.001000,0.001000,0.001000,0.001000
1051.615385,0.026327,0.001000,0.001000,0.001000,0.001000,0.001000
1051.634615,0.027525,0.001000,0.001000,0.001000,0.001000,0.001000
1051.653846,0.028701,0.001000,0.001000,0.001000,0.001000,0.001000
1051.673077,0.029854,0.001000,0.001000,0.001000,0.001000,0.001000
1051.692308,0.030982,0.001000,0.001000,0.001000,0.001000,0.001000
1051.711538,0.032086,0.001000,0.001000,0.001000,0.001000,0.001000
1051.730769,0.033163,0.001000,0.001000,0.001000,0.001000,0.001000
1051.750000,0.034214,0.001000,0.001000,0.001000,0.001000,0.001000
1051.769231,0.035237,0.001000,0.001000,0.001000,0.001000,0.001000
1051.788462,0.036232,0.001000,0.001000,0.001000,0.001000,0.001000
1051.807692,0.037197,0.001000,0.001000,0.001000,0.001000,0.001000
1051.826923,0.038132,0.001000,0.001000,0.001000,0.001000,0.001000
1051.846154,0.039037,0.001000,0.001000,0.001000,0.001000,0.001000
1051.865385,0.039909,0.001000,0.001000,0.001000,0.001000,0.001000
1051.884615,0.040750,0.001000,0.001000,0.001000,0.001000,0.001000
1051.903846,0.041557,0.001000,0.001000,0.001000,0.001000,0.001000
1051.923077,0.042331,0.001000,0.001000,0.001000,0.001000,0.001000
1051.942308,0.043071,0.001000,0.001000,0.001000,0.001000,0.001000
1051.961538,0.043776,0.001000,0.001000,0.001000,0.001000,0.001000
1051.980769,0.044445,0.001000,0.001000,0.001000,0.001000,0.001000
1052.000000,0.045079,0.001000,0.001000,0.001000,0.001000,0.001000
1052.019231,0.045675,0.001000,0.001000,0.001000,0.001000,0.001000
1052.038462,0.046236,0.001000,0.001000,0.001000,0.001000,0.001000
1052.057692,0.046758,0.001000,0.001000,0.001000,0.001000,0.001000
1052.076923,0.047243,0.001000,0.001000,0.001000,0.001000,0.001000
1052.096154,0.047689,0.001000,0.001000,0.001000,0.001000,0.001000
1052.115385,0.048097,0.001000,0.001000,0.001000,0.001000,0.001000
1052.134615,0.048467,0.001000,0.001000,0.001000,0.001000,0.001000
1052.153846,0.048796,0.001000,0.001000,0.001000,0.001000,0.001000
1052.173077,0.049087,0.001000,0.001000,0.001000,0.001000,0.001000
1052.192308,0.049337,0.001000,0.001000,0.001000,0.001000,0.001000
1052.211538,0.049548,0.001000,0.001000,0.001000,0.001000,0.001000
1052.230769,0.049719,0.001000,0.001000,0.001000,0.001000,0.001000
1052.250000,0.049849,0.001000,0.001000,0.001000,0.001000,0.001000
1052.269231,0.049939,0.001000,0.001000,0.001000,0.001000,0.001000
1052.288462,0.049989,0.001000,0.001000,0.001000,0.001000,0.001000
1052.307692,0.049999,0.001000,0.001000,0.001000,0.001000,0.001000
1052.326923,0.049967,0.001000,0.001000,0.001000,0.001000,0.001000
1052.346154,0.049896,0.001000,0.001000,0.001000,0.001000,0.001000
1052.365385,0.049784,0.001000,0.001000,0.001000,0.001000,0.001000
1052.384615,0.049632,0.001000,0.001000,0.001000,0.001000,0.001000
1052.403846,0.049439,0.001000,0.001000,0.001000,0.001000,0.001000
1052.423077,0.049207,0.001000,0.001000,0.001000,0.001000,0.001000
1052.442308,0.048935,0.001000,0.001000,0.001000,0.001000,0.001000
1052.461538,0.048623,0.001000,0.001000,0.001000,0.001000,0.001000
1052.480769,0.048272,0.001000,0.001000,0.001000,0.001000,0.001000
1052.500000,0.047882,0.001000,0.001000,0.001000,0.001000,0.001000
1052.519231,0.047453,0.001000,0.001000,0.001000,0.001000,0.001000
1052.538462,0.046986,0.001000,0.001000,0.001000,0.001000,0.001000
1052.557692,0.046480,0.001000,0.001000,0.001000,0.001000,0.001000
1052.576923,0.045937,0.001000,0.001000,0.001000,0.001000,0.001000
1052.596154,0.045357,0.001000,0.001000,0.001000,0.001000,0.001000
1052.615385,0.044741,0.001000,0.001000,0.001000,0.001000,0.001000
1052.634615,0.044088,0.001000,0.001000,0.001000,0.001000,0.001000
1052.653846,0.043399,0.001000,0.001000,0.001000,0.001000,0.001000
1052.673077,0.042676,0.001000,0.001000,0.001000,0.001000,0.001000
1052.692308,0.041917,0.001000,0.001000,0.001000,0.001000,0.001000
1052.711538,0.041125,0.001000,0.001000,0.001000,0.001000,0.001000
1052.730769,0.040300,0.001000,0.001000,0.001000,0.001000,0.001000
1052.750000,0.039442,0.001000,0.001000,0.001000,0.001000,0.001000
1052.769231,0.038552,0.001000,0.001000,0.001000,0.001000,0.001000
1052.788462,0.037631,0.001000,0.001000,0.001000,0.001000,0.001000
1052.807692,0.036679,0.001000,0.001000,0.001000,0.001000,0.001000
1052.826923,0.035698,0.001000,0.001000,0.001000,0.001000,0.001000
1052.846154,0.034688,0.001000,0.001000,0.001000,0.001000,0.001000
1052.865385,0.033650,0.001000,0.001000,0.001000,0.001000,0.001000
1052.884615,0.032584,0.001000,0.001000,0.001000,0.001000,0.001000
1052.903846,0.031493,0.001000,0.001000,0.001000,0.001000,0.001000
1052.923077,0.030375,0.001000,0.001000,0.001000,0.001000,0.001000
1052.942308,0.029234,0.001000,0.001000,0.001000,0.001000,0.001000
1052.961538,0.028068,0.001000,0.001000,0.001000,0.001000,0.001000
1052.980769,0.026880,0.001000,0.001000,0.001000,0.001000,0.001000
1053.000000,0.025670,0.001000,0.001000,0.001000,0.001000,0.001000
1053.019231,0.024440,0.001000,0.001000,0.001000,0.001000,0.001000
1053.038462,0.023189,0.001000,0.001000,0.001000,0.001000,0.001000
1053.057692,0.021920,0.001000,0.001000,0.001000,0.001000,0.001000
1053.076923,0.020633,0.001000,0.001000,0.001000,0.001000,0.001000
1053.096154,0.019329,0.001000,0.001000,0.001000,0.001000,0.001000
1053.115385,0.018010,0.001000,0.001000,0.001000,0.001000,0.001000
1053.134615,0.016676,0.001000,0.001000,0.001000,0.001000,0.001000
1053.153846,0.015329,0.001000,0.001000,0.001000,0.001000,0.001000
1053.173077,0.013969,0.001000,0.001000,0.001000,0.001000,0.001000
1053.192308,0.012598,0.001000,0.001000,0.001000,0.001000,0.001000
1053.211538,0.011217,0.001000,0.001000,0.001000,0.001000,0.001000
1053.230769,0.009827,0.001000,0.001000,0.001000,0.001000,0.001000
1053.250000,0.008429,0.001000,0.001000,0.001000,0.001000,0.001000
1053.269231,0.007024,0.001000,0.001000,0.001000,0.001000,0.001000
1053.288462,0.005613,0.001000,0.001000,0.001000,0.001000,0.001000
1053.307692,0.004198,0.001000,0.001000,0.001000,0.001000,0.001000
1053.326923,0.002779,0.001000,0.001000,0.001000,0.001000,0.001000
1053.346154,0.001358,0.001000,0.001000,0.001000,0.001000,0.001000
1053.365385,-0.000064,0.001000,0.001000,0.001000,0.001000,0.001000
1053.384615,-0.001486,0.001000,0.001000,0.001000,0.001000,0.001000
1053.403846,-0.002907,0.001000,0.001000,0.001000,0.001000,0.001000
1053.423077,-0.004325,0.001000,0.001000,0.001000,0.001000,0.001000
1053.442308,-0.005740,0.001000,0.001000,0.001000,0.001000,0.001000
1053.461538,-0.007150,0.001000,0.001000,0.001000,0.001000,0.001000
1053.480769,-0.008555,0.001000,0.001000,0.001000,0.001000,0.001000
1053.500000,-0.009952,0.001000,0.001000,0.001000,0.001000,0.001000
1053.519231,-0.011342,0.001000,0.001000,0.001000,0.001000,0.001000
1053.538462,-0.012722,0.001000,0.001000,0.001000,0.001000,0.001000
1053.557692,-0.014092,0.001000,0.001000,0.001000,0.001000,0.001000
1053.576923,-0.015451,0.001000,0.001000,0.001000,0.001000,0.001000
1053.596154,-0.016797,0.001000,0.001000,0.001000,0.001000,0.001000
1053.615385,-0.018129,0.001000,0.001000,0.001000,0.001000,0.001000
1053.634615,-0.019447,0.001000,0.001000,0.001000,0.001000,0.001000
1053.653846,-0.020749,0.001000,0.001000,0.001000,0.001000,0.001000
1053.673077,-0.022035,0.001000,0.001000,0.001000,0.001000,0.001000
1053.692308,-0.023302,0.001000,0.001000,0.001000,0.001000,0.001000
1053.711538,-0.024551,0.001000,0.001000,0.001000,0.001000,0.001000
1053.730769,-0.025780,0.001000,0.001000,0.001000,0.001000,0.001000
1053.750000,-0.026988,0.001000,0.001000,0.001000,0.001000,0.001000
1053.769231,-0.028174,0.001000,0.001000,0.001000,0.001000,0.001000
1053.788462,-0.029337,0.001000,0.001000,0.001000,0.001000,0.001000
1053.807692,-0.030477,0.001000,0.001000,0.001000,0.001000,0.001000
1053.826923,-0.031592,0.001000,0.001000,0.001000,0.001000,0.001000
1053.846154,-0.032681,0.001000,0.001000,0.001000,0.001000,0.001000
1053.865385,-0.033744,0.001000,0.001000,0.001000,0.001000,0.001000
1053.884615,-0.034780,0.001000,0.001000,0.001000,0.001000,0.001000
1053.903846,-0.035787,0.001000,0.001000,0.001000,0.001000,0.001000
1053.923077,-0.036766,0.001000,0.001000,0.001000,0.001000,0.001000
1053.942308,-0.037715,0.001000,0.001000,0.001000,0.001000,0.001000
1053.961538,-0.038633,0.001000,0.001000,0.001000,0.001000,0.001000
1053.980769,-0.039520,0.001000,0.001000,0.001000,0.001000,0.001000
1054.000000,-0.040375,0.001000,0.001000,0.001000,0.001000,0.001000
1054.019231,-0.041198,0.001000,0.001000,0.001000,0.001000,0.001000
1054.038462,-0.041987,0.001000,0.001000,0.001000,0.001000,0.001000
1054.057692,-0.042742,0.001000,0.001000,0.001000,0.001000,0.001000
1054.076923,-0.043463,0.001000,0.001000,0.001000,0.001000,0.001000
1054.096154,-0.044148,0.001000,0.001000,0.001000,0.001000,0.001000
1054.115385,-0.044798,0.001000,0.001000,0.001000,0.001000,0.001000
1054.134615,-0.045411,0.001000,0.001000,0.001000,0.001000,0.001000
1054.153846,-0.045988,0.001000,0.001000,0.001000,0.001000,0.001000
1054.173077,-0.046527,0.001000,0.001000,0.001000,0.001000,0.001000
1054.192308,-0.047029,0.001000,0.001000,0.001000,0.001000,0.001000
1054.211538,-0.047493,0.001000,0.001000,0.001000,0.001000,0.001000
1054.230769,-0.047918,0.001000,0.001000,0.001000,0.001000,0.001000
1054.250000,-0.048305,0.001000,0.001000,0.001000,0.001000,0.001000
1054.269231,-0.048653,0.001000,0.001000,0.001000,0.001000,0.001000
1054.288462,-0.048961,0.001000,0.001000,0.001000,0.001000,0.001000
1054.307692,-0.049229,0.001000,0.001000,0.001000,0.001000,0.001000
1054.326923,-0.049458,0.001000,0.001000,0.001000,0.001000,0.001000
1054.346154,-0.049647,0.001000,0.001000,0.001000,0.001000,0.001000
1054.365385,-0.049796,0.001000,0.001000,0.001000,0.001000,0.001000
1054.384615,-0.049904,0.001000,0.001000,0.001000,0.001000,0.001000
1054.403846,-0.049972,0.001000,0.001000,0.001000,0.001000,0.001000
1054.423077,-0.049999,0.001000,0.001000,0.001000,0.001000,0.001000
1054.442308,-0.049986,0.001000,0.001000,0.001000,0.001000,0.001000
1054.461538,-0.049933,0.001000,0.001000,0.001000,0.001000,0.001000
1054.480769,-0.049839,0.001000,0.001000,0.001000,0.001000,0.001000
1054.500000,-0.049705,0.001000,0.001000,0.001000,0.001000,0.001000
1054.519231,-0.049531,0.001000,0.001000,0.001000,0.001000,0.001000
1054.538462,-0.049317,0.001000,0.001000,0.001000,0.001000,0.001000
1054.557692,-0.049062,0.001000,0.001000,0.001000,0.001000,0.001000
1054.576923,-0.048768,0.001000,0.001000,0.001000,0.001000,0.001000
1054.596154,-0.048435,0.001000,0.001000,0.001000,0.001000,0.001000
1054.615385,-0.048062,0.001000,0.001000,0.001000,0.001000,0.001000
1054.634615,-0.047651,0.001000,0.001000,0.001000,0.001000,0.001000
1054.653846,-0.047201,0.001000,0.001000,0.001000,0.001000,0.001000
1054.673077,-0.046713,0.001000,0.001000,0.001000,0.001000,0.001000
1054.692308,-0.046187,0.001000,0.001000,0.001000,0.001000,0.001000
1054.711538,-0.045623,0.001000,0.001000,0.001000,0.001000,0.001000
1054.730769,-0.045023,0.001000,0.001000,0.001000,0.001000,0.001000
1054.750000,-0.044386,0.001000,0.001000,0.001000,0.001000,0.001000
1054.769231,-0.043714,0.001000,0.001000,0.001000,0.001000,0.001000
1054.788462,-0.043006,0.001000,0.001000,0.001000,0.001000,0.001000
1054.807692,-0.042263,0.001000,0.001000,0.001000,0.001000,0.001000
1054.826923,-0.041486,0.001000,0.001000,0.001000,0.001000,0.001000
1054.846154,-0.040676,0.001000,0.001000,0.001000,0.001000,0.001000
1054.865385,-0.039832,0.001000,0.001000,0.001000,0.001000,0.001000
1054.884615,-0.038957,0.001000,0.001000,0.001000,0.001000,0.001000
1054.903846,-0.038049,0.001000,0.001000,0.001000,0.001000,0.001000
1054.923077,-0.037112,0.001000,0.001000,0.001000,0.001000,0.001000
1054.942308,-0.036144,0.001000,0.001000,0.001000,0.001000,0.001000
1054.961538,-0.035146,0.001000,0.001000,0.001000,0.001000,0.001000
1054.980769,-0.034121,0.001000,0.001000,0.001000,0.001000,0.001000
1055.000000,-0.033068,0.001000,0.001000,0.001000,0.001000,0.001000
1055.019231,-0.031988,0.001000,0.001000,0.001000,0.001000,0.001000
1055.038462,-0.030882,0.001000,0.001000,0.001000,0.001000,0.001000
1055.057692,-0.029751,0.001000,0.001000,0.001000,0.001000,0.001000
1055.076923,-0.028596,0.001000,0.001000,0.001000,0.001000,0.001000
1055.096154,-0.027418,0.001000,0.001000,0.001000,0.001000,0.001000
1055.115385,-0.026218,0.001000,0.001000,0.001000,0.001000,0.001000
1055.134615,-0.024996,0.001000,0.001000,0.001000,0.001000,0.001000
1055.153846,-0.023755,0.001000,0.001000,0.001000,0.001000,0.001000
1055.173077,-0.022494,0.001000,0.001000,0.001000,0.001000,0.001000
1055.192308,-0.021215,0.001000,0.001000,0.001000,0.001000,0.001000
1055.211538,-0.019919,0.001000,0.001000,0.001000,0.001000,0.001000
1055.230769,-0.018606,0.001000,0.001000,0.001000,0.001000,0.001000
1055.250000,-0.017279,0.001000,0.001000,0.001000,0.001000,0.001000
1055.269231,-0.015938,0.001000,0.001000,0.001000,0.001000,0.001000
1055.288462,-0.014583,0.001000,0.001000,0.001000,0.001000,0.001000
1055.307692,-0.013217,0.001000,0.001000,0.001000,0.001000,0.001000
1055.326923,-0.011840,0.001000,0.001000,0.001000,0.001000,0.001000
1055.346154,-0.010454,0.001000,0.001000,0.001000,0.001000,0.001000
1055.365385,-0.009059,0.001000,0.001000,0.001000,0.001000,0.001000
1055.384615,-0.007657,0.001000,0.001000,0.001000,0.001000,0.001000
1055.403846,-0.006249,0.001000,0.001000,0.001000,0.001000,0.001000
1055.423077,-0.004836,0.001000,0.001000,0.001000,0.001000,0.001000
1055.442308,-0.003418,0.001000,0.001000,0.001000,0.001000,0.001000
1055.461538,-0.001998,0.001000,0.001000,0.001000,0.001000,0.001000
1055.480769,-0.000577,0.001000,0.001000,0.001000,0.001000,0.001000
1055.500000,0.000845,0.001000,0.001000,0.001000,0.001000,0.001000
1055.519231,0.002267,0.001000,0.001000,0.001000,0.001000,0.001000
1055.538462,0.003687,0.001000,0.001000,0.001000,0.001000,0.001000
1055.557692,0.005103,0.001000,0.001000,0.001000,0.001000,0.001000
1055.576923,0.006516,0.001000,0.001000,0.001000,0.001000,0.001000
1055.596154,0.007923,0.001000,0.001000,0.001000,0.001000,0.001000
1055.615385,0.009324,0.001000,0.001000,0.001000,0.001000,0.001000
1055.634615,0.010717,0.001000,0.001000,0.001000,0.001000,0.001000
1055.653846,0.012102,0.001000,0.001000,0.001000,0.001000,0.001000
1055.673077,0.013476,0.001000,0.001000,0.001000,0.001000,0.001000
1055.692308,0.014840,0.001000,0.001000,0.001000,0.001000,0.001000
1055.711538,0.016192,0.001000,0.001000,0.001000,0.001000,0.001000
1055.730769,0.017531,0.001000,0.001000,0.001000,0.001000,0.001000
1055.750000,0.018856,0.001000,0.001000,0.001000,0.001000,0.001000
1055.769231,0.020165,0.001000,0.001000,0.001000,0.001000,0.001000
1055.788462,0.021458,0.001000,0.001000,0.001000,0.001000,0.001000
1055.807692,0.022734,0.001000,0.001000,0.001000,0.001000,0.001000
1055.826923,0.023991,0.001000,0.001000,0.001000,0.001000,0.001000
1055.846154,0.025229,0.001000,0.001000,0.001000,0.001000,0.001000
1055.865385,0.026446,0.001000,0.001000,0.001000,0.001000,0.001000
1055.884615,0.027642,0.001000,0.001000,0.001000,0.001000,0.001000
1055.903846,0.028816,0.001000,0.001000,0.001000,0.001000,0.001000
1055.923077,0.029967,0.001000,0.001000,0.001000,0.001000,0.001000
1055.942308,0.031093,0.001000,0.001000,0.001000,0.001000,0.001000
1055.961538,0.032194,0.001000,0.001000,0.001000,0.001000,0.001000
1055.980769,0.033269,0.001000,0.001000,0.001000,0.001000,0.001000
1056.000000,0.034317,0.001000,0.001000,0.001000,0.001000,0.001000
1056.019231,0.035337,0.001000,0.001000,0.001000,0.001000,0.001000
1056.038462,0.036329,0.001000,0.001000,0.001000,0.001000,0.001000
1056.057692,0.037291,0.001000,0.001000,0.001000,0.001000,0.001000
1056.076923,0.038223,0.001000,0.001000,0.001000,0.001000,0.001000
1056.096154,0.039125,0.001000,0.001000,0.001000,0.001000,0.001000
1056.115385,0.039994,0.001000,0.001000,0.001000,0.001000,0.001000
1056.134615,0.040831,0.001000,0.001000,0.001000,0.001000,0.001000
1056.153846,0.041636,0.001000,0.001000,0.001000,0.001000,0.001000
1056.173077,0.042406,0.001000,0.001000,0.001000,0.001000,0.001000
1056.192308,0.043142,0.001000,0.001000,0.001000,0.001000,0.001000
1056.211538,0.043844,0.001000,0.001000,0.001000,0.001000,0.001000
1056.230769,0.044509,0.001000,0.001000,0.001000,0.001000,0.001000
1056.250000,0.045139,0.001000,0.001000,0.001000,0.001000,0.001000
1056.269231,0.045733,0.001000,0.001000,0.001000,0.001000,0.001000
1056.288462,0.046289,0.001000,0.001000,0.001000,0.001000,0.001000
1056.307692,0.046808,0.001000,0.001000,0.001000,0.001000,0.001000
1056.326923,0.047289,0.001000,0.001000,0.001000,0.001000,0.001000
1056.346154,0.047732,0.001000,0.001000,0.001000,0.001000,0.001000
1056.365385,0.048136,0.001000,0.001000,0.001000,0.001000,0.001000
1056.384615,0.048501,0.001000,0.001000,0.001000,0.001000,0.001000
1056.403846,0.048827,0.001000,0.001000,0.001000,0.001000,0.001000
1056.423077,0.049113,0.001000,0.001000,0.001000,0.001000,0.001000
1056.442308,0.049360,0.001000,0.001000,0.001000,0.001000,0.001000
1056.461538,0.049567,0.001000,0.001000,0.001000,0.001000,0.001000
1056.480769,0.049734,0.001000,0.001000,0.001000,0.001000,0.001000
1056.500000,0.049860,0.001000,0.001000,0.001000,0.001000,0.001000
1056.519231,0.049946,0.001000,0.001000,0.001000,0.001000,0.001000
1056.538462,0.049992,0.001000,0.001000,0.001000,0.001000,0.001000
1056.557692,0.049997,0.001000,0.001000,0.001000,0.001000,0.001000
1056.576923,0.049962,0.001000,0.001000,0.001000,0.001000,0.001000
1056.596154,0.049887,0.001000,0.001000,0.001000,0.001000,0.001000
1056.615385,0.049771,0.001000,0.001000,0.001000,0.001000,0.001000
1056.634615,0.049614,0.001000,0.001000,0.001000,0.001000,0.001000
1056.653846,0.049418,0.001000,0.001000,0.001000,0.001000,0.001000
1056.673077,0.049182,0.001000,0.001000,0.001000,0.001000,0.001000
1056.692308,0.048906,0.001000,0.001000,0.001000,0.001000,0.001000
1056.711538,0.048590,0.001000,0.001000,0.001000,0.001000,0.001000
1056.730769,0.048235,0.001000,0.001000,0.001000,0.001000,0.001000
1056.750000,0.047841,0.001000,0.001000,0.001000,0.001000,0.001000
1056.769231,0.047408,0.001000,0.001000,0.001000,0.001000,0.001000
1056.788462,0.046937,0.001000,0.001000,0.001000,0.001000,0.001000
1056.807692,0.046428,0.001000,0.001000,0.001000,0.001000,0.001000
1056.826923,0.045882,0.001000,0.001000,0.001000,0.001000,0.001000
1056.846154,0.045298,0.001000,0.001000,0.001000,0.001000,0.001000
1056.865385,0.044678,0.001000,0.001000,0.001000,0.001000,0.001000
1056.884615,0.044021,0.001000,0.001000,0.001000,0.001000,0.001000
1056.903846,0.043329,0.001000,0.001000,0.001000,0.001000,0.001000
1056.923077,0.042602,0.001000,0.001000,0.001000,0.001000,0.001000
1056.942308,0.041840,0.001000,0.001000,0.001000,0.001000,0.001000
1056.961538,0.041045,0.001000,0.001000,0.001000,0.001000,0.001000
1056.980769,0.040216,0.001000,0.001000,0.001000,0.001000,0.001000
1057.000000,0.039355,0.001000,0.001000,0.001000,0.001000,0.001000
1057.019231,0.038462,0.001000,0.001000,0.001000,0.001000,0.001000
1057.038462,0.037538,0.001000,0.001000,0.001000,0.001000,0.001000
1057.057692,0.036583,0.001000,0.001000,0.001000,0.001000,0.001000
1057.076923,0.035599,0.001000,0.001000,0.001000,0.001000,0.001000
1057.096154,0.034586,0.001000,0.001000,0.001000,0.001000,0.001000
1057.115385,0.033545,0.001000,0.001000,0.001000,0.001000,0.001000
1057.134615,0.032477,0.001000,0.001000,0.001000,0.001000,0.001000
1057.153846,0.031383,0.001000,0.001000,0.001000,0.001000,0.001000
1057.173077,0.030263,0.001000,0.001000,0.001000,0.001000,0.001000
1057.192308,0.029119,0.001000,0.001000,0.001000,0.001000,0.001000
1057.211538,0.027951,0.001000,0.001000,0.001000,0.001000,0.001000
1057.230769,0.026761,0.001000,0.001000,0.001000,0.001000,0.001000
1057.250000,0.025549,0.001000,0.001000,0.001000,0.001000,0.001000
1057.269231,0.024316,0.001000,0.001000,0.001000,0.001000,0.001000
1057.288462,0.023064,0.001000,0.001000,0.001000,0.001000,0.001000
1057.307692,0.021793,0.001000,0.001000,0.001000,0.001000,0.001000
1057.326923,0.020505,0.001000,0.001000,0.001000,0.001000,0.001000
1057.346154,0.019199,0.001000,0.001000,0.001000,0.001000,0.001000
1057.365385,0.017879,0.001000,0.001000,0.001000,0.001000,0.001000
1057.384615,0.016543,0.001000,0.001000,0.001000,0.001000,0.001000
1057.403846,0.015195,0.001000,0.001000,0.001000,0.001000,0.001000
1057.423077,0.013834,0.001000,0.001000,0.001000,0.001000,0.001000
1057.442308,0.012462,0.001000,0.001000,0.001000,0.001000,0.001000
1057.461538,0.011080,0.001000,0.001000,0.001000,0.001000,0.001000
1057.480769,0.009689,0.001000,0.001000,0.001000,0.001000,0.001000
1057.500000,0.008290,0.001000,0.001000,0.001000,0.001000,0.001000
1057.519231,0.006884,0.001000,0.001000,0.001000,0.001000,0.001000
1057.538462,0.005473,0.001000,0.001000,0.001000,0.001000,0.001000
1057.557692,0.004057,0.001000,0.001000,0.001000,0.001000,0.001000
1057.576923,0.002638,0.001000,0.001000,0.001000,0.001000,0.001000
1057.596154,0.001217,0.001000,0.001000,0.001000,0.001000,0.001000
1057.615385,-0.000205,0.001000,0.001000,0.001000,0.001000,0.001000
1057.634615,-0.001627,0.001000,0.001000,0.001000,0.001000,0.001000
1057.653846,-0.003047,0.001000,0.001000,0.001000,0.001000,0.001000
1057.673077,-0.004465,0.001000,0.001000,0.001000,0.001000,0.001000
1057.692308,-0.005880,0.001000,0.001000,0.001000,0.001000,0.001000
1057.711538,-0.007290,0.001000,0.001000,0.001000,0.001000,0.001000
1057.730769,-0.008694,0.001000,0.001000,0.001000,0.001000,0.001000
1057.750000,-0.010090,0.001000,0.001000,0.001000,0.001000,0.001000
1057.769231,-0.011479,0.001000,0.001000,0.001000,0.001000,0.001000
1057.788462,-0.012858,0.001000,0.001000,0.001000,0.001000,0.001000
1057.807692,-0.014227,0.001000,0.001000,0.001000,0.001000,0.001000
1057.826923,-0.015585,0.001000,0.001000,0.001000,0.001000,0.001000
1057.846154,-0.016930,0.001000,0.001000,0.001000,0.001000,0.001000
1057.865385,-0.018261,0.001000,0.001000,0.001000,0.001000,0.001000
1057.884615,-0.019577,0.001000,0.001000,0.001000,0.001000,0.001000
1057.903846,-0.020878,0.001000,0.001000,0.001000,0.001000,0.001000
1057.923077,-0.022161,0.001000,0.001000,0.001000,0.001000,0.001000
1057.942308,-0.023427,0.001000,0.001000,0.001000,0.001000,0.001000
1057.961538,-0.024674,0.001000,0.001000,0.001000,0.001000,0.001000
1057.980769,-0.025901,0.001000,0.001000,0.001000,0.001000,0.001000
1058.000000,-0.027106,0.001000,0.001000,0.001000,0.001000,0.001000
1058.019231,-0.028290,0.001000,0.001000,0.001000,0.001000,0.001000
1058.038462,-0.029451,0.001000,0.001000,0.001000,0.001000,0.001000
1058.057692,-0.030589,0.001000,0.001000,0.001000,0.001000,0.001000
1058.076923,-0.031701,0.001000,0.001000,0.001000,0.001000,0.001000
1058.096154,-0.032788,0.001000,0.001000,0.001000,0.001000,0.001000
1058.115385,-0.033848,0.001000,0.001000,0.001000,0.001000,0.001000
1058.134615,-0.034881,0.001000,0.001000,0.001000,0.001000,0.001000
1058.153846,-0.035886,0.001000,0.001000,0.001000,0.001000,0.001000
1058.173077,-0.036861,0.001000,0.001000,0.001000,0.001000,0.001000
1058.192308,-0.037807,0.001000,0.001000,0.001000,0.001000,0.001000
1058.211538,-0.038722,0.001000,0.001000,0.001000,0.001000,0.001000
1058.230769,-0.039606,0.001000,0.001000,0.001000,0.001000,0.001000
1058.250000,-0.040458,0.001000,0.001000,0.001000,0.001000,0.001000
1058.269231,-0.041277,0.001000,0.001000,0.001000,0.001000,0.001000
1058.288462,-0.042063,0.001000,0.001000,0.001000,0.001000,0.001000
1058.307692,-0.042815,0.001000,0.001000,0.001000,0.001000,0.001000
1058.326923,-0.043532,0.001000,0.001000,0.001000,0.001000,0.001000
1058.346154,-0.044214,0.001000,0.001000,0.001000,0.001000,0.001000
1058.365385,-0.044860,0.001000,0.001000,0.001000,0.001000,0.001000
1058.384615,-0.045470,0.001000,0.001000,0.001000,0.001000,0.001000
1058.403846,-0.046043,0.001000,0.001000,0.001000,0.001000,0.001000
1058.423077,-0.046579,0.001000,0.001000,0.001000,0.001000,0.001000
1058.442308,-0.047077,0.001000,0.001000,0.001000,0.001000,0.001000
1058.461538,-0.047537,0.001000,0.001000,0.001000,0.001000,0.001000
1058.480769,-0.047959,0.001000,0.001000,0.001000,0.001000,0.001000
1058.500000,-0.048341,0.001000,0.001000,0.001000,0.001000,0.001000
1058.519231,-0.048685,0.001000,0.001000,0.001000,0.001000,0.001000
1058.538462,-0.048989,0.001000,0.001000,0.001000,0.001000,0.001000
1058.557692,-0.049254,0.001000,0.001000,0.001000,0.001000,0.001000
1058.576923,-0.049479,0.001000,0.001000,0.001000,0.001000,0.001000
1058.596154,-0.049664,0.001000,0.001000,0.001000,0.001000,0.001000
1058.615385,-0.049808,0.001000,0.001000,0.001000,0.001000,0.001000
1058.634615,-0.049912,0.001000,0.001000,0.001000,0.001000,0.001000
1058.653846,-0.049976,0.001000,0.001000,0.001000,0.001000,0.001000
1058.673077,-0.050000,0.001000,0.001000,0.001000,0.001000,0.001000
1058.692308,-0.049983,0.001000,0.001000,0.001000,0.001000,0.001000
1058.711538,-0.049926,0.001000,0.001000,0.001000,0.001000,0.001000
1058.730769,-0.049828,0.001000,0.001000,0.001000,0.001000,0.001000
1058.750000,-0.049690,0.001000,0.001000,0.001000,0.001000,0.001000
1058.769231,-0.049511,0.001000,0.001000,0.001000,0.001000,0.001000
1058.788462,-0.049293,0.001000,0.001000,0.001000,0.001000,0.001000
1058.807692,-0.049035,0.001000,0.001000,0.001000,0.001000,0.001000
1058.826923,-0.048737,0.001000,0.001000,0.001000,0.001000,0.001000
1058.846154,-0.048400,0.001000,0.001000,0.001000,0.001000,0.001000
1058.865385,-0.048023,0.001000,0.001000,0.001000,0.001000,0.001000
1058.884615,-0.047608,0.001000,0.001000,0.001000,0.001000,0.001000
1058.903846,-0.047154,0.001000,0.001000,0.001000,0.001000,0.001000
1058.923077,-0.046662,0.001000,0.001000,0.001000,0.001000,0.001000
1058.942308,-0.046132,0.001000,0.001000,0.001000,0.001000,0.001000
1058.961538,-0.045565,0.001000,0.001000,0.001000,0.001000,0.001000
1058.980769,-0.044962,0.001000,0.001000,0.001000,0.001000,0.001000
1059.000000,-0.044321,0.001000,0.001000,0.001000,0.001000,0.001000
1059.019231,-0.043645,0.001000,0.001000,0.001000,0.001000,0.001000
1059.038462,-0.042934,0.001000,0.001000,0.001000,0.001000,0.001000
1059.057692,-0.042188,0.001000,0.001000,0.001000,0.001000,0.001000
1059.076923,-0.041407,0.001000,0.001000,0.001000,0.001000,0.001000
1059.096154,-0.040594,0.001000,0.001000,0.001000,0.001000,0.001000
1059.115385,-0.039747,0.001000,0.001000,0.001000,0.001000,0.001000
1059.134615,-0.038868,0.001000,0.001000,0.001000,0.001000,0.001000
1059.153846,-0.037958,0.001000,0.001000,0.001000,0.001000,0.001000
1059.173077,-0.037017,0.001000,0.001000,0.001000,0.001000,0.001000
1059.192308,-0.036046,0.001000,0.001000,0.001000,0.001000,0.001000
1059.211538,-0.035046,0.001000,0.001000,0.001000,0.001000,0.001000
1059.230769,-0.034018,0.001000,0.001000,0.001000,0.001000,0.001000
1059.250000,-0.032962,0.001000,0.001000,0.001000,0.001000,0.001000
1059.269231,-0.031879,0.001000,0.001000,0.001000,0.001000,0.001000
1059.288462,-0.030771,0.001000,0.001000,0.001000,0.001000,0.001000
1059.307692,-0.029638,0.001000,0.001000,0.001000,0.001000,0.001000
1059.326923,-0.028480,0.001000,0.001000,0.001000,0.001000,0.001000
1059.346154,-0.027300,0.001000,0.001000,0.001000,0.001000,0.001000
1059.365385,-0.026098,0.001000,0.001000,0.001000,0.001000,0.001000
1059.384615,-0.024874,0.001000,0.001000,0.001000,0.001000,0.001000
1059.403846,-0.023631,0.001000,0.001000,0.001000,0.001000,0.001000
1059.423077,-0.022368,0.001000,0.001000,0.001000,0.001000,0.001000
1059.442308,-0.021087,0.001000,0.001000,0.001000,0.001000,0.001000
1059.461538,-0.019789,0.001000,0.001000,0.001000,0.001000,0.001000
1059.480769,-0.018475,0.001000,0.001000,0.001000,0.001000,0.001000
1059.500000,-0.017147,0.001000,0.001000,0.001000,0.001000,0.001000
1059.519231,-0.015804,0.001000,0.001000,0.001000,0.001000,0.001000
1059.538462,-0.014448,0.001000,0.001000,0.001000,0.001000,0.001000
1059.557692,-0.013081,0.001000,0.001000,0.001000,0.001000,0.001000
1059.576923,-0.011704,0.001000,0.001000,0.001000,0.001000,0.001000
1059.596154,-0.010316,0.001000,0.001000,0.001000,0.001000,0.001000
1059.615385,-0.008921,0.001000,0.001000,0.001000,0.001000,0.001000
1059.634615,-0.007518,0.001000,0.001000,0.001000,0.001000,0.001000
1059.653846,-0.006109,0.001000,0.001000,0.001000,0.001000,0.001000
1059.673077,-0.004695,0.001000,0.001000,0.001000,0.001000,0.001000
1059.692308,-0.003278,0.001000,0.001000,0.001000,0.001000,0.001000
1059.711538,-0.001857,0.001000,0.001000,0.001000,0.001000,0.001000
1059.730769,-0.000436,0.001000,0.001000,0.001000,0.001000,0.001000
1059.750000,0.000986,0.001000,0.001000,0.001000,0.001000,0.001000
1059.769231,0.002408,0.001000,0.001000,0.001000,0.001000,0.001000
1059.788462,0.003827,0.001000,0.001000,0.001000,0.001000,0.001000
1059.807692,0.005243,0.001000,0.001000,0.001000,0.001000,0.001000
1059.826923,0.006655,0.001000,0.001000,0.001000,0.001000,0.001000
1059.846154,0.008062,0.001000,0.001000,0.001000,0.001000,0.001000
1059.865385,0.009462,0.001000,0.001000,0.001000,0.001000,0.001000
1059.884615,0.010855,0.001000,0.001000,0.001000,0.001000,0.001000
1059.903846,0.012238,0.001000,0.001000,0.001000,0.001000,0.001000
1059.923077,0.013612,0.001000,0.001000,0.001000,0.001000,0.001000
1059.942308,0.014975,0.001000,0.001000,0.001000,0.001000,0.001000
1059.961538,0.016325,0.001000,0.001000,0.001000,0.001000,0.001000
1059.980769,0.017663,0.001000,0.001000,0.001000,0.001000,0.001000
1060.000000,0.000000,0.001000,0.001000,0.001000,0.001000,0.001000
1060.019231,0.001362,0.001000,0.001000,0.001000,0.001000,0.001000
1060.038462,0.002723,0.001000,0.001000,0.001000,0.001000,0.001000
1060.057692,0.004082,0.001000,0.001000,0.001000,0.001000,0.001000
1060.076923,0.005439,0.001000,0.001000,0.001000,0.001000,0.001000
1060.096154,0.006791,0.001000,0.001000,0.001000,0.001000,0.001000
1060.115385,0.008138,0.001000,0.001000,0.001000,0.001000,0.001000
1060.134615,0.009479,0.001000,0.001000,0.001000,0.001000,0.001000
1060.153846,0.010813,0.001000,0.001000,0.001000,0.001000,0.001000
1060.173077,0.012139,0.001000,0.001000,0.001000,0.001000,0.001000
1060.192308,0.013455,0.001000,0.001000,0.001000,0.001000,0.001000
1060.211538,0.014762,0.001000,0.001000,0.001000,0.001000,0.001000
1060.230769,0.016058,0.001000,0.001000,0.001000,0.001000,0.001000
1060.250000,0.017342,0.001000,0.001000,0.001000,0.001000,0.001000
1060.269231,0.018614,0.001000,0.001000,0.001000,0.001000,0.001000
1060.288462,0.019871,0.001000,0.001000,0.001000,0.001000,0.001000
1060.307692,0.021113,0.001000,0.001000,0.001000,0.001000,0.001000
1060.326923,0.022340,0.001000,0.001000,0.001000,0.001000,0.001000
1060.346154,0.023551,0.001000,0.001000,0.001000,0.001000,0.001000
1060.365385,0.024744,0.001000,0.001000,0.001000,0.001000,0.001000
1060.384615,0.025918,0.001000,0.001000,0.001000,0.001000,0.001000
1060.403846,0.027073,0.001000,0.001000,0.001000,0.001000,0.001000
1060.423077,0.028208,0.001000,0.001000,0.001000,0.001000,0.001000
1060.442308,0.029323,0.001000,0.001000,0.001000,0.001000,0.001000
1060.461538,0.030415,0.001000,0.001000,0.001000,0.001000,0.001000
1060.480769,0.031485,0.001000,0.001000,0.001000,0.001000,0.001000
1060.500000,0.032532,0.001000,0.001000,0.001000,0.001000,0.001000
1060.519231,0.033554,0.001000,0.001000,0.001000,0.001000,0.001000
1060.538462,0.034551,0.001000,0.001000,0.001000,0.001000,0.001000
1060.557692,0.035523,0.001000,0.001000,0.001000,0.001000,0.001000
1060.576923,0.036469,0.001000,0.001000,0.001000,0.001000,0.001000
1060.596154,0.037387,0.001000,0.001000,0.001000,0.001000,0.001000
1060.615385,0.038277,0.001000,0.001000,0.001000,0.001000,0.001000
1060.634615,0.039140,0.001000,0.001000,0.001000,0.001000,0.001000
1060.653846,0.039973,0.001000,0.001000,0.001000,0.001000,0.001000
1060.673077,0.040776,0.001000,0.001000,0.001000,0.001000,0.001000
1060.692308,0.041549,0.001000,0.001000,0.001000,0.001000,0.001000
1060.711538,0.042292,0.001000,0.001000,0.001000,0.001000,0.001000
1060.730769,0.043003,0.001000,0.001000,0.001000,0.001000,0.001000
1060.750000,0.043682,0.001000,0.001000,0.001000,0.001000,0.001000
1060.769231,0.044328,0.001000,0.001000,0.001000,0.001000,0.001000
1060.788462,0.044942,0.001000,0.001000,0.001000,0.001000,0.001000
1060.807692,0.045522,0.001000,0.001000,0.001000,0.001000,0.001000
1060.826923,0.046069,0.001000,0.001000,0.001000,0.001000,0.001000
1060.846154,0.046581,0.001000,0.001000,0.001000,0.001000,0.001000
1060.865385,0.047059,0.001000,0.001000,0.001000,0.001000,0.001000
1060.884615,0.047502,0.001000,0.001000,0.001000,0.001000,0.001000
1060.903846,0.047909,0.001000,0.001000,0.001000,0.001000,0.001000
1060.923077,0.048281,0.001000,0.001000,0.001000,0.001000,0.001000
1060.942308,0.048617,0.001000,0.001000,0.001000,0.001000,0.001000
1060.961538,0.048918,0.001000,0.001000,0.001000,0.001000,0.001000
1060.980769,0.049181,0.001000,0.001000,0.001000,0.001000,0.001000
1061.000000,0.049409,0.001000,0.001000,0.001000,0.001000,0.001000
1061.019231,0.049599,0.001000,0.001000,0.001000,0.001000,0.001000
1061.038462,0.049753,0.001000,0.001000,0.001000,0.001000,0.001000
1061.057692,0.049870,0.001000,0.001000,0.001000,0.001000,0.001000
1061.076923,0.049949,0.001000,0.001000,0.001000,0.001000,0.001000
1061.096154,0.049992,0.001000,0.001000,0.001000,0.001000,0.001000
1061.115385,0.049998,0.001000,0.001000,0.001000,0.001000,0.001000
1061.134615,0.049966,0.001000,0.001000,0.001000,0.001000,0.001000
1061.153846,0.049898,0.001000,0.001000,0.001000,0.001000,0.001000
1061.173077,0.049792,0.001000,0.001000,0.001000,0.001000,0.001000
1061.192308,0.049649,0.001000,0.001000,0.001000,0.001000,0.001000
1061.211538,0.049470,0.001000,0.001000,0.001000,0.001000,0.001000
1061.230769,0.049254,0.001000,0.001000,0.001000,0.001000,0.001000
1061.250000,0.049001,0.001000,0.001000,0.001000,0.001000,0.001000
1061.269231,0.048712,0.001000,0.001000,0.001000,0.001000,0.001000
1061.288462,0.048387,0.001000,0.001000,0.001000,0.001000,0.001000
1061.307692,0.048025,0.001000,0.001000,0.001000,0.001000,0.001000
1061.326923,0.047628,0.001000,0.001000,0.001000,0.001000,0.001000
1061.346154,0.047196,0.001000,0.001000,0.001000,0.001000,0.001000
1061.365385,0.046729,0.001000,0.001000,0.001000,0.001000,0.001000
1061.384615,0.046227,0.001000,0.001000,0.001000,0.001000,0.001000
1061.403846,0.045691,0.001000,0.001000,0.001000,0.001000,0.001000
1061.423077,0.045121,0.001000,0.001000,0.001000,0.001000,0.001000
1061.442308,0.044517,0.001000,0.001000,0.001000,0.001000,0.001000
1061.461538,0.043880,0.001000,0.001000,0.001000,0.001000,0.001000
1061.480769,0.043211,0.001000,0.001000,0.001000,0.001000,0.001000
1061.500000,0.042510,0.001000,0.001000,0.001000,0.001000,0.001000
1061.519231,0.041777,0.001000,0.001000,0.001000,0.001000,0.001000
1061.538462,0.041013,0.001000,0.001000,0.001000,0.001000,0.001000
1061.557692,0.040218,0.001000,0.001000,0.001000,0.001000,0.001000
1061.576923,0.039394,0.001000,0.001000,0.001000,0.001000,0.001000
1061.596154,0.038541,0.001000,0.001000,0.001000,0.001000,0.001000
1061.615385,0.037659,0.001000,0.001000,0.001000,0.001000,0.001000
1061.634615,0.036748,0.001000,0.001000,0.001000,0.001000,0.001000
1061.653846,0.035811,0.001000,0.001000,0.001000,0.001000,0.001000
1061.673077,0.034847,0.001000,0.001000,0.001000,0.001000,0.001000
1061.692308,0.033857,0.001000,0.001000,0.001000,0.001000,0.001000
1061.711538,0.032843,0.001000,0.001000,0.001000,0.001000,0.001000
1061.730769,0.031803,0.001000,0.001000,0.001000,0.001000,0.001000
1061.750000,0.030740,0.001000,0.001000,0.001000,0.001000,0.001000
1061.769231,0.029655,0.001000,0.001000,0.001000,0.001000,0.001000
1061.788462,0.028547,0.001000,0.001000,0.001000,0.001000,0.001000
1061.807692,0.027418,0.001000,0.001000,0.001000,0.001000,0.001000
1061.826923,0.026269,0.001000,0.001000,0.001000,0.001000,0.001000
1061.846154,0.025100,0.001000,0.001000,0.001000,0.001000,0.001000
1061.865385,0.023913,0.001000,0.001000,0.001000,0.001000,0.001000
1061.884615,0.022707,0.001000,0.001000,0.001000,0.001000,0.001000
1061.903846,0.021485,0.001000,0.001000,0.001000,0.001000,0.001000
1061.923077,0.020247,0.001000,0.001000,0.001000,0.001000,0.001000
1061.942308,0.018994,0.001000,0.001000,0.001000,0.001000,0.001000
1061.961538,0.017727,0.001000,0.001000,0.001000,0.001000,0.001000
1061.980769,0.016447,0.001000,0.001000,0.001000,0.001000,0.001000
1062.000000,0.015155,0.001000,0.001000,0.001000,0.001000,0.001000
1062.019231,0.013851,0.001000,0.001000,0.001000,0.001000,0.001000
1062.038462,0.012537,0.001000,0.001000,0.001000,0.001000,0.001000
1062.057692,0.011214,0.001000,0.001000,0.001000,0.001000,0.001000
1062.076923,0.009882,0.001000,0.001000,0.001000,0.001000,0.001000
1062.096154,0.008543,0.001000,0.001000,0.001000,0.001000,0.001000
1062.115385,0.007198,0.001000,0.001000,0.001000,0.001000,0.001000
1062.134615,0.005847,0.001000,0.001000,0.001000,0.001000,0.001000
1062.153846,0.004492,0.001000,0.001000,0.001000,0.001000,0.001000
1062.173077,0.003134,0.001000,0.001000,0.001000,0.001000,0.001000
1062.192308,0.001773,0.001000,0.001000,0.001000,0.001000,0.001000
1062.211538,0.000411,0.001000,0.001000,0.001000,0.001000,0.001000
1062.230769,-0.000951,0.001000,0.001000,0.001000,0.001000,0.001000
1062.250000,-0.002313,0.001000,0.001000,0.001000,0.001000,0.001000
1062.269231,-0.003673,0.001000,0.001000,0.001000,0.001000,0.001000
1062.288462,-0.005030,0.001000,0.001000,0.001000,0.001000,0.001000
1062.307692,-0.006383,0.001000,0.001000,0.001000,0.001000,0.001000
1062.326923,-0.007732,0.001000,0.001000,0.001000,0.001000,0.001000
1062.346154,-0.009075,0.001000,0.001000,0.001000,0.001000,0.001000
1062.365385,-0.010411,0.001000,0.001000,0.001000,0.001000,0.001000
1062.384615,-0.011739,0.001000,0.001000,0.001000,0.001000,0.001000
1062.403846,-0.013059,0.001000,0.001000,0.001000,0.001000,0.001000
1062.423077,-0.014369,0.001000,0.001000,0.001000,0.001000,0.001000
1062.442308,-0.015668,0.001000,0.001000,0.001000,0.001000,0.001000
1062.461538,-0.016956,0.001000,0.001000,0.001000,0.001000,0.001000
1062.480769,-0.018231,0.001000,0.001000,0.001000,0.001000,0.001000
1062.500000,-0.019493,0.001000,0.001000,0.001000,0.001000,0.001000
1062.519231,-0.020740,0.001000,0.001000,0.001000,0.001000,0.001000
1062.538462,-0.021972,0.001000,0.001000,0.001000,0.001000,0.001000
1062.557692,-0.023187,0.001000,0.001000,0.001000,0.001000,0.001000
1062.576923,-0.024386,0.001000,0.001000,0.001000,0.001000,0.001000
1062.596154,-0.025566,0.001000,0.001000,0.001000,0.001000,0.001000
1062.615385,-0.026727,0.001000,0.001000,0.001000,0.001000,0.001000
1062.634615,-0.027868,0.001000,0.001000,0.001000,0.001000,0.001000
1062.653846,-0.028989,0.001000,0.001000,0.001000,0.001000,0.001000
1062.673077,-0.030088,0.001000,0.001000,0.001000,0.001000,0.001000
1062.692308,-0.031165,0.001000,0.001000,0.001000,0.001000,0.001000
1062.711538,-0.032218,0.001000,0.001000,0.001000,0.001000,0.001000
1062.730769,-0.033248,0.001000,0.001000,0.001000,0.001000,0.001000
1062.750000,-0.034253,0.001000,0.001000,0.001000,0.001000,0.001000
1062.769231,-0.035233,0.001000,0.001000,0.001000,0.001000,0.001000
1062.788462,-0.036186,0.001000,0.001000,0.001000,0.001000,0.001000
1062.807692,-0.037113,0.001000,0.001000,0.001000,0.001000,0.001000
1062.826923,-0.038012,0.001000,0.001000,0.001000,0.001000,0.001000
1062.846154,-0.038883,0.001000,0.001000,0.001000,0.001000,0.001000
1062.865385,-0.039724,0.001000,0.001000,0.001000,0.001000,0.001000
1062.884615,-0.040537,0.001000,0.001000,0.001000,0.001000,0.001000
1062.903846,-0.041319,0.001000,0.001000,0.001000,0.001000,0.001000
1062.923077,-0.042071,0.001000,0.001000,0.001000,0.001000,0.001000
1062.942308,-0.042792,0.001000,0.001000,0.001000,0.001000,0.001000
1062.961538,-0.043480,0.001000,0.001000,0.001000,0.001000,0.001000
1062.980769,-0.044137,0.001000,0.001000,0.001000,0.001000,0.001000
1063.000000,-0.044760,0.001000,0.001000,0.001000,0.001000,0.001000
1063.019231,-0.045351,0.001000,0.001000,0.001000,0.001000,0.001000
1063.038462,-0.045908,0.001000,0.001000,0.001000,0.001000,0.001000
1063.057692,-0.046430,0.001000,0.001000,0.001000,0.001000,0.001000
1063.076923,-0.046918,0.001000,0.001000,0.001000,0.001000,0.001000
1063.096154,-0.047372,0.001000,0.001000,0.001000,0.001000,0.001000
1063.115385,-0.047790,0.001000,0.001000,0.001000,0.001000,0.001000
1063.134615,-0.048173,0.001000,0.001000,0.001000,0.001000,0.001000
1063.153846,-0.048520,0.001000,0.001000,0.001000,0.001000,0.001000
1063.173077,-0.048831,0.001000,0.001000,0.001000,0.001000,0.001000
1063.192308,-0.049106,0.001000,0.001000,0.001000,0.001000,0.001000
1063.211538,-0.049344,0.001000,0.001000,0.001000,0.001000,0.001000
1063.230769,-0.049545,0.001000,0.001000,0.001000,0.001000,0.001000
1063.250000,-0.049710,0.001000,0.001000,0.001000,0.001000,0.001000
1063.269231,-0.049838,0.001000,0.001000,0.001000,0.001000,0.001000
1063.288462,-0.049929,0.001000,0.001000,0.001000,0.001000,0.001000
1063.307692,-0.049983,0.001000,0.001000,0.001000,0.001000,0.001000
1063.326923,-0.050000,0.001000,0.001000,0.001000,0.001000,0.001000
1063.346154,-0.049980,0.001000,0.001000,0.001000,0.001000,0.001000
1063.365385,-0.049922,0.001000,0.001000,0.001000,0.001000,0.001000
1063.384615,-0.049828,0.001000,0.001000,0.001000,0.001000,0.001000
1063.403846,-0.049696,0.001000,0.001000,0.001000,0.001000,0.001000
1063.423077,-0.049528,0.001000,0.001000,0.001000,0.001000,0.001000
1063.442308,-0.049323,0.001000,0.001000,0.001000,0.001000,0.001000
1063.461538,-0.049081,0.001000,0.001000,0.001000,0.001000,0.001000
1063.480769,-0.048803,0.001000,0.001000,0.001000,0.001000,0.001000
1063.500000,-0.048488,0.001000,0.001000,0.001000,0.001000,0.001000
1063.519231,-0.048138,0.001000,0.001000,0.001000,0.001000,0.001000
1063.538462,-0.047752,0.001000,0.001000,0.001000,0.001000,0.001000
1063.557692,-0.047330,0.001000,0.001000,0.001000,0.001000,0.001000
1063.576923,-0.046874,0.001000,0.001000,0.001000,0.001000,0.001000
1063.596154,-0.046382,0.001000,0.001000,0.001000,0.001000,0.001000
1063.615385,-0.045856,0.001000,0.001000,0.001000,0.001000,0.001000
1063.634615,-0.045296,0.001000,0.001000,0.001000,0.001000,0.001000
1063.653846,-0.044703,0.001000,0.001000,0.001000,0.001000,0.001000
1063.673077,-0.044076,0.001000,0.001000,0.001000,0.001000,0.001000
1063.692308,-0.043416,0.001000,0.001000,0.001000,0.001000,0.001000
1063.711538,-0.042725,0.001000,0.001000,0.001000,0.001000,0.001000
1063.730769,-0.042001,0.001000,0.001000,0.001000,0.001000,0.001000
1063.750000,-0.041246,0.001000,0.001000,0.001000,0.001000,0.001000
1063.769231,-0.040461,0.001000,0.001000,0.001000,0.001000,0.001000
1063.788462,-0.039646,0.001000,0.001000,0.001000,0.001000,0.001000
1063.807692,-0.038801,0.001000,0.001000,0.001000,0.001000,0.001000
1063.826923,-0.037928,0.001000,0.001000,0.001000,0.001000,0.001000
1063.846154,-0.037026,0.001000,0.001000,0.001000,0.001000,0.001000
1063.865385,-0.036097,0.001000,0.001000,0.001000,0.001000,0.001000
1063.884615,-0.035141,0.001000,0.001000,0.001000,0.001000,0.001000
1063.903846,-0.034159,0.001000,0.001000,0.001000,0.001000,0.001000
1063.923077,-0.033151,0.001000,0.001000,0.001000,0.001000,0.001000
1063.942308,-0.032119,0.001000,0.001000,0.001000,0.001000,0.001000
1063.961538,-0.031064,0.001000,0.001000,0.001000,0.001000,0.001000
1063.980769,-0.029985,0.001000,0.001000,0.001000,0.001000,0.001000
1064.000000,-0.028883,0.001000,0.001000,0.001000,0.001000,0.001000
1064.019231,-0.027761,0.001000,0.001000,0.001000,0.001000,0.001000
1064.038462,-0.026618,0.001000,0.001000,0.001000,0.001000,0.001000
1064.057692,-0.025455,0.001000,0.001000,0.001000,0.001000,0.001000
1064.076923,-0.024273,0.001000,0.001000,0.001000,0.001000,0.001000
1064.096154,-0.023073,0.001000,0.001000,0.001000,0.001000,0.001000
1064.115385,-0.021856,0.001000,0.001000,0.001000,0.001000,0.001000
1064.134615,-0.020623,0.001000,0.001000,0.001000,0.001000,0.001000
1064.153846,-0.019374,0.001000,0.001000,0.001000,0.001000,0.001000
1064.173077,-0.018111,0.001000,0.001000,0.001000,0.001000,0.001000
1064.192308,-0.016835,0.001000,0.001000,0.001000,0.001000,0.001000
1064.211538,-0.015546,0.001000,0.001000,0.001000,0.001000,0.001000
1064.230769,-0.014245,0.001000,0.001000,0.001000,0.001000,0.001000
1064.250000,-0.012934,0.001000,0.001000,0.001000,0.001000,0.001000
1064.269231,-0.011614,0.001000,0.001000,0.001000,0.001000,0.001000
1064.288462,-0.010285,0.001000,0.001000,0.001000,0.001000,0.001000
1064.307692,-0.008948,0.001000,0.001000,0.001000,0.001000,0.001000
1064.326923,-0.007604,0.001000,0.001000,0.001000,0.001000,0.001000
1064.346154,-0.006255,0.001000,0.001000,0.001000,0.001000,0.001000
1064.365385,-0.004901,0.001000,0.001000,0.001000,0.001000,0.001000
1064.384615,-0.003544,0.001000,0.001000,0.001000,0.001000,0.001000
1064.403846,-0.002184,0.001000,0.001000,0.001000,0.001000,0.001000
1064.423077,-0.000822,0.001000,0.001000,0.001000,0.001000,0.001000
1064.442308,0.000540,0.001000,0.001000,0.001000,0.001000,0.001000
1064.461538,0.001902,0.001000,0.001000,0.001000,0.001000,0.001000
1064.480769,0.003263,0.001000,0.001000,0.001000,0.001000,0.001000
1064.500000,0.004621,0.001000,0.001000,0.001000,0.001000,0.001000
1064.519231,0.005975,0.001000,0.001000,0.001000,0.001000,0.001000
1064.538462,0.007325,0.001000,0.001000,0.001000,0.001000,0.001000
1064.557692,0.008670,0.001000,0.001000,0.001000,0.001000,0.001000
1064.576923,0.010008,0.001000,0.001000,0.001000,0.001000,0.001000
1064.596154,0.011339,0.001000,0.001000,0.001000,0.001000,0.001000
1064.615385,0.012662,0.001000,0.001000,0.001000,0.001000,0.001000
1064.634615,0.013975,0.001000,0.001000,0.001000,0.001000,0.001000
1064.653846,0.015278,0.001000,0.001000,0.001000,0.001000,0.001000
1064.673077,0.016569,0.001000,0.001000,0.001000,0.001000,0.001000
1064.692308,0.017848,0.001000,0.001000,0.001000,0.001000,0.001000
1064.711538,0.019114,0.001000,0.001000,0.001000,0.001000,0.001000
1064.730769,0.020365,0.001000,0.001000,0.001000,0.001000,0.001000
1064.750000,0.021602,0.001000,0.001000,0.001000,0.001000,0.001000
1064.769231,0.022822,0.001000,0.001000,0.001000,0.001000,0.001000
1064.788462,0.024026,0.001000,0.001000,0.001000,0.001000,0.001000
1064.807692,0.025212,0.001000,0.001000,0.001000,0.001000,0.001000
1064.826923,0.026379,0.001000,0.001000,0.001000,0.001000,0.001000
1064.846154,0.027526,0.001000,0.001000,0.001000,0.001000,0.001000
1064.865385,0.028653,0.001000,0.001000,0.001000,0.001000,0.001000
1064.884615,0.029759,0.001000,0.001000,0.001000,0.001000,0.001000
1064.903846,0.030842,0.001000,0.001000,0.001000,0.001000,0.001000
1064.923077,0.031903,0.001000,0.001000,0.001000,0.001000,0.001000
1064.942308,0.032940,0.001000,0.001000,0.001000,0.001000,0.001000
1064.961538,0.033952,0.001000,0.001000,0.001000,0.001000,0.001000
1064.980769,0.034940,0.001000,0.001000,0.001000,0.001000,0.001000
1065.000000,0.035901,0.001000,0.001000,0.001000,0.001000,0.001000
1065.019231,0.036836,0.001000,0.001000,0.001000,0.001000,0.001000
1065.038462,0.037743,0.001000,0.001000,0.001000,0.001000,0.001000
1065.057692,0.038623,0.001000,0.001000,0.001000,0.001000,0.001000
1065.076923,0.039474,0.001000,0.001000,0.001000,0.001000,0.001000
1065.096154,0.040295,0.001000,0.001000,0.001000,0.001000,0.001000
1065.115385,0.041086,0.001000,0.001000,0.001000,0.001000,0.001000
1065.134615,0.041847,0.001000,0.001000,0.001000,0.001000,0.001000
1065.153846,0.042577,0.001000,0.001000,0.001000,0.001000,0.001000
1065.173077,0.043276,0.001000,0.001000,0.001000,0.001000,0.001000
1065.192308,0.043942,0.001000,0.001000,0.001000,0.001000,0.001000
1065.211538,0.044576,0.001000,0.001000,0.001000,0.001000,0.001000
1065.230769,0.045176,0.001000,0.001000,0.001000,0.001000,0.001000
1065.250000,0.045743,0.001000,0.001000,0.001000,0.001000,0.001000
1065.269231,0.046276,0.001000,0.001000,0.001000,0.001000,0.001000
1065.288462,0.046775,0.001000,0.001000,0.001000,0.001000,0.001000
1065.307692,0.047239,0.001000,0.001000,0.001000,0.001000,0.001000
1065.326923,0.047668,0.001000,0.001000,0.001000,0.001000,0.001000
1065.346154,0.048061,0.001000,0.001000,0.001000,0.001000,0.001000
1065.365385,0.048419,0.001000,0.001000,0.001000,0.001000,0.001000
1065.384615,0.048741,0.001000,0.001000,0.001000,0.001000,0.001000
1065.403846,0.049026,0.001000,0.001000,0.001000,0.001000,0.001000
1065.423077,0.049276,0.001000,0.001000,0.001000,0.001000,0.001000
1065.442308,0.049488,0.001000,0.001000,0.001000,0.001000,0.001000
1065.461538,0.049664,0.001000,0.001000,0.001000,0.001000,0.001000
1065.480769,0.049804,0.001000,0.001000,0.001000,0.001000,0.001000
1065.500000,0.049906,0.001000,0.001000,0.001000,0.001000,0.001000
1065.519231,0.049971,0.001000,0.001000,0.001000,0.001000,0.001000
1065.538462,0.049999,0.001000,0.001000,0.001000,0.001000,0.001000
1065.557692,0.049990,0.001000,0.001000,0.001000,0.001000,0.001000
1065.576923,0.049943,0.001000,0.001000,0.001000,0.001000,0.001000
1065.596154,0.049860,0.001000,0.001000,0.001000,0.001000,0.001000
1065.615385,0.049740,0.001000,0.001000,0.001000,0.001000,0.001000
1065.634615,0.049583,0.001000,0.001000,0.001000,0.001000,0.001000
1065.653846,0.049389,0.001000,0.001000,0.001000,0.001000,0.001000
1065.673077,0.049158,0.001000,0.001000,0.001000,0.001000,0.001000
1065.692308,0.048891,0.001000,0.001000,0.001000,0.001000,0.001000
1065.711538,0.048587,0.001000,0.001000,0.001000,0.001000,0.001000
1065.730769,0.048248,0.001000,0.001000,0.001000,0.001000,0.001000
1065.750000,0.047872,0.001000,0.001000,0.001000,0.001000,0.001000
1065.769231,0.047461,0.001000,0.001000,0.001000,0.001000,0.001000
1065.788462,0.047015,0.001000,0.001000,0.001000,0.001000,0.001000
1065.807692,0.046534,0.001000,0.001000,0.001000,0.001000,0.001000
1065.826923,0.046018,0.001000,0.001000,0.001000,0.001000,0.001000
1065.846154,0.045469,0.001000,0.001000,0.001000,0.001000,0.001000
1065.865385,0.044885,0.001000,0.001000,0.001000,0.001000,0.001000
1065.884615,0.044268,0.001000,0.001000,0.001000,0.001000,0.001000
1065.903846,0.043619,0.001000,0.001000,0.001000,0.001000,0.001000
1065.923077,0.042937,0.001000,0.001000,0.001000,0.001000,0.001000
1065.942308,0.042223,0.001000,0.001000,0.001000,0.001000,0.001000
1065.961538,0.041477,0.001000,0.001000,0.001000,0.001000,0.001000
1065.980769,0.040701,0.001000,0.001000,0.001000,0.001000,0.001000
1066.000000,0.039895,0.001000,0.001000,0.001000,0.001000,0.001000
1066.019231,0.039059,0.001000,0.001000,0.001000,0.001000,0.001000
1066.038462,0.038194,0.001000,0.001000,0.001000,0.001000,0.001000
1066.057692,0.037301,0.001000,0.001000,0.001000,0.001000,0.001000
1066.076923,0.036380,0.001000,0.001000,0.001000,0.001000,0.001000
1066.096154,0.035432,0.001000,0.001000,0.001000,0.001000,0.001000
1066.115385,0.034458,0.001000,0.001000,0.001000,0.001000,0.001000
1066.134615,0.033458,0.001000,0.001000,0.001000,0.001000,0.001000
1066.153846,0.032433,0.001000,0.001000,0.001000,0.001000,0.001000
1066.173077,0.031385,0.001000,0.001000,0.001000,0.001000,0.001000
1066.192308,0.030313,0.001000,0.001000,0.001000,0.001000,0.001000
1066.211538,0.029218,0.001000,0.001000,0.001000,0.001000,0.001000
1066.230769,0.028102,0.001000,0.001000,0.001000,0.001000,0.001000
1066.250000,0.026965,0.001000,0.001000,0.001000,0.001000,0.001000
1066.269231,0.025808,0.001000,0.001000,0.001000,0.001000,0.001000
1066.288462,0.024631,0.001000,0.001000,0.001000,0.001000,0.001000
1066.307692,0.023437,0.001000,0.001000,0.001000,0.001000,0.001000
1066.326923,0.022225,0.001000,0.001000,0.001000,0.001000,0.001000
1066.346154,0.020996,0.001000,0.001000,0.001000,0.001000,0.001000
1066.365385,0.019752,0.001000,0.001000,0.001000,0.001000,0.001000
1066.384615,0.018494,0.001000,0.001000,0.001000,0.001000,0.001000
1066.403846,0.017221,0.001000,0.001000,0.001000,0.001000,0.001000
1066.423077,0.015936,0.001000,0.001000,0.001000,0.001000,0.001000
1066.442308,0.014639,0.001000,0.001000,0.001000,0.001000,0.001000
1066.461538,0.013331,0.001000,0.001000,0.001000,0.001000,0.001000
1066.480769,0.012013,0.001000,0.001000,0.001000,0.001000,0.001000
1066.500000,0.010686,0.001000,0.001000,0.001000,0.001000,0.001000
1066.519231,0.009352,0.001000,0.001000,0.001000,0.001000,0.001000
1066.538462,0.008010,0.001000,0.001000,0.001000,0.001000,0.001000
1066.557692,0.006663,0.001000,0.001000,0.001000,0.001000,0.001000
1066.576923,0.005310,0.001000,0.001000,0.001000,0.001000,0.001000
1066.596154,0.003954,0.001000,0.001000,0.001000,0.001000,0.001000
1066.615385,0.002594,0.001000,0.001000,0.001000,0.001000,0.001000
1066.634615,0.001233,0.001000,0.001000,0.001000,0.001000,0.001000
1066.653846,-0.000129,0.001000,0.001000,0.001000,0.001000,0.001000
1066.673077,-0.001491,0.001000,0.001000,0.001000,0.001000,0.001000
1066.692308,-0.002852,0.001000,0.001000,0.001000,0.001000,0.001000
1066.711538,-0.004211,0.001000,0.001000,0.001000,0.001000,0.001000
1066.730769,-0.005567,0.001000,0.001000,0.001000,0.001000,0.001000
1066.750000,-0.006919,0.001000,0.001000,0.001000,0.001000,0.001000
1066.769231,-0.008265,0.001000,0.001000,0.001000,0.001000,0.001000
1066.788462,-0.009605,0.001000,0.001000,0.001000,0.001000,0.001000
1066.807692,-0.010939,0.001000,0.001000,0.001000,0.001000,0.001000
1066.826923,-0.012264,0.001000,0.001000,0.001000,0.001000,0.001000
1066.846154,-0.013580,0.001000,0.001000,0.001000,0.001000,0.001000
1066.865385,-0.014886,0.001000,0.001000,0.001000,0.001000,0.001000
1066.884615,-0.016181,0.001000,0.001000,0.001000,0.001000,0.001000
1066.903846,-0.017463,0.001000,0.001000,0.001000,0.001000,0.001000
1066.923077,-0.018733,0.001000,0.001000,0.001000,0.001000,0.001000
1066.942308,-0.019989,0.001000,0.001000,0.001000,0.001000,0.001000
1066.961538,-0.021230,0.001000,0.001000,0.001000,0.001000,0.001000
1066.980769,-0.022456,0.001000,0.001000,0.001000,0.001000,0.001000
1067.000000,-0.023665,0.001000,0.001000,0.001000,0.001000,0.001000
1067.019231,-0.024856,0.001000,0.001000,0.001000,0.001000,0.001000
1067.038462,-0.026028,0.001000,0.001000,0.001000,0.001000,0.001000
1067.057692,-0.027182,0.001000,0.001000,0.001000,0.001000,0.001000
1067.076923,-0.028315,0.001000,0.001000,0.001000,0.001000,0.001000
1067.096154,-0.029427,0.001000,0.001000,0.001000,0.001000,0.001000
1067.115385,-0.030518,0.001000,0.001000,0.001000,0.001000,0.001000
1067.134615,-0.031585,0.001000,0.001000,0.001000,0.001000,0.001000
1067.153846,-0.032630,0.001000,0.001000,0.001000,0.001000,0.001000
1067.173077,-0.033650,0.001000,0.001000,0.001000,0.001000,0.001000
1067.192308,-0.034645,0.001000,0.001000,0.001000,0.001000,0.001000
1067.211538,-0.035614,0.001000,0.001000,0.001000,0.001000,0.001000
1067.230769,-0.036557,0.001000,0.001000,0.001000,0.001000,0.001000
1067.250000,-0.037473,0.001000,0.001000,0.001000,0.001000,0.001000
1067.269231,-0.038360,0.001000,0.001000,0.001000,0.001000,0.001000
1067.288462,-0.039220,0.001000,0.001000,0.001000,0.001000,0.001000
1067.307692,-0.040050,0.001000,0.001000,0.001000,0.001000,0.001000
1067.326923,-0.040851,0.001000,0.001000,0.001000,0.001000,0.001000
1067.346154,-0.041621,0.001000,0.001000,0.001000,0.001000,0.001000
1067.365385,-0.042361,0.001000,0.001000,0.001000,0.001000,0.001000
1067.384615,-0.043068,0.001000,0.001000,0.001000,0.001000,0.001000
1067.403846,-0.043744,0.001000,0.001000,0.001000,0.001000,0.001000
1067.423077,-0.044388,0.001000,0.001000,0.001000,0.001000,0.001000
1067.442308,-0.044998,0.001000,0.001000,0.001000,0.001000,0.001000
1067.461538,-0.045576,0.001000,0.001000,0.001000,0.001000,0.001000
1067.480769,-0.046119,0.001000,0.001000,0.001000,0.001000,0.001000
1067.500000,-0.046628,0.001000,0.001000,0.001000,0.001000,0.001000
1067.519231,-0.047102,0.001000,0.001000,0.001000,0.001000,0.001000
1067.538462,-0.047542,0.001000,0.001000,0.001000,0.001000,0.001000
1067.557692,-0.047946,0.001000,0.001000,0.001000,0.001000,0.001000
1067.576923,-0.048315,0.001000,0.001000,0.001000,0.001000,0.001000
1067.596154,-0.048647,0.001000,0.001000,0.001000,0.001000,0.001000
1067.615385,-0.048944,0.001000,0.001000,0.001000,0.001000,0.001000
1067.634615,-0.049204,0.001000,0.001000,0.001000,0.001000,0.001000
1067.653846,-0.049428,0.001000,0.001000,0.001000,0.001000,0.001000
1067.673077,-0.049615,0.001000,0.001000,0.001000,0.001000,0.001000
1067.692308,-0.049765,0.001000,0.001000,0.001000,0.001000,0.001000
1067.711538,-0.049879,0.001000,0.001000,0.001000,0.001000,0.001000
1067.730769,-0.049955,0.001000,0.001000,0.001000,0.001000,0.001000
1067.750000,-0.049994,0.001000,0.001000,0.001000,0.001000,0.001000
1067.769231,-0.049996,0.001000,0.001000,0.001000,0.001000,0.001000
1067.788462,-0.049961,0.001000,0.001000,0.001000,0.001000,0.001000
1067.807692,-0.049889,0.001000,0.001000,0.001000,0.001000,0.001000
1067.826923,-0.049780,0.001000,0.001000,0.001000,0.001000,0.001000
1067.846154,-0.049634,0.001000,0.001000,0.001000,0.001000,0.001000
1067.865385,-0.049451,0.001000,0.001000,0.001000,0.001000,0.001000
1067.884615,-0.049231,0.001000,0.001000,0.001000,0.001000,0.001000
1067.903846,-0.048975,0.001000,0.001000,0.001000,0.001000,0.001000
1067.923077,-0.048683,0.001000,0.001000,0.001000,0.001000,0.001000
1067.942308,-0.048354,0.001000,0.001000,0.001000,0.001000,0.001000
1067.961538,-0.047989,0.001000,0.001000,0.001000,0.001000,0.001000
1067.980769,-0.047589,0.001000,0.001000,0.001000,0.001000,0.001000
1068.000000,-0.047153,0.001000,0.001000,0.001000,0.001000,0.001000
1068.019231,-0.046683,0.001000,0.001000,0.001000,0.001000,0.001000
1068.038462,-0.046178,0.001000,0.001000,0.001000,0.001000,0.001000
1068.057692,-0.045638,0.001000,0.001000,0.001000,0.001000,0.001000
1068.076923,-0.045065,0.001000,0.001000,0.001000,0.001000,0.001000
1068.096154,-0.044458,0.001000,0.001000,0.001000,0.001000,0.001000
1068.115385,-0.043818,0.001000,0.001000,0.001000,0.001000,0.001000
1068.134615,-0.043146,0.001000,0.001000,0.001000,0.001000,0.001000
1068.153846,-0.042441,0.001000,0.001000,0.001000,0.001000,0.001000
1068.173077,-0.041706,0.001000,0.001000,0.001000,0.001000,0.001000
1068.192308,-0.040939,0.001000,0.001000,0.001000,0.001000,0.001000
1068.211538,-0.040141,0.001000,0.001000,0.001000,0.001000,0.001000
1068.230769,-0.039314,0.001000,0.001000,0.001000,0.001000,0.001000
1068.250000,-0.038458,0.001000,0.001000,0.001000,0.001000,0.001000
1068.269231,-0.037573,0.001000,0.001000,0.001000,0.001000,0.001000
1068.288462,-0.036661,0.001000,0.001000,0.001000,0.001000,0.001000
1068.307692,-0.035721,0.001000,0.001000,0.001000,0.001000,0.001000
1068.326923,-0.034755,0.001000,0.001000,0.001000,0.001000,0.001000
1068.346154,-0.033762,0.001000,0.001000,0.001000,0.001000,0.001000
1068.365385,-0.032745,0.001000,0.001000,0.001000,0.001000,0.001000
1068.384615,-0.031704,0.001000,0.001000,0.001000,0.001000,0.001000
1068.403846,-0.030638,0.001000,0.001000,0.001000,0.001000,0.001000
1068.423077,-0.029551,0.001000,0.001000,0.001000,0.001000,0.001000
1068.442308,-0.028441,0.001000,0.001000,0.001000,0.001000,0.001000
1068.461538,-0.027310,0.001000,0.001000,0.001000,0.001000,0.001000
1068.480769,-0.026159,0.001000,0.001000,0.001000,0.001000,0.001000
1068.500000,-0.024988,0.001000,0.001000,0.001000,0.001000,0.001000
1068.519231,-0.023799,0.001000,0.001000,0.001000,0.001000,0.001000
1068.538462,-0.022592,0.001000,0.001000,0.001000,0.001000,0.001000
1068.557692,-0.021369,0.001000,0.001000,0.001000,0.001000,0.001000
1068.576923,-0.020129,0.001000,0.001000,0.001000,0.001000,0.001000
1068.596154,-0.018875,0.001000,0.001000,0.001000,0.001000,0.001000
1068.615385,-0.017606,0.001000,0.001000,0.001000,0.001000,0.001000
1068.634615,-0.016325,0.001000,0.001000,0.001000,0.001000,0.001000
1068.653846,-0.015031,0.001000,0.001000,0.001000,0.001000,0.001000
1068.673077,-0.013727,0.001000,0.001000,0.001000,0.001000,0.001000
1068.692308,-0.012412,0.001000,0.001000,0.001000,0.001000,0.001000
1068.711538,-0.011088,0.001000,0.001000,0.001000,0.001000,0.001000
1068.730769,-0.009755,0.001000,0.001000,0.001000,0.001000,0.001000
1068.750000,-0.008416,0.001000,0.001000,0.001000,0.001000,0.001000
1068.769231,-0.007070,0.001000,0.001000,0.001000,0.001000,0.001000
1068.788462,-0.005719,0.001000,0.001000,0.001000,0.001000,0.001000
1068.807692,-0.004363,0.001000,0.001000,0.001000,0.001000,0.001000
1068.826923,-0.003005,0.001000,0.001000,0.001000,0.001000,0.001000
1068.846154,-0.001644,0.001000,0.001000,0.001000,0.001000,0.001000
1068.865385,-0.000282,0.001000,0.001000,0.001000,0.001000,0.001000
1068.884615,0.001080,0.001000,0.001000,0.001000,0.001000,0.001000
1068.903846,0.002442,0.001000,0.001000,0.001000,0.001000,0.001000
1068.923077,0.003801,0.001000,0.001000,0.001000,0.001000,0.001000
1068.942308,0.005158,0.001000,0.001000,0.001000,0.001000,0.001000
1068.961538,0.006511,0.001000,0.001000,0.001000,0.001000,0.001000
1068.980769,0.007859,0.001000,0.001000,0.001000,0.001000,0.001000
1069.000000,0.009202,0.001000,0.001000,0.001000,0.001000,0.001000
1069.019231,0.010537,0.001000,0.001000,0.001000,0.001000,0.001000
1069.038462,0.011865,0.001000,0.001000,0.001000,0.001000,0.001000
1069.057692,0.013184,0.001000,0.001000,0.001000,0.001000,0.001000
1069.076923,0.014493,0.001000,0.001000,0.001000,0.001000,0.001000
1069.096154,0.015791,0.001000,0.001000,0.001000,0.001000,0.001000
1069.115385,0.017078,0.001000,0.001000,0.001000,0.001000,0.001000
1069.134615,0.018352,0.001000,0.001000,0.001000,0.001000,0.001000
1069.153846,0.019612,0.001000,0.001000,0.001000,0.001000,0.001000
1069.173077,0.020858,0.001000,0.001000,0.001000,0.001000,0.001000
1069.192308,0.022088,0.001000,0.001000,0.001000,0.001000,0.001000
1069.211538,0.023302,0.001000,0.001000,0.001000,0.001000,0.001000
1069.230769,0.024498,0.001000,0.001000,0.001000,0.001000,0.001000
1069.250000,0.025677,0.001000,0.001000,0.001000,0.001000,0.001000
1069.269231,0.026836,0.001000,0.001000,0.001000,0.001000,0.001000
1069.288462,0.027975,0.001000,0.001000,0.001000,0.001000,0.001000
1069.307692,0.029094,0.001000,0.001000,0.001000,0.001000,0.001000
1069.326923,0.030191,0.001000,0.001000,0.001000,0.001000,0.001000
1069.346154,0.031266,0.001000,0.001000,0.001000,0.001000,0.001000
1069.365385,0.032317,0.001000,0.001000,0.001000,0.001000,0.001000
1069.384615,0.033344,0.001000,0.001000,0.001000,0.001000,0.001000
1069.403846,0.034347,0.001000,0.001000,0.001000,0.001000,0.001000
1069.423077,0.035324,0.001000,0.001000,0.001000,0.001000,0.001000
1069.442308,0.036275,0.001000,0.001000,0.001000,0.001000,0.001000
1069.461538,0.037199,0.001000,0.001000,0.001000,0.001000,0.001000
1069.480769,0.038095,0.001000,0.001000,0.001000,0.001000,0.001000
1069.500000,0.038964,0.001000,0.001000,0.001000,0.001000,0.001000
1069.519231,0.039803,0.001000,0.001000,0.001000,0.001000,0.001000
1069.538462,0.040612,0.001000,0.001000,0.001000,0.001000,0.001000
1069.557692,0.041392,0.001000,0.001000,0.001000,0.001000,0.001000
1069.576923,0.042141,0.001000,0.001000,0.001000,0.001000,0.001000
1069.596154,0.042858,0.001000,0.001000,0.001000,0.001000,0.001000
1069.615385,0.043544,0.001000,0.001000,0.001000,0.001000,0.001000
1069.634615,0.044197,0.001000,0.001000,0.001000,0.001000,0.001000
1069.653846,0.044818,0.001000,0.001000,0.001000,0.001000,0.001000
1069.673077,0.045405,0.001000,0.001000,0.001000,0.001000,0.001000
1069.692308,0.045959,0.001000,0.001000,0.001000,0.001000,0.001000
1069.711538,0.046478,0.001000,0.001000,0.001000,0.001000,0.001000
1069.730769,0.046963,0.001000,0.001000,0.001000,0.001000,0.001000
1069.750000,0.047413,0.001000,0.001000,0.001000,0.001000,0.001000
1069.769231,0.047828,0.001000,0.001000,0.001000,0.001000,0.001000
1069.788462,0.048207,0.001000,0.001000,0.001000,0.001000,0.001000
1069.807692,0.048551,0.001000,0.001000,0.001000,0.001000,0.001000
1069.826923,0.048858,0.001000,0.001000,0.001000,0.001000,0.001000
1069.846154,0.049130,0.001000,0.001000,0.001000,0.001000,0.001000
1069.865385,0.049365,0.001000,0.001000,0.001000,0.001000,0.001000
1069.884615,0.049563,0.001000,0.001000,0.001000,0.001000,0.001000
1069.903846,0.049724,0.001000,0.001000,0.001000,0.001000,0.001000
1069.923077,0.049849,0.001000,0.001000,0.001000,0.001000,0.001000
1069.942308,0.049936,0.001000,0.001000,0.001000,0.001000,0.001000
1069.961538,0.049986,0.001000,0.001000,0.001000,0.001000,0.001000
1069.980769,0.050000,0.001000,0.001000,0.001000,0.001000,0.001000
1070.000000,0.049976,0.001000,0.001000,0.001000,0.001000,0.001000
1070.019231,0.049915,0.001000,0.001000,0.001000,0.001000,0.001000
1070.038462,0.049817,0.001000,0.001000,0.001000,0.001000,0.001000
1070.057692,0.049682,0.001000,0.001000,0.001000,0.001000,0.001000
1070.076923,0.049510,0.001000,0.001000,0.001000,0.001000,0.001000
1070.096154,0.049301,0.001000,0.001000,0.001000,0.001000,0.001000
1070.115385,0.049056,0.001000,0.001000,0.001000,0.001000,0.001000
1070.134615,0.048775,0.001000,0.001000,0.001000,0.001000,0.001000
1070.153846,0.048457,0.001000,0.001000,0.001000,0.001000,0.001000
1070.173077,0.048103,0.001000,0.001000,0.001000,0.001000,0.001000
1070.192308,0.047713,0.001000,0.001000,0.001000,0.001000,0.001000
1070.211538,0.047289,0.001000,0.001000,0.001000,0.001000,0.001000
1070.230769,0.046829,0.001000,0.001000,0.001000,0.001000,0.001000
1070.250000,0.046334,0.001000,0.001000,0.001000,0.001000,0.001000
1070.269231,0.045805,0.001000,0.001000,0.001000,0.001000,0.001000
1070.288462,0.045241,0.001000,0.001000,0.001000,0.001000,0.001000
1070.307692,0.044645,0.001000,0.001000,0.001000,0.001000,0.001000
1070.326923,0.044015,0.001000,0.001000,0.001000,0.001000,0.001000
1070.346154,0.043352,0.001000,0.001000,0.001000,0.001000,0.001000
1070.365385,0.042657,0.001000,0.001000,0.001000,0.001000,0.001000
1070.384615,0.041931,0.001000,0.001000,0.001000,0.001000,0.001000
1070.403846,0.041173,0.001000,0.001000,0.001000,0.001000,0.001000
1070.423077,0.040385,0.001000,0.001000,0.001000,0.001000,0.001000
1070.442308,0.039567,0.001000,0.001000,0.001000,0.001000,0.001000
1070.461538,0.038720,0.001000,0.001000,0.001000,0.001000,0.001000
1070.480769,0.037843,0.001000,0.001000,0.001000,0.001000,0.001000
1070.500000,0.036939,0.001000,0.001000,0.001000,0.001000,0.001000
1070.519231,0.036007,0.001000,0.001000,0.001000,0.001000,0.001000
1070.538462,0.035049,0.001000,0.001000,0.001000,0.001000,0.001000
1070.557692,0.034064,0.001000,0.001000,0.001000,0.001000,0.001000
1070.576923,0.033055,0.001000,0.001000,0.001000,0.001000,0.001000
1070.596154,0.032020,0.001000,0.001000,0.001000,0.001000,0.001000
1070.615385,0.030962,0.001000,0.001000,0.001000,0.001000,0.001000
1070.634615,0.029881,0.001000,0.001000,0.001000,0.001000,0.001000
1070.653846,0.028778,0.001000,0.001000,0.001000,0.001000,0.001000
1070.673077,0.027653,0.001000,0.001000,0.001000,0.001000,0.001000
1070.692308,0.026508,0.001000,0.001000,0.001000,0.001000,0.001000
1070.711538,0.025343,0.001000,0.001000,0.001000,0.001000,0.001000
1070.730769,0.024160,0.001000,0.001000,0.001000,0.001000,0.001000
1070.750000,0.022958,0.001000,0.001000,0.001000,0.001000,0.001000
1070.769231,0.021740,0.001000,0.001000,0.001000,0.001000,0.001000
1070.788462,0.020505,0.001000,0.001000,0.001000,0.001000,0.001000
1070.807692,0.019255,0.001000,0.001000,0.001000,0.001000,0.001000
1070.826923,0.017991,0.001000,0.001000,0.001000,0.001000,0.001000
1070.846154,0.016713,0.001000,0.001000,0.001000,0.001000,0.001000
1070.865385,0.015423,0.001000,0.001000,0.001000,0.001000,0.001000
1070.884615,0.014121,0.001000,0.001000,0.001000,0.001000,0.001000
1070.903846,0.012810,0.001000,0.001000,0.001000,0.001000,0.001000
1070.923077,0.011488,0.001000,0.001000,0.001000,0.001000,0.001000
1070.942308,0.010158,0.001000,0.001000,0.001000,0.001000,0.001000
1070.961538,0.008821,0.001000,0.001000,0.001000,0.001000,0.001000
1070.980769,0.007476,0.001000,0.001000,0.001000,0.001000,0.001000
1071.000000,0.006127,0.001000,0.001000,0.001000,0.001000,0.001000
1071.019231,0.004773,0.001000,0.001000,0.001000,0.001000,0.001000
1071.038462,0.003415,0.001000,0.001000,0.001000,0.001000,0.001000
1071.057692,0.002055,0.001000,0.001000,0.001000,0.001000,0.001000
1071.076923,0.000693,0.001000,0.001000,0.001000,0.001000,0.001000
1071.096154,-0.000669,0.001000,0.001000,0.001000,0.001000,0.001000
1071.115385,-0.002031,0.001000,0.001000,0.001000,0.001000,0.001000
1071.134615,-0.003391,0.001000,0.001000,0.001000,0.001000,0.001000
1071.153846,-0.004749,0.001000,0.001000,0.001000,0.001000,0.001000
1071.173077,-0.006103,0.001000,0.001000,0.001000,0.001000,0.001000
1071.192308,-0.007453,0.001000,0.001000,0.001000,0.001000,0.001000
1071.211538,-0.008797,0.001000,0.001000,0.001000,0.001000,0.001000
1071.230769,-0.010135,0.001000,0.001000,0.001000,0.001000,0.001000
1071.250000,-0.011465,0.001000,0.001000,0.001000,0.001000,0.001000
1071.269231,-0.012787,0.001000,0.001000,0.001000,0.001000,0.001000
1071.288462,-0.014099,0.001000,0.001000,0.001000,0.001000,0.001000
1071.307692,-0.015401,0.001000,0.001000,0.001000,0.001000,0.001000
1071.326923,-0.016691,0.001000,0.001000,0.001000,0.001000,0.001000
1071.346154,-0.017969,0.001000,0.001000,0.001000,0.001000,0.001000
1071.365385,-0.019233,0.001000,0.001000,0.001000,0.001000,0.001000
1071.384615,-0.020483,0.001000,0.001000,0.001000,0.001000,0.001000
1071.403846,-0.021718,0.001000,0.001000,0.001000,0.001000,0.001000
1071.423077,-0.022937,0.001000,0.001000,0.001000,0.001000,0.001000
1071.442308,-0.024139,0.001000,0.001000,0.001000,0.001000,0.001000
1071.461538,-0.025323,0.001000,0.001000,0.001000,0.001000,0.001000
1071.480769,-0.026488,0.001000,0.001000,0.001000,0.001000,0.001000
1071.500000,-0.027634,0.001000,0.001000,0.001000,0.001000,0.001000
1071.519231,-0.028759,0.001000,0.001000,0.001000,0.001000,0.001000
1071.538462,-0.029862,0.001000,0.001000,0.001000,0.001000,0.001000
1071.557692,-0.030944,0.001000,0.001000,0.001000,0.001000,0.001000
1071.576923,-0.032002,0.001000,0.001000,0.001000,0.001000,0.001000
1071.596154,-0.033037,0.001000,0.001000,0.001000,0.001000,0.001000
1071.615385,-0.034047,0.001000,0.001000,0.001000,0.001000,0.001000
1071.634615,-0.035032,0.001000,0.001000,0.001000,0.001000,0.001000
1071.653846,-0.035991,0.001000,0.001000,0.001000,0.001000,0.001000
1071.673077,-0.036923,0.001000,0.001000,0.001000,0.001000,0.001000
1071.692308,-0.037828,0.001000,0.001000,0.001000,0.001000,0.001000
1071.711538,-0.038705,0.001000,0.001000,0.001000,0.001000,0.001000
1071.730769,-0.039553,0.001000,0.001000,0.001000,0.001000,0.001000
1071.750000,-0.040371,0.001000,0.001000,0.001000,0.001000,0.001000
1071.769231,-0.041160,0.001000,0.001000,0.001000,0.001000,0.001000
1071.788462,-0.041918,0.001000,0.001000,0.001000,0.001000,0.001000
1071.807692,-0.042645,0.001000,0.001000,0.001000,0.001000,0.001000
1071.826923,-0.043340,0.001000,0.001000,0.001000,0.001000,0.001000
1071.846154,-0.044003,0.001000,0.001000,0.001000,0.001000,0.001000
1071.865385,-0.044634,0.001000,0.001000,0.001000,0.001000,0.001000
1071.884615,-0.045231,0.001000,0.001000,0.001000,0.001000,0.001000
1071.903846,-0.045795,0.001000,0.001000,0.001000,0.001000,0.001000
1071.923077,-0.046325,0.001000,0.001000,0.001000,0.001000,0.001000
1071.942308,-0.046820,0.001000,0.001000,0.001000,0.001000,0.001000
1071.961538,-0.047281,0.001000,0.001000,0.001000,0.001000,0.001000
1071.980769,-0.047706,0.001000,0.001000,0.001000,0.001000,0.001000
1072.000000,-0.048097,0.001000,0.001000,0.001000,0.001000,0.001000
1072.019231,-0.048451,0.001000,0.001000,0.001000,0.001000,0.001000
1072.038462,-0.048769,0.001000,0.001000,0.001000,0.001000,0.001000
1072.057692,-0.049052,0.001000,0.001000,0.001000,0.001000,0.001000
1072.076923,-0.049298,0.001000,0.001000,0.001000,0.001000,0.001000
1072.096154,-0.049507,0.001000,0.001000,0.001000,0.001000,0.001000
1072.115385,-0.049679,0.001000,0.001000,0.001000,0.001000,0.001000
1072.134615,-0.049815,0.001000,0.001000,0.001000,0.001000,0.001000
1072.153846,-0.049913,0.001000,0.001000,0.001000,0.001000,0.001000
1072.173077,-0.049975,0.001000,0.001000,0.001000,0.001000,0.001000
1072.192308,-0.050000,0.001000,0.001000,0.001000,0.001000,0.001000
1072.211538,-0.049987,0.001000,0.001000,0.001000,0.001000,0.001000
1072.230769,-0.049937,0.001000,0.001000,0.001000,0.001000,0.001000
1072.250000,-0.049850,0.001000,0.001000,0.001000,0.001000,0.001000
1072.269231,-0.049727,0.001000,0.001000,0.001000,0.001000,0.001000
1072.288462,-0.049566,0.001000,0.001000,0.001000,0.001000,0.001000
1072.307692,-0.049368,0.001000,0.001000,0.001000,0.001000,0.001000
1072.326923,-0.049134,0.001000,0.001000,0.001000,0.001000,0.001000
1072.346154,-0.048863,0.001000,0.001000,0.001000,0.001000,0.001000
1072.365385,-0.048556,0.001000,0.001000,0.001000,0.001000,0.001000
1072.384615,-0.048214,0.001000,0.001000,0.001000,0.001000,0.001000
1072.403846,-0.047835,0.001000,0.001000,0.001000,0.001000,0.001000
1072.423077,-0.047420,0.001000,0.001000,0.001000,0.001000,0.001000
1072.442308,-0.046971,0.001000,0.001000,0.001000,0.001000,0.001000
1072.461538,-0.046487,0.001000,0.001000,0.001000,0.001000,0.001000
1072.480769,-0.045968,0.001000,0.001000,0.001000,0.001000,0.001000
1072.500000,-0.045415,0.001000,0.001000,0.001000,0.001000,0.001000
1072.519231,-0.044828,0.001000,0.001000,0.001000,0.001000,0.001000
1072.538462,-0.044208,0.001000,0.001000,0.001000,0.001000,0.001000
1072.557692,-0.043555,0.001000,0.001000,0.001000,0.001000,0.001000
1072.576923,-0.042870,0.001000,0.001000,0.001000,0.001000,0.001000
1072.596154,-0.042153,0.001000,0.001000,0.001000,0.001000,0.001000
1072.615385,-0.041405,0.001000,0.001000,0.001000,0.001000,0.001000
1072.634615,-0.040626,0.001000,0.001000,0.001000,0.001000,0.001000
1072.653846,-0.039817,0.001000,0.001000,0.001000,0.001000,0.001000
1072.673077,-0.038978,0.001000,0.001000,0.001000,0.001000,0.001000
1072.692308,-0.038111,0.001000,0.001000,0.001000,0.001000,0.001000
1072.711538,-0.037215,0.001000,0.001000,0.001000,0.001000,0.001000
1072.730769,-0.036291,0.001000,0.001000,0.001000,0.001000,0.001000
1072.750000,-0.035341,0.001000,0.001000,0.001000,0.001000,0.001000
1072.769231,-0.034364,0.001000,0.001000,0.001000,0.001000,0.001000
1072.788462,-0.033362,0.001000,0.001000,0.001000,0.001000,0.001000
1072.807692,-0.032335,0.001000,0.001000,0.001000,0.001000,0.001000
1072.826923,-0.031284,0.001000,0.001000,0.001000,0.001000,0.001000
1072.846154,-0.030210,0.001000,0.001000,0.001000,0.001000,0.001000
1072.865385,-0.029113,0.001000,0.001000,0.001000,0.001000,0.001000
1072.884615,-0.027995,0.001000,0.001000,0.001000,0.001000,0.001000
1072.903846,-0.026856,0.001000,0.001000,0.001000,0.001000,0.001000
1072.923077,-0.025697,0.001000,0.001000,0.001000,0.001000,0.001000
1072.942308,-0.024519,0.001000,0.001000,0.001000,0.001000,0.001000
1072.961538,-0.023323,0.001000,0.001000,0.001000,0.001000,0.001000
1072.980769,-0.022109,0.001000,0.001000,0.001000,0.001000,0.001000
1073.000000,-0.020879,0.001000,0.001000,0.001000,0.001000,0.001000
1073.019231,-0.019634,0.001000,0.001000,0.001000,0.001000,0.001000
1073.038462,-0.018374,0.001000,0.001000,0.001000,0.001000,0.001000
1073.057692,-0.017100,0.001000,0.001000,0.001000,0.001000,0.001000
1073.076923,-0.015813,0.001000,0.001000,0.001000,0.001000,0.001000
1073.096154,-0.014515,0.001000,0.001000,0.001000,0.001000,0.001000
1073.115385,-0.013206,0.001000,0.001000,0.001000,0.001000,0.001000
1073.134615,-0.011888,0.001000,0.001000,0.001000,0.001000,0.001000
1073.153846,-0.010560,0.001000,0.001000,0.001000,0.001000,0.001000
1073.173077,-0.009225,0.001000,0.001000,0.001000,0.001000,0.001000
1073.192308,-0.007883,0.001000,0.001000,0.001000,0.001000,0.001000
1073.211538,-0.006535,0.001000,0.001000,0.001000,0.001000,0.001000
1073.230769,-0.005182,0.001000,0.001000,0.001000,0.001000,0.001000
1073.250000,-0.003825,0.001000,0.001000,0.001000,0.001000,0.001000
1073.269231,-0.002465,0.001000,0.001000,0.001000,0.001000,0.001000
1073.288462,-0.001104,0.001000,0.001000,0.001000,0.001000,0.001000
1073.307692,0.000258,0.001000,0.001000,0.001000,0.001000,0.001000
1073.326923,0.001620,0.001000,0.001000,0.001000,0.001000,0.001000
1073.346154,0.002981,0.001000,0.001000,0.001000,0.001000,0.001000
1073.365385,0.004340,0.001000,0.001000,0.001000,0.001000,0.001000
1073.384615,0.005695,0.001000,0.001000,0.001000,0.001000,0.001000
1073.403846,0.007046,0.001000,0.001000,0.001000,0.001000,0.001000
1073.423077,0.008392,0.001000,0.001000,0.001000,0.001000,0.001000
1073.442308,0.009732,0.001000,0.001000,0.001000,0.001000,0.001000
1073.461538,0.011065,0.001000,0.001000,0.001000,0.001000,0.001000
1073.480769,0.012389,0.001000,0.001000,0.001000,0.001000,0.001000
1073.500000,0.013704,0.001000,0.001000,0.001000,0.001000,0.001000
1073.519231,0.015009,0.001000,0.001000,0.001000,0.001000,0.001000
1073.538462,0.016303,0.001000,0.001000,0.001000,0.001000,0.001000
1073.557692,0.017584,0.001000,0.001000,0.001000,0.001000,0.001000
1073.576923,0.018853,0.001000,0.001000,0.001000,0.001000,0.001000
1073.596154,0.020108,0.001000,0.001000,0.001000,0.001000,0.001000
1073.615385,0.021347,0.001000,0.001000,0.001000,0.001000,0.001000
1073.634615,0.022571,0.001000,0.001000,0.001000,0.001000,0.001000
1073.653846,0.023778,0.001000,0.001000,0.001000,0.001000,0.001000
1073.673077,0.024968,0.001000,0.001000,0.001000,0.001000,0.001000
1073.692308,0.026139,0.001000,0.001000,0.001000,0.001000,0.001000
1073.711538,0.027290,0.001000,0.001000,0.001000,0.001000,0.001000
1073.730769,0.028421,0.001000,0.001000,0.001000,0.001000,0.001000
1073.750000,0.029532,0.001000,0.001000,0.001000,0.001000,0.001000
1073.769231,0.030620,0.001000,0.001000,0.001000,0.001000,0.001000
1073.788462,0.031685,0.001000,0.001000,0.001000,0.001000,0.001000
1073.807692,0.032727,0.001000,0.001000,0.001000,0.001000,0.001000
1073.826923,0.033745,0.001000,0.001000,0.001000,0.001000,0.001000
1073.846154,0.034738,0.001000,0.001000,0.001000,0.001000,0.001000
1073.865385,0.035704,0.001000,0.001000,0.001000,0.001000,0.001000
1073.884615,0.036645,0.001000,0.001000,0.001000,0.001000,0.001000
1073.903846,0.037558,0.001000,0.001000,0.001000,0.001000,0.001000
1073.923077,0.038443,0.001000,0.001000,0.001000,0.001000,0.001000
1073.942308,0.039300,0.001000,0.001000,0.001000,0.001000,0.001000
1073.961538,0.040127,0.001000,0.001000,0.001000,0.001000,0.001000
1073.980769,0.040925,0.001000,0.001000,0.001000,0.001000,0.001000
1074.000000,0.041693,0.001000,0.001000,0.001000,0.001000,0.001000
1074.019231,0.042429,0.001000,0.001000,0.001000,0.001000,0.001000
1074.038462,0.043134,0.001000,0.001000,0.001000,0.001000,0.001000
1074.057692,0.043807,0.001000,0.001000,0.001000,0.001000,0.001000
1074.076923,0.044447,0.001000,0.001000,0.001000,0.001000,0.001000
1074.096154,0.045055,0.001000,0.001000,0.001000,0.001000,0.001000
1074.115385,0.045629,0.001000,0.001000,0.001000,0.001000,0.001000
1074.134615,0.046169,0.001000,0.001000,0.001000,0.001000,0.001000
1074.153846,0.046674,0.001000,0.001000,0.001000,0.001000,0.001000
1074.173077,0.047146,0.001000,0.001000,0.001000,0.001000,0.001000
1074.192308,0.047582,0.001000,0.001000,0.001000,0.001000,0.001000
1074.211538,0.047983,0.001000,0.001000,0.001000,0.001000,0.001000
1074.230769,0.048348,0.001000,0.001000,0.001000,0.001000,0.001000
1074.250000,0.048677,0.001000,0.001000,0.001000,0.001000,0.001000
1074.269231,0.048970,0.001000,0.001000,0.001000,0.001000,0.001000
1074.288462,0.049227,0.001000,0.001000,0.001000,0.001000,0.001000
1074.307692,0.049447,0.001000,0.001000,0.001000,0.001000,0.001000
1074.326923,0.049631,0.001000,0.001000,0.001000,0.001000,0.001000
1074.346154,0.049778,0.001000,0.001000,0.001000,0.001000,0.001000
1074.365385,0.049888,0.001000,0.001000,0.001000,0.001000,0.001000
1074.384615,0.049960,0.001000,0.001000,0.001000,0.001000,0.001000
1074.403846,0.049996,0.001000,0.001000,0.001000,0.001000,0.001000
1074.423077,0.049995,0.001000,0.001000,0.001000,0.001000,0.001000
1074.442308,0.049956,0.001000,0.001000,0.001000,0.001000,0.001000
1074.461538,0.049880,0.001000,0.001000,0.001000,0.001000,0.001000
1074.480769,0.049768,0.001000,0.001000,0.001000,0.001000,0.001000
1074.500000,0.049618,0.001000,0.001000,0.001000,0.001000,0.001000
1074.519231,0.049432,0.001000,0.001000,0.001000,0.001000,0.001000
1074.538462,0.049209,0.001000,0.001000,0.001000,0.001000,0.001000
1074.557692,0.048949,0.001000,0.001000,0.001000,0.001000,0.001000
1074.576923,0.048653,0.001000,0.001000,0.001000,0.001000,0.001000
1074.596154,0.048321,0.001000,0.001000,0.001000,0.001000,0.001000
1074.615385,0.047953,0.001000,0.001000,0.001000,0.001000,0.001000
1074.634615,0.047549,0.001000,0.001000,0.001000,0.001000,0.001000
1074.653846,0.047110,0.001000,0.001000,0.001000,0.001000,0.001000
1074.673077,0.046636,0.001000,0.001000,0.001000,0.001000,0.001000
1074.692308,0.046128,0.001000,0.001000,0.001000,0.001000,0.001000
1074.711538,0.045585,0.001000,0.001000,0.001000,0.001000,0.001000
1074.730769,0.045009,0.001000,0.001000,0.001000,0.001000,0.001000
1074.750000,0.044399,0.001000,0.001000,0.001000,0.001000,0.001000
1074.769231,0.043756,0.001000,0.001000,0.001000,0.001000,0.001000
1074.788462,0.043080,0.001000,0.001000,0.001000,0.001000,0.001000
1074.807692,0.042373,0.001000,0.001000,0.001000,0.001000,0.001000
1074.826923,0.041634,0.001000,0.001000,0.001000,0.001000,0.001000
1074.846154,0.040864,0.001000,0.001000,0.001000,0.001000,0.001000
1074.865385,0.040064,0.001000,0.001000,0.001000,0.001000,0.001000
1074.884615,0.039235,0.001000,0.001000,0.001000,0.001000,0.001000
1074.903846,0.038376,0.001000,0.001000,0.001000,0.001000,0.001000
1074.923077,0.037488,0.001000,0.001000,0.001000,0.001000,0.001000
1074.942308,0.036573,0.001000,0.001000,0.001000,0.001000,0.001000
1074.961538,0.035630,0.001000,0.001000,0.001000,0.001000,0.001000
1074.980769,0.034662,0.001000,0.001000,0.001000,0.001000,0.001000
1075.000000,0.033667,0.001000,0.001000,0.001000,0.001000,0.001000
1075.019231,0.032647,0.001000,0.001000,0.001000,0.001000,0.001000
1075.038462,0.031604,0.001000,0.001000,0.001000,0.001000,0.001000
1075.057692,0.030536,0.001000,0.001000,0.001000,0.001000,0.001000
1075.076923,0.029446,0.001000,0.001000,0.001000,0.001000,0.001000
1075.096154,0.028334,0.001000,0.001000,0.001000,0.001000,0.001000
1075.115385,0.027202,0.001000,0.001000,0.001000,0.001000,0.001000
1075.134615,0.026049,0.001000,0.001000,0.001000,0.001000,0.001000
1075.153846,0.024876,0.001000,0.001000,0.001000,0.001000,0.001000
1075.173077,0.023685,0.001000,0.001000,0.001000,0.001000,0.001000
1075.192308,0.022477,0.001000,0.001000,0.001000,0.001000,0.001000
1075.211538,0.021252,0.001000,0.001000,0.001000,0.001000,0.001000
1075.230769,0.020011,0.001000,0.001000,0.001000,0.001000,0.001000
1075.250000,0.018755,0.001000,0.001000,0.001000,0.001000,0.001000
1075.269231,0.017486,0.001000,0.001000,0.001000,0.001000,0.001000
1075.288462,0.016203,0.001000,0.001000,0.001000,0.001000,0.001000
1075.307692,0.014908,0.001000,0.001000,0.001000,0.001000,0.001000
1075.326923,0.013602,0.001000,0.001000,0.001000,0.001000,0.001000
1075.346154,0.012287,0.001000,0.001000,0.001000,0.001000,0.001000
1075.365385,0.010962,0.001000,0.001000,0.001000,0.001000,0.001000
1075.384615,0.009629,0.001000,0.001000,0.001000,0.001000,0.001000
1075.403846,0.008288,0.001000,0.001000,0.001000,0.001000,0.001000
1075.423077,0.006942,0.001000,0.001000,0.001000,0.001000,0.001000
1075.442308,0.005590,0.001000,0.001000,0.001000,0.001000,0.001000
1075.461538,0.004235,0.001000,0.001000,0.001000,0.001000,0.001000
1075.480769,0.002876,0.001000,0.001000,0.001000,0.001000,0.001000
1075.500000,0.001515,0.001000,0.001000,0.001000,0.001000,0.001000
1075.519231,0.000153,0.001000,0.001000,0.001000,0.001000,0.001000
1075.538462,-0.001209,0.001000,0.001000,0.001000,0.001000,0.001000
1075.557692,-0.002571,0.001000,0.001000,0.001000,0.001000,0.001000
1075.576923,-0.003930,0.001000,0.001000,0.001000,0.001000,0.001000
1075.596154,-0.005287,0.001000,0.001000,0.001000,0.001000,0.001000
1075.615385,-0.006639,0.001000,0.001000,0.001000,0.001000,0.001000
1075.634615,-0.007987,0.001000,0.001000,0.001000,0.001000,0.001000
1075.653846,-0.009329,0.001000,0.001000,0.001000,0.001000,0.001000
1075.673077,-0.010663,0.001000,0.001000,0.001000,0.001000,0.001000
1075.692308,-0.011990,0.001000,0.001000,0.001000,0.001000,0.001000
1075.711538,-0.013308,0.001000,0.001000,0.001000,0.001000,0.001000
1075.730769,-0.014616,0.001000,0.001000,0.001000,0.001000,0.001000
1075.750000,-0.015914,0.001000,0.001000,0.001000,0.001000,0.001000
1075.769231,-0.017199,0.001000,0.001000,0.001000,0.001000,0.001000
1075.788462,-0.018472,0.001000,0.001000,0.001000,0.001000,0.001000
1075.807692,-0.019731,0.001000,0.001000,0.001000,0.001000,0.001000
1075.826923,-0.020975,0.001000,0.001000,0.001000,0.001000,0.001000
1075.846154,-0.022204,0.001000,0.001000,0.001000,0.001000,0.001000
1075.865385,-0.023416,0.001000,0.001000,0.001000,0.001000,0.001000
1075.884615,-0.024611,0.001000,0.001000,0.001000,0.001000,0.001000
1075.903846,-0.025787,0.001000,0.001000,0.001000,0.001000,0.001000
1075.923077,-0.026945,0.001000,0.001000,0.001000,0.001000,0.001000
1075.942308,-0.028082,0.001000,0.001000,0.001000,0.001000,0.001000
1075.961538,-0.029199,0.001000,0.001000,0.001000,0.001000,0.001000
1075.980769,-0.030294,0.001000,0.001000,0.001000,0.001000,0.001000
1076.000000,-0.031366,0.001000,0.001000,0.001000,0.001000,0.001000
1076.019231,-0.032415,0.001000,0.001000,0.001000,0.001000,0.001000
1076.038462,-0.033440,0.001000,0.001000,0.001000,0.001000,0.001000
1076.057692,-0.034441,0.001000,0.001000,0.001000,0.001000,0.001000
1076.076923,-0.035415,0.001000,0.001000,0.001000,0.001000,0.001000
1076.096154,-0.036364,0.001000,0.001000,0.001000,0.001000,0.001000
1076.115385,-0.037285,0.001000,0.001000,0.001000,0.001000,0.001000
1076.134615,-0.038179,0.001000,0.001000,0.001000,0.001000,0.001000
1076.153846,-0.039044,0.001000,0.001000,0.001000,0.001000,0.001000
1076.173077,-0.039881,0.001000,0.001000,0.001000,0.001000,0.001000
1076.192308,-0.040688,0.001000,0.001000,0.001000,0.001000,0.001000
1076.211538,-0.041464,0.001000,0.001000,0.001000,0.001000,0.001000
1076.230769,-0.042210,0.001000,0.001000,0.001000,0.001000,0.001000
1076.250000,-0.042925,0.001000,0.001000,0.001000,0.001000,0.001000
1076.269231,-0.043607,0.001000,0.001000,0.001000,0.001000,0.001000
1076.288462,-0.044257,0.001000,0.001000,0.001000,0.001000,0.001000
1076.307692,-0.044875,0.001000,0.001000,0.001000,0.001000,0.001000
1076.326923,-0.045459,0.001000,0.001000,0.001000,0.001000,0.001000
1076.346154,-0.046009,0.001000,0.001000,0.001000,0.001000,0.001000
1076.365385,-0.046525,0.001000,0.001000,0.001000,0.001000,0.001000
1076.384615,-0.047007,0.001000,0.001000,0.001000,0.001000,0.001000
1076.403846,-0.047454,0.001000,0.001000,0.001000,0.001000,0.001000
1076.423077,-0.047865,0.001000,0.001000,0.001000,0.001000,0.001000
1076.442308,-0.048241,0.001000,0.001000,0.001000,0.001000,0.001000
1076.461538,-0.048582,0.001000,0.001000,0.001000,0.001000,0.001000
1076.480769,-0.048886,0.001000,0.001000,0.001000,0.001000,0.001000
1076.500000,-0.049154,0.001000,0.001000,0.001000,0.001000,0.001000
1076.519231,-0.049385,0.001000,0.001000,0.001000,0.001000,0.001000
1076.538462,-0.049580,0.001000,0.001000,0.001000,0.001000,0.001000
1076.557692,-0.049737,0.001000,0.001000,0.001000,0.001000,0.001000
1076.576923,-0.049858,0.001000,0.001000,0.001000,0.001000,0.001000
1076.596154,-0.049942,0.001000,0.001000,0.001000,0.001000,0.001000
1076.615385,-0.049989,0.001000,0.001000,0.001000,0.001000,0.001000
1076.634615,-0.049999,0.001000,0.001000,0.001000,0.001000,0.001000
1076.653846,-0.049972,0.001000,0.001000,0.001000,0.001000,0.001000
1076.673077,-0.049907,0.001000,0.001000,0.001000,0.001000,0.001000
1076.692308,-0.049806,0.001000,0.001000,0.001000,0.001000,0.001000
1076.711538,-0.049667,0.001000,0.001000,0.001000,0.001000,0.001000
1076.730769,-0.049492,0.001000,0.001000,0.001000,0.001000,0.001000
1076.750000,-0.049280,0.001000,0.001000,0.001000,0.001000,0.001000
1076.769231,-0.049031,0.001000,0.001000,0.001000,0.001000,0.001000
1076.788462,-0.048746,0.001000,0.001000,0.001000,0.001000,0.001000
1076.807692,-0.048425,0.001000,0.001000,0.001000,0.001000,0.001000
1076.826923,-0.048068,0.001000,0.001000,0.001000,0.001000,0.001000
1076.846154,-0.047675,0.001000,0.001000,0.001000,0.001000,0.001000
1076.865385,-0.047246,0.001000,0.001000,0.001000,0.001000,0.001000
1076.884615,-0.046783,0.001000,0.001000,0.001000,0.001000,0.001000
1076.903846,-0.046285,0.001000,0.001000,0.001000,0.001000,0.001000
1076.923077,-0.045753,0.001000,0.001000,0.001000,0.001000,0.001000
1076.942308,-0.045186,0.001000,0.001000,0.001000,0.001000,0.001000
1076.961538,-0.044586,0.001000,0.001000,0.001000,0.001000,0.001000
1076.980769,-0.043953,0.001000,0.001000,0.001000,0.001000,0.001000
1077.000000,-0.043288,0.001000,0.001000,0.001000,0.001000,0.001000
1077.019231,-0.042590,0.001000,0.001000,0.001000,0.001000,0.001000
1077.038462,-0.041860,0.001000,0.001000,0.001000,0.001000,0.001000
1077.057692,-0.041100,0.001000,0.001000,0.001000,0.001000,0.001000
1077.076923,-0.040309,0.001000,0.001000,0.001000,0.001000,0.001000
1077.096154,-0.039488,0.001000,0.001000,0.001000,0.001000,0.001000
1077.115385,-0.038638,0.001000,0.001000,0.001000,0.001000,0.001000
1077.134615,-0.037759,0.001000,0.001000,0.001000,0.001000,0.001000
1077.153846,-0.036852,0.001000,0.001000,0.001000,0.001000,0.001000
1077.173077,-0.035918,0.001000,0.001000,0.001000,0.001000,0.001000
1077.192308,-0.034957,0.001000,0.001000,0.001000,0.001000,0.001000
1077.211538,-0.033970,0.001000,0.001000,0.001000,0.001000,0.001000
1077.230769,-0.032958,0.001000,0.001000,0.001000,0.001000,0.001000
1077.250000,-0.031921,0.001000,0.001000,0.001000,0.001000,0.001000
1077.269231,-0.030861,0.001000,0.001000,0.001000,0.001000,0.001000
1077.288462,-0.029777,0.001000,0.001000,0.001000,0.001000,0.001000
1077.307692,-0.028672,0.001000,0.001000,0.001000,0.001000,0.001000
1077.326923,-0.027546,0.001000,0.001000,0.001000,0.001000,0.001000
1077.346154,-0.026399,0.001000,0.001000,0.001000,0.001000,0.001000
1077.365385,-0.025232,0.001000,0.001000,0.001000,0.001000,0.001000
1077.384615,-0.024047,0.001000,0.001000,0.001000,0.001000,0.001000
1077.403846,-0.022843,0.001000,0.001000,0.001000,0.001000,0.001000
1077.423077,-0.021623,0.001000,0.001000,0.001000,0.001000,0.001000
1077.442308,-0.020387,0.001000,0.001000,0.001000,0.001000,0.001000
1077.461538,-0.019136,0.001000,0.001000,0.001000,0.001000,0.001000
1077.480769,-0.017870,0.001000,0.001000,0.001000,0.001000,0.001000
1077.500000,-0.016591,0.001000,0.001000,0.001000,0.001000,0.001000
1077.519231,-0.015300,0.001000,0.001000,0.001000,0.001000,0.001000
1077.538462,-0.013998,0.001000,0.001000,0.001000,0.001000,0.001000
1077.557692,-0.012685,0.001000,0.001000,0.001000,0.001000,0.001000
1077.576923,-0.011362,0.001000,0.001000,0.001000,0.001000,0.001000
1077.596154,-0.010032,0.001000,0.001000,0.001000,0.001000,0.001000
1077.615385,-0.008693,0.001000,0.001000,0.001000,0.001000,0.001000
1077.634615,-0.007349,0.001000,0.001000,0.001000,0.001000,0.001000
1077.653846,-0.005999,0.001000,0.001000,0.001000,0.001000,0.001000
1077.673077,-0.004644,0.001000,0.001000,0.001000,0.001000,0.001000
1077.692308,-0.003286,0.001000,0.001000,0.001000,0.001000,0.001000
1077.711538,-0.001926,0.001000,0.001000,0.001000,0.001000,0.001000
1077.730769,-0.000564,0.001000,0.001000,0.001000,0.001000,0.001000
1077.750000,0.000799,0.001000,0.001000,0.001000,0.001000,0.001000
1077.769231,0.002160,0.001000,0.001000,0.001000,0.001000,0.001000
1077.788462,0.003520,0.001000,0.001000,0.001000,0.001000,0.001000
1077.807692,0.004878,0.001000,0.001000,0.001000,0.001000,0.001000
1077.826923,0.006232,0.001000,0.001000,0.001000,0.001000,0.001000
1077.846154,0.007581,0.001000,0.001000,0.001000,0.001000,0.001000
1077.865385,0.008924,0.001000,0.001000,0.001000,0.001000,0.001000
1077.884615,0.010261,0.001000,0.001000,0.001000,0.001000,0.001000
1077.903846,0.011591,0.001000,0.001000,0.001000,0.001000,0.001000
1077.923077,0.012912,0.001000,0.001000,0.001000,0.001000,0.001000
1077.942308,0.014223,0.001000,0.001000,0.001000,0.001000,0.001000
1077.961538,0.015523,0.001000,0.001000,0.001000,0.001000,0.001000
1077.980769,0.016812,0.001000,0.001000,0.001000,0.001000,0.001000
1078.000000,0.018089,0.001000,0.001000,0.001000,0.001000,0.001000
1078.019231,0.019352,0.001000,0.001000,0.001000,0.001000,0.001000
1078.038462,0.020601,0.001000,0.001000,0.001000,0.001000,0.001000
1078.057692,0.021835,0.001000,0.001000,0.001000,0.001000,0.001000
1078.076923,0.023052,0.001000,0.001000,0.001000,0.001000,0.001000
1078.096154,0.024252,0.001000,0.001000,0.001000,0.001000,0.001000
1078.115385,0.025434,0.001000,0.001000,0.001000,0.001000,0.001000
1078.134615,0.026598,0.001000,0.001000,0.001000,0.001000,0.001000
1078.153846,0.027741,0.001000,0.001000,0.001000,0.001000,0.001000
1078.173077,0.028864,0.001000,0.001000,0.001000,0.001000,0.001000
1078.192308,0.029966,0.001000,0.001000,0.001000,0.001000,0.001000
1078.211538,0.031045,0.001000,0.001000,0.001000,0.001000,0.001000
1078.230769,0.032101,0.001000,0.001000,0.001000,0.001000,0.001000
1078.250000,0.033134,0.001000,0.001000,0.001000,0.001000,0.001000
1078.269231,0.034142,0.001000,0.001000,0.001000,0.001000,0.001000
1078.288462,0.035124,0.001000,0.001000,0.001000,0.001000,0.001000
1078.307692,0.036081,0.001000,0.001000,0.001000,0.001000,0.001000
1078.326923,0.037010,0.001000,0.001000,0.001000,0.001000,0.001000
1078.346154,0.037912,0.001000,0.001000,0.001000,0.001000,0.001000
1078.365385,0.038786,0.001000,0.001000,0.001000,0.001000,0.001000
1078.384615,0.039632,0.001000,0.001000,0.001000,0.001000,0.001000
1078.403846,0.040447,0.001000,0.001000,0.001000,0.001000,0.001000
1078.423077,0.041233,0.001000,0.001000,0.001000,0.001000,0.001000
1078.442308,0.041988,0.001000,0.001000,0.001000,0.001000,0.001000
1078.461538,0.042712,0.001000,0.001000,0.001000,0.001000,0.001000
1078.480769,0.043405,0.001000,0.001000,0.001000,0.001000,0.001000
1078.500000,0.044065,0.001000,0.001000,0.001000,0.001000,0.001000
1078.519231,0.044692,0.001000,0.001000,0.001000,0.001000,0.001000
1078.538462,0.045286,0.001000,0.001000,0.001000,0.001000,0.001000
1078.557692,0.045847,0.001000,0.001000,0.001000,0.001000,0.001000
1078.576923,0.046373,0.001000,0.001000,0.001000,0.001000,0.001000
1078.596154,0.046865,0.001000,0.001000,0.001000,0.001000,0.001000
1078.615385,0.047323,0.001000,0.001000,0.001000,0.001000,0.001000
1078.634615,0.047745,0.001000,0.001000,0.001000,0.001000,0.001000
1078.653846,0.048132,0.001000,0.001000,0.001000,0.001000,0.001000
1078.673077,0.048483,0.001000,0.001000,0.001000,0.001000,0.001000
1078.692308,0.048798,0.001000,0.001000,0.001000,0.001000,0.001000
1078.711538,0.049077,0.001000,0.001000,0.001000,0.001000,0.001000
1078.730769,0.049319,0.001000,0.001000,0.001000,0.001000,0.001000
1078.750000,0.049525,0.001000,0.001000,0.001000,0.001000,0.001000
1078.769231,0.049694,0.001000,0.001000,0.001000,0.001000,0.001000
1078.788462,0.049826,0.001000,0.001000,0.001000,0.001000,0.001000
1078.807692,0.049921,0.001000,0.001000,0.001000,0.001000,0.001000
1078.826923,0.049979,0.001000,0.001000,0.001000,0.001000,0.001000
1078.846154,0.050000,0.001000,0.001000,0.001000,0.001000,0.001000
1078.865385,0.049984,0.001000,0.001000,0.001000,0.001000,0.001000
1078.884615,0.049931,0.001000,0.001000,0.001000,0.001000,0.001000
1078.903846,0.049840,0.001000,0.001000,0.001000,0.001000,0.001000
1078.923077,0.049713,0.001000,0.001000,0.001000,0.001000,0.001000
1078.942308,0.049549,0.001000,0.001000,0.001000,0.001000,0.001000
1078.961538,0.049348,0.001000,0.001000,0.001000,0.001000,0.001000
1078.980769,0.049110,0.001000,0.001000,0.001000,0.001000,0.001000
1079.000000,0.048836,0.001000,0.001000,0.001000,0.001000,0.001000
1079.019231,0.048526,0.001000,0.001000,0.001000,0.001000,0.001000
1079.038462,0.048179,0.001000,0.001000,0.001000,0.001000,0.001000
1079.057692,0.047797,0.001000,0.001000,0.001000,0.001000,0.001000
1079.076923,0.047379,0.001000,0.001000,0.001000,0.001000,0.001000
1079.096154,0.046927,0.001000,0.001000,0.001000,0.001000,0.001000
1079.115385,0.046439,0.001000,0.001000,0.001000,0.001000,0.001000
1079.134615,0.045917,0.001000,0.001000,0.001000,0.001000,0.001000
1079.153846,0.045361,0.001000,0.001000,0.001000,0.001000,0.001000
1079.173077,0.044771,0.001000,0.001000,0.001000,0.001000,0.001000
1079.192308,0.044148,0.001000,0.001000,0.001000,0.001000,0.001000
1079.211538,0.043492,0.001000,0.001000,0.001000,0.001000,0.001000
1079.230769,0.042804,0.001000,0.001000,0.001000,0.001000,0.001000
1079.250000,0.042084,0.001000,0.001000,0.001000,0.001000,0.001000
1079.269231,0.041333,0.001000,0.001000,0.001000,0.001000,0.001000
1079.288462,0.040551,0.001000,0.001000,0.001000,0.001000,0.001000
1079.307692,0.039739,0.001000,0.001000,0.001000,0.001000,0.001000
1079.326923,0.038897,0.001000,0.001000,0.001000,0.001000,0.001000
1079.346154,0.038027,0.001000,0.001000,0.001000,0.001000,0.001000
1079.365385,0.037128,0.001000,0.001000,0.001000,0.001000,0.001000
1079.384615,0.036202,0.001000,0.001000,0.001000,0.001000,0.001000
1079.403846,0.035249,0.001000,0.001000,0.001000,0.001000,0.001000
1079.423077,0.034270,0.001000,0.001000,0.001000,0.001000,0.001000
1079.442308,0.033266,0.001000,0.001000,0.001000,0.001000,0.001000
1079.461538,0.032236,0.001000,0.001000,0.001000,0.001000,0.001000
1079.480769,0.031183,0.001000,0.001000,0.001000,0.001000,0.001000
1079.500000,0.030107,0.001000,0.001000,0.001000,0.001000,0.001000
1079.519231,0.029008,0.001000,0.001000,0.001000,0.001000,0.001000
1079.538462,0.027888,0.001000,0.001000,0.001000,0.001000,0.001000
1079.557692,0.026747,0.001000,0.001000,0.001000,0.001000,0.001000
1079.576923,0.025586,0.001000,0.001000,0.001000,0.001000,0.001000
1079.596154,0.024406,0.001000,0.001000,0.001000,0.001000,0.001000
1079.615385,0.023208,0.001000,0.001000,0.001000,0.001000,0.001000
1079.634615,0.021993,0.001000,0.001000,0.001000,0.001000,0.001000
1079.653846,0.020762,0.001000,0.001000,0.001000,0.001000,0.001000
1079.673077,0.019515,0.001000,0.001000,0.001000,0.001000,0.001000
1079.692308,0.018253,0.001000,0.001000,0.001000,0.001000,0.001000
1079.711538,0.016978,0.001000,0.001000,0.001000,0.001000,0.001000
1079.730769,0.015691,0.001000,0.001000,0.001000,0.001000,0.001000
1079.750000,0.014392,0.001000,0.001000,0.001000,0.001000,0.001000
1079.769231,0.013082,0.001000,0.001000,0.001000,0.001000,0.001000
1079.788462,0.011762,0.001000,0.001000,0.001000,0.001000,0.001000
1079.807692,0.010434,0.001000,0.001000,0.001000,0.001000,0.001000
1079.826923,0.009098,0.001000,0.001000,0.001000,0.001000,0.001000
1079.846154,0.007755,0.001000,0.001000,0.001000,0.001000,0.001000
1079.865385,0.006407,0.001000,0.001000,0.001000,0.001000,0.001000
1079.884615,0.005053,0.001000,0.001000,0.001000,0.001000,0.001000
1079.903846,0.003696,0.001000,0.001000,0.001000,0.001000,0.001000
1079.923077,0.002336,0.001000,0.001000,0.001000,0.001000,0.001000
1079.942308,0.000975,0.001000,0.001000,0.001000,0.001000,0.001000
1079.961538,-0.000387,0.001000,0.001000,0.001000,0.001000,0.001000
1079.980769,-0.001749,0.001000,0.001000,0.001000,0.001000,0.001000
1080.000000,-0.003110,0.001000,0.001000,0.001000,0.001000,0.001000
1080.019231,-0.004469,0.001000,0.001000,0.001000,0.001000,0.001000
1080.038462,-0.005824,0.001000,0.001000,0.001000,0.001000,0.001000
1080.057692,-0.007174,0.001000,0.001000,0.001000,0.001000,0.001000
1080.076923,-0.008520,0.001000,0.001000,0.001000,0.001000,0.001000
1080.096154,-0.009859,0.001000,0.001000,0.001000,0.001000,0.001000
1080.115385,-0.011191,0.001000,0.001000,0.001000,0.001000,0.001000
1080.134615,-0.012514,0.001000,0.001000,0.001000,0.001000,0.001000
1080.153846,-0.013828,0.001000,0.001000,0.001000,0.001000,0.001000
1080.173077,-0.015132,0.001000,0.001000,0.001000,0.001000,0.001000
1080.192308,-0.016425,0.001000,0.001000,0.001000,0.001000,0.001000
1080.211538,-0.017705,0.001000,0.001000,0.001000,0.001000,0.001000
1080.230769,-0.018973,0.001000,0.001000,0.001000,0.001000,0.001000
1080.250000,-0.020226,0.001000,0.001000,0.001000,0.001000,0.001000
1080.269231,-0.021464,0.001000,0.001000,0.001000,0.001000,0.001000
1080.288462,-0.022686,0.001000,0.001000,0.001000,0.001000,0.001000
1080.307692,-0.023892,0.001000,0.001000,0.001000,0.001000,0.001000
1080.326923,-0.025080,0.001000,0.001000,0.001000,0.001000,0.001000
1080.346154,-0.026249,0.001000,0.001000,0.001000,0.001000,0.001000
1080.365385,-0.027398,0.001000,0.001000,0.001000,0.001000,0.001000
1080.384615,-0.028528,0.001000,0.001000,0.001000,0.001000,0.001000
1080.403846,-0.029636,0.001000,0.001000,0.001000,0.001000,0.001000
1080.423077,-0.030722,0.001000,0.001000,0.001000,0.001000,0.001000
1080.442308,-0.031785,0.001000,0.001000,0.001000,0.001000,0.001000
1080.461538,-0.032825,0.001000,0.001000,0.001000,0.001000,0.001000
1080.480769,-0.033840,0.001000,0.001000,0.001000,0.001000,0.001000
1080.500000,-0.034830,0.001000,0.001000,0.001000,0.001000,0.001000
1080.519231,-0.035795,0.001000,0.001000,0.001000,0.001000,0.001000
1080.538462,-0.036733,0.001000,0.001000,0.001000,0.001000,0.001000
1080.557692,-0.037643,0.001000,0.001000,0.001000,0.001000,0.001000
1080.576923,-0.038526,0.001000,0.001000,0.001000,0.001000,0.001000
1080.596154,-0.039380,0.001000,0.001000,0.001000,0.001000,0.001000
1080.615385,-0.040204,0.001000,0.001000,0.001000,0.001000,0.001000
1080.634615,-0.040999,0.001000,0.001000,0.001000,0.001000,0.001000
1080.653846,-0.041764,0.001000,0.001000,0.001000,0.001000,0.001000
1080.673077,-0.042497,0.001000,0.001000,0.001000,0.001000,0.001000
1080.692308,-0.043199,0.001000,0.001000,0.001000,0.001000,0.001000
1080.711538,-0.043869,0.001000,0.001000,0.001000,0.001000,0.001000
1080.730769,-0.044506,0.001000,0.001000,0.001000,0.001000,0.001000
1080.750000,-0.045110,0.001000,0.001000,0.001000,0.001000,0.001000
1080.769231,-0.045681,0.001000,0.001000,0.001000,0.001000,0.001000
1080.788462,-0.046218,0.001000,0.001000,0.001000,0.001000,0.001000
1080.807692,-0.046721,0.001000,0.001000,0.001000,0.001000,0.001000
1080.826923,-0.047188,0.001000,0.001000,0.001000,0.001000,0.001000
1080.846154,-0.047621,0.001000,0.001000,0.001000,0.001000,0.001000
1080.865385,-0.048019,0.001000,0.001000,0.001000,0.001000,0.001000
1080.884615,-0.048381,0.001000,0.001000,0.001000,0.001000,0.001000
1080.903846,-0.048706,0.001000,0.001000,0.001000,0.001000,0.001000
1080.923077,-0.048996,0.001000,0.001000,0.001000,0.001000,0.001000
1080.942308,-0.049250,0.001000,0.001000,0.001000,0.001000,0.001000
1080.961538,-0.049466,0.001000,0.001000,0.001000,0.001000,0.001000
1080.980769,-0.049647,0.001000,0.001000,0.001000,0.001000,0.001000
1081.000000,-0.049790,0.001000,0.001000,0.001000,0.001000,0.001000
1081.019231,-0.049896,0.001000,0.001000,0.001000,0.001000,0.001000
1081.038462,-0.049965,0.001000,0.001000,0.001000,0.001000,0.001000
1081.057692,-0.049998,0.001000,0.001000,0.001000,0.001000,0.001000
1081.076923,-0.049993,0.001000,0.001000,0.001000,0.001000,0.001000
1081.096154,-0.049950,0.001000,0.001000,0.001000,0.001000,0.001000
1081.115385,-0.049871,0.001000,0.001000,0.001000,0.001000,0.001000
1081.134615,-0.049755,0.001000,0.001000,0.001000,0.001000,0.001000
1081.153846,-0.049602,0.001000,0.001000,0.001000,0.001000,0.001000
1081.173077,-0.049412,0.001000,0.001000,0.001000,0.001000,0.001000
1081.192308,-0.049186,0.001000,0.001000,0.001000,0.001000,0.001000
1081.211538,-0.048922,0.001000,0.001000,0.001000,0.001000,0.001000
1081.230769,-0.048623,0.001000,0.001000,0.001000,0.001000,0.001000
1081.250000,-0.048287,0.001000,0.001000,0.001000,0.001000,0.001000
1081.269231,-0.047916,0.001000,0.001000,0.001000,0.001000,0.001000
1081.288462,-0.047509,0.001000,0.001000,0.001000,0.001000,0.001000
1081.307692,-0.047067,0.001000,0.001000,0.001000,0.001000,0.001000
1081.326923,-0.046590,0.001000,0.001000,0.001000,0.001000,0.001000
1081.346154,-0.046078,0.001000,0.001000,0.001000,0.001000,0.001000
1081.365385,-0.045532,0.001000,0.001000,0.001000,0.001000,0.001000
1081.384615,-0.044952,0.001000,0.001000,0.001000,0.001000,0.001000
1081.403846,-0.044339,0.001000,0.001000,0.001000,0.001000,0.001000
1081.423077,-0.043693,0.001000,0.001000,0.001000,0.001000,0.001000
1081.442308,-0.043015,0.001000,0.001000,0.001000,0.001000,0.001000
1081.461538,-0.042304,0.001000,0.001000,0.001000,0.001000,0.001000
1081.480769,-0.041563,0.001000,0.001000,0.001000,0.001000,0.001000
1081.500000,-0.040790,0.001000,0.001000,0.001000,0.001000,0.001000
1081.519231,-0.039987,0.001000,0.001000,0.001000,0.001000,0.001000
1081.538462,-0.039154,0.001000,0.001000,0.001000,0.001000,0.001000
1081.557692,-0.038293,0.001000,0.001000,0.001000,0.001000,0.001000
1081.576923,-0.037403,0.001000,0.001000,0.001000,0.001000,0.001000
1081.596154,-0.036485,0.001000,0.001000,0.001000,0.001000,0.001000
1081.615385,-0.035540,0.001000,0.001000,0.001000,0.001000,0.001000
1081.634615,-0.034568,0.001000,0.001000,0.001000,0.001000,0.001000
1081.653846,-0.033571,0.001000,0.001000,0.001000,0.001000,0.001000
1081.673077,-0.032549,0.001000,0.001000,0.001000,0.001000,0.001000
1081.692308,-0.031503,0.001000,0.001000,0.001000,0.001000,0.001000
1081.711538,-0.030434,0.001000,0.001000,0.001000,0.001000,0.001000
1081.730769,-0.029342,0.001000,0.001000,0.001000,0.001000,0.001000
1081.750000,-0.028228,0.001000,0.001000,0.001000,0.001000,0.001000
1081.769231,-0.027093,0.001000,0.001000,0.001000,0.001000,0.001000
1081.788462,-0.025938,0.001000,0.001000,0.001000,0.001000,0.001000
1081.807692,-0.024764,0.001000,0.001000,0.001000,0.001000,0.001000
1081.826923,-0.023572,0.001000,0.001000,0.001000,0.001000,0.001000
1081.846154,-0.022361,0.001000,0.001000,0.001000,0.001000,0.001000
1081.865385,-0.021135,0.001000,0.001000,0.001000,0.001000,0.001000
1081.884615,-0.019892,0.001000,0.001000,0.001000,0.001000,0.001000
1081.903846,-0.018635,0.001000,0.001000,0.001000,0.001000,0.001000
1081.923077,-0.017364,0.001000,0.001000,0.001000,0.001000,0.001000
1081.942308,-0.016081,0.001000,0.001000,0.001000,0.001000,0.001000
1081.961538,-0.014785,0.001000,0.001000,0.001000,0.001000,0.001000
1081.980769,-0.013478,0.001000,0.001000,0.001000,0.001000,0.001000
1082.000000,-0.012161,0.001000,0.001000,0.001000,0.001000,0.001000
1082.019231,-0.010836,0.001000,0.001000,0.001000,0.001000,0.001000
1082.038462,-0.009502,0.001000,0.001000,0.001000,0.001000,0.001000
1082.057692,-0.008161,0.001000,0.001000,0.001000,0.001000,0.001000
1082.076923,-0.006814,0.001000,0.001000,0.001000,0.001000,0.001000
1082.096154,-0.005462,0.001000,0.001000,0.001000,0.001000,0.001000
1082.115385,-0.004106,0.001000,0.001000,0.001000,0.001000,0.001000
1082.134615,-0.002747,0.001000,0.001000,0.001000,0.001000,0.001000
1082.153846,-0.001386,0.001000,0.001000,0.001000,0.001000,0.001000
1082.173077,-0.000024,0.001000,0.001000,0.001000,0.001000,0.001000
1082.192308,0.001339,0.001000,0.001000,0.001000,0.001000,0.001000
1082.211538,0.002700,0.001000,0.001000,0.001000,0.001000,0.001000
1082.230769,0.004059,0.001000,0.001000,0.001000,0.001000,0.001000
1082.250000,0.005415,0.001000,0.001000,0.001000,0.001000,0.001000
1082.269231,0.006767,0.001000,0.001000,0.001000,0.001000,0.001000
1082.288462,0.008114,0.001000,0.001000,0.001000,0.001000,0.001000
1082.307692,0.009455,0.001000,0.001000,0.001000,0.001000,0.001000
1082.326923,0.010790,0.001000,0.001000,0.001000,0.001000,0.001000
1082.346154,0.012116,0.001000,0.001000,0.001000,0.001000,0.001000
1082.365385,0.013433,0.001000,0.001000,0.001000,0.001000,0.001000
1082.384615,0.014740,0.001000,0.001000,0.001000,0.001000,0.001000
1082.403846,0.016036,0.001000,0.001000,0.001000,0.001000,0.001000
1082.423077,0.017320,0.001000,0.001000,0.001000,0.001000,0.001000
1082.442308,0.018592,0.001000,0.001000,0.001000,0.001000,0.001000
1082.461538,0.019849,0.001000,0.001000,0.001000,0.001000,0.001000
1082.480769,0.021092,0.001000,0.001000,0.001000,0.001000,0.001000
1082.500000,0.022319,0.001000,0.001000,0.001000,0.001000,0.001000
1082.519231,0.023530,0.001000,0.001000,0.001000,0.001000,0.001000
1082.538462,0.024723,0.001000,0.001000,0.001000,0.001000,0.001000
1082.557692,0.025898,0.001000,0.001000,0.001000,0.001000,0.001000
1082.576923,0.027054,0.001000,0.001000,0.001000,0.001000,0.001000
1082.596154,0.028189,0.001000,0.001000,0.001000,0.001000,0.001000
1082.615385,0.029304,0.001000,0.001000,0.001000,0.001000,0.001000
1082.634615,0.030396,0.001000,0.001000,0.001000,0.001000,0.001000
1082.653846,0.031467,0.001000,0.001000,0.001000,0.001000,0.001000
1082.673077,0.032514,0.001000,0.001000,0.001000,0.001000,0.001000
1082.692308,0.033536,0.001000,0.001000,0.001000,0.001000,0.001000
1082.711538,0.034534,0.001000,0.001000,0.001000,0.001000,0.001000
1082.730769,0.035507,0.001000,0.001000,0.001000,0.001000,0.001000
1082.750000,0.036452,0.001000,0.001000,0.001000,0.001000,0.001000
1082.769231,0.037371,0.001000,0.001000,0.001000,0.001000,0.001000
1082.788462,0.038262,0.001000,0.001000,0.001000,0.001000,0.001000
1082.807692,0.039125,0.001000,0.001000,0.001000,0.001000,0.001000
1082.826923,0.039959,0.001000,0.001000,0.001000,0.001000,0.001000
1082.846154,0.040763,0.001000,0.001000,0.001000,0.001000,0.001000
1082.865385,0.041536,0.001000,0.001000,0.001000,0.001000,0.001000
1082.884615,0.042279,0.001000,0.001000,0.001000,0.001000,0.001000
1082.903846,0.042991,0.001000,0.001000,0.001000,0.001000,0.001000
1082.923077,0.043670,0.001000,0.001000,0.001000,0.001000,0.001000
1082.942308,0.044317,0.001000,0.001000,0.001000,0.001000,0.001000
1082.961538,0.044932,0.001000,0.001000,0.001000,0.001000,0.001000
1082.980769,0.045513,0.001000,0.001000,0.001000,0.001000,0.001000
1083.000000,0.046060,0.001000,0.001000,0.001000,0.001000,0.001000
1083.019231,0.046573,0.001000,0.001000,0.001000,0.001000,0.001000
1083.038462,0.047051,0.001000,0.001000,0.001000,0.001000,0.001000
1083.057692,0.047494,0.001000,0.001000,0.001000,0.001000,0.001000
1083.076923,0.047903,0.001000,0.001000,0.001000,0.001000,0.001000
1083.096154,0.048275,0.001000,0.001000,0.001000,0.001000,0.001000
1083.115385,0.048612,0.001000,0.001000,0.001000,0.001000,0.001000
1083.134615,0.048913,0.001000,0.001000,0.001000,0.001000,0.001000
1083.153846,0.049177,0.001000,0.001000,0.001000,0.001000,0.001000
1083.173077,0.049405,0.001000,0.001000,0.001000,0.001000,0.001000
1083.192308,0.049596,0.001000,0.001000,0.001000,0.001000,0.001000
1083.211538,0.049750,0.001000,0.001000,0.001000,0.001000,0.001000
1083.230769,0.049868,0.001000,0.001000,0.001000,0.001000,0.001000
1083.250000,0.049948,0.001000,0.001000,0.001000,0.001000,0.001000
1083.269231,0.049992,0.001000,0.001000,0.001000,0.001000,0.001000
1083.288462,0.049998,0.001000,0.001000,0.001000,0.001000,0.001000
1083.307692,0.049967,0.001000,0.001000,0.001000,0.001000,0.001000
1083.326923,0.049899,0.001000,0.001000,0.001000,0.001000,0.001000
1083.346154,0.049794,0.001000,0.001000,0.001000,0.001000,0.001000
1083.365385,0.049652,0.001000,0.001000,0.001000,0.001000,0.001000
1083.384615,0.049473,0.001000,0.001000,0.001000,0.001000,0.001000
1083.403846,0.049258,0.001000,0.001000,0.001000,0.001000,0.001000
1083.423077,0.049006,0.001000,0.001000,0.001000,0.001000,0.001000
1083.442308,0.048717,0.001000,0.001000,0.001000,0.001000,0.001000
1083.461538,0.048392,0.001000,0.001000,0.001000,0.001000,0.001000
1083.480769,0.048032,0.001000,0.001000,0.001000,0.001000,0.001000
1083.500000,0.047636,0.001000,0.001000,0.001000,0.001000,0.001000
1083.519231,0.047204,0.001000,0.001000,0.001000,0.001000,0.001000
1083.538462,0.046737,0.001000,0.001000,0.001000,0.001000,0.001000
1083.557692,0.046236,0.001000,0.001000,0.001000,0.001000,0.001000
1083.576923,0.045700,0.001000,0.001000,0.001000,0.001000,0.001000
1083.596154,0.045131,0.001000,0.001000,0.001000,0.001000,0.001000
1083.615385,0.044528,0.001000,0.001000,0.001000,0.001000,0.001000
1083.634615,0.043892,0.001000,0.001000,0.001000,0.001000,0.001000
1083.653846,0.043223,0.001000,0.001000,0.001000,0.001000,0.001000
1083.673077,0.042522,0.001000,0.001000,0.001000,0.001000,0.001000
1083.692308,0.041790,0.001000,0.001000,0.001000,0.001000,0.001000
1083.711538,0.041026,0.001000,0.001000,0.001000,0.001000,0.001000
1083.730769,0.040232,0.001000,0.001000,0.001000,0.001000,0.001000
1083.750000,0.039409,0.001000,0.001000,0.001000,0.001000,0.001000
1083.769231,0.038556,0.001000,0.001000,0.001000,0.001000,0.001000
1083.788462,0.037674,0.001000,0.001000,0.001000,0.001000,0.001000
1083.807692,0.036764,0.001000,0.001000,0.001000,0.001000,0.001000
1083.826923,0.035828,0.001000,0.001000,0.001000,0.001000,0.001000
1083.846154,0.034864,0.001000,0.001000,0.001000,0.001000,0.001000
1083.865385,0.033875,0.001000,0.001000,0.001000,0.001000,0.001000
1083.884615,0.032860,0.001000,0.001000,0.001000,0.001000,0.001000
1083.903846,0.031821,0.001000,0.001000,0.001000,0.001000,0.001000
1083.923077,0.030759,0.001000,0.001000,0.001000,0.001000,0.001000
1083.942308,0.029674,0.001000,0.001000,0.001000,0.001000,0.001000
1083.961538,0.028566,0.001000,0.001000,0.001000,0.001000,0.001000
1083.980769,0.027438,0.001000,0.001000,0.001000,0.001000,0.001000
1084.000000,0.026289,0.001000,0.001000,0.001000,0.001000,0.001000
1084.019231,0.025120,0.001000,0.001000,0.001000,0.001000,0.001000
1084.038462,0.023933,0.001000,0.001000,0.001000,0.001000,0.001000
1084.057692,0.022728,0.001000,0.001000,0.001000,0.001000,0.001000
1084.076923,0.021507,0.001000,0.001000,0.001000,0.001000,0.001000
1084.096154,0.020269,0.001000,0.001000,0.001000,0.001000,0.001000
1084.115385,0.019016,0.001000,0.001000,0.001000,0.001000,0.001000
1084.134615,0.017749,0.001000,0.001000,0.001000,0.001000,0.001000
1084.153846,0.016469,0.001000,0.001000,0.001000,0.001000,0.001000
1084.173077,0.015177,0.001000,0.001000,0.001000,0.001000,0.001000
1084.192308,0.013873,0.001000,0.001000,0.001000,0.001000,0.001000
1084.211538,0.012560,0.001000,0.001000,0.001000,0.001000,0.001000
1084.230769,0.011237,0.001000,0.001000,0.001000,0.001000,0.001000
1084.250000,0.009905,0.001000,0.001000,0.001000,0.001000,0.001000
1084.269231,0.008566,0.001000,0.001000,0.001000,0.001000,0.001000
1084.288462,0.007221,0.001000,0.001000,0.001000,0.001000,0.001000
1084.307692,0.005870,0.001000,0.001000,0.001000,0.001000,0.001000
1084.326923,0.004515,0.001000,0.001000,0.001000,0.001000,0.001000
1084.346154,0.003157,0.001000,0.001000,0.001000,0.001000,0.001000
1084.365385,0.001797,0.001000,0.001000,0.001000,0.001000,0.001000
1084.384615,0.000435,0.001000,0.001000,0.001000,0.001000,0.001000
1084.403846,-0.000928,0.001000,0.001000,0.001000,0.001000,0.001000
1084.423077,-0.002289,0.001000,0.001000,0.001000,0.001000,0.001000
1084.442308,-0.003649,0.001000,0.001000,0.001000,0.001000,0.001000
1084.461538,-0.005006,0.001000,0.001000,0.001000,0.001000,0.001000
1084.480769,-0.006360,0.001000,0.001000,0.001000,0.001000,0.001000
1084.500000,-0.007709,0.001000,0.001000,0.001000,0.001000,0.001000
1084.519231,-0.009052,0.001000,0.001000,0.001000,0.001000,0.001000
1084.538462,-0.010388,0.001000,0.001000,0.001000,0.001000,0.001000
1084.557692,-0.011716,0.001000,0.001000,0.001000,0.001000,0.001000
1084.576923,-0.013036,0.001000,0.001000,0.001000,0.001000,0.001000
1084.596154,-0.014347,0.001000,0.001000,0.001000,0.001000,0.001000
1084.615385,-0.015646,0.001000,0.001000,0.001000,0.001000,0.001000
1084.634615,-0.016934,0.001000,0.001000,0.001000,0.001000,0.001000
1084.653846,-0.018209,0.001000,0.001000,0.001000,0.001000,0.001000
1084.673077,-0.019471,0.001000,0.001000,0.001000,0.001000,0.001000
1084.692308,-0.020719,0.001000,0.001000,0.001000,0.001000,0.001000
1084.711538,-0.021951,0.001000,0.001000,0.001000,0.001000,0.001000
1084.730769,-0.023166,0.001000,0.001000,0.001000,0.001000,0.001000
1084.750000,-0.024365,0.001000,0.001000,0.001000,0.001000,0.001000
1084.769231,-0.025545,0.001000,0.001000,0.001000,0.001000,0.001000
1084.788462,-0.026707,0.001000,0.001000,0.001000,0.001000,0.001000
1084.807692,-0.027849,0.001000,0.001000,0.001000,0.001000,0.001000
1084.826923,-0.028970,0.001000,0.001000,0.001000,0.001000,0.001000
1084.846154,-0.030069,0.001000,0.001000,0.001000,0.001000,0.001000
1084.865385,-0.031146,0.001000,0.001000,0.001000,0.001000,0.001000
1084.884615,-0.032200,0.001000,0.001000,0.001000,0.001000,0.001000
1084.903846,-0.033230,0.001000,0.001000,0.001000,0.001000,0.001000
1084.923077,-0.034236,0.001000,0.001000,0.001000,0.001000,0.001000
1084.942308,-0.035216,0.001000,0.001000,0.001000,0.001000,0.001000
1084.961538,-0.036170,0.001000,0.001000,0.001000,0.001000,0.001000
1084.980769,-0.037097,0.001000,0.001000,0.001000,0.001000,0.001000
1085.000000,-0.037996,0.001000,0.001000,0.001000,0.001000,0.001000
1085.019231,-0.038868,0.001000,0.001000,0.001000,0.001000,0.001000
1085.038462,-0.039710,0.001000,0.001000,0.001000,0.001000,0.001000
1085.057692,-0.040523,0.001000,0.001000,0.001000,0.001000,0.001000
1085.076923,-0.041306,0.001000,0.001000,0.001000,0.001000,0.001000
1085.096154,-0.042058,0.001000,0.001000,0.001000,0.001000,0.001000
1085.115385,-0.042779,0.001000,0.001000,0.001000,0.001000,0.001000
1085.134615,-0.043469,0.001000,0.001000,0.001000,0.001000,0.001000
1085.153846,-0.044126,0.001000,0.001000,0.001000,0.001000,0.001000
1085.173077,-0.044750,0.001000,0.001000,0.001000,0.001000,0.001000
1085.192308,-0.045341,0.001000,0.001000,0.001000,0.001000,0.001000
1085.211538,-0.045898,0.001000,0.001000,0.001000,0.001000,0.001000
1085.230769,-0.046421,0.001000,0.001000,0.001000,0.001000,0.001000
1085.250000,-0.046910,0.001000,0.001000,0.001000,0.001000,0.001000
1085.269231,-0.047364,0.001000,0.001000,0.001000,0.001000,0.001000
1085.288462,-0.047783,0.001000,0.001000,0.001000,0.001000,0.001000
1085.307692,-0.048167,0.001000,0.001000,0.001000,0.001000,0.001000
1085.326923,-0.048514,0.001000,0.001000,0.001000,0.001000,0.001000
1085.346154,-0.048826,0.001000,0.001000,0.001000,0.001000,0.001000
1085.365385,-0.049101,0.001000,0.001000,0.001000,0.001000,0.001000
1085.384615,-0.049340,0.001000,0.001000,0.001000,0.001000,0.001000
1085.403846,-0.049542,0.001000,0.001000,0.001000,0.001000,0.001000
1085.423077,-0.049708,0.001000,0.001000,0.001000,0.001000,0.001000
1085.442308,-0.049836,0.001000,0.001000,0.001000,0.001000,0.001000
1085.461538,-0.049928,0.001000,0.001000,0.001000,0.001000,0.001000
1085.480769,-0.049983,0.001000,0.001000,0.001000,0.001000,0.001000
1085.500000,-0.050000,0.001000,0.001000,0.001000,0.001000,0.001000
1085.519231,-0.049980,0.001000,0.001000,0.001000,0.001000,0.001000
1085.538462,-0.049924,0.001000,0.001000,0.001000,0.001000,0.001000
1085.557692,-0.049830,0.001000,0.001000,0.001000,0.001000,0.001000
1085.576923,-0.049699,0.001000,0.001000,0.001000,0.001000,0.001000
1085.596154,-0.049531,0.001000,0.001000,0.001000,0.001000,0.001000
1085.615385,-0.049327,0.001000,0.001000,0.001000,0.001000,0.001000
1085.634615,-0.049086,0.001000,0.001000,0.001000,0.001000,0.001000
1085.653846,-0.048808,0.001000,0.001000,0.001000,0.001000,0.001000
1085.673077,-0.048494,0.001000,0.001000,0.001000,0.001000,0.001000
1085.692308,-0.048144,0.001000,0.001000,0.001000,0.001000,0.001000
1085.711538,-0.047759,0.001000,0.001000,0.001000,0.001000,0.001000
1085.730769,-0.047338,0.001000,0.001000,0.001000,0.001000,0.001000
1085.750000,-0.046882,0.001000,0.001000,0.001000,0.001000,0.001000
1085.769231,-0.046391,0.001000,0.001000,0.001000,0.001000,0.001000
1085.788462,-0.045866,0.001000,0.001000,0.001000,0.001000,0.001000
1085.807692,-0.045306,0.001000,0.001000,0.001000,0.001000,0.001000
1085.826923,-0.044713,0.001000,0.001000,0.001000,0.001000,0.001000
1085.846154,-0.044087,0.001000,0.001000,0.001000,0.001000,0.001000
1085.865385,-0.043428,0.001000,0.001000,0.001000,0.001000,0.001000
1085.884615,-0.042737,0.001000,0.001000,0.001000,0.001000,0.001000
1085.903846,-0.042014,0.001000,0.001000,0.001000,0.001000,0.001000
1085.923077,-0.041260,0.001000,0.001000,0.001000,0.001000,0.001000
1085.942308,-0.040475,0.001000,0.001000,0.001000,0.001000,0.001000
1085.961538,-0.039660,0.001000,0.001000,0.001000,0.001000,0.001000
1085.980769,-0.038816,0.001000,0.001000,0.001000,0.001000,0.001000
1086.000000,-0.037943,0.001000,0.001000,0.001000,0.001000,0.001000
1086.019231,-0.037042,0.001000,0.001000,0.001000,0.001000,0.001000
1086.038462,-0.036113,0.001000,0.001000,0.001000,0.001000,0.001000
1086.057692,-0.035158,0.001000,0.001000,0.001000,0.001000,0.001000
1086.076923,-0.034176,0.001000,0.001000,0.001000,0.001000,0.001000
1086.096154,-0.033169,0.001000,0.001000,0.001000,0.001000,0.001000
1086.115385,-0.032137,0.001000,0.001000,0.001000,0.001000,0.001000
1086.134615,-0.031082,0.001000,0.001000,0.001000,0.001000,0.001000
1086.153846,-0.030003,0.001000,0.001000,0.001000,0.001000,0.001000
1086.173077,-0.028903,0.001000,0.001000,0.001000,0.001000,0.001000
1086.192308,-0.027780,0.001000,0.001000,0.001000,0.001000,0.001000
1086.211538,-0.026638,0.001000,0.001000,0.001000,0.001000,0.001000
1086.230769,-0.025475,0.001000,0.001000,0.001000,0.001000,0.001000
1086.250000,-0.024293,0.001000,0.001000,0.001000,0.001000,0.001000
1086.269231,-0.023094,0.001000,0.001000,0.001000,0.001000,0.001000
1086.288462,-0.021877,0.001000,0.001000,0.001000,0.001000,0.001000
1086.307692,-0.020644,0.001000,0.001000,0.001000,0.001000,0.001000
1086.326923,-0.019396,0.001000,0.001000,0.001000,0.001000,0.001000
1086.346154,-0.018133,0.001000,0.001000,0.001000,0.001000,0.001000
1086.365385,-0.016857,0.001000,0.001000,0.001000,0.001000,0.001000
1086.384615,-0.015568,0.001000,0.001000,0.001000,0.001000,0.001000
1086.403846,-0.014268,0.001000,0.001000,0.001000,0.001000,0.001000
1086.423077,-0.012957,0.001000,0.001000,0.001000,0.001000,0.001000
1086.442308,-0.011637,0.001000,0.001000,0.001000,0.001000,0.001000
1086.461538,-0.010308,0.001000,0.001000,0.001000,0.001000,0.001000
1086.480769,-0.008971,0.001000,0.001000,0.001000,0.001000,0.001000
1086.500000,-0.007627,0.001000,0.001000,0.001000,0.001000,0.001000
1086.519231,-0.006278,0.001000,0.001000,0.001000,0.001000,0.001000
1086.538462,-0.004925,0.001000,0.001000,0.001000,0.001000,0.001000
1086.557692,-0.003567,0.001000,0.001000,0.001000,0.001000,0.001000
1086.576923,-0.002207,0.001000,0.001000,0.001000,0.001000,0.001000
1086.596154,-0.000846,0.001000,0.001000,0.001000,0.001000,0.001000
1086.615385,0.000517,0.001000,0.001000,0.001000,0.001000,0.001000
1086.634615,0.001879,0.001000,0.001000,0.001000,0.001000,0.001000
1086.653846,0.003239,0.001000,0.001000,0.001000,0.001000,0.001000
1086.673077,0.004597,0.001000,0.001000,0.001000,0.001000,0.001000
1086.692308,0.005952,0.001000,0.001000,0.001000,0.001000,0.001000
1086.711538,0.007302,0.001000,0.001000,0.001000,0.001000,0.001000
1086.730769,0.008647,0.001000,0.001000,0.001000,0.001000,0.001000
1086.750000,0.009985,0.001000,0.001000,0.001000,0.001000,0.001000
1086.769231,0.011316,0.001000,0.001000,0.001000,0.001000,0.001000
1086.788462,0.012639,0.001000,0.001000,0.001000,0.001000,0.001000
1086.807692,0.013952,0.001000,0.001000,0.001000,0.001000,0.001000
1086.826923,0.015255,0.001000,0.001000,0.001000,0.001000,0.001000
1086.846154,0.016547,0.001000,0.001000,0.001000,0.001000,0.001000
1086.865385,0.017826,0.001000,0.001000,0.001000,0.001000,0.001000
1086.884615,0.019092,0.001000,0.001000,0.001000,0.001000,0.001000
1086.903846,0.020344,0.001000,0.001000,0.001000,0.001000,0.001000
1086.923077,0.021581,0.001000,0.001000,0.001000,0.001000,0.001000
1086.942308,0.022801,0.001000,0.001000,0.001000,0.001000,0.001000
1086.961538,0.024005,0.001000,0.001000,0.001000,0.001000,0.001000
1086.980769,0.025191,0.001000,0.001000,0.001000,0.001000,0.001000
1087.000000,0.026359,0.001000,0.001000,0.001000,0.001000,0.001000
1087.019231,0.027506,0.001000,0.001000,0.001000,0.001000,0.001000
1087.038462,0.028634,0.001000,0.001000,0.001000,0.001000,0.001000
1087.057692,0.029740,0.001000,0.001000,0.001000,0.001000,0.001000
1087.076923,0.030824,0.001000,0.001000,0.001000,0.001000,0.001000
1087.096154,0.031885,0.001000,0.001000,0.001000,0.001000,0.001000
1087.115385,0.032922,0.001000,0.001000,0.001000,0.001000,0.001000
1087.134615,0.033935,0.001000,0.001000,0.001000,0.001000,0.001000
1087.153846,0.034923,0.001000,0.001000,0.001000,0.001000,0.001000
1087.173077,0.035885,0.001000,0.001000,0.001000,0.001000,0.001000
1087.192308,0.036820,0.001000,0.001000,0.001000,0.001000,0.001000
1087.211538,0.037728,0.001000,0.001000,0.001000,0.001000,0.001000
1087.230769,0.038608,0.001000,0.001000,0.001000,0.001000,0.001000
1087.250000,0.039459,0.001000,0.001000,0.001000,0.001000,0.001000
1087.269231,0.040281,0.001000,0.001000,0.001000,0.001000,0.001000
1087.288462,0.041073,0.001000,0.001000,0.001000,0.001000,0.001000
1087.307692,0.041835,0.001000,0.001000,0.001000,0.001000,0.001000
1087.326923,0.042565,0.001000,0.001000,0.001000,0.001000,0.001000
1087.346154,0.043264,0.001000,0.001000,0.001000,0.001000,0.001000
1087.365385,0.043931,0.001000,0.001000,0.001000,0.001000,0.001000
1087.384615,0.044565,0.001000,0.001000,0.001000,0.001000,0.001000
1087.403846,0.045166,0.001000,0.001000,0.001000,0.001000,0.001000
1087.423077,0.045734,0.001000,0.001000,0.001000,0.001000,0.001000
1087.442308,0.046267,0.001000,0.001000,0.001000,0.001000,0.001000
1087.461538,0.046766,0.001000,0.001000,0.001000,0.001000,0.001000
1087.480769,0.047231,0.001000,0.001000,0.001000,0.001000,0.001000
1087.500000,0.047660,0.001000,0.001000,0.001000,0.001000,0.001000
1087.519231,0.048055,0.001000,0.001000,0.001000,0.001000,0.001000
1087.538462,0.048413,0.001000,0.001000,0.001000,0.001000,0.001000
1087.557692,0.048736,0.001000,0.001000,0.001000,0.001000,0.001000
1087.576923,0.049022,0.001000,0.001000,0.001000,0.001000,0.001000
1087.596154,0.049272,0.001000,0.001000,0.001000,0.001000,0.001000
1087.615385,0.049485,0.001000,0.001000,0.001000,0.001000,0.001000
1087.634615,0.049662,0.001000,0.001000,0.001000,0.001000,0.001000
1087.653846,0.049801,0.001000,0.001000,0.001000,0.001000,0.001000
1087.673077,0.049904,0.001000,0.001000,0.001000,0.001000,0.001000
1087.692308,0.049970,0.001000,0.001000,0.001000,0.001000,0.001000
1087.711538,0.049999,0.001000,0.001000,0.001000,0.001000,0.001000
1087.730769,0.049990,0.001000,0.001000,0.001000,0.001000,0.001000
1087.750000,0.049945,0.001000,0.001000,0.001000,0.001000,0.001000
1087.769231,0.049862,0.001000,0.001000,0.001000,0.001000,0.001000
1087.788462,0.049742,0.001000,0.001000,0.001000,0.001000,0.001000
1087.807692,0.049586,0.001000,0.001000,0.001000,0.001000,0.001000
1087.826923,0.049392,0.001000,0.001000,0.001000,0.001000,0.001000
1087.846154,0.049162,0.001000,0.001000,0.001000,0.001000,0.001000
1087.865385,0.048896,0.001000,0.001000,0.001000,0.001000,0.001000
1087.884615,0.048593,0.001000,0.001000,0.001000,0.001000,0.001000
1087.903846,0.048254,0.001000,0.001000,0.001000,0.001000,0.001000
1087.923077,0.047879,0.001000,0.001000,0.001000,0.001000,0.001000
1087.942308,0.047469,0.001000,0.001000,0.001000,0.001000,0.001000
1087.961538,0.047023,0.001000,0.001000,0.001000,0.001000,0.001000
1087.980769,0.046543,0.001000,0.001000,0.001000,0.001000,0.001000
1088.000000,0.046028,0.001000,0.001000,0.001000,0.001000,0.001000
1088.019231,0.045479,0.001000,0.001000,0.001000,0.001000,0.001000
1088.038462,0.044896,0.001000,0.001000,0.001000,0.001000,0.001000
1088.057692,0.044279,0.001000,0.001000,0.001000,0.001000,0.001000
1088.076923,0.043630,0.001000,0.001000,0.001000,0.001000,0.001000
1088.096154,0.042949,0.001000,0.001000,0.001000,0.001000,0.001000
1088.115385,0.042235,0.001000,0.001000,0.001000,0.001000,0.001000
1088.134615,0.041491,0.001000,0.001000,0.001000,0.001000,0.001000
1088.153846,0.040715,0.001000,0.001000,0.001000,0.001000,0.001000
1088.173077,0.039909,0.001000,0.001000,0.001000,0.001000,0.001000
1088.192308,0.039074,0.001000,0.001000,0.001000,0.001000,0.001000
1088.211538,0.038209,0.001000,0.001000,0.001000,0.001000,0.001000
1088.230769,0.037317,0.001000,0.001000,0.001000,0.001000,0.001000
1088.250000,0.036396,0.001000,0.001000,0.001000,0.001000,0.001000
1088.269231,0.035449,0.001000,0.001000,0.001000,0.001000,0.001000
1088.288462,0.034475,0.001000,0.001000,0.001000,0.001000,0.001000
1088.307692,0.033476,0.001000,0.001000,0.001000,0.001000,0.001000
1088.326923,0.032451,0.001000,0.001000,0.001000,0.001000,0.001000
1088.346154,0.031403,0.001000,0.001000,0.001000,0.001000,0.001000
1088.365385,0.030331,0.001000,0.001000,0.001000,0.001000,0.001000
1088.384615,0.029237,0.001000,0.001000,0.001000,0.001000,0.001000
1088.403846,0.028121,0.001000,0.001000,0.001000,0.001000,0.001000
1088.423077,0.026985,0.001000,0.001000,0.001000,0.001000,0.001000
1088.442308,0.025828,0.001000,0.001000,0.001000,0.001000,0.001000
1088.461538,0.024652,0.001000,0.001000,0.001000,0.001000,0.001000
1088.480769,0.023458,0.001000,0.001000,0.001000,0.001000,0.001000
1088.500000,0.022246,0.001000,0.001000,0.001000,0.001000,0.001000
1088.519231,0.021018,0.001000,0.001000,0.001000,0.001000,0.001000
1088.538462,0.019774,0.001000,0.001000,0.001000,0.001000,0.001000
1088.557692,0.018515,0.001000,0.001000,0.001000,0.001000,0.001000
1088.576923,0.017243,0.001000,0.001000,0.001000,0.001000,0.001000
1088.596154,0.015958,0.001000,0.001000,0.001000,0.001000,0.001000
1088.615385,0.014661,0.001000,0.001000,0.001000,0.001000,0.001000
1088.634615,0.013354,0.001000,0.001000,0.001000,0.001000,0.001000
1088.653846,0.012036,0.001000,0.001000,0.001000,0.001000,0.001000
1088.673077,0.010709,0.001000,0.001000,0.001000,0.001000,0.001000
1088.692308,0.009375,0.001000,0.001000,0.001000,0.001000,0.001000
1088.711538,0.008033,0.001000,0.001000,0.001000,0.001000,0.001000
1088.730769,0.006686,0.001000,0.001000,0.001000,0.001000,0.001000
1088.750000,0.005334,0.001000,0.001000,0.001000,0.001000,0.001000
1088.769231,0.003977,0.001000,0.001000,0.001000,0.001000,0.001000
1088.788462,0.002618,0.001000,0.001000,0.001000,0.001000,0.001000
1088.807692,0.001257,0.001000,0.001000,0.001000,0.001000,0.001000
1088.826923,-0.000106,0.001000,0.001000,0.001000,0.001000,0.001000
1088.846154,-0.001468,0.001000,0.001000,0.001000,0.001000,0.001000
1088.865385,-0.002829,0.001000,0.001000,0.001000,0.001000,0.001000
1088.884615,-0.004188,0.001000,0.001000,0.001000,0.001000,0.001000
1088.903846,-0.005544,0.001000,0.001000,0.001000,0.001000,0.001000
1088.923077,-0.006895,0.001000,0.001000,0.001000,0.001000,0.001000
1088.942308,-0.008242,0.001000,0.001000,0.001000,0.001000,0.001000
1088.961538,-0.009582,0.001000,0.001000,0.001000,0.001000,0.001000
1088.980769,-0.010916,0.001000,0.001000,0.001000,0.001000,0.001000
1089.000000,-0.012241,0.001000,0.001000,0.001000,0.001000,0.001000
1089.019231,-0.013557,0.001000,0.001000,0.001000,0.001000,0.001000
1089.038462,-0.014863,0.001000,0.001000,0.001000,0.001000,0.001000
1089.057692,-0.016158,0.001000,0.001000,0.001000,0.001000,0.001000
1089.076923,-0.017441,0.001000,0.001000,0.001000,0.001000,0.001000
1089.096154,-0.018711,0.001000,0.001000,0.001000,0.001000,0.001000
1089.115385,-0.019968,0.001000,0.001000,0.001000,0.001000,0.001000
1089.134615,-0.021209,0.001000,0.001000,0.001000,0.001000,0.001000
1089.153846,-0.022435,0.001000,0.001000,0.001000,0.001000,0.001000
1089.173077,-0.023644,0.001000,0.001000,0.001000,0.001000,0.001000
1089.192308,-0.024835,0.001000,0.001000,0.001000,0.001000,0.001000
1089.211538,-0.026008,0.001000,0.001000,0.001000,0.001000,0.001000
1089.230769,-0.027162,0.001000,0.001000,0.001000,0.001000,0.001000
1089.250000,-0.028296,0.001000,0.001000,0.001000,0.001000,0.001000
1089.269231,-0.029408,0.001000,0.001000,0.001000,0.001000,0.001000
1089.288462,-0.030499,0.001000,0.001000,0.001000,0.001000,0.001000
1089.307692,-0.031567,0.001000,0.001000,0.001000,0.001000,0.001000
1089.326923,-0.032612,0.001000,0.001000,0.001000,0.001000,0.001000
1089.346154,-0.033632,0.001000,0.001000,0.001000,0.001000,0.001000
1089.365385,-0.034628,0.001000,0.001000,0.001000,0.001000,0.001000
1089.384615,-0.035597,0.001000,0.001000,0.001000,0.001000,0.001000
1089.403846,-0.036541,0.001000,0.001000,0.001000,0.001000,0.001000
1089.423077,-0.037457,0.001000,0.001000,0.001000,0.001000,0.001000
1089.442308,-0.038345,0.001000,0.001000,0.001000,0.001000,0.001000
1089.461538,-0.039205,0.001000,0.001000,0.001000,0.001000,0.001000
1089.480769,-0.040036,0.001000,0.001000,0.001000,0.001000,0.001000
1089.500000,-0.040837,0.001000,0.001000,0.001000,0.001000,0.001000
1089.519231,-0.041608,0.001000,0.001000,0.001000,0.001000,0.001000
1089.538462,-0.042348,0.001000,0.001000,0.001000,0.001000,0.001000
1089.557692,-0.043056,0.001000,0.001000,0.001000,0.001000,0.001000
1089.576923,-0.043733,0.001000,0.001000,0.001000,0.001000,0.001000
1089.596154,-0.044377,0.001000,0.001000,0.001000,0.001000,0.001000
1089.615385,-0.044988,0.001000,0.001000,0.001000,0.001000,0.001000
1089.634615,-0.045566,0.001000,0.001000,0.001000,0.001000,0.001000
1089.653846,-0.046110,0.001000,0.001000,0.001000,0.001000,0.001000
1089.673077,-0.046619,0.001000,0.001000,0.001000,0.001000,0.001000
1089.692308,-0.047095,0.001000,0.001000,0.001000,0.001000,0.001000
1089.711538,-0.047535,0.001000,0.001000,0.001000,0.001000,0.001000
1089.730769,-0.047939,0.001000,0.001000,0.001000,0.001000,0.001000
1089.750000,-0.048309,0.001000,0.001000,0.001000,0.001000,0.001000
1089.769231,-0.048642,0.001000,0.001000,0.001000,0.001000,0.001000
1089.788462,-0.048939,0.001000,0.001000,0.001000,0.001000,0.001000
1089.807692,-0.049200,0.001000,0.001000,0.001000,0.001000,0.001000
1089.826923,-0.049425,0.001000,0.001000,0.001000,0.001000,0.001000
1089.846154,-0.049612,0.001000,0.001000,0.001000,0.001000,0.001000
1089.865385,-0.049763,0.001000,0.001000,0.001000,0.001000,0.001000
1089.884615,-0.049877,0.001000,0.001000,0.001000,0.001000,0.001000
1089.903846,-0.049954,0.001000,0.001000,0.001000,0.001000,0.001000
1089.923077,-0.049994,0.001000,0.001000,0.001000,0.001000,0.001000
1089.942308,-0.049997,0.001000,0.001000,0.001000,0.001000,0.001000
1089.961538,-0.049962,0.001000,0.001000,0.001000,0.001000,0.001000
1089.980769,-0.049891,0.001000,0.001000,0.001000,0.001000,0.001000
