timestamp,ax,ay,az,gx,gy,gz
1000.000000,0.000000,0.001000,0.001000,0.001000,0.001000,0.001000
1000.019231,0.001181,0.001000,0.001000,0.001000,0.001000,0.001000
1000.038462,0.002362,0.001000,0.001000,0.001000,0.001000,0.001000
1000.057692,0.003542,0.001000,0.001000,0.001000,0.001000,0.001000
1000.076923,0.004719,0.001000,0.001000,0.001000,0.001000,0.001000
1000.096154,0.005894,0.001000,0.001000,0.001000,0.001000,0.001000
1000.115385,0.007065,0.001000,0.001000,0.001000,0.001000,0.001000
1000.134615,0.008233,0.001000,0.001000,0.001000,0.001000,0.001000
1000.153846,0.009396,0.001000,0.001000,0.001000,0.001000,0.001000
1000.173077,0.010554,0.001000,0.001000,0.001000,0.001000,0.001000
1000.192308,0.011705,0.001000,0.001000,0.001000,0.001000,0.001000
1000.211538,0.012851,0.001000,0.001000,0.001000,0.001000,0.001000
1000.230769,0.013989,0.001000,0.001000,0.001000,0.001000,0.001000
1000.250000,0.015119,0.001000,0.001000,0.001000,0.001000,0.001000
1000.269231,0.016241,0.001000,0.001000,0.001000,0.001000,0.001000
1000.288462,0.017354,0.001000,0.001000,0.001000,0.001000,0.001000
1000.307692,0.018457,0.001000,0.001000,0.001000,0.001000,0.001000
1000.326923,0.019550,0.001000,0.001000,0.001000,0.001000,0.001000
1000.346154,0.020632,0.001000,0.001000,0.001000,0.001000,0.001000
1000.365385,0.021702,0.001000,0.001000,0.001000,0.001000,0.001000
1000.384615,0.022760,0.001000,0.001000,0.001000,0.001000,0.001000
1000.403846,0.023806,0.001000,0.001000,0.001000,0.001000,0.001000
1000.423077,0.024838,0.001000,0.001000,0.001000,0.001000,0.001000
1000.442308,0.025856,0.001000,0.001000,0.001000,0.001000,0.001000
1000.461538,0.026860,0.001000,0.001000,0.001000,0.001000,0.001000
1000.480769,0.027849,0.001000,0.001000,0.001000,0.001000,0.001000
1000.500000,0.028823,0.001000,0.001000,0.001000,0.001000,0.001000
1000.519231,0.029780,0.001000,0.001000,0.001000,0.001000,0.001000
1000.538462,0.030721,0.001000,0.001000,0.001000,0.001000,0.001000
1000.557692,0.031644,0.001000,0.001000,0.001000,0.001000,0.001000
1000.576923,0.032550,0.001000,0.001000,0.001000,0.001000,0.001000
1000.596154,0.033438,0.001000,0.001000,0.001000,0.001000,0.001000
1000.615385,0.034307,0.001000,0.001000,0.001000,0.001000,0.001000
1000.634615,0.035157,0.001000,0.001000,0.001000,0.001000,0.001000
1000.653846,0.035987,0.001000,0.001000,0.001000,0.001000,0.001000
1000.673077,0.036797,0.001000,0.001000,0.001000,0.001000,0.001000
1000.692308,0.037587,0.001000,0.001000,0.001000,0.001000,0.001000
1000.711538,0.038355,0.001000,0.001000,0.001000,0.001000,0.001000
1000.730769,0.039102,0.001000,0.001000,0.001000,0.001000,0.001000
1000.750000,0.039828,0.001000,0.001000,0.001000,0.001000,0.001000
1000.769231,0.040531,0.001000,0.001000,0.001000,0.001000,0.001000
1000.788462,0.041211,0.001000,0.001000,0.001000,0.001000,0.001000
1000.807692,0.041869,0.001000,0.001000,0.001000,0.001000,0.001000
1000.826923,0.042503,0.001000,0.001000,0.001000,0.001000,0.001000
1000.846154,0.043113,0.001000,0.001000,0.001000,0.001000,0.001000
1000.865385,0.043700,0.001000,0.001000,0.001000,0.001000,0.001000
1000.884615,0.044262,0.001000,0.001000,0.001000,0.001000,0.001000
1000.903846,0.044799,0.001000,0.001000,0.001000,0.001000,0.001000
1000.923077,0.045311,0.001000,0.001000,0.001000,0.001000,0.001000
1000.942308,0.045798,0.001000,0.001000,0.001000,0.001000,0.001000
1000.961538,0.046259,0.001000,0.001000,0.001000,0.001000,0.001000
1000.980769,0.046694,0.001000,0.001000,0.001000,0.001000,0.001000
1001.000000,0.047104,0.001000,0.001000,0.001000,0.001000,0.001000
1001.019231,0.047487,0.001000,0.001000,0.001000,0.001000,0.001000
1001.038462,0.047843,0.001000,0.001000,0.001000,0.001000,0.001000
1001.057692,0.048173,0.001000,0.001000,0.001000,0.001000,0.001000
1001.076923,0.048476,0.001000,0.001000,0.001000,0.001000,0.001000
1001.096154,0.048752,0.001000,0.001000,0.001000,0.001000,0.001000
1001.115385,0.049001,0.001000,0.001000,0.001000,0.001000,0.001000
1001.134615,0.049222,0.001000,0.001000,0.001000,0.001000,0.001000
1001.153846,0.049416,0.001000,0.001000,0.001000,0.001000,0.001000
1001.173077,0.049582,0.001000,0.001000,0.001000,0.001000,0.001000
1001.192308,0.049721,0.001000,0.001000,0.001000,0.001000,0.001000
1001.211538,0.049832,0.001000,0.001000,0.001000,0.001000,0.001000
1001.230769,0.049915,0.001000,0.001000,0.001000,0.001000,0.001000
1001.250000,0.049970,0.001000,0.001000,0.001000,0.001000,0.001000
1001.269231,0.049997,0.001000,0.001000,0.001000,0.001000,0.001000
1001.288462,0.049996,0.001000,0.001000,0.001000,0.001000,0.001000
1001.307692,0.049968,0.001000,0.001000,0.001000,0.001000,0.001000
1001.326923,0.049911,0.001000,0.001000,0.001000,0.001000,0.001000
1001.346154,0.049827,0.001000,0.001000,0.001000,0.001000,0.001000
1001.365385,0.049714,0.001000,0.001000,0.001000,0.001000,0.001000
1001.384615,0.049574,0.001000,0.001000,0.001000,0.001000,0.001000
1001.403846,0.049407,0.001000,0.001000,0.001000,0.001000,0.001000
1001.423077,0.049211,0.001000,0.001000,0.001000,0.001000,0.001000
1001.442308,0.048989,0.001000,0.001000,0.001000,0.001000,0.001000
1001.461538,0.048739,0.001000,0.001000,0.001000,0.001000,0.001000
1001.480769,0.048461,0.001000,0.001000,0.001000,0.001000,0.001000
1001.500000,0.048157,0.001000,0.001000,0.001000,0.001000,0.001000
1001.519231,0.047826,0.001000,0.001000,0.001000,0.001000,0.001000
1001.538462,0.047468,0.001000,0.001000,0.001000,0.001000,0.001000
1001.557692,0.047083,0.001000,0.001000,0.001000,0.001000,0.001000
1001.576923,0.046673,0.001000,0.001000,0.001000,0.001000,0.001000
1001.596154,0.046236,0.001000,0.001000,0.001000,0.001000,0.001000
1001.615385,0.045773,0.001000,0.001000,0.001000,0.001000,0.001000
1001.634615,0.045285,0.001000,0.001000,0.001000,0.001000,0.001000
1001.653846,0.044772,0.001000,0.001000,0.001000,0.001000,0.001000
1001.673077,0.044233,0.001000,0.001000,0.001000,0.001000,0.001000
1001.692308,0.043670,0.001000,0.001000,0.001000,0.001000,0.001000
1001.711538,0.043082,0.001000,0.001000,0.001000,0.001000,0.001000
1001.730769,0.042471,0.001000,0.001000,0.001000,0.001000,0.001000
1001.750000,0.041835,0.001000,0.001000,0.001000,0.001000,0.001000
1001.769231,0.041177,0.001000,0.001000,0.001000,0.001000,0.001000
1001.788462,0.040495,0.001000,0.001000,0.001000,0.001000,0.001000
1001.807692,0.039791,0.001000,0.001000,0.001000,0.001000,0.001000
1001.826923,0.039064,0.001000,0.001000,0.001000,0.001000,0.001000
1001.846154,0.038316,0.001000,0.001000,0.001000,0.001000,0.001000
1001.865385,0.037546,0.001000,0.001000,0.001000,0.001000,0.001000
1001.884615,0.036756,0.001000,0.001000,0.001000,0.001000,0.001000
1001.903846,0.035945,0.001000,0.001000,0.001000,0.001000,0.001000
1001.923077,0.035113,0.001000,0.001000,0.001000,0.001000,0.001000
1001.942308,0.034262,0.001000,0.001000,0.001000,0.001000,0.001000
1001.961538,0.033392,0.001000,0.001000,0.001000,0.001000,0.001000
1001.980769,0.032504,0.001000,0.001000,0.001000,0.001000,0.001000
1002.000000,0.031597,0.001000,0.001000,0.001000,0.001000,0.001000
1002.019231,0.030673,0.001000,0.001000,0.001000,0.001000,0.001000
1002.038462,0.029731,0.001000,0.001000,0.001000,0.001000,0.001000
1002.057692,0.028773,0.001000,0.001000,0.001000,0.001000,0.001000
1002.076923,0.027799,0.001000,0.001000,0.001000,0.001000,0.001000
1002.096154,0.026809,0.001000,0.001000,0.001000,0.001000,0.001000
1002.115385,0.025804,0.001000,0.001000,0.001000,0.001000,0.001000
1002.134615,0.024785,0.001000,0.001000,0.001000,0.001000,0.001000
1002.153846,0.023752,0.001000,0.001000,0.001000,0.001000,0.001000
1002.173077,0.022706,0.001000,0.001000,0.001000,0.001000,0.001000
1002.192308,0.021647,0.001000,0.001000,0.001000,0.001000,0.001000
1002.211538,0.020576,0.001000,0.001000,0.001000,0.001000,0.001000
1002.230769,0.019494,0.001000,0.001000,0.001000,0.001000,0.001000
1002.250000,0.018400,0.001000,0.001000,0.001000,0.001000,0.001000
1002.269231,0.017297,0.001000,0.001000,0.001000,0.001000,0.001000
1002.288462,0.016183,0.001000,0.001000,0.001000,0.001000,0.001000
1002.307692,0.015061,0.001000,0.001000,0.001000,0.001000,0.001000
1002.326923,0.013930,0.001000,0.001000,0.001000,0.001000,0.001000
1002.346154,0.012792,0.001000,0.001000,0.001000,0.001000,0.001000
1002.365385,0.011646,0.001000,0.001000,0.001000,0.001000,0.001000
1002.384615,0.010494,0.001000,0.001000,0.001000,0.001000,0.001000
1002.403846,0.009336,0.001000,0.001000,0.001000,0.001000,0.001000
1002.423077,0.008173,0.001000,0.001000,0.001000,0.001000,0.001000
1002.442308,0.007005,0.001000,0.001000,0.001000,0.001000,0.001000
1002.461538,0.005833,0.001000,0.001000,0.001000,0.001000,0.001000
1002.480769,0.004658,0.001000,0.001000,0.001000,0.001000,0.001000
1002.500000,0.003481,0.001000,0.001000,0.001000,0.001000,0.001000
1002.519231,0.002301,0.001000,0.001000,0.001000,0.001000,0.001000
1002.538462,0.001120,0.001000,0.001000,0.001000,0.001000,0.001000
1002.557692,-0.000061,0.001000,0.001000,0.001000,0.001000,0.001000
1002.576923,-0.001242,0.001000,0.001000,0.001000,0.001000,0.001000
1002.596154,-0.002423,0.001000,0.001000,0.001000,0.001000,0.001000
1002.615385,-0.003602,0.001000,0.001000,0.001000,0.001000,0.001000
1002.634615,-0.004780,0.001000,0.001000,0.001000,0.001000,0.001000
1002.653846,-0.005954,0.001000,0.001000,0.001000,0.001000,0.001000
1002.673077,-0.007126,0.001000,0.001000,0.001000,0.001000,0.001000
1002.692308,-0.008293,0.001000,0.001000,0.001000,0.001000,0.001000
1002.711538,-0.009456,0.001000,0.001000,0.001000,0.001000,0.001000
1002.730769,-0.010613,0.001000,0.001000,0.001000,0.001000,0.001000
1002.750000,-0.011765,0.001000,0.001000,0.001000,0.001000,0.001000
1002.769231,-0.012910,0.001000,0.001000,0.001000,0.001000,0.001000
1002.788462,-0.014047,0.001000,0.001000,0.001000,0.001000,0.001000
1002.807692,-0.015177,0.001000,0.001000,0.001000,0.001000,0.001000
1002.826923,-0.016299,0.001000,0.001000,0.001000,0.001000,0.001000
1002.846154,-0.017411,0.001000,0.001000,0.001000,0.001000,0.001000
1002.865385,-0.018514,0.001000,0.001000,0.001000,0.001000,0.001000
1002.884615,-0.019606,0.001000,0.001000,0.001000,0.001000,0.001000
1002.903846,-0.020687,0.001000,0.001000,0.001000,0.001000,0.001000
1002.923077,-0.021757,0.001000,0.001000,0.001000,0.001000,0.001000
1002.942308,-0.022815,0.001000,0.001000,0.001000,0.001000,0.001000
1002.961538,-0.023860,0.001000,0.001000,0.001000,0.001000,0.001000
1002.980769,-0.024891,0.001000,0.001000,0.001000,0.001000,0.001000
1003.000000,-0.025909,0.001000,0.001000,0.001000,0.001000,0.001000
1003.019231,-0.026912,0.001000,0.001000,0.001000,0.001000,0.001000
1003.038462,-0.027900,0.001000,0.001000,0.001000,0.001000,0.001000
1003.057692,-0.028873,0.001000,0.001000,0.001000,0.001000,0.001000
1003.076923,-0.029829,0.001000,0.001000,0.001000,0.001000,0.001000
1003.096154,-0.030769,0.001000,0.001000,0.001000,0.001000,0.001000
1003.115385,-0.031692,0.001000,0.001000,0.001000,0.001000,0.001000
1003.134615,-0.032596,0.001000,0.001000,0.001000,0.001000,0.001000
1003.153846,-0.033483,0.001000,0.001000,0.001000,0.001000,0.001000
1003.173077,-0.034351,0.001000,0.001000,0.001000,0.001000,0.001000
1003.192308,-0.035200,0.001000,0.001000,0.001000,0.001000,0.001000
1003.211538,-0.036029,0.001000,0.001000,0.001000,0.001000,0.001000
1003.230769,-0.036838,0.001000,0.001000,0.001000,0.001000,0.001000
1003.250000,-0.037627,0.001000,0.001000,0.001000,0.001000,0.001000
1003.269231,-0.038394,0.001000,0.001000,0.001000,0.001000,0.001000
1003.288462,-0.039140,0.001000,0.001000,0.001000,0.001000,0.001000
1003.307692,-0.039865,0.001000,0.001000,0.001000,0.001000,0.001000
1003.326923,-0.040567,0.001000,0.001000,0.001000,0.001000,0.001000
1003.346154,-0.041246,0.001000,0.001000,0.001000,0.001000,0.001000
1003.365385,-0.041902,0.001000,0.001000,0.001000,0.001000,0.001000
1003.384615,-0.042535,0.001000,0.001000,0.001000,0.001000,0.001000
1003.403846,-0.043144,0.001000,0.001000,0.001000,0.001000,0.001000
1003.423077,-0.043729,0.001000,0.001000,0.001000,0.001000,0.001000
1003.442308,-0.044290,0.001000,0.001000,0.001000,0.001000,0.001000
1003.461538,-0.044826,0.001000,0.001000,0.001000,0.001000,0.001000
1003.480769,-0.045337,0.001000,0.001000,0.001000,0.001000,0.001000
1003.500000,-0.045822,0.001000,0.001000,0.001000,0.001000,0.001000
1003.519231,-0.046282,0.001000,0.001000,0.001000,0.001000,0.001000
1003.538462,-0.046716,0.001000,0.001000,0.001000,0.001000,0.001000
1003.557692,-0.047124,0.001000,0.001000,0.001000,0.001000,0.001000
1003.576923,-0.047506,0.001000,0.001000,0.001000,0.001000,0.001000
1003.596154,-0.047861,0.001000,0.001000,0.001000,0.001000,0.001000
1003.615385,-0.048190,0.001000,0.001000,0.001000,0.001000,0.001000
1003.634615,-0.048491,0.001000,0.001000,0.001000,0.001000,0.001000
1003.653846,-0.048766,0.001000,0.001000,0.001000,0.001000,0.001000
1003.673077,-0.049013,0.001000,0.001000,0.001000,0.001000,0.001000
1003.692308,-0.049233,0.001000,0.001000,0.001000,0.001000,0.001000
1003.711538,-0.049425,0.001000,0.001000,0.001000,0.001000,0.001000
1003.730769,-0.049590,0.001000,0.001000,0.001000,0.001000,0.001000
1003.750000,-0.049727,0.001000,0.001000,0.001000,0.001000,0.001000
1003.769231,-0.049837,0.001000,0.001000,0.001000,0.001000,0.001000
1003.788462,-0.049918,0.001000,0.001000,0.001000,0.001000,0.001000
1003.807692,-0.049972,0.001000,0.001000,0.001000,0.001000,0.001000
1003.826923,-0.049998,0.001000,0.001000,0.001000,0.001000,0.001000
1003.846154,-0.049995,0.001000,0.001000,0.001000,0.001000,0.001000
1003.865385,-0.049965,0.001000,0.001000,0.001000,0.001000,0.001000
1003.884615,-0.049907,0.001000,0.001000,0.001000,0.001000,0.001000
1003.903846,-0.049821,0.001000,0.001000,0.001000,0.001000,0.001000
1003.923077,-0.049708,0.001000,0.001000,0.001000,0.001000,0.001000
1003.942308,-0.049566,0.001000,0.001000,0.001000,0.001000,0.001000
1003.961538,-0.049397,0.001000,0.001000,0.001000,0.001000,0.001000
1003.980769,-0.049201,0.001000,0.001000,0.001000,0.001000,0.001000
1004.000000,-0.048976,0.001000,0.001000,0.001000,0.001000,0.001000
1004.019231,-0.048725,0.001000,0.001000,0.001000,0.001000,0.001000
1004.038462,-0.048446,0.001000,0.001000,0.001000,0.001000,0.001000
1004.057692,-0.048141,0.001000,0.001000,0.001000,0.001000,0.001000
1004.076923,-0.047808,0.001000,0.001000,0.001000,0.001000,0.001000
1004.096154,-0.047449,0.001000,0.001000,0.001000,0.001000,0.001000
1004.115385,-0.047063,0.001000,0.001000,0.001000,0.001000,0.001000
1004.134615,-0.046651,0.001000,0.001000,0.001000,0.001000,0.001000
1004.153846,-0.046213,0.001000,0.001000,0.001000,0.001000,0.001000
1004.173077,-0.045749,0.001000,0.001000,0.001000,0.001000,0.001000
1004.192308,-0.045259,0.001000,0.001000,0.001000,0.001000,0.001000
1004.211538,-0.044744,0.001000,0.001000,0.001000,0.001000,0.001000
1004.230769,-0.044205,0.001000,0.001000,0.001000,0.001000,0.001000
1004.250000,-0.043640,0.001000,0.001000,0.001000,0.001000,0.001000
1004.269231,-0.043051,0.001000,0.001000,0.001000,0.001000,0.001000
1004.288462,-0.042439,0.001000,0.001000,0.001000,0.001000,0.001000
1004.307692,-0.041802,0.001000,0.001000,0.001000,0.001000,0.001000
1004.326923,-0.041142,0.001000,0.001000,0.001000,0.001000,0.001000
1004.346154,-0.040459,0.001000,0.001000,0.001000,0.001000,0.001000
1004.365385,-0.039754,0.001000,0.001000,0.001000,0.001000,0.001000
1004.384615,-0.039026,0.001000,0.001000,0.001000,0.001000,0.001000
1004.403846,-0.038277,0.001000,0.001000,0.001000,0.001000,0.001000
1004.423077,-0.037506,0.001000,0.001000,0.001000,0.001000,0.001000
1004.442308,-0.036714,0.001000,0.001000,0.001000,0.001000,0.001000
1004.461538,-0.035902,0.001000,0.001000,0.001000,0.001000,0.001000
1004.480769,-0.035070,0.001000,0.001000,0.001000,0.001000,0.001000
1004.500000,-0.034218,0.001000,0.001000,0.001000,0.001000,0.001000
1004.519231,-0.033347,0.001000,0.001000,0.001000,0.001000,0.001000
1004.538462,-0.032457,0.001000,0.001000,0.001000,0.001000,0.001000
1004.557692,-0.031550,0.001000,0.001000,0.001000,0.001000,0.001000
1004.576923,-0.030624,0.001000,0.001000,0.001000,0.001000,0.001000
1004.596154,-0.029682,0.001000,0.001000,0.001000,0.001000,0.001000
1004.615385,-0.028723,0.001000,0.001000,0.001000,0.001000,0.001000
1004.634615,-0.027748,0.001000,0.001000,0.001000,0.001000,0.001000
1004.653846,-0.026757,0.001000,0.001000,0.001000,0.001000,0.001000
1004.673077,-0.025752,0.001000,0.001000,0.001000,0.001000,0.001000
1004.692308,-0.024732,0.001000,0.001000,0.001000,0.001000,0.001000
1004.711538,-0.023698,0.001000,0.001000,0.001000,0.001000,0.001000
1004.730769,-0.022651,0.001000,0.001000,0.001000,0.001000,0.001000
1004.750000,-0.021592,0.001000,0.001000,0.001000,0.001000,0.001000
1004.769231,-0.020520,0.001000,0.001000,0.001000,0.001000,0.001000
1004.788462,-0.019437,0.001000,0.001000,0.001000,0.001000,0.001000
1004.807692,-0.018343,0.001000,0.001000,0.001000,0.001000,0.001000
1004.826923,-0.017239,0.001000,0.001000,0.001000,0.001000,0.001000
1004.846154,-0.016126,0.001000,0.001000,0.001000,0.001000,0.001000
1004.865385,-0.015003,0.001000,0.001000,0.001000,0.001000,0.001000
1004.884615,-0.013872,0.001000,0.001000,0.001000,0.001000,0.001000
1004.903846,-0.012733,0.001000,0.001000,0.001000,0.001000,0.001000
1004.923077,-0.011587,0.001000,0.001000,0.001000,0.001000,0.001000
1004.942308,-0.010434,0.001000,0.001000,0.001000,0.001000,0.001000
1004.961538,-0.009276,0.001000,0.001000,0.001000,0.001000,0.001000
1004.980769,-0.008112,0.001000,0.001000,0.001000,0.001000,0.001000
1005.000000,-0.006944,0.001000,0.001000,0.001000,0.001000,0.001000
1005.019231,-0.005773,0.001000,0.001000,0.001000,0.001000,0.001000
1005.038462,-0.004597,0.001000,0.001000,0.001000,0.001000,0.001000
1005.057692,-0.003420,0.001000,0.001000,0.001000,0.001000,0.001000
1005.076923,-0.002240,0.001000,0.001000,0.001000,0.001000,0.001000
1005.096154,-0.001059,0.001000,0.001000,0.001000,0.001000,0.001000
1005.115385,0.000122,0.001000,0.001000,0.001000,0.001000,0.001000
1005.134615,0.001303,0.001000,0.001000,0.001000,0.001000,0.001000
1005.153846,0.002484,0.001000,0.001000,0.001000,0.001000,0.001000
1005.173077,0.003663,0.001000,0.001000,0.001000,0.001000,0.001000
1005.192308,0.004841,0.001000,0.001000,0.001000,0.001000,0.001000
1005.211538,0.006015,0.001000,0.001000,0.001000,0.001000,0.001000
1005.230769,0.007186,0.001000,0.001000,0.001000,0.001000,0.001000
1005.250000,0.008353,0.001000,0.001000,0.001000,0.001000,0.001000
1005.269231,0.009516,0.001000,0.001000,0.001000,0.001000,0.001000
1005.288462,0.010673,0.001000,0.001000,0.001000,0.001000,0.001000
1005.307692,0.011824,0.001000,0.001000,0.001000,0.001000,0.001000
1005.326923,0.012969,0.001000,0.001000,0.001000,0.001000,0.001000
1005.346154,0.014106,0.001000,0.001000,0.001000,0.001000,0.001000
1005.365385,0.015236,0.001000,0.001000,0.001000,0.001000,0.001000
1005.384615,0.016357,0.001000,0.001000,0.001000,0.001000,0.001000
1005.403846,0.017468,0.001000,0.001000,0.001000,0.001000,0.001000
1005.423077,0.018570,0.001000,0.001000,0.001000,0.001000,0.001000
1005.442308,0.019662,0.001000,0.001000,0.001000,0.001000,0.001000
1005.461538,0.020743,0.001000,0.001000,0.001000,0.001000,0.001000
1005.480769,0.021812,0.001000,0.001000,0.001000,0.001000,0.001000
1005.500000,0.022869,0.001000,0.001000,0.001000,0.001000,0.001000
1005.519231,0.023913,0.001000,0.001000,0.001000,0.001000,0.001000
1005.538462,0.024944,0.001000,0.001000,0.001000,0.001000,0.001000
1005.557692,0.025961,0.001000,0.001000,0.001000,0.001000,0.001000
1005.576923,0.026963,0.001000,0.001000,0.001000,0.001000,0.001000
1005.596154,0.027951,0.001000,0.001000,0.001000,0.001000,0.001000
1005.615385,0.028922,0.001000,0.001000,0.001000,0.001000,0.001000
1005.634615,0.029878,0.001000,0.001000,0.001000,0.001000,0.001000
1005.653846,0.030817,0.001000,0.001000,0.001000,0.001000,0.001000
1005.673077,0.031739,0.001000,0.001000,0.001000,0.001000,0.001000
1005.692308,0.032643,0.001000,0.001000,0.001000,0.001000,0.001000
1005.711538,0.033529,0.001000,0.001000,0.001000,0.001000,0.001000
1005.730769,0.034396,0.001000,0.001000,0.001000,0.001000,0.001000
1005.750000,0.035243,0.001000,0.001000,0.001000,0.001000,0.001000
1005.769231,0.036072,0.001000,0.001000,0.001000,0.001000,0.001000
1005.788462,0.036880,0.001000,0.001000,0.001000,0.001000,0.001000
1005.807692,0.037667,0.001000,0.001000,0.001000,0.001000,0.001000
1005.826923,0.038433,0.001000,0.001000,0.001000,0.001000,0.001000
1005.846154,0.039178,0.001000,0.001000,0.001000,0.001000,0.001000
1005.865385,0.039902,0.001000,0.001000,0.001000,0.001000,0.001000
1005.884615,0.040602,0.001000,0.001000,0.001000,0.001000,0.001000
1005.903846,0.041280,0.001000,0.001000,0.001000,0.001000,0.001000
1005.923077,0.041935,0.001000,0.001000,0.001000,0.001000,0.001000
1005.942308,0.042567,0.001000,0.001000,0.001000,0.001000,0.001000
1005.961538,0.043175,0.001000,0.001000,0.001000,0.001000,0.001000
1005.980769,0.043759,0.001000,0.001000,0.001000,0.001000,0.001000
1006.000000,0.044318,0.001000,0.001000,0.001000,0.001000,0.001000
1006.019231,0.044853,0.001000,0.001000,0.001000,0.001000,0.001000
1006.038462,0.045362,0.001000,0.001000,0.001000,0.001000,0.001000
1006.057692,0.045847,0.001000,0.001000,0.001000,0.001000,0.001000
1006.076923,0.046305,0.001000,0.001000,0.001000,0.001000,0.001000
1006.096154,0.046738,0.001000,0.001000,0.001000,0.001000,0.001000
1006.115385,0.047145,0.001000,0.001000,0.001000,0.001000,0.001000
1006.134615,0.047525,0.001000,0.001000,0.001000,0.001000,0.001000
1006.153846,0.047879,0.001000,0.001000,0.001000,0.001000,0.001000
1006.173077,0.048206,0.001000,0.001000,0.001000,0.001000,0.001000
1006.192308,0.048506,0.001000,0.001000,0.001000,0.001000,0.001000
1006.211538,0.048779,0.001000,0.001000,0.001000,0.001000,0.001000
1006.230769,0.049025,0.001000,0.001000,0.001000,0.001000,0.001000
1006.250000,0.049244,0.001000,0.001000,0.001000,0.001000,0.001000
1006.269231,0.049434,0.001000,0.001000,0.001000,0.001000,0.001000
1006.288462,0.049598,0.001000,0.001000,0.001000,0.001000,0.001000
1006.307692,0.049734,0.001000,0.001000,0.001000,0.001000,0.001000
1006.326923,0.049841,0.001000,0.001000,0.001000,0.001000,0.001000
1006.346154,0.049922,0.001000,0.001000,0.001000,0.001000,0.001000
1006.365385,0.049974,0.001000,0.001000,0.001000,0.001000,0.001000
1006.384615,0.049998,0.001000,0.001000,0.001000,0.001000,0.001000
1006.403846,0.049994,0.001000,0.001000,0.001000,0.001000,0.001000
1006.423077,0.049963,0.001000,0.001000,0.001000,0.001000,0.001000
1006.442308,0.049904,0.001000,0.001000,0.001000,0.001000,0.001000
1006.461538,0.049816,0.001000,0.001000,0.001000,0.001000,0.001000
1006.480769,0.049701,0.001000,0.001000,0.001000,0.001000,0.001000
1006.500000,0.049558,0.001000,0.001000,0.001000,0.001000,0.001000
1006.519231,0.049388,0.001000,0.001000,0.001000,0.001000,0.001000
1006.538462,0.049190,0.001000,0.001000,0.001000,0.001000,0.001000
1006.557692,0.048964,0.001000,0.001000,0.001000,0.001000,0.001000
1006.576923,0.048711,0.001000,0.001000,0.001000,0.001000,0.001000
1006.596154,0.048431,0.001000,0.001000,0.001000,0.001000,0.001000
1006.615385,0.048124,0.001000,0.001000,0.001000,0.001000,0.001000
1006.634615,0.047790,0.001000,0.001000,0.001000,0.001000,0.001000
1006.653846,0.047429,0.001000,0.001000,0.001000,0.001000,0.001000
1006.673077,0.047042,0.001000,0.001000,0.001000,0.001000,0.001000
1006.692308,0.046629,0.001000,0.001000,0.001000,0.001000,0.001000
1006.711538,0.046189,0.001000,0.001000,0.001000,0.001000,0.001000
1006.730769,0.045724,0.001000,0.001000,0.001000,0.001000,0.001000
1006.750000,0.045233,0.001000,0.001000,0.001000,0.001000,0.001000
1006.769231,0.044717,0.001000,0.001000,0.001000,0.001000,0.001000
1006.788462,0.044176,0.001000,0.001000,0.001000,0.001000,0.001000
1006.807692,0.043610,0.001000,0.001000,0.001000,0.001000,0.001000
1006.826923,0.043020,0.001000,0.001000,0.001000,0.001000,0.001000
1006.846154,0.042406,0.001000,0.001000,0.001000,0.001000,0.001000
1006.865385,0.041768,0.001000,0.001000,0.001000,0.001000,0.001000
1006.884615,0.041107,0.001000,0.001000,0.001000,0.001000,0.001000
1006.903846,0.040423,0.001000,0.001000,0.001000,0.001000,0.001000
1006.923077,0.039717,0.001000,0.001000,0.001000,0.001000,0.001000
1006.942308,0.038988,0.001000,0.001000,0.001000,0.001000,0.001000
1006.961538,0.038237,0.001000,0.001000,0.001000,0.001000,0.001000
1006.980769,0.037466,0.001000,0.001000,0.001000,0.001000,0.001000
1007.000000,0.036673,0.001000,0.001000,0.001000,0.001000,0.001000
1007.019231,0.035860,0.001000,0.001000,0.001000,0.001000,0.001000
1007.038462,0.035026,0.001000,0.001000,0.001000,0.001000,0.001000
1007.057692,0.034173,0.001000,0.001000,0.001000,0.001000,0.001000
1007.076923,0.033301,0.001000,0.001000,0.001000,0.001000,0.001000
1007.096154,0.032411,0.001000,0.001000,0.001000,0.001000,0.001000
1007.115385,0.031502,0.001000,0.001000,0.001000,0.001000,0.001000
1007.134615,0.030576,0.001000,0.001000,0.001000,0.001000,0.001000
1007.153846,0.029633,0.001000,0.001000,0.001000,0.001000,0.001000
1007.173077,0.028673,0.001000,0.001000,0.001000,0.001000,0.001000
1007.192308,0.027697,0.001000,0.001000,0.001000,0.001000,0.001000
1007.211538,0.026706,0.001000,0.001000,0.001000,0.001000,0.001000
1007.230769,0.025700,0.001000,0.001000,0.001000,0.001000,0.001000
1007.250000,0.024679,0.001000,0.001000,0.001000,0.001000,0.001000
1007.269231,0.023645,0.001000,0.001000,0.001000,0.001000,0.001000
1007.288462,0.022597,0.001000,0.001000,0.001000,0.001000,0.001000
1007.307692,0.021537,0.001000,0.001000,0.001000,0.001000,0.001000
1007.326923,0.020465,0.001000,0.001000,0.001000,0.001000,0.001000
1007.346154,0.019381,0.001000,0.001000,0.001000,0.001000,0.001000
1007.365385,0.018287,0.001000,0.001000,0.001000,0.001000,0.001000
1007.384615,0.017182,0.001000,0.001000,0.001000,0.001000,0.001000
1007.403846,0.016068,0.001000,0.001000,0.001000,0.001000,0.001000
1007.423077,0.014944,0.001000,0.001000,0.001000,0.001000,0.001000
1007.442308,0.013813,0.001000,0.001000,0.001000,0.001000,0.001000
1007.461538,0.012674,0.001000,0.001000,0.001000,0.001000,0.001000
1007.480769,0.011527,0.001000,0.001000,0.001000,0.001000,0.001000
1007.500000,0.010374,0.001000,0.001000,0.001000,0.001000,0.001000
1007.519231,0.009216,0.001000,0.001000,0.001000,0.001000,0.001000
1007.538462,0.008052,0.001000,0.001000,0.001000,0.001000,0.001000
1007.557692,0.006884,0.001000,0.001000,0.001000,0.001000,0.001000
1007.576923,0.005712,0.001000,0.001000,0.001000,0.001000,0.001000
1007.596154,0.004537,0.001000,0.001000,0.001000,0.001000,0.001000
1007.615385,0.003359,0.001000,0.001000,0.001000,0.001000,0.001000
1007.634615,0.002179,0.001000,0.001000,0.001000,0.001000,0.001000
1007.653846,0.000998,0.001000,0.001000,0.001000,0.001000,0.001000
1007.673077,-0.000183,0.001000,0.001000,0.001000,0.001000,0.001000
1007.692308,-0.001365,0.001000,0.001000,0.001000,0.001000,0.001000
1007.711538,-0.002545,0.001000,0.001000,0.001000,0.001000,0.001000
1007.730769,-0.003724,0.001000,0.001000,0.001000,0.001000,0.001000
1007.750000,-0.004901,0.001000,0.001000,0.001000,0.001000,0.001000
1007.769231,-0.006076,0.001000,0.001000,0.001000,0.001000,0.001000
1007.788462,-0.007247,0.001000,0.001000,0.001000,0.001000,0.001000
1007.807692,-0.008414,0.001000,0.001000,0.001000,0.001000,0.001000
1007.826923,-0.009576,0.001000,0.001000,0.001000,0.001000,0.001000
1007.846154,-0.010733,0.001000,0.001000,0.001000,0.001000,0.001000
1007.865385,-0.011883,0.001000,0.001000,0.001000,0.001000,0.001000
1007.884615,-0.013028,0.001000,0.001000,0.001000,0.001000,0.001000
1007.903846,-0.014165,0.001000,0.001000,0.001000,0.001000,0.001000
1007.923077,-0.015294,0.001000,0.001000,0.001000,0.001000,0.001000
1007.942308,-0.016414,0.001000,0.001000,0.001000,0.001000,0.001000
1007.961538,-0.017526,0.001000,0.001000,0.001000,0.001000,0.001000
1007.980769,-0.018627,0.001000,0.001000,0.001000,0.001000,0.001000
1008.000000,-0.019718,0.001000,0.001000,0.001000,0.001000,0.001000
1008.019231,-0.020798,0.001000,0.001000,0.001000,0.001000,0.001000
1008.038462,-0.021867,0.001000,0.001000,0.001000,0.001000,0.001000
1008.057692,-0.022923,0.001000,0.001000,0.001000,0.001000,0.001000
1008.076923,-0.023967,0.001000,0.001000,0.001000,0.001000,0.001000
1008.096154,-0.024997,0.001000,0.001000,0.001000,0.001000,0.001000
1008.115385,-0.026013,0.001000,0.001000,0.001000,0.001000,0.001000
1008.134615,-0.027015,0.001000,0.001000,0.001000,0.001000,0.001000
1008.153846,-0.028001,0.001000,0.001000,0.001000,0.001000,0.001000
1008.173077,-0.028972,0.001000,0.001000,0.001000,0.001000,0.001000
1008.192308,-0.029927,0.001000,0.001000,0.001000,0.001000,0.001000
1008.211538,-0.030865,0.001000,0.001000,0.001000,0.001000,0.001000
1008.230769,-0.031786,0.001000,0.001000,0.001000,0.001000,0.001000
1008.250000,-0.032689,0.001000,0.001000,0.001000,0.001000,0.001000
1008.269231,-0.033574,0.001000,0.001000,0.001000,0.001000,0.001000
1008.288462,-0.034440,0.001000,0.001000,0.001000,0.001000,0.001000
1008.307692,-0.035287,0.001000,0.001000,0.001000,0.001000,0.001000
1008.326923,-0.036114,0.001000,0.001000,0.001000,0.001000,0.001000
1008.346154,-0.036921,0.001000,0.001000,0.001000,0.001000,0.001000
1008.365385,-0.037707,0.001000,0.001000,0.001000,0.001000,0.001000
1008.384615,-0.038473,0.001000,0.001000,0.001000,0.001000,0.001000
1008.403846,-0.039216,0.001000,0.001000,0.001000,0.001000,0.001000
1008.423077,-0.039938,0.001000,0.001000,0.001000,0.001000,0.001000
1008.442308,-0.040638,0.001000,0.001000,0.001000,0.001000,0.001000
1008.461538,-0.041315,0.001000,0.001000,0.001000,0.001000,0.001000
1008.480769,-0.041969,0.001000,0.001000,0.001000,0.001000,0.001000
1008.500000,-0.042599,0.001000,0.001000,0.001000,0.001000,0.001000
1008.519231,-0.043206,0.001000,0.001000,0.001000,0.001000,0.001000
1008.538462,-0.043788,0.001000,0.001000,0.001000,0.001000,0.001000
1008.557692,-0.044346,0.001000,0.001000,0.001000,0.001000,0.001000
1008.576923,-0.044880,0.001000,0.001000,0.001000,0.001000,0.001000
1008.596154,-0.045388,0.001000,0.001000,0.001000,0.001000,0.001000
1008.615385,-0.045871,0.001000,0.001000,0.001000,0.001000,0.001000
1008.634615,-0.046328,0.001000,0.001000,0.001000,0.001000,0.001000
1008.653846,-0.046760,0.001000,0.001000,0.001000,0.001000,0.001000
1008.673077,-0.047165,0.001000,0.001000,0.001000,0.001000,0.001000
1008.692308,-0.047544,0.001000,0.001000,0.001000,0.001000,0.001000
1008.711538,-0.047896,0.001000,0.001000,0.001000,0.001000,0.001000
1008.730769,-0.048222,0.001000,0.001000,0.001000,0.001000,0.001000
1008.750000,-0.048521,0.001000,0.001000,0.001000,0.001000,0.001000
1008.769231,-0.048793,0.001000,0.001000,0.001000,0.001000,0.001000
1008.788462,-0.049037,0.001000,0.001000,0.001000,0.001000,0.001000
1008.807692,-0.049254,0.001000,0.001000,0.001000,0.001000,0.001000
1008.826923,-0.049444,0.001000,0.001000,0.001000,0.001000,0.001000
1008.846154,-0.049606,0.001000,0.001000,0.001000,0.001000,0.001000
1008.865385,-0.049740,0.001000,0.001000,0.001000,0.001000,0.001000
1008.884615,-0.049846,0.001000,0.001000,0.001000,0.001000,0.001000
1008.903846,-0.049925,0.001000,0.001000,0.001000,0.001000,0.001000
1008.923077,-0.049976,0.001000,0.001000,0.001000,0.001000,0.001000
1008.942308,-0.049999,0.001000,0.001000,0.001000,0.001000,0.001000
1008.961538,-0.049994,0.001000,0.001000,0.001000,0.001000,0.001000
1008.980769,-0.049961,0.001000,0.001000,0.001000,0.001000,0.001000
1009.000000,-0.049900,0.001000,0.001000,0.001000,0.001000,0.001000
1009.019231,-0.049811,0.001000,0.001000,0.001000,0.001000,0.001000
1009.038462,-0.049694,0.001000,0.001000,0.001000,0.001000,0.001000
1009.057692,-0.049550,0.001000,0.001000,0.001000,0.001000,0.001000
1009.076923,-0.049378,0.001000,0.001000,0.001000,0.001000,0.001000
1009.096154,-0.049179,0.001000,0.001000,0.001000,0.001000,0.001000
1009.115385,-0.048952,0.001000,0.001000,0.001000,0.001000,0.001000
1009.134615,-0.048697,0.001000,0.001000,0.001000,0.001000,0.001000
1009.153846,-0.048416,0.001000,0.001000,0.001000,0.001000,0.001000
1009.173077,-0.048107,0.001000,0.001000,0.001000,0.001000,0.001000
1009.192308,-0.047772,0.001000,0.001000,0.001000,0.001000,0.001000
1009.211538,-0.047410,0.001000,0.001000,0.001000,0.001000,0.001000
1009.230769,-0.047021,0.001000,0.001000,0.001000,0.001000,0.001000
1009.250000,-0.046607,0.001000,0.001000,0.001000,0.001000,0.001000
1009.269231,-0.046166,0.001000,0.001000,0.001000,0.001000,0.001000
1009.288462,-0.045699,0.001000,0.001000,0.001000,0.001000,0.001000
1009.307692,-0.045207,0.001000,0.001000,0.001000,0.001000,0.001000
1009.326923,-0.044690,0.001000,0.001000,0.001000,0.001000,0.001000
1009.346154,-0.044147,0.001000,0.001000,0.001000,0.001000,0.001000
1009.365385,-0.043580,0.001000,0.001000,0.001000,0.001000,0.001000
1009.384615,-0.042989,0.001000,0.001000,0.001000,0.001000,0.001000
1009.403846,-0.042374,0.001000,0.001000,0.001000,0.001000,0.001000
1009.423077,-0.041735,0.001000,0.001000,0.001000,0.001000,0.001000
1009.442308,-0.041073,0.001000,0.001000,0.001000,0.001000,0.001000
1009.461538,-0.040387,0.001000,0.001000,0.001000,0.001000,0.001000
1009.480769,-0.039680,0.001000,0.001000,0.001000,0.001000,0.001000
1009.500000,-0.038950,0.001000,0.001000,0.001000,0.001000,0.001000
1009.519231,-0.038198,0.001000,0.001000,0.001000,0.001000,0.001000
1009.538462,-0.037425,0.001000,0.001000,0.001000,0.001000,0.001000
1009.557692,-0.036631,0.001000,0.001000,0.001000,0.001000,0.001000
1009.576923,-0.035817,0.001000,0.001000,0.001000,0.001000,0.001000
1009.596154,-0.034983,0.001000,0.001000,0.001000,0.001000,0.001000
1009.615385,-0.034129,0.001000,0.001000,0.001000,0.001000,0.001000
1009.634615,-0.033256,0.001000,0.001000,0.001000,0.001000,0.001000
1009.653846,-0.032364,0.001000,0.001000,0.001000,0.001000,0.001000
1009.673077,-0.031455,0.001000,0.001000,0.001000,0.001000,0.001000
1009.692308,-0.030528,0.001000,0.001000,0.001000,0.001000,0.001000
1009.711538,-0.029584,0.001000,0.001000,0.001000,0.001000,0.001000
1009.730769,-0.028623,0.001000,0.001000,0.001000,0.001000,0.001000
1009.750000,-0.027646,0.001000,0.001000,0.001000,0.001000,0.001000
1009.769231,-0.026654,0.001000,0.001000,0.001000,0.001000,0.001000
1009.788462,-0.025647,0.001000,0.001000,0.001000,0.001000,0.001000
1009.807692,-0.024626,0.001000,0.001000,0.001000,0.001000,0.001000
1009.826923,-0.023591,0.001000,0.001000,0.001000,0.001000,0.001000
1009.846154,-0.022543,0.001000,0.001000,0.001000,0.001000,0.001000
1009.865385,-0.021482,0.001000,0.001000,0.001000,0.001000,0.001000
1009.884615,-0.020409,0.001000,0.001000,0.001000,0.001000,0.001000
1009.903846,-0.019325,0.001000,0.001000,0.001000,0.001000,0.001000
1009.923077,-0.018230,0.001000,0.001000,0.001000,0.001000,0.001000
1009.942308,-0.017125,0.001000,0.001000,0.001000,0.001000,0.001000
1009.961538,-0.016010,0.001000,0.001000,0.001000,0.001000,0.001000
1009.980769,-0.014886,0.001000,0.001000,0.001000,0.001000,0.001000
1010.000000,-0.013754,0.001000,0.001000,0.001000,0.001000,0.001000
1010.019231,-0.012615,0.001000,0.001000,0.001000,0.001000,0.001000
1010.038462,-0.011468,0.001000,0.001000,0.001000,0.001000,0.001000
1010.057692,-0.010315,0.001000,0.001000,0.001000,0.001000,0.001000
1010.076923,-0.009156,0.001000,0.001000,0.001000,0.001000,0.001000
1010.096154,-0.007992,0.001000,0.001000,0.001000,0.001000,0.001000
1010.115385,-0.006823,0.001000,0.001000,0.001000,0.001000,0.001000
1010.134615,-0.005651,0.001000,0.001000,0.001000,0.001000,0.001000
1010.153846,-0.004476,0.001000,0.001000,0.001000,0.001000,0.001000
1010.173077,-0.003298,0.001000,0.001000,0.001000,0.001000,0.001000
1010.192308,-0.002118,0.001000,0.001000,0.001000,0.001000,0.001000
1010.211538,-0.000937,0.001000,0.001000,0.001000,0.001000,0.001000
1010.230769,0.000244,0.001000,0.001000,0.001000,0.001000,0.001000
1010.250000,0.001426,0.001000,0.001000,0.001000,0.001000,0.001000
1010.269231,0.002606,0.001000,0.001000,0.001000,0.001000,0.001000
1010.288462,0.003785,0.001000,0.001000,0.001000,0.001000,0.001000
1010.307692,0.004962,0.001000,0.001000,0.001000,0.001000,0.001000
1010.326923,0.006136,0.001000,0.001000,0.001000,0.001000,0.001000
1010.346154,0.007307,0.001000,0.001000,0.001000,0.001000,0.001000
1010.365385,0.008474,0.001000,0.001000,0.001000,0.001000,0.001000
1010.384615,0.009636,0.001000,0.001000,0.001000,0.001000,0.001000
1010.403846,0.010792,0.001000,0.001000,0.001000,0.001000,0.001000
1010.423077,0.011943,0.001000,0.001000,0.001000,0.001000,0.001000
1010.442308,0.013087,0.001000,0.001000,0.001000,0.001000,0.001000
1010.461538,0.014223,0.001000,0.001000,0.001000,0.001000,0.001000
1010.480769,0.015352,0.001000,0.001000,0.001000,0.001000,0.001000
1010.500000,0.016472,0.001000,0.001000,0.001000,0.001000,0.001000
1010.519231,0.017583,0.001000,0.001000,0.001000,0.001000,0.001000
1010.538462,0.018684,0.001000,0.001000,0.001000,0.001000,0.001000
1010.557692,0.019774,0.001000,0.001000,0.001000,0.001000,0.001000
1010.576923,0.020854,0.001000,0.001000,0.001000,0.001000,0.001000
1010.596154,0.021922,0.001000,0.001000,0.001000,0.001000,0.001000
1010.615385,0.022978,0.001000,0.001000,0.001000,0.001000,0.001000
1010.634615,0.024020,0.001000,0.001000,0.001000,0.001000,0.001000
1010.653846,0.025050,0.001000,0.001000,0.001000,0.001000,0.001000
1010.673077,0.026065,0.001000,0.001000,0.001000,0.001000,0.001000
1010.692308,0.027066,0.001000,0.001000,0.001000,0.001000,0.001000
1010.711538,0.028052,0.001000,0.001000,0.001000,0.001000,0.001000
1010.730769,0.029022,0.001000,0.001000,0.001000,0.001000,0.001000
1010.750000,0.029976,0.001000,0.001000,0.001000,0.001000,0.001000
1010.769231,0.030913,0.001000,0.001000,0.001000,0.001000,0.001000
1010.788462,0.031833,0.001000,0.001000,0.001000,0.001000,0.001000
1010.807692,0.032735,0.001000,0.001000,0.001000,0.001000,0.001000
1010.826923,0.033619,0.001000,0.001000,0.001000,0.001000,0.001000
1010.846154,0.034484,0.001000,0.001000,0.001000,0.001000,0.001000
1010.865385,0.035330,0.001000,0.001000,0.001000,0.001000,0.001000
1010.884615,0.036156,0.001000,0.001000,0.001000,0.001000,0.001000
1010.903846,0.036962,0.001000,0.001000,0.001000,0.001000,0.001000
1010.923077,0.037747,0.001000,0.001000,0.001000,0.001000,0.001000
1010.942308,0.038511,0.001000,0.001000,0.001000,0.001000,0.001000
1010.961538,0.039254,0.001000,0.001000,0.001000,0.001000,0.001000
1010.980769,0.039975,0.001000,0.001000,0.001000,0.001000,0.001000
1011.000000,0.040673,0.001000,0.001000,0.001000,0.001000,0.001000
1011.019231,0.041349,0.001000,0.001000,0.001000,0.001000,0.001000
1011.038462,0.042002,0.001000,0.001000,0.001000,0.001000,0.001000
1011.057692,0.042631,0.001000,0.001000,0.001000,0.001000,0.001000
1011.076923,0.043237,0.001000,0.001000,0.001000,0.001000,0.001000
1011.096154,0.043818,0.001000,0.001000,0.001000,0.001000,0.001000
1011.115385,0.044375,0.001000,0.001000,0.001000,0.001000,0.001000
1011.134615,0.044907,0.001000,0.001000,0.001000,0.001000,0.001000
1011.153846,0.045414,0.001000,0.001000,0.001000,0.001000,0.001000
1011.173077,0.045895,0.001000,0.001000,0.001000,0.001000,0.001000
1011.192308,0.046351,0.001000,0.001000,0.001000,0.001000,0.001000
1011.211538,0.046781,0.001000,0.001000,0.001000,0.001000,0.001000
1011.230769,0.047185,0.001000,0.001000,0.001000,0.001000,0.001000
1011.250000,0.047563,0.001000,0.001000,0.001000,0.001000,0.001000
1011.269231,0.047914,0.001000,0.001000,0.001000,0.001000,0.001000
1011.288462,0.048238,0.001000,0.001000,0.001000,0.001000,0.001000
1011.307692,0.048536,0.001000,0.001000,0.001000,0.001000,0.001000
1011.326923,0.048806,0.001000,0.001000,0.001000,0.001000,0.001000
1011.346154,0.049049,0.001000,0.001000,0.001000,0.001000,0.001000
1011.365385,0.049265,0.001000,0.001000,0.001000,0.001000,0.001000
1011.384615,0.049453,0.001000,0.001000,0.001000,0.001000,0.001000
1011.403846,0.049613,0.001000,0.001000,0.001000,0.001000,0.001000
1011.423077,0.049746,0.001000,0.001000,0.001000,0.001000,0.001000
1011.442308,0.049851,0.001000,0.001000,0.001000,0.001000,0.001000
1011.461538,0.049928,0.001000,0.001000,0.001000,0.001000,0.001000
1011.480769,0.049978,0.001000,0.001000,0.001000,0.001000,0.001000
1011.500000,0.049999,0.001000,0.001000,0.001000,0.001000,0.001000
1011.519231,0.049993,0.001000,0.001000,0.001000,0.001000,0.001000
1011.538462,0.049958,0.001000,0.001000,0.001000,0.001000,0.001000
1011.557692,0.049896,0.001000,0.001000,0.001000,0.001000,0.001000
1011.576923,0.049806,0.001000,0.001000,0.001000,0.001000,0.001000
1011.596154,0.049688,0.001000,0.001000,0.001000,0.001000,0.001000
1011.615385,0.049542,0.001000,0.001000,0.001000,0.001000,0.001000
1011.634615,0.049369,0.001000,0.001000,0.001000,0.001000,0.001000
1011.653846,0.049168,0.001000,0.001000,0.001000,0.001000,0.001000
1011.673077,0.048939,0.001000,0.001000,0.001000,0.001000,0.001000
1011.692308,0.048684,0.001000,0.001000,0.001000,0.001000,0.001000
1011.711538,0.048401,0.001000,0.001000,0.001000,0.001000,0.001000
1011.730769,0.048091,0.001000,0.001000,0.001000,0.001000,0.001000
1011.750000,0.047754,0.001000,0.001000,0.001000,0.001000,0.001000
1011.769231,0.047390,0.001000,0.001000,0.001000,0.001000,0.001000
1011.788462,0.047001,0.001000,0.001000,0.001000,0.001000,0.001000
1011.807692,0.046584,0.001000,0.001000,0.001000,0.001000,0.001000
1011.826923,0.046142,0.001000,0.001000,0.001000,0.001000,0.001000
1011.846154,0.045674,0.001000,0.001000,0.001000,0.001000,0.001000
1011.865385,0.045181,0.001000,0.001000,0.001000,0.001000,0.001000
1011.884615,0.044662,0.001000,0.001000,0.001000,0.001000,0.001000
1011.903846,0.044119,0.001000,0.001000,0.001000,0.001000,0.001000
1011.923077,0.043550,0.001000,0.001000,0.001000,0.001000,0.001000
1011.942308,0.042958,0.001000,0.001000,0.001000,0.001000,0.001000
1011.961538,0.042341,0.001000,0.001000,0.001000,0.001000,0.001000
1011.980769,0.041701,0.001000,0.001000,0.001000,0.001000,0.001000
1012.000000,0.041038,0.001000,0.001000,0.001000,0.001000,0.001000
1012.019231,0.040351,0.001000,0.001000,0.001000,0.001000,0.001000
1012.038462,0.039642,0.001000,0.001000,0.001000,0.001000,0.001000
1012.057692,0.038911,0.001000,0.001000,0.001000,0.001000,0.001000
1012.076923,0.038159,0.001000,0.001000,0.001000,0.001000,0.001000
1012.096154,0.037385,0.001000,0.001000,0.001000,0.001000,0.001000
1012.115385,0.036590,0.001000,0.001000,0.001000,0.001000,0.001000
1012.134615,0.035774,0.001000,0.001000,0.001000,0.001000,0.001000
1012.153846,0.034939,0.001000,0.001000,0.001000,0.001000,0.001000
1012.173077,0.034084,0.001000,0.001000,0.001000,0.001000,0.001000
1012.192308,0.033210,0.001000,0.001000,0.001000,0.001000,0.001000
1012.211538,0.032318,0.001000,0.001000,0.001000,0.001000,0.001000
1012.230769,0.031407,0.001000,0.001000,0.001000,0.001000,0.001000
1012.250000,0.030479,0.001000,0.001000,0.001000,0.001000,0.001000
1012.269231,0.029534,0.001000,0.001000,0.001000,0.001000,0.001000
1012.288462,0.028573,0.001000,0.001000,0.001000,0.001000,0.001000
1012.307692,0.027595,0.001000,0.001000,0.001000,0.001000,0.001000
1012.326923,0.026602,0.001000,0.001000,0.001000,0.001000,0.001000
1012.346154,0.025595,0.001000,0.001000,0.001000,0.001000,0.001000
1012.365385,0.024573,0.001000,0.001000,0.001000,0.001000,0.001000
1012.384615,0.023537,0.001000,0.001000,0.001000,0.001000,0.001000
1012.403846,0.022488,0.001000,0.001000,0.001000,0.001000,0.001000
1012.423077,0.021427,0.001000,0.001000,0.001000,0.001000,0.001000
1012.442308,0.020353,0.001000,0.001000,0.001000,0.001000,0.001000
1012.461538,0.019268,0.001000,0.001000,0.001000,0.001000,0.001000
1012.480769,0.018173,0.001000,0.001000,0.001000,0.001000,0.001000
1012.500000,0.017067,0.001000,0.001000,0.001000,0.001000,0.001000
1012.519231,0.015952,0.001000,0.001000,0.001000,0.001000,0.001000
1012.538462,0.014828,0.001000,0.001000,0.001000,0.001000,0.001000
1012.557692,0.013695,0.001000,0.001000,0.001000,0.001000,0.001000
1012.576923,0.012555,0.001000,0.001000,0.001000,0.001000,0.001000
1012.596154,0.011408,0.001000,0.001000,0.001000,0.001000,0.001000
1012.615385,0.010255,0.001000,0.001000,0.001000,0.001000,0.001000
1012.634615,0.009096,0.001000,0.001000,0.001000,0.001000,0.001000
1012.653846,0.007932,0.001000,0.001000,0.001000,0.001000,0.001000
1012.673077,0.006763,0.001000,0.001000,0.001000,0.001000,0.001000
1012.692308,0.005591,0.001000,0.001000,0.001000,0.001000,0.001000
1012.711538,0.004415,0.001000,0.001000,0.001000,0.001000,0.001000
1012.730769,0.003237,0.001000,0.001000,0.001000,0.001000,0.001000
1012.750000,0.002057,0.001000,0.001000,0.001000,0.001000,0.001000
1012.769231,0.000876,0.001000,0.001000,0.001000,0.001000,0.001000
1012.788462,-0.000305,0.001000,0.001000,0.001000,0.001000,0.001000
1012.807692,-0.001487,0.001000,0.001000,0.001000,0.001000,0.001000
1012.826923,-0.002667,0.001000,0.001000,0.001000,0.001000,0.001000
1012.846154,-0.003846,0.001000,0.001000,0.001000,0.001000,0.001000
1012.865385,-0.005023,0.001000,0.001000,0.001000,0.001000,0.001000
1012.884615,-0.006197,0.001000,0.001000,0.001000,0.001000,0.001000
1012.903846,-0.007367,0.001000,0.001000,0.001000,0.001000,0.001000
1012.923077,-0.008534,0.001000,0.001000,0.001000,0.001000,0.001000
1012.942308,-0.009696,0.001000,0.001000,0.001000,0.001000,0.001000
1012.961538,-0.010852,0.001000,0.001000,0.001000,0.001000,0.001000
1012.980769,-0.012002,0.001000,0.001000,0.001000,0.001000,0.001000
1013.000000,-0.013146,0.001000,0.001000,0.001000,0.001000,0.001000
1013.019231,-0.014282,0.001000,0.001000,0.001000,0.001000,0.001000
1013.038462,-0.015410,0.001000,0.001000,0.001000,0.001000,0.001000
1013.057692,-0.016530,0.001000,0.001000,0.001000,0.001000,0.001000
1013.076923,-0.017640,0.001000,0.001000,0.001000,0.001000,0.001000
1013.096154,-0.018740,0.001000,0.001000,0.001000,0.001000,0.001000
1013.115385,-0.019830,0.001000,0.001000,0.001000,0.001000,0.001000
1013.134615,-0.020909,0.001000,0.001000,0.001000,0.001000,0.001000
1013.153846,-0.021977,0.001000,0.001000,0.001000,0.001000,0.001000
1013.173077,-0.023032,0.001000,0.001000,0.001000,0.001000,0.001000
1013.192308,-0.024074,0.001000,0.001000,0.001000,0.001000,0.001000
1013.211538,-0.025103,0.001000,0.001000,0.001000,0.001000,0.001000
1013.230769,-0.026117,0.001000,0.001000,0.001000,0.001000,0.001000
1013.250000,-0.027117,0.001000,0.001000,0.001000,0.001000,0.001000
1013.269231,-0.028102,0.001000,0.001000,0.001000,0.001000,0.001000
1013.288462,-0.029072,0.001000,0.001000,0.001000,0.001000,0.001000
1013.307692,-0.030025,0.001000,0.001000,0.001000,0.001000,0.001000
1013.326923,-0.030961,0.001000,0.001000,0.001000,0.001000,0.001000
1013.346154,-0.031880,0.001000,0.001000,0.001000,0.001000,0.001000
1013.365385,-0.032781,0.001000,0.001000,0.001000,0.001000,0.001000
1013.384615,-0.033664,0.001000,0.001000,0.001000,0.001000,0.001000
1013.403846,-0.034528,0.001000,0.001000,0.001000,0.001000,0.001000
1013.423077,-0.035373,0.001000,0.001000,0.001000,0.001000,0.001000
1013.442308,-0.036198,0.001000,0.001000,0.001000,0.001000,0.001000
1013.461538,-0.037003,0.001000,0.001000,0.001000,0.001000,0.001000
1013.480769,-0.037787,0.001000,0.001000,0.001000,0.001000,0.001000
1013.500000,-0.038550,0.001000,0.001000,0.001000,0.001000,0.001000
1013.519231,-0.039292,0.001000,0.001000,0.001000,0.001000,0.001000
1013.538462,-0.040012,0.001000,0.001000,0.001000,0.001000,0.001000
1013.557692,-0.040709,0.001000,0.001000,0.001000,0.001000,0.001000
1013.576923,-0.041384,0.001000,0.001000,0.001000,0.001000,0.001000
1013.596154,-0.042035,0.001000,0.001000,0.001000,0.001000,0.001000
1013.615385,-0.042663,0.001000,0.001000,0.001000,0.001000,0.001000
1013.634615,-0.043267,0.001000,0.001000,0.001000,0.001000,0.001000
1013.653846,-0.043847,0.001000,0.001000,0.001000,0.001000,0.001000
1013.673077,-0.044403,0.001000,0.001000,0.001000,0.001000,0.001000
1013.692308,-0.044933,0.001000,0.001000,0.001000,0.001000,0.001000
1013.711538,-0.045439,0.001000,0.001000,0.001000,0.001000,0.001000
1013.730769,-0.045919,0.001000,0.001000,0.001000,0.001000,0.001000
1013.750000,-0.046374,0.001000,0.001000,0.001000,0.001000,0.001000
1013.769231,-0.046803,0.001000,0.001000,0.001000,0.001000,0.001000
1013.788462,-0.047205,0.001000,0.001000,0.001000,0.001000,0.001000
1013.807692,-0.047582,0.001000,0.001000,0.001000,0.001000,0.001000
1013.826923,-0.047931,0.001000,0.001000,0.001000,0.001000,0.001000
1013.846154,-0.048254,0.001000,0.001000,0.001000,0.001000,0.001000
1013.865385,-0.048550,0.001000,0.001000,0.001000,0.001000,0.001000
1013.884615,-0.048819,0.001000,0.001000,0.001000,0.001000,0.001000
1013.903846,-0.049061,0.001000,0.001000,0.001000,0.001000,0.001000
1013.923077,-0.049275,0.001000,0.001000,0.001000,0.001000,0.001000
1013.942308,-0.049462,0.001000,0.001000,0.001000,0.001000,0.001000
1013.961538,-0.049621,0.001000,0.001000,0.001000,0.001000,0.001000
1013.980769,-0.049752,0.001000,0.001000,0.001000,0.001000,0.001000
1014.000000,-0.049856,0.001000,0.001000,0.001000,0.001000,0.001000
1014.019231,-0.049931,0.001000,0.001000,0.001000,0.001000,0.001000
1014.038462,-0.049979,0.001000,0.001000,0.001000,0.001000,0.001000
1014.057692,-0.049999,0.001000,0.001000,0.001000,0.001000,0.001000
1014.076923,-0.049991,0.001000,0.001000,0.001000,0.001000,0.001000
1014.096154,-0.049956,0.001000,0.001000,0.001000,0.001000,0.001000
1014.115385,-0.049892,0.001000,0.001000,0.001000,0.001000,0.001000
1014.134615,-0.049800,0.001000,0.001000,0.001000,0.001000,0.001000
1014.153846,-0.049681,0.001000,0.001000,0.001000,0.001000,0.001000
1014.173077,-0.049534,0.001000,0.001000,0.001000,0.001000,0.001000
1014.192308,-0.049359,0.001000,0.001000,0.001000,0.001000,0.001000
1014.211538,-0.049157,0.001000,0.001000,0.001000,0.001000,0.001000
1014.230769,-0.048927,0.001000,0.001000,0.001000,0.001000,0.001000
1014.250000,-0.048670,0.001000,0.001000,0.001000,0.001000,0.001000
1014.269231,-0.048385,0.001000,0.001000,0.001000,0.001000,0.001000
1014.288462,-0.048074,0.001000,0.001000,0.001000,0.001000,0.001000
1014.307692,-0.047736,0.001000,0.001000,0.001000,0.001000,0.001000
1014.326923,-0.047371,0.001000,0.001000,0.001000,0.001000,0.001000
1014.346154,-0.046980,0.001000,0.001000,0.001000,0.001000,0.001000
1014.365385,-0.046562,0.001000,0.001000,0.001000,0.001000,0.001000
1014.384615,-0.046119,0.001000,0.001000,0.001000,0.001000,0.001000
1014.403846,-0.045649,0.001000,0.001000,0.001000,0.001000,0.001000
1014.423077,-0.045155,0.001000,0.001000,0.001000,0.001000,0.001000
1014.442308,-0.044635,0.001000,0.001000,0.001000,0.001000,0.001000
1014.461538,-0.044090,0.001000,0.001000,0.001000,0.001000,0.001000
1014.480769,-0.043520,0.001000,0.001000,0.001000,0.001000,0.001000
1014.500000,-0.042927,0.001000,0.001000,0.001000,0.001000,0.001000
1014.519231,-0.042309,0.001000,0.001000,0.001000,0.001000,0.001000
1014.538462,-0.041667,0.001000,0.001000,0.001000,0.001000,0.001000
1014.557692,-0.041003,0.001000,0.001000,0.001000,0.001000,0.001000
1014.576923,-0.040315,0.001000,0.001000,0.001000,0.001000,0.001000
1014.596154,-0.039605,0.001000,0.001000,0.001000,0.001000,0.001000
1014.615385,-0.038873,0.001000,0.001000,0.001000,0.001000,0.001000
1014.634615,-0.038119,0.001000,0.001000,0.001000,0.001000,0.001000
1014.653846,-0.037344,0.001000,0.001000,0.001000,0.001000,0.001000
1014.673077,-0.036548,0.001000,0.001000,0.001000,0.001000,0.001000
1014.692308,-0.035732,0.001000,0.001000,0.001000,0.001000,0.001000
1014.711538,-0.034895,0.001000,0.001000,0.001000,0.001000,0.001000
1014.730769,-0.034039,0.001000,0.001000,0.001000,0.001000,0.001000
1014.750000,-0.033165,0.001000,0.001000,0.001000,0.001000,0.001000
1014.769231,-0.032271,0.001000,0.001000,0.001000,0.001000,0.001000
1014.788462,-0.031360,0.001000,0.001000,0.001000,0.001000,0.001000
1014.807692,-0.030431,0.001000,0.001000,0.001000,0.001000,0.001000
1014.826923,-0.029485,0.001000,0.001000,0.001000,0.001000,0.001000
1014.846154,-0.028523,0.001000,0.001000,0.001000,0.001000,0.001000
1014.865385,-0.027544,0.001000,0.001000,0.001000,0.001000,0.001000
1014.884615,-0.026551,0.001000,0.001000,0.001000,0.001000,0.001000
1014.903846,-0.025542,0.001000,0.001000,0.001000,0.001000,0.001000
1014.923077,-0.024519,0.001000,0.001000,0.001000,0.001000,0.001000
1014.942308,-0.023483,0.001000,0.001000,0.001000,0.001000,0.001000
1014.961538,-0.022433,0.001000,0.001000,0.001000,0.001000,0.001000
1014.980769,-0.021371,0.001000,0.001000,0.001000,0.001000,0.001000
1015.000000,-0.020297,0.001000,0.001000,0.001000,0.001000,0.001000
1015.019231,-0.019212,0.001000,0.001000,0.001000,0.001000,0.001000
1015.038462,-0.018116,0.001000,0.001000,0.001000,0.001000,0.001000
1015.057692,-0.017010,0.001000,0.001000,0.001000,0.001000,0.001000
1015.076923,-0.015894,0.001000,0.001000,0.001000,0.001000,0.001000
1015.096154,-0.014770,0.001000,0.001000,0.001000,0.001000,0.001000
1015.115385,-0.013637,0.001000,0.001000,0.001000,0.001000,0.001000
1015.134615,-0.012496,0.001000,0.001000,0.001000,0.001000,0.001000
1015.153846,-0.011349,0.001000,0.001000,0.001000,0.001000,0.001000
1015.173077,-0.010195,0.001000,0.001000,0.001000,0.001000,0.001000
1015.192308,-0.009036,0.001000,0.001000,0.001000,0.001000,0.001000
1015.211538,-0.007871,0.001000,0.001000,0.001000,0.001000,0.001000
1015.230769,-0.006702,0.001000,0.001000,0.001000,0.001000,0.001000
1015.250000,-0.005530,0.001000,0.001000,0.001000,0.001000,0.001000
1015.269231,-0.004354,0.001000,0.001000,0.001000,0.001000,0.001000
1015.288462,-0.003176,0.001000,0.001000,0.001000,0.001000,0.001000
1015.307692,-0.001996,0.001000,0.001000,0.001000,0.001000,0.001000
1015.326923,-0.000815,0.001000,0.001000,0.001000,0.001000,0.001000
1015.346154,0.000366,0.001000,0.001000,0.001000,0.001000,0.001000
1015.365385,0.001548,0.001000,0.001000,0.001000,0.001000,0.001000
1015.384615,0.002728,0.001000,0.001000,0.001000,0.001000,0.001000
1015.403846,0.003907,0.001000,0.001000,0.001000,0.001000,0.001000
1015.423077,0.005084,0.001000,0.001000,0.001000,0.001000,0.001000
1015.442308,0.006257,0.001000,0.001000,0.001000,0.001000,0.001000
1015.461538,0.007428,0.001000,0.001000,0.001000,0.001000,0.001000
1015.480769,0.008594,0.001000,0.001000,0.001000,0.001000,0.001000
1015.500000,0.009755,0.001000,0.001000,0.001000,0.001000,0.001000
1015.519231,0.010911,0.001000,0.001000,0.001000,0.001000,0.001000
1015.538462,0.012061,0.001000,0.001000,0.001000,0.001000,0.001000
1015.557692,0.013204,0.001000,0.001000,0.001000,0.001000,0.001000
1015.576923,0.014340,0.001000,0.001000,0.001000,0.001000,0.001000
1015.596154,0.015468,0.001000,0.001000,0.001000,0.001000,0.001000
1015.615385,0.016587,0.001000,0.001000,0.001000,0.001000,0.001000
1015.634615,0.017697,0.001000,0.001000,0.001000,0.001000,0.001000
1015.653846,0.018797,0.001000,0.001000,0.001000,0.001000,0.001000
1015.673077,0.019886,0.001000,0.001000,0.001000,0.001000,0.001000
1015.692308,0.020965,0.001000,0.001000,0.001000,0.001000,0.001000
1015.711538,0.022032,0.001000,0.001000,0.001000,0.001000,0.001000
1015.730769,0.023086,0.001000,0.001000,0.001000,0.001000,0.001000
1015.750000,0.024127,0.001000,0.001000,0.001000,0.001000,0.001000
1015.769231,0.025155,0.001000,0.001000,0.001000,0.001000,0.001000
1015.788462,0.026169,0.001000,0.001000,0.001000,0.001000,0.001000
1015.807692,0.027169,0.001000,0.001000,0.001000,0.001000,0.001000
1015.826923,0.028153,0.001000,0.001000,0.001000,0.001000,0.001000
1015.846154,0.029121,0.001000,0.001000,0.001000,0.001000,0.001000
1015.865385,0.030074,0.001000,0.001000,0.001000,0.001000,0.001000
1015.884615,0.031009,0.001000,0.001000,0.001000,0.001000,0.001000
1015.903846,0.031927,0.001000,0.001000,0.001000,0.001000,0.001000
1015.923077,0.032827,0.001000,0.001000,0.001000,0.001000,0.001000
1015.942308,0.033709,0.001000,0.001000,0.001000,0.001000,0.001000
1015.961538,0.034572,0.001000,0.001000,0.001000,0.001000,0.001000
1015.980769,0.035416,0.001000,0.001000,0.001000,0.001000,0.001000
1016.000000,0.036240,0.001000,0.001000,0.001000,0.001000,0.001000
1016.019231,0.037044,0.001000,0.001000,0.001000,0.001000,0.001000
1016.038462,0.037827,0.001000,0.001000,0.001000,0.001000,0.001000
1016.057692,0.038589,0.001000,0.001000,0.001000,0.001000,0.001000
1016.076923,0.039330,0.001000,0.001000,0.001000,0.001000,0.001000
1016.096154,0.040048,0.001000,0.001000,0.001000,0.001000,0.001000
1016.115385,0.040744,0.001000,0.001000,0.001000,0.001000,0.001000
1016.134615,0.041418,0.001000,0.001000,0.001000,0.001000,0.001000
1016.153846,0.042068,0.001000,0.001000,0.001000,0.001000,0.001000
1016.173077,0.042695,0.001000,0.001000,0.001000,0.001000,0.001000
1016.192308,0.043298,0.001000,0.001000,0.001000,0.001000,0.001000
1016.211538,0.043876,0.001000,0.001000,0.001000,0.001000,0.001000
1016.230769,0.044431,0.001000,0.001000,0.001000,0.001000,0.001000
1016.250000,0.044960,0.001000,0.001000,0.001000,0.001000,0.001000
1016.269231,0.045465,0.001000,0.001000,0.001000,0.001000,0.001000
1016.288462,0.045943,0.001000,0.001000,0.001000,0.001000,0.001000
1016.307692,0.046397,0.001000,0.001000,0.001000,0.001000,0.001000
1016.326923,0.046824,0.001000,0.001000,0.001000,0.001000,0.001000
1016.346154,0.047225,0.001000,0.001000,0.001000,0.001000,0.001000
1016.365385,0.047600,0.001000,0.001000,0.001000,0.001000,0.001000
1016.384615,0.047949,0.001000,0.001000,0.001000,0.001000,0.001000
1016.403846,0.048270,0.001000,0.001000,0.001000,0.001000,0.001000
1016.423077,0.048565,0.001000,0.001000,0.001000,0.001000,0.001000
1016.442308,0.048832,0.001000,0.001000,0.001000,0.001000,0.001000
1016.461538,0.049072,0.001000,0.001000,0.001000,0.001000,0.001000
1016.480769,0.049285,0.001000,0.001000,0.001000,0.001000,0.001000
1016.500000,0.049471,0.001000,0.001000,0.001000,0.001000,0.001000
1016.519231,0.049628,0.001000,0.001000,0.001000,0.001000,0.001000
1016.538462,0.049758,0.001000,0.001000,0.001000,0.001000,0.001000
1016.557692,0.049860,0.001000,0.001000,0.001000,0.001000,0.001000
1016.576923,0.049935,0.001000,0.001000,0.001000,0.001000,0.001000
1016.596154,0.049981,0.001000,0.001000,0.001000,0.001000,0.001000
1016.615385,0.050000,0.001000,0.001000,0.001000,0.001000,0.001000
1016.634615,0.049990,0.001000,0.001000,0.001000,0.001000,0.001000
1016.653846,0.049953,0.001000,0.001000,0.001000,0.001000,0.001000
1016.673077,0.049888,0.001000,0.001000,0.001000,0.001000,0.001000
1016.692308,0.049795,0.001000,0.001000,0.001000,0.001000,0.001000
1016.711538,0.049674,0.001000,0.001000,0.001000,0.001000,0.001000
1016.730769,0.049525,0.001000,0.001000,0.001000,0.001000,0.001000
1016.750000,0.049349,0.001000,0.001000,0.001000,0.001000,0.001000
1016.769231,0.049145,0.001000,0.001000,0.001000,0.001000,0.001000
1016.788462,0.048914,0.001000,0.001000,0.001000,0.001000,0.001000
1016.807692,0.048656,0.001000,0.001000,0.001000,0.001000,0.001000
1016.826923,0.048370,0.001000,0.001000,0.001000,0.001000,0.001000
1016.846154,0.048057,0.001000,0.001000,0.001000,0.001000,0.001000
1016.865385,0.047718,0.001000,0.001000,0.001000,0.001000,0.001000
1016.884615,0.047351,0.001000,0.001000,0.001000,0.001000,0.001000
1016.903846,0.046959,0.001000,0.001000,0.001000,0.001000,0.001000
1016.923077,0.046540,0.001000,0.001000,0.001000,0.001000,0.001000
1016.942308,0.046095,0.001000,0.001000,0.001000,0.001000,0.001000
1016.961538,0.045625,0.001000,0.001000,0.001000,0.001000,0.001000
1016.980769,0.045128,0.001000,0.001000,0.001000,0.001000,0.001000
1017.000000,0.044607,0.001000,0.001000,0.001000,0.001000,0.001000
1017.019231,0.044061,0.001000,0.001000,0.001000,0.001000,0.001000
1017.038462,0.043490,0.001000,0.001000,0.001000,0.001000,0.001000
1017.057692,0.042895,0.001000,0.001000,0.001000,0.001000,0.001000
1017.076923,0.042276,0.001000,0.001000,0.001000,0.001000,0.001000
1017.096154,0.041634,0.001000,0.001000,0.001000,0.001000,0.001000
1017.115385,0.040968,0.001000,0.001000,0.001000,0.001000,0.001000
1017.134615,0.040279,0.001000,0.001000,0.001000,0.001000,0.001000
1017.153846,0.039568,0.001000,0.001000,0.001000,0.001000,0.001000
1017.173077,0.038835,0.001000,0.001000,0.001000,0.001000,0.001000
1017.192308,0.038080,0.001000,0.001000,0.001000,0.001000,0.001000
1017.211538,0.037303,0.001000,0.001000,0.001000,0.001000,0.001000
1017.230769,0.036506,0.001000,0.001000,0.001000,0.001000,0.001000
1017.250000,0.035689,0.001000,0.001000,0.001000,0.001000,0.001000
1017.269231,0.034852,0.001000,0.001000,0.001000,0.001000,0.001000
1017.288462,0.033995,0.001000,0.001000,0.001000,0.001000,0.001000
1017.307692,0.033119,0.001000,0.001000,0.001000,0.001000,0.001000
1017.326923,0.032225,0.001000,0.001000,0.001000,0.001000,0.001000
1017.346154,0.031312,0.001000,0.001000,0.001000,0.001000,0.001000
1017.365385,0.030382,0.001000,0.001000,0.001000,0.001000,0.001000
1017.384615,0.029436,0.001000,0.001000,0.001000,0.001000,0.001000
1017.403846,0.028472,0.001000,0.001000,0.001000,0.001000,0.001000
1017.423077,0.027493,0.001000,0.001000,0.001000,0.001000,0.001000
1017.442308,0.026499,0.001000,0.001000,0.001000,0.001000,0.001000
1017.461538,0.025490,0.001000,0.001000,0.001000,0.001000,0.001000
1017.480769,0.024466,0.001000,0.001000,0.001000,0.001000,0.001000
1017.500000,0.023429,0.001000,0.001000,0.001000,0.001000,0.001000
1017.519231,0.022379,0.001000,0.001000,0.001000,0.001000,0.001000
1017.538462,0.021316,0.001000,0.001000,0.001000,0.001000,0.001000
1017.557692,0.020242,0.001000,0.001000,0.001000,0.001000,0.001000
1017.576923,0.019156,0.001000,0.001000,0.001000,0.001000,0.001000
1017.596154,0.018059,0.001000,0.001000,0.001000,0.001000,0.001000
1017.615385,0.016952,0.001000,0.001000,0.001000,0.001000,0.001000
1017.634615,0.015836,0.001000,0.001000,0.001000,0.001000,0.001000
1017.653846,0.014711,0.001000,0.001000,0.001000,0.001000,0.001000
1017.673077,0.013578,0.001000,0.001000,0.001000,0.001000,0.001000
1017.692308,0.012437,0.001000,0.001000,0.001000,0.001000,0.001000
1017.711538,0.011289,0.001000,0.001000,0.001000,0.001000,0.001000
1017.730769,0.010135,0.001000,0.001000,0.001000,0.001000,0.001000
1017.750000,0.008976,0.001000,0.001000,0.001000,0.001000,0.001000
1017.769231,0.007811,0.001000,0.001000,0.001000,0.001000,0.001000
1017.788462,0.006642,0.001000,0.001000,0.001000,0.001000,0.001000
1017.807692,0.005469,0.001000,0.001000,0.001000,0.001000,0.001000
1017.826923,0.004293,0.001000,0.001000,0.001000,0.001000,0.001000
1017.846154,0.003115,0.001000,0.001000,0.001000,0.001000,0.001000
1017.865385,0.001935,0.001000,0.001000,0.001000,0.001000,0.001000
1017.884615,0.000754,0.001000,0.001000,0.001000,0.001000,0.001000
1017.903846,-0.000427,0.001000,0.001000,0.001000,0.001000,0.001000
1017.923077,-0.001609,0.001000,0.001000,0.001000,0.001000,0.001000
1017.942308,-0.002789,0.001000,0.001000,0.001000,0.001000,0.001000
1017.961538,-0.003968,0.001000,0.001000,0.001000,0.001000,0.001000
1017.980769,-0.005144,0.001000,0.001000,0.001000,0.001000,0.001000
1018.000000,-0.006318,0.001000,0.001000,0.001000,0.001000,0.001000
1018.019231,-0.007488,0.001000,0.001000,0.001000,0.001000,0.001000
1018.038462,-0.008654,0.001000,0.001000,0.001000,0.001000,0.001000
1018.057692,-0.009815,0.001000,0.001000,0.001000,0.001000,0.001000
1018.076923,-0.010971,0.001000,0.001000,0.001000,0.001000,0.001000
1018.096154,-0.012121,0.001000,0.001000,0.001000,0.001000,0.001000
1018.115385,-0.013263,0.001000,0.001000,0.001000,0.001000,0.001000
1018.134615,-0.014399,0.001000,0.001000,0.001000,0.001000,0.001000
1018.153846,-0.015526,0.001000,0.001000,0.001000,0.001000,0.001000
1018.173077,-0.016645,0.001000,0.001000,0.001000,0.001000,0.001000
1018.192308,-0.017754,0.001000,0.001000,0.001000,0.001000,0.001000
1018.211538,-0.018854,0.001000,0.001000,0.001000,0.001000,0.001000
1018.230769,-0.019942,0.001000,0.001000,0.001000,0.001000,0.001000
1018.250000,-0.021020,0.001000,0.001000,0.001000,0.001000,0.001000
1018.269231,-0.022086,0.001000,0.001000,0.001000,0.001000,0.001000
1018.288462,-0.023140,0.001000,0.001000,0.001000,0.001000,0.001000
1018.307692,-0.024181,0.001000,0.001000,0.001000,0.001000,0.001000
1018.326923,-0.025208,0.001000,0.001000,0.001000,0.001000,0.001000
1018.346154,-0.026221,0.001000,0.001000,0.001000,0.001000,0.001000
1018.365385,-0.027220,0.001000,0.001000,0.001000,0.001000,0.001000
1018.384615,-0.028203,0.001000,0.001000,0.001000,0.001000,0.001000
1018.403846,-0.029171,0.001000,0.001000,0.001000,0.001000,0.001000
1018.423077,-0.030122,0.001000,0.001000,0.001000,0.001000,0.001000
1018.442308,-0.031057,0.001000,0.001000,0.001000,0.001000,0.001000
1018.461538,-0.031974,0.001000,0.001000,0.001000,0.001000,0.001000
1018.480769,-0.032873,0.001000,0.001000,0.001000,0.001000,0.001000
1018.500000,-0.033754,0.001000,0.001000,0.001000,0.001000,0.001000
1018.519231,-0.034617,0.001000,0.001000,0.001000,0.001000,0.001000
1018.538462,-0.035459,0.001000,0.001000,0.001000,0.001000,0.001000
1018.557692,-0.036282,0.001000,0.001000,0.001000,0.001000,0.001000
1018.576923,-0.037085,0.001000,0.001000,0.001000,0.001000,0.001000
1018.596154,-0.037867,0.001000,0.001000,0.001000,0.001000,0.001000
1018.615385,-0.038628,0.001000,0.001000,0.001000,0.001000,0.001000
1018.634615,-0.039367,0.001000,0.001000,0.001000,0.001000,0.001000
1018.653846,-0.040085,0.001000,0.001000,0.001000,0.001000,0.001000
1018.673077,-0.040780,0.001000,0.001000,0.001000,0.001000,0.001000
1018.692308,-0.041452,0.001000,0.001000,0.001000,0.001000,0.001000
1018.711538,-0.042101,0.001000,0.001000,0.001000,0.001000,0.001000
1018.730769,-0.042727,0.001000,0.001000,0.001000,0.001000,0.001000
1018.750000,-0.043328,0.001000,0.001000,0.001000,0.001000,0.001000
1018.769231,-0.043906,0.001000,0.001000,0.001000,0.001000,0.001000
1018.788462,-0.044459,0.001000,0.001000,0.001000,0.001000,0.001000
1018.807692,-0.044987,0.001000,0.001000,0.001000,0.001000,0.001000
1018.826923,-0.045490,0.001000,0.001000,0.001000,0.001000,0.001000
1018.846154,-0.045968,0.001000,0.001000,0.001000,0.001000,0.001000
1018.865385,-0.046420,0.001000,0.001000,0.001000,0.001000,0.001000
1018.884615,-0.046846,0.001000,0.001000,0.001000,0.001000,0.001000
1018.903846,-0.047245,0.001000,0.001000,0.001000,0.001000,0.001000
1018.923077,-0.047619,0.001000,0.001000,0.001000,0.001000,0.001000
1018.942308,-0.047966,0.001000,0.001000,0.001000,0.001000,0.001000
1018.961538,-0.048286,0.001000,0.001000,0.001000,0.001000,0.001000
1018.980769,-0.048579,0.001000,0.001000,0.001000,0.001000,0.001000
1019.000000,-0.048845,0.001000,0.001000,0.001000,0.001000,0.001000
1019.019231,-0.049084,0.001000,0.001000,0.001000,0.001000,0.001000
1019.038462,-0.049295,0.001000,0.001000,0.001000,0.001000,0.001000
1019.057692,-0.049479,0.001000,0.001000,0.001000,0.001000,0.001000
1019.076923,-0.049636,0.001000,0.001000,0.001000,0.001000,0.001000
1019.096154,-0.049764,0.001000,0.001000,0.001000,0.001000,0.001000
1019.115385,-0.049865,0.001000,0.001000,0.001000,0.001000,0.001000
1019.134615,-0.049938,0.001000,0.001000,0.001000,0.001000,0.001000
1019.153846,-0.049983,0.001000,0.001000,0.001000,0.001000,0.001000
1019.173077,-0.050000,0.001000,0.001000,0.001000,0.001000,0.001000
1019.192308,-0.049989,0.001000,0.001000,0.001000,0.001000,0.001000
1019.211538,-0.049950,0.001000,0.001000,0.001000,0.001000,0.001000
1019.230769,-0.049884,0.001000,0.001000,0.001000,0.001000,0.001000
1019.250000,-0.049789,0.001000,0.001000,0.001000,0.001000,0.001000
1019.269231,-0.049667,0.001000,0.001000,0.001000,0.001000,0.001000
1019.288462,-0.049517,0.001000,0.001000,0.001000,0.001000,0.001000
1019.307692,-0.049339,0.001000,0.001000,0.001000,0.001000,0.001000
1019.326923,-0.049134,0.001000,0.001000,0.001000,0.001000,0.001000
1019.346154,-0.048901,0.001000,0.001000,0.001000,0.001000,0.001000
1019.365385,-0.048641,0.001000,0.001000,0.001000,0.001000,0.001000
1019.384615,-0.048354,0.001000,0.001000,0.001000,0.001000,0.001000
1019.403846,-0.048040,0.001000,0.001000,0.001000,0.001000,0.001000
1019.423077,-0.047699,0.001000,0.001000,0.001000,0.001000,0.001000
1019.442308,-0.047332,0.001000,0.001000,0.001000,0.001000,0.001000
1019.461538,-0.046938,0.001000,0.001000,0.001000,0.001000,0.001000
1019.480769,-0.046518,0.001000,0.001000,0.001000,0.001000,0.001000
1019.500000,-0.046071,0.001000,0.001000,0.001000,0.001000,0.001000
1019.519231,-0.045599,0.001000,0.001000,0.001000,0.001000,0.001000
1019.538462,-0.045102,0.001000,0.001000,0.001000,0.001000,0.001000
1019.557692,-0.044580,0.001000,0.001000,0.001000,0.001000,0.001000
1019.576923,-0.044032,0.001000,0.001000,0.001000,0.001000,0.001000
1019.596154,-0.043460,0.001000,0.001000,0.001000,0.001000,0.001000
1019.615385,-0.042864,0.001000,0.001000,0.001000,0.001000,0.001000
1019.634615,-0.042244,0.001000,0.001000,0.001000,0.001000,0.001000
1019.653846,-0.041600,0.001000,0.001000,0.001000,0.001000,0.001000
1019.673077,-0.040933,0.001000,0.001000,0.001000,0.001000,0.001000
1019.692308,-0.040243,0.001000,0.001000,0.001000,0.001000,0.001000
1019.711538,-0.039531,0.001000,0.001000,0.001000,0.001000,0.001000
1019.730769,-0.038796,0.001000,0.001000,0.001000,0.001000,0.001000
1019.750000,-0.038040,0.001000,0.001000,0.001000,0.001000,0.001000
1019.769231,-0.037263,0.001000,0.001000,0.001000,0.001000,0.001000
1019.788462,-0.036465,0.001000,0.001000,0.001000,0.001000,0.001000
1019.807692,-0.035646,0.001000,0.001000,0.001000,0.001000,0.001000
1019.826923,-0.034808,0.001000,0.001000,0.001000,0.001000,0.001000
1019.846154,-0.033950,0.001000,0.001000,0.001000,0.001000,0.001000
1019.865385,-0.033073,0.001000,0.001000,0.001000,0.001000,0.001000
1019.884615,-0.032178,0.001000,0.001000,0.001000,0.001000,0.001000
1019.903846,-0.031265,0.001000,0.001000,0.001000,0.001000,0.001000
1019.923077,-0.030334,0.001000,0.001000,0.001000,0.001000,0.001000
1019.942308,-0.029386,0.001000,0.001000,0.001000,0.001000,0.001000
1019.961538,-0.028422,0.001000,0.001000,0.001000,0.001000,0.001000
1019.980769,-0.027442,0.001000,0.001000,0.001000,0.001000,0.001000
1020.000000,-0.026447,0.001000,0.001000,0.001000,0.001000,0.001000
1020.019231,-0.025437,0.001000,0.001000,0.001000,0.001000,0.001000
1020.038462,-0.024413,0.001000,0.001000,0.001000,0.001000,0.001000
1020.057692,-0.023375,0.001000,0.001000,0.001000,0.001000,0.001000
1020.076923,-0.022324,0.001000,0.001000,0.001000,0.001000,0.001000
1020.096154,-0.021261,0.001000,0.001000,0.001000,0.001000,0.001000
1020.115385,-0.020186,0.001000,0.001000,0.001000,0.001000,0.001000
1020.134615,-0.019099,0.001000,0.001000,0.001000,0.001000,0.001000
1020.153846,-0.018002,0.001000,0.001000,0.001000,0.001000,0.001000
1020.173077,-0.016895,0.001000,0.001000,0.001000,0.001000,0.001000
1020.192308,-0.015778,0.001000,0.001000,0.001000,0.001000,0.001000
1020.211538,-0.014653,0.001000,0.001000,0.001000,0.001000,0.001000
1020.230769,-0.013519,0.001000,0.001000,0.001000,0.001000,0.001000
1020.250000,-0.012378,0.001000,0.001000,0.001000,0.001000,0.001000
1020.269231,-0.011230,0.001000,0.001000,0.001000,0.001000,0.001000
1020.288462,-0.010076,0.001000,0.001000,0.001000,0.001000,0.001000
1020.307692,-0.008916,0.001000,0.001000,0.001000,0.001000,0.001000
1020.326923,-0.007751,0.001000,0.001000,0.001000,0.001000,0.001000
1020.346154,-0.006581,0.001000,0.001000,0.001000,0.001000,0.001000
1020.365385,-0.005408,0.001000,0.001000,0.001000,0.001000,0.001000
1020.384615,-0.004232,0.001000,0.001000,0.001000,0.001000,0.001000
1020.403846,-0.003054,0.001000,0.001000,0.001000,0.001000,0.001000
1020.423077,-0.001874,0.001000,0.001000,0.001000,0.001000,0.001000
1020.442308,-0.000693,0.001000,0.001000,0.001000,0.001000,0.001000
1020.461538,0.000488,0.001000,0.001000,0.001000,0.001000,0.001000
1020.480769,0.001670,0.001000,0.001000,0.001000,0.001000,0.001000
1020.500000,0.002850,0.001000,0.001000,0.001000,0.001000,0.001000
1020.519231,0.004029,0.001000,0.001000,0.001000,0.001000,0.001000
1020.538462,0.005205,0.001000,0.001000,0.001000,0.001000,0.001000
1020.557692,0.006379,0.001000,0.001000,0.001000,0.001000,0.001000
1020.576923,0.007549,0.001000,0.001000,0.001000,0.001000,0.001000
1020.596154,0.008714,0.001000,0.001000,0.001000,0.001000,0.001000
1020.615385,0.009875,0.001000,0.001000,0.001000,0.001000,0.001000
1020.634615,0.011031,0.001000,0.001000,0.001000,0.001000,0.001000
1020.653846,0.012180,0.001000,0.001000,0.001000,0.001000,0.001000
1020.673077,0.013322,0.001000,0.001000,0.001000,0.001000,0.001000
1020.692308,0.014457,0.001000,0.001000,0.001000,0.001000,0.001000
1020.711538,0.015584,0.001000,0.001000,0.001000,0.001000,0.001000
1020.730769,0.016702,0.001000,0.001000,0.001000,0.001000,0.001000
1020.750000,0.017811,0.001000,0.001000,0.001000,0.001000,0.001000
1020.769231,0.018910,0.001000,0.001000,0.001000,0.001000,0.001000
1020.788462,0.019998,0.001000,0.001000,0.001000,0.001000,0.001000
1020.807692,0.021076,0.001000,0.001000,0.001000,0.001000,0.001000
1020.826923,0.022141,0.001000,0.001000,0.001000,0.001000,0.001000
1020.846154,0.023194,0.001000,0.001000,0.001000,0.001000,0.001000
1020.865385,0.024234,0.001000,0.001000,0.001000,0.001000,0.001000
1020.884615,0.025261,0.001000,0.001000,0.001000,0.001000,0.001000
1020.903846,0.026273,0.001000,0.001000,0.001000,0.001000,0.001000
1020.923077,0.027271,0.001000,0.001000,0.001000,0.001000,0.001000
1020.942308,0.028254,0.001000,0.001000,0.001000,0.001000,0.001000
1020.961538,0.029221,0.001000,0.001000,0.001000,0.001000,0.001000
1020.980769,0.030171,0.001000,0.001000,0.001000,0.001000,0.001000
1021.000000,0.031105,0.001000,0.001000,0.001000,0.001000,0.001000
1021.019231,0.032021,0.001000,0.001000,0.001000,0.001000,0.001000
1021.038462,0.032919,0.001000,0.001000,0.001000,0.001000,0.001000
1021.057692,0.033799,0.001000,0.001000,0.001000,0.001000,0.001000
1021.076923,0.034661,0.001000,0.001000,0.001000,0.001000,0.001000
1021.096154,0.035502,0.001000,0.001000,0.001000,0.001000,0.001000
1021.115385,0.036324,0.001000,0.001000,0.001000,0.001000,0.001000
1021.134615,0.037126,0.001000,0.001000,0.001000,0.001000,0.001000
1021.153846,0.037907,0.001000,0.001000,0.001000,0.001000,0.001000
1021.173077,0.038667,0.001000,0.001000,0.001000,0.001000,0.001000
1021.192308,0.039405,0.001000,0.001000,0.001000,0.001000,0.001000
1021.211538,0.040121,0.001000,0.001000,0.001000,0.001000,0.001000
1021.230769,0.040815,0.001000,0.001000,0.001000,0.001000,0.001000
1021.250000,0.041486,0.001000,0.001000,0.001000,0.001000,0.001000
1021.269231,0.042134,0.001000,0.001000,0.001000,0.001000,0.001000
1021.288462,0.042758,0.001000,0.001000,0.001000,0.001000,0.001000
1021.307692,0.043359,0.001000,0.001000,0.001000,0.001000,0.001000
1021.326923,0.043935,0.001000,0.001000,0.001000,0.001000,0.001000
1021.346154,0.044487,0.001000,0.001000,0.001000,0.001000,0.001000
1021.365385,0.045013,0.001000,0.001000,0.001000,0.001000,0.001000
1021.384615,0.045515,0.001000,0.001000,0.001000,0.001000,0.001000
1021.403846,0.045992,0.001000,0.001000,0.001000,0.001000,0.001000
1021.423077,0.046442,0.001000,0.001000,0.001000,0.001000,0.001000
1021.442308,0.046867,0.001000,0.001000,0.001000,0.001000,0.001000
1021.461538,0.047265,0.001000,0.001000,0.001000,0.001000,0.001000
1021.480769,0.047638,0.001000,0.001000,0.001000,0.001000,0.001000
1021.500000,0.047983,0.001000,0.001000,0.001000,0.001000,0.001000
1021.519231,0.048302,0.001000,0.001000,0.001000,0.001000,0.001000
1021.538462,0.048594,0.001000,0.001000,0.001000,0.001000,0.001000
1021.557692,0.048858,0.001000,0.001000,0.001000,0.001000,0.001000
1021.576923,0.049096,0.001000,0.001000,0.001000,0.001000,0.001000
1021.596154,0.049306,0.001000,0.001000,0.001000,0.001000,0.001000
1021.615385,0.049488,0.001000,0.001000,0.001000,0.001000,0.001000
1021.634615,0.049643,0.001000,0.001000,0.001000,0.001000,0.001000
1021.653846,0.049770,0.001000,0.001000,0.001000,0.001000,0.001000
1021.673077,0.049869,0.001000,0.001000,0.001000,0.001000,0.001000
1021.692308,0.049941,0.001000,0.001000,0.001000,0.001000,0.001000
1021.711538,0.049984,0.001000,0.001000,0.001000,0.001000,0.001000
1021.730769,0.050000,0.001000,0.001000,0.001000,0.001000,0.001000
1021.750000,0.049988,0.001000,0.001000,0.001000,0.001000,0.001000
1021.769231,0.049948,0.001000,0.001000,0.001000,0.001000,0.001000
1021.788462,0.049879,0.001000,0.001000,0.001000,0.001000,0.001000
1021.807692,0.049784,0.001000,0.001000,0.001000,0.001000,0.001000
1021.826923,0.049660,0.001000,0.001000,0.001000,0.001000,0.001000
1021.846154,0.049508,0.001000,0.001000,0.001000,0.001000,0.001000
1021.865385,0.049329,0.001000,0.001000,0.001000,0.001000,0.001000
1021.884615,0.049123,0.001000,0.001000,0.001000,0.001000,0.001000
1021.903846,0.048889,0.001000,0.001000,0.001000,0.001000,0.001000
1021.923077,0.048627,0.001000,0.001000,0.001000,0.001000,0.001000
1021.942308,0.048339,0.001000,0.001000,0.001000,0.001000,0.001000
1021.961538,0.048023,0.001000,0.001000,0.001000,0.001000,0.001000
1021.980769,0.047681,0.001000,0.001000,0.001000,0.001000,0.001000
1022.000000,0.047312,0.001000,0.001000,0.001000,0.001000,0.001000
1022.019231,0.046917,0.001000,0.001000,0.001000,0.001000,0.001000
1022.038462,0.046495,0.001000,0.001000,0.001000,0.001000,0.001000
1022.057692,0.046048,0.001000,0.001000,0.001000,0.001000,0.001000
1022.076923,0.045574,0.001000,0.001000,0.001000,0.001000,0.001000
1022.096154,0.045076,0.001000,0.001000,0.001000,0.001000,0.001000
1022.115385,0.044552,0.001000,0.001000,0.001000,0.001000,0.001000
1022.134615,0.044003,0.001000,0.001000,0.001000,0.001000,0.001000
1022.153846,0.043430,0.001000,0.001000,0.001000,0.001000,0.001000
1022.173077,0.042832,0.001000,0.001000,0.001000,0.001000,0.001000
1022.192308,0.042211,0.001000,0.001000,0.001000,0.001000,0.001000
1022.211538,0.041566,0.001000,0.001000,0.001000,0.001000,0.001000
1022.230769,0.040898,0.001000,0.001000,0.001000,0.001000,0.001000
1022.250000,0.040207,0.001000,0.001000,0.001000,0.001000,0.001000
1022.269231,0.039493,0.001000,0.001000,0.001000,0.001000,0.001000
1022.288462,0.038758,0.001000,0.001000,0.001000,0.001000,0.001000
1022.307692,0.038000,0.001000,0.001000,0.001000,0.001000,0.001000
1022.326923,0.037222,0.001000,0.001000,0.001000,0.001000,0.001000
1022.346154,0.036423,0.001000,0.001000,0.001000,0.001000,0.001000
1022.365385,0.035603,0.001000,0.001000,0.001000,0.001000,0.001000
1022.384615,0.034764,0.001000,0.001000,0.001000,0.001000,0.001000
1022.403846,0.033905,0.001000,0.001000,0.001000,0.001000,0.001000
1022.423077,0.033027,0.001000,0.001000,0.001000,0.001000,0.001000
1022.442308,0.032131,0.001000,0.001000,0.001000,0.001000,0.001000
1022.461538,0.031217,0.001000,0.001000,0.001000,0.001000,0.001000
1022.480769,0.030285,0.001000,0.001000,0.001000,0.001000,0.001000
1022.500000,0.029337,0.001000,0.001000,0.001000,0.001000,0.001000
1022.519231,0.028372,0.001000,0.001000,0.001000,0.001000,0.001000
1022.538462,0.027391,0.001000,0.001000,0.001000,0.001000,0.001000
1022.557692,0.026395,0.001000,0.001000,0.001000,0.001000,0.001000
1022.576923,0.025385,0.001000,0.001000,0.001000,0.001000,0.001000
1022.596154,0.024360,0.001000,0.001000,0.001000,0.001000,0.001000
1022.615385,0.023321,0.001000,0.001000,0.001000,0.001000,0.001000
1022.634615,0.022270,0.001000,0.001000,0.001000,0.001000,0.001000
1022.653846,0.021206,0.001000,0.001000,0.001000,0.001000,0.001000
1022.673077,0.020130,0.001000,0.001000,0.001000,0.001000,0.001000
1022.692308,0.019043,0.001000,0.001000,0.001000,0.001000,0.001000
1022.711538,0.017945,0.001000,0.001000,0.001000,0.001000,0.001000
1022.730769,0.016837,0.001000,0.001000,0.001000,0.001000,0.001000
1022.750000,0.015720,0.001000,0.001000,0.001000,0.001000,0.001000
1022.769231,0.014594,0.001000,0.001000,0.001000,0.001000,0.001000
1022.788462,0.013460,0.001000,0.001000,0.001000,0.001000,0.001000
1022.807692,0.012319,0.001000,0.001000,0.001000,0.001000,0.001000
1022.826923,0.011170,0.001000,0.001000,0.001000,0.001000,0.001000
1022.846154,0.010016,0.001000,0.001000,0.001000,0.001000,0.001000
1022.865385,0.008856,0.001000,0.001000,0.001000,0.001000,0.001000
1022.884615,0.007690,0.001000,0.001000,0.001000,0.001000,0.001000
1022.903846,0.006521,0.001000,0.001000,0.001000,0.001000,0.001000
1022.923077,0.005348,0.001000,0.001000,0.001000,0.001000,0.001000
1022.942308,0.004172,0.001000,0.001000,0.001000,0.001000,0.001000
1022.961538,0.002993,0.001000,0.001000,0.001000,0.001000,0.001000
1022.980769,0.001813,0.001000,0.001000,0.001000,0.001000,0.001000
1023.000000,0.000632,0.001000,0.001000,0.001000,0.001000,0.001000
1023.019231,-0.000550,0.001000,0.001000,0.001000,0.001000,0.001000
1023.038462,-0.001731,0.001000,0.001000,0.001000,0.001000,0.001000
1023.057692,-0.002911,0.001000,0.001000,0.001000,0.001000,0.001000
1023.076923,-0.004090,0.001000,0.001000,0.001000,0.001000,0.001000
1023.096154,-0.005266,0.001000,0.001000,0.001000,0.001000,0.001000
1023.115385,-0.006439,0.001000,0.001000,0.001000,0.001000,0.001000
1023.134615,-0.007609,0.001000,0.001000,0.001000,0.001000,0.001000
1023.153846,-0.008774,0.001000,0.001000,0.001000,0.001000,0.001000
1023.173077,-0.009935,0.001000,0.001000,0.001000,0.001000,0.001000
1023.192308,-0.011090,0.001000,0.001000,0.001000,0.001000,0.001000
1023.211538,-0.012239,0.001000,0.001000,0.001000,0.001000,0.001000
1023.230769,-0.013381,0.001000,0.001000,0.001000,0.001000,0.001000
1023.250000,-0.014516,0.001000,0.001000,0.001000,0.001000,0.001000
1023.269231,-0.015642,0.001000,0.001000,0.001000,0.001000,0.001000
1023.288462,-0.016760,0.001000,0.001000,0.001000,0.001000,0.001000
1023.307692,-0.017868,0.001000,0.001000,0.001000,0.001000,0.001000
1023.326923,-0.018967,0.001000,0.001000,0.001000,0.001000,0.001000
1023.346154,-0.020054,0.001000,0.001000,0.001000,0.001000,0.001000
1023.365385,-0.021131,0.001000,0.001000,0.001000,0.001000,0.001000
1023.384615,-0.022196,0.001000,0.001000,0.001000,0.001000,0.001000
1023.403846,-0.023248,0.001000,0.001000,0.001000,0.001000,0.001000
1023.423077,-0.024288,0.001000,0.001000,0.001000,0.001000,0.001000
1023.442308,-0.025314,0.001000,0.001000,0.001000,0.001000,0.001000
1023.461538,-0.026325,0.001000,0.001000,0.001000,0.001000,0.001000
1023.480769,-0.027322,0.001000,0.001000,0.001000,0.001000,0.001000
1023.500000,-0.028304,0.001000,0.001000,0.001000,0.001000,0.001000
1023.519231,-0.029270,0.001000,0.001000,0.001000,0.001000,0.001000
1023.538462,-0.030220,0.001000,0.001000,0.001000,0.001000,0.001000
1023.557692,-0.031153,0.001000,0.001000,0.001000,0.001000,0.001000
1023.576923,-0.032068,0.001000,0.001000,0.001000,0.001000,0.001000
1023.596154,-0.032965,0.001000,0.001000,0.001000,0.001000,0.001000
1023.615385,-0.033844,0.001000,0.001000,0.001000,0.001000,0.001000
1023.634615,-0.034705,0.001000,0.001000,0.001000,0.001000,0.001000
1023.653846,-0.035545,0.001000,0.001000,0.001000,0.001000,0.001000
1023.673077,-0.036366,0.001000,0.001000,0.001000,0.001000,0.001000
1023.692308,-0.037167,0.001000,0.001000,0.001000,0.001000,0.001000
1023.711538,-0.037947,0.001000,0.001000,0.001000,0.001000,0.001000
1023.730769,-0.038706,0.001000,0.001000,0.001000,0.001000,0.001000
1023.750000,-0.039443,0.001000,0.001000,0.001000,0.001000,0.001000
1023.769231,-0.040158,0.001000,0.001000,0.001000,0.001000,0.001000
1023.788462,-0.040850,0.001000,0.001000,0.001000,0.001000,0.001000
1023.807692,-0.041520,0.001000,0.001000,0.001000,0.001000,0.001000
1023.826923,-0.042167,0.001000,0.001000,0.001000,0.001000,0.001000
1023.846154,-0.042790,0.001000,0.001000,0.001000,0.001000,0.001000
1023.865385,-0.043389,0.001000,0.001000,0.001000,0.001000,0.001000
1023.884615,-0.043964,0.001000,0.001000,0.001000,0.001000,0.001000
1023.903846,-0.044514,0.001000,0.001000,0.001000,0.001000,0.001000
1023.923077,-0.045040,0.001000,0.001000,0.001000,0.001000,0.001000
1023.942308,-0.045540,0.001000,0.001000,0.001000,0.001000,0.001000
1023.961538,-0.046015,0.001000,0.001000,0.001000,0.001000,0.001000
1023.980769,-0.046465,0.001000,0.001000,0.001000,0.001000,0.001000
1024.000000,-0.046888,0.001000,0.001000,0.001000,0.001000,0.001000
1024.019231,-0.047285,0.001000,0.001000,0.001000,0.001000,0.001000
1024.038462,-0.047656,0.001000,0.001000,0.001000,0.001000,0.001000
1024.057692,-0.048000,0.001000,0.001000,0.001000,0.001000,0.001000
1024.076923,-0.048318,0.001000,0.001000,0.001000,0.001000,0.001000
1024.096154,-0.048608,0.001000,0.001000,0.001000,0.001000,0.001000
1024.115385,-0.048871,0.001000,0.001000,0.001000,0.001000,0.001000
1024.134615,-0.049107,0.001000,0.001000,0.001000,0.001000,0.001000
1024.153846,-0.049316,0.001000,0.001000,0.001000,0.001000,0.001000
1024.173077,-0.049497,0.001000,0.001000,0.001000,0.001000,0.001000
1024.192308,-0.049650,0.001000,0.001000,0.001000,0.001000,0.001000
1024.211538,-0.049776,0.001000,0.001000,0.001000,0.001000,0.001000
1024.230769,-0.049874,0.001000,0.001000,0.001000,0.001000,0.001000
1024.250000,-0.049944,0.001000,0.001000,0.001000,0.001000,0.001000
1024.269231,-0.049986,0.001000,0.001000,0.001000,0.001000,0.001000
1024.288462,-0.050000,0.001000,0.001000,0.001000,0.001000,0.001000
1024.307692,-0.049986,0.001000,0.001000,0.001000,0.001000,0.001000
1024.326923,-0.049945,0.001000,0.001000,0.001000,0.001000,0.001000
1024.346154,-0.049875,0.001000,0.001000,0.001000,0.001000,0.001000
1024.365385,-0.049778,0.001000,0.001000,0.001000,0.001000,0.001000
1024.384615,-0.049653,0.001000,0.001000,0.001000,0.001000,0.001000
1024.403846,-0.049500,0.001000,0.001000,0.001000,0.001000,0.001000
1024.423077,-0.049319,0.001000,0.001000,0.001000,0.001000,0.001000
1024.442308,-0.049111,0.001000,0.001000,0.001000,0.001000,0.001000
1024.461538,-0.048876,0.001000,0.001000,0.001000,0.001000,0.001000
1024.480769,-0.048613,0.001000,0.001000,0.001000,0.001000,0.001000
1024.500000,-0.048323,0.001000,0.001000,0.001000,0.001000,0.001000
1024.519231,-0.048006,0.001000,0.001000,0.001000,0.001000,0.001000
1024.538462,-0.047663,0.001000,0.001000,0.001000,0.001000,0.001000
1024.557692,-0.047292,0.001000,0.001000,0.001000,0.001000,0.001000
1024.576923,-0.046896,0.001000,0.001000,0.001000,0.001000,0.001000
1024.596154,-0.046473,0.001000,0.001000,0.001000,0.001000,0.001000
1024.615385,-0.046024,0.001000,0.001000,0.001000,0.001000,0.001000
1024.634615,-0.045549,0.001000,0.001000,0.001000,0.001000,0.001000
1024.653846,-0.045049,0.001000,0.001000,0.001000,0.001000,0.001000
1024.673077,-0.044524,0.001000,0.001000,0.001000,0.001000,0.001000
1024.692308,-0.043974,0.001000,0.001000,0.001000,0.001000,0.001000
1024.711538,-0.043400,0.001000,0.001000,0.001000,0.001000,0.001000
1024.730769,-0.042801,0.001000,0.001000,0.001000,0.001000,0.001000
1024.750000,-0.042178,0.001000,0.001000,0.001000,0.001000,0.001000
1024.769231,-0.041532,0.001000,0.001000,0.001000,0.001000,0.001000
1024.788462,-0.040863,0.001000,0.001000,0.001000,0.001000,0.001000
1024.807692,-0.040170,0.001000,0.001000,0.001000,0.001000,0.001000
1024.826923,-0.039456,0.001000,0.001000,0.001000,0.001000,0.001000
1024.846154,-0.038719,0.001000,0.001000,0.001000,0.001000,0.001000
1024.865385,-0.037961,0.001000,0.001000,0.001000,0.001000,0.001000
1024.884615,-0.037181,0.001000,0.001000,0.001000,0.001000,0.001000
1024.903846,-0.036381,0.001000,0.001000,0.001000,0.001000,0.001000
1024.923077,-0.035560,0.001000,0.001000,0.001000,0.001000,0.001000
1024.942308,-0.034720,0.001000,0.001000,0.001000,0.001000,0.001000
1024.961538,-0.033860,0.001000,0.001000,0.001000,0.001000,0.001000
1024.980769,-0.032981,0.001000,0.001000,0.001000,0.001000,0.001000
1025.000000,-0.032084,0.001000,0.001000,0.001000,0.001000,0.001000
1025.019231,-0.031169,0.001000,0.001000,0.001000,0.001000,0.001000
1025.038462,-0.030237,0.001000,0.001000,0.001000,0.001000,0.001000
1025.057692,-0.029287,0.001000,0.001000,0.001000,0.001000,0.001000
1025.076923,-0.028322,0.001000,0.001000,0.001000,0.001000,0.001000
1025.096154,-0.027340,0.001000,0.001000,0.001000,0.001000,0.001000
1025.115385,-0.026343,0.001000,0.001000,0.001000,0.001000,0.001000
1025.134615,-0.025332,0.001000,0.001000,0.001000,0.001000,0.001000
1025.153846,-0.024306,0.001000,0.001000,0.001000,0.001000,0.001000
1025.173077,-0.023267,0.001000,0.001000,0.001000,0.001000,0.001000
1025.192308,-0.022215,0.001000,0.001000,0.001000,0.001000,0.001000
1025.211538,-0.021150,0.001000,0.001000,0.001000,0.001000,0.001000
1025.230769,-0.020074,0.001000,0.001000,0.001000,0.001000,0.001000
1025.250000,-0.018986,0.001000,0.001000,0.001000,0.001000,0.001000
1025.269231,-0.017888,0.001000,0.001000,0.001000,0.001000,0.001000
1025.288462,-0.016780,0.001000,0.001000,0.001000,0.001000,0.001000
1025.307692,-0.015662,0.001000,0.001000,0.001000,0.001000,0.001000
1025.326923,-0.014536,0.001000,0.001000,0.001000,0.001000,0.001000
1025.346154,-0.013402,0.001000,0.001000,0.001000,0.001000,0.001000
1025.365385,-0.012260,0.001000,0.001000,0.001000,0.001000,0.001000
1025.384615,-0.011111,0.001000,0.001000,0.001000,0.001000,0.001000
1025.403846,-0.009956,0.001000,0.001000,0.001000,0.001000,0.001000
1025.423077,-0.008795,0.001000,0.001000,0.001000,0.001000,0.001000
1025.442308,-0.007630,0.001000,0.001000,0.001000,0.001000,0.001000
1025.461538,-0.006460,0.001000,0.001000,0.001000,0.001000,0.001000
1025.480769,-0.005287,0.001000,0.001000,0.001000,0.001000,0.001000
1025.500000,-0.004111,0.001000,0.001000,0.001000,0.001000,0.001000
1025.519231,-0.002932,0.001000,0.001000,0.001000,0.001000,0.001000
1025.538462,-0.001752,0.001000,0.001000,0.001000,0.001000,0.001000
1025.557692,-0.000571,0.001000,0.001000,0.001000,0.001000,0.001000
1025.576923,0.000611,0.001000,0.001000,0.001000,0.001000,0.001000
1025.596154,0.001792,0.001000,0.001000,0.001000,0.001000,0.001000
1025.615385,0.002972,0.001000,0.001000,0.001000,0.001000,0.001000
1025.634615,0.004150,0.001000,0.001000,0.001000,0.001000,0.001000
1025.653846,0.005327,0.001000,0.001000,0.001000,0.001000,0.001000
1025.673077,0.006500,0.001000,0.001000,0.001000,0.001000,0.001000
1025.692308,0.007669,0.001000,0.001000,0.001000,0.001000,0.001000
1025.711538,0.008835,0.001000,0.001000,0.001000,0.001000,0.001000
1025.730769,0.009995,0.001000,0.001000,0.001000,0.001000,0.001000
1025.750000,0.011150,0.001000,0.001000,0.001000,0.001000,0.001000
1025.769231,0.012298,0.001000,0.001000,0.001000,0.001000,0.001000
1025.788462,0.013440,0.001000,0.001000,0.001000,0.001000,0.001000
1025.807692,0.014574,0.001000,0.001000,0.001000,0.001000,0.001000
1025.826923,0.015700,0.001000,0.001000,0.001000,0.001000,0.001000
1025.846154,0.016817,0.001000,0.001000,0.001000,0.001000,0.001000
1025.865385,0.017925,0.001000,0.001000,0.001000,0.001000,0.001000
1025.884615,0.019023,0.001000,0.001000,0.001000,0.001000,0.001000
1025.903846,0.020110,0.001000,0.001000,0.001000,0.001000,0.001000
1025.923077,0.021186,0.001000,0.001000,0.001000,0.001000,0.001000
1025.942308,0.022251,0.001000,0.001000,0.001000,0.001000,0.001000
1025.961538,0.023302,0.001000,0.001000,0.001000,0.001000,0.001000
1025.980769,0.024341,0.001000,0.001000,0.001000,0.001000,0.001000
1026.000000,0.025366,0.001000,0.001000,0.001000,0.001000,0.001000
1026.019231,0.026377,0.001000,0.001000,0.001000,0.001000,0.001000
1026.038462,0.027373,0.001000,0.001000,0.001000,0.001000,0.001000
1026.057692,0.028354,0.001000,0.001000,0.001000,0.001000,0.001000
1026.076923,0.029320,0.001000,0.001000,0.001000,0.001000,0.001000
1026.096154,0.030268,0.001000,0.001000,0.001000,0.001000,0.001000
1026.115385,0.031200,0.001000,0.001000,0.001000,0.001000,0.001000
1026.134615,0.032115,0.001000,0.001000,0.001000,0.001000,0.001000
1026.153846,0.033011,0.001000,0.001000,0.001000,0.001000,0.001000
1026.173077,0.033889,0.001000,0.001000,0.001000,0.001000,0.001000
1026.192308,0.034749,0.001000,0.001000,0.001000,0.001000,0.001000
1026.211538,0.035588,0.001000,0.001000,0.001000,0.001000,0.001000
1026.230769,0.036408,0.001000,0.001000,0.001000,0.001000,0.001000
1026.250000,0.037208,0.001000,0.001000,0.001000,0.001000,0.001000
1026.269231,0.037987,0.001000,0.001000,0.001000,0.001000,0.001000
1026.288462,0.038744,0.001000,0.001000,0.001000,0.001000,0.001000
1026.307692,0.039480,0.001000,0.001000,0.001000,0.001000,0.001000
1026.326923,0.040194,0.001000,0.001000,0.001000,0.001000,0.001000
1026.346154,0.040885,0.001000,0.001000,0.001000,0.001000,0.001000
1026.365385,0.041554,0.001000,0.001000,0.001000,0.001000,0.001000
1026.384615,0.042200,0.001000,0.001000,0.001000,0.001000,0.001000
1026.403846,0.042821,0.001000,0.001000,0.001000,0.001000,0.001000
1026.423077,0.043419,0.001000,0.001000,0.001000,0.001000,0.001000
1026.442308,0.043993,0.001000,0.001000,0.001000,0.001000,0.001000
1026.461538,0.044542,0.001000,0.001000,0.001000,0.001000,0.001000
1026.480769,0.045067,0.001000,0.001000,0.001000,0.001000,0.001000
1026.500000,0.045566,0.001000,0.001000,0.001000,0.001000,0.001000
1026.519231,0.046039,0.001000,0.001000,0.001000,0.001000,0.001000
1026.538462,0.046487,0.001000,0.001000,0.001000,0.001000,0.001000
1026.557692,0.046909,0.001000,0.001000,0.001000,0.001000,0.001000
1026.576923,0.047305,0.001000,0.001000,0.001000,0.001000,0.001000
1026.596154,0.047675,0.001000,0.001000,0.001000,0.001000,0.001000
1026.615385,0.048017,0.001000,0.001000,0.001000,0.001000,0.001000
1026.634615,0.048333,0.001000,0.001000,0.001000,0.001000,0.001000
1026.653846,0.048622,0.001000,0.001000,0.001000,0.001000,0.001000
1026.673077,0.048884,0.001000,0.001000,0.001000,0.001000,0.001000
1026.692308,0.049119,0.001000,0.001000,0.001000,0.001000,0.001000
1026.711538,0.049326,0.001000,0.001000,0.001000,0.001000,0.001000
1026.730769,0.049505,0.001000,0.001000,0.001000,0.001000,0.001000
1026.750000,0.049657,0.001000,0.001000,0.001000,0.001000,0.001000
1026.769231,0.049782,0.001000,0.001000,0.001000,0.001000,0.001000
1026.788462,0.049878,0.001000,0.001000,0.001000,0.001000,0.001000
1026.807692,0.049947,0.001000,0.001000,0.001000,0.001000,0.001000
1026.826923,0.049987,0.001000,0.001000,0.001000,0.001000,0.001000
1026.846154,0.050000,0.001000,0.001000,0.001000,0.001000,0.001000
1026.865385,0.049985,0.001000,0.001000,0.001000,0.001000,0.001000
1026.884615,0.049942,0.001000,0.001000,0.001000,0.001000,0.001000
1026.903846,0.049871,0.001000,0.001000,0.001000,0.001000,0.001000
1026.923077,0.049772,0.001000,0.001000,0.001000,0.001000,0.001000
1026.942308,0.049645,0.001000,0.001000,0.001000,0.001000,0.001000
1026.961538,0.049491,0.001000,0.001000,0.001000,0.001000,0.001000
1026.980769,0.049309,0.001000,0.001000,0.001000,0.001000,0.001000
1027.000000,0.049100,0.001000,0.001000,0.001000,0.001000,0.001000
1027.019231,0.048863,0.001000,0.001000,0.001000,0.001000,0.001000
1027.038462,0.048599,0.001000,0.001000,0.001000,0.001000,0.001000
1027.057692,0.048307,0.001000,0.001000,0.001000,0.001000,0.001000
1027.076923,0.047989,0.001000,0.001000,0.001000,0.001000,0.001000
1027.096154,0.047644,0.001000,0.001000,0.001000,0.001000,0.001000
1027.115385,0.047272,0.001000,0.001000,0.001000,0.001000,0.001000
1027.134615,0.046874,0.001000,0.001000,0.001000,0.001000,0.001000
1027.153846,0.046450,0.001000,0.001000,0.001000,0.001000,0.001000
1027.173077,0.046000,0.001000,0.001000,0.001000,0.001000,0.001000
1027.192308,0.045524,0.001000,0.001000,0.001000,0.001000,0.001000
1027.211538,0.045023,0.001000,0.001000,0.001000,0.001000,0.001000
1027.230769,0.044496,0.001000,0.001000,0.001000,0.001000,0.001000
1027.250000,0.043945,0.001000,0.001000,0.001000,0.001000,0.001000
1027.269231,0.043369,0.001000,0.001000,0.001000,0.001000,0.001000
1027.288462,0.042769,0.001000,0.001000,0.001000,0.001000,0.001000
1027.307692,0.042145,0.001000,0.001000,0.001000,0.001000,0.001000
1027.326923,0.041498,0.001000,0.001000,0.001000,0.001000,0.001000
1027.346154,0.040827,0.001000,0.001000,0.001000,0.001000,0.001000
1027.365385,0.040134,0.001000,0.001000,0.001000,0.001000,0.001000
1027.384615,0.039418,0.001000,0.001000,0.001000,0.001000,0.001000
1027.403846,0.038680,0.001000,0.001000,0.001000,0.001000,0.001000
1027.423077,0.037921,0.001000,0.001000,0.001000,0.001000,0.001000
1027.442308,0.037140,0.001000,0.001000,0.001000,0.001000,0.001000
1027.461538,0.036339,0.001000,0.001000,0.001000,0.001000,0.001000
1027.480769,0.035517,0.001000,0.001000,0.001000,0.001000,0.001000
1027.500000,0.034676,0.001000,0.001000,0.001000,0.001000,0.001000
1027.519231,0.033815,0.001000,0.001000,0.001000,0.001000,0.001000
1027.538462,0.032935,0.001000,0.001000,0.001000,0.001000,0.001000
1027.557692,0.032037,0.001000,0.001000,0.001000,0.001000,0.001000
1027.576923,0.031121,0.001000,0.001000,0.001000,0.001000,0.001000
1027.596154,0.030188,0.001000,0.001000,0.001000,0.001000,0.001000
1027.615385,0.029238,0.001000,0.001000,0.001000,0.001000,0.001000
1027.634615,0.028271,0.001000,0.001000,0.001000,0.001000,0.001000
1027.653846,0.027289,0.001000,0.001000,0.001000,0.001000,0.001000
1027.673077,0.026291,0.001000,0.001000,0.001000,0.001000,0.001000
1027.692308,0.025279,0.001000,0.001000,0.001000,0.001000,0.001000
1027.711538,0.024253,0.001000,0.001000,0.001000,0.001000,0.001000
1027.730769,0.023213,0.001000,0.001000,0.001000,0.001000,0.001000
1027.750000,0.022160,0.001000,0.001000,0.001000,0.001000,0.001000
1027.769231,0.021095,0.001000,0.001000,0.001000,0.001000,0.001000
1027.788462,0.020018,0.001000,0.001000,0.001000,0.001000,0.001000
1027.807692,0.018930,0.001000,0.001000,0.001000,0.001000,0.001000
1027.826923,0.017831,0.001000,0.001000,0.001000,0.001000,0.001000
1027.846154,0.016722,0.001000,0.001000,0.001000,0.001000,0.001000
1027.865385,0.015604,0.001000,0.001000,0.001000,0.001000,0.001000
1027.884615,0.014478,0.001000,0.001000,0.001000,0.001000,0.001000
1027.903846,0.013343,0.001000,0.001000,0.001000,0.001000,0.001000
1027.923077,0.012200,0.001000,0.001000,0.001000,0.001000,0.001000
1027.942308,0.011051,0.001000,0.001000,0.001000,0.001000,0.001000
1027.961538,0.009896,0.001000,0.001000,0.001000,0.001000,0.001000
1027.980769,0.008735,0.001000,0.001000,0.001000,0.001000,0.001000
1028.000000,0.007570,0.001000,0.001000,0.001000,0.001000,0.001000
1028.019231,0.006400,0.001000,0.001000,0.001000,0.001000,0.001000
1028.038462,0.005226,0.001000,0.001000,0.001000,0.001000,0.001000
1028.057692,0.004050,0.001000,0.001000,0.001000,0.001000,0.001000
1028.076923,0.002871,0.001000,0.001000,0.001000,0.001000,0.001000
1028.096154,0.001691,0.001000,0.001000,0.001000,0.001000,0.001000
1028.115385,0.000510,0.001000,0.001000,0.001000,0.001000,0.001000
1028.134615,-0.000672,0.001000,0.001000,0.001000,0.001000,0.001000
1028.153846,-0.001853,0.001000,0.001000,0.001000,0.001000,0.001000
1028.173077,-0.003033,0.001000,0.001000,0.001000,0.001000,0.001000
1028.192308,-0.004211,0.001000,0.001000,0.001000,0.001000,0.001000
1028.211538,-0.005387,0.001000,0.001000,0.001000,0.001000,0.001000
1028.230769,-0.006560,0.001000,0.001000,0.001000,0.001000,0.001000
1028.250000,-0.007730,0.001000,0.001000,0.001000,0.001000,0.001000
1028.269231,-0.008895,0.001000,0.001000,0.001000,0.001000,0.001000
1028.288462,-0.010055,0.001000,0.001000,0.001000,0.001000,0.001000
1028.307692,-0.011209,0.001000,0.001000,0.001000,0.001000,0.001000
1028.326923,-0.012357,0.001000,0.001000,0.001000,0.001000,0.001000
1028.346154,-0.013499,0.001000,0.001000,0.001000,0.001000,0.001000
1028.365385,-0.014632,0.001000,0.001000,0.001000,0.001000,0.001000
1028.384615,-0.015758,0.001000,0.001000,0.001000,0.001000,0.001000
1028.403846,-0.016875,0.001000,0.001000,0.001000,0.001000,0.001000
1028.423077,-0.017982,0.001000,0.001000,0.001000,0.001000,0.001000
1028.442308,-0.019080,0.001000,0.001000,0.001000,0.001000,0.001000
1028.461538,-0.020166,0.001000,0.001000,0.001000,0.001000,0.001000
1028.480769,-0.021242,0.001000,0.001000,0.001000,0.001000,0.001000
1028.500000,-0.022305,0.001000,0.001000,0.001000,0.001000,0.001000
1028.519231,-0.023356,0.001000,0.001000,0.001000,0.001000,0.001000
1028.538462,-0.024394,0.001000,0.001000,0.001000,0.001000,0.001000
1028.557692,-0.025419,0.001000,0.001000,0.001000,0.001000,0.001000
1028.576923,-0.026429,0.001000,0.001000,0.001000,0.001000,0.001000
1028.596154,-0.027425,0.001000,0.001000,0.001000,0.001000,0.001000
1028.615385,-0.028405,0.001000,0.001000,0.001000,0.001000,0.001000
1028.634615,-0.029369,0.001000,0.001000,0.001000,0.001000,0.001000
1028.653846,-0.030317,0.001000,0.001000,0.001000,0.001000,0.001000
1028.673077,-0.031248,0.001000,0.001000,0.001000,0.001000,0.001000
1028.692308,-0.032161,0.001000,0.001000,0.001000,0.001000,0.001000
1028.711538,-0.033057,0.001000,0.001000,0.001000,0.001000,0.001000
1028.730769,-0.033934,0.001000,0.001000,0.001000,0.001000,0.001000
1028.750000,-0.034792,0.001000,0.001000,0.001000,0.001000,0.001000
1028.769231,-0.035631,0.001000,0.001000,0.001000,0.001000,0.001000
1028.788462,-0.036450,0.001000,0.001000,0.001000,0.001000,0.001000
1028.807692,-0.037249,0.001000,0.001000,0.001000,0.001000,0.001000
1028.826923,-0.038026,0.001000,0.001000,0.001000,0.001000,0.001000
1028.846154,-0.038783,0.001000,0.001000,0.001000,0.001000,0.001000
1028.865385,-0.039518,0.001000,0.001000,0.001000,0.001000,0.001000
1028.884615,-0.040230,0.001000,0.001000,0.001000,0.001000,0.001000
1028.903846,-0.040921,0.001000,0.001000,0.001000,0.001000,0.001000
1028.923077,-0.041588,0.001000,0.001000,0.001000,0.001000,0.001000
1028.942308,-0.042232,0.001000,0.001000,0.001000,0.001000,0.001000
1028.961538,-0.042853,0.001000,0.001000,0.001000,0.001000,0.001000
1028.980769,-0.043450,0.001000,0.001000,0.001000,0.001000,0.001000
1029.000000,-0.044022,0.001000,0.001000,0.001000,0.001000,0.001000
1029.019231,-0.044570,0.001000,0.001000,0.001000,0.001000,0.001000
1029.038462,-0.045093,0.001000,0.001000,0.001000,0.001000,0.001000
1029.057692,-0.045591,0.001000,0.001000,0.001000,0.001000,0.001000
1029.076923,-0.046063,0.001000,0.001000,0.001000,0.001000,0.001000
1029.096154,-0.046510,0.001000,0.001000,0.001000,0.001000,0.001000
1029.115385,-0.046930,0.001000,0.001000,0.001000,0.001000,0.001000
1029.134615,-0.047325,0.001000,0.001000,0.001000,0.001000,0.001000
1029.153846,-0.047693,0.001000,0.001000,0.001000,0.001000,0.001000
1029.173077,-0.048034,0.001000,0.001000,0.001000,0.001000,0.001000
1029.192308,-0.048349,0.001000,0.001000,0.001000,0.001000,0.001000
1029.211538,-0.048636,0.001000,0.001000,0.001000,0.001000,0.001000
1029.230769,-0.048897,0.001000,0.001000,0.001000,0.001000,0.001000
1029.250000,-0.049130,0.001000,0.001000,0.001000,0.001000,0.001000
1029.269231,-0.049336,0.001000,0.001000,0.001000,0.001000,0.001000
1029.288462,-0.049514,0.001000,0.001000,0.001000,0.001000,0.001000
1029.307692,-0.049664,0.001000,0.001000,0.001000,0.001000,0.001000
1029.326923,-0.049787,0.001000,0.001000,0.001000,0.001000,0.001000
1029.346154,-0.049882,0.001000,0.001000,0.001000,0.001000,0.001000
1029.365385,-0.049949,0.001000,0.001000,0.001000,0.001000,0.001000
1029.384615,-0.049989,0.001000,0.001000,0.001000,0.001000,0.001000
1029.403846,-0.050000,0.001000,0.001000,0.001000,0.001000,0.001000
1029.423077,-0.049983,0.001000,0.001000,0.001000,0.001000,0.001000
1029.442308,-0.049939,0.001000,0.001000,0.001000,0.001000,0.001000
1029.461538,-0.049866,0.001000,0.001000,0.001000,0.001000,0.001000
1029.480769,-0.049766,0.001000,0.001000,0.001000,0.001000,0.001000
1029.500000,-0.049638,0.001000,0.001000,0.001000,0.001000,0.001000
1029.519231,-0.049482,0.001000,0.001000,0.001000,0.001000,0.001000
1029.538462,-0.049299,0.001000,0.001000,0.001000,0.001000,0.001000
1029.557692,-0.049088,0.001000,0.001000,0.001000,0.001000,0.001000
1029.576923,-0.048850,0.001000,0.001000,0.001000,0.001000,0.001000
1029.596154,-0.048584,0.001000,0.001000,0.001000,0.001000,0.001000
1029.615385,-0.048292,0.001000,0.001000,0.001000,0.001000,0.001000
1029.634615,-0.047972,0.001000,0.001000,0.001000,0.001000,0.001000
1029.653846,-0.047625,0.001000,0.001000,0.001000,0.001000,0.001000
1029.673077,-0.047252,0.001000,0.001000,0.001000,0.001000,0.001000
1029.692308,-0.046853,0.001000,0.001000,0.001000,0.001000,0.001000
1029.711538,-0.046427,0.001000,0.001000,0.001000,0.001000,0.001000
1029.730769,-0.045976,0.001000,0.001000,0.001000,0.001000,0.001000
1029.750000,-0.045499,0.001000,0.001000,0.001000,0.001000,0.001000
1029.769231,-0.044996,0.001000,0.001000,0.001000,0.001000,0.001000
1029.788462,-0.044468,0.001000,0.001000,0.001000,0.001000,0.001000
1029.807692,-0.043916,0.001000,0.001000,0.001000,0.001000,0.001000
1029.826923,-0.043339,0.001000,0.001000,0.001000,0.001000,0.001000
1029.846154,-0.042738,0.001000,0.001000,0.001000,0.001000,0.001000
1029.865385,-0.042112,0.001000,0.001000,0.001000,0.001000,0.001000
1029.884615,-0.041464,0.001000,0.001000,0.001000,0.001000,0.001000
1029.903846,-0.040792,0.001000,0.001000,0.001000,0.001000,0.001000
1029.923077,-0.040097,0.001000,0.001000,0.001000,0.001000,0.001000
1029.942308,-0.039381,0.001000,0.001000,0.001000,0.001000,0.001000
1029.961538,-0.038642,0.001000,0.001000,0.001000,0.001000,0.001000
1029.980769,-0.037881,0.001000,0.001000,0.001000,0.001000,0.001000
1030.000000,0.000000,0.001000,0.001000,0.001000,0.001000,0.001000
1030.019231,0.001175,0.001000,0.001000,0.001000,0.001000,0.001000
1030.038462,0.002350,0.001000,0.001000,0.001000,0.001000,0.001000
1030.057692,0.003524,0.001000,0.001000,0.001000,0.001000,0.001000
1030.076923,0.004695,0.001000,0.001000,0.001000,0.001000,0.001000
1030.096154,0.005864,0.001000,0.001000,0.001000,0.001000,0.001000
1030.115385,0.007030,0.001000,0.001000,0.001000,0.001000,0.001000
1030.134615,0.008191,0.001000,0.001000,0.001000,0.001000,0.001000
1030.153846,0.009349,0.001000,0.001000,0.001000,0.001000,0.001000
1030.173077,0.010501,0.001000,0.001000,0.001000,0.001000,0.001000
1030.192308,0.011647,0.001000,0.001000,0.001000,0.001000,0.001000
1030.211538,0.012787,0.001000,0.001000,0.001000,0.001000,0.001000
1030.230769,0.013920,0.001000,0.001000,0.001000,0.001000,0.001000
1030.250000,0.015045,0.001000,0.001000,0.001000,0.001000,0.001000
1030.269231,0.016162,0.001000,0.001000,0.001000,0.001000,0.001000
1030.288462,0.017269,0.001000,0.001000,0.001000,0.001000,0.001000
1030.307692,0.018368,0.001000,0.001000,0.001000,0.001000,0.001000
1030.326923,0.019456,0.001000,0.001000,0.001000,0.001000,0.001000
1030.346154,0.020533,0.001000,0.001000,0.001000,0.001000,0.001000
1030.365385,0.021599,0.001000,0.001000,0.001000,0.001000,0.001000
1030.384615,0.022653,0.001000,0.001000,0.001000,0.001000,0.001000
1030.403846,0.023695,0.001000,0.001000,0.001000,0.001000,0.001000
1030.423077,0.024723,0.001000,0.001000,0.001000,0.001000,0.001000
1030.442308,0.025738,0.001000,0.001000,0.001000,0.001000,0.001000
1030.461538,0.026739,0.001000,0.001000,0.001000,0.001000,0.001000
1030.480769,0.027725,0.001000,0.001000,0.001000,0.001000,0.001000
1030.500000,0.028695,0.001000,0.001000,0.001000,0.001000,0.001000
1030.519231,0.029650,0.001000,0.001000,0.001000,0.001000,0.001000
1030.538462,0.030588,0.001000,0.001000,0.001000,0.001000,0.001000
1030.557692,0.031509,0.001000,0.001000,0.001000,0.001000,0.001000
1030.576923,0.032413,0.001000,0.001000,0.001000,0.001000,0.001000
1030.596154,0.033299,0.001000,0.001000,0.001000,0.001000,0.001000
1030.615385,0.034167,0.001000,0.001000,0.001000,0.001000,0.001000
1030.634615,0.035016,0.001000,0.001000,0.001000,0.001000,0.001000
1030.653846,0.035845,0.001000,0.001000,0.001000,0.001000,0.001000
1030.673077,0.036655,0.001000,0.001000,0.001000,0.001000,0.001000
1030.692308,0.037444,0.001000,0.001000,0.001000,0.001000,0.001000
1030.711538,0.038213,0.001000,0.001000,0.001000,0.001000,0.001000
1030.730769,0.038960,0.001000,0.001000,0.001000,0.001000,0.001000
1030.750000,0.039686,0.001000,0.001000,0.001000,0.001000,0.001000
1030.769231,0.040390,0.001000,0.001000,0.001000,0.001000,0.001000
1030.788462,0.041072,0.001000,0.001000,0.001000,0.001000,0.001000
1030.807692,0.041731,0.001000,0.001000,0.001000,0.001000,0.001000
1030.826923,0.042367,0.001000,0.001000,0.001000,0.001000,0.001000
1030.846154,0.042979,0.001000,0.001000,0.001000,0.001000,0.001000
1030.865385,0.043568,0.001000,0.001000,0.001000,0.001000,0.001000
1030.884615,0.044132,0.001000,0.001000,0.001000,0.001000,0.001000
1030.903846,0.044673,0.001000,0.001000,0.001000,0.001000,0.001000
1030.923077,0.045188,0.001000,0.001000,0.001000,0.001000,0.001000
1030.942308,0.045679,0.001000,0.001000,0.001000,0.001000,0.001000
1030.961538,0.046144,0.001000,0.001000,0.001000,0.001000,0.001000
1030.980769,0.046584,0.001000,0.001000,0.001000,0.001000,0.001000
1031.000000,0.046998,0.001000,0.001000,0.001000,0.001000,0.001000
1031.019231,0.047386,0.001000,0.001000,0.001000,0.001000,0.001000
1031.038462,0.047748,0.001000,0.001000,0.001000,0.001000,0.001000
1031.057692,0.048084,0.001000,0.001000,0.001000,0.001000,0.001000
1031.076923,0.048393,0.001000,0.001000,0.001000,0.001000,0.001000
1031.096154,0.048675,0.001000,0.001000,0.001000,0.001000,0.001000
1031.115385,0.048930,0.001000,0.001000,0.001000,0.001000,0.001000
1031.134615,0.049159,0.001000,0.001000,0.001000,0.001000,0.001000
1031.153846,0.049360,0.001000,0.001000,0.001000,0.001000,0.001000
1031.173077,0.049534,0.001000,0.001000,0.001000,0.001000,0.001000
1031.192308,0.049680,0.001000,0.001000,0.001000,0.001000,0.001000
1031.211538,0.049799,0.001000,0.001000,0.001000,0.001000,0.001000
1031.230769,0.049891,0.001000,0.001000,0.001000,0.001000,0.001000
1031.250000,0.049955,0.001000,0.001000,0.001000,0.001000,0.001000
1031.269231,0.049991,0.001000,0.001000,0.001000,0.001000,0.001000
1031.288462,0.050000,0.001000,0.001000,0.001000,0.001000,0.001000
1031.307692,0.049981,0.001000,0.001000,0.001000,0.001000,0.001000
1031.326923,0.049934,0.001000,0.001000,0.001000,0.001000,0.001000
1031.346154,0.049860,0.001000,0.001000,0.001000,0.001000,0.001000
1031.365385,0.049758,0.001000,0.001000,0.001000,0.001000,0.001000
1031.384615,0.049629,0.001000,0.001000,0.001000,0.001000,0.001000
1031.403846,0.049472,0.001000,0.001000,0.001000,0.001000,0.001000
1031.423077,0.049288,0.001000,0.001000,0.001000,0.001000,0.001000
1031.442308,0.049077,0.001000,0.001000,0.001000,0.001000,0.001000
1031.461538,0.048838,0.001000,0.001000,0.001000,0.001000,0.001000
1031.480769,0.048573,0.001000,0.001000,0.001000,0.001000,0.001000
1031.500000,0.048281,0.001000,0.001000,0.001000,0.001000,0.001000
1031.519231,0.047962,0.001000,0.001000,0.001000,0.001000,0.001000
1031.538462,0.047616,0.001000,0.001000,0.001000,0.001000,0.001000
1031.557692,0.047245,0.001000,0.001000,0.001000,0.001000,0.001000
1031.576923,0.046847,0.001000,0.001000,0.001000,0.001000,0.001000
1031.596154,0.046423,0.001000,0.001000,0.001000,0.001000,0.001000
1031.615385,0.045974,0.001000,0.001000,0.001000,0.001000,0.001000
1031.634615,0.045499,0.001000,0.001000,0.001000,0.001000,0.001000
1031.653846,0.044999,0.001000,0.001000,0.001000,0.001000,0.001000
1031.673077,0.044474,0.001000,0.001000,0.001000,0.001000,0.001000
1031.692308,0.043925,0.001000,0.001000,0.001000,0.001000,0.001000
1031.711538,0.043351,0.001000,0.001000,0.001000,0.001000,0.001000
1031.730769,0.042753,0.001000,0.001000,0.001000,0.001000,0.001000
1031.750000,0.042132,0.001000,0.001000,0.001000,0.001000,0.001000
1031.769231,0.041487,0.001000,0.001000,0.001000,0.001000,0.001000
1031.788462,0.040820,0.001000,0.001000,0.001000,0.001000,0.001000
1031.807692,0.040130,0.001000,0.001000,0.001000,0.001000,0.001000
1031.826923,0.039417,0.001000,0.001000,0.001000,0.001000,0.001000
1031.846154,0.038683,0.001000,0.001000,0.001000,0.001000,0.001000
1031.865385,0.037928,0.001000,0.001000,0.001000,0.001000,0.001000
1031.884615,0.037152,0.001000,0.001000,0.001000,0.001000,0.001000
1031.903846,0.036355,0.001000,0.001000,0.001000,0.001000,0.001000
1031.923077,0.035538,0.001000,0.001000,0.001000,0.001000,0.001000
1031.942308,0.034701,0.001000,0.001000,0.001000,0.001000,0.001000
1031.961538,0.033845,0.001000,0.001000,0.001000,0.001000,0.001000
1031.980769,0.032971,0.001000,0.001000,0.001000,0.001000,0.001000
1032.000000,0.032078,0.001000,0.001000,0.001000,0.001000,0.001000
1032.019231,0.031168,0.001000,0.001000,0.001000,0.001000,0.001000
1032.038462,0.030240,0.001000,0.001000,0.001000,0.001000,0.001000
1032.057692,0.029295,0.001000,0.001000,0.001000,0.001000,0.001000
1032.076923,0.028335,0.001000,0.001000,0.001000,0.001000,0.001000
1032.096154,0.027358,0.001000,0.001000,0.001000,0.001000,0.001000
1032.115385,0.026367,0.001000,0.001000,0.001000,0.001000,0.001000
1032.134615,0.025361,0.001000,0.001000,0.001000,0.001000,0.001000
1032.153846,0.024341,0.001000,0.001000,0.001000,0.001000,0.001000
1032.173077,0.023308,0.001000,0.001000,0.001000,0.001000,0.001000
1032.192308,0.022261,0.001000,0.001000,0.001000,0.001000,0.001000
1032.211538,0.021203,0.001000,0.001000,0.001000,0.001000,0.001000
1032.230769,0.020132,0.001000,0.001000,0.001000,0.001000,0.001000
1032.250000,0.019051,0.001000,0.001000,0.001000,0.001000,0.001000
1032.269231,0.017959,0.001000,0.001000,0.001000,0.001000,0.001000
1032.288462,0.016857,0.001000,0.001000,0.001000,0.001000,0.001000
1032.307692,0.015746,0.001000,0.001000,0.001000,0.001000,0.001000
1032.326923,0.014626,0.001000,0.001000,0.001000,0.001000,0.001000
1032.346154,0.013498,0.001000,0.001000,0.001000,0.001000,0.001000
1032.365385,0.012362,0.001000,0.001000,0.001000,0.001000,0.001000
1032.384615,0.011220,0.001000,0.001000,0.001000,0.001000,0.001000
1032.403846,0.010071,0.001000,0.001000,0.001000,0.001000,0.001000
1032.423077,0.008917,0.001000,0.001000,0.001000,0.001000,0.001000
1032.442308,0.007758,0.001000,0.001000,0.001000,0.001000,0.001000
1032.461538,0.006595,0.001000,0.001000,0.001000,0.001000,0.001000
1032.480769,0.005428,0.001000,0.001000,0.001000,0.001000,0.001000
1032.500000,0.004258,0.001000,0.001000,0.001000,0.001000,0.001000
1032.519231,0.003086,0.001000,0.001000,0.001000,0.001000,0.001000
1032.538462,0.001912,0.001000,0.001000,0.001000,0.001000,0.001000
1032.557692,0.000737,0.001000,0.001000,0.001000,0.001000,0.001000
1032.576923,-0.000439,0.001000,0.001000,0.001000,0.001000,0.001000
1032.596154,-0.001614,0.001000,0.001000,0.001000,0.001000,0.001000
1032.615385,-0.002788,0.001000,0.001000,0.001000,0.001000,0.001000
1032.634615,-0.003961,0.001000,0.001000,0.001000,0.001000,0.001000
1032.653846,-0.005132,0.001000,0.001000,0.001000,0.001000,0.001000
1032.673077,-0.006300,0.001000,0.001000,0.001000,0.001000,0.001000
1032.692308,-0.007464,0.001000,0.001000,0.001000,0.001000,0.001000
1032.711538,-0.008624,0.001000,0.001000,0.001000,0.001000,0.001000
1032.730769,-0.009779,0.001000,0.001000,0.001000,0.001000,0.001000
1032.750000,-0.010929,0.001000,0.001000,0.001000,0.001000,0.001000
1032.769231,-0.012073,0.001000,0.001000,0.001000,0.001000,0.001000
1032.788462,-0.013211,0.001000,0.001000,0.001000,0.001000,0.001000
1032.807692,-0.014341,0.001000,0.001000,0.001000,0.001000,0.001000
1032.826923,-0.015463,0.001000,0.001000,0.001000,0.001000,0.001000
1032.846154,-0.016576,0.001000,0.001000,0.001000,0.001000,0.001000
1032.865385,-0.017681,0.001000,0.001000,0.001000,0.001000,0.001000
1032.884615,-0.018775,0.001000,0.001000,0.001000,0.001000,0.001000
1032.903846,-0.019859,0.001000,0.001000,0.001000,0.001000,0.001000
1032.923077,-0.020933,0.001000,0.001000,0.001000,0.001000,0.001000
1032.942308,-0.021994,0.001000,0.001000,0.001000,0.001000,0.001000
1032.961538,-0.023044,0.001000,0.001000,0.001000,0.001000,0.001000
1032.980769,-0.024081,0.001000,0.001000,0.001000,0.001000,0.001000
1033.000000,-0.025104,0.001000,0.001000,0.001000,0.001000,0.001000
1033.019231,-0.026114,0.001000,0.001000,0.001000,0.001000,0.001000
1033.038462,-0.027109,0.001000,0.001000,0.001000,0.001000,0.001000
1033.057692,-0.028089,0.001000,0.001000,0.001000,0.001000,0.001000
1033.076923,-0.029053,0.001000,0.001000,0.001000,0.001000,0.001000
1033.096154,-0.030002,0.001000,0.001000,0.001000,0.001000,0.001000
1033.115385,-0.030934,0.001000,0.001000,0.001000,0.001000,0.001000
1033.134615,-0.031849,0.001000,0.001000,0.001000,0.001000,0.001000
1033.153846,-0.032746,0.001000,0.001000,0.001000,0.001000,0.001000
1033.173077,-0.033625,0.001000,0.001000,0.001000,0.001000,0.001000
1033.192308,-0.034486,0.001000,0.001000,0.001000,0.001000,0.001000
1033.211538,-0.035328,0.001000,0.001000,0.001000,0.001000,0.001000
1033.230769,-0.036150,0.001000,0.001000,0.001000,0.001000,0.001000
1033.250000,-0.036952,0.001000,0.001000,0.001000,0.001000,0.001000
1033.269231,-0.037733,0.001000,0.001000,0.001000,0.001000,0.001000
1033.288462,-0.038494,0.001000,0.001000,0.001000,0.001000,0.001000
1033.307692,-0.039234,0.001000,0.001000,0.001000,0.001000,0.001000
1033.326923,-0.039951,0.001000,0.001000,0.001000,0.001000,0.001000
1033.346154,-0.040647,0.001000,0.001000,0.001000,0.001000,0.001000
1033.365385,-0.041320,0.001000,0.001000,0.001000,0.001000,0.001000
1033.384615,-0.041971,0.001000,0.001000,0.001000,0.001000,0.001000
1033.403846,-0.042598,0.001000,0.001000,0.001000,0.001000,0.001000
1033.423077,-0.043202,0.001000,0.001000,0.001000,0.001000,0.001000
1033.442308,-0.043781,0.001000,0.001000,0.001000,0.001000,0.001000
1033.461538,-0.044337,0.001000,0.001000,0.001000,0.001000,0.001000
1033.480769,-0.044868,0.001000,0.001000,0.001000,0.001000,0.001000
1033.500000,-0.045374,0.001000,0.001000,0.001000,0.001000,0.001000
1033.519231,-0.045856,0.001000,0.001000,0.001000,0.001000,0.001000
1033.538462,-0.046312,0.001000,0.001000,0.001000,0.001000,0.001000
1033.557692,-0.046742,0.001000,0.001000,0.001000,0.001000,0.001000
1033.576923,-0.047146,0.001000,0.001000,0.001000,0.001000,0.001000
1033.596154,-0.047525,0.001000,0.001000,0.001000,0.001000,0.001000
1033.615385,-0.047877,0.001000,0.001000,0.001000,0.001000,0.001000
1033.634615,-0.048202,0.001000,0.001000,0.001000,0.001000,0.001000
1033.653846,-0.048501,0.001000,0.001000,0.001000,0.001000,0.001000
1033.673077,-0.048774,0.001000,0.001000,0.001000,0.001000,0.001000
1033.692308,-0.049019,0.001000,0.001000,0.001000,0.001000,0.001000
1033.711538,-0.049237,0.001000,0.001000,0.001000,0.001000,0.001000
1033.730769,-0.049428,0.001000,0.001000,0.001000,0.001000,0.001000
1033.750000,-0.049592,0.001000,0.001000,0.001000,0.001000,0.001000
1033.769231,-0.049728,0.001000,0.001000,0.001000,0.001000,0.001000
1033.788462,-0.049837,0.001000,0.001000,0.001000,0.001000,0.001000
1033.807692,-0.049918,0.001000,0.001000,0.001000,0.001000,0.001000
1033.826923,-0.049971,0.001000,0.001000,0.001000,0.001000,0.001000
1033.846154,-0.049997,0.001000,0.001000,0.001000,0.001000,0.001000
1033.865385,-0.049996,0.001000,0.001000,0.001000,0.001000,0.001000
1033.884615,-0.049966,0.001000,0.001000,0.001000,0.001000,0.001000
1033.903846,-0.049909,0.001000,0.001000,0.001000,0.001000,0.001000
1033.923077,-0.049825,0.001000,0.001000,0.001000,0.001000,0.001000
1033.942308,-0.049713,0.001000,0.001000,0.001000,0.001000,0.001000
1033.961538,-0.049573,0.001000,0.001000,0.001000,0.001000,0.001000
1033.980769,-0.049407,0.001000,0.001000,0.001000,0.001000,0.001000
1034.000000,-0.049212,0.001000,0.001000,0.001000,0.001000,0.001000
1034.019231,-0.048991,0.001000,0.001000,0.001000,0.001000,0.001000
1034.038462,-0.048742,0.001000,0.001000,0.001000,0.001000,0.001000
1034.057692,-0.048467,0.001000,0.001000,0.001000,0.001000,0.001000
1034.076923,-0.048165,0.001000,0.001000,0.001000,0.001000,0.001000
1034.096154,-0.047836,0.001000,0.001000,0.001000,0.001000,0.001000
1034.115385,-0.047481,0.001000,0.001000,0.001000,0.001000,0.001000
1034.134615,-0.047099,0.001000,0.001000,0.001000,0.001000,0.001000
1034.153846,-0.046692,0.001000,0.001000,0.001000,0.001000,0.001000
1034.173077,-0.046258,0.001000,0.001000,0.001000,0.001000,0.001000
1034.192308,-0.045799,0.001000,0.001000,0.001000,0.001000,0.001000
1034.211538,-0.045315,0.001000,0.001000,0.001000,0.001000,0.001000
1034.230769,-0.044806,0.001000,0.001000,0.001000,0.001000,0.001000
1034.250000,-0.044272,0.001000,0.001000,0.001000,0.001000,0.001000
1034.269231,-0.043713,0.001000,0.001000,0.001000,0.001000,0.001000
1034.288462,-0.043131,0.001000,0.001000,0.001000,0.001000,0.001000
1034.307692,-0.042524,0.001000,0.001000,0.001000,0.001000,0.001000
1034.326923,-0.041894,0.001000,0.001000,0.001000,0.001000,0.001000
1034.346154,-0.041241,0.001000,0.001000,0.001000,0.001000,0.001000
1034.365385,-0.040565,0.001000,0.001000,0.001000,0.001000,0.001000
1034.384615,-0.039866,0.001000,0.001000,0.001000,0.001000,0.001000
1034.403846,-0.039146,0.001000,0.001000,0.001000,0.001000,0.001000
1034.423077,-0.038404,0.001000,0.001000,0.001000,0.001000,0.001000
1034.442308,-0.037641,0.001000,0.001000,0.001000,0.001000,0.001000
1034.461538,-0.036857,0.001000,0.001000,0.001000,0.001000,0.001000
1034.480769,-0.036052,0.001000,0.001000,0.001000,0.001000,0.001000
1034.500000,-0.035228,0.001000,0.001000,0.001000,0.001000,0.001000
1034.519231,-0.034384,0.001000,0.001000,0.001000,0.001000,0.001000
1034.538462,-0.033521,0.001000,0.001000,0.001000,0.001000,0.001000
1034.557692,-0.032640,0.001000,0.001000,0.001000,0.001000,0.001000
1034.576923,-0.031740,0.001000,0.001000,0.001000,0.001000,0.001000
1034.596154,-0.030823,0.001000,0.001000,0.001000,0.001000,0.001000
1034.615385,-0.029889,0.001000,0.001000,0.001000,0.001000,0.001000
1034.634615,-0.028939,0.001000,0.001000,0.001000,0.001000,0.001000
1034.653846,-0.027972,0.001000,0.001000,0.001000,0.001000,0.001000
1034.673077,-0.026990,0.001000,0.001000,0.001000,0.001000,0.001000
1034.692308,-0.025993,0.001000,0.001000,0.001000,0.001000,0.001000
1034.711538,-0.024982,0.001000,0.001000,0.001000,0.001000,0.001000
1034.730769,-0.023957,0.001000,0.001000,0.001000,0.001000,0.001000
1034.750000,-0.022919,0.001000,0.001000,0.001000,0.001000,0.001000
1034.769231,-0.021868,0.001000,0.001000,0.001000,0.001000,0.001000
1034.788462,-0.020805,0.001000,0.001000,0.001000,0.001000,0.001000
1034.807692,-0.019730,0.001000,0.001000,0.001000,0.001000,0.001000
1034.826923,-0.018644,0.001000,0.001000,0.001000,0.001000,0.001000
1034.846154,-0.017549,0.001000,0.001000,0.001000,0.001000,0.001000
1034.865385,-0.016443,0.001000,0.001000,0.001000,0.001000,0.001000
1034.884615,-0.015329,0.001000,0.001000,0.001000,0.001000,0.001000
1034.903846,-0.014206,0.001000,0.001000,0.001000,0.001000,0.001000
1034.923077,-0.013075,0.001000,0.001000,0.001000,0.001000,0.001000
1034.942308,-0.011937,0.001000,0.001000,0.001000,0.001000,0.001000
1034.961538,-0.010792,0.001000,0.001000,0.001000,0.001000,0.001000
1034.980769,-0.009641,0.001000,0.001000,0.001000,0.001000,0.001000
1035.000000,-0.008485,0.001000,0.001000,0.001000,0.001000,0.001000
1035.019231,-0.007324,0.001000,0.001000,0.001000,0.001000,0.001000
1035.038462,-0.006160,0.001000,0.001000,0.001000,0.001000,0.001000
1035.057692,-0.004992,0.001000,0.001000,0.001000,0.001000,0.001000
1035.076923,-0.003821,0.001000,0.001000,0.001000,0.001000,0.001000
1035.096154,-0.002648,0.001000,0.001000,0.001000,0.001000,0.001000
1035.115385,-0.001473,0.001000,0.001000,0.001000,0.001000,0.001000
1035.134615,-0.000298,0.001000,0.001000,0.001000,0.001000,0.001000
1035.153846,0.000878,0.001000,0.001000,0.001000,0.001000,0.001000
1035.173077,0.002053,0.001000,0.001000,0.001000,0.001000,0.001000
1035.192308,0.003226,0.001000,0.001000,0.001000,0.001000,0.001000
1035.211538,0.004398,0.001000,0.001000,0.001000,0.001000,0.001000
1035.230769,0.005568,0.001000,0.001000,0.001000,0.001000,0.001000
1035.250000,0.006735,0.001000,0.001000,0.001000,0.001000,0.001000
1035.269231,0.007897,0.001000,0.001000,0.001000,0.001000,0.001000
1035.288462,0.009056,0.001000,0.001000,0.001000,0.001000,0.001000
1035.307692,0.010209,0.001000,0.001000,0.001000,0.001000,0.001000
1035.326923,0.011357,0.001000,0.001000,0.001000,0.001000,0.001000
1035.346154,0.012499,0.001000,0.001000,0.001000,0.001000,0.001000
1035.365385,0.013633,0.001000,0.001000,0.001000,0.001000,0.001000
1035.384615,0.014761,0.001000,0.001000,0.001000,0.001000,0.001000
1035.403846,0.015879,0.001000,0.001000,0.001000,0.001000,0.001000
1035.423077,0.016990,0.001000,0.001000,0.001000,0.001000,0.001000
1035.442308,0.018090,0.001000,0.001000,0.001000,0.001000,0.001000
1035.461538,0.019181,0.001000,0.001000,0.001000,0.001000,0.001000
1035.480769,0.020261,0.001000,0.001000,0.001000,0.001000,0.001000
1035.500000,0.021330,0.001000,0.001000,0.001000,0.001000,0.001000
1035.519231,0.022387,0.001000,0.001000,0.001000,0.001000,0.001000
1035.538462,0.023432,0.001000,0.001000,0.001000,0.001000,0.001000
1035.557692,0.024464,0.001000,0.001000,0.001000,0.001000,0.001000
1035.576923,0.025482,0.001000,0.001000,0.001000,0.001000,0.001000
1035.596154,0.026487,0.001000,0.001000,0.001000,0.001000,0.001000
1035.615385,0.027476,0.001000,0.001000,0.001000,0.001000,0.001000
1035.634615,0.028451,0.001000,0.001000,0.001000,0.001000,0.001000
1035.653846,0.029409,0.001000,0.001000,0.001000,0.001000,0.001000
1035.673077,0.030352,0.001000,0.001000,0.001000,0.001000,0.001000
1035.692308,0.031278,0.001000,0.001000,0.001000,0.001000,0.001000
1035.711538,0.032186,0.001000,0.001000,0.001000,0.001000,0.001000
1035.730769,0.033077,0.001000,0.001000,0.001000,0.001000,0.001000
1035.750000,0.033949,0.001000,0.001000,0.001000,0.001000,0.001000
1035.769231,0.034802,0.001000,0.001000,0.001000,0.001000,0.001000
1035.788462,0.035637,0.001000,0.001000,0.001000,0.001000,0.001000
1035.807692,0.036451,0.001000,0.001000,0.001000,0.001000,0.001000
1035.826923,0.037246,0.001000,0.001000,0.001000,0.001000,0.001000
1035.846154,0.038020,0.001000,0.001000,0.001000,0.001000,0.001000
1035.865385,0.038773,0.001000,0.001000,0.001000,0.001000,0.001000
1035.884615,0.039504,0.001000,0.001000,0.001000,0.001000,0.001000
1035.903846,0.040214,0.001000,0.001000,0.001000,0.001000,0.001000
1035.923077,0.040901,0.001000,0.001000,0.001000,0.001000,0.001000
1035.942308,0.041566,0.001000,0.001000,0.001000,0.001000,0.001000
1035.961538,0.042208,0.001000,0.001000,0.001000,0.001000,0.001000
1035.980769,0.042826,0.001000,0.001000,0.001000,0.001000,0.001000
1036.000000,0.043421,0.001000,0.001000,0.001000,0.001000,0.001000
1036.019231,0.043992,0.001000,0.001000,0.001000,0.001000,0.001000
1036.038462,0.044538,0.001000,0.001000,0.001000,0.001000,0.001000
1036.057692,0.045060,0.001000,0.001000,0.001000,0.001000,0.001000
1036.076923,0.045557,0.001000,0.001000,0.001000,0.001000,0.001000
1036.096154,0.046029,0.001000,0.001000,0.001000,0.001000,0.001000
1036.115385,0.046475,0.001000,0.001000,0.001000,0.001000,0.001000
1036.134615,0.046896,0.001000,0.001000,0.001000,0.001000,0.001000
1036.153846,0.047291,0.001000,0.001000,0.001000,0.001000,0.001000
1036.173077,0.047659,0.001000,0.001000,0.001000,0.001000,0.001000
1036.192308,0.048001,0.001000,0.001000,0.001000,0.001000,0.001000
1036.211538,0.048317,0.001000,0.001000,0.001000,0.001000,0.001000
1036.230769,0.048606,0.001000,0.001000,0.001000,0.001000,0.001000
1036.250000,0.048868,0.001000,0.001000,0.001000,0.001000,0.001000
1036.269231,0.049104,0.001000,0.001000,0.001000,0.001000,0.001000
1036.288462,0.049312,0.001000,0.001000,0.001000,0.001000,0.001000
1036.307692,0.049492,0.001000,0.001000,0.001000,0.001000,0.001000
1036.326923,0.049646,0.001000,0.001000,0.001000,0.001000,0.001000
1036.346154,0.049772,0.001000,0.001000,0.001000,0.001000,0.001000
1036.365385,0.049870,0.001000,0.001000,0.001000,0.001000,0.001000
1036.384615,0.049941,0.001000,0.001000,0.001000,0.001000,0.001000
1036.403846,0.049984,0.001000,0.001000,0.001000,0.001000,0.001000
1036.423077,0.050000,0.001000,0.001000,0.001000,0.001000,0.001000
1036.442308,0.049988,0.001000,0.001000,0.001000,0.001000,0.001000
1036.461538,0.049948,0.001000,0.001000,0.001000,0.001000,0.001000
1036.480769,0.049881,0.001000,0.001000,0.001000,0.001000,0.001000
1036.500000,0.049786,0.001000,0.001000,0.001000,0.001000,0.001000
1036.519231,0.049664,0.001000,0.001000,0.001000,0.001000,0.001000
1036.538462,0.049514,0.001000,0.001000,0.001000,0.001000,0.001000
1036.557692,0.049337,0.001000,0.001000,0.001000,0.001000,0.001000
1036.576923,0.049133,0.001000,0.001000,0.001000,0.001000,0.001000
1036.596154,0.048901,0.001000,0.001000,0.001000,0.001000,0.001000
1036.615385,0.048643,0.001000,0.001000,0.001000,0.001000,0.001000
1036.634615,0.048357,0.001000,0.001000,0.001000,0.001000,0.001000
1036.653846,0.048045,0.001000,0.001000,0.001000,0.001000,0.001000
1036.673077,0.047706,0.001000,0.001000,0.001000,0.001000,0.001000
1036.692308,0.047341,0.001000,0.001000,0.001000,0.001000,0.001000
1036.711538,0.046950,0.001000,0.001000,0.001000,0.001000,0.001000
1036.730769,0.046533,0.001000,0.001000,0.001000,0.001000,0.001000
1036.750000,0.046090,0.001000,0.001000,0.001000,0.001000,0.001000
1036.769231,0.045621,0.001000,0.001000,0.001000,0.001000,0.001000
1036.788462,0.045128,0.001000,0.001000,0.001000,0.001000,0.001000
1036.807692,0.044609,0.001000,0.001000,0.001000,0.001000,0.001000
1036.826923,0.044066,0.001000,0.001000,0.001000,0.001000,0.001000
1036.846154,0.043498,0.001000,0.001000,0.001000,0.001000,0.001000
1036.865385,0.042907,0.001000,0.001000,0.001000,0.001000,0.001000
1036.884615,0.042292,0.001000,0.001000,0.001000,0.001000,0.001000
1036.903846,0.041653,0.001000,0.001000,0.001000,0.001000,0.001000
1036.923077,0.040991,0.001000,0.001000,0.001000,0.001000,0.001000
1036.942308,0.040307,0.001000,0.001000,0.001000,0.001000,0.001000
1036.961538,0.039600,0.001000,0.001000,0.001000,0.001000,0.001000
1036.980769,0.038871,0.001000,0.001000,0.001000,0.001000,0.001000
1037.000000,0.038121,0.001000,0.001000,0.001000,0.001000,0.001000
1037.019231,0.037350,0.001000,0.001000,0.001000,0.001000,0.001000
1037.038462,0.036559,0.001000,0.001000,0.001000,0.001000,0.001000
1037.057692,0.035747,0.001000,0.001000,0.001000,0.001000,0.001000
1037.076923,0.034915,0.001000,0.001000,0.001000,0.001000,0.001000
1037.096154,0.034064,0.001000,0.001000,0.001000,0.001000,0.001000
1037.115385,0.033194,0.001000,0.001000,0.001000,0.001000,0.001000
1037.134615,0.032306,0.001000,0.001000,0.001000,0.001000,0.001000
1037.153846,0.031400,0.001000,0.001000,0.001000,0.001000,0.001000
1037.173077,0.030476,0.001000,0.001000,0.001000,0.001000,0.001000
1037.192308,0.029536,0.001000,0.001000,0.001000,0.001000,0.001000
1037.211538,0.028580,0.001000,0.001000,0.001000,0.001000,0.001000
1037.230769,0.027607,0.001000,0.001000,0.001000,0.001000,0.001000
1037.250000,0.026620,0.001000,0.001000,0.001000,0.001000,0.001000
1037.269231,0.025617,0.001000,0.001000,0.001000,0.001000,0.001000
1037.288462,0.024601,0.001000,0.001000,0.001000,0.001000,0.001000
1037.307692,0.023571,0.001000,0.001000,0.001000,0.001000,0.001000
1037.326923,0.022528,0.001000,0.001000,0.001000,0.001000,0.001000
1037.346154,0.021472,0.001000,0.001000,0.001000,0.001000,0.001000
1037.365385,0.020405,0.001000,0.001000,0.001000,0.001000,0.001000
1037.384615,0.019326,0.001000,0.001000,0.001000,0.001000,0.001000
1037.403846,0.018237,0.001000,0.001000,0.001000,0.001000,0.001000
1037.423077,0.017137,0.001000,0.001000,0.001000,0.001000,0.001000
1037.442308,0.016028,0.001000,0.001000,0.001000,0.001000,0.001000
1037.461538,0.014910,0.001000,0.001000,0.001000,0.001000,0.001000
1037.480769,0.013784,0.001000,0.001000,0.001000,0.001000,0.001000
1037.500000,0.012651,0.001000,0.001000,0.001000,0.001000,0.001000
1037.519231,0.011510,0.001000,0.001000,0.001000,0.001000,0.001000
1037.538462,0.010363,0.001000,0.001000,0.001000,0.001000,0.001000
1037.557692,0.009210,0.001000,0.001000,0.001000,0.001000,0.001000
1037.576923,0.008052,0.001000,0.001000,0.001000,0.001000,0.001000
1037.596154,0.006890,0.001000,0.001000,0.001000,0.001000,0.001000
1037.615385,0.005724,0.001000,0.001000,0.001000,0.001000,0.001000
1037.634615,0.004555,0.001000,0.001000,0.001000,0.001000,0.001000
1037.653846,0.003383,0.001000,0.001000,0.001000,0.001000,0.001000
1037.673077,0.002209,0.001000,0.001000,0.001000,0.001000,0.001000
1037.692308,0.001034,0.001000,0.001000,0.001000,0.001000,0.001000
1037.711538,-0.000141,0.001000,0.001000,0.001000,0.001000,0.001000
1037.730769,-0.001316,0.001000,0.001000,0.001000,0.001000,0.001000
1037.750000,-0.002491,0.001000,0.001000,0.001000,0.001000,0.001000
1037.769231,-0.003664,0.001000,0.001000,0.001000,0.001000,0.001000
1037.788462,-0.004835,0.001000,0.001000,0.001000,0.001000,0.001000
1037.807692,-0.006004,0.001000,0.001000,0.001000,0.001000,0.001000
1037.826923,-0.007169,0.001000,0.001000,0.001000,0.001000,0.001000
1037.846154,-0.008330,0.001000,0.001000,0.001000,0.001000,0.001000
1037.865385,-0.009487,0.001000,0.001000,0.001000,0.001000,0.001000
1037.884615,-0.010639,0.001000,0.001000,0.001000,0.001000,0.001000
1037.903846,-0.011784,0.001000,0.001000,0.001000,0.001000,0.001000
1037.923077,-0.012923,0.001000,0.001000,0.001000,0.001000,0.001000
1037.942308,-0.014055,0.001000,0.001000,0.001000,0.001000,0.001000
1037.961538,-0.015179,0.001000,0.001000,0.001000,0.001000,0.001000
1037.980769,-0.016295,0.001000,0.001000,0.001000,0.001000,0.001000
1038.000000,-0.017402,0.001000,0.001000,0.001000,0.001000,0.001000
1038.019231,-0.018499,0.001000,0.001000,0.001000,0.001000,0.001000
1038.038462,-0.019586,0.001000,0.001000,0.001000,0.001000,0.001000
1038.057692,-0.020662,0.001000,0.001000,0.001000,0.001000,0.001000
1038.076923,-0.021726,0.001000,0.001000,0.001000,0.001000,0.001000
1038.096154,-0.022779,0.001000,0.001000,0.001000,0.001000,0.001000
1038.115385,-0.023819,0.001000,0.001000,0.001000,0.001000,0.001000
1038.134615,-0.024846,0.001000,0.001000,0.001000,0.001000,0.001000
1038.153846,-0.025859,0.001000,0.001000,0.001000,0.001000,0.001000
1038.173077,-0.026858,0.001000,0.001000,0.001000,0.001000,0.001000
1038.192308,-0.027842,0.001000,0.001000,0.001000,0.001000,0.001000
1038.211538,-0.028811,0.001000,0.001000,0.001000,0.001000,0.001000
1038.230769,-0.029763,0.001000,0.001000,0.001000,0.001000,0.001000
1038.250000,-0.030699,0.001000,0.001000,0.001000,0.001000,0.001000
1038.269231,-0.031619,0.001000,0.001000,0.001000,0.001000,0.001000
1038.288462,-0.032521,0.001000,0.001000,0.001000,0.001000,0.001000
1038.307692,-0.033404,0.001000,0.001000,0.001000,0.001000,0.001000
1038.326923,-0.034270,0.001000,0.001000,0.001000,0.001000,0.001000
1038.346154,-0.035116,0.001000,0.001000,0.001000,0.001000,0.001000
1038.365385,-0.035943,0.001000,0.001000,0.001000,0.001000,0.001000
1038.384615,-0.036750,0.001000,0.001000,0.001000,0.001000,0.001000
1038.403846,-0.037537,0.001000,0.001000,0.001000,0.001000,0.001000
1038.423077,-0.038303,0.001000,0.001000,0.001000,0.001000,0.001000
1038.442308,-0.039048,0.001000,0.001000,0.001000,0.001000,0.001000
1038.461538,-0.039772,0.001000,0.001000,0.001000,0.001000,0.001000
1038.480769,-0.040473,0.001000,0.001000,0.001000,0.001000,0.001000
1038.500000,-0.041152,0.001000,0.001000,0.001000,0.001000,0.001000
1038.519231,-0.041808,0.001000,0.001000,0.001000,0.001000,0.001000
1038.538462,-0.042441,0.001000,0.001000,0.001000,0.001000,0.001000
1038.557692,-0.043051,0.001000,0.001000,0.001000,0.001000,0.001000
1038.576923,-0.043637,0.001000,0.001000,0.001000,0.001000,0.001000
1038.596154,-0.044199,0.001000,0.001000,0.001000,0.001000,0.001000
1038.615385,-0.044736,0.001000,0.001000,0.001000,0.001000,0.001000
1038.634615,-0.045249,0.001000,0.001000,0.001000,0.001000,0.001000
1038.653846,-0.045736,0.001000,0.001000,0.001000,0.001000,0.001000
1038.673077,-0.046198,0.001000,0.001000,0.001000,0.001000,0.001000
1038.692308,-0.046635,0.001000,0.001000,0.001000,0.001000,0.001000
1038.711538,-0.047046,0.001000,0.001000,0.001000,0.001000,0.001000
1038.730769,-0.047431,0.001000,0.001000,0.001000,0.001000,0.001000
1038.750000,-0.047790,0.001000,0.001000,0.001000,0.001000,0.001000
1038.769231,-0.048122,0.001000,0.001000,0.001000,0.001000,0.001000
1038.788462,-0.048428,0.001000,0.001000,0.001000,0.001000,0.001000
1038.807692,-0.048707,0.001000,0.001000,0.001000,0.001000,0.001000
1038.826923,-0.048959,0.001000,0.001000,0.001000,0.001000,0.001000
1038.846154,-0.049184,0.001000,0.001000,0.001000,0.001000,0.001000
1038.865385,-0.049382,0.001000,0.001000,0.001000,0.001000,0.001000
1038.884615,-0.049553,0.001000,0.001000,0.001000,0.001000,0.001000
1038.903846,-0.049696,0.001000,0.001000,0.001000,0.001000,0.001000
1038.923077,-0.049812,0.001000,0.001000,0.001000,0.001000,0.001000
1038.942308,-0.049900,0.001000,0.001000,0.001000,0.001000,0.001000
1038.961538,-0.049960,0.001000,0.001000,0.001000,0.001000,0.001000
1038.980769,-0.049993,0.001000,0.001000,0.001000,0.001000,0.001000
1039.000000,-0.049999,0.001000,0.001000,0.001000,0.001000,0.001000
1039.019231,-0.049976,0.001000,0.001000,0.001000,0.001000,0.001000
1039.038462,-0.049927,0.001000,0.001000,0.001000,0.001000,0.001000
1039.057692,-0.049849,0.001000,0.001000,0.001000,0.001000,0.001000
1039.076923,-0.049744,0.001000,0.001000,0.001000,0.001000,0.001000
1039.096154,-0.049611,0.001000,0.001000,0.001000,0.001000,0.001000
1039.115385,-0.049451,0.001000,0.001000,0.001000,0.001000,0.001000
1039.134615,-0.049264,0.001000,0.001000,0.001000,0.001000,0.001000
1039.153846,-0.049050,0.001000,0.001000,0.001000,0.001000,0.001000
1039.173077,-0.048808,0.001000,0.001000,0.001000,0.001000,0.001000
1039.192308,-0.048539,0.001000,0.001000,0.001000,0.001000,0.001000
1039.211538,-0.048244,0.001000,0.001000,0.001000,0.001000,0.001000
1039.230769,-0.047922,0.001000,0.001000,0.001000,0.001000,0.001000
1039.250000,-0.047573,0.001000,0.001000,0.001000,0.001000,0.001000
1039.269231,-0.047198,0.001000,0.001000,0.001000,0.001000,0.001000
1039.288462,-0.046797,0.001000,0.001000,0.001000,0.001000,0.001000
1039.307692,-0.046370,0.001000,0.001000,0.001000,0.001000,0.001000
1039.326923,-0.045918,0.001000,0.001000,0.001000,0.001000,0.001000
1039.346154,-0.045440,0.001000,0.001000,0.001000,0.001000,0.001000
1039.365385,-0.044937,0.001000,0.001000,0.001000,0.001000,0.001000
1039.384615,-0.044409,0.001000,0.001000,0.001000,0.001000,0.001000
1039.403846,-0.043857,0.001000,0.001000,0.001000,0.001000,0.001000
1039.423077,-0.043280,0.001000,0.001000,0.001000,0.001000,0.001000
1039.442308,-0.042680,0.001000,0.001000,0.001000,0.001000,0.001000
1039.461538,-0.042056,0.001000,0.001000,0.001000,0.001000,0.001000
1039.480769,-0.041408,0.001000,0.001000,0.001000,0.001000,0.001000
1039.500000,-0.040738,0.001000,0.001000,0.001000,0.001000,0.001000
1039.519231,-0.040045,0.001000,0.001000,0.001000,0.001000,0.001000
1039.538462,-0.039331,0.001000,0.001000,0.001000,0.001000,0.001000
1039.557692,-0.038594,0.001000,0.001000,0.001000,0.001000,0.001000
1039.576923,-0.037836,0.001000,0.001000,0.001000,0.001000,0.001000
1039.596154,-0.037057,0.001000,0.001000,0.001000,0.001000,0.001000
1039.615385,-0.036258,0.001000,0.001000,0.001000,0.001000,0.001000
1039.634615,-0.035438,0.001000,0.001000,0.001000,0.001000,0.001000
1039.653846,-0.034599,0.001000,0.001000,0.001000,0.001000,0.001000
1039.673077,-0.033741,0.001000,0.001000,0.001000,0.001000,0.001000
1039.692308,-0.032865,0.001000,0.001000,0.001000,0.001000,0.001000
1039.711538,-0.031970,0.001000,0.001000,0.001000,0.001000,0.001000
1039.730769,-0.031057,0.001000,0.001000,0.001000,0.001000,0.001000
1039.750000,-0.030127,0.001000,0.001000,0.001000,0.001000,0.001000
1039.769231,-0.029181,0.001000,0.001000,0.001000,0.001000,0.001000
1039.788462,-0.028219,0.001000,0.001000,0.001000,0.001000,0.001000
1039.807692,-0.027240,0.001000,0.001000,0.001000,0.001000,0.001000
1039.826923,-0.026247,0.001000,0.001000,0.001000,0.001000,0.001000
1039.846154,-0.025240,0.001000,0.001000,0.001000,0.001000,0.001000
1039.865385,-0.024218,0.001000,0.001000,0.001000,0.001000,0.001000
1039.884615,-0.023183,0.001000,0.001000,0.001000,0.001000,0.001000
1039.903846,-0.022135,0.001000,0.001000,0.001000,0.001000,0.001000
1039.923077,-0.021075,0.001000,0.001000,0.001000,0.001000,0.001000
1039.942308,-0.020003,0.001000,0.001000,0.001000,0.001000,0.001000
1039.961538,-0.018921,0.001000,0.001000,0.001000,0.001000,0.001000
1039.980769,-0.017827,0.001000,0.001000,0.001000,0.001000,0.001000
1040.000000,-0.016724,0.001000,0.001000,0.001000,0.001000,0.001000
1040.019231,-0.015612,0.001000,0.001000,0.001000,0.001000,0.001000
1040.038462,-0.014491,0.001000,0.001000,0.001000,0.001000,0.001000
1040.057692,-0.013362,0.001000,0.001000,0.001000,0.001000,0.001000
1040.076923,-0.012226,0.001000,0.001000,0.001000,0.001000,0.001000
1040.096154,-0.011083,0.001000,0.001000,0.001000,0.001000,0.001000
1040.115385,-0.009933,0.001000,0.001000,0.001000,0.001000,0.001000
1040.134615,-0.008779,0.001000,0.001000,0.001000,0.001000,0.001000
1040.153846,-0.007619,0.001000,0.001000,0.001000,0.001000,0.001000
1040.173077,-0.006455,0.001000,0.001000,0.001000,0.001000,0.001000
1040.192308,-0.005288,0.001000,0.001000,0.001000,0.001000,0.001000
1040.211538,-0.004118,0.001000,0.001000,0.001000,0.001000,0.001000
1040.230769,-0.002945,0.001000,0.001000,0.001000,0.001000,0.001000
1040.250000,-0.001771,0.001000,0.001000,0.001000,0.001000,0.001000
1040.269231,-0.000596,0.001000,0.001000,0.001000,0.001000,0.001000
1040.288462,0.000580,0.001000,0.001000,0.001000,0.001000,0.001000
1040.307692,0.001755,0.001000,0.001000,0.001000,0.001000,0.001000
1040.326923,0.002929,0.001000,0.001000,0.001000,0.001000,0.001000
1040.346154,0.004102,0.001000,0.001000,0.001000,0.001000,0.001000
1040.365385,0.005272,0.001000,0.001000,0.001000,0.001000,0.001000
1040.384615,0.006439,0.001000,0.001000,0.001000,0.001000,0.001000
1040.403846,0.007603,0.001000,0.001000,0.001000,0.001000,0.001000
1040.423077,0.008763,0.001000,0.001000,0.001000,0.001000,0.001000
1040.442308,0.009918,0.001000,0.001000,0.001000,0.001000,0.001000
1040.461538,0.011067,0.001000,0.001000,0.001000,0.001000,0.001000
1040.480769,0.012210,0.001000,0.001000,0.001000,0.001000,0.001000
1040.500000,0.013347,0.001000,0.001000,0.001000,0.001000,0.001000
1040.519231,0.014476,0.001000,0.001000,0.001000,0.001000,0.001000
1040.538462,0.015597,0.001000,0.001000,0.001000,0.001000,0.001000
1040.557692,0.016709,0.001000,0.001000,0.001000,0.001000,0.001000
1040.576923,0.017812,0.001000,0.001000,0.001000,0.001000,0.001000
1040.596154,0.018906,0.001000,0.001000,0.001000,0.001000,0.001000
1040.615385,0.019989,0.001000,0.001000,0.001000,0.001000,0.001000
1040.634615,0.021061,0.001000,0.001000,0.001000,0.001000,0.001000
1040.653846,0.022121,0.001000,0.001000,0.001000,0.001000,0.001000
1040.673077,0.023169,0.001000,0.001000,0.001000,0.001000,0.001000
1040.692308,0.024204,0.001000,0.001000,0.001000,0.001000,0.001000
1040.711538,0.025226,0.001000,0.001000,0.001000,0.001000,0.001000
1040.730769,0.026234,0.001000,0.001000,0.001000,0.001000,0.001000
1040.750000,0.027227,0.001000,0.001000,0.001000,0.001000,0.001000
1040.769231,0.028205,0.001000,0.001000,0.001000,0.001000,0.001000
1040.788462,0.029168,0.001000,0.001000,0.001000,0.001000,0.001000
1040.807692,0.030115,0.001000,0.001000,0.001000,0.001000,0.001000
1040.826923,0.031045,0.001000,0.001000,0.001000,0.001000,0.001000
1040.846154,0.031957,0.001000,0.001000,0.001000,0.001000,0.001000
1040.865385,0.032853,0.001000,0.001000,0.001000,0.001000,0.001000
1040.884615,0.033730,0.001000,0.001000,0.001000,0.001000,0.001000
1040.903846,0.034588,0.001000,0.001000,0.001000,0.001000,0.001000
1040.923077,0.035427,0.001000,0.001000,0.001000,0.001000,0.001000
1040.942308,0.036247,0.001000,0.001000,0.001000,0.001000,0.001000
1040.961538,0.037046,0.001000,0.001000,0.001000,0.001000,0.001000
1040.980769,0.037826,0.001000,0.001000,0.001000,0.001000,0.001000
1041.000000,0.038584,0.001000,0.001000,0.001000,0.001000,0.001000
1041.019231,0.039321,0.001000,0.001000,0.001000,0.001000,0.001000
1041.038462,0.040036,0.001000,0.001000,0.001000,0.001000,0.001000
1041.057692,0.040729,0.001000,0.001000,0.001000,0.001000,0.001000
1041.076923,0.041400,0.001000,0.001000,0.001000,0.001000,0.001000
1041.096154,0.042047,0.001000,0.001000,0.001000,0.001000,0.001000
1041.115385,0.042672,0.001000,0.001000,0.001000,0.001000,0.001000
1041.134615,0.043272,0.001000,0.001000,0.001000,0.001000,0.001000
1041.153846,0.043849,0.001000,0.001000,0.001000,0.001000,0.001000
1041.173077,0.044402,0.001000,0.001000,0.001000,0.001000,0.001000
1041.192308,0.044930,0.001000,0.001000,0.001000,0.001000,0.001000
1041.211538,0.045433,0.001000,0.001000,0.001000,0.001000,0.001000
1041.230769,0.045912,0.001000,0.001000,0.001000,0.001000,0.001000
1041.250000,0.046364,0.001000,0.001000,0.001000,0.001000,0.001000
1041.269231,0.046792,0.001000,0.001000,0.001000,0.001000,0.001000
1041.288462,0.047193,0.001000,0.001000,0.001000,0.001000,0.001000
1041.307692,0.047568,0.001000,0.001000,0.001000,0.001000,0.001000
1041.326923,0.047917,0.001000,0.001000,0.001000,0.001000,0.001000
1041.346154,0.048240,0.001000,0.001000,0.001000,0.001000,0.001000
1041.365385,0.048535,0.001000,0.001000,0.001000,0.001000,0.001000
1041.384615,0.048804,0.001000,0.001000,0.001000,0.001000,0.001000
1041.403846,0.049046,0.001000,0.001000,0.001000,0.001000,0.001000
1041.423077,0.049261,0.001000,0.001000,0.001000,0.001000,0.001000
1041.442308,0.049449,0.001000,0.001000,0.001000,0.001000,0.001000
1041.461538,0.049609,0.001000,0.001000,0.001000,0.001000,0.001000
1041.480769,0.049742,0.001000,0.001000,0.001000,0.001000,0.001000
1041.500000,0.049848,0.001000,0.001000,0.001000,0.001000,0.001000
1041.519231,0.049926,0.001000,0.001000,0.001000,0.001000,0.001000
1041.538462,0.049976,0.001000,0.001000,0.001000,0.001000,0.001000
1041.557692,0.049999,0.001000,0.001000,0.001000,0.001000,0.001000
1041.576923,0.049994,0.001000,0.001000,0.001000,0.001000,0.001000
1041.596154,0.049961,0.001000,0.001000,0.001000,0.001000,0.001000
1041.615385,0.049901,0.001000,0.001000,0.001000,0.001000,0.001000
1041.634615,0.049813,0.001000,0.001000,0.001000,0.001000,0.001000
1041.653846,0.049698,0.001000,0.001000,0.001000,0.001000,0.001000
1041.673077,0.049555,0.001000,0.001000,0.001000,0.001000,0.001000
1041.692308,0.049385,0.001000,0.001000,0.001000,0.001000,0.001000
1041.711538,0.049187,0.001000,0.001000,0.001000,0.001000,0.001000
1041.730769,0.048963,0.001000,0.001000,0.001000,0.001000,0.001000
1041.750000,0.048711,0.001000,0.001000,0.001000,0.001000,0.001000
1041.769231,0.048432,0.001000,0.001000,0.001000,0.001000,0.001000
1041.788462,0.048127,0.001000,0.001000,0.001000,0.001000,0.001000
1041.807692,0.047795,0.001000,0.001000,0.001000,0.001000,0.001000
1041.826923,0.047436,0.001000,0.001000,0.001000,0.001000,0.001000
1041.846154,0.047052,0.001000,0.001000,0.001000,0.001000,0.001000
1041.865385,0.046641,0.001000,0.001000,0.001000,0.001000,0.001000
1041.884615,0.046205,0.001000,0.001000,0.001000,0.001000,0.001000
1041.903846,0.045743,0.001000,0.001000,0.001000,0.001000,0.001000
1041.923077,0.045255,0.001000,0.001000,0.001000,0.001000,0.001000
1041.942308,0.044743,0.001000,0.001000,0.001000,0.001000,0.001000
1041.961538,0.044206,0.001000,0.001000,0.001000,0.001000,0.001000
1041.980769,0.043645,0.001000,0.001000,0.001000,0.001000,0.001000
1042.000000,0.043059,0.001000,0.001000,0.001000,0.001000,0.001000
1042.019231,0.042450,0.001000,0.001000,0.001000,0.001000,0.001000
1042.038462,0.041817,0.001000,0.001000,0.001000,0.001000,0.001000
1042.057692,0.041161,0.001000,0.001000,0.001000,0.001000,0.001000
1042.076923,0.040482,0.001000,0.001000,0.001000,0.001000,0.001000
1042.096154,0.039781,0.001000,0.001000,0.001000,0.001000,0.001000
1042.115385,0.039058,0.001000,0.001000,0.001000,0.001000,0.001000
1042.134615,0.038314,0.001000,0.001000,0.001000,0.001000,0.001000
1042.153846,0.037548,0.001000,0.001000,0.001000,0.001000,0.001000
1042.173077,0.036761,0.001000,0.001000,0.001000,0.001000,0.001000
1042.192308,0.035954,0.001000,0.001000,0.001000,0.001000,0.001000
1042.211538,0.035128,0.001000,0.001000,0.001000,0.001000,0.001000
1042.230769,0.034281,0.001000,0.001000,0.001000,0.001000,0.001000
1042.250000,0.033416,0.001000,0.001000,0.001000,0.001000,0.001000
1042.269231,0.032533,0.001000,0.001000,0.001000,0.001000,0.001000
1042.288462,0.031631,0.001000,0.001000,0.001000,0.001000,0.001000
1042.307692,0.030712,0.001000,0.001000,0.001000,0.001000,0.001000
1042.326923,0.029776,0.001000,0.001000,0.001000,0.001000,0.001000
1042.346154,0.028824,0.001000,0.001000,0.001000,0.001000,0.001000
1042.365385,0.027855,0.001000,0.001000,0.001000,0.001000,0.001000
1042.384615,0.026871,0.001000,0.001000,0.001000,0.001000,0.001000
1042.403846,0.025873,0.001000,0.001000,0.001000,0.001000,0.001000
1042.423077,0.024860,0.001000,0.001000,0.001000,0.001000,0.001000
1042.442308,0.023833,0.001000,0.001000,0.001000,0.001000,0.001000
1042.461538,0.022793,0.001000,0.001000,0.001000,0.001000,0.001000
1042.480769,0.021741,0.001000,0.001000,0.001000,0.001000,0.001000
1042.500000,0.020676,0.001000,0.001000,0.001000,0.001000,0.001000
1042.519231,0.019600,0.001000,0.001000,0.001000,0.001000,0.001000
1042.538462,0.018514,0.001000,0.001000,0.001000,0.001000,0.001000
1042.557692,0.017417,0.001000,0.001000,0.001000,0.001000,0.001000
1042.576923,0.016310,0.001000,0.001000,0.001000,0.001000,0.001000
1042.596154,0.015194,0.001000,0.001000,0.001000,0.001000,0.001000
1042.615385,0.014070,0.001000,0.001000,0.001000,0.001000,0.001000
1042.634615,0.012939,0.001000,0.001000,0.001000,0.001000,0.001000
1042.653846,0.011800,0.001000,0.001000,0.001000,0.001000,0.001000
1042.673077,0.010654,0.001000,0.001000,0.001000,0.001000,0.001000
1042.692308,0.009503,0.001000,0.001000,0.001000,0.001000,0.001000
1042.711538,0.008346,0.001000,0.001000,0.001000,0.001000,0.001000
1042.730769,0.007185,0.001000,0.001000,0.001000,0.001000,0.001000
1042.750000,0.006020,0.001000,0.001000,0.001000,0.001000,0.001000
1042.769231,0.004851,0.001000,0.001000,0.001000,0.001000,0.001000
1042.788462,0.003680,0.001000,0.001000,0.001000,0.001000,0.001000
1042.807692,0.002507,0.001000,0.001000,0.001000,0.001000,0.001000
1042.826923,0.001332,0.001000,0.001000,0.001000,0.001000,0.001000
1042.846154,0.000157,0.001000,0.001000,0.001000,0.001000,0.001000
1042.865385,-0.001019,0.001000,0.001000,0.001000,0.001000,0.001000
1042.884615,-0.002193,0.001000,0.001000,0.001000,0.001000,0.001000
1042.903846,-0.003367,0.001000,0.001000,0.001000,0.001000,0.001000
1042.923077,-0.004539,0.001000,0.001000,0.001000,0.001000,0.001000
1042.942308,-0.005708,0.001000,0.001000,0.001000,0.001000,0.001000
1042.961538,-0.006874,0.001000,0.001000,0.001000,0.001000,0.001000
1042.980769,-0.008037,0.001000,0.001000,0.001000,0.001000,0.001000
1043.000000,-0.009195,0.001000,0.001000,0.001000,0.001000,0.001000
1043.019231,-0.010347,0.001000,0.001000,0.001000,0.001000,0.001000
1043.038462,-0.011494,0.001000,0.001000,0.001000,0.001000,0.001000
1043.057692,-0.012635,0.001000,0.001000,0.001000,0.001000,0.001000
1043.076923,-0.013769,0.001000,0.001000,0.001000,0.001000,0.001000
1043.096154,-0.014895,0.001000,0.001000,0.001000,0.001000,0.001000
1043.115385,-0.016013,0.001000,0.001000,0.001000,0.001000,0.001000
1043.134615,-0.017122,0.001000,0.001000,0.001000,0.001000,0.001000
1043.153846,-0.018222,0.001000,0.001000,0.001000,0.001000,0.001000
1043.173077,-0.019311,0.001000,0.001000,0.001000,0.001000,0.001000
1043.192308,-0.020390,0.001000,0.001000,0.001000,0.001000,0.001000
1043.211538,-0.021458,0.001000,0.001000,0.001000,0.001000,0.001000
1043.230769,-0.022513,0.001000,0.001000,0.001000,0.001000,0.001000
1043.250000,-0.023557,0.001000,0.001000,0.001000,0.001000,0.001000
1043.269231,-0.024587,0.001000,0.001000,0.001000,0.001000,0.001000
1043.288462,-0.025604,0.001000,0.001000,0.001000,0.001000,0.001000
1043.307692,-0.026606,0.001000,0.001000,0.001000,0.001000,0.001000
1043.326923,-0.027594,0.001000,0.001000,0.001000,0.001000,0.001000
1043.346154,-0.028567,0.001000,0.001000,0.001000,0.001000,0.001000
1043.365385,-0.029523,0.001000,0.001000,0.001000,0.001000,0.001000
1043.384615,-0.030464,0.001000,0.001000,0.001000,0.001000,0.001000
1043.403846,-0.031387,0.001000,0.001000,0.001000,0.001000,0.001000
1043.423077,-0.032294,0.001000,0.001000,0.001000,0.001000,0.001000
1043.442308,-0.033182,0.001000,0.001000,0.001000,0.001000,0.001000
1043.461538,-0.034052,0.001000,0.001000,0.001000,0.001000,0.001000
1043.480769,-0.034904,0.001000,0.001000,0.001000,0.001000,0.001000
1043.500000,-0.035735,0.001000,0.001000,0.001000,0.001000,0.001000
1043.519231,-0.036548,0.001000,0.001000,0.001000,0.001000,0.001000
1043.538462,-0.037340,0.001000,0.001000,0.001000,0.001000,0.001000
1043.557692,-0.038111,0.001000,0.001000,0.001000,0.001000,0.001000
1043.576923,-0.038861,0.001000,0.001000,0.001000,0.001000,0.001000
1043.596154,-0.039590,0.001000,0.001000,0.001000,0.001000,0.001000
1043.615385,-0.040297,0.001000,0.001000,0.001000,0.001000,0.001000
1043.634615,-0.040982,0.001000,0.001000,0.001000,0.001000,0.001000
1043.653846,-0.041644,0.001000,0.001000,0.001000,0.001000,0.001000
1043.673077,-0.042283,0.001000,0.001000,0.001000,0.001000,0.001000
1043.692308,-0.042899,0.001000,0.001000,0.001000,0.001000,0.001000
1043.711538,-0.043491,0.001000,0.001000,0.001000,0.001000,0.001000
1043.730769,-0.044059,0.001000,0.001000,0.001000,0.001000,0.001000
1043.750000,-0.044602,0.001000,0.001000,0.001000,0.001000,0.001000
1043.769231,-0.045121,0.001000,0.001000,0.001000,0.001000,0.001000
1043.788462,-0.045615,0.001000,0.001000,0.001000,0.001000,0.001000
1043.807692,-0.046084,0.001000,0.001000,0.001000,0.001000,0.001000
1043.826923,-0.046527,0.001000,0.001000,0.001000,0.001000,0.001000
1043.846154,-0.046945,0.001000,0.001000,0.001000,0.001000,0.001000
1043.865385,-0.047336,0.001000,0.001000,0.001000,0.001000,0.001000
1043.884615,-0.047702,0.001000,0.001000,0.001000,0.001000,0.001000
1043.903846,-0.048041,0.001000,0.001000,0.001000,0.001000,0.001000
1043.923077,-0.048353,0.001000,0.001000,0.001000,0.001000,0.001000
1043.942308,-0.048639,0.001000,0.001000,0.001000,0.001000,0.001000
1043.961538,-0.048898,0.001000,0.001000,0.001000,0.001000,0.001000
1043.980769,-0.049130,0.001000,0.001000,0.001000,0.001000,0.001000
1044.000000,-0.049335,0.001000,0.001000,0.001000,0.001000,0.001000
1044.019231,-0.049512,0.001000,0.001000,0.001000,0.001000,0.001000
1044.038462,-0.049662,0.001000,0.001000,0.001000,0.001000,0.001000
1044.057692,-0.049785,0.001000,0.001000,0.001000,0.001000,0.001000
1044.076923,-0.049880,0.001000,0.001000,0.001000,0.001000,0.001000
1044.096154,-0.049948,0.001000,0.001000,0.001000,0.001000,0.001000
1044.115385,-0.049988,0.001000,0.001000,0.001000,0.001000,0.001000
1044.134615,-0.050000,0.001000,0.001000,0.001000,0.001000,0.001000
1044.153846,-0.049985,0.001000,0.001000,0.001000,0.001000,0.001000
1044.173077,-0.049942,0.001000,0.001000,0.001000,0.001000,0.001000
1044.192308,-0.049871,0.001000,0.001000,0.001000,0.001000,0.001000
1044.211538,-0.049773,0.001000,0.001000,0.001000,0.001000,0.001000
1044.230769,-0.049648,0.001000,0.001000,0.001000,0.001000,0.001000
1044.250000,-0.049495,0.001000,0.001000,0.001000,0.001000,0.001000
1044.269231,-0.049314,0.001000,0.001000,0.001000,0.001000,0.001000
1044.288462,-0.049107,0.001000,0.001000,0.001000,0.001000,0.001000
1044.307692,-0.048872,0.001000,0.001000,0.001000,0.001000,0.001000
1044.326923,-0.048610,0.001000,0.001000,0.001000,0.001000,0.001000
1044.346154,-0.048321,0.001000,0.001000,0.001000,0.001000,0.001000
1044.365385,-0.048006,0.001000,0.001000,0.001000,0.001000,0.001000
1044.384615,-0.047664,0.001000,0.001000,0.001000,0.001000,0.001000
1044.403846,-0.047296,0.001000,0.001000,0.001000,0.001000,0.001000
1044.423077,-0.046901,0.001000,0.001000,0.001000,0.001000,0.001000
1044.442308,-0.046481,0.001000,0.001000,0.001000,0.001000,0.001000
1044.461538,-0.046035,0.001000,0.001000,0.001000,0.001000,0.001000
1044.480769,-0.045564,0.001000,0.001000,0.001000,0.001000,0.001000
1044.500000,-0.045067,0.001000,0.001000,0.001000,0.001000,0.001000
1044.519231,-0.044545,0.001000,0.001000,0.001000,0.001000,0.001000
1044.538462,-0.043999,0.001000,0.001000,0.001000,0.001000,0.001000
1044.557692,-0.043429,0.001000,0.001000,0.001000,0.001000,0.001000
1044.576923,-0.042834,0.001000,0.001000,0.001000,0.001000,0.001000
1044.596154,-0.042216,0.001000,0.001000,0.001000,0.001000,0.001000
1044.615385,-0.041575,0.001000,0.001000,0.001000,0.001000,0.001000
1044.634615,-0.040910,0.001000,0.001000,0.001000,0.001000,0.001000
1044.653846,-0.040223,0.001000,0.001000,0.001000,0.001000,0.001000
1044.673077,-0.039514,0.001000,0.001000,0.001000,0.001000,0.001000
1044.692308,-0.038783,0.001000,0.001000,0.001000,0.001000,0.001000
1044.711538,-0.038030,0.001000,0.001000,0.001000,0.001000,0.001000
1044.730769,-0.037257,0.001000,0.001000,0.001000,0.001000,0.001000
1044.750000,-0.036462,0.001000,0.001000,0.001000,0.001000,0.001000
1044.769231,-0.035648,0.001000,0.001000,0.001000,0.001000,0.001000
1044.788462,-0.034814,0.001000,0.001000,0.001000,0.001000,0.001000
1044.807692,-0.033961,0.001000,0.001000,0.001000,0.001000,0.001000
1044.826923,-0.033089,0.001000,0.001000,0.001000,0.001000,0.001000
1044.846154,-0.032198,0.001000,0.001000,0.001000,0.001000,0.001000
1044.865385,-0.031290,0.001000,0.001000,0.001000,0.001000,0.001000
1044.884615,-0.030365,0.001000,0.001000,0.001000,0.001000,0.001000
1044.903846,-0.029422,0.001000,0.001000,0.001000,0.001000,0.001000
1044.923077,-0.028464,0.001000,0.001000,0.001000,0.001000,0.001000
1044.942308,-0.027490,0.001000,0.001000,0.001000,0.001000,0.001000
1044.961538,-0.026500,0.001000,0.001000,0.001000,0.001000,0.001000
1044.980769,-0.025496,0.001000,0.001000,0.001000,0.001000,0.001000
1045.000000,-0.024478,0.001000,0.001000,0.001000,0.001000,0.001000
1045.019231,-0.023446,0.001000,0.001000,0.001000,0.001000,0.001000
1045.038462,-0.022402,0.001000,0.001000,0.001000,0.001000,0.001000
1045.057692,-0.021345,0.001000,0.001000,0.001000,0.001000,0.001000
1045.076923,-0.020276,0.001000,0.001000,0.001000,0.001000,0.001000
1045.096154,-0.019196,0.001000,0.001000,0.001000,0.001000,0.001000
1045.115385,-0.018105,0.001000,0.001000,0.001000,0.001000,0.001000
1045.134615,-0.017005,0.001000,0.001000,0.001000,0.001000,0.001000
1045.153846,-0.015895,0.001000,0.001000,0.001000,0.001000,0.001000
1045.173077,-0.014776,0.001000,0.001000,0.001000,0.001000,0.001000
1045.192308,-0.013649,0.001000,0.001000,0.001000,0.001000,0.001000
1045.211538,-0.012514,0.001000,0.001000,0.001000,0.001000,0.001000
1045.230769,-0.011373,0.001000,0.001000,0.001000,0.001000,0.001000
1045.250000,-0.010225,0.001000,0.001000,0.001000,0.001000,0.001000
1045.269231,-0.009072,0.001000,0.001000,0.001000,0.001000,0.001000
1045.288462,-0.007913,0.001000,0.001000,0.001000,0.001000,0.001000
1045.307692,-0.006750,0.001000,0.001000,0.001000,0.001000,0.001000
1045.326923,-0.005584,0.001000,0.001000,0.001000,0.001000,0.001000
1045.346154,-0.004414,0.001000,0.001000,0.001000,0.001000,0.001000
1045.365385,-0.003242,0.001000,0.001000,0.001000,0.001000,0.001000
1045.384615,-0.002069,0.001000,0.001000,0.001000,0.001000,0.001000
1045.403846,-0.000894,0.001000,0.001000,0.001000,0.001000,0.001000
1045.423077,0.000282,0.001000,0.001000,0.001000,0.001000,0.001000
1045.442308,0.001457,0.001000,0.001000,0.001000,0.001000,0.001000
1045.461538,0.002632,0.001000,0.001000,0.001000,0.001000,0.001000
1045.480769,0.003805,0.001000,0.001000,0.001000,0.001000,0.001000
1045.500000,0.004976,0.001000,0.001000,0.001000,0.001000,0.001000
1045.519231,0.006144,0.001000,0.001000,0.001000,0.001000,0.001000
1045.538462,0.007309,0.001000,0.001000,0.001000,0.001000,0.001000
1045.557692,0.008469,0.001000,0.001000,0.001000,0.001000,0.001000
1045.576923,0.009626,0.001000,0.001000,0.001000,0.001000,0.001000
1045.596154,0.010776,0.001000,0.001000,0.001000,0.001000,0.001000
1045.615385,0.011921,0.001000,0.001000,0.001000,0.001000,0.001000
1045.634615,0.013059,0.001000,0.001000,0.001000,0.001000,0.001000
1045.653846,0.014190,0.001000,0.001000,0.001000,0.001000,0.001000
1045.673077,0.015313,0.001000,0.001000,0.001000,0.001000,0.001000
1045.692308,0.016428,0.001000,0.001000,0.001000,0.001000,0.001000
1045.711538,0.017534,0.001000,0.001000,0.001000,0.001000,0.001000
1045.730769,0.018630,0.001000,0.001000,0.001000,0.001000,0.001000
1045.750000,0.019715,0.001000,0.001000,0.001000,0.001000,0.001000
1045.769231,0.020790,0.001000,0.001000,0.001000,0.001000,0.001000
1045.788462,0.021853,0.001000,0.001000,0.001000,0.001000,0.001000
1045.807692,0.022904,0.001000,0.001000,0.001000,0.001000,0.001000
1045.826923,0.023943,0.001000,0.001000,0.001000,0.001000,0.001000
1045.846154,0.024968,0.001000,0.001000,0.001000,0.001000,0.001000
1045.865385,0.025980,0.001000,0.001000,0.001000,0.001000,0.001000
1045.884615,0.026977,0.001000,0.001000,0.001000,0.001000,0.001000
1045.903846,0.027959,0.001000,0.001000,0.001000,0.001000,0.001000
1045.923077,0.028926,0.001000,0.001000,0.001000,0.001000,0.001000
1045.942308,0.029876,0.001000,0.001000,0.001000,0.001000,0.001000
1045.961538,0.030811,0.001000,0.001000,0.001000,0.001000,0.001000
1045.980769,0.031728,0.001000,0.001000,0.001000,0.001000,0.001000
1046.000000,0.032627,0.001000,0.001000,0.001000,0.001000,0.001000
1046.019231,0.033509,0.001000,0.001000,0.001000,0.001000,0.001000
1046.038462,0.034372,0.001000,0.001000,0.001000,0.001000,0.001000
1046.057692,0.035216,0.001000,0.001000,0.001000,0.001000,0.001000
1046.076923,0.036041,0.001000,0.001000,0.001000,0.001000,0.001000
1046.096154,0.036846,0.001000,0.001000,0.001000,0.001000,0.001000
1046.115385,0.037630,0.001000,0.001000,0.001000,0.001000,0.001000
1046.134615,0.038394,0.001000,0.001000,0.001000,0.001000,0.001000
1046.153846,0.039136,0.001000,0.001000,0.001000,0.001000,0.001000
1046.173077,0.039857,0.001000,0.001000,0.001000,0.001000,0.001000
1046.192308,0.040555,0.001000,0.001000,0.001000,0.001000,0.001000
1046.211538,0.041232,0.001000,0.001000,0.001000,0.001000,0.001000
1046.230769,0.041885,0.001000,0.001000,0.001000,0.001000,0.001000
1046.250000,0.042516,0.001000,0.001000,0.001000,0.001000,0.001000
1046.269231,0.043122,0.001000,0.001000,0.001000,0.001000,0.001000
1046.288462,0.043705,0.001000,0.001000,0.001000,0.001000,0.001000
1046.307692,0.044264,0.001000,0.001000,0.001000,0.001000,0.001000
1046.326923,0.044799,0.001000,0.001000,0.001000,0.001000,0.001000
1046.346154,0.045308,0.001000,0.001000,0.001000,0.001000,0.001000
1046.365385,0.045793,0.001000,0.001000,0.001000,0.001000,0.001000
1046.384615,0.046252,0.001000,0.001000,0.001000,0.001000,0.001000
1046.403846,0.046686,0.001000,0.001000,0.001000,0.001000,0.001000
1046.423077,0.047094,0.001000,0.001000,0.001000,0.001000,0.001000
1046.442308,0.047476,0.001000,0.001000,0.001000,0.001000,0.001000
1046.461538,0.047831,0.001000,0.001000,0.001000,0.001000,0.001000
1046.480769,0.048160,0.001000,0.001000,0.001000,0.001000,0.001000
1046.500000,0.048463,0.001000,0.001000,0.001000,0.001000,0.001000
1046.519231,0.048739,0.001000,0.001000,0.001000,0.001000,0.001000
1046.538462,0.048988,0.001000,0.001000,0.001000,0.001000,0.001000
1046.557692,0.049209,0.001000,0.001000,0.001000,0.001000,0.001000
1046.576923,0.049404,0.001000,0.001000,0.001000,0.001000,0.001000
1046.596154,0.049571,0.001000,0.001000,0.001000,0.001000,0.001000
1046.615385,0.049711,0.001000,0.001000,0.001000,0.001000,0.001000
1046.634615,0.049824,0.001000,0.001000,0.001000,0.001000,0.001000
1046.653846,0.049909,0.001000,0.001000,0.001000,0.001000,0.001000
1046.673077,0.049966,0.001000,0.001000,0.001000,0.001000,0.001000
1046.692308,0.049995,0.001000,0.001000,0.001000,0.001000,0.001000
1046.711538,0.049997,0.001000,0.001000,0.001000,0.001000,0.001000
1046.730769,0.049972,0.001000,0.001000,0.001000,0.001000,0.001000
1046.750000,0.049919,0.001000,0.001000,0.001000,0.001000,0.001000
1046.769231,0.049838,0.001000,0.001000,0.001000,0.001000,0.001000
1046.788462,0.049729,0.001000,0.001000,0.001000,0.001000,0.001000
1046.807692,0.049594,0.001000,0.001000,0.001000,0.001000,0.001000
1046.826923,0.049430,0.001000,0.001000,0.001000,0.001000,0.001000
1046.846154,0.049240,0.001000,0.001000,0.001000,0.001000,0.001000
1046.865385,0.049022,0.001000,0.001000,0.001000,0.001000,0.001000
1046.884615,0.048777,0.001000,0.001000,0.001000,0.001000,0.001000
1046.903846,0.048505,0.001000,0.001000,0.001000,0.001000,0.001000
1046.923077,0.048207,0.001000,0.001000,0.001000,0.001000,0.001000
1046.942308,0.047881,0.001000,0.001000,0.001000,0.001000,0.001000
1046.961538,0.047530,0.001000,0.001000,0.001000,0.001000,0.001000
1046.980769,0.047152,0.001000,0.001000,0.001000,0.001000,0.001000
1047.000000,0.046747,0.001000,0.001000,0.001000,0.001000,0.001000
1047.019231,0.046318,0.001000,0.001000,0.001000,0.001000,0.001000
1047.038462,0.045862,0.001000,0.001000,0.001000,0.001000,0.001000
1047.057692,0.045381,0.001000,0.001000,0.001000,0.001000,0.001000
1047.076923,0.044875,0.001000,0.001000,0.001000,0.001000,0.001000
1047.096154,0.044344,0.001000,0.001000,0.001000,0.001000,0.001000
1047.115385,0.043789,0.001000,0.001000,0.001000,0.001000,0.001000
1047.134615,0.043210,0.001000,0.001000,0.001000,0.001000,0.001000
1047.153846,0.042606,0.001000,0.001000,0.001000,0.001000,0.001000
1047.173077,0.041979,0.001000,0.001000,0.001000,0.001000,0.001000
1047.192308,0.041329,0.001000,0.001000,0.001000,0.001000,0.001000
1047.211538,0.040656,0.001000,0.001000,0.001000,0.001000,0.001000
1047.230769,0.039961,0.001000,0.001000,0.001000,0.001000,0.001000
1047.250000,0.039243,0.001000,0.001000,0.001000,0.001000,0.001000
1047.269231,0.038504,0.001000,0.001000,0.001000,0.001000,0.001000
1047.288462,0.037744,0.001000,0.001000,0.001000,0.001000,0.001000
1047.307692,0.036962,0.001000,0.001000,0.001000,0.001000,0.001000
1047.326923,0.036161,0.001000,0.001000,0.001000,0.001000,0.001000
1047.346154,0.035339,0.001000,0.001000,0.001000,0.001000,0.001000
1047.365385,0.034498,0.001000,0.001000,0.001000,0.001000,0.001000
1047.384615,0.033637,0.001000,0.001000,0.001000,0.001000,0.001000
1047.403846,0.032758,0.001000,0.001000,0.001000,0.001000,0.001000
1047.423077,0.031861,0.001000,0.001000,0.001000,0.001000,0.001000
1047.442308,0.030947,0.001000,0.001000,0.001000,0.001000,0.001000
1047.461538,0.030015,0.001000,0.001000,0.001000,0.001000,0.001000
1047.480769,0.029066,0.001000,0.001000,0.001000,0.001000,0.001000
1047.500000,0.028102,0.001000,0.001000,0.001000,0.001000,0.001000
1047.519231,0.027122,0.001000,0.001000,0.001000,0.001000,0.001000
1047.538462,0.026127,0.001000,0.001000,0.001000,0.001000,0.001000
1047.557692,0.025118,0.001000,0.001000,0.001000,0.001000,0.001000
1047.576923,0.024094,0.001000,0.001000,0.001000,0.001000,0.001000
1047.596154,0.023058,0.001000,0.001000,0.001000,0.001000,0.001000
1047.615385,0.022009,0.001000,0.001000,0.001000,0.001000,0.001000
1047.634615,0.020947,0.001000,0.001000,0.001000,0.001000,0.001000
1047.653846,0.019874,0.001000,0.001000,0.001000,0.001000,0.001000
1047.673077,0.018790,0.001000,0.001000,0.001000,0.001000,0.001000
1047.692308,0.017696,0.001000,0.001000,0.001000,0.001000,0.001000
1047.711538,0.016591,0.001000,0.001000,0.001000,0.001000,0.001000
1047.730769,0.015478,0.001000,0.001000,0.001000,0.001000,0.001000
1047.750000,0.014356,0.001000,0.001000,0.001000,0.001000,0.001000
1047.769231,0.013226,0.001000,0.001000,0.001000,0.001000,0.001000
1047.788462,0.012089,0.001000,0.001000,0.001000,0.001000,0.001000
1047.807692,0.010945,0.001000,0.001000,0.001000,0.001000,0.001000
1047.826923,0.009795,0.001000,0.001000,0.001000,0.001000,0.001000
1047.846154,0.008640,0.001000,0.001000,0.001000,0.001000,0.001000
1047.865385,0.007480,0.001000,0.001000,0.001000,0.001000,0.001000
1047.884615,0.006315,0.001000,0.001000,0.001000,0.001000,0.001000
1047.903846,0.005148,0.001000,0.001000,0.001000,0.001000,0.001000
1047.923077,0.003977,0.001000,0.001000,0.001000,0.001000,0.001000
1047.942308,0.002804,0.001000,0.001000,0.001000,0.001000,0.001000
1047.961538,0.001630,0.001000,0.001000,0.001000,0.001000,0.001000
1047.980769,0.000455,0.001000,0.001000,0.001000,0.001000,0.001000
1048.000000,-0.000721,0.001000,0.001000,0.001000,0.001000,0.001000
1048.019231,-0.001896,0.001000,0.001000,0.001000,0.001000,0.001000
1048.038462,-0.003070,0.001000,0.001000,0.001000,0.001000,0.001000
1048.057692,-0.004242,0.001000,0.001000,0.001000,0.001000,0.001000
1048.076923,-0.005412,0.001000,0.001000,0.001000,0.001000,0.001000
1048.096154,-0.006579,0.001000,0.001000,0.001000,0.001000,0.001000
1048.115385,-0.007743,0.001000,0.001000,0.001000,0.001000,0.001000
1048.134615,-0.008902,0.001000,0.001000,0.001000,0.001000,0.001000
1048.153846,-0.010056,0.001000,0.001000,0.001000,0.001000,0.001000
1048.173077,-0.011204,0.001000,0.001000,0.001000,0.001000,0.001000
1048.192308,-0.012347,0.001000,0.001000,0.001000,0.001000,0.001000
1048.211538,-0.013482,0.001000,0.001000,0.001000,0.001000,0.001000
1048.230769,-0.014611,0.001000,0.001000,0.001000,0.001000,0.001000
1048.250000,-0.015731,0.001000,0.001000,0.001000,0.001000,0.001000
1048.269231,-0.016842,0.001000,0.001000,0.001000,0.001000,0.001000
1048.288462,-0.017944,0.001000,0.001000,0.001000,0.001000,0.001000
1048.307692,-0.019036,0.001000,0.001000,0.001000,0.001000,0.001000
1048.326923,-0.020118,0.001000,0.001000,0.001000,0.001000,0.001000
1048.346154,-0.021188,0.001000,0.001000,0.001000,0.001000,0.001000
1048.365385,-0.022247,0.001000,0.001000,0.001000,0.001000,0.001000
1048.384615,-0.023294,0.001000,0.001000,0.001000,0.001000,0.001000
1048.403846,-0.024327,0.001000,0.001000,0.001000,0.001000,0.001000
1048.423077,-0.025347,0.001000,0.001000,0.001000,0.001000,0.001000
1048.442308,-0.026354,0.001000,0.001000,0.001000,0.001000,0.001000
1048.461538,-0.027345,0.001000,0.001000,0.001000,0.001000,0.001000
1048.480769,-0.028322,0.001000,0.001000,0.001000,0.001000,0.001000
1048.500000,-0.029282,0.001000,0.001000,0.001000,0.001000,0.001000
1048.519231,-0.030227,0.001000,0.001000,0.001000,0.001000,0.001000
1048.538462,-0.031155,0.001000,0.001000,0.001000,0.001000,0.001000
1048.557692,-0.032066,0.001000,0.001000,0.001000,0.001000,0.001000
1048.576923,-0.032959,0.001000,0.001000,0.001000,0.001000,0.001000
1048.596154,-0.033834,0.001000,0.001000,0.001000,0.001000,0.001000
1048.615385,-0.034690,0.001000,0.001000,0.001000,0.001000,0.001000
1048.634615,-0.035527,0.001000,0.001000,0.001000,0.001000,0.001000
1048.653846,-0.036344,0.001000,0.001000,0.001000,0.001000,0.001000
1048.673077,-0.037141,0.001000,0.001000,0.001000,0.001000,0.001000
1048.692308,-0.037918,0.001000,0.001000,0.001000,0.001000,0.001000
1048.711538,-0.038673,0.001000,0.001000,0.001000,0.001000,0.001000
1048.730769,-0.039408,0.001000,0.001000,0.001000,0.001000,0.001000
1048.750000,-0.040120,0.001000,0.001000,0.001000,0.001000,0.001000
1048.769231,-0.040811,0.001000,0.001000,0.001000,0.001000,0.001000
1048.788462,-0.041478,0.001000,0.001000,0.001000,0.001000,0.001000
1048.807692,-0.042123,0.001000,0.001000,0.001000,0.001000,0.001000
1048.826923,-0.042745,0.001000,0.001000,0.001000,0.001000,0.001000
1048.846154,-0.043343,0.001000,0.001000,0.001000,0.001000,0.001000
1048.865385,-0.043917,0.001000,0.001000,0.001000,0.001000,0.001000
1048.884615,-0.044467,0.001000,0.001000,0.001000,0.001000,0.001000
1048.903846,-0.044992,0.001000,0.001000,0.001000,0.001000,0.001000
1048.923077,-0.045492,0.001000,0.001000,0.001000,0.001000,0.001000
1048.942308,-0.045967,0.001000,0.001000,0.001000,0.001000,0.001000
1048.961538,-0.046417,0.001000,0.001000,0.001000,0.001000,0.001000
1048.980769,-0.046841,0.001000,0.001000,0.001000,0.001000,0.001000
1049.000000,-0.047239,0.001000,0.001000,0.001000,0.001000,0.001000
1049.019231,-0.047611,0.001000,0.001000,0.001000,0.001000,0.001000
1049.038462,-0.047957,0.001000,0.001000,0.001000,0.001000,0.001000
1049.057692,-0.048277,0.001000,0.001000,0.001000,0.001000,0.001000
1049.076923,-0.048569,0.001000,0.001000,0.001000,0.001000,0.001000
1049.096154,-0.048835,0.001000,0.001000,0.001000,0.001000,0.001000
1049.115385,-0.049074,0.001000,0.001000,0.001000,0.001000,0.001000
1049.134615,-0.049285,0.001000,0.001000,0.001000,0.001000,0.001000
1049.153846,-0.049470,0.001000,0.001000,0.001000,0.001000,0.001000
1049.173077,-0.049627,0.001000,0.001000,0.001000,0.001000,0.001000
1049.192308,-0.049756,0.001000,0.001000,0.001000,0.001000,0.001000
1049.211538,-0.049859,0.001000,0.001000,0.001000,0.001000,0.001000
1049.230769,-0.049933,0.001000,0.001000,0.001000,0.001000,0.001000
1049.250000,-0.049980,0.001000,0.001000,0.001000,0.001000,0.001000
1049.269231,-0.049999,0.001000,0.001000,0.001000,0.001000,0.001000
1049.288462,-0.049991,0.001000,0.001000,0.001000,0.001000,0.001000
1049.307692,-0.049955,0.001000,0.001000,0.001000,0.001000,0.001000
1049.326923,-0.049892,0.001000,0.001000,0.001000,0.001000,0.001000
1049.346154,-0.049801,0.001000,0.001000,0.001000,0.001000,0.001000
1049.365385,-0.049682,0.001000,0.001000,0.001000,0.001000,0.001000
1049.384615,-0.049536,0.001000,0.001000,0.001000,0.001000,0.001000
1049.403846,-0.049362,0.001000,0.001000,0.001000,0.001000,0.001000
1049.423077,-0.049162,0.001000,0.001000,0.001000,0.001000,0.001000
1049.442308,-0.048934,0.001000,0.001000,0.001000,0.001000,0.001000
1049.461538,-0.048679,0.001000,0.001000,0.001000,0.001000,0.001000
1049.480769,-0.048397,0.001000,0.001000,0.001000,0.001000,0.001000
1049.500000,-0.048088,0.001000,0.001000,0.001000,0.001000,0.001000
1049.519231,-0.047753,0.001000,0.001000,0.001000,0.001000,0.001000
1049.538462,-0.047392,0.001000,0.001000,0.001000,0.001000,0.001000
1049.557692,-0.047004,0.001000,0.001000,0.001000,0.001000,0.001000
1049.576923,-0.046590,0.001000,0.001000,0.001000,0.001000,0.001000
1049.596154,-0.046150,0.001000,0.001000,0.001000,0.001000,0.001000
1049.615385,-0.045685,0.001000,0.001000,0.001000,0.001000,0.001000
1049.634615,-0.045195,0.001000,0.001000,0.001000,0.001000,0.001000
1049.653846,-0.044680,0.001000,0.001000,0.001000,0.001000,0.001000
1049.673077,-0.044140,0.001000,0.001000,0.001000,0.001000,0.001000
1049.692308,-0.043576,0.001000,0.001000,0.001000,0.001000,0.001000
1049.711538,-0.042987,0.001000,0.001000,0.001000,0.001000,0.001000
1049.730769,-0.042375,0.001000,0.001000,0.001000,0.001000,0.001000
1049.750000,-0.041739,0.001000,0.001000,0.001000,0.001000,0.001000
1049.769231,-0.041081,0.001000,0.001000,0.001000,0.001000,0.001000
1049.788462,-0.040399,0.001000,0.001000,0.001000,0.001000,0.001000
1049.807692,-0.039696,0.001000,0.001000,0.001000,0.001000,0.001000
1049.826923,-0.038970,0.001000,0.001000,0.001000,0.001000,0.001000
1049.846154,-0.038223,0.001000,0.001000,0.001000,0.001000,0.001000
1049.865385,-0.037454,0.001000,0.001000,0.001000,0.001000,0.001000
1049.884615,-0.036665,0.001000,0.001000,0.001000,0.001000,0.001000
1049.903846,-0.035856,0.001000,0.001000,0.001000,0.001000,0.001000
1049.923077,-0.035027,0.001000,0.001000,0.001000,0.001000,0.001000
1049.942308,-0.034179,0.001000,0.001000,0.001000,0.001000,0.001000
1049.961538,-0.033311,0.001000,0.001000,0.001000,0.001000,0.001000
1049.980769,-0.032426,0.001000,0.001000,0.001000,0.001000,0.001000
1050.000000,-0.031522,0.001000,0.001000,0.001000,0.001000,0.001000
1050.019231,-0.030601,0.001000,0.001000,0.001000,0.001000,0.001000
1050.038462,-0.029663,0.001000,0.001000,0.001000,0.001000,0.001000
1050.057692,-0.028708,0.001000,0.001000,0.001000,0.001000,0.001000
1050.076923,-0.027738,0.001000,0.001000,0.001000,0.001000,0.001000
1050.096154,-0.026752,0.001000,0.001000,0.001000,0.001000,0.001000
1050.115385,-0.025752,0.001000,0.001000,0.001000,0.001000,0.001000
1050.134615,-0.024737,0.001000,0.001000,0.001000,0.001000,0.001000
1050.153846,-0.023709,0.001000,0.001000,0.001000,0.001000,0.001000
1050.173077,-0.022668,0.001000,0.001000,0.001000,0.001000,0.001000
1050.192308,-0.021614,0.001000,0.001000,0.001000,0.001000,0.001000
1050.211538,-0.020548,0.001000,0.001000,0.001000,0.001000,0.001000
1050.230769,-0.019471,0.001000,0.001000,0.001000,0.001000,0.001000
1050.250000,-0.018383,0.001000,0.001000,0.001000,0.001000,0.001000
1050.269231,-0.017284,0.001000,0.001000,0.001000,0.001000,0.001000
1050.288462,-0.016177,0.001000,0.001000,0.001000,0.001000,0.001000
1050.307692,-0.015060,0.001000,0.001000,0.001000,0.001000,0.001000
1050.326923,-0.013935,0.001000,0.001000,0.001000,0.001000,0.001000
1050.346154,-0.012802,0.001000,0.001000,0.001000,0.001000,0.001000
1050.365385,-0.011663,0.001000,0.001000,0.001000,0.001000,0.001000
1050.384615,-0.010516,0.001000,0.001000,0.001000,0.001000,0.001000
1050.403846,-0.009364,0.001000,0.001000,0.001000,0.001000,0.001000
1050.423077,-0.008207,0.001000,0.001000,0.001000,0.001000,0.001000
1050.442308,-0.007046,0.001000,0.001000,0.001000,0.001000,0.001000
1050.461538,-0.005880,0.001000,0.001000,0.001000,0.001000,0.001000
1050.480769,-0.004711,0.001000,0.001000,0.001000,0.001000,0.001000
1050.500000,-0.003540,0.001000,0.001000,0.001000,0.001000,0.001000
1050.519231,-0.002366,0.001000,0.001000,0.001000,0.001000,0.001000
1050.538462,-0.001191,0.001000,0.001000,0.001000,0.001000,0.001000
1050.557692,-0.000016,0.001000,0.001000,0.001000,0.001000,0.001000
1050.576923,0.001159,0.001000,0.001000,0.001000,0.001000,0.001000
1050.596154,0.002334,0.001000,0.001000,0.001000,0.001000,0.001000
1050.615385,0.003508,0.001000,0.001000,0.001000,0.001000,0.001000
1050.634615,0.004679,0.001000,0.001000,0.001000,0.001000,0.001000
1050.653846,0.005848,0.001000,0.001000,0.001000,0.001000,0.001000
1050.673077,0.007014,0.001000,0.001000,0.001000,0.001000,0.001000
1050.692308,0.008176,0.001000,0.001000,0.001000,0.001000,0.001000
1050.711538,0.009333,0.001000,0.001000,0.001000,0.001000,0.001000
1050.730769,0.010485,0.001000,0.001000,0.001000,0.001000,0.001000
1050.750000,0.011632,0.001000,0.001000,0.001000,0.001000,0.001000
1050.769231,0.012772,0.001000,0.001000,0.001000,0.001000,0.001000
1050.788462,0.013904,0.001000,0.001000,0.001000,0.001000,0.001000
1050.807692,0.015030,0.001000,0.001000,0.001000,0.001000,0.001000
1050.826923,0.016146,0.001000,0.001000,0.001000,0.001000,0.001000
1050.846154,0.017254,0.001000,0.001000,0.001000,0.001000,0.001000
1050.865385,0.018353,0.001000,0.001000,0.001000,0.001000,0.001000
1050.884615,0.019441,0.001000,0.001000,0.001000,0.001000,0.001000
1050.903846,0.020519,0.001000,0.001000,0.001000,0.001000,0.001000
1050.923077,0.021585,0.001000,0.001000,0.001000,0.001000,0.001000
1050.942308,0.022639,0.001000,0.001000,0.001000,0.001000,0.001000
1050.961538,0.023681,0.001000,0.001000,0.001000,0.001000,0.001000
1050.980769,0.024710,0.001000,0.001000,0.001000,0.001000,0.001000
1051.000000,0.025725,0.001000,0.001000,0.001000,0.001000,0.001000
1051.019231,0.026725,0.001000,0.001000,0.001000,0.001000,0.001000
1051.038462,0.027711,0.001000,0.001000,0.001000,0.001000,0.001000
1051.057692,0.028682,0.001000,0.001000,0.001000,0.001000,0.001000
1051.076923,0.029637,0.001000,0.001000,0.001000,0.001000,0.001000
1051.096154,0.030575,0.001000,0.001000,0.001000,0.001000,0.001000
1051.115385,0.031497,0.001000,0.001000,0.001000,0.001000,0.001000
1051.134615,0.032401,0.001000,0.001000,0.001000,0.001000,0.001000
1051.153846,0.033287,0.001000,0.001000,0.001000,0.001000,0.001000
1051.173077,0.034155,0.001000,0.001000,0.001000,0.001000,0.001000
1051.192308,0.035004,0.001000,0.001000,0.001000,0.001000,0.001000
1051.211538,0.035834,0.001000,0.001000,0.001000,0.001000,0.001000
1051.230769,0.036644,0.001000,0.001000,0.001000,0.001000,0.001000
1051.250000,0.037433,0.001000,0.001000,0.001000,0.001000,0.001000
1051.269231,0.038202,0.001000,0.001000,0.001000,0.001000,0.001000
1051.288462,0.038950,0.001000,0.001000,0.001000,0.001000,0.001000
1051.307692,0.039676,0.001000,0.001000,0.001000,0.001000,0.001000
1051.326923,0.040381,0.001000,0.001000,0.001000,0.001000,0.001000
1051.346154,0.041063,0.001000,0.001000,0.001000,0.001000,0.001000
1051.365385,0.041722,0.001000,0.001000,0.001000,0.001000,0.001000
1051.384615,0.042358,0.001000,0.001000,0.001000,0.001000,0.001000
1051.403846,0.042971,0.001000,0.001000,0.001000,0.001000,0.001000
1051.423077,0.043560,0.001000,0.001000,0.001000,0.001000,0.001000
1051.442308,0.044125,0.001000,0.001000,0.001000,0.001000,0.001000
1051.461538,0.044666,0.001000,0.001000,0.001000,0.001000,0.001000
1051.480769,0.045182,0.001000,0.001000,0.001000,0.001000,0.001000
1051.500000,0.045672,0.001000,0.001000,0.001000,0.001000,0.001000
1051.519231,0.046138,0.001000,0.001000,0.001000,0.001000,0.001000
1051.538462,0.046578,0.001000,0.001000,0.001000,0.001000,0.001000
1051.557692,0.046993,0.001000,0.001000,0.001000,0.001000,0.001000
1051.576923,0.047381,0.001000,0.001000,0.001000,0.001000,0.001000
1051.596154,0.047744,0.001000,0.001000,0.001000,0.001000,0.001000
1051.615385,0.048080,0.001000,0.001000,0.001000,0.001000,0.001000
1051.634615,0.048389,0.001000,0.001000,0.001000,0.001000,0.001000
1051.653846,0.048672,0.001000,0.001000,0.001000,0.001000,0.001000
1051.673077,0.048927,0.001000,0.001000,0.001000,0.001000,0.001000
1051.692308,0.049156,0.001000,0.001000,0.001000,0.001000,0.001000
1051.711538,0.049357,0.001000,0.001000,0.001000,0.001000,0.001000
1051.730769,0.049532,0.001000,0.001000,0.001000,0.001000,0.001000
1051.750000,0.049678,0.001000,0.001000,0.001000,0.001000,0.001000
1051.769231,0.049798,0.001000,0.001000,0.001000,0.001000,0.001000
1051.788462,0.049890,0.001000,0.001000,0.001000,0.001000,0.001000
1051.807692,0.049954,0.001000,0.001000,0.001000,0.001000,0.001000
1051.826923,0.049991,0.001000,0.001000,0.001000,0.001000,0.001000
1051.846154,0.050000,0.001000,0.001000,0.001000,0.001000,0.001000
1051.865385,0.049981,0.001000,0.001000,0.001000,0.001000,0.001000
1051.884615,0.049935,0.001000,0.001000,0.001000,0.001000,0.001000
1051.903846,0.049861,0.001000,0.001000,0.001000,0.001000,0.001000
1051.923077,0.049760,0.001000,0.001000,0.001000,0.001000,0.001000
1051.942308,0.049631,0.001000,0.001000,0.001000,0.001000,0.001000
1051.961538,0.049474,0.001000,0.001000,0.001000,0.001000,0.001000
1051.980769,0.049291,0.001000,0.001000,0.001000,0.001000,0.001000
1052.000000,0.049080,0.001000,0.001000,0.001000,0.001000,0.001000
1052.019231,0.048842,0.001000,0.001000,0.001000,0.001000,0.001000
1052.038462,0.048577,0.001000,0.001000,0.001000,0.001000,0.001000
1052.057692,0.048285,0.001000,0.001000,0.001000,0.001000,0.001000
1052.076923,0.047966,0.001000,0.001000,0.001000,0.001000,0.001000
1052.096154,0.047621,0.001000,0.001000,0.001000,0.001000,0.001000
1052.115385,0.047250,0.001000,0.001000,0.001000,0.001000,0.001000
1052.134615,0.046852,0.001000,0.001000,0.001000,0.001000,0.001000
1052.153846,0.046429,0.001000,0.001000,0.001000,0.001000,0.001000
1052.173077,0.045980,0.001000,0.001000,0.001000,0.001000,0.001000
1052.192308,0.045505,0.001000,0.001000,0.001000,0.001000,0.001000
1052.211538,0.045006,0.001000,0.001000,0.001000,0.001000,0.001000
1052.230769,0.044481,0.001000,0.001000,0.001000,0.001000,0.001000
1052.250000,0.043932,0.001000,0.001000,0.001000,0.001000,0.001000
1052.269231,0.043359,0.001000,0.001000,0.001000,0.001000,0.001000
1052.288462,0.042761,0.001000,0.001000,0.001000,0.001000,0.001000
1052.307692,0.042140,0.001000,0.001000,0.001000,0.001000,0.001000
1052.326923,0.041496,0.001000,0.001000,0.001000,0.001000,0.001000
1052.346154,0.040829,0.001000,0.001000,0.001000,0.001000,0.001000
1052.365385,0.040139,0.001000,0.001000,0.001000,0.001000,0.001000
1052.384615,0.039427,0.001000,0.001000,0.001000,0.001000,0.001000
1052.403846,0.038694,0.001000,0.001000,0.001000,0.001000,0.001000
1052.423077,0.037938,0.001000,0.001000,0.001000,0.001000,0.001000
1052.442308,0.037162,0.001000,0.001000,0.001000,0.001000,0.001000
1052.461538,0.036366,0.001000,0.001000,0.001000,0.001000,0.001000
1052.480769,0.035549,0.001000,0.001000,0.001000,0.001000,0.001000
1052.500000,0.034713,0.001000,0.001000,0.001000,0.001000,0.001000
1052.519231,0.033857,0.001000,0.001000,0.001000,0.001000,0.001000
1052.538462,0.032983,0.001000,0.001000,0.001000,0.001000,0.001000
1052.557692,0.032090,0.001000,0.001000,0.001000,0.001000,0.001000
1052.576923,0.031180,0.001000,0.001000,0.001000,0.001000,0.001000
1052.596154,0.030253,0.001000,0.001000,0.001000,0.001000,0.001000
1052.615385,0.029308,0.001000,0.001000,0.001000,0.001000,0.001000
1052.634615,0.028348,0.001000,0.001000,0.001000,0.001000,0.001000
1052.653846,0.027372,0.001000,0.001000,0.001000,0.001000,0.001000
1052.673077,0.026381,0.001000,0.001000,0.001000,0.001000,0.001000
1052.692308,0.025375,0.001000,0.001000,0.001000,0.001000,0.001000
1052.711538,0.024355,0.001000,0.001000,0.001000,0.001000,0.001000
1052.730769,0.023322,0.001000,0.001000,0.001000,0.001000,0.001000
1052.750000,0.022276,0.001000,0.001000,0.001000,0.001000,0.001000
1052.769231,0.021217,0.001000,0.001000,0.001000,0.001000,0.001000
1052.788462,0.020147,0.001000,0.001000,0.001000,0.001000,0.001000
1052.807692,0.019066,0.001000,0.001000,0.001000,0.001000,0.001000
1052.826923,0.017974,0.001000,0.001000,0.001000,0.001000,0.001000
1052.846154,0.016872,0.001000,0.001000,0.001000,0.001000,0.001000
1052.865385,0.015761,0.001000,0.001000,0.001000,0.001000,0.001000
1052.884615,0.014641,0.001000,0.001000,0.001000,0.001000,0.001000
1052.903846,0.013513,0.001000,0.001000,0.001000,0.001000,0.001000
1052.923077,0.012378,0.001000,0.001000,0.001000,0.001000,0.001000
1052.942308,0.011235,0.001000,0.001000,0.001000,0.001000,0.001000
1052.961538,0.010087,0.001000,0.001000,0.001000,0.001000,0.001000
1052.980769,0.008933,0.001000,0.001000,0.001000,0.001000,0.001000
1053.000000,0.007774,0.001000,0.001000,0.001000,0.001000,0.001000
1053.019231,0.006611,0.001000,0.001000,0.001000,0.001000,0.001000
1053.038462,0.005444,0.001000,0.001000,0.001000,0.001000,0.001000
1053.057692,0.004274,0.001000,0.001000,0.001000,0.001000,0.001000
1053.076923,0.003102,0.001000,0.001000,0.001000,0.001000,0.001000
1053.096154,0.001928,0.001000,0.001000,0.001000,0.001000,0.001000
1053.115385,0.000753,0.001000,0.001000,0.001000,0.001000,0.001000
1053.134615,-0.000423,0.001000,0.001000,0.001000,0.001000,0.001000
1053.153846,-0.001598,0.001000,0.001000,0.001000,0.001000,0.001000
1053.173077,-0.002772,0.001000,0.001000,0.001000,0.001000,0.001000
1053.192308,-0.003945,0.001000,0.001000,0.001000,0.001000,0.001000
1053.211538,-0.005116,0.001000,0.001000,0.001000,0.001000,0.001000
1053.230769,-0.006284,0.001000,0.001000,0.001000,0.001000,0.001000
1053.250000,-0.007448,0.001000,0.001000,0.001000,0.001000,0.001000
1053.269231,-0.008608,0.001000,0.001000,0.001000,0.001000,0.001000
1053.288462,-0.009764,0.001000,0.001000,0.001000,0.001000,0.001000
1053.307692,-0.010914,0.001000,0.001000,0.001000,0.001000,0.001000
1053.326923,-0.012058,0.001000,0.001000,0.001000,0.001000,0.001000
1053.346154,-0.013195,0.001000,0.001000,0.001000,0.001000,0.001000
1053.365385,-0.014325,0.001000,0.001000,0.001000,0.001000,0.001000
1053.384615,-0.015448,0.001000,0.001000,0.001000,0.001000,0.001000
1053.403846,-0.016561,0.001000,0.001000,0.001000,0.001000,0.001000
1053.423077,-0.017666,0.001000,0.001000,0.001000,0.001000,0.001000
1053.442308,-0.018760,0.001000,0.001000,0.001000,0.001000,0.001000
1053.461538,-0.019845,0.001000,0.001000,0.001000,0.001000,0.001000
1053.480769,-0.020918,0.001000,0.001000,0.001000,0.001000,0.001000
1053.500000,-0.021980,0.001000,0.001000,0.001000,0.001000,0.001000
1053.519231,-0.023030,0.001000,0.001000,0.001000,0.001000,0.001000
1053.538462,-0.024067,0.001000,0.001000,0.001000,0.001000,0.001000
1053.557692,-0.025090,0.001000,0.001000,0.001000,0.001000,0.001000
1053.576923,-0.026100,0.001000,0.001000,0.001000,0.001000,0.001000
1053.596154,-0.027095,0.001000,0.001000,0.001000,0.001000,0.001000
1053.615385,-0.028076,0.001000,0.001000,0.001000,0.001000,0.001000
1053.634615,-0.029040,0.001000,0.001000,0.001000,0.001000,0.001000
1053.653846,-0.029989,0.001000,0.001000,0.001000,0.001000,0.001000
1053.673077,-0.030921,0.001000,0.001000,0.001000,0.001000,0.001000
1053.692308,-0.031837,0.001000,0.001000,0.001000,0.001000,0.001000
1053.711538,-0.032734,0.001000,0.001000,0.001000,0.001000,0.001000
1053.730769,-0.033614,0.001000,0.001000,0.001000,0.001000,0.001000
1053.750000,-0.034474,0.001000,0.001000,0.001000,0.001000,0.001000
1053.769231,-0.035316,0.001000,0.001000,0.001000,0.001000,0.001000
1053.788462,-0.036139,0.001000,0.001000,0.001000,0.001000,0.001000
1053.807692,-0.036941,0.001000,0.001000,0.001000,0.001000,0.001000
1053.826923,-0.037723,0.001000,0.001000,0.001000,0.001000,0.001000
1053.846154,-0.038484,0.001000,0.001000,0.001000,0.001000,0.001000
1053.865385,-0.039224,0.001000,0.001000,0.001000,0.001000,0.001000
1053.884615,-0.039942,0.001000,0.001000,0.001000,0.001000,0.001000
1053.903846,-0.040638,0.001000,0.001000,0.001000,0.001000,0.001000
1053.923077,-0.041311,0.001000,0.001000,0.001000,0.001000,0.001000
1053.942308,-0.041962,0.001000,0.001000,0.001000,0.001000,0.001000
1053.961538,-0.042590,0.001000,0.001000,0.001000,0.001000,0.001000
1053.980769,-0.043194,0.001000,0.001000,0.001000,0.001000,0.001000
1054.000000,-0.043774,0.001000,0.001000,0.001000,0.001000,0.001000
1054.019231,-0.044330,0.001000,0.001000,0.001000,0.001000,0.001000
1054.038462,-0.044861,0.001000,0.001000,0.001000,0.001000,0.001000
1054.057692,-0.045368,0.001000,0.001000,0.001000,0.001000,0.001000
1054.076923,-0.045849,0.001000,0.001000,0.001000,0.001000,0.001000
1054.096154,-0.046306,0.001000,0.001000,0.001000,0.001000,0.001000
1054.115385,-0.046736,0.001000,0.001000,0.001000,0.001000,0.001000
1054.134615,-0.047141,0.001000,0.001000,0.001000,0.001000,0.001000
1054.153846,-0.047520,0.001000,0.001000,0.001000,0.001000,0.001000
1054.173077,-0.047872,0.001000,0.001000,0.001000,0.001000,0.001000
1054.192308,-0.048198,0.001000,0.001000,0.001000,0.001000,0.001000
1054.211538,-0.048498,0.001000,0.001000,0.001000,0.001000,0.001000
1054.230769,-0.048770,0.001000,0.001000,0.001000,0.001000,0.001000
1054.250000,-0.049016,0.001000,0.001000,0.001000,0.001000,0.001000
1054.269231,-0.049234,0.001000,0.001000,0.001000,0.001000,0.001000
1054.288462,-0.049426,0.001000,0.001000,0.001000,0.001000,0.001000
1054.307692,-0.049590,0.001000,0.001000,0.001000,0.001000,0.001000
1054.326923,-0.049726,0.001000,0.001000,0.001000,0.001000,0.001000
1054.346154,-0.049835,0.001000,0.001000,0.001000,0.001000,0.001000
1054.365385,-0.049917,0.001000,0.001000,0.001000,0.001000,0.001000
1054.384615,-0.049971,0.001000,0.001000,0.001000,0.001000,0.001000
1054.403846,-0.049997,0.001000,0.001000,0.001000,0.001000,0.001000
1054.423077,-0.049996,0.001000,0.001000,0.001000,0.001000,0.001000
1054.442308,-0.049967,0.001000,0.001000,0.001000,0.001000,0.001000
1054.461538,-0.049910,0.001000,0.001000,0.001000,0.001000,0.001000
1054.480769,-0.049826,0.001000,0.001000,0.001000,0.001000,0.001000
1054.500000,-0.049715,0.001000,0.001000,0.001000,0.001000,0.001000
1054.519231,-0.049576,0.001000,0.001000,0.001000,0.001000,0.001000
1054.538462,-0.049409,0.001000,0.001000,0.001000,0.001000,0.001000
1054.557692,-0.049215,0.001000,0.001000,0.001000,0.001000,0.001000
1054.576923,-0.048994,0.001000,0.001000,0.001000,0.001000,0.001000
1054.596154,-0.048746,0.001000,0.001000,0.001000,0.001000,0.001000
1054.615385,-0.048471,0.001000,0.001000,0.001000,0.001000,0.001000
1054.634615,-0.048169,0.001000,0.001000,0.001000,0.001000,0.001000
1054.653846,-0.047841,0.001000,0.001000,0.001000,0.001000,0.001000
1054.673077,-0.047486,0.001000,0.001000,0.001000,0.001000,0.001000
1054.692308,-0.047104,0.001000,0.001000,0.001000,0.001000,0.001000
1054.711538,-0.046697,0.001000,0.001000,0.001000,0.001000,0.001000
1054.730769,-0.046264,0.001000,0.001000,0.001000,0.001000,0.001000
1054.750000,-0.045806,0.001000,0.001000,0.001000,0.001000,0.001000
1054.769231,-0.045322,0.001000,0.001000,0.001000,0.001000,0.001000
1054.788462,-0.044813,0.001000,0.001000,0.001000,0.001000,0.001000
1054.807692,-0.044279,0.001000,0.001000,0.001000,0.001000,0.001000
1054.826923,-0.043721,0.001000,0.001000,0.001000,0.001000,0.001000
1054.846154,-0.043139,0.001000,0.001000,0.001000,0.001000,0.001000
1054.865385,-0.042532,0.001000,0.001000,0.001000,0.001000,0.001000
1054.884615,-0.041903,0.001000,0.001000,0.001000,0.001000,0.001000
1054.903846,-0.041250,0.001000,0.001000,0.001000,0.001000,0.001000
1054.923077,-0.040574,0.001000,0.001000,0.001000,0.001000,0.001000
1054.942308,-0.039876,0.001000,0.001000,0.001000,0.001000,0.001000
1054.961538,-0.039156,0.001000,0.001000,0.001000,0.001000,0.001000
1054.980769,-0.038414,0.001000,0.001000,0.001000,0.001000,0.001000
1055.000000,-0.037651,0.001000,0.001000,0.001000,0.001000,0.001000
1055.019231,-0.036867,0.001000,0.001000,0.001000,0.001000,0.001000
1055.038462,-0.036063,0.001000,0.001000,0.001000,0.001000,0.001000
1055.057692,-0.035239,0.001000,0.001000,0.001000,0.001000,0.001000
1055.076923,-0.034395,0.001000,0.001000,0.001000,0.001000,0.001000
1055.096154,-0.033533,0.001000,0.001000,0.001000,0.001000,0.001000
1055.115385,-0.032652,0.001000,0.001000,0.001000,0.001000,0.001000
1055.134615,-0.031752,0.001000,0.001000,0.001000,0.001000,0.001000
1055.153846,-0.030836,0.001000,0.001000,0.001000,0.001000,0.001000
1055.173077,-0.029902,0.001000,0.001000,0.001000,0.001000,0.001000
1055.192308,-0.028952,0.001000,0.001000,0.001000,0.001000,0.001000
1055.211538,-0.027985,0.001000,0.001000,0.001000,0.001000,0.001000
1055.230769,-0.027004,0.001000,0.001000,0.001000,0.001000,0.001000
1055.250000,-0.026007,0.001000,0.001000,0.001000,0.001000,0.001000
1055.269231,-0.024996,0.001000,0.001000,0.001000,0.001000,0.001000
1055.288462,-0.023971,0.001000,0.001000,0.001000,0.001000,0.001000
1055.307692,-0.022933,0.001000,0.001000,0.001000,0.001000,0.001000
1055.326923,-0.021882,0.001000,0.001000,0.001000,0.001000,0.001000
1055.346154,-0.020819,0.001000,0.001000,0.001000,0.001000,0.001000
1055.365385,-0.019745,0.001000,0.001000,0.001000,0.001000,0.001000
1055.384615,-0.018659,0.001000,0.001000,0.001000,0.001000,0.001000
1055.403846,-0.017564,0.001000,0.001000,0.001000,0.001000,0.001000
1055.423077,-0.016458,0.001000,0.001000,0.001000,0.001000,0.001000
1055.442308,-0.015344,0.001000,0.001000,0.001000,0.001000,0.001000
1055.461538,-0.014221,0.001000,0.001000,0.001000,0.001000,0.001000
1055.480769,-0.013090,0.001000,0.001000,0.001000,0.001000,0.001000
1055.500000,-0.011952,0.001000,0.001000,0.001000,0.001000,0.001000
1055.519231,-0.010807,0.001000,0.001000,0.001000,0.001000,0.001000
1055.538462,-0.009657,0.001000,0.001000,0.001000,0.001000,0.001000
1055.557692,-0.008501,0.001000,0.001000,0.001000,0.001000,0.001000
1055.576923,-0.007340,0.001000,0.001000,0.001000,0.001000,0.001000
1055.596154,-0.006176,0.001000,0.001000,0.001000,0.001000,0.001000
1055.615385,-0.005007,0.001000,0.001000,0.001000,0.001000,0.001000
1055.634615,-0.003837,0.001000,0.001000,0.001000,0.001000,0.001000
1055.653846,-0.002664,0.001000,0.001000,0.001000,0.001000,0.001000
1055.673077,-0.001489,0.001000,0.001000,0.001000,0.001000,0.001000
1055.692308,-0.000314,0.001000,0.001000,0.001000,0.001000,0.001000
1055.711538,0.000862,0.001000,0.001000,0.001000,0.001000,0.001000
1055.730769,0.002037,0.001000,0.001000,0.001000,0.001000,0.001000
1055.750000,0.003210,0.001000,0.001000,0.001000,0.001000,0.001000
1055.769231,0.004383,0.001000,0.001000,0.001000,0.001000,0.001000
1055.788462,0.005552,0.001000,0.001000,0.001000,0.001000,0.001000
1055.807692,0.006719,0.001000,0.001000,0.001000,0.001000,0.001000
1055.826923,0.007882,0.001000,0.001000,0.001000,0.001000,0.001000
1055.846154,0.009040,0.001000,0.001000,0.001000,0.001000,0.001000
1055.865385,0.010194,0.001000,0.001000,0.001000,0.001000,0.001000
1055.884615,0.011342,0.001000,0.001000,0.001000,0.001000,0.001000
1055.903846,0.012483,0.001000,0.001000,0.001000,0.001000,0.001000
1055.923077,0.013618,0.001000,0.001000,0.001000,0.001000,0.001000
1055.942308,0.014745,0.001000,0.001000,0.001000,0.001000,0.001000
1055.961538,0.015864,0.001000,0.001000,0.001000,0.001000,0.001000
1055.980769,0.016975,0.001000,0.001000,0.001000,0.001000,0.001000
1056.000000,0.018075,0.001000,0.001000,0.001000,0.001000,0.001000
1056.019231,0.019166,0.001000,0.001000,0.001000,0.001000,0.001000
1056.038462,0.020247,0.001000,0.001000,0.001000,0.001000,0.001000
1056.057692,0.021316,0.001000,0.001000,0.001000,0.001000,0.001000
1056.076923,0.022373,0.001000,0.001000,0.001000,0.001000,0.001000
1056.096154,0.023418,0.001000,0.001000,0.001000,0.001000,0.001000
1056.115385,0.024450,0.001000,0.001000,0.001000,0.001000,0.001000
1056.134615,0.025469,0.001000,0.001000,0.001000,0.001000,0.001000
1056.153846,0.026473,0.001000,0.001000,0.001000,0.001000,0.001000
1056.173077,0.027463,0.001000,0.001000,0.001000,0.001000,0.001000
1056.192308,0.028438,0.001000,0.001000,0.001000,0.001000,0.001000
1056.211538,0.029397,0.001000,0.001000,0.001000,0.001000,0.001000
1056.230769,0.030339,0.001000,0.001000,0.001000,0.001000,0.001000
1056.250000,0.031265,0.001000,0.001000,0.001000,0.001000,0.001000
1056.269231,0.032174,0.001000,0.001000,0.001000,0.001000,0.001000
1056.288462,0.033065,0.001000,0.001000,0.001000,0.001000,0.001000
1056.307692,0.033937,0.001000,0.001000,0.001000,0.001000,0.001000
1056.326923,0.034791,0.001000,0.001000,0.001000,0.001000,0.001000
1056.346154,0.035626,0.001000,0.001000,0.001000,0.001000,0.001000
1056.365385,0.036440,0.001000,0.001000,0.001000,0.001000,0.001000
1056.384615,0.037235,0.001000,0.001000,0.001000,0.001000,0.001000
1056.403846,0.038009,0.001000,0.001000,0.001000,0.001000,0.001000
1056.423077,0.038763,0.001000,0.001000,0.001000,0.001000,0.001000
1056.442308,0.039494,0.001000,0.001000,0.001000,0.001000,0.001000
1056.461538,0.040204,0.001000,0.001000,0.001000,0.001000,0.001000
1056.480769,0.040892,0.001000,0.001000,0.001000,0.001000,0.001000
1056.500000,0.041557,0.001000,0.001000,0.001000,0.001000,0.001000
1056.519231,0.042199,0.001000,0.001000,0.001000,0.001000,0.001000
1056.538462,0.042818,0.001000,0.001000,0.001000,0.001000,0.001000
1056.557692,0.043413,0.001000,0.001000,0.001000,0.001000,0.001000
1056.576923,0.043984,0.001000,0.001000,0.001000,0.001000,0.001000
1056.596154,0.044531,0.001000,0.001000,0.001000,0.001000,0.001000
1056.615385,0.045053,0.001000,0.001000,0.001000,0.001000,0.001000
1056.634615,0.045550,0.001000,0.001000,0.001000,0.001000,0.001000
1056.653846,0.046023,0.001000,0.001000,0.001000,0.001000,0.001000
1056.673077,0.046469,0.001000,0.001000,0.001000,0.001000,0.001000
1056.692308,0.046890,0.001000,0.001000,0.001000,0.001000,0.001000
1056.711538,0.047285,0.001000,0.001000,0.001000,0.001000,0.001000
1056.730769,0.047654,0.001000,0.001000,0.001000,0.001000,0.001000
1056.750000,0.047997,0.001000,0.001000,0.001000,0.001000,0.001000
1056.769231,0.048313,0.001000,0.001000,0.001000,0.001000,0.001000
1056.788462,0.048602,0.001000,0.001000,0.001000,0.001000,0.001000
1056.807692,0.048865,0.001000,0.001000,0.001000,0.001000,0.001000
1056.826923,0.049100,0.001000,0.001000,0.001000,0.001000,0.001000
1056.846154,0.049309,0.001000,0.001000,0.001000,0.001000,0.001000
1056.865385,0.049490,0.001000,0.001000,0.001000,0.001000,0.001000
1056.884615,0.049644,0.001000,0.001000,0.001000,0.001000,0.001000
1056.903846,0.049770,0.001000,0.001000,0.001000,0.001000,0.001000
1056.923077,0.049869,0.001000,0.001000,0.001000,0.001000,0.001000
1056.942308,0.049940,0.001000,0.001000,0.001000,0.001000,0.001000
1056.961538,0.049984,0.001000,0.001000,0.001000,0.001000,0.001000
1056.980769,0.050000,0.001000,0.001000,0.001000,0.001000,0.001000
1057.000000,0.049988,0.001000,0.001000,0.001000,0.001000,0.001000
1057.019231,0.049949,0.001000,0.001000,0.001000,0.001000,0.001000
1057.038462,0.049882,0.001000,0.001000,0.001000,0.001000,0.001000
1057.057692,0.049788,0.001000,0.001000,0.001000,0.001000,0.001000
1057.076923,0.049666,0.001000,0.001000,0.001000,0.001000,0.001000
1057.096154,0.049517,0.001000,0.001000,0.001000,0.001000,0.001000
1057.115385,0.049340,0.001000,0.001000,0.001000,0.001000,0.001000
1057.134615,0.049136,0.001000,0.001000,0.001000,0.001000,0.001000
1057.153846,0.048905,0.001000,0.001000,0.001000,0.001000,0.001000
1057.173077,0.048646,0.001000,0.001000,0.001000,0.001000,0.001000
1057.192308,0.048361,0.001000,0.001000,0.001000,0.001000,0.001000
1057.211538,0.048050,0.001000,0.001000,0.001000,0.001000,0.001000
1057.230769,0.047711,0.001000,0.001000,0.001000,0.001000,0.001000
1057.250000,0.047346,0.001000,0.001000,0.001000,0.001000,0.001000
1057.269231,0.046956,0.001000,0.001000,0.001000,0.001000,0.001000
1057.288462,0.046539,0.001000,0.001000,0.001000,0.001000,0.001000
1057.307692,0.046096,0.001000,0.001000,0.001000,0.001000,0.001000
1057.326923,0.045628,0.001000,0.001000,0.001000,0.001000,0.001000
1057.346154,0.045135,0.001000,0.001000,0.001000,0.001000,0.001000
1057.365385,0.044616,0.001000,0.001000,0.001000,0.001000,0.001000
1057.384615,0.044074,0.001000,0.001000,0.001000,0.001000,0.001000
1057.403846,0.043506,0.001000,0.001000,0.001000,0.001000,0.001000
1057.423077,0.042915,0.001000,0.001000,0.001000,0.001000,0.001000
1057.442308,0.042300,0.001000,0.001000,0.001000,0.001000,0.001000
1057.461538,0.041662,0.001000,0.001000,0.001000,0.001000,0.001000
1057.480769,0.041000,0.001000,0.001000,0.001000,0.001000,0.001000
1057.500000,0.040316,0.001000,0.001000,0.001000,0.001000,0.001000
1057.519231,0.039610,0.001000,0.001000,0.001000,0.001000,0.001000
1057.538462,0.038882,0.001000,0.001000,0.001000,0.001000,0.001000
1057.557692,0.038132,0.001000,0.001000,0.001000,0.001000,0.001000
1057.576923,0.037361,0.001000,0.001000,0.001000,0.001000,0.001000
1057.596154,0.036570,0.001000,0.001000,0.001000,0.001000,0.001000
1057.615385,0.035758,0.001000,0.001000,0.001000,0.001000,0.001000
1057.634615,0.034926,0.001000,0.001000,0.001000,0.001000,0.001000
1057.653846,0.034076,0.001000,0.001000,0.001000,0.001000,0.001000
1057.673077,0.033206,0.001000,0.001000,0.001000,0.001000,0.001000
1057.692308,0.032318,0.001000,0.001000,0.001000,0.001000,0.001000
1057.711538,0.031412,0.001000,0.001000,0.001000,0.001000,0.001000
1057.730769,0.030489,0.001000,0.001000,0.001000,0.001000,0.001000
1057.750000,0.029549,0.001000,0.001000,0.001000,0.001000,0.001000
1057.769231,0.028593,0.001000,0.001000,0.001000,0.001000,0.001000
1057.788462,0.027621,0.001000,0.001000,0.001000,0.001000,0.001000
1057.807692,0.026633,0.001000,0.001000,0.001000,0.001000,0.001000
1057.826923,0.025631,0.001000,0.001000,0.001000,0.001000,0.001000
1057.846154,0.024615,0.001000,0.001000,0.001000,0.001000,0.001000
1057.865385,0.023585,0.001000,0.001000,0.001000,0.001000,0.001000
1057.884615,0.022542,0.001000,0.001000,0.001000,0.001000,0.001000
1057.903846,0.021487,0.001000,0.001000,0.001000,0.001000,0.001000
1057.923077,0.020419,0.001000,0.001000,0.001000,0.001000,0.001000
1057.942308,0.019341,0.001000,0.001000,0.001000,0.001000,0.001000
1057.961538,0.018251,0.001000,0.001000,0.001000,0.001000,0.001000
1057.980769,0.017152,0.001000,0.001000,0.001000,0.001000,0.001000
1058.000000,0.016043,0.001000,0.001000,0.001000,0.001000,0.001000
1058.019231,0.014926,0.001000,0.001000,0.001000,0.001000,0.001000
1058.038462,0.013800,0.001000,0.001000,0.001000,0.001000,0.001000
1058.057692,0.012666,0.001000,0.001000,0.001000,0.001000,0.001000
1058.076923,0.011526,0.001000,0.001000,0.001000,0.001000,0.001000
1058.096154,0.010379,0.001000,0.001000,0.001000,0.001000,0.001000
1058.115385,0.009226,0.001000,0.001000,0.001000,0.001000,0.001000
1058.134615,0.008068,0.001000,0.001000,0.001000,0.001000,0.001000
1058.153846,0.006906,0.001000,0.001000,0.001000,0.001000,0.001000
1058.173077,0.005740,0.001000,0.001000,0.001000,0.001000,0.001000
1058.192308,0.004571,0.001000,0.001000,0.001000,0.001000,0.001000
1058.211538,0.003399,0.001000,0.001000,0.001000,0.001000,0.001000
1058.230769,0.002225,0.001000,0.001000,0.001000,0.001000,0.001000
1058.250000,0.001050,0.001000,0.001000,0.001000,0.001000,0.001000
1058.269231,-0.000125,0.001000,0.001000,0.001000,0.001000,0.001000
1058.288462,-0.001300,0.001000,0.001000,0.001000,0.001000,0.001000
1058.307692,-0.002475,0.001000,0.001000,0.001000,0.001000,0.001000
1058.326923,-0.003648,0.001000,0.001000,0.001000,0.001000,0.001000
1058.346154,-0.004820,0.001000,0.001000,0.001000,0.001000,0.001000
1058.365385,-0.005988,0.001000,0.001000,0.001000,0.001000,0.001000
1058.384615,-0.007153,0.001000,0.001000,0.001000,0.001000,0.001000
1058.403846,-0.008315,0.001000,0.001000,0.001000,0.001000,0.001000
1058.423077,-0.009471,0.001000,0.001000,0.001000,0.001000,0.001000
1058.442308,-0.010623,0.001000,0.001000,0.001000,0.001000,0.001000
1058.461538,-0.011769,0.001000,0.001000,0.001000,0.001000,0.001000
1058.480769,-0.012908,0.001000,0.001000,0.001000,0.001000,0.001000
1058.500000,-0.014040,0.001000,0.001000,0.001000,0.001000,0.001000
1058.519231,-0.015164,0.001000,0.001000,0.001000,0.001000,0.001000
1058.538462,-0.016280,0.001000,0.001000,0.001000,0.001000,0.001000
1058.557692,-0.017387,0.001000,0.001000,0.001000,0.001000,0.001000
1058.576923,-0.018484,0.001000,0.001000,0.001000,0.001000,0.001000
1058.596154,-0.019571,0.001000,0.001000,0.001000,0.001000,0.001000
1058.615385,-0.020647,0.001000,0.001000,0.001000,0.001000,0.001000
1058.634615,-0.021712,0.001000,0.001000,0.001000,0.001000,0.001000
1058.653846,-0.022765,0.001000,0.001000,0.001000,0.001000,0.001000
1058.673077,-0.023805,0.001000,0.001000,0.001000,0.001000,0.001000
1058.692308,-0.024832,0.001000,0.001000,0.001000,0.001000,0.001000
1058.711538,-0.025845,0.001000,0.001000,0.001000,0.001000,0.001000
1058.730769,-0.026844,0.001000,0.001000,0.001000,0.001000,0.001000
1058.750000,-0.027829,0.001000,0.001000,0.001000,0.001000,0.001000
1058.769231,-0.028797,0.001000,0.001000,0.001000,0.001000,0.001000
1058.788462,-0.029750,0.001000,0.001000,0.001000,0.001000,0.001000
1058.807692,-0.030687,0.001000,0.001000,0.001000,0.001000,0.001000
1058.826923,-0.031606,0.001000,0.001000,0.001000,0.001000,0.001000
1058.846154,-0.032508,0.001000,0.001000,0.001000,0.001000,0.001000
1058.865385,-0.033392,0.001000,0.001000,0.001000,0.001000,0.001000
1058.884615,-0.034258,0.001000,0.001000,0.001000,0.001000,0.001000
1058.903846,-0.035105,0.001000,0.001000,0.001000,0.001000,0.001000
1058.923077,-0.035932,0.001000,0.001000,0.001000,0.001000,0.001000
1058.942308,-0.036740,0.001000,0.001000,0.001000,0.001000,0.001000
1058.961538,-0.037527,0.001000,0.001000,0.001000,0.001000,0.001000
1058.980769,-0.038293,0.001000,0.001000,0.001000,0.001000,0.001000
1059.000000,-0.039038,0.001000,0.001000,0.001000,0.001000,0.001000
1059.019231,-0.039762,0.001000,0.001000,0.001000,0.001000,0.001000
1059.038462,-0.040463,0.001000,0.001000,0.001000,0.001000,0.001000
1059.057692,-0.041143,0.001000,0.001000,0.001000,0.001000,0.001000
1059.076923,-0.041799,0.001000,0.001000,0.001000,0.001000,0.001000
1059.096154,-0.042433,0.001000,0.001000,0.001000,0.001000,0.001000
1059.115385,-0.043043,0.001000,0.001000,0.001000,0.001000,0.001000
1059.134615,-0.043629,0.001000,0.001000,0.001000,0.001000,0.001000
1059.153846,-0.044191,0.001000,0.001000,0.001000,0.001000,0.001000
1059.173077,-0.044729,0.001000,0.001000,0.001000,0.001000,0.001000
1059.192308,-0.045242,0.001000,0.001000,0.001000,0.001000,0.001000
1059.211538,-0.045730,0.001000,0.001000,0.001000,0.001000,0.001000
1059.230769,-0.046192,0.001000,0.001000,0.001000,0.001000,0.001000
1059.250000,-0.046629,0.001000,0.001000,0.001000,0.001000,0.001000
1059.269231,-0.047041,0.001000,0.001000,0.001000,0.001000,0.001000
1059.288462,-0.047426,0.001000,0.001000,0.001000,0.001000,0.001000
1059.307692,-0.047785,0.001000,0.001000,0.001000,0.001000,0.001000
1059.326923,-0.048118,0.001000,0.001000,0.001000,0.001000,0.001000
1059.346154,-0.048424,0.001000,0.001000,0.001000,0.001000,0.001000
1059.365385,-0.048704,0.001000,0.001000,0.001000,0.001000,0.001000
1059.384615,-0.048956,0.001000,0.001000,0.001000,0.001000,0.001000
1059.403846,-0.049181,0.001000,0.001000,0.001000,0.001000,0.001000
1059.423077,-0.049380,0.001000,0.001000,0.001000,0.001000,0.001000
1059.442308,-0.049551,0.001000,0.001000,0.001000,0.001000,0.001000
1059.461538,-0.049694,0.001000,0.001000,0.001000,0.001000,0.001000
1059.480769,-0.049810,0.001000,0.001000,0.001000,0.001000,0.001000
1059.500000,-0.049899,0.001000,0.001000,0.001000,0.001000,0.001000
1059.519231,-0.049960,0.001000,0.001000,0.001000,0.001000,0.001000
1059.538462,-0.049993,0.001000,0.001000,0.001000,0.001000,0.001000
1059.557692,-0.049999,0.001000,0.001000,0.001000,0.001000,0.001000
1059.576923,-0.049977,0.001000,0.001000,0.001000,0.001000,0.001000
1059.596154,-0.049927,0.001000,0.001000,0.001000,0.001000,0.001000
1059.615385,-0.049850,0.001000,0.001000,0.001000,0.001000,0.001000
1059.634615,-0.049746,0.001000,0.001000,0.001000,0.001000,0.001000
1059.653846,-0.049613,0.001000,0.001000,0.001000,0.001000,0.001000
1059.673077,-0.049454,0.001000,0.001000,0.001000,0.001000,0.001000
1059.692308,-0.049267,0.001000,0.001000,0.001000,0.001000,0.001000
1059.711538,-0.049053,0.001000,0.001000,0.001000,0.001000,0.001000
1059.730769,-0.048811,0.001000,0.001000,0.001000,0.001000,0.001000
1059.750000,-0.048543,0.001000,0.001000,0.001000,0.001000,0.001000
1059.769231,-0.048248,0.001000,0.001000,0.001000,0.001000,0.001000
1059.788462,-0.047926,0.001000,0.001000,0.001000,0.001000,0.001000
1059.807692,-0.047578,0.001000,0.001000,0.001000,0.001000,0.001000
1059.826923,-0.047204,0.001000,0.001000,0.001000,0.001000,0.001000
1059.846154,-0.046803,0.001000,0.001000,0.001000,0.001000,0.001000
1059.865385,-0.046376,0.001000,0.001000,0.001000,0.001000,0.001000
1059.884615,-0.045924,0.001000,0.001000,0.001000,0.001000,0.001000
1059.903846,-0.045447,0.001000,0.001000,0.001000,0.001000,0.001000
1059.923077,-0.044944,0.001000,0.001000,0.001000,0.001000,0.001000
1059.942308,-0.044417,0.001000,0.001000,0.001000,0.001000,0.001000
1059.961538,-0.043865,0.001000,0.001000,0.001000,0.001000,0.001000
1059.980769,-0.043288,0.001000,0.001000,0.001000,0.001000,0.001000
1060.000000,0.000000,0.001000,0.001000,0.001000,0.001000,0.001000
1060.019231,0.001215,0.001000,0.001000,0.001000,0.001000,0.001000
1060.038462,0.002430,0.001000,0.001000,0.001000,0.001000,0.001000
1060.057692,0.003643,0.001000,0.001000,0.001000,0.001000,0.001000
1060.076923,0.004855,0.001000,0.001000,0.001000,0.001000,0.001000
1060.096154,0.006063,0.001000,0.001000,0.001000,0.001000,0.001000
1060.115385,0.007268,0.001000,0.001000,0.001000,0.001000,0.001000
1060.134615,0.008468,0.001000,0.001000,0.001000,0.001000,0.001000
1060.153846,0.009663,0.001000,0.001000,0.001000,0.001000,0.001000
1060.173077,0.010853,0.001000,0.001000,0.001000,0.001000,0.001000
1060.192308,0.012036,0.001000,0.001000,0.001000,0.001000,0.001000
1060.211538,0.013212,0.001000,0.001000,0.001000,0.001000,0.001000
1060.230769,0.014381,0.001000,0.001000,0.001000,0.001000,0.001000
1060.250000,0.015541,0.001000,0.001000,0.001000,0.001000,0.001000
1060.269231,0.016691,0.001000,0.001000,0.001000,0.001000,0.001000
1060.288462,0.017832,0.001000,0.001000,0.001000,0.001000,0.001000
1060.307692,0.018962,0.001000,0.001000,0.001000,0.001000,0.001000
1060.326923,0.020081,0.001000,0.001000,0.001000,0.001000,0.001000
1060.346154,0.021189,0.001000,0.001000,0.001000,0.001000,0.001000
1060.365385,0.022283,0.001000,0.001000,0.001000,0.001000,0.001000
1060.384615,0.023365,0.001000,0.001000,0.001000,0.001000,0.001000
1060.403846,0.024432,0.001000,0.001000,0.001000,0.001000,0.001000
1060.423077,0.025486,0.001000,0.001000,0.001000,0.001000,0.001000
1060.442308,0.026524,0.001000,0.001000,0.001000,0.001000,0.001000
1060.461538,0.027546,0.001000,0.001000,0.001000,0.001000,0.001000
1060.480769,0.028553,0.001000,0.001000,0.001000,0.001000,0.001000
1060.500000,0.029542,0.001000,0.001000,0.001000,0.001000,0.001000
1060.519231,0.030514,0.001000,0.001000,0.001000,0.001000,0.001000
1060.538462,0.031468,0.001000,0.001000,0.001000,0.001000,0.001000
1060.557692,0.032403,0.001000,0.001000,0.001000,0.001000,0.001000
1060.576923,0.033319,0.001000,0.001000,0.001000,0.001000,0.001000
1060.596154,0.034215,0.001000,0.001000,0.001000,0.001000,0.001000
1060.615385,0.035092,0.001000,0.001000,0.001000,0.001000,0.001000
1060.634615,0.035947,0.001000,0.001000,0.001000,0.001000,0.001000
1060.653846,0.036781,0.001000,0.001000,0.001000,0.001000,0.001000
1060.673077,0.037594,0.001000,0.001000,0.001000,0.001000,0.001000
1060.692308,0.038384,0.001000,0.001000,0.001000,0.001000,0.001000
1060.711538,0.039151,0.001000,0.001000,0.001000,0.001000,0.001000
1060.730769,0.039896,0.001000,0.001000,0.001000,0.001000,0.001000
1060.750000,0.040617,0.001000,0.001000,0.001000,0.001000,0.001000
1060.769231,0.041314,0.001000,0.001000,0.001000,0.001000,0.001000
1060.788462,0.041986,0.001000,0.001000,0.001000,0.001000,0.001000
1060.807692,0.042634,0.001000,0.001000,0.001000,0.001000,0.001000
1060.826923,0.043256,0.001000,0.001000,0.001000,0.001000,0.001000
1060.846154,0.043853,0.001000,0.001000,0.001000,0.001000,0.001000
1060.865385,0.044424,0.001000,0.001000,0.001000,0.001000,0.001000
1060.884615,0.044968,0.001000,0.001000,0.001000,0.001000,0.001000
1060.903846,0.045487,0.001000,0.001000,0.001000,0.001000,0.001000
1060.923077,0.045978,0.001000,0.001000,0.001000,0.001000,0.001000
1060.942308,0.046442,0.001000,0.001000,0.001000,0.001000,0.001000
1060.961538,0.046878,0.001000,0.001000,0.001000,0.001000,0.001000
1060.980769,0.047287,0.001000,0.001000,0.001000,0.001000,0.001000
1061.000000,0.047668,0.001000,0.001000,0.001000,0.001000,0.001000
1061.019231,0.048021,0.001000,0.001000,0.001000,0.001000,0.001000
1061.038462,0.048345,0.001000,0.001000,0.001000,0.001000,0.001000
1061.057692,0.048641,0.001000,0.001000,0.001000,0.001000,0.001000
1061.076923,0.048908,0.001000,0.001000,0.001000,0.001000,0.001000
1061.096154,0.049146,0.001000,0.001000,0.001000,0.001000,0.001000
1061.115385,0.049356,0.001000,0.001000,0.001000,0.001000,0.001000
1061.134615,0.049535,0.001000,0.001000,0.001000,0.001000,0.001000
1061.153846,0.049686,0.001000,0.001000,0.001000,0.001000,0.001000
1061.173077,0.049807,0.001000,0.001000,0.001000,0.001000,0.001000
1061.192308,0.049899,0.001000,0.001000,0.001000,0.001000,0.001000
1061.211538,0.049962,0.001000,0.001000,0.001000,0.001000,0.001000
1061.230769,0.049994,0.001000,0.001000,0.001000,0.001000,0.001000
1061.250000,0.049998,0.001000,0.001000,0.001000,0.001000,0.001000
1061.269231,0.049972,0.001000,0.001000,0.001000,0.001000,0.001000
1061.288462,0.049916,0.001000,0.001000,0.001000,0.001000,0.001000
1061.307692,0.049830,0.001000,0.001000,0.001000,0.001000,0.001000
1061.326923,0.049716,0.001000,0.001000,0.001000,0.001000,0.001000
1061.346154,0.049572,0.001000,0.001000,0.001000,0.001000,0.001000
1061.365385,0.049398,0.001000,0.001000,0.001000,0.001000,0.001000
1061.384615,0.049196,0.001000,0.001000,0.001000,0.001000,0.001000
1061.403846,0.048964,0.001000,0.001000,0.001000,0.001000,0.001000
1061.423077,0.048703,0.001000,0.001000,0.001000,0.001000,0.001000
1061.442308,0.048414,0.001000,0.001000,0.001000,0.001000,0.001000
1061.461538,0.048096,0.001000,0.001000,0.001000,0.001000,0.001000
1061.480769,0.047749,0.001000,0.001000,0.001000,0.001000,0.001000
1061.500000,0.047375,0.001000,0.001000,0.001000,0.001000,0.001000
1061.519231,0.046972,0.001000,0.001000,0.001000,0.001000,0.001000
1061.538462,0.046542,0.001000,0.001000,0.001000,0.001000,0.001000
1061.557692,0.046084,0.001000,0.001000,0.001000,0.001000,0.001000
1061.576923,0.045598,0.001000,0.001000,0.001000,0.001000,0.001000
1061.596154,0.045086,0.001000,0.001000,0.001000,0.001000,0.001000
1061.615385,0.044548,0.001000,0.001000,0.001000,0.001000,0.001000
1061.634615,0.043982,0.001000,0.001000,0.001000,0.001000,0.001000
1061.653846,0.043391,0.001000,0.001000,0.001000,0.001000,0.001000
1061.673077,0.042775,0.001000,0.001000,0.001000,0.001000,0.001000
1061.692308,0.042133,0.001000,0.001000,0.001000,0.001000,0.001000
1061.711538,0.041466,0.001000,0.001000,0.001000,0.001000,0.001000
1061.730769,0.040774,0.001000,0.001000,0.001000,0.001000,0.001000
1061.750000,0.040059,0.001000,0.001000,0.001000,0.001000,0.001000
1061.769231,0.039319,0.001000,0.001000,0.001000,0.001000,0.001000
1061.788462,0.038557,0.001000,0.001000,0.001000,0.001000,0.001000
1061.807692,0.037772,0.001000,0.001000,0.001000,0.001000,0.001000
1061.826923,0.036964,0.001000,0.001000,0.001000,0.001000,0.001000
1061.846154,0.036135,0.001000,0.001000,0.001000,0.001000,0.001000
1061.865385,0.035284,0.001000,0.001000,0.001000,0.001000,0.001000
1061.884615,0.034413,0.001000,0.001000,0.001000,0.001000,0.001000
1061.903846,0.033521,0.001000,0.001000,0.001000,0.001000,0.001000
1061.923077,0.032609,0.001000,0.001000,0.001000,0.001000,0.001000
1061.942308,0.031678,0.001000,0.001000,0.001000,0.001000,0.001000
1061.961538,0.030728,0.001000,0.001000,0.001000,0.001000,0.001000
1061.980769,0.029760,0.001000,0.001000,0.001000,0.001000,0.001000
1062.000000,0.028775,0.001000,0.001000,0.001000,0.001000,0.001000
1062.019231,0.027772,0.001000,0.001000,0.001000,0.001000,0.001000
1062.038462,0.026753,0.001000,0.001000,0.001000,0.001000,0.001000
1062.057692,0.025718,0.001000,0.001000,0.001000,0.001000,0.001000
1062.076923,0.024669,0.001000,0.001000,0.001000,0.001000,0.001000
1062.096154,0.023604,0.001000,0.001000,0.001000,0.001000,0.001000
1062.115385,0.022526,0.001000,0.001000,0.001000,0.001000,0.001000
1062.134615,0.021434,0.001000,0.001000,0.001000,0.001000,0.001000
1062.153846,0.020329,0.001000,0.001000,0.001000,0.001000,0.001000
1062.173077,0.019213,0.001000,0.001000,0.001000,0.001000,0.001000
1062.192308,0.018085,0.001000,0.001000,0.001000,0.001000,0.001000
1062.211538,0.016947,0.001000,0.001000,0.001000,0.001000,0.001000
1062.230769,0.015798,0.001000,0.001000,0.001000,0.001000,0.001000
1062.250000,0.014640,0.001000,0.001000,0.001000,0.001000,0.001000
1062.269231,0.013474,0.001000,0.001000,0.001000,0.001000,0.001000
1062.288462,0.012299,0.001000,0.001000,0.001000,0.001000,0.001000
1062.307692,0.011117,0.001000,0.001000,0.001000,0.001000,0.001000
1062.326923,0.009929,0.001000,0.001000,0.001000,0.001000,0.001000
1062.346154,0.008735,0.001000,0.001000,0.001000,0.001000,0.001000
1062.365385,0.007536,0.001000,0.001000,0.001000,0.001000,0.001000
1062.384615,0.006332,0.001000,0.001000,0.001000,0.001000,0.001000
1062.403846,0.005124,0.001000,0.001000,0.001000,0.001000,0.001000
1062.423077,0.003914,0.001000,0.001000,0.001000,0.001000,0.001000
1062.442308,0.002701,0.001000,0.001000,0.001000,0.001000,0.001000
1062.461538,0.001486,0.001000,0.001000,0.001000,0.001000,0.001000
1062.480769,0.000271,0.001000,0.001000,0.001000,0.001000,0.001000
1062.500000,-0.000944,0.001000,0.001000,0.001000,0.001000,0.001000
1062.519231,-0.002159,0.001000,0.001000,0.001000,0.001000,0.001000
1062.538462,-0.003373,0.001000,0.001000,0.001000,0.001000,0.001000
1062.557692,-0.004585,0.001000,0.001000,0.001000,0.001000,0.001000
1062.576923,-0.005794,0.001000,0.001000,0.001000,0.001000,0.001000
1062.596154,-0.006999,0.001000,0.001000,0.001000,0.001000,0.001000
1062.615385,-0.008201,0.001000,0.001000,0.001000,0.001000,0.001000
1062.634615,-0.009397,0.001000,0.001000,0.001000,0.001000,0.001000
1062.653846,-0.010588,0.001000,0.001000,0.001000,0.001000,0.001000
1062.673077,-0.011773,0.001000,0.001000,0.001000,0.001000,0.001000
1062.692308,-0.012951,0.001000,0.001000,0.001000,0.001000,0.001000
1062.711538,-0.014121,0.001000,0.001000,0.001000,0.001000,0.001000
1062.730769,-0.015283,0.001000,0.001000,0.001000,0.001000,0.001000
1062.750000,-0.016436,0.001000,0.001000,0.001000,0.001000,0.001000
1062.769231,-0.017579,0.001000,0.001000,0.001000,0.001000,0.001000
1062.788462,-0.018711,0.001000,0.001000,0.001000,0.001000,0.001000
1062.807692,-0.019833,0.001000,0.001000,0.001000,0.001000,0.001000
1062.826923,-0.020943,0.001000,0.001000,0.001000,0.001000,0.001000
1062.846154,-0.022040,0.001000,0.001000,0.001000,0.001000,0.001000
1062.865385,-0.023125,0.001000,0.001000,0.001000,0.001000,0.001000
1062.884615,-0.024196,0.001000,0.001000,0.001000,0.001000,0.001000
1062.903846,-0.025252,0.001000,0.001000,0.001000,0.001000,0.001000
1062.923077,-0.026294,0.001000,0.001000,0.001000,0.001000,0.001000
1062.942308,-0.027320,0.001000,0.001000,0.001000,0.001000,0.001000
1062.961538,-0.028330,0.001000,0.001000,0.001000,0.001000,0.001000
1062.980769,-0.029323,0.001000,0.001000,0.001000,0.001000,0.001000
1063.000000,-0.030299,0.001000,0.001000,0.001000,0.001000,0.001000
1063.019231,-0.031257,0.001000,0.001000,0.001000,0.001000,0.001000
1063.038462,-0.032196,0.001000,0.001000,0.001000,0.001000,0.001000
1063.057692,-0.033116,0.001000,0.001000,0.001000,0.001000,0.001000
1063.076923,-0.034017,0.001000,0.001000,0.001000,0.001000,0.001000
1063.096154,-0.034898,0.001000,0.001000,0.001000,0.001000,0.001000
1063.115385,-0.035758,0.001000,0.001000,0.001000,0.001000,0.001000
1063.134615,-0.036597,0.001000,0.001000,0.001000,0.001000,0.001000
1063.153846,-0.037414,0.001000,0.001000,0.001000,0.001000,0.001000
1063.173077,-0.038210,0.001000,0.001000,0.001000,0.001000,0.001000
1063.192308,-0.038982,0.001000,0.001000,0.001000,0.001000,0.001000
1063.211538,-0.039732,0.001000,0.001000,0.001000,0.001000,0.001000
1063.230769,-0.040458,0.001000,0.001000,0.001000,0.001000,0.001000
1063.250000,-0.041160,0.001000,0.001000,0.001000,0.001000,0.001000
1063.269231,-0.041838,0.001000,0.001000,0.001000,0.001000,0.001000
1063.288462,-0.042491,0.001000,0.001000,0.001000,0.001000,0.001000
1063.307692,-0.043119,0.001000,0.001000,0.001000,0.001000,0.001000
1063.326923,-0.043722,0.001000,0.001000,0.001000,0.001000,0.001000
1063.346154,-0.044299,0.001000,0.001000,0.001000,0.001000,0.001000
1063.365385,-0.044849,0.001000,0.001000,0.001000,0.001000,0.001000
1063.384615,-0.045373,0.001000,0.001000,0.001000,0.001000,0.001000
1063.403846,-0.045871,0.001000,0.001000,0.001000,0.001000,0.001000
1063.423077,-0.046341,0.001000,0.001000,0.001000,0.001000,0.001000
1063.442308,-0.046783,0.001000,0.001000,0.001000,0.001000,0.001000
1063.461538,-0.047199,0.001000,0.001000,0.001000,0.001000,0.001000
1063.480769,-0.047586,0.001000,0.001000,0.001000,0.001000,0.001000
1063.500000,-0.047945,0.001000,0.001000,0.001000,0.001000,0.001000
1063.519231,-0.048276,0.001000,0.001000,0.001000,0.001000,0.001000
1063.538462,-0.048578,0.001000,0.001000,0.001000,0.001000,0.001000
1063.557692,-0.048851,0.001000,0.001000,0.001000,0.001000,0.001000
1063.576923,-0.049096,0.001000,0.001000,0.001000,0.001000,0.001000
1063.596154,-0.049311,0.001000,0.001000,0.001000,0.001000,0.001000
1063.615385,-0.049498,0.001000,0.001000,0.001000,0.001000,0.001000
1063.634615,-0.049655,0.001000,0.001000,0.001000,0.001000,0.001000
1063.653846,-0.049783,0.001000,0.001000,0.001000,0.001000,0.001000
1063.673077,-0.049881,0.001000,0.001000,0.001000,0.001000,0.001000
1063.692308,-0.049950,0.001000,0.001000,0.001000,0.001000,0.001000
1063.711538,-0.049990,0.001000,0.001000,0.001000,0.001000,0.001000
1063.730769,-0.050000,0.001000,0.001000,0.001000,0.001000,0.001000
1063.750000,-0.049980,0.001000,0.001000,0.001000,0.001000,0.001000
1063.769231,-0.049931,0.001000,0.001000,0.001000,0.001000,0.001000
1063.788462,-0.049852,0.001000,0.001000,0.001000,0.001000,0.001000
1063.807692,-0.049744,0.001000,0.001000,0.001000,0.001000,0.001000
1063.826923,-0.049606,0.001000,0.001000,0.001000,0.001000,0.001000
1063.846154,-0.049439,0.001000,0.001000,0.001000,0.001000,0.001000
1063.865385,-0.049243,0.001000,0.001000,0.001000,0.001000,0.001000
1063.884615,-0.049018,0.001000,0.001000,0.001000,0.001000,0.001000
1063.903846,-0.048764,0.001000,0.001000,0.001000,0.001000,0.001000
1063.923077,-0.048481,0.001000,0.001000,0.001000,0.001000,0.001000
1063.942308,-0.048169,0.001000,0.001000,0.001000,0.001000,0.001000
1063.961538,-0.047829,0.001000,0.001000,0.001000,0.001000,0.001000
1063.980769,-0.047461,0.001000,0.001000,0.001000,0.001000,0.001000
1064.000000,-0.047064,0.001000,0.001000,0.001000,0.001000,0.001000
1064.019231,-0.046640,0.001000,0.001000,0.001000,0.001000,0.001000
1064.038462,-0.046188,0.001000,0.001000,0.001000,0.001000,0.001000
1064.057692,-0.045709,0.001000,0.001000,0.001000,0.001000,0.001000
1064.076923,-0.045203,0.001000,0.001000,0.001000,0.001000,0.001000
1064.096154,-0.044670,0.001000,0.001000,0.001000,0.001000,0.001000
1064.115385,-0.044111,0.001000,0.001000,0.001000,0.001000,0.001000
1064.134615,-0.043525,0.001000,0.001000,0.001000,0.001000,0.001000
1064.153846,-0.042914,0.001000,0.001000,0.001000,0.001000,0.001000
1064.173077,-0.042278,0.001000,0.001000,0.001000,0.001000,0.001000
1064.192308,-0.041616,0.001000,0.001000,0.001000,0.001000,0.001000
1064.211538,-0.040930,0.001000,0.001000,0.001000,0.001000,0.001000
1064.230769,-0.040220,0.001000,0.001000,0.001000,0.001000,0.001000
1064.250000,-0.039486,0.001000,0.001000,0.001000,0.001000,0.001000
1064.269231,-0.038729,0.001000,0.001000,0.001000,0.001000,0.001000
1064.288462,-0.037949,0.001000,0.001000,0.001000,0.001000,0.001000
1064.307692,-0.037146,0.001000,0.001000,0.001000,0.001000,0.001000
1064.326923,-0.036322,0.001000,0.001000,0.001000,0.001000,0.001000
1064.346154,-0.035476,0.001000,0.001000,0.001000,0.001000,0.001000
1064.365385,-0.034609,0.001000,0.001000,0.001000,0.001000,0.001000
1064.384615,-0.033721,0.001000,0.001000,0.001000,0.001000,0.001000
1064.403846,-0.032814,0.001000,0.001000,0.001000,0.001000,0.001000
1064.423077,-0.031887,0.001000,0.001000,0.001000,0.001000,0.001000
1064.442308,-0.030941,0.001000,0.001000,0.001000,0.001000,0.001000
1064.461538,-0.029977,0.001000,0.001000,0.001000,0.001000,0.001000
1064.480769,-0.028996,0.001000,0.001000,0.001000,0.001000,0.001000
1064.500000,-0.027997,0.001000,0.001000,0.001000,0.001000,0.001000
1064.519231,-0.026982,0.001000,0.001000,0.001000,0.001000,0.001000
1064.538462,-0.025950,0.001000,0.001000,0.001000,0.001000,0.001000
1064.557692,-0.024904,0.001000,0.001000,0.001000,0.001000,0.001000
1064.576923,-0.023843,0.001000,0.001000,0.001000,0.001000,0.001000
1064.596154,-0.022767,0.001000,0.001000,0.001000,0.001000,0.001000
1064.615385,-0.021678,0.001000,0.001000,0.001000,0.001000,0.001000
1064.634615,-0.020577,0.001000,0.001000,0.001000,0.001000,0.001000
1064.653846,-0.019463,0.001000,0.001000,0.001000,0.001000,0.001000
1064.673077,-0.018337,0.001000,0.001000,0.001000,0.001000,0.001000
1064.692308,-0.017201,0.001000,0.001000,0.001000,0.001000,0.001000
1064.711538,-0.016055,0.001000,0.001000,0.001000,0.001000,0.001000
1064.730769,-0.014899,0.001000,0.001000,0.001000,0.001000,0.001000
1064.750000,-0.013734,0.001000,0.001000,0.001000,0.001000,0.001000
1064.769231,-0.012562,0.001000,0.001000,0.001000,0.001000,0.001000
1064.788462,-0.011382,0.001000,0.001000,0.001000,0.001000,0.001000
1064.807692,-0.010195,0.001000,0.001000,0.001000,0.001000,0.001000
1064.826923,-0.009002,0.001000,0.001000,0.001000,0.001000,0.001000
1064.846154,-0.007803,0.001000,0.001000,0.001000,0.001000,0.001000
1064.865385,-0.006601,0.001000,0.001000,0.001000,0.001000,0.001000
1064.884615,-0.005394,0.001000,0.001000,0.001000,0.001000,0.001000
1064.903846,-0.004184,0.001000,0.001000,0.001000,0.001000,0.001000
1064.923077,-0.002971,0.001000,0.001000,0.001000,0.001000,0.001000
1064.942308,-0.001757,0.001000,0.001000,0.001000,0.001000,0.001000
1064.961538,-0.000542,0.001000,0.001000,0.001000,0.001000,0.001000
1064.980769,0.000674,0.001000,0.001000,0.001000,0.001000,0.001000
1065.000000,0.001889,0.001000,0.001000,0.001000,0.001000,0.001000
1065.019231,0.003103,0.001000,0.001000,0.001000,0.001000,0.001000
1065.038462,0.004315,0.001000,0.001000,0.001000,0.001000,0.001000
1065.057692,0.005525,0.001000,0.001000,0.001000,0.001000,0.001000
1065.076923,0.006731,0.001000,0.001000,0.001000,0.001000,0.001000
1065.096154,0.007933,0.001000,0.001000,0.001000,0.001000,0.001000
1065.115385,0.009131,0.001000,0.001000,0.001000,0.001000,0.001000
1065.134615,0.010323,0.001000,0.001000,0.001000,0.001000,0.001000
1065.153846,0.011510,0.001000,0.001000,0.001000,0.001000,0.001000
1065.173077,0.012689,0.001000,0.001000,0.001000,0.001000,0.001000
1065.192308,0.013861,0.001000,0.001000,0.001000,0.001000,0.001000
1065.211538,0.015025,0.001000,0.001000,0.001000,0.001000,0.001000
1065.230769,0.016179,0.001000,0.001000,0.001000,0.001000,0.001000
1065.250000,0.017325,0.001000,0.001000,0.001000,0.001000,0.001000
1065.269231,0.018460,0.001000,0.001000,0.001000,0.001000,0.001000
1065.288462,0.019584,0.001000,0.001000,0.001000,0.001000,0.001000
1065.307692,0.020696,0.001000,0.001000,0.001000,0.001000,0.001000
1065.326923,0.021797,0.001000,0.001000,0.001000,0.001000,0.001000
1065.346154,0.022884,0.001000,0.001000,0.001000,0.001000,0.001000
1065.365385,0.023958,0.001000,0.001000,0.001000,0.001000,0.001000
1065.384615,0.025018,0.001000,0.001000,0.001000,0.001000,0.001000
1065.403846,0.026063,0.001000,0.001000,0.001000,0.001000,0.001000
1065.423077,0.027092,0.001000,0.001000,0.001000,0.001000,0.001000
1065.442308,0.028106,0.001000,0.001000,0.001000,0.001000,0.001000
1065.461538,0.029103,0.001000,0.001000,0.001000,0.001000,0.001000
1065.480769,0.030083,0.001000,0.001000,0.001000,0.001000,0.001000
1065.500000,0.031045,0.001000,0.001000,0.001000,0.001000,0.001000
1065.519231,0.031988,0.001000,0.001000,0.001000,0.001000,0.001000
1065.538462,0.032913,0.001000,0.001000,0.001000,0.001000,0.001000
1065.557692,0.033818,0.001000,0.001000,0.001000,0.001000,0.001000
1065.576923,0.034703,0.001000,0.001000,0.001000,0.001000,0.001000
1065.596154,0.035568,0.001000,0.001000,0.001000,0.001000,0.001000
1065.615385,0.036412,0.001000,0.001000,0.001000,0.001000,0.001000
1065.634615,0.037234,0.001000,0.001000,0.001000,0.001000,0.001000
1065.653846,0.038034,0.001000,0.001000,0.001000,0.001000,0.001000
1065.673077,0.038812,0.001000,0.001000,0.001000,0.001000,0.001000
1065.692308,0.039567,0.001000,0.001000,0.001000,0.001000,0.001000
1065.711538,0.040298,0.001000,0.001000,0.001000,0.001000,0.001000
1065.730769,0.041006,0.001000,0.001000,0.001000,0.001000,0.001000
1065.750000,0.041689,0.001000,0.001000,0.001000,0.001000,0.001000
1065.769231,0.042348,0.001000,0.001000,0.001000,0.001000,0.001000
1065.788462,0.042982,0.001000,0.001000,0.001000,0.001000,0.001000
1065.807692,0.043590,0.001000,0.001000,0.001000,0.001000,0.001000
1065.826923,0.044172,0.001000,0.001000,0.001000,0.001000,0.001000
1065.846154,0.044729,0.001000,0.001000,0.001000,0.001000,0.001000
1065.865385,0.045259,0.001000,0.001000,0.001000,0.001000,0.001000
1065.884615,0.045762,0.001000,0.001000,0.001000,0.001000,0.001000
1065.903846,0.046238,0.001000,0.001000,0.001000,0.001000,0.001000
1065.923077,0.046687,0.001000,0.001000,0.001000,0.001000,0.001000
1065.942308,0.047108,0.001000,0.001000,0.001000,0.001000,0.001000
1065.961538,0.047502,0.001000,0.001000,0.001000,0.001000,0.001000
1065.980769,0.047867,0.001000,0.001000,0.001000,0.001000,0.001000
1066.000000,0.048204,0.001000,0.001000,0.001000,0.001000,0.001000
1066.019231,0.048513,0.001000,0.001000,0.001000,0.001000,0.001000
1066.038462,0.048793,0.001000,0.001000,0.001000,0.001000,0.001000
1066.057692,0.049044,0.001000,0.001000,0.001000,0.001000,0.001000
1066.076923,0.049266,0.001000,0.001000,0.001000,0.001000,0.001000
1066.096154,0.049459,0.001000,0.001000,0.001000,0.001000,0.001000
1066.115385,0.049623,0.001000,0.001000,0.001000,0.001000,0.001000
1066.134615,0.049757,0.001000,0.001000,0.001000,0.001000,0.001000
1066.153846,0.049862,0.001000,0.001000,0.001000,0.001000,0.001000
1066.173077,0.049937,0.001000,0.001000,0.001000,0.001000,0.001000
1066.192308,0.049983,0.001000,0.001000,0.001000,0.001000,0.001000
1066.211538,0.050000,0.001000,0.001000,0.001000,0.001000,0.001000
1066.230769,0.049987,0.001000,0.001000,0.001000,0.001000,0.001000
1066.250000,0.049944,0.001000,0.001000,0.001000,0.001000,0.001000
1066.269231,0.049872,0.001000,0.001000,0.001000,0.001000,0.001000
1066.288462,0.049770,0.001000,0.001000,0.001000,0.001000,0.001000
1066.307692,0.049639,0.001000,0.001000,0.001000,0.001000,0.001000
1066.326923,0.049479,0.001000,0.001000,0.001000,0.001000,0.001000
1066.346154,0.049289,0.001000,0.001000,0.001000,0.001000,0.001000
1066.365385,0.049071,0.001000,0.001000,0.001000,0.001000,0.001000
1066.384615,0.048823,0.001000,0.001000,0.001000,0.001000,0.001000
1066.403846,0.048546,0.001000,0.001000,0.001000,0.001000,0.001000
1066.423077,0.048241,0.001000,0.001000,0.001000,0.001000,0.001000
1066.442308,0.047907,0.001000,0.001000,0.001000,0.001000,0.001000
1066.461538,0.047545,0.001000,0.001000,0.001000,0.001000,0.001000
1066.480769,0.047155,0.001000,0.001000,0.001000,0.001000,0.001000
1066.500000,0.046737,0.001000,0.001000,0.001000,0.001000,0.001000
1066.519231,0.046291,0.001000,0.001000,0.001000,0.001000,0.001000
1066.538462,0.045818,0.001000,0.001000,0.001000,0.001000,0.001000
1066.557692,0.045318,0.001000,0.001000,0.001000,0.001000,0.001000
1066.576923,0.044791,0.001000,0.001000,0.001000,0.001000,0.001000
1066.596154,0.044238,0.001000,0.001000,0.001000,0.001000,0.001000
1066.615385,0.043658,0.001000,0.001000,0.001000,0.001000,0.001000
1066.634615,0.043053,0.001000,0.001000,0.001000,0.001000,0.001000
1066.653846,0.042422,0.001000,0.001000,0.001000,0.001000,0.001000
1066.673077,0.041766,0.001000,0.001000,0.001000,0.001000,0.001000
1066.692308,0.041086,0.001000,0.001000,0.001000,0.001000,0.001000
1066.711538,0.040381,0.001000,0.001000,0.001000,0.001000,0.001000
1066.730769,0.039652,0.001000,0.001000,0.001000,0.001000,0.001000
1066.750000,0.038900,0.001000,0.001000,0.001000,0.001000,0.001000
1066.769231,0.038125,0.001000,0.001000,0.001000,0.001000,0.001000
1066.788462,0.037327,0.001000,0.001000,0.001000,0.001000,0.001000
1066.807692,0.036507,0.001000,0.001000,0.001000,0.001000,0.001000
1066.826923,0.035666,0.001000,0.001000,0.001000,0.001000,0.001000
1066.846154,0.034804,0.001000,0.001000,0.001000,0.001000,0.001000
1066.865385,0.033921,0.001000,0.001000,0.001000,0.001000,0.001000
1066.884615,0.033018,0.001000,0.001000,0.001000,0.001000,0.001000
1066.903846,0.032095,0.001000,0.001000,0.001000,0.001000,0.001000
1066.923077,0.031154,0.001000,0.001000,0.001000,0.001000,0.001000
1066.942308,0.030194,0.001000,0.001000,0.001000,0.001000,0.001000
1066.961538,0.029216,0.001000,0.001000,0.001000,0.001000,0.001000
1066.980769,0.028221,0.001000,0.001000,0.001000,0.001000,0.001000
1067.000000,0.027210,0.001000,0.001000,0.001000,0.001000,0.001000
1067.019231,0.026182,0.001000,0.001000,0.001000,0.001000,0.001000
1067.038462,0.025139,0.001000,0.001000,0.001000,0.001000,0.001000
1067.057692,0.024080,0.001000,0.001000,0.001000,0.001000,0.001000
1067.076923,0.023008,0.001000,0.001000,0.001000,0.001000,0.001000
1067.096154,0.021922,0.001000,0.001000,0.001000,0.001000,0.001000
1067.115385,0.020823,0.001000,0.001000,0.001000,0.001000,0.001000
1067.134615,0.019712,0.001000,0.001000,0.001000,0.001000,0.001000
1067.153846,0.018589,0.001000,0.001000,0.001000,0.001000,0.001000
1067.173077,0.017455,0.001000,0.001000,0.001000,0.001000,0.001000
1067.192308,0.016311,0.001000,0.001000,0.001000,0.001000,0.001000
1067.211538,0.015158,0.001000,0.001000,0.001000,0.001000,0.001000
1067.230769,0.013995,0.001000,0.001000,0.001000,0.001000,0.001000
1067.250000,0.012824,0.001000,0.001000,0.001000,0.001000,0.001000
1067.269231,0.011645,0.001000,0.001000,0.001000,0.001000,0.001000
1067.288462,0.010460,0.001000,0.001000,0.001000,0.001000,0.001000
1067.307692,0.009268,0.001000,0.001000,0.001000,0.001000,0.001000
1067.326923,0.008071,0.001000,0.001000,0.001000,0.001000,0.001000
1067.346154,0.006869,0.001000,0.001000,0.001000,0.001000,0.001000
1067.365385,0.005663,0.001000,0.001000,0.001000,0.001000,0.001000
1067.384615,0.004454,0.001000,0.001000,0.001000,0.001000,0.001000
1067.403846,0.003242,0.001000,0.001000,0.001000,0.001000,0.001000
1067.423077,0.002028,0.001000,0.001000,0.001000,0.001000,0.001000
1067.442308,0.000813,0.001000,0.001000,0.001000,0.001000,0.001000
1067.461538,-0.000403,0.001000,0.001000,0.001000,0.001000,0.001000
1067.480769,-0.001618,0.001000,0.001000,0.001000,0.001000,0.001000
1067.500000,-0.002832,0.001000,0.001000,0.001000,0.001000,0.001000
1067.519231,-0.004045,0.001000,0.001000,0.001000,0.001000,0.001000
1067.538462,-0.005255,0.001000,0.001000,0.001000,0.001000,0.001000
1067.557692,-0.006462,0.001000,0.001000,0.001000,0.001000,0.001000
1067.576923,-0.007666,0.001000,0.001000,0.001000,0.001000,0.001000
1067.596154,-0.008864,0.001000,0.001000,0.001000,0.001000,0.001000
1067.615385,-0.010058,0.001000,0.001000,0.001000,0.001000,0.001000
1067.634615,-0.011246,0.001000,0.001000,0.001000,0.001000,0.001000
1067.653846,-0.012427,0.001000,0.001000,0.001000,0.001000,0.001000
1067.673077,-0.013600,0.001000,0.001000,0.001000,0.001000,0.001000
1067.692308,-0.014766,0.001000,0.001000,0.001000,0.001000,0.001000
1067.711538,-0.015923,0.001000,0.001000,0.001000,0.001000,0.001000
1067.730769,-0.017070,0.001000,0.001000,0.001000,0.001000,0.001000
1067.750000,-0.018208,0.001000,0.001000,0.001000,0.001000,0.001000
1067.769231,-0.019334,0.001000,0.001000,0.001000,0.001000,0.001000
1067.788462,-0.020449,0.001000,0.001000,0.001000,0.001000,0.001000
1067.807692,-0.021552,0.001000,0.001000,0.001000,0.001000,0.001000
1067.826923,-0.022643,0.001000,0.001000,0.001000,0.001000,0.001000
1067.846154,-0.023720,0.001000,0.001000,0.001000,0.001000,0.001000
1067.865385,-0.024783,0.001000,0.001000,0.001000,0.001000,0.001000
1067.884615,-0.025831,0.001000,0.001000,0.001000,0.001000,0.001000
1067.903846,-0.026864,0.001000,0.001000,0.001000,0.001000,0.001000
1067.923077,-0.027881,0.001000,0.001000,0.001000,0.001000,0.001000
1067.942308,-0.028882,0.001000,0.001000,0.001000,0.001000,0.001000
1067.961538,-0.029866,0.001000,0.001000,0.001000,0.001000,0.001000
1067.980769,-0.030832,0.001000,0.001000,0.001000,0.001000,0.001000
1068.000000,-0.031779,0.001000,0.001000,0.001000,0.001000,0.001000
1068.019231,-0.032708,0.001000,0.001000,0.001000,0.001000,0.001000
1068.038462,-0.033618,0.001000,0.001000,0.001000,0.001000,0.001000
1068.057692,-0.034508,0.001000,0.001000,0.001000,0.001000,0.001000
1068.076923,-0.035377,0.001000,0.001000,0.001000,0.001000,0.001000
1068.096154,-0.036226,0.001000,0.001000,0.001000,0.001000,0.001000
1068.115385,-0.037053,0.001000,0.001000,0.001000,0.001000,0.001000
1068.134615,-0.037858,0.001000,0.001000,0.001000,0.001000,0.001000
1068.153846,-0.038641,0.001000,0.001000,0.001000,0.001000,0.001000
1068.173077,-0.039401,0.001000,0.001000,0.001000,0.001000,0.001000
1068.192308,-0.040137,0.001000,0.001000,0.001000,0.001000,0.001000
1068.211538,-0.040850,0.001000,0.001000,0.001000,0.001000,0.001000
1068.230769,-0.041539,0.001000,0.001000,0.001000,0.001000,0.001000
1068.250000,-0.042203,0.001000,0.001000,0.001000,0.001000,0.001000
1068.269231,-0.042843,0.001000,0.001000,0.001000,0.001000,0.001000
1068.288462,-0.043457,0.001000,0.001000,0.001000,0.001000,0.001000
1068.307692,-0.044045,0.001000,0.001000,0.001000,0.001000,0.001000
1068.326923,-0.044607,0.001000,0.001000,0.001000,0.001000,0.001000
1068.346154,-0.045143,0.001000,0.001000,0.001000,0.001000,0.001000
1068.365385,-0.045652,0.001000,0.001000,0.001000,0.001000,0.001000
1068.384615,-0.046134,0.001000,0.001000,0.001000,0.001000,0.001000
1068.403846,-0.046589,0.001000,0.001000,0.001000,0.001000,0.001000
1068.423077,-0.047017,0.001000,0.001000,0.001000,0.001000,0.001000
1068.442308,-0.047417,0.001000,0.001000,0.001000,0.001000,0.001000
1068.461538,-0.047788,0.001000,0.001000,0.001000,0.001000,0.001000
1068.480769,-0.048132,0.001000,0.001000,0.001000,0.001000,0.001000
1068.500000,-0.048446,0.001000,0.001000,0.001000,0.001000,0.001000
1068.519231,-0.048733,0.001000,0.001000,0.001000,0.001000,0.001000
1068.538462,-0.048990,0.001000,0.001000,0.001000,0.001000,0.001000
1068.557692,-0.049219,0.001000,0.001000,0.001000,0.001000,0.001000
1068.576923,-0.049418,0.001000,0.001000,0.001000,0.001000,0.001000
1068.596154,-0.049589,0.001000,0.001000,0.001000,0.001000,0.001000
1068.615385,-0.049730,0.001000,0.001000,0.001000,0.001000,0.001000
1068.634615,-0.049841,0.001000,0.001000,0.001000,0.001000,0.001000
1068.653846,-0.049923,0.001000,0.001000,0.001000,0.001000,0.001000
1068.673077,-0.049976,0.001000,0.001000,0.001000,0.001000,0.001000
1068.692308,-0.049999,0.001000,0.001000,0.001000,0.001000,0.001000
1068.711538,-0.049992,0.001000,0.001000,0.001000,0.001000,0.001000
1068.730769,-0.049956,0.001000,0.001000,0.001000,0.001000,0.001000
1068.750000,-0.049891,0.001000,0.001000,0.001000,0.001000,0.001000
1068.769231,-0.049796,0.001000,0.001000,0.001000,0.001000,0.001000
1068.788462,-0.049671,0.001000,0.001000,0.001000,0.001000,0.001000
1068.807692,-0.049517,0.001000,0.001000,0.001000,0.001000,0.001000
1068.826923,-0.049334,0.001000,0.001000,0.001000,0.001000,0.001000
1068.846154,-0.049122,0.001000,0.001000,0.001000,0.001000,0.001000
1068.865385,-0.048881,0.001000,0.001000,0.001000,0.001000,0.001000
1068.884615,-0.048611,0.001000,0.001000,0.001000,0.001000,0.001000
1068.903846,-0.048312,0.001000,0.001000,0.001000,0.001000,0.001000
1068.923077,-0.047984,0.001000,0.001000,0.001000,0.001000,0.001000
1068.942308,-0.047628,0.001000,0.001000,0.001000,0.001000,0.001000
1068.961538,-0.047244,0.001000,0.001000,0.001000,0.001000,0.001000
1068.980769,-0.046833,0.001000,0.001000,0.001000,0.001000,0.001000
1069.000000,-0.046393,0.001000,0.001000,0.001000,0.001000,0.001000
1069.019231,-0.045926,0.001000,0.001000,0.001000,0.001000,0.001000
1069.038462,-0.045432,0.001000,0.001000,0.001000,0.001000,0.001000
1069.057692,-0.044911,0.001000,0.001000,0.001000,0.001000,0.001000
1069.076923,-0.044363,0.001000,0.001000,0.001000,0.001000,0.001000
1069.096154,-0.043790,0.001000,0.001000,0.001000,0.001000,0.001000
1069.115385,-0.043190,0.001000,0.001000,0.001000,0.001000,0.001000
1069.134615,-0.042565,0.001000,0.001000,0.001000,0.001000,0.001000
1069.153846,-0.041914,0.001000,0.001000,0.001000,0.001000,0.001000
1069.173077,-0.041239,0.001000,0.001000,0.001000,0.001000,0.001000
1069.192308,-0.040540,0.001000,0.001000,0.001000,0.001000,0.001000
1069.211538,-0.039817,0.001000,0.001000,0.001000,0.001000,0.001000
1069.230769,-0.039070,0.001000,0.001000,0.001000,0.001000,0.001000
1069.250000,-0.038300,0.001000,0.001000,0.001000,0.001000,0.001000
1069.269231,-0.037507,0.001000,0.001000,0.001000,0.001000,0.001000
1069.288462,-0.036692,0.001000,0.001000,0.001000,0.001000,0.001000
1069.307692,-0.035855,0.001000,0.001000,0.001000,0.001000,0.001000
1069.326923,-0.034998,0.001000,0.001000,0.001000,0.001000,0.001000
1069.346154,-0.034119,0.001000,0.001000,0.001000,0.001000,0.001000
1069.365385,-0.033221,0.001000,0.001000,0.001000,0.001000,0.001000
1069.384615,-0.032303,0.001000,0.001000,0.001000,0.001000,0.001000
1069.403846,-0.031365,0.001000,0.001000,0.001000,0.001000,0.001000
1069.423077,-0.030409,0.001000,0.001000,0.001000,0.001000,0.001000
1069.442308,-0.029436,0.001000,0.001000,0.001000,0.001000,0.001000
1069.461538,-0.028444,0.001000,0.001000,0.001000,0.001000,0.001000
1069.480769,-0.027436,0.001000,0.001000,0.001000,0.001000,0.001000
1069.500000,-0.026412,0.001000,0.001000,0.001000,0.001000,0.001000
1069.519231,-0.025372,0.001000,0.001000,0.001000,0.001000,0.001000
1069.538462,-0.024318,0.001000,0.001000,0.001000,0.001000,0.001000
1069.557692,-0.023248,0.001000,0.001000,0.001000,0.001000,0.001000
1069.576923,-0.022165,0.001000,0.001000,0.001000,0.001000,0.001000
1069.596154,-0.021069,0.001000,0.001000,0.001000,0.001000,0.001000
1069.615385,-0.019961,0.001000,0.001000,0.001000,0.001000,0.001000
1069.634615,-0.018841,0.001000,0.001000,0.001000,0.001000,0.001000
1069.653846,-0.017709,0.001000,0.001000,0.001000,0.001000,0.001000
1069.673077,-0.016567,0.001000,0.001000,0.001000,0.001000,0.001000
1069.692308,-0.015416,0.001000,0.001000,0.001000,0.001000,0.001000
1069.711538,-0.014255,0.001000,0.001000,0.001000,0.001000,0.001000
1069.730769,-0.013086,0.001000,0.001000,0.001000,0.001000,0.001000
1069.750000,-0.011909,0.001000,0.001000,0.001000,0.001000,0.001000
1069.769231,-0.010725,0.001000,0.001000,0.001000,0.001000,0.001000
1069.788462,-0.009534,0.001000,0.001000,0.001000,0.001000,0.001000
1069.807692,-0.008338,0.001000,0.001000,0.001000,0.001000,0.001000
1069.826923,-0.007137,0.001000,0.001000,0.001000,0.001000,0.001000
1069.846154,-0.005932,0.001000,0.001000,0.001000,0.001000,0.001000
1069.865385,-0.004724,0.001000,0.001000,0.001000,0.001000,0.001000
1069.884615,-0.003512,0.001000,0.001000,0.001000,0.001000,0.001000
1069.903846,-0.002299,0.001000,0.001000,0.001000,0.001000,0.001000
1069.923077,-0.001084,0.001000,0.001000,0.001000,0.001000,0.001000
1069.942308,0.000131,0.001000,0.001000,0.001000,0.001000,0.001000
1069.961538,0.001347,0.001000,0.001000,0.001000,0.001000,0.001000
1069.980769,0.002562,0.001000,0.001000,0.001000,0.001000,0.001000
1070.000000,0.003775,0.001000,0.001000,0.001000,0.001000,0.001000
1070.019231,0.004985,0.001000,0.001000,0.001000,0.001000,0.001000
1070.038462,0.006193,0.001000,0.001000,0.001000,0.001000,0.001000
1070.057692,0.007398,0.001000,0.001000,0.001000,0.001000,0.001000
1070.076923,0.008598,0.001000,0.001000,0.001000,0.001000,0.001000
1070.096154,0.009792,0.001000,0.001000,0.001000,0.001000,0.001000
1070.115385,0.010981,0.001000,0.001000,0.001000,0.001000,0.001000
1070.134615,0.012164,0.001000,0.001000,0.001000,0.001000,0.001000
1070.153846,0.013339,0.001000,0.001000,0.001000,0.001000,0.001000
1070.173077,0.014507,0.001000,0.001000,0.001000,0.001000,0.001000
1070.192308,0.015666,0.001000,0.001000,0.001000,0.001000,0.001000
1070.211538,0.016815,0.001000,0.001000,0.001000,0.001000,0.001000
1070.230769,0.017955,0.001000,0.001000,0.001000,0.001000,0.001000
1070.250000,0.019084,0.001000,0.001000,0.001000,0.001000,0.001000
1070.269231,0.020202,0.001000,0.001000,0.001000,0.001000,0.001000
1070.288462,0.021308,0.001000,0.001000,0.001000,0.001000,0.001000
1070.307692,0.022401,0.001000,0.001000,0.001000,0.001000,0.001000
1070.326923,0.023481,0.001000,0.001000,0.001000,0.001000,0.001000
1070.346154,0.024547,0.001000,0.001000,0.001000,0.001000,0.001000
1070.365385,0.025599,0.001000,0.001000,0.001000,0.001000,0.001000
1070.384615,0.026635,0.001000,0.001000,0.001000,0.001000,0.001000
1070.403846,0.027656,0.001000,0.001000,0.001000,0.001000,0.001000
1070.423077,0.028660,0.001000,0.001000,0.001000,0.001000,0.001000
1070.442308,0.029648,0.001000,0.001000,0.001000,0.001000,0.001000
1070.461538,0.030618,0.001000,0.001000,0.001000,0.001000,0.001000
1070.480769,0.031570,0.001000,0.001000,0.001000,0.001000,0.001000
1070.500000,0.032503,0.001000,0.001000,0.001000,0.001000,0.001000
1070.519231,0.033417,0.001000,0.001000,0.001000,0.001000,0.001000
1070.538462,0.034311,0.001000,0.001000,0.001000,0.001000,0.001000
1070.557692,0.035185,0.001000,0.001000,0.001000,0.001000,0.001000
1070.576923,0.036038,0.001000,0.001000,0.001000,0.001000,0.001000
1070.596154,0.036870,0.001000,0.001000,0.001000,0.001000,0.001000
1070.615385,0.037680,0.001000,0.001000,0.001000,0.001000,0.001000
1070.634615,0.038468,0.001000,0.001000,0.001000,0.001000,0.001000
1070.653846,0.039233,0.001000,0.001000,0.001000,0.001000,0.001000
1070.673077,0.039975,0.001000,0.001000,0.001000,0.001000,0.001000
1070.692308,0.040693,0.001000,0.001000,0.001000,0.001000,0.001000
1070.711538,0.041388,0.001000,0.001000,0.001000,0.001000,0.001000
1070.730769,0.042057,0.001000,0.001000,0.001000,0.001000,0.001000
1070.750000,0.042702,0.001000,0.001000,0.001000,0.001000,0.001000
1070.769231,0.043322,0.001000,0.001000,0.001000,0.001000,0.001000
1070.788462,0.043916,0.001000,0.001000,0.001000,0.001000,0.001000
1070.807692,0.044484,0.001000,0.001000,0.001000,0.001000,0.001000
1070.826923,0.045026,0.001000,0.001000,0.001000,0.001000,0.001000
1070.846154,0.045541,0.001000,0.001000,0.001000,0.001000,0.001000
1070.865385,0.046029,0.001000,0.001000,0.001000,0.001000,0.001000
1070.884615,0.046490,0.001000,0.001000,0.001000,0.001000,0.001000
1070.903846,0.046924,0.001000,0.001000,0.001000,0.001000,0.001000
1070.923077,0.047330,0.001000,0.001000,0.001000,0.001000,0.001000
1070.942308,0.047708,0.001000,0.001000,0.001000,0.001000,0.001000
1070.961538,0.048057,0.001000,0.001000,0.001000,0.001000,0.001000
1070.980769,0.048379,0.001000,0.001000,0.001000,0.001000,0.001000
1071.000000,0.048671,0.001000,0.001000,0.001000,0.001000,0.001000
1071.019231,0.048935,0.001000,0.001000,0.001000,0.001000,0.001000
1071.038462,0.049170,0.001000,0.001000,0.001000,0.001000,0.001000
1071.057692,0.049376,0.001000,0.001000,0.001000,0.001000,0.001000
1071.076923,0.049553,0.001000,0.001000,0.001000,0.001000,0.001000
1071.096154,0.049701,0.001000,0.001000,0.001000,0.001000,0.001000
1071.115385,0.049819,0.001000,0.001000,0.001000,0.001000,0.001000
1071.134615,0.049907,0.001000,0.001000,0.001000,0.001000,0.001000
1071.153846,0.049967,0.001000,0.001000,0.001000,0.001000,0.001000
1071.173077,0.049996,0.001000,0.001000,0.001000,0.001000,0.001000
1071.192308,0.049996,0.001000,0.001000,0.001000,0.001000,0.001000
1071.211538,0.049967,0.001000,0.001000,0.001000,0.001000,0.001000
1071.230769,0.049908,0.001000,0.001000,0.001000,0.001000,0.001000
1071.250000,0.049819,0.001000,0.001000,0.001000,0.001000,0.001000
1071.269231,0.049702,0.001000,0.001000,0.001000,0.001000,0.001000
1071.288462,0.049554,0.001000,0.001000,0.001000,0.001000,0.001000
1071.307692,0.049378,0.001000,0.001000,0.001000,0.001000,0.001000
1071.326923,0.049172,0.001000,0.001000,0.001000,0.001000,0.001000
1071.346154,0.048937,0.001000,0.001000,0.001000,0.001000,0.001000
1071.365385,0.048673,0.001000,0.001000,0.001000,0.001000,0.001000
1071.384615,0.048381,0.001000,0.001000,0.001000,0.001000,0.001000
1071.403846,0.048060,0.001000,0.001000,0.001000,0.001000,0.001000
1071.423077,0.047710,0.001000,0.001000,0.001000,0.001000,0.001000
1071.442308,0.047332,0.001000,0.001000,0.001000,0.001000,0.001000
1071.461538,0.046927,0.001000,0.001000,0.001000,0.001000,0.001000
1071.480769,0.046493,0.001000,0.001000,0.001000,0.001000,0.001000
1071.500000,0.046032,0.001000,0.001000,0.001000,0.001000,0.001000
1071.519231,0.045544,0.001000,0.001000,0.001000,0.001000,0.001000
1071.538462,0.045029,0.001000,0.001000,0.001000,0.001000,0.001000
1071.557692,0.044488,0.001000,0.001000,0.001000,0.001000,0.001000
1071.576923,0.043920,0.001000,0.001000,0.001000,0.001000,0.001000
1071.596154,0.043326,0.001000,0.001000,0.001000,0.001000,0.001000
1071.615385,0.042706,0.001000,0.001000,0.001000,0.001000,0.001000
1071.634615,0.042062,0.001000,0.001000,0.001000,0.001000,0.001000
1071.653846,0.041392,0.001000,0.001000,0.001000,0.001000,0.001000
1071.673077,0.040698,0.001000,0.001000,0.001000,0.001000,0.001000
1071.692308,0.039980,0.001000,0.001000,0.001000,0.001000,0.001000
1071.711538,0.039238,0.001000,0.001000,0.001000,0.001000,0.001000
1071.730769,0.038473,0.001000,0.001000,0.001000,0.001000,0.001000
1071.750000,0.037686,0.001000,0.001000,0.001000,0.001000,0.001000
1071.769231,0.036876,0.001000,0.001000,0.001000,0.001000,0.001000
1071.788462,0.036044,0.001000,0.001000,0.001000,0.001000,0.001000
1071.807692,0.035191,0.001000,0.001000,0.001000,0.001000,0.001000
1071.826923,0.034317,0.001000,0.001000,0.001000,0.001000,0.001000
1071.846154,0.033423,0.001000,0.001000,0.001000,0.001000,0.001000
1071.865385,0.032509,0.001000,0.001000,0.001000,0.001000,0.001000
1071.884615,0.031576,0.001000,0.001000,0.001000,0.001000,0.001000
1071.903846,0.030624,0.001000,0.001000,0.001000,0.001000,0.001000
1071.923077,0.029654,0.001000,0.001000,0.001000,0.001000,0.001000
1071.942308,0.028667,0.001000,0.001000,0.001000,0.001000,0.001000
1071.961538,0.027663,0.001000,0.001000,0.001000,0.001000,0.001000
1071.980769,0.026642,0.001000,0.001000,0.001000,0.001000,0.001000
1072.000000,0.025606,0.001000,0.001000,0.001000,0.001000,0.001000
1072.019231,0.024554,0.001000,0.001000,0.001000,0.001000,0.001000
1072.038462,0.023488,0.001000,0.001000,0.001000,0.001000,0.001000
1072.057692,0.022408,0.001000,0.001000,0.001000,0.001000,0.001000
1072.076923,0.021315,0.001000,0.001000,0.001000,0.001000,0.001000
1072.096154,0.020209,0.001000,0.001000,0.001000,0.001000,0.001000
1072.115385,0.019091,0.001000,0.001000,0.001000,0.001000,0.001000
1072.134615,0.017962,0.001000,0.001000,0.001000,0.001000,0.001000
1072.153846,0.016823,0.001000,0.001000,0.001000,0.001000,0.001000
1072.173077,0.015673,0.001000,0.001000,0.001000,0.001000,0.001000
1072.192308,0.014514,0.001000,0.001000,0.001000,0.001000,0.001000
1072.211538,0.013347,0.001000,0.001000,0.001000,0.001000,0.001000
1072.230769,0.012172,0.001000,0.001000,0.001000,0.001000,0.001000
1072.250000,0.010989,0.001000,0.001000,0.001000,0.001000,0.001000
1072.269231,0.009800,0.001000,0.001000,0.001000,0.001000,0.001000
1072.288462,0.008605,0.001000,0.001000,0.001000,0.001000,0.001000
1072.307692,0.007406,0.001000,0.001000,0.001000,0.001000,0.001000
1072.326923,0.006201,0.001000,0.001000,0.001000,0.001000,0.001000
1072.346154,0.004993,0.001000,0.001000,0.001000,0.001000,0.001000
1072.365385,0.003783,0.001000,0.001000,0.001000,0.001000,0.001000
1072.384615,0.002570,0.001000,0.001000,0.001000,0.001000,0.001000
1072.403846,0.001355,0.001000,0.001000,0.001000,0.001000,0.001000
1072.423077,0.000140,0.001000,0.001000,0.001000,0.001000,0.001000
1072.442308,-0.001076,0.001000,0.001000,0.001000,0.001000,0.001000
1072.461538,-0.002291,0.001000,0.001000,0.001000,0.001000,0.001000
1072.480769,-0.003504,0.001000,0.001000,0.001000,0.001000,0.001000
1072.500000,-0.004716,0.001000,0.001000,0.001000,0.001000,0.001000
1072.519231,-0.005924,0.001000,0.001000,0.001000,0.001000,0.001000
1072.538462,-0.007130,0.001000,0.001000,0.001000,0.001000,0.001000
1072.557692,-0.008330,0.001000,0.001000,0.001000,0.001000,0.001000
1072.576923,-0.009526,0.001000,0.001000,0.001000,0.001000,0.001000
1072.596154,-0.010717,0.001000,0.001000,0.001000,0.001000,0.001000
1072.615385,-0.011901,0.001000,0.001000,0.001000,0.001000,0.001000
1072.634615,-0.013078,0.001000,0.001000,0.001000,0.001000,0.001000
1072.653846,-0.014247,0.001000,0.001000,0.001000,0.001000,0.001000
1072.673077,-0.015408,0.001000,0.001000,0.001000,0.001000,0.001000
1072.692308,-0.016560,0.001000,0.001000,0.001000,0.001000,0.001000
1072.711538,-0.017702,0.001000,0.001000,0.001000,0.001000,0.001000
1072.730769,-0.018833,0.001000,0.001000,0.001000,0.001000,0.001000
1072.750000,-0.019954,0.001000,0.001000,0.001000,0.001000,0.001000
1072.769231,-0.021062,0.001000,0.001000,0.001000,0.001000,0.001000
1072.788462,-0.022158,0.001000,0.001000,0.001000,0.001000,0.001000
1072.807692,-0.023241,0.001000,0.001000,0.001000,0.001000,0.001000
1072.826923,-0.024311,0.001000,0.001000,0.001000,0.001000,0.001000
1072.846154,-0.025366,0.001000,0.001000,0.001000,0.001000,0.001000
1072.865385,-0.026405,0.001000,0.001000,0.001000,0.001000,0.001000
1072.884615,-0.027430,0.001000,0.001000,0.001000,0.001000,0.001000
1072.903846,-0.028438,0.001000,0.001000,0.001000,0.001000,0.001000
1072.923077,-0.029429,0.001000,0.001000,0.001000,0.001000,0.001000
1072.942308,-0.030403,0.001000,0.001000,0.001000,0.001000,0.001000
1072.961538,-0.031359,0.001000,0.001000,0.001000,0.001000,0.001000
1072.980769,-0.032296,0.001000,0.001000,0.001000,0.001000,0.001000
1073.000000,-0.033215,0.001000,0.001000,0.001000,0.001000,0.001000
1073.019231,-0.034114,0.001000,0.001000,0.001000,0.001000,0.001000
1073.038462,-0.034992,0.001000,0.001000,0.001000,0.001000,0.001000
1073.057692,-0.035850,0.001000,0.001000,0.001000,0.001000,0.001000
1073.076923,-0.036687,0.001000,0.001000,0.001000,0.001000,0.001000
1073.096154,-0.037502,0.001000,0.001000,0.001000,0.001000,0.001000
1073.115385,-0.038294,0.001000,0.001000,0.001000,0.001000,0.001000
1073.134615,-0.039065,0.001000,0.001000,0.001000,0.001000,0.001000
1073.153846,-0.039812,0.001000,0.001000,0.001000,0.001000,0.001000
1073.173077,-0.040535,0.001000,0.001000,0.001000,0.001000,0.001000
1073.192308,-0.041235,0.001000,0.001000,0.001000,0.001000,0.001000
1073.211538,-0.041910,0.001000,0.001000,0.001000,0.001000,0.001000
1073.230769,-0.042561,0.001000,0.001000,0.001000,0.001000,0.001000
1073.250000,-0.043186,0.001000,0.001000,0.001000,0.001000,0.001000
1073.269231,-0.043786,0.001000,0.001000,0.001000,0.001000,0.001000
1073.288462,-0.044360,0.001000,0.001000,0.001000,0.001000,0.001000
1073.307692,-0.044907,0.001000,0.001000,0.001000,0.001000,0.001000
1073.326923,-0.045428,0.001000,0.001000,0.001000,0.001000,0.001000
1073.346154,-0.045923,0.001000,0.001000,0.001000,0.001000,0.001000
1073.365385,-0.046390,0.001000,0.001000,0.001000,0.001000,0.001000
1073.384615,-0.046830,0.001000,0.001000,0.001000,0.001000,0.001000
1073.403846,-0.047242,0.001000,0.001000,0.001000,0.001000,0.001000
1073.423077,-0.047626,0.001000,0.001000,0.001000,0.001000,0.001000
1073.442308,-0.047982,0.001000,0.001000,0.001000,0.001000,0.001000
1073.461538,-0.048310,0.001000,0.001000,0.001000,0.001000,0.001000
1073.480769,-0.048609,0.001000,0.001000,0.001000,0.001000,0.001000
1073.500000,-0.048879,0.001000,0.001000,0.001000,0.001000,0.001000
1073.519231,-0.049121,0.001000,0.001000,0.001000,0.001000,0.001000
1073.538462,-0.049333,0.001000,0.001000,0.001000,0.001000,0.001000
1073.557692,-0.049516,0.001000,0.001000,0.001000,0.001000,0.001000
1073.576923,-0.049670,0.001000,0.001000,0.001000,0.001000,0.001000
1073.596154,-0.049795,0.001000,0.001000,0.001000,0.001000,0.001000
1073.615385,-0.049890,0.001000,0.001000,0.001000,0.001000,0.001000
1073.634615,-0.049956,0.001000,0.001000,0.001000,0.001000,0.001000
1073.653846,-0.049992,0.001000,0.001000,0.001000,0.001000,0.001000
1073.673077,-0.049999,0.001000,0.001000,0.001000,0.001000,0.001000
1073.692308,-0.049976,0.001000,0.001000,0.001000,0.001000,0.001000
1073.711538,-0.049924,0.001000,0.001000,0.001000,0.001000,0.001000
1073.730769,-0.049842,0.001000,0.001000,0.001000,0.001000,0.001000
1073.750000,-0.049730,0.001000,0.001000,0.001000,0.001000,0.001000
1073.769231,-0.049590,0.001000,0.001000,0.001000,0.001000,0.001000
1073.788462,-0.049420,0.001000,0.001000,0.001000,0.001000,0.001000
1073.807692,-0.049220,0.001000,0.001000,0.001000,0.001000,0.001000
1073.826923,-0.048992,0.001000,0.001000,0.001000,0.001000,0.001000
1073.846154,-0.048735,0.001000,0.001000,0.001000,0.001000,0.001000
1073.865385,-0.048448,0.001000,0.001000,0.001000,0.001000,0.001000
1073.884615,-0.048134,0.001000,0.001000,0.001000,0.001000,0.001000
1073.903846,-0.047791,0.001000,0.001000,0.001000,0.001000,0.001000
1073.923077,-0.047419,0.001000,0.001000,0.001000,0.001000,0.001000
1073.942308,-0.047020,0.001000,0.001000,0.001000,0.001000,0.001000
1073.961538,-0.046592,0.001000,0.001000,0.001000,0.001000,0.001000
1073.980769,-0.046138,0.001000,0.001000,0.001000,0.001000,0.001000
1074.000000,-0.045655,0.001000,0.001000,0.001000,0.001000,0.001000
1074.019231,-0.045146,0.001000,0.001000,0.001000,0.001000,0.001000
1074.038462,-0.044611,0.001000,0.001000,0.001000,0.001000,0.001000
1074.057692,-0.044049,0.001000,0.001000,0.001000,0.001000,0.001000
1074.076923,-0.043460,0.001000,0.001000,0.001000,0.001000,0.001000
1074.096154,-0.042847,0.001000,0.001000,0.001000,0.001000,0.001000
1074.115385,-0.042208,0.001000,0.001000,0.001000,0.001000,0.001000
1074.134615,-0.041543,0.001000,0.001000,0.001000,0.001000,0.001000
1074.153846,-0.040855,0.001000,0.001000,0.001000,0.001000,0.001000
1074.173077,-0.040142,0.001000,0.001000,0.001000,0.001000,0.001000
1074.192308,-0.039406,0.001000,0.001000,0.001000,0.001000,0.001000
1074.211538,-0.038646,0.001000,0.001000,0.001000,0.001000,0.001000
1074.230769,-0.037863,0.001000,0.001000,0.001000,0.001000,0.001000
1074.250000,-0.037058,0.001000,0.001000,0.001000,0.001000,0.001000
1074.269231,-0.036231,0.001000,0.001000,0.001000,0.001000,0.001000
1074.288462,-0.035383,0.001000,0.001000,0.001000,0.001000,0.001000
1074.307692,-0.034514,0.001000,0.001000,0.001000,0.001000,0.001000
1074.326923,-0.033624,0.001000,0.001000,0.001000,0.001000,0.001000
1074.346154,-0.032714,0.001000,0.001000,0.001000,0.001000,0.001000
1074.365385,-0.031786,0.001000,0.001000,0.001000,0.001000,0.001000
1074.384615,-0.030838,0.001000,0.001000,0.001000,0.001000,0.001000
1074.403846,-0.029872,0.001000,0.001000,0.001000,0.001000,0.001000
1074.423077,-0.028889,0.001000,0.001000,0.001000,0.001000,0.001000
1074.442308,-0.027888,0.001000,0.001000,0.001000,0.001000,0.001000
1074.461538,-0.026871,0.001000,0.001000,0.001000,0.001000,0.001000
1074.480769,-0.025838,0.001000,0.001000,0.001000,0.001000,0.001000
1074.500000,-0.024790,0.001000,0.001000,0.001000,0.001000,0.001000
1074.519231,-0.023727,0.001000,0.001000,0.001000,0.001000,0.001000
1074.538462,-0.022650,0.001000,0.001000,0.001000,0.001000,0.001000
1074.557692,-0.021560,0.001000,0.001000,0.001000,0.001000,0.001000
1074.576923,-0.020457,0.001000,0.001000,0.001000,0.001000,0.001000
1074.596154,-0.019342,0.001000,0.001000,0.001000,0.001000,0.001000
1074.615385,-0.018215,0.001000,0.001000,0.001000,0.001000,0.001000
1074.634615,-0.017078,0.001000,0.001000,0.001000,0.001000,0.001000
1074.653846,-0.015930,0.001000,0.001000,0.001000,0.001000,0.001000
1074.673077,-0.014774,0.001000,0.001000,0.001000,0.001000,0.001000
1074.692308,-0.013608,0.001000,0.001000,0.001000,0.001000,0.001000
1074.711538,-0.012434,0.001000,0.001000,0.001000,0.001000,0.001000
1074.730769,-0.011253,0.001000,0.001000,0.001000,0.001000,0.001000
1074.750000,-0.010066,0.001000,0.001000,0.001000,0.001000,0.001000
1074.769231,-0.008872,0.001000,0.001000,0.001000,0.001000,0.001000
1074.788462,-0.007674,0.001000,0.001000,0.001000,0.001000,0.001000
1074.807692,-0.006470,0.001000,0.001000,0.001000,0.001000,0.001000
1074.826923,-0.005263,0.001000,0.001000,0.001000,0.001000,0.001000
1074.846154,-0.004053,0.001000,0.001000,0.001000,0.001000,0.001000
1074.865385,-0.002840,0.001000,0.001000,0.001000,0.001000,0.001000
1074.884615,-0.001626,0.001000,0.001000,0.001000,0.001000,0.001000
1074.903846,-0.000411,0.001000,0.001000,0.001000,0.001000,0.001000
1074.923077,0.000805,0.001000,0.001000,0.001000,0.001000,0.001000
1074.942308,0.002020,0.001000,0.001000,0.001000,0.001000,0.001000
1074.961538,0.003234,0.001000,0.001000,0.001000,0.001000,0.001000
1074.980769,0.004446,0.001000,0.001000,0.001000,0.001000,0.001000
1075.000000,0.005655,0.001000,0.001000,0.001000,0.001000,0.001000
1075.019231,0.006861,0.001000,0.001000,0.001000,0.001000,0.001000
1075.038462,0.008063,0.001000,0.001000,0.001000,0.001000,0.001000
1075.057692,0.009260,0.001000,0.001000,0.001000,0.001000,0.001000
1075.076923,0.010452,0.001000,0.001000,0.001000,0.001000,0.001000
1075.096154,0.011637,0.001000,0.001000,0.001000,0.001000,0.001000
1075.115385,0.012816,0.001000,0.001000,0.001000,0.001000,0.001000
1075.134615,0.013987,0.001000,0.001000,0.001000,0.001000,0.001000
1075.153846,0.015150,0.001000,0.001000,0.001000,0.001000,0.001000
1075.173077,0.016304,0.001000,0.001000,0.001000,0.001000,0.001000
1075.192308,0.017448,0.001000,0.001000,0.001000,0.001000,0.001000
1075.211538,0.018582,0.001000,0.001000,0.001000,0.001000,0.001000
1075.230769,0.019705,0.001000,0.001000,0.001000,0.001000,0.001000
1075.250000,0.020816,0.001000,0.001000,0.001000,0.001000,0.001000
1075.269231,0.021915,0.001000,0.001000,0.001000,0.001000,0.001000
1075.288462,0.023001,0.001000,0.001000,0.001000,0.001000,0.001000
1075.307692,0.024073,0.001000,0.001000,0.001000,0.001000,0.001000
1075.326923,0.025132,0.001000,0.001000,0.001000,0.001000,0.001000
1075.346154,0.026175,0.001000,0.001000,0.001000,0.001000,0.001000
1075.365385,0.027203,0.001000,0.001000,0.001000,0.001000,0.001000
1075.384615,0.028215,0.001000,0.001000,0.001000,0.001000,0.001000
1075.403846,0.029210,0.001000,0.001000,0.001000,0.001000,0.001000
1075.423077,0.030188,0.001000,0.001000,0.001000,0.001000,0.001000
1075.442308,0.031148,0.001000,0.001000,0.001000,0.001000,0.001000
1075.461538,0.032089,0.001000,0.001000,0.001000,0.001000,0.001000
1075.480769,0.033012,0.001000,0.001000,0.001000,0.001000,0.001000
1075.500000,0.033915,0.001000,0.001000,0.001000,0.001000,0.001000
1075.519231,0.034798,0.001000,0.001000,0.001000,0.001000,0.001000
1075.538462,0.035660,0.001000,0.001000,0.001000,0.001000,0.001000
1075.557692,0.036502,0.001000,0.001000,0.001000,0.001000,0.001000
1075.576923,0.037322,0.001000,0.001000,0.001000,0.001000,0.001000
1075.596154,0.038120,0.001000,0.001000,0.001000,0.001000,0.001000
1075.615385,0.038895,0.001000,0.001000,0.001000,0.001000,0.001000
1075.634615,0.039647,0.001000,0.001000,0.001000,0.001000,0.001000
1075.653846,0.040376,0.001000,0.001000,0.001000,0.001000,0.001000
1075.673077,0.041081,0.001000,0.001000,0.001000,0.001000,0.001000
1075.692308,0.041762,0.001000,0.001000,0.001000,0.001000,0.001000
1075.711538,0.042418,0.001000,0.001000,0.001000,0.001000,0.001000
1075.730769,0.043049,0.001000,0.001000,0.001000,0.001000,0.001000
1075.750000,0.043654,0.001000,0.001000,0.001000,0.001000,0.001000
1075.769231,0.044234,0.001000,0.001000,0.001000,0.001000,0.001000
1075.788462,0.044787,0.001000,0.001000,0.001000,0.001000,0.001000
1075.807692,0.045315,0.001000,0.001000,0.001000,0.001000,0.001000
1075.826923,0.045815,0.001000,0.001000,0.001000,0.001000,0.001000
1075.846154,0.046288,0.001000,0.001000,0.001000,0.001000,0.001000
1075.865385,0.046734,0.001000,0.001000,0.001000,0.001000,0.001000
1075.884615,0.047152,0.001000,0.001000,0.001000,0.001000,0.001000
1075.903846,0.047543,0.001000,0.001000,0.001000,0.001000,0.001000
1075.923077,0.047905,0.001000,0.001000,0.001000,0.001000,0.001000
1075.942308,0.048239,0.001000,0.001000,0.001000,0.001000,0.001000
1075.961538,0.048544,0.001000,0.001000,0.001000,0.001000,0.001000
1075.980769,0.048821,0.001000,0.001000,0.001000,0.001000,0.001000
1076.000000,0.049069,0.001000,0.001000,0.001000,0.001000,0.001000
1076.019231,0.049288,0.001000,0.001000,0.001000,0.001000,0.001000
1076.038462,0.049478,0.001000,0.001000,0.001000,0.001000,0.001000
1076.057692,0.049638,0.001000,0.001000,0.001000,0.001000,0.001000
1076.076923,0.049770,0.001000,0.001000,0.001000,0.001000,0.001000
1076.096154,0.049872,0.001000,0.001000,0.001000,0.001000,0.001000
1076.115385,0.049944,0.001000,0.001000,0.001000,0.001000,0.001000
1076.134615,0.049987,0.001000,0.001000,0.001000,0.001000,0.001000
1076.153846,0.050000,0.001000,0.001000,0.001000,0.001000,0.001000
1076.173077,0.049984,0.001000,0.001000,0.001000,0.001000,0.001000
1076.192308,0.049938,0.001000,0.001000,0.001000,0.001000,0.001000
1076.211538,0.049863,0.001000,0.001000,0.001000,0.001000,0.001000
1076.230769,0.049758,0.001000,0.001000,0.001000,0.001000,0.001000
1076.250000,0.049624,0.001000,0.001000,0.001000,0.001000,0.001000
1076.269231,0.049460,0.001000,0.001000,0.001000,0.001000,0.001000
1076.288462,0.049267,0.001000,0.001000,0.001000,0.001000,0.001000
1076.307692,0.049045,0.001000,0.001000,0.001000,0.001000,0.001000
1076.326923,0.048794,0.001000,0.001000,0.001000,0.001000,0.001000
1076.346154,0.048515,0.001000,0.001000,0.001000,0.001000,0.001000
1076.365385,0.048206,0.001000,0.001000,0.001000,0.001000,0.001000
1076.384615,0.047869,0.001000,0.001000,0.001000,0.001000,0.001000
1076.403846,0.047504,0.001000,0.001000,0.001000,0.001000,0.001000
1076.423077,0.047111,0.001000,0.001000,0.001000,0.001000,0.001000
1076.442308,0.046690,0.001000,0.001000,0.001000,0.001000,0.001000
1076.461538,0.046241,0.001000,0.001000,0.001000,0.001000,0.001000
1076.480769,0.045765,0.001000,0.001000,0.001000,0.001000,0.001000
1076.500000,0.045262,0.001000,0.001000,0.001000,0.001000,0.001000
1076.519231,0.044732,0.001000,0.001000,0.001000,0.001000,0.001000
1076.538462,0.044176,0.001000,0.001000,0.001000,0.001000,0.001000
1076.557692,0.043594,0.001000,0.001000,0.001000,0.001000,0.001000
1076.576923,0.042986,0.001000,0.001000,0.001000,0.001000,0.001000
1076.596154,0.042352,0.001000,0.001000,0.001000,0.001000,0.001000
1076.615385,0.041694,0.001000,0.001000,0.001000,0.001000,0.001000
1076.634615,0.041010,0.001000,0.001000,0.001000,0.001000,0.001000
1076.653846,0.040303,0.001000,0.001000,0.001000,0.001000,0.001000
1076.673077,0.039572,0.001000,0.001000,0.001000,0.001000,0.001000
1076.692308,0.038817,0.001000,0.001000,0.001000,0.001000,0.001000
1076.711538,0.038040,0.001000,0.001000,0.001000,0.001000,0.001000
1076.730769,0.037239,0.001000,0.001000,0.001000,0.001000,0.001000
1076.750000,0.036417,0.001000,0.001000,0.001000,0.001000,0.001000
1076.769231,0.035574,0.001000,0.001000,0.001000,0.001000,0.001000
1076.788462,0.034709,0.001000,0.001000,0.001000,0.001000,0.001000
1076.807692,0.033824,0.001000,0.001000,0.001000,0.001000,0.001000
1076.826923,0.032919,0.001000,0.001000,0.001000,0.001000,0.001000
1076.846154,0.031994,0.001000,0.001000,0.001000,0.001000,0.001000
1076.865385,0.031051,0.001000,0.001000,0.001000,0.001000,0.001000
1076.884615,0.030089,0.001000,0.001000,0.001000,0.001000,0.001000
1076.903846,0.029109,0.001000,0.001000,0.001000,0.001000,0.001000
1076.923077,0.028113,0.001000,0.001000,0.001000,0.001000,0.001000
1076.942308,0.027099,0.001000,0.001000,0.001000,0.001000,0.001000
1076.961538,0.026070,0.001000,0.001000,0.001000,0.001000,0.001000
1076.980769,0.025025,0.001000,0.001000,0.001000,0.001000,0.001000
1077.000000,0.023965,0.001000,0.001000,0.001000,0.001000,0.001000
1077.019231,0.022891,0.001000,0.001000,0.001000,0.001000,0.001000
1077.038462,0.021804,0.001000,0.001000,0.001000,0.001000,0.001000
1077.057692,0.020704,0.001000,0.001000,0.001000,0.001000,0.001000
1077.076923,0.019591,0.001000,0.001000,0.001000,0.001000,0.001000
1077.096154,0.018467,0.001000,0.001000,0.001000,0.001000,0.001000
1077.115385,0.017332,0.001000,0.001000,0.001000,0.001000,0.001000
1077.134615,0.016187,0.001000,0.001000,0.001000,0.001000,0.001000
1077.153846,0.015032,0.001000,0.001000,0.001000,0.001000,0.001000
1077.173077,0.013869,0.001000,0.001000,0.001000,0.001000,0.001000
1077.192308,0.012697,0.001000,0.001000,0.001000,0.001000,0.001000
1077.211538,0.011517,0.001000,0.001000,0.001000,0.001000,0.001000
1077.230769,0.010331,0.001000,0.001000,0.001000,0.001000,0.001000
1077.250000,0.009139,0.001000,0.001000,0.001000,0.001000,0.001000
1077.269231,0.007941,0.001000,0.001000,0.001000,0.001000,0.001000
1077.288462,0.006739,0.001000,0.001000,0.001000,0.001000,0.001000
1077.307692,0.005532,0.001000,0.001000,0.001000,0.001000,0.001000
1077.326923,0.004323,0.001000,0.001000,0.001000,0.001000,0.001000
1077.346154,0.003111,0.001000,0.001000,0.001000,0.001000,0.001000
1077.365385,0.001897,0.001000,0.001000,0.001000,0.001000,0.001000
1077.384615,0.000682,0.001000,0.001000,0.001000,0.001000,0.001000
1077.403846,-0.000534,0.001000,0.001000,0.001000,0.001000,0.001000
1077.423077,-0.001749,0.001000,0.001000,0.001000,0.001000,0.001000
1077.442308,-0.002963,0.001000,0.001000,0.001000,0.001000,0.001000
1077.461538,-0.004176,0.001000,0.001000,0.001000,0.001000,0.001000
1077.480769,-0.005386,0.001000,0.001000,0.001000,0.001000,0.001000
1077.500000,-0.006593,0.001000,0.001000,0.001000,0.001000,0.001000
1077.519231,-0.007796,0.001000,0.001000,0.001000,0.001000,0.001000
1077.538462,-0.008994,0.001000,0.001000,0.001000,0.001000,0.001000
1077.557692,-0.010187,0.001000,0.001000,0.001000,0.001000,0.001000
1077.576923,-0.011374,0.001000,0.001000,0.001000,0.001000,0.001000
1077.596154,-0.012554,0.001000,0.001000,0.001000,0.001000,0.001000
1077.615385,-0.013727,0.001000,0.001000,0.001000,0.001000,0.001000
1077.634615,-0.014891,0.001000,0.001000,0.001000,0.001000,0.001000
1077.653846,-0.016047,0.001000,0.001000,0.001000,0.001000,0.001000
1077.673077,-0.017194,0.001000,0.001000,0.001000,0.001000,0.001000
1077.692308,-0.018330,0.001000,0.001000,0.001000,0.001000,0.001000
1077.711538,-0.019455,0.001000,0.001000,0.001000,0.001000,0.001000
1077.730769,-0.020569,0.001000,0.001000,0.001000,0.001000,0.001000
1077.750000,-0.021671,0.001000,0.001000,0.001000,0.001000,0.001000
1077.769231,-0.022760,0.001000,0.001000,0.001000,0.001000,0.001000
1077.788462,-0.023836,0.001000,0.001000,0.001000,0.001000,0.001000
1077.807692,-0.024897,0.001000,0.001000,0.001000,0.001000,0.001000
1077.826923,-0.025944,0.001000,0.001000,0.001000,0.001000,0.001000
1077.846154,-0.026975,0.001000,0.001000,0.001000,0.001000,0.001000
1077.865385,-0.027990,0.001000,0.001000,0.001000,0.001000,0.001000
1077.884615,-0.028989,0.001000,0.001000,0.001000,0.001000,0.001000
1077.903846,-0.029971,0.001000,0.001000,0.001000,0.001000,0.001000
1077.923077,-0.030935,0.001000,0.001000,0.001000,0.001000,0.001000
1077.942308,-0.031881,0.001000,0.001000,0.001000,0.001000,0.001000
1077.961538,-0.032808,0.001000,0.001000,0.001000,0.001000,0.001000
1077.980769,-0.033715,0.001000,0.001000,0.001000,0.001000,0.001000
1078.000000,-0.034603,0.001000,0.001000,0.001000,0.001000,0.001000
1078.019231,-0.035470,0.001000,0.001000,0.001000,0.001000,0.001000
1078.038462,-0.036316,0.001000,0.001000,0.001000,0.001000,0.001000
1078.057692,-0.037141,0.001000,0.001000,0.001000,0.001000,0.001000
1078.076923,-0.037944,0.001000,0.001000,0.001000,0.001000,0.001000
1078.096154,-0.038724,0.001000,0.001000,0.001000,0.001000,0.001000
1078.115385,-0.039481,0.001000,0.001000,0.001000,0.001000,0.001000
1078.134615,-0.040216,0.001000,0.001000,0.001000,0.001000,0.001000
1078.153846,-0.040926,0.001000,0.001000,0.001000,0.001000,0.001000
1078.173077,-0.041612,0.001000,0.001000,0.001000,0.001000,0.001000
1078.192308,-0.042274,0.001000,0.001000,0.001000,0.001000,0.001000
1078.211538,-0.042910,0.001000,0.001000,0.001000,0.001000,0.001000
1078.230769,-0.043521,0.001000,0.001000,0.001000,0.001000,0.001000
1078.250000,-0.044107,0.001000,0.001000,0.001000,0.001000,0.001000
1078.269231,-0.044666,0.001000,0.001000,0.001000,0.001000,0.001000
1078.288462,-0.045199,0.001000,0.001000,0.001000,0.001000,0.001000
1078.307692,-0.045706,0.001000,0.001000,0.001000,0.001000,0.001000
1078.326923,-0.046185,0.001000,0.001000,0.001000,0.001000,0.001000
1078.346154,-0.046637,0.001000,0.001000,0.001000,0.001000,0.001000
1078.365385,-0.047061,0.001000,0.001000,0.001000,0.001000,0.001000
1078.384615,-0.047458,0.001000,0.001000,0.001000,0.001000,0.001000
1078.403846,-0.047827,0.001000,0.001000,0.001000,0.001000,0.001000
1078.423077,-0.048167,0.001000,0.001000,0.001000,0.001000,0.001000
1078.442308,-0.048479,0.001000,0.001000,0.001000,0.001000,0.001000
1078.461538,-0.048762,0.001000,0.001000,0.001000,0.001000,0.001000
1078.480769,-0.049016,0.001000,0.001000,0.001000,0.001000,0.001000
1078.500000,-0.049242,0.001000,0.001000,0.001000,0.001000,0.001000
1078.519231,-0.049438,0.001000,0.001000,0.001000,0.001000,0.001000
1078.538462,-0.049605,0.001000,0.001000,0.001000,0.001000,0.001000
1078.557692,-0.049743,0.001000,0.001000,0.001000,0.001000,0.001000
1078.576923,-0.049851,0.001000,0.001000,0.001000,0.001000,0.001000
1078.596154,-0.049930,0.001000,0.001000,0.001000,0.001000,0.001000
1078.615385,-0.049980,0.001000,0.001000,0.001000,0.001000,0.001000
1078.634615,-0.050000,0.001000,0.001000,0.001000,0.001000,0.001000
1078.653846,-0.049990,0.001000,0.001000,0.001000,0.001000,0.001000
1078.673077,-0.049951,0.001000,0.001000,0.001000,0.001000,0.001000
1078.692308,-0.049882,0.001000,0.001000,0.001000,0.001000,0.001000
1078.711538,-0.049784,0.001000,0.001000,0.001000,0.001000,0.001000
1078.730769,-0.049656,0.001000,0.001000,0.001000,0.001000,0.001000
1078.750000,-0.049499,0.001000,0.001000,0.001000,0.001000,0.001000
1078.769231,-0.049313,0.001000,0.001000,0.001000,0.001000,0.001000
1078.788462,-0.049097,0.001000,0.001000,0.001000,0.001000,0.001000
1078.807692,-0.048853,0.001000,0.001000,0.001000,0.001000,0.001000
1078.826923,-0.048580,0.001000,0.001000,0.001000,0.001000,0.001000
1078.846154,-0.048278,0.001000,0.001000,0.001000,0.001000,0.001000
1078.865385,-0.047947,0.001000,0.001000,0.001000,0.001000,0.001000
1078.884615,-0.047588,0.001000,0.001000,0.001000,0.001000,0.001000
1078.903846,-0.047201,0.001000,0.001000,0.001000,0.001000,0.001000
1078.923077,-0.046786,0.001000,0.001000,0.001000,0.001000,0.001000
1078.942308,-0.046344,0.001000,0.001000,0.001000,0.001000,0.001000
1078.961538,-0.045874,0.001000,0.001000,0.001000,0.001000,0.001000
1078.980769,-0.045377,0.001000,0.001000,0.001000,0.001000,0.001000
1079.000000,-0.044853,0.001000,0.001000,0.001000,0.001000,0.001000
1079.019231,-0.044302,0.001000,0.001000,0.001000,0.001000,0.001000
1079.038462,-0.043726,0.001000,0.001000,0.001000,0.001000,0.001000
1079.057692,-0.043124,0.001000,0.001000,0.001000,0.001000,0.001000
1079.076923,-0.042496,0.001000,0.001000,0.001000,0.001000,0.001000
1079.096154,-0.041843,0.001000,0.001000,0.001000,0.001000,0.001000
1079.115385,-0.041165,0.001000,0.001000,0.001000,0.001000,0.001000
1079.134615,-0.040463,0.001000,0.001000,0.001000,0.001000,0.001000
1079.153846,-0.039737,0.001000,0.001000,0.001000,0.001000,0.001000
1079.173077,-0.038987,0.001000,0.001000,0.001000,0.001000,0.001000
1079.192308,-0.038215,0.001000,0.001000,0.001000,0.001000,0.001000
1079.211538,-0.037420,0.001000,0.001000,0.001000,0.001000,0.001000
1079.230769,-0.036603,0.001000,0.001000,0.001000,0.001000,0.001000
1079.250000,-0.035764,0.001000,0.001000,0.001000,0.001000,0.001000
1079.269231,-0.034904,0.001000,0.001000,0.001000,0.001000,0.001000
1079.288462,-0.034023,0.001000,0.001000,0.001000,0.001000,0.001000
1079.307692,-0.033122,0.001000,0.001000,0.001000,0.001000,0.001000
1079.326923,-0.032202,0.001000,0.001000,0.001000,0.001000,0.001000
1079.346154,-0.031263,0.001000,0.001000,0.001000,0.001000,0.001000
1079.365385,-0.030305,0.001000,0.001000,0.001000,0.001000,0.001000
1079.384615,-0.029329,0.001000,0.001000,0.001000,0.001000,0.001000
1079.403846,-0.028336,0.001000,0.001000,0.001000,0.001000,0.001000
1079.423077,-0.027326,0.001000,0.001000,0.001000,0.001000,0.001000
1079.442308,-0.026301,0.001000,0.001000,0.001000,0.001000,0.001000
1079.461538,-0.025259,0.001000,0.001000,0.001000,0.001000,0.001000
1079.480769,-0.024203,0.001000,0.001000,0.001000,0.001000,0.001000
1079.500000,-0.023132,0.001000,0.001000,0.001000,0.001000,0.001000
1079.519231,-0.022048,0.001000,0.001000,0.001000,0.001000,0.001000
1079.538462,-0.020950,0.001000,0.001000,0.001000,0.001000,0.001000
1079.557692,-0.019840,0.001000,0.001000,0.001000,0.001000,0.001000
1079.576923,-0.018719,0.001000,0.001000,0.001000,0.001000,0.001000
1079.596154,-0.017586,0.001000,0.001000,0.001000,0.001000,0.001000
1079.615385,-0.016443,0.001000,0.001000,0.001000,0.001000,0.001000
1079.634615,-0.015290,0.001000,0.001000,0.001000,0.001000,0.001000
1079.653846,-0.014129,0.001000,0.001000,0.001000,0.001000,0.001000
1079.673077,-0.012959,0.001000,0.001000,0.001000,0.001000,0.001000
1079.692308,-0.011781,0.001000,0.001000,0.001000,0.001000,0.001000
1079.711538,-0.010596,0.001000,0.001000,0.001000,0.001000,0.001000
1079.730769,-0.009405,0.001000,0.001000,0.001000,0.001000,0.001000
1079.750000,-0.008209,0.001000,0.001000,0.001000,0.001000,0.001000
1079.769231,-0.007007,0.001000,0.001000,0.001000,0.001000,0.001000
1079.788462,-0.005802,0.001000,0.001000,0.001000,0.001000,0.001000
1079.807692,-0.004593,0.001000,0.001000,0.001000,0.001000,0.001000
1079.826923,-0.003381,0.001000,0.001000,0.001000,0.001000,0.001000
1079.846154,-0.002167,0.001000,0.001000,0.001000,0.001000,0.001000
1079.865385,-0.000953,0.001000,0.001000,0.001000,0.001000,0.001000
1079.884615,0.000263,0.001000,0.001000,0.001000,0.001000,0.001000
1079.903846,0.001478,0.001000,0.001000,0.001000,0.001000,0.001000
1079.923077,0.002693,0.001000,0.001000,0.001000,0.001000,0.001000
1079.942308,0.003906,0.001000,0.001000,0.001000,0.001000,0.001000
1079.961538,0.005116,0.001000,0.001000,0.001000,0.001000,0.001000
1079.980769,0.006324,0.001000,0.001000,0.001000,0.001000,0.001000
1080.000000,0.007528,0.001000,0.001000,0.001000,0.001000,0.001000
1080.019231,0.008727,0.001000,0.001000,0.001000,0.001000,0.001000
1080.038462,0.009921,0.001000,0.001000,0.001000,0.001000,0.001000
1080.057692,0.011110,0.001000,0.001000,0.001000,0.001000,0.001000
1080.076923,0.012291,0.001000,0.001000,0.001000,0.001000,0.001000
1080.096154,0.013466,0.001000,0.001000,0.001000,0.001000,0.001000
1080.115385,0.014632,0.001000,0.001000,0.001000,0.001000,0.001000
1080.134615,0.015790,0.001000,0.001000,0.001000,0.001000,0.001000
1080.153846,0.016939,0.001000,0.001000,0.001000,0.001000,0.001000
1080.173077,0.018078,0.001000,0.001000,0.001000,0.001000,0.001000
1080.192308,0.019205,0.001000,0.001000,0.001000,0.001000,0.001000
1080.211538,0.020322,0.001000,0.001000,0.001000,0.001000,0.001000
1080.230769,0.021427,0.001000,0.001000,0.001000,0.001000,0.001000
1080.250000,0.022518,0.001000,0.001000,0.001000,0.001000,0.001000
1080.269231,0.023597,0.001000,0.001000,0.001000,0.001000,0.001000
1080.288462,0.024662,0.001000,0.001000,0.001000,0.001000,0.001000
1080.307692,0.025712,0.001000,0.001000,0.001000,0.001000,0.001000
1080.326923,0.026746,0.001000,0.001000,0.001000,0.001000,0.001000
1080.346154,0.027765,0.001000,0.001000,0.001000,0.001000,0.001000
1080.365385,0.028768,0.001000,0.001000,0.001000,0.001000,0.001000
1080.384615,0.029754,0.001000,0.001000,0.001000,0.001000,0.001000
1080.403846,0.030722,0.001000,0.001000,0.001000,0.001000,0.001000
1080.423077,0.031672,0.001000,0.001000,0.001000,0.001000,0.001000
1080.442308,0.032603,0.001000,0.001000,0.001000,0.001000,0.001000
1080.461538,0.033515,0.001000,0.001000,0.001000,0.001000,0.001000
1080.480769,0.034407,0.001000,0.001000,0.001000,0.001000,0.001000
1080.500000,0.035278,0.001000,0.001000,0.001000,0.001000,0.001000
1080.519231,0.036129,0.001000,0.001000,0.001000,0.001000,0.001000
1080.538462,0.036959,0.001000,0.001000,0.001000,0.001000,0.001000
1080.557692,0.037767,0.001000,0.001000,0.001000,0.001000,0.001000
1080.576923,0.038552,0.001000,0.001000,0.001000,0.001000,0.001000
1080.596154,0.039315,0.001000,0.001000,0.001000,0.001000,0.001000
1080.615385,0.040054,0.001000,0.001000,0.001000,0.001000,0.001000
1080.634615,0.040770,0.001000,0.001000,0.001000,0.001000,0.001000
1080.653846,0.041461,0.001000,0.001000,0.001000,0.001000,0.001000
1080.673077,0.042128,0.001000,0.001000,0.001000,0.001000,0.001000
1080.692308,0.042770,0.001000,0.001000,0.001000,0.001000,0.001000
1080.711538,0.043387,0.001000,0.001000,0.001000,0.001000,0.001000
1080.730769,0.043979,0.001000,0.001000,0.001000,0.001000,0.001000
1080.750000,0.044544,0.001000,0.001000,0.001000,0.001000,0.001000
1080.769231,0.045083,0.001000,0.001000,0.001000,0.001000,0.001000
1080.788462,0.045595,0.001000,0.001000,0.001000,0.001000,0.001000
1080.807692,0.046080,0.001000,0.001000,0.001000,0.001000,0.001000
1080.826923,0.046539,0.001000,0.001000,0.001000,0.001000,0.001000
1080.846154,0.046969,0.001000,0.001000,0.001000,0.001000,0.001000
1080.865385,0.047372,0.001000,0.001000,0.001000,0.001000,0.001000
1080.884615,0.047747,0.001000,0.001000,0.001000,0.001000,0.001000
1080.903846,0.048094,0.001000,0.001000,0.001000,0.001000,0.001000
1080.923077,0.048412,0.001000,0.001000,0.001000,0.001000,0.001000
1080.942308,0.048701,0.001000,0.001000,0.001000,0.001000,0.001000
1080.961538,0.048962,0.001000,0.001000,0.001000,0.001000,0.001000
1080.980769,0.049194,0.001000,0.001000,0.001000,0.001000,0.001000
1081.000000,0.049397,0.001000,0.001000,0.001000,0.001000,0.001000
1081.019231,0.049571,0.001000,0.001000,0.001000,0.001000,0.001000
1081.038462,0.049715,0.001000,0.001000,0.001000,0.001000,0.001000
1081.057692,0.049830,0.001000,0.001000,0.001000,0.001000,0.001000
1081.076923,0.049915,0.001000,0.001000,0.001000,0.001000,0.001000
1081.096154,0.049971,0.001000,0.001000,0.001000,0.001000,0.001000
1081.115385,0.049998,0.001000,0.001000,0.001000,0.001000,0.001000
1081.134615,0.049995,0.001000,0.001000,0.001000,0.001000,0.001000
1081.153846,0.049962,0.001000,0.001000,0.001000,0.001000,0.001000
1081.173077,0.049900,0.001000,0.001000,0.001000,0.001000,0.001000
1081.192308,0.049808,0.001000,0.001000,0.001000,0.001000,0.001000
1081.211538,0.049687,0.001000,0.001000,0.001000,0.001000,0.001000
1081.230769,0.049537,0.001000,0.001000,0.001000,0.001000,0.001000
1081.250000,0.049357,0.001000,0.001000,0.001000,0.001000,0.001000
1081.269231,0.049148,0.001000,0.001000,0.001000,0.001000,0.001000
1081.288462,0.048910,0.001000,0.001000,0.001000,0.001000,0.001000
1081.307692,0.048643,0.001000,0.001000,0.001000,0.001000,0.001000
1081.326923,0.048347,0.001000,0.001000,0.001000,0.001000,0.001000
1081.346154,0.048023,0.001000,0.001000,0.001000,0.001000,0.001000
1081.365385,0.047671,0.001000,0.001000,0.001000,0.001000,0.001000
1081.384615,0.047290,0.001000,0.001000,0.001000,0.001000,0.001000
1081.403846,0.046881,0.001000,0.001000,0.001000,0.001000,0.001000
1081.423077,0.046445,0.001000,0.001000,0.001000,0.001000,0.001000
1081.442308,0.045981,0.001000,0.001000,0.001000,0.001000,0.001000
1081.461538,0.045490,0.001000,0.001000,0.001000,0.001000,0.001000
1081.480769,0.044972,0.001000,0.001000,0.001000,0.001000,0.001000
1081.500000,0.044427,0.001000,0.001000,0.001000,0.001000,0.001000
1081.519231,0.043857,0.001000,0.001000,0.001000,0.001000,0.001000
1081.538462,0.043260,0.001000,0.001000,0.001000,0.001000,0.001000
1081.557692,0.042638,0.001000,0.001000,0.001000,0.001000,0.001000
1081.576923,0.041990,0.001000,0.001000,0.001000,0.001000,0.001000
1081.596154,0.041318,0.001000,0.001000,0.001000,0.001000,0.001000
1081.615385,0.040621,0.001000,0.001000,0.001000,0.001000,0.001000
1081.634615,0.039901,0.001000,0.001000,0.001000,0.001000,0.001000
1081.653846,0.039156,0.001000,0.001000,0.001000,0.001000,0.001000
1081.673077,0.038389,0.001000,0.001000,0.001000,0.001000,0.001000
1081.692308,0.037599,0.001000,0.001000,0.001000,0.001000,0.001000
1081.711538,0.036787,0.001000,0.001000,0.001000,0.001000,0.001000
1081.730769,0.035953,0.001000,0.001000,0.001000,0.001000,0.001000
1081.750000,0.035097,0.001000,0.001000,0.001000,0.001000,0.001000
1081.769231,0.034221,0.001000,0.001000,0.001000,0.001000,0.001000
1081.788462,0.033325,0.001000,0.001000,0.001000,0.001000,0.001000
1081.807692,0.032409,0.001000,0.001000,0.001000,0.001000,0.001000
1081.826923,0.031474,0.001000,0.001000,0.001000,0.001000,0.001000
1081.846154,0.030520,0.001000,0.001000,0.001000,0.001000,0.001000
1081.865385,0.029548,0.001000,0.001000,0.001000,0.001000,0.001000
1081.884615,0.028559,0.001000,0.001000,0.001000,0.001000,0.001000
1081.903846,0.027553,0.001000,0.001000,0.001000,0.001000,0.001000
1081.923077,0.026531,0.001000,0.001000,0.001000,0.001000,0.001000
1081.942308,0.025493,0.001000,0.001000,0.001000,0.001000,0.001000
1081.961538,0.024439,0.001000,0.001000,0.001000,0.001000,0.001000
1081.980769,0.023372,0.001000,0.001000,0.001000,0.001000,0.001000
1082.000000,0.022290,0.001000,0.001000,0.001000,0.001000,0.001000
1082.019231,0.021196,0.001000,0.001000,0.001000,0.001000,0.001000
1082.038462,0.020089,0.001000,0.001000,0.001000,0.001000,0.001000
1082.057692,0.018970,0.001000,0.001000,0.001000,0.001000,0.001000
1082.076923,0.017840,0.001000,0.001000,0.001000,0.001000,0.001000
1082.096154,0.016699,0.001000,0.001000,0.001000,0.001000,0.001000
1082.115385,0.015548,0.001000,0.001000,0.001000,0.001000,0.001000
1082.134615,0.014388,0.001000,0.001000,0.001000,0.001000,0.001000
1082.153846,0.013220,0.001000,0.001000,0.001000,0.001000,0.001000
1082.173077,0.012044,0.001000,0.001000,0.001000,0.001000,0.001000
1082.192308,0.010861,0.001000,0.001000,0.001000,0.001000,0.001000
1082.211538,0.009671,0.001000,0.001000,0.001000,0.001000,0.001000
1082.230769,0.008476,0.001000,0.001000,0.001000,0.001000,0.001000
1082.250000,0.007276,0.001000,0.001000,0.001000,0.001000,0.001000
1082.269231,0.006071,0.001000,0.001000,0.001000,0.001000,0.001000
1082.288462,0.004863,0.001000,0.001000,0.001000,0.001000,0.001000
1082.307692,0.003651,0.001000,0.001000,0.001000,0.001000,0.001000
1082.326923,0.002438,0.001000,0.001000,0.001000,0.001000,0.001000
1082.346154,0.001223,0.001000,0.001000,0.001000,0.001000,0.001000
1082.365385,0.000008,0.001000,0.001000,0.001000,0.001000,0.001000
1082.384615,-0.001207,0.001000,0.001000,0.001000,0.001000,0.001000
1082.403846,-0.002422,0.001000,0.001000,0.001000,0.001000,0.001000
1082.423077,-0.003635,0.001000,0.001000,0.001000,0.001000,0.001000
1082.442308,-0.004847,0.001000,0.001000,0.001000,0.001000,0.001000
1082.461538,-0.006055,0.001000,0.001000,0.001000,0.001000,0.001000
1082.480769,-0.007260,0.001000,0.001000,0.001000,0.001000,0.001000
1082.500000,-0.008460,0.001000,0.001000,0.001000,0.001000,0.001000
1082.519231,-0.009656,0.001000,0.001000,0.001000,0.001000,0.001000
1082.538462,-0.010845,0.001000,0.001000,0.001000,0.001000,0.001000
1082.557692,-0.012029,0.001000,0.001000,0.001000,0.001000,0.001000
1082.576923,-0.013205,0.001000,0.001000,0.001000,0.001000,0.001000
1082.596154,-0.014373,0.001000,0.001000,0.001000,0.001000,0.001000
1082.615385,-0.015533,0.001000,0.001000,0.001000,0.001000,0.001000
1082.634615,-0.016684,0.001000,0.001000,0.001000,0.001000,0.001000
1082.653846,-0.017825,0.001000,0.001000,0.001000,0.001000,0.001000
1082.673077,-0.018955,0.001000,0.001000,0.001000,0.001000,0.001000
1082.692308,-0.020074,0.001000,0.001000,0.001000,0.001000,0.001000
1082.711538,-0.021181,0.001000,0.001000,0.001000,0.001000,0.001000
1082.730769,-0.022276,0.001000,0.001000,0.001000,0.001000,0.001000
1082.750000,-0.023358,0.001000,0.001000,0.001000,0.001000,0.001000
1082.769231,-0.024425,0.001000,0.001000,0.001000,0.001000,0.001000
1082.788462,-0.025479,0.001000,0.001000,0.001000,0.001000,0.001000
1082.807692,-0.026517,0.001000,0.001000,0.001000,0.001000,0.001000
1082.826923,-0.027540,0.001000,0.001000,0.001000,0.001000,0.001000
1082.846154,-0.028546,0.001000,0.001000,0.001000,0.001000,0.001000
1082.865385,-0.029535,0.001000,0.001000,0.001000,0.001000,0.001000
1082.884615,-0.030507,0.001000,0.001000,0.001000,0.001000,0.001000
1082.903846,-0.031461,0.001000,0.001000,0.001000,0.001000,0.001000
1082.923077,-0.032397,0.001000,0.001000,0.001000,0.001000,0.001000
1082.942308,-0.033313,0.001000,0.001000,0.001000,0.001000,0.001000
1082.961538,-0.034210,0.001000,0.001000,0.001000,0.001000,0.001000
1082.980769,-0.035086,0.001000,0.001000,0.001000,0.001000,0.001000
1083.000000,-0.035941,0.001000,0.001000,0.001000,0.001000,0.001000
1083.019231,-0.036776,0.001000,0.001000,0.001000,0.001000,0.001000
1083.038462,-0.037588,0.001000,0.001000,0.001000,0.001000,0.001000
1083.057692,-0.038379,0.001000,0.001000,0.001000,0.001000,0.001000
1083.076923,-0.039147,0.001000,0.001000,0.001000,0.001000,0.001000
1083.096154,-0.039891,0.001000,0.001000,0.001000,0.001000,0.001000
1083.115385,-0.040612,0.001000,0.001000,0.001000,0.001000,0.001000
1083.134615,-0.041309,0.001000,0.001000,0.001000,0.001000,0.001000
1083.153846,-0.041982,0.001000,0.001000,0.001000,0.001000,0.001000
1083.173077,-0.042629,0.001000,0.001000,0.001000,0.001000,0.001000
1083.192308,-0.043252,0.001000,0.001000,0.001000,0.001000,0.001000
1083.211538,-0.043849,0.001000,0.001000,0.001000,0.001000,0.001000
1083.230769,-0.044420,0.001000,0.001000,0.001000,0.001000,0.001000
1083.250000,-0.044965,0.001000,0.001000,0.001000,0.001000,0.001000
1083.269231,-0.045483,0.001000,0.001000,0.001000,0.001000,0.001000
1083.288462,-0.045975,0.001000,0.001000,0.001000,0.001000,0.001000
1083.307692,-0.046439,0.001000,0.001000,0.001000,0.001000,0.001000
1083.326923,-0.046876,0.001000,0.001000,0.001000,0.001000,0.001000
1083.346154,-0.047285,0.001000,0.001000,0.001000,0.001000,0.001000
1083.365385,-0.047666,0.001000,0.001000,0.001000,0.001000,0.001000
1083.384615,-0.048019,0.001000,0.001000,0.001000,0.001000,0.001000
1083.403846,-0.048343,0.001000,0.001000,0.001000,0.001000,0.001000
1083.423077,-0.048639,0.001000,0.001000,0.001000,0.001000,0.001000
1083.442308,-0.048907,0.001000,0.001000,0.001000,0.001000,0.001000
1083.461538,-0.049145,0.001000,0.001000,0.001000,0.001000,0.001000
1083.480769,-0.049354,0.001000,0.001000,0.001000,0.001000,0.001000
1083.500000,-0.049534,0.001000,0.001000,0.001000,0.001000,0.001000
1083.519231,-0.049685,0.001000,0.001000,0.001000,0.001000,0.001000
1083.538462,-0.049807,0.001000,0.001000,0.001000,0.001000,0.001000
1083.557692,-0.049899,0.001000,0.001000,0.001000,0.001000,0.001000
1083.576923,-0.049961,0.001000,0.001000,0.001000,0.001000,0.001000
1083.596154,-0.049994,0.001000,0.001000,0.001000,0.001000,0.001000
1083.615385,-0.049998,0.001000,0.001000,0.001000,0.001000,0.001000
1083.634615,-0.049972,0.001000,0.001000,0.001000,0.001000,0.001000
1083.653846,-0.049916,0.001000,0.001000,0.001000,0.001000,0.001000
1083.673077,-0.049831,0.001000,0.001000,0.001000,0.001000,0.001000
1083.692308,-0.049717,0.001000,0.001000,0.001000,0.001000,0.001000
1083.711538,-0.049573,0.001000,0.001000,0.001000,0.001000,0.001000
1083.730769,-0.049399,0.001000,0.001000,0.001000,0.001000,0.001000
1083.750000,-0.049197,0.001000,0.001000,0.001000,0.001000,0.001000
1083.769231,-0.048965,0.001000,0.001000,0.001000,0.001000,0.001000
1083.788462,-0.048705,0.001000,0.001000,0.001000,0.001000,0.001000
1083.807692,-0.048416,0.001000,0.001000,0.001000,0.001000,0.001000
1083.826923,-0.048098,0.001000,0.001000,0.001000,0.001000,0.001000
1083.846154,-0.047752,0.001000,0.001000,0.001000,0.001000,0.001000
1083.865385,-0.047377,0.001000,0.001000,0.001000,0.001000,0.001000
1083.884615,-0.046975,0.001000,0.001000,0.001000,0.001000,0.001000
1083.903846,-0.046544,0.001000,0.001000,0.001000,0.001000,0.001000
1083.923077,-0.046087,0.001000,0.001000,0.001000,0.001000,0.001000
1083.942308,-0.045602,0.001000,0.001000,0.001000,0.001000,0.001000
1083.961538,-0.045090,0.001000,0.001000,0.001000,0.001000,0.001000
1083.980769,-0.044551,0.001000,0.001000,0.001000,0.001000,0.001000
1084.000000,-0.043986,0.001000,0.001000,0.001000,0.001000,0.001000
1084.019231,-0.043395,0.001000,0.001000,0.001000,0.001000,0.001000
1084.038462,-0.042779,0.001000,0.001000,0.001000,0.001000,0.001000
1084.057692,-0.042137,0.001000,0.001000,0.001000,0.001000,0.001000
1084.076923,-0.041470,0.001000,0.001000,0.001000,0.001000,0.001000
1084.096154,-0.040779,0.001000,0.001000,0.001000,0.001000,0.001000
1084.115385,-0.040063,0.001000,0.001000,0.001000,0.001000,0.001000
1084.134615,-0.039324,0.001000,0.001000,0.001000,0.001000,0.001000
1084.153846,-0.038562,0.001000,0.001000,0.001000,0.001000,0.001000
1084.173077,-0.037777,0.001000,0.001000,0.001000,0.001000,0.001000
1084.192308,-0.036970,0.001000,0.001000,0.001000,0.001000,0.001000
1084.211538,-0.036140,0.001000,0.001000,0.001000,0.001000,0.001000
1084.230769,-0.035290,0.001000,0.001000,0.001000,0.001000,0.001000
1084.250000,-0.034418,0.001000,0.001000,0.001000,0.001000,0.001000
1084.269231,-0.033527,0.001000,0.001000,0.001000,0.001000,0.001000
1084.288462,-0.032615,0.001000,0.001000,0.001000,0.001000,0.001000
1084.307692,-0.031684,0.001000,0.001000,0.001000,0.001000,0.001000
1084.326923,-0.030734,0.001000,0.001000,0.001000,0.001000,0.001000
1084.346154,-0.029767,0.001000,0.001000,0.001000,0.001000,0.001000
1084.365385,-0.028781,0.001000,0.001000,0.001000,0.001000,0.001000
1084.384615,-0.027779,0.001000,0.001000,0.001000,0.001000,0.001000
1084.403846,-0.026760,0.001000,0.001000,0.001000,0.001000,0.001000
1084.423077,-0.025725,0.001000,0.001000,0.001000,0.001000,0.001000
1084.442308,-0.024675,0.001000,0.001000,0.001000,0.001000,0.001000
1084.461538,-0.023611,0.001000,0.001000,0.001000,0.001000,0.001000
1084.480769,-0.022533,0.001000,0.001000,0.001000,0.001000,0.001000
1084.500000,-0.021441,0.001000,0.001000,0.001000,0.001000,0.001000
1084.519231,-0.020337,0.001000,0.001000,0.001000,0.001000,0.001000
1084.538462,-0.019220,0.001000,0.001000,0.001000,0.001000,0.001000
1084.557692,-0.018093,0.001000,0.001000,0.001000,0.001000,0.001000
1084.576923,-0.016954,0.001000,0.001000,0.001000,0.001000,0.001000
1084.596154,-0.015806,0.001000,0.001000,0.001000,0.001000,0.001000
1084.615385,-0.014648,0.001000,0.001000,0.001000,0.001000,0.001000
1084.634615,-0.013481,0.001000,0.001000,0.001000,0.001000,0.001000
1084.653846,-0.012307,0.001000,0.001000,0.001000,0.001000,0.001000
1084.673077,-0.011125,0.001000,0.001000,0.001000,0.001000,0.001000
1084.692308,-0.009937,0.001000,0.001000,0.001000,0.001000,0.001000
1084.711538,-0.008743,0.001000,0.001000,0.001000,0.001000,0.001000
1084.730769,-0.007544,0.001000,0.001000,0.001000,0.001000,0.001000
1084.750000,-0.006340,0.001000,0.001000,0.001000,0.001000,0.001000
1084.769231,-0.005132,0.001000,0.001000,0.001000,0.001000,0.001000
1084.788462,-0.003922,0.001000,0.001000,0.001000,0.001000,0.001000
1084.807692,-0.002709,0.001000,0.001000,0.001000,0.001000,0.001000
1084.826923,-0.001494,0.001000,0.001000,0.001000,0.001000,0.001000
1084.846154,-0.000279,0.001000,0.001000,0.001000,0.001000,0.001000
1084.865385,0.000936,0.001000,0.001000,0.001000,0.001000,0.001000
1084.884615,0.002151,0.001000,0.001000,0.001000,0.001000,0.001000
1084.903846,0.003365,0.001000,0.001000,0.001000,0.001000,0.001000
1084.923077,0.004577,0.001000,0.001000,0.001000,0.001000,0.001000
1084.942308,0.005786,0.001000,0.001000,0.001000,0.001000,0.001000
1084.961538,0.006991,0.001000,0.001000,0.001000,0.001000,0.001000
1084.980769,0.008193,0.001000,0.001000,0.001000,0.001000,0.001000
1085.000000,0.009389,0.001000,0.001000,0.001000,0.001000,0.001000
1085.019231,0.010580,0.001000,0.001000,0.001000,0.001000,0.001000
1085.038462,0.011765,0.001000,0.001000,0.001000,0.001000,0.001000
1085.057692,0.012943,0.001000,0.001000,0.001000,0.001000,0.001000
1085.076923,0.014113,0.001000,0.001000,0.001000,0.001000,0.001000
1085.096154,0.015275,0.001000,0.001000,0.001000,0.001000,0.001000
1085.115385,0.016428,0.001000,0.001000,0.001000,0.001000,0.001000
1085.134615,0.017571,0.001000,0.001000,0.001000,0.001000,0.001000
1085.153846,0.018704,0.001000,0.001000,0.001000,0.001000,0.001000
1085.173077,0.019826,0.001000,0.001000,0.001000,0.001000,0.001000
1085.192308,0.020936,0.001000,0.001000,0.001000,0.001000,0.001000
1085.211538,0.022033,0.001000,0.001000,0.001000,0.001000,0.001000
1085.230769,0.023118,0.001000,0.001000,0.001000,0.001000,0.001000
1085.250000,0.024189,0.001000,0.001000,0.001000,0.001000,0.001000
1085.269231,0.025245,0.001000,0.001000,0.001000,0.001000,0.001000
1085.288462,0.026287,0.001000,0.001000,0.001000,0.001000,0.001000
1085.307692,0.027313,0.001000,0.001000,0.001000,0.001000,0.001000
1085.326923,0.028323,0.001000,0.001000,0.001000,0.001000,0.001000
1085.346154,0.029316,0.001000,0.001000,0.001000,0.001000,0.001000
1085.365385,0.030292,0.001000,0.001000,0.001000,0.001000,0.001000
1085.384615,0.031250,0.001000,0.001000,0.001000,0.001000,0.001000
1085.403846,0.032190,0.001000,0.001000,0.001000,0.001000,0.001000
1085.423077,0.033110,0.001000,0.001000,0.001000,0.001000,0.001000
1085.442308,0.034011,0.001000,0.001000,0.001000,0.001000,0.001000
1085.461538,0.034892,0.001000,0.001000,0.001000,0.001000,0.001000
1085.480769,0.035753,0.001000,0.001000,0.001000,0.001000,0.001000
1085.500000,0.036592,0.001000,0.001000,0.001000,0.001000,0.001000
1085.519231,0.037409,0.001000,0.001000,0.001000,0.001000,0.001000
1085.538462,0.038205,0.001000,0.001000,0.001000,0.001000,0.001000
1085.557692,0.038977,0.001000,0.001000,0.001000,0.001000,0.001000
1085.576923,0.039727,0.001000,0.001000,0.001000,0.001000,0.001000
1085.596154,0.040453,0.001000,0.001000,0.001000,0.001000,0.001000
1085.615385,0.041156,0.001000,0.001000,0.001000,0.001000,0.001000
1085.634615,0.041834,0.001000,0.001000,0.001000,0.001000,0.001000
1085.653846,0.042487,0.001000,0.001000,0.001000,0.001000,0.001000
1085.673077,0.043115,0.001000,0.001000,0.001000,0.001000,0.001000
1085.692308,0.043718,0.001000,0.001000,0.001000,0.001000,0.001000
1085.711538,0.044295,0.001000,0.001000,0.001000,0.001000,0.001000
1085.730769,0.044846,0.001000,0.001000,0.001000,0.001000,0.001000
1085.750000,0.045370,0.001000,0.001000,0.001000,0.001000,0.001000
1085.769231,0.045867,0.001000,0.001000,0.001000,0.001000,0.001000
1085.788462,0.046338,0.001000,0.001000,0.001000,0.001000,0.001000
1085.807692,0.046781,0.001000,0.001000,0.001000,0.001000,0.001000
1085.826923,0.047196,0.001000,0.001000,0.001000,0.001000,0.001000
1085.846154,0.047583,0.001000,0.001000,0.001000,0.001000,0.001000
1085.865385,0.047943,0.001000,0.001000,0.001000,0.001000,0.001000
1085.884615,0.048273,0.001000,0.001000,0.001000,0.001000,0.001000
1085.903846,0.048576,0.001000,0.001000,0.001000,0.001000,0.001000
1085.923077,0.048849,0.001000,0.001000,0.001000,0.001000,0.001000
1085.942308,0.049094,0.001000,0.001000,0.001000,0.001000,0.001000
1085.961538,0.049310,0.001000,0.001000,0.001000,0.001000,0.001000
1085.980769,0.049497,0.001000,0.001000,0.001000,0.001000,0.001000
1086.000000,0.049654,0.001000,0.001000,0.001000,0.001000,0.001000
1086.019231,0.049782,0.001000,0.001000,0.001000,0.001000,0.001000
1086.038462,0.049881,0.001000,0.001000,0.001000,0.001000,0.001000
1086.057692,0.049950,0.001000,0.001000,0.001000,0.001000,0.001000
1086.076923,0.049990,0.001000,0.001000,0.001000,0.001000,0.001000
1086.096154,0.050000,0.001000,0.001000,0.001000,0.001000,0.001000
1086.115385,0.049980,0.001000,0.001000,0.001000,0.001000,0.001000
1086.134615,0.049931,0.001000,0.001000,0.001000,0.001000,0.001000
1086.153846,0.049853,0.001000,0.001000,0.001000,0.001000,0.001000
1086.173077,0.049745,0.001000,0.001000,0.001000,0.001000,0.001000
1086.192308,0.049607,0.001000,0.001000,0.001000,0.001000,0.001000
1086.211538,0.049441,0.001000,0.001000,0.001000,0.001000,0.001000
1086.230769,0.049245,0.001000,0.001000,0.001000,0.001000,0.001000
1086.250000,0.049020,0.001000,0.001000,0.001000,0.001000,0.001000
1086.269231,0.048766,0.001000,0.001000,0.001000,0.001000,0.001000
1086.288462,0.048483,0.001000,0.001000,0.001000,0.001000,0.001000
1086.307692,0.048171,0.001000,0.001000,0.001000,0.001000,0.001000
1086.326923,0.047831,0.001000,0.001000,0.001000,0.001000,0.001000
1086.346154,0.047463,0.001000,0.001000,0.001000,0.001000,0.001000
1086.365385,0.047067,0.001000,0.001000,0.001000,0.001000,0.001000
1086.384615,0.046643,0.001000,0.001000,0.001000,0.001000,0.001000
1086.403846,0.046191,0.001000,0.001000,0.001000,0.001000,0.001000
1086.423077,0.045712,0.001000,0.001000,0.001000,0.001000,0.001000
1086.442308,0.045206,0.001000,0.001000,0.001000,0.001000,0.001000
1086.461538,0.044674,0.001000,0.001000,0.001000,0.001000,0.001000
1086.480769,0.044114,0.001000,0.001000,0.001000,0.001000,0.001000
1086.500000,0.043529,0.001000,0.001000,0.001000,0.001000,0.001000
1086.519231,0.042918,0.001000,0.001000,0.001000,0.001000,0.001000
1086.538462,0.042282,0.001000,0.001000,0.001000,0.001000,0.001000
1086.557692,0.041621,0.001000,0.001000,0.001000,0.001000,0.001000
1086.576923,0.040935,0.001000,0.001000,0.001000,0.001000,0.001000
1086.596154,0.040225,0.001000,0.001000,0.001000,0.001000,0.001000
1086.615385,0.039491,0.001000,0.001000,0.001000,0.001000,0.001000
1086.634615,0.038734,0.001000,0.001000,0.001000,0.001000,0.001000
1086.653846,0.037954,0.001000,0.001000,0.001000,0.001000,0.001000
1086.673077,0.037152,0.001000,0.001000,0.001000,0.001000,0.001000
1086.692308,0.036327,0.001000,0.001000,0.001000,0.001000,0.001000
1086.711538,0.035481,0.001000,0.001000,0.001000,0.001000,0.001000
1086.730769,0.034614,0.001000,0.001000,0.001000,0.001000,0.001000
1086.750000,0.033727,0.001000,0.001000,0.001000,0.001000,0.001000
1086.769231,0.032820,0.001000,0.001000,0.001000,0.001000,0.001000
1086.788462,0.031893,0.001000,0.001000,0.001000,0.001000,0.001000
1086.807692,0.030948,0.001000,0.001000,0.001000,0.001000,0.001000
1086.826923,0.029984,0.001000,0.001000,0.001000,0.001000,0.001000
1086.846154,0.029002,0.001000,0.001000,0.001000,0.001000,0.001000
1086.865385,0.028004,0.001000,0.001000,0.001000,0.001000,0.001000
1086.884615,0.026988,0.001000,0.001000,0.001000,0.001000,0.001000
1086.903846,0.025957,0.001000,0.001000,0.001000,0.001000,0.001000
1086.923077,0.024911,0.001000,0.001000,0.001000,0.001000,0.001000
1086.942308,0.023850,0.001000,0.001000,0.001000,0.001000,0.001000
1086.961538,0.022774,0.001000,0.001000,0.001000,0.001000,0.001000
1086.980769,0.021686,0.001000,0.001000,0.001000,0.001000,0.001000
1087.000000,0.020584,0.001000,0.001000,0.001000,0.001000,0.001000
1087.019231,0.019470,0.001000,0.001000,0.001000,0.001000,0.001000
1087.038462,0.018345,0.001000,0.001000,0.001000,0.001000,0.001000
1087.057692,0.017209,0.001000,0.001000,0.001000,0.001000,0.001000
1087.076923,0.016063,0.001000,0.001000,0.001000,0.001000,0.001000
1087.096154,0.014907,0.001000,0.001000,0.001000,0.001000,0.001000
1087.115385,0.013742,0.001000,0.001000,0.001000,0.001000,0.001000
1087.134615,0.012569,0.001000,0.001000,0.001000,0.001000,0.001000
1087.153846,0.011389,0.001000,0.001000,0.001000,0.001000,0.001000
1087.173077,0.010202,0.001000,0.001000,0.001000,0.001000,0.001000
1087.192308,0.009010,0.001000,0.001000,0.001000,0.001000,0.001000
1087.211538,0.007811,0.001000,0.001000,0.001000,0.001000,0.001000
1087.230769,0.006609,0.001000,0.001000,0.001000,0.001000,0.001000
1087.250000,0.005402,0.001000,0.001000,0.001000,0.001000,0.001000
1087.269231,0.004192,0.001000,0.001000,0.001000,0.001000,0.001000
1087.288462,0.002979,0.001000,0.001000,0.001000,0.001000,0.001000
1087.307692,0.001765,0.001000,0.001000,0.001000,0.001000,0.001000
1087.326923,0.000550,0.001000,0.001000,0.001000,0.001000,0.001000
1087.346154,-0.000665,0.001000,0.001000,0.001000,0.001000,0.001000
1087.365385,-0.001881,0.001000,0.001000,0.001000,0.001000,0.001000
1087.384615,-0.003095,0.001000,0.001000,0.001000,0.001000,0.001000
1087.403846,-0.004307,0.001000,0.001000,0.001000,0.001000,0.001000
1087.423077,-0.005517,0.001000,0.001000,0.001000,0.001000,0.001000
1087.442308,-0.006723,0.001000,0.001000,0.001000,0.001000,0.001000
1087.461538,-0.007925,0.001000,0.001000,0.001000,0.001000,0.001000
1087.480769,-0.009123,0.001000,0.001000,0.001000,0.001000,0.001000
1087.500000,-0.010315,0.001000,0.001000,0.001000,0.001000,0.001000
1087.519231,-0.011502,0.001000,0.001000,0.001000,0.001000,0.001000
1087.538462,-0.012681,0.001000,0.001000,0.001000,0.001000,0.001000
1087.557692,-0.013853,0.001000,0.001000,0.001000,0.001000,0.001000
1087.576923,-0.015017,0.001000,0.001000,0.001000,0.001000,0.001000
1087.596154,-0.016172,0.001000,0.001000,0.001000,0.001000,0.001000
1087.615385,-0.017317,0.001000,0.001000,0.001000,0.001000,0.001000
1087.634615,-0.018452,0.001000,0.001000,0.001000,0.001000,0.001000
1087.653846,-0.019576,0.001000,0.001000,0.001000,0.001000,0.001000
1087.673077,-0.020689,0.001000,0.001000,0.001000,0.001000,0.001000
1087.692308,-0.021789,0.001000,0.001000,0.001000,0.001000,0.001000
1087.711538,-0.022877,0.001000,0.001000,0.001000,0.001000,0.001000
1087.730769,-0.023951,0.001000,0.001000,0.001000,0.001000,0.001000
1087.750000,-0.025011,0.001000,0.001000,0.001000,0.001000,0.001000
1087.769231,-0.026056,0.001000,0.001000,0.001000,0.001000,0.001000
1087.788462,-0.027086,0.001000,0.001000,0.001000,0.001000,0.001000
1087.807692,-0.028099,0.001000,0.001000,0.001000,0.001000,0.001000
1087.826923,-0.029096,0.001000,0.001000,0.001000,0.001000,0.001000
1087.846154,-0.030076,0.001000,0.001000,0.001000,0.001000,0.001000
1087.865385,-0.031038,0.001000,0.001000,0.001000,0.001000,0.001000
1087.884615,-0.031982,0.001000,0.001000,0.001000,0.001000,0.001000
1087.903846,-0.032907,0.001000,0.001000,0.001000,0.001000,0.001000
1087.923077,-0.033812,0.001000,0.001000,0.001000,0.001000,0.001000
1087.942308,-0.034698,0.001000,0.001000,0.001000,0.001000,0.001000
1087.961538,-0.035563,0.001000,0.001000,0.001000,0.001000,0.001000
1087.980769,-0.036406,0.001000,0.001000,0.001000,0.001000,0.001000
1088.000000,-0.037229,0.001000,0.001000,0.001000,0.001000,0.001000
1088.019231,-0.038029,0.001000,0.001000,0.001000,0.001000,0.001000
1088.038462,-0.038807,0.001000,0.001000,0.001000,0.001000,0.001000
1088.057692,-0.039562,0.001000,0.001000,0.001000,0.001000,0.001000
1088.076923,-0.040294,0.001000,0.001000,0.001000,0.001000,0.001000
1088.096154,-0.041001,0.001000,0.001000,0.001000,0.001000,0.001000
1088.115385,-0.041685,0.001000,0.001000,0.001000,0.001000,0.001000
1088.134615,-0.042344,0.001000,0.001000,0.001000,0.001000,0.001000
1088.153846,-0.042978,0.001000,0.001000,0.001000,0.001000,0.001000
1088.173077,-0.043586,0.001000,0.001000,0.001000,0.001000,0.001000
1088.192308,-0.044169,0.001000,0.001000,0.001000,0.001000,0.001000
1088.211538,-0.044725,0.001000,0.001000,0.001000,0.001000,0.001000
1088.230769,-0.045255,0.001000,0.001000,0.001000,0.001000,0.001000
1088.250000,-0.045759,0.001000,0.001000,0.001000,0.001000,0.001000
1088.269231,-0.046235,0.001000,0.001000,0.001000,0.001000,0.001000
1088.288462,-0.046684,0.001000,0.001000,0.001000,0.001000,0.001000
1088.307692,-0.047106,0.001000,0.001000,0.001000,0.001000,0.001000
1088.326923,-0.047499,0.001000,0.001000,0.001000,0.001000,0.001000
1088.346154,-0.047865,0.001000,0.001000,0.001000,0.001000,0.001000
1088.365385,-0.048202,0.001000,0.001000,0.001000,0.001000,0.001000
1088.384615,-0.048511,0.001000,0.001000,0.001000,0.001000,0.001000
1088.403846,-0.048791,0.001000,0.001000,0.001000,0.001000,0.001000
1088.423077,-0.049042,0.001000,0.001000,0.001000,0.001000,0.001000
1088.442308,-0.049264,0.001000,0.001000,0.001000,0.001000,0.001000
1088.461538,-0.049458,0.001000,0.001000,0.001000,0.001000,0.001000
1088.480769,-0.049622,0.001000,0.001000,0.001000,0.001000,0.001000
1088.500000,-0.049756,0.001000,0.001000,0.001000,0.001000,0.001000
1088.519231,-0.049861,0.001000,0.001000,0.001000,0.001000,0.001000
1088.538462,-0.049937,0.001000,0.001000,0.001000,0.001000,0.001000
1088.557692,-0.049983,0.001000,0.001000,0.001000,0.001000,0.001000
1088.576923,-0.050000,0.001000,0.001000,0.001000,0.001000,0.001000
1088.596154,-0.049987,0.001000,0.001000,0.001000,0.001000,0.001000
1088.615385,-0.049945,0.001000,0.001000,0.001000,0.001000,0.001000
1088.634615,-0.049873,0.001000,0.001000,0.001000,0.001000,0.001000
1088.653846,-0.049771,0.001000,0.001000,0.001000,0.001000,0.001000
1088.673077,-0.049640,0.001000,0.001000,0.001000,0.001000,0.001000
1088.692308,-0.049480,0.001000,0.001000,0.001000,0.001000,0.001000
1088.711538,-0.049291,0.001000,0.001000,0.001000,0.001000,0.001000
1088.730769,-0.049072,0.001000,0.001000,0.001000,0.001000,0.001000
1088.750000,-0.048825,0.001000,0.001000,0.001000,0.001000,0.001000
1088.769231,-0.048548,0.001000,0.001000,0.001000,0.001000,0.001000
1088.788462,-0.048243,0.001000,0.001000,0.001000,0.001000,0.001000
1088.807692,-0.047910,0.001000,0.001000,0.001000,0.001000,0.001000
1088.826923,-0.047548,0.001000,0.001000,0.001000,0.001000,0.001000
1088.846154,-0.047158,0.001000,0.001000,0.001000,0.001000,0.001000
1088.865385,-0.046740,0.001000,0.001000,0.001000,0.001000,0.001000
1088.884615,-0.046294,0.001000,0.001000,0.001000,0.001000,0.001000
1088.903846,-0.045821,0.001000,0.001000,0.001000,0.001000,0.001000
1088.923077,-0.045321,0.001000,0.001000,0.001000,0.001000,0.001000
1088.942308,-0.044795,0.001000,0.001000,0.001000,0.001000,0.001000
1088.961538,-0.044241,0.001000,0.001000,0.001000,0.001000,0.001000
1088.980769,-0.043662,0.001000,0.001000,0.001000,0.001000,0.001000
1089.000000,-0.043057,0.001000,0.001000,0.001000,0.001000,0.001000
1089.019231,-0.042426,0.001000,0.001000,0.001000,0.001000,0.001000
1089.038462,-0.041770,0.001000,0.001000,0.001000,0.001000,0.001000
1089.057692,-0.041090,0.001000,0.001000,0.001000,0.001000,0.001000
1089.076923,-0.040385,0.001000,0.001000,0.001000,0.001000,0.001000
1089.096154,-0.039657,0.001000,0.001000,0.001000,0.001000,0.001000
1089.115385,-0.038905,0.001000,0.001000,0.001000,0.001000,0.001000
1089.134615,-0.038130,0.001000,0.001000,0.001000,0.001000,0.001000
1089.153846,-0.037332,0.001000,0.001000,0.001000,0.001000,0.001000
1089.173077,-0.036513,0.001000,0.001000,0.001000,0.001000,0.001000
1089.192308,-0.035672,0.001000,0.001000,0.001000,0.001000,0.001000
1089.211538,-0.034809,0.001000,0.001000,0.001000,0.001000,0.001000
1089.230769,-0.033927,0.001000,0.001000,0.001000,0.001000,0.001000
1089.250000,-0.033024,0.001000,0.001000,0.001000,0.001000,0.001000
1089.269231,-0.032101,0.001000,0.001000,0.001000,0.001000,0.001000
1089.288462,-0.031160,0.001000,0.001000,0.001000,0.001000,0.001000
1089.307692,-0.030200,0.001000,0.001000,0.001000,0.001000,0.001000
1089.326923,-0.029223,0.001000,0.001000,0.001000,0.001000,0.001000
1089.346154,-0.028228,0.001000,0.001000,0.001000,0.001000,0.001000
1089.365385,-0.027216,0.001000,0.001000,0.001000,0.001000,0.001000
1089.384615,-0.026189,0.001000,0.001000,0.001000,0.001000,0.001000
1089.403846,-0.025145,0.001000,0.001000,0.001000,0.001000,0.001000
1089.423077,-0.024087,0.001000,0.001000,0.001000,0.001000,0.001000
1089.442308,-0.023015,0.001000,0.001000,0.001000,0.001000,0.001000
1089.461538,-0.021929,0.001000,0.001000,0.001000,0.001000,0.001000
1089.480769,-0.020831,0.001000,0.001000,0.001000,0.001000,0.001000
1089.500000,-0.019720,0.001000,0.001000,0.001000,0.001000,0.001000
1089.519231,-0.018597,0.001000,0.001000,0.001000,0.001000,0.001000
1089.538462,-0.017463,0.001000,0.001000,0.001000,0.001000,0.001000
1089.557692,-0.016319,0.001000,0.001000,0.001000,0.001000,0.001000
1089.576923,-0.015165,0.001000,0.001000,0.001000,0.001000,0.001000
1089.596154,-0.014003,0.001000,0.001000,0.001000,0.001000,0.001000
1089.615385,-0.012832,0.001000,0.001000,0.001000,0.001000,0.001000
1089.634615,-0.011653,0.001000,0.001000,0.001000,0.001000,0.001000
1089.653846,-0.010468,0.001000,0.001000,0.001000,0.001000,0.001000
1089.673077,-0.009276,0.001000,0.001000,0.001000,0.001000,0.001000
1089.692308,-0.008079,0.001000,0.001000,0.001000,0.001000,0.001000
1089.711538,-0.006877,0.001000,0.001000,0.001000,0.001000,0.001000
1089.730769,-0.005671,0.001000,0.001000,0.001000,0.001000,0.001000
1089.750000,-0.004462,0.001000,0.001000,0.001000,0.001000,0.001000
1089.769231,-0.003250,0.001000,0.001000,0.001000,0.001000,0.001000
1089.788462,-0.002036,0.001000,0.001000,0.001000,0.001000,0.001000
1089.807692,-0.000821,0.001000,0.001000,0.001000,0.001000,0.001000
1089.826923,0.000394,0.001000,0.001000,0.001000,0.001000,0.001000
1089.846154,0.001610,0.001000,0.001000,0.001000,0.001000,0.001000
1089.865385,0.002824,0.001000,0.001000,0.001000,0.001000,0.001000
1089.884615,0.004037,0.001000,0.001000,0.001000,0.001000,0.001000
1089.903846,0.005247,0.001000,0.001000,0.001000,0.001000,0.001000
1089.923077,0.006454,0.001000,0.001000,0.001000,0.001000,0.001000
1089.942308,0.007658,0.001000,0.001000,0.001000,0.001000,0.001000
1089.961538,0.008857,0.001000,0.001000,0.001000,0.001000,0.001000
1089.980769,0.010050,0.001000,0.001000,0.001000,0.001000,0.001000
