timestamp,ax,ay,az,gx,gy,gz
1000.000000,0.000000,0.001000,0.001000,0.001000,0.001000,0.001000
1000.019231,0.001134,0.001000,0.001000,0.001000,0.001000,0.001000
1000.038462,0.002267,0.001000,0.001000,0.001000,0.001000,0.001000
1000.057692,0.003398,0.001000,0.001000,0.001000,0.001000,0.001000
1000.076923,0.004529,0.001000,0.001000,0.001000,0.001000,0.001000
1000.096154,0.005656,0.001000,0.001000,0.001000,0.001000,0.001000
1000.115385,0.006781,0.001000,0.001000,0.001000,0.001000,0.001000
1000.134615,0.007903,0.001000,0.001000,0.001000,0.001000,0.001000
1000.153846,0.009020,0.001000,0.001000,0.001000,0.001000,0.001000
1000.173077,0.010132,0.001000,0.001000,0.001000,0.001000,0.001000
1000.192308,0.011240,0.001000,0.001000,0.001000,0.001000,0.001000
1000.211538,0.012342,0.001000,0.001000,0.001000,0.001000,0.001000
1000.230769,0.013437,0.001000,0.001000,0.001000,0.001000,0.001000
1000.250000,0.014525,0.001000,0.001000,0.001000,0.001000,0.001000
1000.269231,0.015606,0.001000,0.001000,0.001000,0.001000,0.001000
1000.288462,0.016679,0.001000,0.001000,0.001000,0.001000,0.001000
1000.307692,0.017744,0.001000,0.001000,0.001000,0.001000,0.001000
1000.326923,0.018799,0.001000,0.001000,0.001000,0.001000,0.001000
1000.346154,0.019845,0.001000,0.001000,0.001000,0.001000,0.001000
1000.365385,0.020880,0.001000,0.001000,0.001000,0.001000,0.001000
1000.384615,0.021905,0.001000,0.001000,0.001000,0.001000,0.001000
1000.403846,0.022918,0.001000,0.001000,0.001000,0.001000,0.001000
1000.423077,0.023920,0.001000,0.001000,0.001000,0.001000,0.001000
1000.442308,0.024909,0.001000,0.001000,0.001000,0.001000,0.001000
1000.461538,0.025885,0.001000,0.001000,0.001000,0.001000,0.001000
1000.480769,0.026849,0.001000,0.001000,0.001000,0.001000,0.001000
1000.500000,0.027798,0.001000,0.001000,0.001000,0.001000,0.001000
1000.519231,0.028733,0.001000,0.001000,0.001000,0.001000,0.001000
1000.538462,0.029653,0.001000,0.001000,0.001000,0.001000,0.001000
1000.557692,0.030558,0.001000,0.001000,0.001000,0.001000,0.001000
1000.576923,0.031448,0.001000,0.001000,0.001000,0.001000,0.001000
1000.596154,0.032321,0.001000,0.001000,0.001000,0.001000,0.001000
1000.615385,0.033178,0.001000,0.001000,0.001000,0.001000,0.001000
1000.634615,0.034017,0.001000,0.001000,0.001000,0.001000,0.001000
1000.653846,0.034839,0.001000,0.001000,0.001000,0.001000,0.001000
1000.673077,0.035643,0.001000,0.001000,0.001000,0.001000,0.001000
1000.692308,0.036429,0.001000,0.001000,0.001000,0.001000,0.001000
1000.711538,0.037196,0.001000,0.001000,0.001000,0.001000,0.001000
1000.730769,0.037944,0.001000,0.001000,0.001000,0.001000,0.001000
1000.750000,0.038673,0.001000,0.001000,0.001000,0.001000,0.001000
1000.769231,0.039381,0.001000,0.001000,0.001000,0.001000,0.001000
1000.788462,0.040070,0.001000,0.001000,0.001000,0.001000,0.001000
1000.807692,0.040737,0.001000,0.001000,0.001000,0.001000,0.001000
1000.826923,0.041384,0.001000,0.001000,0.001000,0.001000,0.001000
1000.846154,0.042010,0.001000,0.001000,0.001000,0.001000,0.001000
1000.865385,0.042614,0.001000,0.001000,0.001000,0.001000,0.001000
1000.884615,0.043196,0.001000,0.001000,0.001000,0.001000,0.001000
1000.903846,0.043756,0.001000,0.001000,0.001000,0.001000,0.001000
1000.923077,0.044293,0.001000,0.001000,0.001000,0.001000,0.001000
1000.942308,0.044807,0.001000,0.001000,0.001000,0.001000,0.001000
1000.961538,0.045299,0.001000,0.001000,0.001000,0.001000,0.001000
1000.980769,0.045767,0.001000,0.001000,0.001000,0.001000,0.001000
1001.000000,0.046212,0.001000,0.001000,0.001000,0.001000,0.001000
1001.019231,0.046633,0.001000,0.001000,0.001000,0.001000,0.001000
1001.038462,0.047030,0.001000,0.001000,0.001000,0.001000,0.001000
1001.057692,0.047403,0.001000,0.001000,0.001000,0.001000,0.001000
1001.076923,0.047751,0.001000,0.001000,0.001000,0.001000,0.001000
1001.096154,0.048075,0.001000,0.001000,0.001000,0.001000,0.001000
1001.115385,0.048374,0.001000,0.001000,0.001000,0.001000,0.001000
1001.134615,0.048648,0.001000,0.001000,0.001000,0.001000,0.001000
1001.153846,0.048898,0.001000,0.001000,0.001000,0.001000,0.001000
1001.173077,0.049122,0.001000,0.001000,0.001000,0.001000,0.001000
1001.192308,0.049321,0.001000,0.001000,0.001000,0.001000,0.001000
1001.211538,0.049494,0.001000,0.001000,0.001000,0.001000,0.001000
1001.230769,0.049642,0.001000,0.001000,0.001000,0.001000,0.001000
1001.250000,0.049765,0.001000,0.001000,0.001000,0.001000,0.001000
1001.269231,0.049862,0.001000,0.001000,0.001000,0.001000,0.001000
1001.288462,0.049933,0.001000,0.001000,0.001000,0.001000,0.001000
1001.307692,0.049979,0.001000,0.001000,0.001000,0.001000,0.001000
1001.326923,0.049999,0.001000,0.001000,0.001000,0.001000,0.001000
1001.346154,0.049993,0.001000,0.001000,0.001000,0.001000,0.001000
1001.365385,0.049962,0.001000,0.001000,0.001000,0.001000,0.001000
1001.384615,0.049905,0.001000,0.001000,0.001000,0.001000,0.001000
1001.403846,0.049822,0.001000,0.001000,0.001000,0.001000,0.001000
1001.423077,0.049714,0.001000,0.001000,0.001000,0.001000,0.001000
1001.442308,0.049580,0.001000,0.001000,0.001000,0.001000,0.001000
1001.461538,0.049420,0.001000,0.001000,0.001000,0.001000,0.001000
1001.480769,0.049236,0.001000,0.001000,0.001000,0.001000,0.001000
1001.500000,0.049026,0.001000,0.001000,0.001000,0.001000,0.001000
1001.519231,0.048790,0.001000,0.001000,0.001000,0.001000,0.001000
1001.538462,0.048530,0.001000,0.001000,0.001000,0.001000,0.001000
1001.557692,0.048245,0.001000,0.001000,0.001000,0.001000,0.001000
1001.576923,0.047934,0.001000,0.001000,0.001000,0.001000,0.001000
1001.596154,0.047600,0.001000,0.001000,0.001000,0.001000,0.001000
1001.615385,0.047240,0.001000,0.001000,0.001000,0.001000,0.001000
1001.634615,0.046857,0.001000,0.001000,0.001000,0.001000,0.001000
1001.653846,0.046449,0.001000,0.001000,0.001000,0.001000,0.001000
1001.673077,0.046018,0.001000,0.001000,0.001000,0.001000,0.001000
1001.692308,0.045562,0.001000,0.001000,0.001000,0.001000,0.001000
1001.711538,0.045084,0.001000,0.001000,0.001000,0.001000,0.001000
1001.730769,0.044582,0.001000,0.001000,0.001000,0.001000,0.001000
1001.750000,0.044057,0.001000,0.001000,0.001000,0.001000,0.001000
1001.769231,0.043510,0.001000,0.001000,0.001000,0.001000,0.001000
1001.788462,0.042940,0.001000,0.001000,0.001000,0.001000,0.001000
1001.807692,0.042349,0.001000,0.001000,0.001000,0.001000,0.001000
1001.826923,0.041735,0.001000,0.001000,0.001000,0.001000,0.001000
1001.846154,0.041100,0.001000,0.001000,0.001000,0.001000,0.001000
1001.865385,0.040444,0.001000,0.001000,0.001000,0.001000,0.001000
1001.884615,0.039767,0.001000,0.001000,0.001000,0.001000,0.001000
1001.903846,0.039070,0.001000,0.001000,0.001000,0.001000,0.001000
1001.923077,0.038352,0.001000,0.001000,0.001000,0.001000,0.001000
1001.942308,0.037615,0.001000,0.001000,0.001000,0.001000,0.001000
1001.961538,0.036859,0.001000,0.001000,0.001000,0.001000,0.001000
1001.980769,0.036083,0.001000,0.001000,0.001000,0.001000,0.001000
1002.000000,0.035289,0.001000,0.001000,0.001000,0.001000,0.001000
1002.019231,0.034477,0.001000,0.001000,0.001000,0.001000,0.001000
1002.038462,0.033647,0.001000,0.001000,0.001000,0.001000,0.001000
1002.057692,0.032800,0.001000,0.001000,0.001000,0.001000,0.001000
1002.076923,0.031936,0.001000,0.001000,0.001000,0.001000,0.001000
1002.096154,0.031056,0.001000,0.001000,0.001000,0.001000,0.001000
1002.115385,0.030159,0.001000,0.001000,0.001000,0.001000,0.001000
1002.134615,0.029247,0.001000,0.001000,0.001000,0.001000,0.001000
1002.153846,0.028320,0.001000,0.001000,0.001000,0.001000,0.001000
1002.173077,0.027379,0.001000,0.001000,0.001000,0.001000,0.001000
1002.192308,0.026423,0.001000,0.001000,0.001000,0.001000,0.001000
1002.211538,0.025454,0.001000,0.001000,0.001000,0.001000,0.001000
1002.230769,0.024472,0.001000,0.001000,0.001000,0.001000,0.001000
1002.250000,0.023477,0.001000,0.001000,0.001000,0.001000,0.001000
1002.269231,0.022470,0.001000,0.001000,0.001000,0.001000,0.001000
1002.288462,0.021452,0.001000,0.001000,0.001000,0.001000,0.001000
1002.307692,0.020422,0.001000,0.001000,0.001000,0.001000,0.001000
1002.326923,0.019382,0.001000,0.001000,0.001000,0.001000,0.001000
1002.346154,0.018332,0.001000,0.001000,0.001000,0.001000,0.001000
1002.365385,0.017273,0.001000,0.001000,0.001000,0.001000,0.001000
1002.384615,0.016205,0.001000,0.001000,0.001000,0.001000,0.001000
1002.403846,0.015128,0.001000,0.001000,0.001000,0.001000,0.001000
1002.423077,0.014044,0.001000,0.001000,0.001000,0.001000,0.001000
1002.442308,0.012952,0.001000,0.001000,0.001000,0.001000,0.001000
1002.461538,0.011854,0.001000,0.001000,0.001000,0.001000,0.001000
1002.480769,0.010750,0.001000,0.001000,0.001000,0.001000,0.001000
1002.500000,0.009640,0.001000,0.001000,0.001000,0.001000,0.001000
1002.519231,0.008525,0.001000,0.001000,0.001000,0.001000,0.001000
1002.538462,0.007406,0.001000,0.001000,0.001000,0.001000,0.001000
1002.557692,0.006283,0.001000,0.001000,0.001000,0.001000,0.001000
1002.576923,0.005157,0.001000,0.001000,0.001000,0.001000,0.001000
1002.596154,0.004028,0.001000,0.001000,0.001000,0.001000,0.001000
1002.615385,0.002897,0.001000,0.001000,0.001000,0.001000,0.001000
1002.634615,0.001765,0.001000,0.001000,0.001000,0.001000,0.001000
1002.653846,0.000631,0.001000,0.001000,0.001000,0.001000,0.001000
1002.673077,-0.000502,0.001000,0.001000,0.001000,0.001000,0.001000
1002.692308,-0.001636,0.001000,0.001000,0.001000,0.001000,0.001000
1002.711538,-0.002768,0.001000,0.001000,0.001000,0.001000,0.001000
1002.730769,-0.003900,0.001000,0.001000,0.001000,0.001000,0.001000
1002.750000,-0.005029,0.001000,0.001000,0.001000,0.001000,0.001000
1002.769231,-0.006155,0.001000,0.001000,0.001000,0.001000,0.001000
1002.788462,-0.007279,0.001000,0.001000,0.001000,0.001000,0.001000
1002.807692,-0.008398,0.001000,0.001000,0.001000,0.001000,0.001000
1002.826923,-0.009514,0.001000,0.001000,0.001000,0.001000,0.001000
1002.846154,-0.010624,0.001000,0.001000,0.001000,0.001000,0.001000
1002.865385,-0.011729,0.001000,0.001000,0.001000,0.001000,0.001000
1002.884615,-0.012828,0.001000,0.001000,0.001000,0.001000,0.001000
1002.903846,-0.013920,0.001000,0.001000,0.001000,0.001000,0.001000
1002.923077,-0.015005,0.001000,0.001000,0.001000,0.001000,0.001000
1002.942308,-0.016083,0.001000,0.001000,0.001000,0.001000,0.001000
1002.961538,-0.017152,0.001000,0.001000,0.001000,0.001000,0.001000
1002.980769,-0.018213,0.001000,0.001000,0.001000,0.001000,0.001000
1003.000000,-0.019264,0.001000,0.001000,0.001000,0.001000,0.001000
1003.019231,-0.020305,0.001000,0.001000,0.001000,0.001000,0.001000
1003.038462,-0.021335,0.001000,0.001000,0.001000,0.001000,0.001000
1003.057692,-0.022355,0.001000,0.001000,0.001000,0.001000,0.001000
1003.076923,-0.023363,0.001000,0.001000,0.001000,0.001000,0.001000
1003.096154,-0.024360,0.001000,0.001000,0.001000,0.001000,0.001000
1003.115385,-0.025343,0.001000,0.001000,0.001000,0.001000,0.001000
1003.134615,-0.026314,0.001000,0.001000,0.001000,0.001000,0.001000
1003.153846,-0.027271,0.001000,0.001000,0.001000,0.001000,0.001000
1003.173077,-0.028214,0.001000,0.001000,0.001000,0.001000,0.001000
1003.192308,-0.029143,0.001000,0.001000,0.001000,0.001000,0.001000
1003.211538,-0.030056,0.001000,0.001000,0.001000,0.001000,0.001000
1003.230769,-0.030955,0.001000,0.001000,0.001000,0.001000,0.001000
1003.250000,-0.031837,0.001000,0.001000,0.001000,0.001000,0.001000
1003.269231,-0.032703,0.001000,0.001000,0.001000,0.001000,0.001000
1003.288462,-0.033552,0.001000,0.001000,0.001000,0.001000,0.001000
1003.307692,-0.034384,0.001000,0.001000,0.001000,0.001000,0.001000
1003.326923,-0.035198,0.001000,0.001000,0.001000,0.001000,0.001000
1003.346154,-0.035994,0.001000,0.001000,0.001000,0.001000,0.001000
1003.365385,-0.036772,0.001000,0.001000,0.001000,0.001000,0.001000
1003.384615,-0.037530,0.001000,0.001000,0.001000,0.001000,0.001000
1003.403846,-0.038270,0.001000,0.001000,0.001000,0.001000,0.001000
1003.423077,-0.038989,0.001000,0.001000,0.001000,0.001000,0.001000
1003.442308,-0.039689,0.001000,0.001000,0.001000,0.001000,0.001000
1003.461538,-0.040368,0.001000,0.001000,0.001000,0.001000,0.001000
1003.480769,-0.041027,0.001000,0.001000,0.001000,0.001000,0.001000
1003.500000,-0.041664,0.001000,0.001000,0.001000,0.001000,0.001000
1003.519231,-0.042280,0.001000,0.001000,0.001000,0.001000,0.001000
1003.538462,-0.042874,0.001000,0.001000,0.001000,0.001000,0.001000
1003.557692,-0.043447,0.001000,0.001000,0.001000,0.001000,0.001000
1003.576923,-0.043996,0.001000,0.001000,0.001000,0.001000,0.001000
1003.596154,-0.044524,0.001000,0.001000,0.001000,0.001000,0.001000
1003.615385,-0.045028,0.001000,0.001000,0.001000,0.001000,0.001000
1003.634615,-0.045509,0.001000,0.001000,0.001000,0.001000,0.001000
1003.653846,-0.045967,0.001000,0.001000,0.001000,0.001000,0.001000
1003.673077,-0.046401,0.001000,0.001000,0.001000,0.001000,0.001000
1003.692308,-0.046812,0.001000,0.001000,0.001000,0.001000,0.001000
1003.711538,-0.047198,0.001000,0.001000,0.001000,0.001000,0.001000
1003.730769,-0.047560,0.001000,0.001000,0.001000,0.001000,0.001000
1003.750000,-0.047898,0.001000,0.001000,0.001000,0.001000,0.001000
1003.769231,-0.048211,0.001000,0.001000,0.001000,0.001000,0.001000
1003.788462,-0.048499,0.001000,0.001000,0.001000,0.001000,0.001000
1003.807692,-0.048762,0.001000,0.001000,0.001000,0.001000,0.001000
1003.826923,-0.049000,0.001000,0.001000,0.001000,0.001000,0.001000
1003.846154,-0.049213,0.001000,0.001000,0.001000,0.001000,0.001000
1003.865385,-0.049401,0.001000,0.001000,0.001000,0.001000,0.001000
1003.884615,-0.049563,0.001000,0.001000,0.001000,0.001000,0.001000
1003.903846,-0.049700,0.001000,0.001000,0.001000,0.001000,0.001000
1003.923077,-0.049811,0.001000,0.001000,0.001000,0.001000,0.001000
1003.942308,-0.049897,0.001000,0.001000,0.001000,0.001000,0.001000
1003.961538,-0.049957,0.001000,0.001000,0.001000,0.001000,0.001000
1003.980769,-0.049991,0.001000,0.001000,0.001000,0.001000,0.001000
1004.000000,-0.050000,0.001000,0.001000,0.001000,0.001000,0.001000
1004.019231,-0.049983,0.001000,0.001000,0.001000,0.001000,0.001000
1004.038462,-0.049940,0.001000,0.001000,0.001000,0.001000,0.001000
1004.057692,-0.049871,0.001000,0.001000,0.001000,0.001000,0.001000
1004.076923,-0.049777,0.001000,0.001000,0.001000,0.001000,0.001000
1004.096154,-0.049658,0.001000,0.001000,0.001000,0.001000,0.001000
1004.115385,-0.049512,0.001000,0.001000,0.001000,0.001000,0.001000
1004.134615,-0.049342,0.001000,0.001000,0.001000,0.001000,0.001000
1004.153846,-0.049146,0.001000,0.001000,0.001000,0.001000,0.001000
1004.173077,-0.048924,0.001000,0.001000,0.001000,0.001000,0.001000
1004.192308,-0.048678,0.001000,0.001000,0.001000,0.001000,0.001000
1004.211538,-0.048406,0.001000,0.001000,0.001000,0.001000,0.001000
1004.230769,-0.048110,0.001000,0.001000,0.001000,0.001000,0.001000
1004.250000,-0.047789,0.001000,0.001000,0.001000,0.001000,0.001000
1004.269231,-0.047443,0.001000,0.001000,0.001000,0.001000,0.001000
1004.288462,-0.047073,0.001000,0.001000,0.001000,0.001000,0.001000
1004.307692,-0.046679,0.001000,0.001000,0.001000,0.001000,0.001000
1004.326923,-0.046261,0.001000,0.001000,0.001000,0.001000,0.001000
1004.346154,-0.045819,0.001000,0.001000,0.001000,0.001000,0.001000
1004.365385,-0.045353,0.001000,0.001000,0.001000,0.001000,0.001000
1004.384615,-0.044864,0.001000,0.001000,0.001000,0.001000,0.001000
1004.403846,-0.044352,0.001000,0.001000,0.001000,0.001000,0.001000
1004.423077,-0.043818,0.001000,0.001000,0.001000,0.001000,0.001000
1004.442308,-0.043260,0.001000,0.001000,0.001000,0.001000,0.001000
1004.461538,-0.042681,0.001000,0.001000,0.001000,0.001000,0.001000
1004.480769,-0.042079,0.001000,0.001000,0.001000,0.001000,0.001000
1004.500000,-0.041456,0.001000,0.001000,0.001000,0.001000,0.001000
1004.519231,-0.040812,0.001000,0.001000,0.001000,0.001000,0.001000
1004.538462,-0.040147,0.001000,0.001000,0.001000,0.001000,0.001000
1004.557692,-0.039461,0.001000,0.001000,0.001000,0.001000,0.001000
1004.576923,-0.038754,0.001000,0.001000,0.001000,0.001000,0.001000
1004.596154,-0.038028,0.001000,0.001000,0.001000,0.001000,0.001000
1004.615385,-0.037282,0.001000,0.001000,0.001000,0.001000,0.001000
1004.634615,-0.036517,0.001000,0.001000,0.001000,0.001000,0.001000
1004.653846,-0.035734,0.001000,0.001000,0.001000,0.001000,0.001000
1004.673077,-0.034931,0.001000,0.001000,0.001000,0.001000,0.001000
1004.692308,-0.034111,0.001000,0.001000,0.001000,0.001000,0.001000
1004.711538,-0.033274,0.001000,0.001000,0.001000,0.001000,0.001000
1004.730769,-0.032419,0.001000,0.001000,0.001000,0.001000,0.001000
1004.750000,-0.031548,0.001000,0.001000,0.001000,0.001000,0.001000
1004.769231,-0.030660,0.001000,0.001000,0.001000,0.001000,0.001000
1004.788462,-0.029757,0.001000,0.001000,0.001000,0.001000,0.001000
1004.807692,-0.028838,0.001000,0.001000,0.001000,0.001000,0.001000
1004.826923,-0.027905,0.001000,0.001000,0.001000,0.001000,0.001000
1004.846154,-0.026957,0.001000,0.001000,0.001000,0.001000,0.001000
1004.865385,-0.025995,0.001000,0.001000,0.001000,0.001000,0.001000
1004.884615,-0.025020,0.001000,0.001000,0.001000,0.001000,0.001000
1004.903846,-0.024033,0.001000,0.001000,0.001000,0.001000,0.001000
1004.923077,-0.023032,0.001000,0.001000,0.001000,0.001000,0.001000
1004.942308,-0.022020,0.001000,0.001000,0.001000,0.001000,0.001000
1004.961538,-0.020997,0.001000,0.001000,0.001000,0.001000,0.001000
1004.980769,-0.019963,0.001000,0.001000,0.001000,0.001000,0.001000
1005.000000,-0.018918,0.001000,0.001000,0.001000,0.001000,0.001000
1005.019231,-0.017864,0.001000,0.001000,0.001000,0.001000,0.001000
1005.038462,-0.016801,0.001000,0.001000,0.001000,0.001000,0.001000
1005.057692,-0.015729,0.001000,0.001000,0.001000,0.001000,0.001000
1005.076923,-0.014649,0.001000,0.001000,0.001000,0.001000,0.001000
1005.096154,-0.013561,0.001000,0.001000,0.001000,0.001000,0.001000
1005.115385,-0.012466,0.001000,0.001000,0.001000,0.001000,0.001000
1005.134615,-0.011365,0.001000,0.001000,0.001000,0.001000,0.001000
1005.153846,-0.010259,0.001000,0.001000,0.001000,0.001000,0.001000
1005.173077,-0.009146,0.001000,0.001000,0.001000,0.001000,0.001000
1005.192308,-0.008030,0.001000,0.001000,0.001000,0.001000,0.001000
1005.211538,-0.006909,0.001000,0.001000,0.001000,0.001000,0.001000
1005.230769,-0.005784,0.001000,0.001000,0.001000,0.001000,0.001000
1005.250000,-0.004657,0.001000,0.001000,0.001000,0.001000,0.001000
1005.269231,-0.003527,0.001000,0.001000,0.001000,0.001000,0.001000
1005.288462,-0.002395,0.001000,0.001000,0.001000,0.001000,0.001000
1005.307692,-0.001262,0.001000,0.001000,0.001000,0.001000,0.001000
1005.326923,-0.000129,0.001000,0.001000,0.001000,0.001000,0.001000
1005.346154,0.001005,0.001000,0.001000,0.001000,0.001000,0.001000
1005.365385,0.002138,0.001000,0.001000,0.001000,0.001000,0.001000
1005.384615,0.003270,0.001000,0.001000,0.001000,0.001000,0.001000
1005.403846,0.004400,0.001000,0.001000,0.001000,0.001000,0.001000
1005.423077,0.005528,0.001000,0.001000,0.001000,0.001000,0.001000
1005.442308,0.006654,0.001000,0.001000,0.001000,0.001000,0.001000
1005.461538,0.007775,0.001000,0.001000,0.001000,0.001000,0.001000
1005.480769,0.008893,0.001000,0.001000,0.001000,0.001000,0.001000
1005.500000,0.010006,0.001000,0.001000,0.001000,0.001000,0.001000
1005.519231,0.011114,0.001000,0.001000,0.001000,0.001000,0.001000
1005.538462,0.012217,0.001000,0.001000,0.001000,0.001000,0.001000
1005.557692,0.013313,0.001000,0.001000,0.001000,0.001000,0.001000
1005.576923,0.014402,0.001000,0.001000,0.001000,0.001000,0.001000
1005.596154,0.015484,0.001000,0.001000,0.001000,0.001000,0.001000
1005.615385,0.016558,0.001000,0.001000,0.001000,0.001000,0.001000
1005.634615,0.017623,0.001000,0.001000,0.001000,0.001000,0.001000
1005.653846,0.018680,0.001000,0.001000,0.001000,0.001000,0.001000
1005.673077,0.019726,0.001000,0.001000,0.001000,0.001000,0.001000
1005.692308,0.020763,0.001000,0.001000,0.001000,0.001000,0.001000
1005.711538,0.021789,0.001000,0.001000,0.001000,0.001000,0.001000
1005.730769,0.022803,0.001000,0.001000,0.001000,0.001000,0.001000
1005.750000,0.023806,0.001000,0.001000,0.001000,0.001000,0.001000
1005.769231,0.024797,0.001000,0.001000,0.001000,0.001000,0.001000
1005.788462,0.025775,0.001000,0.001000,0.001000,0.001000,0.001000
1005.807692,0.026740,0.001000,0.001000,0.001000,0.001000,0.001000
1005.826923,0.027691,0.001000,0.001000,0.001000,0.001000,0.001000
1005.846154,0.028628,0.001000,0.001000,0.001000,0.001000,0.001000
1005.865385,0.029550,0.001000,0.001000,0.001000,0.001000,0.001000
1005.884615,0.030456,0.001000,0.001000,0.001000,0.001000,0.001000
1005.903846,0.031348,0.001000,0.001000,0.001000,0.001000,0.001000
1005.923077,0.032223,0.001000,0.001000,0.001000,0.001000,0.001000
1005.942308,0.033081,0.001000,0.001000,0.001000,0.001000,0.001000
1005.961538,0.033923,0.001000,0.001000,0.001000,0.001000,0.001000
1005.980769,0.034747,0.001000,0.001000,0.001000,0.001000,0.001000
1006.000000,0.035553,0.001000,0.001000,0.001000,0.001000,0.001000
1006.019231,0.036341,0.001000,0.001000,0.001000,0.001000,0.001000
1006.038462,0.037110,0.001000,0.001000,0.001000,0.001000,0.001000
1006.057692,0.037860,0.001000,0.001000,0.001000,0.001000,0.001000
1006.076923,0.038591,0.001000,0.001000,0.001000,0.001000,0.001000
1006.096154,0.039302,0.001000,0.001000,0.001000,0.001000,0.001000
1006.115385,0.039993,0.001000,0.001000,0.001000,0.001000,0.001000
1006.134615,0.040663,0.001000,0.001000,0.001000,0.001000,0.001000
1006.153846,0.041312,0.001000,0.001000,0.001000,0.001000,0.001000
1006.173077,0.041940,0.001000,0.001000,0.001000,0.001000,0.001000
1006.192308,0.042546,0.001000,0.001000,0.001000,0.001000,0.001000
1006.211538,0.043131,0.001000,0.001000,0.001000,0.001000,0.001000
1006.230769,0.043693,0.001000,0.001000,0.001000,0.001000,0.001000
1006.250000,0.044233,0.001000,0.001000,0.001000,0.001000,0.001000
1006.269231,0.044750,0.001000,0.001000,0.001000,0.001000,0.001000
1006.288462,0.045244,0.001000,0.001000,0.001000,0.001000,0.001000
1006.307692,0.045715,0.001000,0.001000,0.001000,0.001000,0.001000
1006.326923,0.046163,0.001000,0.001000,0.001000,0.001000,0.001000
1006.346154,0.046586,0.001000,0.001000,0.001000,0.001000,0.001000
1006.365385,0.046986,0.001000,0.001000,0.001000,0.001000,0.001000
1006.384615,0.047361,0.001000,0.001000,0.001000,0.001000,0.001000
1006.403846,0.047713,0.001000,0.001000,0.001000,0.001000,0.001000
1006.423077,0.048039,0.001000,0.001000,0.001000,0.001000,0.001000
1006.442308,0.048341,0.001000,0.001000,0.001000,0.001000,0.001000
1006.461538,0.048618,0.001000,0.001000,0.001000,0.001000,0.001000
1006.480769,0.048871,0.001000,0.001000,0.001000,0.001000,0.001000
1006.500000,0.049098,0.001000,0.001000,0.001000,0.001000,0.001000
1006.519231,0.049299,0.001000,0.001000,0.001000,0.001000,0.001000
1006.538462,0.049476,0.001000,0.001000,0.001000,0.001000,0.001000
1006.557692,0.049627,0.001000,0.001000,0.001000,0.001000,0.001000
1006.576923,0.049752,0.001000,0.001000,0.001000,0.001000,0.001000
1006.596154,0.049852,0.001000,0.001000,0.001000,0.001000,0.001000
1006.615385,0.049926,0.001000,0.001000,0.001000,0.001000,0.001000
1006.634615,0.049975,0.001000,0.001000,0.001000,0.001000,0.001000
1006.653846,0.049998,0.001000,0.001000,0.001000,0.001000,0.001000
1006.673077,0.049995,0.001000,0.001000,0.001000,0.001000,0.001000
1006.692308,0.049967,0.001000,0.001000,0.001000,0.001000,0.001000
1006.711538,0.049913,0.001000,0.001000,0.001000,0.001000,0.001000
1006.730769,0.049833,0.001000,0.001000,0.001000,0.001000,0.001000
1006.750000,0.049727,0.001000,0.001000,0.001000,0.001000,0.001000
1006.769231,0.049596,0.001000,0.001000,0.001000,0.001000,0.001000
1006.788462,0.049440,0.001000,0.001000,0.001000,0.001000,0.001000
1006.807692,0.049258,0.001000,0.001000,0.001000,0.001000,0.001000
1006.826923,0.049051,0.001000,0.001000,0.001000,0.001000,0.001000
1006.846154,0.048818,0.001000,0.001000,0.001000,0.001000,0.001000
1006.865385,0.048561,0.001000,0.001000,0.001000,0.001000,0.001000
1006.884615,0.048278,0.001000,0.001000,0.001000,0.001000,0.001000
1006.903846,0.047971,0.001000,0.001000,0.001000,0.001000,0.001000
1006.923077,0.047639,0.001000,0.001000,0.001000,0.001000,0.001000
1006.942308,0.047282,0.001000,0.001000,0.001000,0.001000,0.001000
1006.961538,0.046902,0.001000,0.001000,0.001000,0.001000,0.001000
1006.980769,0.046497,0.001000,0.001000,0.001000,0.001000,0.001000
1007.000000,0.046068,0.001000,0.001000,0.001000,0.001000,0.001000
1007.019231,0.045615,0.001000,0.001000,0.001000,0.001000,0.001000
1007.038462,0.045139,0.001000,0.001000,0.001000,0.001000,0.001000
1007.057692,0.044640,0.001000,0.001000,0.001000,0.001000,0.001000
1007.076923,0.044118,0.001000,0.001000,0.001000,0.001000,0.001000
1007.096154,0.043573,0.001000,0.001000,0.001000,0.001000,0.001000
1007.115385,0.043006,0.001000,0.001000,0.001000,0.001000,0.001000
1007.134615,0.042417,0.001000,0.001000,0.001000,0.001000,0.001000
1007.153846,0.041806,0.001000,0.001000,0.001000,0.001000,0.001000
1007.173077,0.041173,0.001000,0.001000,0.001000,0.001000,0.001000
1007.192308,0.040520,0.001000,0.001000,0.001000,0.001000,0.001000
1007.211538,0.039845,0.001000,0.001000,0.001000,0.001000,0.001000
1007.230769,0.039150,0.001000,0.001000,0.001000,0.001000,0.001000
1007.250000,0.038435,0.001000,0.001000,0.001000,0.001000,0.001000
1007.269231,0.037700,0.001000,0.001000,0.001000,0.001000,0.001000
1007.288462,0.036946,0.001000,0.001000,0.001000,0.001000,0.001000
1007.307692,0.036172,0.001000,0.001000,0.001000,0.001000,0.001000
1007.326923,0.035380,0.001000,0.001000,0.001000,0.001000,0.001000
1007.346154,0.034570,0.001000,0.001000,0.001000,0.001000,0.001000
1007.365385,0.033742,0.001000,0.001000,0.001000,0.001000,0.001000
1007.384615,0.032897,0.001000,0.001000,0.001000,0.001000,0.001000
1007.403846,0.032035,0.001000,0.001000,0.001000,0.001000,0.001000
1007.423077,0.031156,0.001000,0.001000,0.001000,0.001000,0.001000
1007.442308,0.030262,0.001000,0.001000,0.001000,0.001000,0.001000
1007.461538,0.029352,0.001000,0.001000,0.001000,0.001000,0.001000
1007.480769,0.028426,0.001000,0.001000,0.001000,0.001000,0.001000
1007.500000,0.027487,0.001000,0.001000,0.001000,0.001000,0.001000
1007.519231,0.026533,0.001000,0.001000,0.001000,0.001000,0.001000
1007.538462,0.025565,0.001000,0.001000,0.001000,0.001000,0.001000
1007.557692,0.024584,0.001000,0.001000,0.001000,0.001000,0.001000
1007.576923,0.023591,0.001000,0.001000,0.001000,0.001000,0.001000
1007.596154,0.022585,0.001000,0.001000,0.001000,0.001000,0.001000
1007.615385,0.021568,0.001000,0.001000,0.001000,0.001000,0.001000
1007.634615,0.020540,0.001000,0.001000,0.001000,0.001000,0.001000
1007.653846,0.019501,0.001000,0.001000,0.001000,0.001000,0.001000
1007.673077,0.018452,0.001000,0.001000,0.001000,0.001000,0.001000
1007.692308,0.017394,0.001000,0.001000,0.001000,0.001000,0.001000
1007.711538,0.016327,0.001000,0.001000,0.001000,0.001000,0.001000
1007.730769,0.015251,0.001000,0.001000,0.001000,0.001000,0.001000
1007.750000,0.014167,0.001000,0.001000,0.001000,0.001000,0.001000
1007.769231,0.013077,0.001000,0.001000,0.001000,0.001000,0.001000
1007.788462,0.011979,0.001000,0.001000,0.001000,0.001000,0.001000
1007.807692,0.010876,0.001000,0.001000,0.001000,0.001000,0.001000
1007.826923,0.009766,0.001000,0.001000,0.001000,0.001000,0.001000
1007.846154,0.008652,0.001000,0.001000,0.001000,0.001000,0.001000
1007.865385,0.007533,0.001000,0.001000,0.001000,0.001000,0.001000
1007.884615,0.006411,0.001000,0.001000,0.001000,0.001000,0.001000
1007.903846,0.005285,0.001000,0.001000,0.001000,0.001000,0.001000
1007.923077,0.004156,0.001000,0.001000,0.001000,0.001000,0.001000
1007.942308,0.003026,0.001000,0.001000,0.001000,0.001000,0.001000
1007.961538,0.001893,0.001000,0.001000,0.001000,0.001000,0.001000
1007.980769,0.000760,0.001000,0.001000,0.001000,0.001000,0.001000
1008.000000,-0.000374,0.001000,0.001000,0.001000,0.001000,0.001000
1008.019231,-0.001507,0.001000,0.001000,0.001000,0.001000,0.001000
1008.038462,-0.002640,0.001000,0.001000,0.001000,0.001000,0.001000
1008.057692,-0.003771,0.001000,0.001000,0.001000,0.001000,0.001000
1008.076923,-0.004901,0.001000,0.001000,0.001000,0.001000,0.001000
1008.096154,-0.006027,0.001000,0.001000,0.001000,0.001000,0.001000
1008.115385,-0.007151,0.001000,0.001000,0.001000,0.001000,0.001000
1008.134615,-0.008271,0.001000,0.001000,0.001000,0.001000,0.001000
1008.153846,-0.009387,0.001000,0.001000,0.001000,0.001000,0.001000
1008.173077,-0.010498,0.001000,0.001000,0.001000,0.001000,0.001000
1008.192308,-0.011604,0.001000,0.001000,0.001000,0.001000,0.001000
1008.211538,-0.012703,0.001000,0.001000,0.001000,0.001000,0.001000
1008.230769,-0.013797,0.001000,0.001000,0.001000,0.001000,0.001000
1008.250000,-0.014883,0.001000,0.001000,0.001000,0.001000,0.001000
1008.269231,-0.015961,0.001000,0.001000,0.001000,0.001000,0.001000
1008.288462,-0.017031,0.001000,0.001000,0.001000,0.001000,0.001000
1008.307692,-0.018093,0.001000,0.001000,0.001000,0.001000,0.001000
1008.326923,-0.019145,0.001000,0.001000,0.001000,0.001000,0.001000
1008.346154,-0.020187,0.001000,0.001000,0.001000,0.001000,0.001000
1008.365385,-0.021219,0.001000,0.001000,0.001000,0.001000,0.001000
1008.384615,-0.022240,0.001000,0.001000,0.001000,0.001000,0.001000
1008.403846,-0.023249,0.001000,0.001000,0.001000,0.001000,0.001000
1008.423077,-0.024247,0.001000,0.001000,0.001000,0.001000,0.001000
1008.442308,-0.025232,0.001000,0.001000,0.001000,0.001000,0.001000
1008.461538,-0.026204,0.001000,0.001000,0.001000,0.001000,0.001000
1008.480769,-0.027163,0.001000,0.001000,0.001000,0.001000,0.001000
1008.500000,-0.028108,0.001000,0.001000,0.001000,0.001000,0.001000
1008.519231,-0.029038,0.001000,0.001000,0.001000,0.001000,0.001000
1008.538462,-0.029953,0.001000,0.001000,0.001000,0.001000,0.001000
1008.557692,-0.030853,0.001000,0.001000,0.001000,0.001000,0.001000
1008.576923,-0.031737,0.001000,0.001000,0.001000,0.001000,0.001000
1008.596154,-0.032605,0.001000,0.001000,0.001000,0.001000,0.001000
1008.615385,-0.033456,0.001000,0.001000,0.001000,0.001000,0.001000
1008.634615,-0.034290,0.001000,0.001000,0.001000,0.001000,0.001000
1008.653846,-0.035106,0.001000,0.001000,0.001000,0.001000,0.001000
1008.673077,-0.035904,0.001000,0.001000,0.001000,0.001000,0.001000
1008.692308,-0.036684,0.001000,0.001000,0.001000,0.001000,0.001000
1008.711538,-0.037445,0.001000,0.001000,0.001000,0.001000,0.001000
1008.730769,-0.038187,0.001000,0.001000,0.001000,0.001000,0.001000
1008.750000,-0.038909,0.001000,0.001000,0.001000,0.001000,0.001000
1008.769231,-0.039610,0.001000,0.001000,0.001000,0.001000,0.001000
1008.788462,-0.040292,0.001000,0.001000,0.001000,0.001000,0.001000
1008.807692,-0.040953,0.001000,0.001000,0.001000,0.001000,0.001000
1008.826923,-0.041593,0.001000,0.001000,0.001000,0.001000,0.001000
1008.846154,-0.042211,0.001000,0.001000,0.001000,0.001000,0.001000
1008.865385,-0.042808,0.001000,0.001000,0.001000,0.001000,0.001000
1008.884615,-0.043383,0.001000,0.001000,0.001000,0.001000,0.001000
1008.903846,-0.043935,0.001000,0.001000,0.001000,0.001000,0.001000
1008.923077,-0.044465,0.001000,0.001000,0.001000,0.001000,0.001000
1008.942308,-0.044972,0.001000,0.001000,0.001000,0.001000,0.001000
1008.961538,-0.045456,0.001000,0.001000,0.001000,0.001000,0.001000
1008.980769,-0.045916,0.001000,0.001000,0.001000,0.001000,0.001000
1009.000000,-0.046353,0.001000,0.001000,0.001000,0.001000,0.001000
1009.019231,-0.046766,0.001000,0.001000,0.001000,0.001000,0.001000
1009.038462,-0.047155,0.001000,0.001000,0.001000,0.001000,0.001000
1009.057692,-0.047520,0.001000,0.001000,0.001000,0.001000,0.001000
1009.076923,-0.047860,0.001000,0.001000,0.001000,0.001000,0.001000
1009.096154,-0.048176,0.001000,0.001000,0.001000,0.001000,0.001000
1009.115385,-0.048467,0.001000,0.001000,0.001000,0.001000,0.001000
1009.134615,-0.048733,0.001000,0.001000,0.001000,0.001000,0.001000
1009.153846,-0.048974,0.001000,0.001000,0.001000,0.001000,0.001000
1009.173077,-0.049190,0.001000,0.001000,0.001000,0.001000,0.001000
1009.192308,-0.049381,0.001000,0.001000,0.001000,0.001000,0.001000
1009.211538,-0.049546,0.001000,0.001000,0.001000,0.001000,0.001000
1009.230769,-0.049686,0.001000,0.001000,0.001000,0.001000,0.001000
1009.250000,-0.049800,0.001000,0.001000,0.001000,0.001000,0.001000
1009.269231,-0.049888,0.001000,0.001000,0.001000,0.001000,0.001000
1009.288462,-0.049951,0.001000,0.001000,0.001000,0.001000,0.001000
1009.307692,-0.049988,0.001000,0.001000,0.001000,0.001000,0.001000
1009.326923,-0.050000,0.001000,0.001000,0.001000,0.001000,0.001000
1009.346154,-0.049986,0.001000,0.001000,0.001000,0.001000,0.001000
1009.365385,-0.049946,0.001000,0.001000,0.001000,0.001000,0.001000
1009.384615,-0.049880,0.001000,0.001000,0.001000,0.001000,0.001000
1009.403846,-0.049789,0.001000,0.001000,0.001000,0.001000,0.001000
1009.423077,-0.049672,0.001000,0.001000,0.001000,0.001000,0.001000
1009.442308,-0.049530,0.001000,0.001000,0.001000,0.001000,0.001000
1009.461538,-0.049362,0.001000,0.001000,0.001000,0.001000,0.001000
1009.480769,-0.049169,0.001000,0.001000,0.001000,0.001000,0.001000
1009.500000,-0.048951,0.001000,0.001000,0.001000,0.001000,0.001000
1009.519231,-0.048707,0.001000,0.001000,0.001000,0.001000,0.001000
1009.538462,-0.048439,0.001000,0.001000,0.001000,0.001000,0.001000
1009.557692,-0.048145,0.001000,0.001000,0.001000,0.001000,0.001000
1009.576923,-0.047827,0.001000,0.001000,0.001000,0.001000,0.001000
1009.596154,-0.047484,0.001000,0.001000,0.001000,0.001000,0.001000
1009.615385,-0.047117,0.001000,0.001000,0.001000,0.001000,0.001000
1009.634615,-0.046725,0.001000,0.001000,0.001000,0.001000,0.001000
1009.653846,-0.046310,0.001000,0.001000,0.001000,0.001000,0.001000
1009.673077,-0.045870,0.001000,0.001000,0.001000,0.001000,0.001000
1009.692308,-0.045407,0.001000,0.001000,0.001000,0.001000,0.001000
1009.711538,-0.044921,0.001000,0.001000,0.001000,0.001000,0.001000
1009.730769,-0.044412,0.001000,0.001000,0.001000,0.001000,0.001000
1009.750000,-0.043880,0.001000,0.001000,0.001000,0.001000,0.001000
1009.769231,-0.043325,0.001000,0.001000,0.001000,0.001000,0.001000
1009.788462,-0.042748,0.001000,0.001000,0.001000,0.001000,0.001000
1009.807692,-0.042149,0.001000,0.001000,0.001000,0.001000,0.001000
1009.826923,-0.041528,0.001000,0.001000,0.001000,0.001000,0.001000
1009.846154,-0.040886,0.001000,0.001000,0.001000,0.001000,0.001000
1009.865385,-0.040223,0.001000,0.001000,0.001000,0.001000,0.001000
1009.884615,-0.039539,0.001000,0.001000,0.001000,0.001000,0.001000
1009.903846,-0.038835,0.001000,0.001000,0.001000,0.001000,0.001000
1009.923077,-0.038111,0.001000,0.001000,0.001000,0.001000,0.001000
1009.942308,-0.037368,0.001000,0.001000,0.001000,0.001000,0.001000
1009.961538,-0.036605,0.001000,0.001000,0.001000,0.001000,0.001000
1009.980769,-0.035824,0.001000,0.001000,0.001000,0.001000,0.001000
1010.000000,-0.035023,0.001000,0.001000,0.001000,0.001000,0.001000
1010.019231,-0.034205,0.001000,0.001000,0.001000,0.001000,0.001000
1010.038462,-0.033370,0.001000,0.001000,0.001000,0.001000,0.001000
1010.057692,-0.032517,0.001000,0.001000,0.001000,0.001000,0.001000
1010.076923,-0.031648,0.001000,0.001000,0.001000,0.001000,0.001000
1010.096154,-0.030762,0.001000,0.001000,0.001000,0.001000,0.001000
1010.115385,-0.029860,0.001000,0.001000,0.001000,0.001000,0.001000
1010.134615,-0.028943,0.001000,0.001000,0.001000,0.001000,0.001000
1010.153846,-0.028012,0.001000,0.001000,0.001000,0.001000,0.001000
1010.173077,-0.027065,0.001000,0.001000,0.001000,0.001000,0.001000
1010.192308,-0.026105,0.001000,0.001000,0.001000,0.001000,0.001000
1010.211538,-0.025132,0.001000,0.001000,0.001000,0.001000,0.001000
1010.230769,-0.024145,0.001000,0.001000,0.001000,0.001000,0.001000
1010.250000,-0.023146,0.001000,0.001000,0.001000,0.001000,0.001000
1010.269231,-0.022136,0.001000,0.001000,0.001000,0.001000,0.001000
1010.288462,-0.021114,0.001000,0.001000,0.001000,0.001000,0.001000
1010.307692,-0.020081,0.001000,0.001000,0.001000,0.001000,0.001000
1010.326923,-0.019037,0.001000,0.001000,0.001000,0.001000,0.001000
1010.346154,-0.017984,0.001000,0.001000,0.001000,0.001000,0.001000
1010.365385,-0.016922,0.001000,0.001000,0.001000,0.001000,0.001000
1010.384615,-0.015851,0.001000,0.001000,0.001000,0.001000,0.001000
1010.403846,-0.014772,0.001000,0.001000,0.001000,0.001000,0.001000
1010.423077,-0.013685,0.001000,0.001000,0.001000,0.001000,0.001000
1010.442308,-0.012591,0.001000,0.001000,0.001000,0.001000,0.001000
1010.461538,-0.011491,0.001000,0.001000,0.001000,0.001000,0.001000
1010.480769,-0.010385,0.001000,0.001000,0.001000,0.001000,0.001000
1010.500000,-0.009273,0.001000,0.001000,0.001000,0.001000,0.001000
1010.519231,-0.008157,0.001000,0.001000,0.001000,0.001000,0.001000
1010.538462,-0.007036,0.001000,0.001000,0.001000,0.001000,0.001000
1010.557692,-0.005912,0.001000,0.001000,0.001000,0.001000,0.001000
1010.576923,-0.004785,0.001000,0.001000,0.001000,0.001000,0.001000
1010.596154,-0.003655,0.001000,0.001000,0.001000,0.001000,0.001000
1010.615385,-0.002524,0.001000,0.001000,0.001000,0.001000,0.001000
1010.634615,-0.001391,0.001000,0.001000,0.001000,0.001000,0.001000
1010.653846,-0.000258,0.001000,0.001000,0.001000,0.001000,0.001000
1010.673077,0.000876,0.001000,0.001000,0.001000,0.001000,0.001000
1010.692308,0.002009,0.001000,0.001000,0.001000,0.001000,0.001000
1010.711538,0.003141,0.001000,0.001000,0.001000,0.001000,0.001000
1010.730769,0.004272,0.001000,0.001000,0.001000,0.001000,0.001000
1010.750000,0.005400,0.001000,0.001000,0.001000,0.001000,0.001000
1010.769231,0.006526,0.001000,0.001000,0.001000,0.001000,0.001000
1010.788462,0.007648,0.001000,0.001000,0.001000,0.001000,0.001000
1010.807692,0.008766,0.001000,0.001000,0.001000,0.001000,0.001000
1010.826923,0.009880,0.001000,0.001000,0.001000,0.001000,0.001000
1010.846154,0.010989,0.001000,0.001000,0.001000,0.001000,0.001000
1010.865385,0.012092,0.001000,0.001000,0.001000,0.001000,0.001000
1010.884615,0.013189,0.001000,0.001000,0.001000,0.001000,0.001000
1010.903846,0.014279,0.001000,0.001000,0.001000,0.001000,0.001000
1010.923077,0.015362,0.001000,0.001000,0.001000,0.001000,0.001000
1010.942308,0.016436,0.001000,0.001000,0.001000,0.001000,0.001000
1010.961538,0.017503,0.001000,0.001000,0.001000,0.001000,0.001000
1010.980769,0.018560,0.001000,0.001000,0.001000,0.001000,0.001000
1011.000000,0.019608,0.001000,0.001000,0.001000,0.001000,0.001000
1011.019231,0.020646,0.001000,0.001000,0.001000,0.001000,0.001000
1011.038462,0.021673,0.001000,0.001000,0.001000,0.001000,0.001000
1011.057692,0.022689,0.001000,0.001000,0.001000,0.001000,0.001000
1011.076923,0.023693,0.001000,0.001000,0.001000,0.001000,0.001000
1011.096154,0.024685,0.001000,0.001000,0.001000,0.001000,0.001000
1011.115385,0.025665,0.001000,0.001000,0.001000,0.001000,0.001000
1011.134615,0.026631,0.001000,0.001000,0.001000,0.001000,0.001000
1011.153846,0.027584,0.001000,0.001000,0.001000,0.001000,0.001000
1011.173077,0.028522,0.001000,0.001000,0.001000,0.001000,0.001000
1011.192308,0.029446,0.001000,0.001000,0.001000,0.001000,0.001000
1011.211538,0.030354,0.001000,0.001000,0.001000,0.001000,0.001000
1011.230769,0.031247,0.001000,0.001000,0.001000,0.001000,0.001000
1011.250000,0.032124,0.001000,0.001000,0.001000,0.001000,0.001000
1011.269231,0.032985,0.001000,0.001000,0.001000,0.001000,0.001000
1011.288462,0.033828,0.001000,0.001000,0.001000,0.001000,0.001000
1011.307692,0.034654,0.001000,0.001000,0.001000,0.001000,0.001000
1011.326923,0.035462,0.001000,0.001000,0.001000,0.001000,0.001000
1011.346154,0.036252,0.001000,0.001000,0.001000,0.001000,0.001000
1011.365385,0.037024,0.001000,0.001000,0.001000,0.001000,0.001000
1011.384615,0.037776,0.001000,0.001000,0.001000,0.001000,0.001000
1011.403846,0.038509,0.001000,0.001000,0.001000,0.001000,0.001000
1011.423077,0.039222,0.001000,0.001000,0.001000,0.001000,0.001000
1011.442308,0.039915,0.001000,0.001000,0.001000,0.001000,0.001000
1011.461538,0.040588,0.001000,0.001000,0.001000,0.001000,0.001000
1011.480769,0.041239,0.001000,0.001000,0.001000,0.001000,0.001000
1011.500000,0.041870,0.001000,0.001000,0.001000,0.001000,0.001000
1011.519231,0.042478,0.001000,0.001000,0.001000,0.001000,0.001000
1011.538462,0.043065,0.001000,0.001000,0.001000,0.001000,0.001000
1011.557692,0.043630,0.001000,0.001000,0.001000,0.001000,0.001000
1011.576923,0.044173,0.001000,0.001000,0.001000,0.001000,0.001000
1011.596154,0.044693,0.001000,0.001000,0.001000,0.001000,0.001000
1011.615385,0.045189,0.001000,0.001000,0.001000,0.001000,0.001000
1011.634615,0.045663,0.001000,0.001000,0.001000,0.001000,0.001000
1011.653846,0.046113,0.001000,0.001000,0.001000,0.001000,0.001000
1011.673077,0.046539,0.001000,0.001000,0.001000,0.001000,0.001000
1011.692308,0.046942,0.001000,0.001000,0.001000,0.001000,0.001000
1011.711538,0.047320,0.001000,0.001000,0.001000,0.001000,0.001000
1011.730769,0.047674,0.001000,0.001000,0.001000,0.001000,0.001000
1011.750000,0.048003,0.001000,0.001000,0.001000,0.001000,0.001000
1011.769231,0.048308,0.001000,0.001000,0.001000,0.001000,0.001000
1011.788462,0.048588,0.001000,0.001000,0.001000,0.001000,0.001000
1011.807692,0.048843,0.001000,0.001000,0.001000,0.001000,0.001000
1011.826923,0.049073,0.001000,0.001000,0.001000,0.001000,0.001000
1011.846154,0.049278,0.001000,0.001000,0.001000,0.001000,0.001000
1011.865385,0.049457,0.001000,0.001000,0.001000,0.001000,0.001000
1011.884615,0.049611,0.001000,0.001000,0.001000,0.001000,0.001000
1011.903846,0.049739,0.001000,0.001000,0.001000,0.001000,0.001000
1011.923077,0.049842,0.001000,0.001000,0.001000,0.001000,0.001000
1011.942308,0.049919,0.001000,0.001000,0.001000,0.001000,0.001000
1011.961538,0.049971,0.001000,0.001000,0.001000,0.001000,0.001000
1011.980769,0.049997,0.001000,0.001000,0.001000,0.001000,0.001000
1012.000000,0.049997,0.001000,0.001000,0.001000,0.001000,0.001000
1012.019231,0.049971,0.001000,0.001000,0.001000,0.001000,0.001000
1012.038462,0.049920,0.001000,0.001000,0.001000,0.001000,0.001000
1012.057692,0.049843,0.001000,0.001000,0.001000,0.001000,0.001000
1012.076923,0.049741,0.001000,0.001000,0.001000,0.001000,0.001000
1012.096154,0.049613,0.001000,0.001000,0.001000,0.001000,0.001000
1012.115385,0.049459,0.001000,0.001000,0.001000,0.001000,0.001000
1012.134615,0.049280,0.001000,0.001000,0.001000,0.001000,0.001000
1012.153846,0.049075,0.001000,0.001000,0.001000,0.001000,0.001000
1012.173077,0.048846,0.001000,0.001000,0.001000,0.001000,0.001000
1012.192308,0.048591,0.001000,0.001000,0.001000,0.001000,0.001000
1012.211538,0.048312,0.001000,0.001000,0.001000,0.001000,0.001000
1012.230769,0.048007,0.001000,0.001000,0.001000,0.001000,0.001000
1012.250000,0.047678,0.001000,0.001000,0.001000,0.001000,0.001000
1012.269231,0.047324,0.001000,0.001000,0.001000,0.001000,0.001000
1012.288462,0.046946,0.001000,0.001000,0.001000,0.001000,0.001000
1012.307692,0.046544,0.001000,0.001000,0.001000,0.001000,0.001000
1012.326923,0.046118,0.001000,0.001000,0.001000,0.001000,0.001000
1012.346154,0.045668,0.001000,0.001000,0.001000,0.001000,0.001000
1012.365385,0.045195,0.001000,0.001000,0.001000,0.001000,0.001000
1012.384615,0.044698,0.001000,0.001000,0.001000,0.001000,0.001000
1012.403846,0.044179,0.001000,0.001000,0.001000,0.001000,0.001000
1012.423077,0.043636,0.001000,0.001000,0.001000,0.001000,0.001000
1012.442308,0.043072,0.001000,0.001000,0.001000,0.001000,0.001000
1012.461538,0.042485,0.001000,0.001000,0.001000,0.001000,0.001000
1012.480769,0.041876,0.001000,0.001000,0.001000,0.001000,0.001000
1012.500000,0.041246,0.001000,0.001000,0.001000,0.001000,0.001000
1012.519231,0.040595,0.001000,0.001000,0.001000,0.001000,0.001000
1012.538462,0.039923,0.001000,0.001000,0.001000,0.001000,0.001000
1012.557692,0.039230,0.001000,0.001000,0.001000,0.001000,0.001000
1012.576923,0.038517,0.001000,0.001000,0.001000,0.001000,0.001000
1012.596154,0.037784,0.001000,0.001000,0.001000,0.001000,0.001000
1012.615385,0.037032,0.001000,0.001000,0.001000,0.001000,0.001000
1012.634615,0.036261,0.001000,0.001000,0.001000,0.001000,0.001000
1012.653846,0.035471,0.001000,0.001000,0.001000,0.001000,0.001000
1012.673077,0.034663,0.001000,0.001000,0.001000,0.001000,0.001000
1012.692308,0.033837,0.001000,0.001000,0.001000,0.001000,0.001000
1012.711538,0.032994,0.001000,0.001000,0.001000,0.001000,0.001000
1012.730769,0.032134,0.001000,0.001000,0.001000,0.001000,0.001000
1012.750000,0.031257,0.001000,0.001000,0.001000,0.001000,0.001000
1012.769231,0.030364,0.001000,0.001000,0.001000,0.001000,0.001000
1012.788462,0.029456,0.001000,0.001000,0.001000,0.001000,0.001000
1012.807692,0.028532,0.001000,0.001000,0.001000,0.001000,0.001000
1012.826923,0.027594,0.001000,0.001000,0.001000,0.001000,0.001000
1012.846154,0.026642,0.001000,0.001000,0.001000,0.001000,0.001000
1012.865385,0.025675,0.001000,0.001000,0.001000,0.001000,0.001000
1012.884615,0.024696,0.001000,0.001000,0.001000,0.001000,0.001000
1012.903846,0.023704,0.001000,0.001000,0.001000,0.001000,0.001000
1012.923077,0.022700,0.001000,0.001000,0.001000,0.001000,0.001000
1012.942308,0.021684,0.001000,0.001000,0.001000,0.001000,0.001000
1012.961538,0.020657,0.001000,0.001000,0.001000,0.001000,0.001000
1012.980769,0.019619,0.001000,0.001000,0.001000,0.001000,0.001000
1013.000000,0.018572,0.001000,0.001000,0.001000,0.001000,0.001000
1013.019231,0.017514,0.001000,0.001000,0.001000,0.001000,0.001000
1013.038462,0.016448,0.001000,0.001000,0.001000,0.001000,0.001000
1013.057692,0.015373,0.001000,0.001000,0.001000,0.001000,0.001000
1013.076923,0.014291,0.001000,0.001000,0.001000,0.001000,0.001000
1013.096154,0.013201,0.001000,0.001000,0.001000,0.001000,0.001000
1013.115385,0.012104,0.001000,0.001000,0.001000,0.001000,0.001000
1013.134615,0.011001,0.001000,0.001000,0.001000,0.001000,0.001000
1013.153846,0.009893,0.001000,0.001000,0.001000,0.001000,0.001000
1013.173077,0.008779,0.001000,0.001000,0.001000,0.001000,0.001000
1013.192308,0.007661,0.001000,0.001000,0.001000,0.001000,0.001000
1013.211538,0.006538,0.001000,0.001000,0.001000,0.001000,0.001000
1013.230769,0.005413,0.001000,0.001000,0.001000,0.001000,0.001000
1013.250000,0.004285,0.001000,0.001000,0.001000,0.001000,0.001000
1013.269231,0.003154,0.001000,0.001000,0.001000,0.001000,0.001000
1013.288462,0.002022,0.001000,0.001000,0.001000,0.001000,0.001000
1013.307692,0.000889,0.001000,0.001000,0.001000,0.001000,0.001000
1013.326923,-0.000245,0.001000,0.001000,0.001000,0.001000,0.001000
1013.346154,-0.001378,0.001000,0.001000,0.001000,0.001000,0.001000
1013.365385,-0.002511,0.001000,0.001000,0.001000,0.001000,0.001000
1013.384615,-0.003643,0.001000,0.001000,0.001000,0.001000,0.001000
1013.403846,-0.004772,0.001000,0.001000,0.001000,0.001000,0.001000
1013.423077,-0.005900,0.001000,0.001000,0.001000,0.001000,0.001000
1013.442308,-0.007024,0.001000,0.001000,0.001000,0.001000,0.001000
1013.461538,-0.008144,0.001000,0.001000,0.001000,0.001000,0.001000
1013.480769,-0.009261,0.001000,0.001000,0.001000,0.001000,0.001000
1013.500000,-0.010372,0.001000,0.001000,0.001000,0.001000,0.001000
1013.519231,-0.011478,0.001000,0.001000,0.001000,0.001000,0.001000
1013.538462,-0.012579,0.001000,0.001000,0.001000,0.001000,0.001000
1013.557692,-0.013673,0.001000,0.001000,0.001000,0.001000,0.001000
1013.576923,-0.014760,0.001000,0.001000,0.001000,0.001000,0.001000
1013.596154,-0.015839,0.001000,0.001000,0.001000,0.001000,0.001000
1013.615385,-0.016910,0.001000,0.001000,0.001000,0.001000,0.001000
1013.634615,-0.017972,0.001000,0.001000,0.001000,0.001000,0.001000
1013.653846,-0.019026,0.001000,0.001000,0.001000,0.001000,0.001000
1013.673077,-0.020069,0.001000,0.001000,0.001000,0.001000,0.001000
1013.692308,-0.021102,0.001000,0.001000,0.001000,0.001000,0.001000
1013.711538,-0.022124,0.001000,0.001000,0.001000,0.001000,0.001000
1013.730769,-0.023135,0.001000,0.001000,0.001000,0.001000,0.001000
1013.750000,-0.024134,0.001000,0.001000,0.001000,0.001000,0.001000
1013.769231,-0.025121,0.001000,0.001000,0.001000,0.001000,0.001000
1013.788462,-0.026095,0.001000,0.001000,0.001000,0.001000,0.001000
1013.807692,-0.027055,0.001000,0.001000,0.001000,0.001000,0.001000
1013.826923,-0.028001,0.001000,0.001000,0.001000,0.001000,0.001000
1013.846154,-0.028933,0.001000,0.001000,0.001000,0.001000,0.001000
1013.865385,-0.029850,0.001000,0.001000,0.001000,0.001000,0.001000
1013.884615,-0.030752,0.001000,0.001000,0.001000,0.001000,0.001000
1013.903846,-0.031638,0.001000,0.001000,0.001000,0.001000,0.001000
1013.923077,-0.032508,0.001000,0.001000,0.001000,0.001000,0.001000
1013.942308,-0.033360,0.001000,0.001000,0.001000,0.001000,0.001000
1013.961538,-0.034196,0.001000,0.001000,0.001000,0.001000,0.001000
1013.980769,-0.035015,0.001000,0.001000,0.001000,0.001000,0.001000
1014.000000,-0.035815,0.001000,0.001000,0.001000,0.001000,0.001000
1014.019231,-0.036597,0.001000,0.001000,0.001000,0.001000,0.001000
1014.038462,-0.037360,0.001000,0.001000,0.001000,0.001000,0.001000
1014.057692,-0.038103,0.001000,0.001000,0.001000,0.001000,0.001000
1014.076923,-0.038828,0.001000,0.001000,0.001000,0.001000,0.001000
1014.096154,-0.039532,0.001000,0.001000,0.001000,0.001000,0.001000
1014.115385,-0.040216,0.001000,0.001000,0.001000,0.001000,0.001000
1014.134615,-0.040879,0.001000,0.001000,0.001000,0.001000,0.001000
1014.153846,-0.041521,0.001000,0.001000,0.001000,0.001000,0.001000
1014.173077,-0.042142,0.001000,0.001000,0.001000,0.001000,0.001000
1014.192308,-0.042741,0.001000,0.001000,0.001000,0.001000,0.001000
1014.211538,-0.043319,0.001000,0.001000,0.001000,0.001000,0.001000
1014.230769,-0.043874,0.001000,0.001000,0.001000,0.001000,0.001000
1014.250000,-0.044406,0.001000,0.001000,0.001000,0.001000,0.001000
1014.269231,-0.044916,0.001000,0.001000,0.001000,0.001000,0.001000
1014.288462,-0.045402,0.001000,0.001000,0.001000,0.001000,0.001000
1014.307692,-0.045865,0.001000,0.001000,0.001000,0.001000,0.001000
1014.326923,-0.046305,0.001000,0.001000,0.001000,0.001000,0.001000
1014.346154,-0.046721,0.001000,0.001000,0.001000,0.001000,0.001000
1014.365385,-0.047112,0.001000,0.001000,0.001000,0.001000,0.001000
1014.384615,-0.047480,0.001000,0.001000,0.001000,0.001000,0.001000
1014.403846,-0.047823,0.001000,0.001000,0.001000,0.001000,0.001000
1014.423077,-0.048142,0.001000,0.001000,0.001000,0.001000,0.001000
1014.442308,-0.048435,0.001000,0.001000,0.001000,0.001000,0.001000
1014.461538,-0.048704,0.001000,0.001000,0.001000,0.001000,0.001000
1014.480769,-0.048948,0.001000,0.001000,0.001000,0.001000,0.001000
1014.500000,-0.049167,0.001000,0.001000,0.001000,0.001000,0.001000
1014.519231,-0.049360,0.001000,0.001000,0.001000,0.001000,0.001000
1014.538462,-0.049528,0.001000,0.001000,0.001000,0.001000,0.001000
1014.557692,-0.049671,0.001000,0.001000,0.001000,0.001000,0.001000
1014.576923,-0.049788,0.001000,0.001000,0.001000,0.001000,0.001000
1014.596154,-0.049880,0.001000,0.001000,0.001000,0.001000,0.001000
1014.615385,-0.049945,0.001000,0.001000,0.001000,0.001000,0.001000
1014.634615,-0.049985,0.001000,0.001000,0.001000,0.001000,0.001000
1014.653846,-0.050000,0.001000,0.001000,0.001000,0.001000,0.001000
1014.673077,-0.049989,0.001000,0.001000,0.001000,0.001000,0.001000
1014.692308,-0.049952,0.001000,0.001000,0.001000,0.001000,0.001000
1014.711538,-0.049889,0.001000,0.001000,0.001000,0.001000,0.001000
1014.730769,-0.049801,0.001000,0.001000,0.001000,0.001000,0.001000
1014.750000,-0.049687,0.001000,0.001000,0.001000,0.001000,0.001000
1014.769231,-0.049548,0.001000,0.001000,0.001000,0.001000,0.001000
1014.788462,-0.049383,0.001000,0.001000,0.001000,0.001000,0.001000
1014.807692,-0.049192,0.001000,0.001000,0.001000,0.001000,0.001000
1014.826923,-0.048977,0.001000,0.001000,0.001000,0.001000,0.001000
1014.846154,-0.048736,0.001000,0.001000,0.001000,0.001000,0.001000
1014.865385,-0.048470,0.001000,0.001000,0.001000,0.001000,0.001000
1014.884615,-0.048180,0.001000,0.001000,0.001000,0.001000,0.001000
1014.903846,-0.047864,0.001000,0.001000,0.001000,0.001000,0.001000
1014.923077,-0.047524,0.001000,0.001000,0.001000,0.001000,0.001000
1014.942308,-0.047160,0.001000,0.001000,0.001000,0.001000,0.001000
1014.961538,-0.046771,0.001000,0.001000,0.001000,0.001000,0.001000
1014.980769,-0.046358,0.001000,0.001000,0.001000,0.001000,0.001000
1015.000000,-0.045921,0.001000,0.001000,0.001000,0.001000,0.001000
1015.019231,-0.045461,0.001000,0.001000,0.001000,0.001000,0.001000
1015.038462,-0.044977,0.001000,0.001000,0.001000,0.001000,0.001000
1015.057692,-0.044471,0.001000,0.001000,0.001000,0.001000,0.001000
1015.076923,-0.043941,0.001000,0.001000,0.001000,0.001000,0.001000
1015.096154,-0.043389,0.001000,0.001000,0.001000,0.001000,0.001000
1015.115385,-0.042814,0.001000,0.001000,0.001000,0.001000,0.001000
1015.134615,-0.042218,0.001000,0.001000,0.001000,0.001000,0.001000
1015.153846,-0.041600,0.001000,0.001000,0.001000,0.001000,0.001000
1015.173077,-0.040960,0.001000,0.001000,0.001000,0.001000,0.001000
1015.192308,-0.040300,0.001000,0.001000,0.001000,0.001000,0.001000
1015.211538,-0.039618,0.001000,0.001000,0.001000,0.001000,0.001000
1015.230769,-0.038916,0.001000,0.001000,0.001000,0.001000,0.001000
1015.250000,-0.038195,0.001000,0.001000,0.001000,0.001000,0.001000
1015.269231,-0.037453,0.001000,0.001000,0.001000,0.001000,0.001000
1015.288462,-0.036693,0.001000,0.001000,0.001000,0.001000,0.001000
1015.307692,-0.035913,0.001000,0.001000,0.001000,0.001000,0.001000
1015.326923,-0.035115,0.001000,0.001000,0.001000,0.001000,0.001000
1015.346154,-0.034299,0.001000,0.001000,0.001000,0.001000,0.001000
1015.365385,-0.033466,0.001000,0.001000,0.001000,0.001000,0.001000
1015.384615,-0.032615,0.001000,0.001000,0.001000,0.001000,0.001000
1015.403846,-0.031747,0.001000,0.001000,0.001000,0.001000,0.001000
1015.423077,-0.030863,0.001000,0.001000,0.001000,0.001000,0.001000
1015.442308,-0.029963,0.001000,0.001000,0.001000,0.001000,0.001000
1015.461538,-0.029048,0.001000,0.001000,0.001000,0.001000,0.001000
1015.480769,-0.028118,0.001000,0.001000,0.001000,0.001000,0.001000
1015.500000,-0.027174,0.001000,0.001000,0.001000,0.001000,0.001000
1015.519231,-0.026215,0.001000,0.001000,0.001000,0.001000,0.001000
1015.538462,-0.025243,0.001000,0.001000,0.001000,0.001000,0.001000
1015.557692,-0.024258,0.001000,0.001000,0.001000,0.001000,0.001000
1015.576923,-0.023261,0.001000,0.001000,0.001000,0.001000,0.001000
1015.596154,-0.022251,0.001000,0.001000,0.001000,0.001000,0.001000
1015.615385,-0.021230,0.001000,0.001000,0.001000,0.001000,0.001000
1015.634615,-0.020198,0.001000,0.001000,0.001000,0.001000,0.001000
1015.653846,-0.019156,0.001000,0.001000,0.001000,0.001000,0.001000
1015.673077,-0.018104,0.001000,0.001000,0.001000,0.001000,0.001000
1015.692308,-0.017043,0.001000,0.001000,0.001000,0.001000,0.001000
1015.711538,-0.015973,0.001000,0.001000,0.001000,0.001000,0.001000
1015.730769,-0.014895,0.001000,0.001000,0.001000,0.001000,0.001000
1015.750000,-0.013809,0.001000,0.001000,0.001000,0.001000,0.001000
1015.769231,-0.012716,0.001000,0.001000,0.001000,0.001000,0.001000
1015.788462,-0.011616,0.001000,0.001000,0.001000,0.001000,0.001000
1015.807692,-0.010510,0.001000,0.001000,0.001000,0.001000,0.001000
1015.826923,-0.009399,0.001000,0.001000,0.001000,0.001000,0.001000
1015.846154,-0.008284,0.001000,0.001000,0.001000,0.001000,0.001000
1015.865385,-0.007164,0.001000,0.001000,0.001000,0.001000,0.001000
1015.884615,-0.006040,0.001000,0.001000,0.001000,0.001000,0.001000
1015.903846,-0.004913,0.001000,0.001000,0.001000,0.001000,0.001000
1015.923077,-0.003784,0.001000,0.001000,0.001000,0.001000,0.001000
1015.942308,-0.002652,0.001000,0.001000,0.001000,0.001000,0.001000
1015.961538,-0.001520,0.001000,0.001000,0.001000,0.001000,0.001000
1015.980769,-0.000386,0.001000,0.001000,0.001000,0.001000,0.001000
1016.000000,0.000747,0.001000,0.001000,0.001000,0.001000,0.001000
1016.019231,0.001881,0.001000,0.001000,0.001000,0.001000,0.001000
1016.038462,0.003013,0.001000,0.001000,0.001000,0.001000,0.001000
1016.057692,0.004144,0.001000,0.001000,0.001000,0.001000,0.001000
1016.076923,0.005272,0.001000,0.001000,0.001000,0.001000,0.001000
1016.096154,0.006398,0.001000,0.001000,0.001000,0.001000,0.001000
1016.115385,0.007521,0.001000,0.001000,0.001000,0.001000,0.001000
1016.134615,0.008640,0.001000,0.001000,0.001000,0.001000,0.001000
1016.153846,0.009754,0.001000,0.001000,0.001000,0.001000,0.001000
1016.173077,0.010863,0.001000,0.001000,0.001000,0.001000,0.001000
1016.192308,0.011967,0.001000,0.001000,0.001000,0.001000,0.001000
1016.211538,0.013065,0.001000,0.001000,0.001000,0.001000,0.001000
1016.230769,0.014155,0.001000,0.001000,0.001000,0.001000,0.001000
1016.250000,0.015239,0.001000,0.001000,0.001000,0.001000,0.001000
1016.269231,0.016315,0.001000,0.001000,0.001000,0.001000,0.001000
1016.288462,0.017382,0.001000,0.001000,0.001000,0.001000,0.001000
1016.307692,0.018440,0.001000,0.001000,0.001000,0.001000,0.001000
1016.326923,0.019489,0.001000,0.001000,0.001000,0.001000,0.001000
1016.346154,0.020528,0.001000,0.001000,0.001000,0.001000,0.001000
1016.365385,0.021557,0.001000,0.001000,0.001000,0.001000,0.001000
1016.384615,0.022574,0.001000,0.001000,0.001000,0.001000,0.001000
1016.403846,0.023580,0.001000,0.001000,0.001000,0.001000,0.001000
1016.423077,0.024573,0.001000,0.001000,0.001000,0.001000,0.001000
1016.442308,0.025554,0.001000,0.001000,0.001000,0.001000,0.001000
1016.461538,0.026522,0.001000,0.001000,0.001000,0.001000,0.001000
1016.480769,0.027476,0.001000,0.001000,0.001000,0.001000,0.001000
1016.500000,0.028416,0.001000,0.001000,0.001000,0.001000,0.001000
1016.519231,0.029341,0.001000,0.001000,0.001000,0.001000,0.001000
1016.538462,0.030252,0.001000,0.001000,0.001000,0.001000,0.001000
1016.557692,0.031147,0.001000,0.001000,0.001000,0.001000,0.001000
1016.576923,0.032025,0.001000,0.001000,0.001000,0.001000,0.001000
1016.596154,0.032888,0.001000,0.001000,0.001000,0.001000,0.001000
1016.615385,0.033733,0.001000,0.001000,0.001000,0.001000,0.001000
1016.634615,0.034561,0.001000,0.001000,0.001000,0.001000,0.001000
1016.653846,0.035371,0.001000,0.001000,0.001000,0.001000,0.001000
1016.673077,0.036164,0.001000,0.001000,0.001000,0.001000,0.001000
1016.692308,0.036937,0.001000,0.001000,0.001000,0.001000,0.001000
1016.711538,0.037692,0.001000,0.001000,0.001000,0.001000,0.001000
1016.730769,0.038427,0.001000,0.001000,0.001000,0.001000,0.001000
1016.750000,0.039142,0.001000,0.001000,0.001000,0.001000,0.001000
1016.769231,0.039837,0.001000,0.001000,0.001000,0.001000,0.001000
1016.788462,0.040512,0.001000,0.001000,0.001000,0.001000,0.001000
1016.807692,0.041166,0.001000,0.001000,0.001000,0.001000,0.001000
1016.826923,0.041799,0.001000,0.001000,0.001000,0.001000,0.001000
1016.846154,0.042410,0.001000,0.001000,0.001000,0.001000,0.001000
1016.865385,0.043000,0.001000,0.001000,0.001000,0.001000,0.001000
1016.884615,0.043567,0.001000,0.001000,0.001000,0.001000,0.001000
1016.903846,0.044112,0.001000,0.001000,0.001000,0.001000,0.001000
1016.923077,0.044635,0.001000,0.001000,0.001000,0.001000,0.001000
1016.942308,0.045134,0.001000,0.001000,0.001000,0.001000,0.001000
1016.961538,0.045610,0.001000,0.001000,0.001000,0.001000,0.001000
1016.980769,0.046063,0.001000,0.001000,0.001000,0.001000,0.001000
1017.000000,0.046492,0.001000,0.001000,0.001000,0.001000,0.001000
1017.019231,0.046897,0.001000,0.001000,0.001000,0.001000,0.001000
1017.038462,0.047278,0.001000,0.001000,0.001000,0.001000,0.001000
1017.057692,0.047635,0.001000,0.001000,0.001000,0.001000,0.001000
1017.076923,0.047967,0.001000,0.001000,0.001000,0.001000,0.001000
1017.096154,0.048275,0.001000,0.001000,0.001000,0.001000,0.001000
1017.115385,0.048558,0.001000,0.001000,0.001000,0.001000,0.001000
1017.134615,0.048816,0.001000,0.001000,0.001000,0.001000,0.001000
1017.153846,0.049048,0.001000,0.001000,0.001000,0.001000,0.001000
1017.173077,0.049256,0.001000,0.001000,0.001000,0.001000,0.001000
1017.192308,0.049438,0.001000,0.001000,0.001000,0.001000,0.001000
1017.211538,0.049595,0.001000,0.001000,0.001000,0.001000,0.001000
1017.230769,0.049726,0.001000,0.001000,0.001000,0.001000,0.001000
1017.250000,0.049832,0.001000,0.001000,0.001000,0.001000,0.001000
1017.269231,0.049912,0.001000,0.001000,0.001000,0.001000,0.001000
1017.288462,0.049966,0.001000,0.001000,0.001000,0.001000,0.001000
1017.307692,0.049995,0.001000,0.001000,0.001000,0.001000,0.001000
1017.326923,0.049998,0.001000,0.001000,0.001000,0.001000,0.001000
1017.346154,0.049975,0.001000,0.001000,0.001000,0.001000,0.001000
1017.365385,0.049927,0.001000,0.001000,0.001000,0.001000,0.001000
1017.384615,0.049853,0.001000,0.001000,0.001000,0.001000,0.001000
1017.403846,0.049754,0.001000,0.001000,0.001000,0.001000,0.001000
1017.423077,0.049628,0.001000,0.001000,0.001000,0.001000,0.001000
1017.442308,0.049478,0.001000,0.001000,0.001000,0.001000,0.001000
1017.461538,0.049301,0.001000,0.001000,0.001000,0.001000,0.001000
1017.480769,0.049100,0.001000,0.001000,0.001000,0.001000,0.001000
1017.500000,0.048873,0.001000,0.001000,0.001000,0.001000,0.001000
1017.519231,0.048621,0.001000,0.001000,0.001000,0.001000,0.001000
1017.538462,0.048345,0.001000,0.001000,0.001000,0.001000,0.001000
1017.557692,0.048043,0.001000,0.001000,0.001000,0.001000,0.001000
1017.576923,0.047716,0.001000,0.001000,0.001000,0.001000,0.001000
1017.596154,0.047365,0.001000,0.001000,0.001000,0.001000,0.001000
1017.615385,0.046990,0.001000,0.001000,0.001000,0.001000,0.001000
1017.634615,0.046591,0.001000,0.001000,0.001000,0.001000,0.001000
1017.653846,0.046167,0.001000,0.001000,0.001000,0.001000,0.001000
1017.673077,0.045720,0.001000,0.001000,0.001000,0.001000,0.001000
1017.692308,0.045250,0.001000,0.001000,0.001000,0.001000,0.001000
1017.711538,0.044756,0.001000,0.001000,0.001000,0.001000,0.001000
1017.730769,0.044239,0.001000,0.001000,0.001000,0.001000,0.001000
1017.750000,0.043699,0.001000,0.001000,0.001000,0.001000,0.001000
1017.769231,0.043137,0.001000,0.001000,0.001000,0.001000,0.001000
1017.788462,0.042553,0.001000,0.001000,0.001000,0.001000,0.001000
1017.807692,0.041947,0.001000,0.001000,0.001000,0.001000,0.001000
1017.826923,0.041319,0.001000,0.001000,0.001000,0.001000,0.001000
1017.846154,0.040670,0.001000,0.001000,0.001000,0.001000,0.001000
1017.865385,0.040000,0.001000,0.001000,0.001000,0.001000,0.001000
1017.884615,0.039310,0.001000,0.001000,0.001000,0.001000,0.001000
1017.903846,0.038599,0.001000,0.001000,0.001000,0.001000,0.001000
1017.923077,0.037869,0.001000,0.001000,0.001000,0.001000,0.001000
1017.942308,0.037119,0.001000,0.001000,0.001000,0.001000,0.001000
1017.961538,0.036350,0.001000,0.001000,0.001000,0.001000,0.001000
1017.980769,0.035562,0.001000,0.001000,0.001000,0.001000,0.001000
1018.000000,0.034756,0.001000,0.001000,0.001000,0.001000,0.001000
1018.019231,0.033932,0.001000,0.001000,0.001000,0.001000,0.001000
1018.038462,0.033091,0.001000,0.001000,0.001000,0.001000,0.001000
1018.057692,0.032232,0.001000,0.001000,0.001000,0.001000,0.001000
1018.076923,0.031357,0.001000,0.001000,0.001000,0.001000,0.001000
1018.096154,0.030466,0.001000,0.001000,0.001000,0.001000,0.001000
1018.115385,0.029560,0.001000,0.001000,0.001000,0.001000,0.001000
1018.134615,0.028638,0.001000,0.001000,0.001000,0.001000,0.001000
1018.153846,0.027701,0.001000,0.001000,0.001000,0.001000,0.001000
1018.173077,0.026750,0.001000,0.001000,0.001000,0.001000,0.001000
1018.192308,0.025786,0.001000,0.001000,0.001000,0.001000,0.001000
1018.211538,0.024808,0.001000,0.001000,0.001000,0.001000,0.001000
1018.230769,0.023817,0.001000,0.001000,0.001000,0.001000,0.001000
1018.250000,0.022815,0.001000,0.001000,0.001000,0.001000,0.001000
1018.269231,0.021800,0.001000,0.001000,0.001000,0.001000,0.001000
1018.288462,0.020774,0.001000,0.001000,0.001000,0.001000,0.001000
1018.307692,0.019738,0.001000,0.001000,0.001000,0.001000,0.001000
1018.326923,0.018691,0.001000,0.001000,0.001000,0.001000,0.001000
1018.346154,0.017635,0.001000,0.001000,0.001000,0.001000,0.001000
1018.365385,0.016570,0.001000,0.001000,0.001000,0.001000,0.001000
1018.384615,0.015496,0.001000,0.001000,0.001000,0.001000,0.001000
1018.403846,0.014414,0.001000,0.001000,0.001000,0.001000,0.001000
1018.423077,0.013325,0.001000,0.001000,0.001000,0.001000,0.001000
1018.442308,0.012229,0.001000,0.001000,0.001000,0.001000,0.001000
1018.461538,0.011127,0.001000,0.001000,0.001000,0.001000,0.001000
1018.480769,0.010019,0.001000,0.001000,0.001000,0.001000,0.001000
1018.500000,0.008906,0.001000,0.001000,0.001000,0.001000,0.001000
1018.519231,0.007788,0.001000,0.001000,0.001000,0.001000,0.001000
1018.538462,0.006666,0.001000,0.001000,0.001000,0.001000,0.001000
1018.557692,0.005541,0.001000,0.001000,0.001000,0.001000,0.001000
1018.576923,0.004413,0.001000,0.001000,0.001000,0.001000,0.001000
1018.596154,0.003283,0.001000,0.001000,0.001000,0.001000,0.001000
1018.615385,0.002151,0.001000,0.001000,0.001000,0.001000,0.001000
1018.634615,0.001017,0.001000,0.001000,0.001000,0.001000,0.001000
1018.653846,-0.000116,0.001000,0.001000,0.001000,0.001000,0.001000
1018.673077,-0.001250,0.001000,0.001000,0.001000,0.001000,0.001000
1018.692308,-0.002383,0.001000,0.001000,0.001000,0.001000,0.001000
1018.711538,-0.003514,0.001000,0.001000,0.001000,0.001000,0.001000
1018.730769,-0.004644,0.001000,0.001000,0.001000,0.001000,0.001000
1018.750000,-0.005772,0.001000,0.001000,0.001000,0.001000,0.001000
1018.769231,-0.006896,0.001000,0.001000,0.001000,0.001000,0.001000
1018.788462,-0.008017,0.001000,0.001000,0.001000,0.001000,0.001000
1018.807692,-0.009134,0.001000,0.001000,0.001000,0.001000,0.001000
1018.826923,-0.010246,0.001000,0.001000,0.001000,0.001000,0.001000
1018.846154,-0.011353,0.001000,0.001000,0.001000,0.001000,0.001000
1018.865385,-0.012454,0.001000,0.001000,0.001000,0.001000,0.001000
1018.884615,-0.013549,0.001000,0.001000,0.001000,0.001000,0.001000
1018.903846,-0.014637,0.001000,0.001000,0.001000,0.001000,0.001000
1018.923077,-0.015717,0.001000,0.001000,0.001000,0.001000,0.001000
1018.942308,-0.016789,0.001000,0.001000,0.001000,0.001000,0.001000
1018.961538,-0.017852,0.001000,0.001000,0.001000,0.001000,0.001000
1018.980769,-0.018907,0.001000,0.001000,0.001000,0.001000,0.001000
1019.000000,-0.019951,0.001000,0.001000,0.001000,0.001000,0.001000
1019.019231,-0.020985,0.001000,0.001000,0.001000,0.001000,0.001000
1019.038462,-0.022009,0.001000,0.001000,0.001000,0.001000,0.001000
1019.057692,-0.023021,0.001000,0.001000,0.001000,0.001000,0.001000
1019.076923,-0.024021,0.001000,0.001000,0.001000,0.001000,0.001000
1019.096154,-0.025010,0.001000,0.001000,0.001000,0.001000,0.001000
1019.115385,-0.025985,0.001000,0.001000,0.001000,0.001000,0.001000
1019.134615,-0.026946,0.001000,0.001000,0.001000,0.001000,0.001000
1019.153846,-0.027894,0.001000,0.001000,0.001000,0.001000,0.001000
1019.173077,-0.028828,0.001000,0.001000,0.001000,0.001000,0.001000
1019.192308,-0.029747,0.001000,0.001000,0.001000,0.001000,0.001000
1019.211538,-0.030650,0.001000,0.001000,0.001000,0.001000,0.001000
1019.230769,-0.031538,0.001000,0.001000,0.001000,0.001000,0.001000
1019.250000,-0.032410,0.001000,0.001000,0.001000,0.001000,0.001000
1019.269231,-0.033264,0.001000,0.001000,0.001000,0.001000,0.001000
1019.288462,-0.034102,0.001000,0.001000,0.001000,0.001000,0.001000
1019.307692,-0.034922,0.001000,0.001000,0.001000,0.001000,0.001000
1019.326923,-0.035725,0.001000,0.001000,0.001000,0.001000,0.001000
1019.346154,-0.036509,0.001000,0.001000,0.001000,0.001000,0.001000
1019.365385,-0.037274,0.001000,0.001000,0.001000,0.001000,0.001000
1019.384615,-0.038020,0.001000,0.001000,0.001000,0.001000,0.001000
1019.403846,-0.038746,0.001000,0.001000,0.001000,0.001000,0.001000
1019.423077,-0.039453,0.001000,0.001000,0.001000,0.001000,0.001000
1019.442308,-0.040139,0.001000,0.001000,0.001000,0.001000,0.001000
1019.461538,-0.040805,0.001000,0.001000,0.001000,0.001000,0.001000
1019.480769,-0.041449,0.001000,0.001000,0.001000,0.001000,0.001000
1019.500000,-0.042073,0.001000,0.001000,0.001000,0.001000,0.001000
1019.519231,-0.042674,0.001000,0.001000,0.001000,0.001000,0.001000
1019.538462,-0.043254,0.001000,0.001000,0.001000,0.001000,0.001000
1019.557692,-0.043812,0.001000,0.001000,0.001000,0.001000,0.001000
1019.576923,-0.044347,0.001000,0.001000,0.001000,0.001000,0.001000
1019.596154,-0.044859,0.001000,0.001000,0.001000,0.001000,0.001000
1019.615385,-0.045348,0.001000,0.001000,0.001000,0.001000,0.001000
1019.634615,-0.045814,0.001000,0.001000,0.001000,0.001000,0.001000
1019.653846,-0.046256,0.001000,0.001000,0.001000,0.001000,0.001000
1019.673077,-0.046675,0.001000,0.001000,0.001000,0.001000,0.001000
1019.692308,-0.047069,0.001000,0.001000,0.001000,0.001000,0.001000
1019.711538,-0.047439,0.001000,0.001000,0.001000,0.001000,0.001000
1019.730769,-0.047785,0.001000,0.001000,0.001000,0.001000,0.001000
1019.750000,-0.048107,0.001000,0.001000,0.001000,0.001000,0.001000
1019.769231,-0.048403,0.001000,0.001000,0.001000,0.001000,0.001000
1019.788462,-0.048675,0.001000,0.001000,0.001000,0.001000,0.001000
1019.807692,-0.048922,0.001000,0.001000,0.001000,0.001000,0.001000
1019.826923,-0.049143,0.001000,0.001000,0.001000,0.001000,0.001000
1019.846154,-0.049340,0.001000,0.001000,0.001000,0.001000,0.001000
1019.865385,-0.049511,0.001000,0.001000,0.001000,0.001000,0.001000
1019.884615,-0.049656,0.001000,0.001000,0.001000,0.001000,0.001000
1019.903846,-0.049776,0.001000,0.001000,0.001000,0.001000,0.001000
1019.923077,-0.049870,0.001000,0.001000,0.001000,0.001000,0.001000
1019.942308,-0.049939,0.001000,0.001000,0.001000,0.001000,0.001000
1019.961538,-0.049982,0.001000,0.001000,0.001000,0.001000,0.001000
1019.980769,-0.050000,0.001000,0.001000,0.001000,0.001000,0.001000
1020.000000,-0.049991,0.001000,0.001000,0.001000,0.001000,0.001000
1020.019231,-0.049957,0.001000,0.001000,0.001000,0.001000,0.001000
1020.038462,-0.049898,0.001000,0.001000,0.001000,0.001000,0.001000
1020.057692,-0.049812,0.001000,0.001000,0.001000,0.001000,0.001000
1020.076923,-0.049701,0.001000,0.001000,0.001000,0.001000,0.001000
1020.096154,-0.049565,0.001000,0.001000,0.001000,0.001000,0.001000
1020.115385,-0.049403,0.001000,0.001000,0.001000,0.001000,0.001000
1020.134615,-0.049215,0.001000,0.001000,0.001000,0.001000,0.001000
1020.153846,-0.049003,0.001000,0.001000,0.001000,0.001000,0.001000
1020.173077,-0.048765,0.001000,0.001000,0.001000,0.001000,0.001000
1020.192308,-0.048502,0.001000,0.001000,0.001000,0.001000,0.001000
1020.211538,-0.048214,0.001000,0.001000,0.001000,0.001000,0.001000
1020.230769,-0.047901,0.001000,0.001000,0.001000,0.001000,0.001000
1020.250000,-0.047564,0.001000,0.001000,0.001000,0.001000,0.001000
1020.269231,-0.047202,0.001000,0.001000,0.001000,0.001000,0.001000
1020.288462,-0.046816,0.001000,0.001000,0.001000,0.001000,0.001000
1020.307692,-0.046406,0.001000,0.001000,0.001000,0.001000,0.001000
1020.326923,-0.045972,0.001000,0.001000,0.001000,0.001000,0.001000
1020.346154,-0.045515,0.001000,0.001000,0.001000,0.001000,0.001000
1020.365385,-0.045034,0.001000,0.001000,0.001000,0.001000,0.001000
1020.384615,-0.044529,0.001000,0.001000,0.001000,0.001000,0.001000
1020.403846,-0.044002,0.001000,0.001000,0.001000,0.001000,0.001000
1020.423077,-0.043453,0.001000,0.001000,0.001000,0.001000,0.001000
1020.442308,-0.042881,0.001000,0.001000,0.001000,0.001000,0.001000
1020.461538,-0.042287,0.001000,0.001000,0.001000,0.001000,0.001000
1020.480769,-0.041671,0.001000,0.001000,0.001000,0.001000,0.001000
1020.500000,-0.041034,0.001000,0.001000,0.001000,0.001000,0.001000
1020.519231,-0.040376,0.001000,0.001000,0.001000,0.001000,0.001000
1020.538462,-0.039697,0.001000,0.001000,0.001000,0.001000,0.001000
1020.557692,-0.038997,0.001000,0.001000,0.001000,0.001000,0.001000
1020.576923,-0.038278,0.001000,0.001000,0.001000,0.001000,0.001000
1020.596154,-0.037539,0.001000,0.001000,0.001000,0.001000,0.001000
1020.615385,-0.036780,0.001000,0.001000,0.001000,0.001000,0.001000
1020.634615,-0.036003,0.001000,0.001000,0.001000,0.001000,0.001000
1020.653846,-0.035207,0.001000,0.001000,0.001000,0.001000,0.001000
1020.673077,-0.034393,0.001000,0.001000,0.001000,0.001000,0.001000
1020.692308,-0.033561,0.001000,0.001000,0.001000,0.001000,0.001000
1020.711538,-0.032712,0.001000,0.001000,0.001000,0.001000,0.001000
1020.730769,-0.031847,0.001000,0.001000,0.001000,0.001000,0.001000
1020.750000,-0.030964,0.001000,0.001000,0.001000,0.001000,0.001000
1020.769231,-0.030066,0.001000,0.001000,0.001000,0.001000,0.001000
1020.788462,-0.029153,0.001000,0.001000,0.001000,0.001000,0.001000
1020.807692,-0.028225,0.001000,0.001000,0.001000,0.001000,0.001000
1020.826923,-0.027282,0.001000,0.001000,0.001000,0.001000,0.001000
1020.846154,-0.026325,0.001000,0.001000,0.001000,0.001000,0.001000
1020.865385,-0.025354,0.001000,0.001000,0.001000,0.001000,0.001000
1020.884615,-0.024371,0.001000,0.001000,0.001000,0.001000,0.001000
1020.903846,-0.023374,0.001000,0.001000,0.001000,0.001000,0.001000
1020.923077,-0.022366,0.001000,0.001000,0.001000,0.001000,0.001000
1020.942308,-0.021347,0.001000,0.001000,0.001000,0.001000,0.001000
1020.961538,-0.020316,0.001000,0.001000,0.001000,0.001000,0.001000
1020.980769,-0.019275,0.001000,0.001000,0.001000,0.001000,0.001000
1021.000000,-0.018224,0.001000,0.001000,0.001000,0.001000,0.001000
1021.019231,-0.017164,0.001000,0.001000,0.001000,0.001000,0.001000
1021.038462,-0.016095,0.001000,0.001000,0.001000,0.001000,0.001000
1021.057692,-0.015017,0.001000,0.001000,0.001000,0.001000,0.001000
1021.076923,-0.013932,0.001000,0.001000,0.001000,0.001000,0.001000
1021.096154,-0.012840,0.001000,0.001000,0.001000,0.001000,0.001000
1021.115385,-0.011741,0.001000,0.001000,0.001000,0.001000,0.001000
1021.134615,-0.010636,0.001000,0.001000,0.001000,0.001000,0.001000
1021.153846,-0.009526,0.001000,0.001000,0.001000,0.001000,0.001000
1021.173077,-0.008411,0.001000,0.001000,0.001000,0.001000,0.001000
1021.192308,-0.007291,0.001000,0.001000,0.001000,0.001000,0.001000
1021.211538,-0.006168,0.001000,0.001000,0.001000,0.001000,0.001000
1021.230769,-0.005041,0.001000,0.001000,0.001000,0.001000,0.001000
1021.250000,-0.003912,0.001000,0.001000,0.001000,0.001000,0.001000
1021.269231,-0.002781,0.001000,0.001000,0.001000,0.001000,0.001000
1021.288462,-0.001648,0.001000,0.001000,0.001000,0.001000,0.001000
1021.307692,-0.000515,0.001000,0.001000,0.001000,0.001000,0.001000
1021.326923,0.000619,0.001000,0.001000,0.001000,0.001000,0.001000
1021.346154,0.001752,0.001000,0.001000,0.001000,0.001000,0.001000
1021.365385,0.002884,0.001000,0.001000,0.001000,0.001000,0.001000
1021.384615,0.004015,0.001000,0.001000,0.001000,0.001000,0.001000
1021.403846,0.005144,0.001000,0.001000,0.001000,0.001000,0.001000
1021.423077,0.006271,0.001000,0.001000,0.001000,0.001000,0.001000
1021.442308,0.007394,0.001000,0.001000,0.001000,0.001000,0.001000
1021.461538,0.008513,0.001000,0.001000,0.001000,0.001000,0.001000
1021.480769,0.009628,0.001000,0.001000,0.001000,0.001000,0.001000
1021.500000,0.010738,0.001000,0.001000,0.001000,0.001000,0.001000
1021.519231,0.011842,0.001000,0.001000,0.001000,0.001000,0.001000
1021.538462,0.012940,0.001000,0.001000,0.001000,0.001000,0.001000
1021.557692,0.014032,0.001000,0.001000,0.001000,0.001000,0.001000
1021.576923,0.015116,0.001000,0.001000,0.001000,0.001000,0.001000
1021.596154,0.016193,0.001000,0.001000,0.001000,0.001000,0.001000
1021.615385,0.017261,0.001000,0.001000,0.001000,0.001000,0.001000
1021.634615,0.018321,0.001000,0.001000,0.001000,0.001000,0.001000
1021.653846,0.019371,0.001000,0.001000,0.001000,0.001000,0.001000
1021.673077,0.020411,0.001000,0.001000,0.001000,0.001000,0.001000
1021.692308,0.021440,0.001000,0.001000,0.001000,0.001000,0.001000
1021.711538,0.022459,0.001000,0.001000,0.001000,0.001000,0.001000
1021.730769,0.023466,0.001000,0.001000,0.001000,0.001000,0.001000
1021.750000,0.024461,0.001000,0.001000,0.001000,0.001000,0.001000
1021.769231,0.025443,0.001000,0.001000,0.001000,0.001000,0.001000
1021.788462,0.026413,0.001000,0.001000,0.001000,0.001000,0.001000
1021.807692,0.027368,0.001000,0.001000,0.001000,0.001000,0.001000
1021.826923,0.028310,0.001000,0.001000,0.001000,0.001000,0.001000
1021.846154,0.029237,0.001000,0.001000,0.001000,0.001000,0.001000
1021.865385,0.030149,0.001000,0.001000,0.001000,0.001000,0.001000
1021.884615,0.031046,0.001000,0.001000,0.001000,0.001000,0.001000
1021.903846,0.031926,0.001000,0.001000,0.001000,0.001000,0.001000
1021.923077,0.032791,0.001000,0.001000,0.001000,0.001000,0.001000
1021.942308,0.033638,0.001000,0.001000,0.001000,0.001000,0.001000
1021.961538,0.034468,0.001000,0.001000,0.001000,0.001000,0.001000
1021.980769,0.035280,0.001000,0.001000,0.001000,0.001000,0.001000
1022.000000,0.036074,0.001000,0.001000,0.001000,0.001000,0.001000
1022.019231,0.036850,0.001000,0.001000,0.001000,0.001000,0.001000
1022.038462,0.037607,0.001000,0.001000,0.001000,0.001000,0.001000
1022.057692,0.038344,0.001000,0.001000,0.001000,0.001000,0.001000
1022.076923,0.039062,0.001000,0.001000,0.001000,0.001000,0.001000
1022.096154,0.039759,0.001000,0.001000,0.001000,0.001000,0.001000
1022.115385,0.040437,0.001000,0.001000,0.001000,0.001000,0.001000
1022.134615,0.041093,0.001000,0.001000,0.001000,0.001000,0.001000
1022.153846,0.041728,0.001000,0.001000,0.001000,0.001000,0.001000
1022.173077,0.042342,0.001000,0.001000,0.001000,0.001000,0.001000
1022.192308,0.042934,0.001000,0.001000,0.001000,0.001000,0.001000
1022.211538,0.043504,0.001000,0.001000,0.001000,0.001000,0.001000
1022.230769,0.044052,0.001000,0.001000,0.001000,0.001000,0.001000
1022.250000,0.044576,0.001000,0.001000,0.001000,0.001000,0.001000
1022.269231,0.045078,0.001000,0.001000,0.001000,0.001000,0.001000
1022.288462,0.045557,0.001000,0.001000,0.001000,0.001000,0.001000
1022.307692,0.046013,0.001000,0.001000,0.001000,0.001000,0.001000
1022.326923,0.046444,0.001000,0.001000,0.001000,0.001000,0.001000
1022.346154,0.046852,0.001000,0.001000,0.001000,0.001000,0.001000
1022.365385,0.047236,0.001000,0.001000,0.001000,0.001000,0.001000
1022.384615,0.047596,0.001000,0.001000,0.001000,0.001000,0.001000
1022.403846,0.047931,0.001000,0.001000,0.001000,0.001000,0.001000
1022.423077,0.048241,0.001000,0.001000,0.001000,0.001000,0.001000
1022.442308,0.048527,0.001000,0.001000,0.001000,0.001000,0.001000
1022.461538,0.048787,0.001000,0.001000,0.001000,0.001000,0.001000
1022.480769,0.049023,0.001000,0.001000,0.001000,0.001000,0.001000
1022.500000,0.049233,0.001000,0.001000,0.001000,0.001000,0.001000
1022.519231,0.049419,0.001000,0.001000,0.001000,0.001000,0.001000
1022.538462,0.049578,0.001000,0.001000,0.001000,0.001000,0.001000
1022.557692,0.049712,0.001000,0.001000,0.001000,0.001000,0.001000
1022.576923,0.049821,0.001000,0.001000,0.001000,0.001000,0.001000
1022.596154,0.049904,0.001000,0.001000,0.001000,0.001000,0.001000
1022.615385,0.049961,0.001000,0.001000,0.001000,0.001000,0.001000
1022.634615,0.049993,0.001000,0.001000,0.001000,0.001000,0.001000
1022.653846,0.049999,0.001000,0.001000,0.001000,0.001000,0.001000
1022.673077,0.049979,0.001000,0.001000,0.001000,0.001000,0.001000
1022.692308,0.049934,0.001000,0.001000,0.001000,0.001000,0.001000
1022.711538,0.049863,0.001000,0.001000,0.001000,0.001000,0.001000
1022.730769,0.049766,0.001000,0.001000,0.001000,0.001000,0.001000
1022.750000,0.049644,0.001000,0.001000,0.001000,0.001000,0.001000
1022.769231,0.049496,0.001000,0.001000,0.001000,0.001000,0.001000
1022.788462,0.049323,0.001000,0.001000,0.001000,0.001000,0.001000
1022.807692,0.049124,0.001000,0.001000,0.001000,0.001000,0.001000
1022.826923,0.048900,0.001000,0.001000,0.001000,0.001000,0.001000
1022.846154,0.048651,0.001000,0.001000,0.001000,0.001000,0.001000
1022.865385,0.048377,0.001000,0.001000,0.001000,0.001000,0.001000
1022.884615,0.048078,0.001000,0.001000,0.001000,0.001000,0.001000
1022.903846,0.047755,0.001000,0.001000,0.001000,0.001000,0.001000
1022.923077,0.047407,0.001000,0.001000,0.001000,0.001000,0.001000
1022.942308,0.047034,0.001000,0.001000,0.001000,0.001000,0.001000
1022.961538,0.046637,0.001000,0.001000,0.001000,0.001000,0.001000
1022.980769,0.046217,0.001000,0.001000,0.001000,0.001000,0.001000
1023.000000,0.045772,0.001000,0.001000,0.001000,0.001000,0.001000
1023.019231,0.045304,0.001000,0.001000,0.001000,0.001000,0.001000
1023.038462,0.044813,0.001000,0.001000,0.001000,0.001000,0.001000
1023.057692,0.044299,0.001000,0.001000,0.001000,0.001000,0.001000
1023.076923,0.043762,0.001000,0.001000,0.001000,0.001000,0.001000
1023.096154,0.043202,0.001000,0.001000,0.001000,0.001000,0.001000
1023.115385,0.042620,0.001000,0.001000,0.001000,0.001000,0.001000
1023.134615,0.042017,0.001000,0.001000,0.001000,0.001000,0.001000
1023.153846,0.041391,0.001000,0.001000,0.001000,0.001000,0.001000
1023.173077,0.040745,0.001000,0.001000,0.001000,0.001000,0.001000
1023.192308,0.040077,0.001000,0.001000,0.001000,0.001000,0.001000
1023.211538,0.039389,0.001000,0.001000,0.001000,0.001000,0.001000
1023.230769,0.038681,0.001000,0.001000,0.001000,0.001000,0.001000
1023.250000,0.037952,0.001000,0.001000,0.001000,0.001000,0.001000
1023.269231,0.037205,0.001000,0.001000,0.001000,0.001000,0.001000
1023.288462,0.036438,0.001000,0.001000,0.001000,0.001000,0.001000
1023.307692,0.035652,0.001000,0.001000,0.001000,0.001000,0.001000
1023.326923,0.034848,0.001000,0.001000,0.001000,0.001000,0.001000
1023.346154,0.034026,0.001000,0.001000,0.001000,0.001000,0.001000
1023.365385,0.033187,0.001000,0.001000,0.001000,0.001000,0.001000
1023.384615,0.032331,0.001000,0.001000,0.001000,0.001000,0.001000
1023.403846,0.031458,0.001000,0.001000,0.001000,0.001000,0.001000
1023.423077,0.030568,0.001000,0.001000,0.001000,0.001000,0.001000
1023.442308,0.029663,0.001000,0.001000,0.001000,0.001000,0.001000
1023.461538,0.028743,0.001000,0.001000,0.001000,0.001000,0.001000
1023.480769,0.027808,0.001000,0.001000,0.001000,0.001000,0.001000
1023.500000,0.026859,0.001000,0.001000,0.001000,0.001000,0.001000
1023.519231,0.025896,0.001000,0.001000,0.001000,0.001000,0.001000
1023.538462,0.024920,0.001000,0.001000,0.001000,0.001000,0.001000
1023.557692,0.023931,0.001000,0.001000,0.001000,0.001000,0.001000
1023.576923,0.022929,0.001000,0.001000,0.001000,0.001000,0.001000
1023.596154,0.021916,0.001000,0.001000,0.001000,0.001000,0.001000
1023.615385,0.020891,0.001000,0.001000,0.001000,0.001000,0.001000
1023.634615,0.019856,0.001000,0.001000,0.001000,0.001000,0.001000
1023.653846,0.018811,0.001000,0.001000,0.001000,0.001000,0.001000
1023.673077,0.017755,0.001000,0.001000,0.001000,0.001000,0.001000
1023.692308,0.016691,0.001000,0.001000,0.001000,0.001000,0.001000
1023.711538,0.015618,0.001000,0.001000,0.001000,0.001000,0.001000
1023.730769,0.014537,0.001000,0.001000,0.001000,0.001000,0.001000
1023.750000,0.013449,0.001000,0.001000,0.001000,0.001000,0.001000
1023.769231,0.012354,0.001000,0.001000,0.001000,0.001000,0.001000
1023.788462,0.011252,0.001000,0.001000,0.001000,0.001000,0.001000
1023.807692,0.010145,0.001000,0.001000,0.001000,0.001000,0.001000
1023.826923,0.009032,0.001000,0.001000,0.001000,0.001000,0.001000
1023.846154,0.007915,0.001000,0.001000,0.001000,0.001000,0.001000
1023.865385,0.006794,0.001000,0.001000,0.001000,0.001000,0.001000
1023.884615,0.005669,0.001000,0.001000,0.001000,0.001000,0.001000
1023.903846,0.004541,0.001000,0.001000,0.001000,0.001000,0.001000
1023.923077,0.003411,0.001000,0.001000,0.001000,0.001000,0.001000
1023.942308,0.002279,0.001000,0.001000,0.001000,0.001000,0.001000
1023.961538,0.001146,0.001000,0.001000,0.001000,0.001000,0.001000
1023.980769,0.000013,0.001000,0.001000,0.001000,0.001000,0.001000
1024.000000,-0.001121,0.001000,0.001000,0.001000,0.001000,0.001000
1024.019231,-0.002254,0.001000,0.001000,0.001000,0.001000,0.001000
1024.038462,-0.003386,0.001000,0.001000,0.001000,0.001000,0.001000
1024.057692,-0.004516,0.001000,0.001000,0.001000,0.001000,0.001000
1024.076923,-0.005644,0.001000,0.001000,0.001000,0.001000,0.001000
1024.096154,-0.006769,0.001000,0.001000,0.001000,0.001000,0.001000
1024.115385,-0.007890,0.001000,0.001000,0.001000,0.001000,0.001000
1024.134615,-0.009007,0.001000,0.001000,0.001000,0.001000,0.001000
1024.153846,-0.010120,0.001000,0.001000,0.001000,0.001000,0.001000
1024.173077,-0.011228,0.001000,0.001000,0.001000,0.001000,0.001000
1024.192308,-0.012329,0.001000,0.001000,0.001000,0.001000,0.001000
1024.211538,-0.013425,0.001000,0.001000,0.001000,0.001000,0.001000
1024.230769,-0.014513,0.001000,0.001000,0.001000,0.001000,0.001000
1024.250000,-0.015594,0.001000,0.001000,0.001000,0.001000,0.001000
1024.269231,-0.016667,0.001000,0.001000,0.001000,0.001000,0.001000
1024.288462,-0.017732,0.001000,0.001000,0.001000,0.001000,0.001000
1024.307692,-0.018787,0.001000,0.001000,0.001000,0.001000,0.001000
1024.326923,-0.019833,0.001000,0.001000,0.001000,0.001000,0.001000
1024.346154,-0.020868,0.001000,0.001000,0.001000,0.001000,0.001000
1024.365385,-0.021893,0.001000,0.001000,0.001000,0.001000,0.001000
1024.384615,-0.022907,0.001000,0.001000,0.001000,0.001000,0.001000
1024.403846,-0.023908,0.001000,0.001000,0.001000,0.001000,0.001000
1024.423077,-0.024898,0.001000,0.001000,0.001000,0.001000,0.001000
1024.442308,-0.025875,0.001000,0.001000,0.001000,0.001000,0.001000
1024.461538,-0.026838,0.001000,0.001000,0.001000,0.001000,0.001000
1024.480769,-0.027787,0.001000,0.001000,0.001000,0.001000,0.001000
1024.500000,-0.028723,0.001000,0.001000,0.001000,0.001000,0.001000
1024.519231,-0.029643,0.001000,0.001000,0.001000,0.001000,0.001000
1024.538462,-0.030548,0.001000,0.001000,0.001000,0.001000,0.001000
1024.557692,-0.031438,0.001000,0.001000,0.001000,0.001000,0.001000
1024.576923,-0.032311,0.001000,0.001000,0.001000,0.001000,0.001000
1024.596154,-0.033168,0.001000,0.001000,0.001000,0.001000,0.001000
1024.615385,-0.034008,0.001000,0.001000,0.001000,0.001000,0.001000
1024.634615,-0.034830,0.001000,0.001000,0.001000,0.001000,0.001000
1024.653846,-0.035635,0.001000,0.001000,0.001000,0.001000,0.001000
1024.673077,-0.036421,0.001000,0.001000,0.001000,0.001000,0.001000
1024.692308,-0.037188,0.001000,0.001000,0.001000,0.001000,0.001000
1024.711538,-0.037936,0.001000,0.001000,0.001000,0.001000,0.001000
1024.730769,-0.038665,0.001000,0.001000,0.001000,0.001000,0.001000
1024.750000,-0.039374,0.001000,0.001000,0.001000,0.001000,0.001000
1024.769231,-0.040062,0.001000,0.001000,0.001000,0.001000,0.001000
1024.788462,-0.040730,0.001000,0.001000,0.001000,0.001000,0.001000
1024.807692,-0.041377,0.001000,0.001000,0.001000,0.001000,0.001000
1024.826923,-0.042003,0.001000,0.001000,0.001000,0.001000,0.001000
1024.846154,-0.042607,0.001000,0.001000,0.001000,0.001000,0.001000
1024.865385,-0.043189,0.001000,0.001000,0.001000,0.001000,0.001000
1024.884615,-0.043749,0.001000,0.001000,0.001000,0.001000,0.001000
1024.903846,-0.044287,0.001000,0.001000,0.001000,0.001000,0.001000
1024.923077,-0.044802,0.001000,0.001000,0.001000,0.001000,0.001000
1024.942308,-0.045294,0.001000,0.001000,0.001000,0.001000,0.001000
1024.961538,-0.045762,0.001000,0.001000,0.001000,0.001000,0.001000
1024.980769,-0.046207,0.001000,0.001000,0.001000,0.001000,0.001000
1025.000000,-0.046628,0.001000,0.001000,0.001000,0.001000,0.001000
1025.019231,-0.047025,0.001000,0.001000,0.001000,0.001000,0.001000
1025.038462,-0.047399,0.001000,0.001000,0.001000,0.001000,0.001000
1025.057692,-0.047747,0.001000,0.001000,0.001000,0.001000,0.001000
1025.076923,-0.048071,0.001000,0.001000,0.001000,0.001000,0.001000
1025.096154,-0.048371,0.001000,0.001000,0.001000,0.001000,0.001000
1025.115385,-0.048645,0.001000,0.001000,0.001000,0.001000,0.001000
1025.134615,-0.048895,0.001000,0.001000,0.001000,0.001000,0.001000
1025.153846,-0.049119,0.001000,0.001000,0.001000,0.001000,0.001000
1025.173077,-0.049319,0.001000,0.001000,0.001000,0.001000,0.001000
1025.192308,-0.049492,0.001000,0.001000,0.001000,0.001000,0.001000
1025.211538,-0.049641,0.001000,0.001000,0.001000,0.001000,0.001000
1025.230769,-0.049764,0.001000,0.001000,0.001000,0.001000,0.001000
1025.250000,-0.049861,0.001000,0.001000,0.001000,0.001000,0.001000
1025.269231,-0.049933,0.001000,0.001000,0.001000,0.001000,0.001000
1025.288462,-0.049979,0.001000,0.001000,0.001000,0.001000,0.001000
1025.307692,-0.049999,0.001000,0.001000,0.001000,0.001000,0.001000
1025.326923,-0.049994,0.001000,0.001000,0.001000,0.001000,0.001000
1025.346154,-0.049962,0.001000,0.001000,0.001000,0.001000,0.001000
1025.365385,-0.049906,0.001000,0.001000,0.001000,0.001000,0.001000
1025.384615,-0.049823,0.001000,0.001000,0.001000,0.001000,0.001000
1025.403846,-0.049715,0.001000,0.001000,0.001000,0.001000,0.001000
1025.423077,-0.049581,0.001000,0.001000,0.001000,0.001000,0.001000
1025.442308,-0.049422,0.001000,0.001000,0.001000,0.001000,0.001000
1025.461538,-0.049238,0.001000,0.001000,0.001000,0.001000,0.001000
1025.480769,-0.049028,0.001000,0.001000,0.001000,0.001000,0.001000
1025.500000,-0.048793,0.001000,0.001000,0.001000,0.001000,0.001000
1025.519231,-0.048533,0.001000,0.001000,0.001000,0.001000,0.001000
1025.538462,-0.048248,0.001000,0.001000,0.001000,0.001000,0.001000
1025.557692,-0.047938,0.001000,0.001000,0.001000,0.001000,0.001000
1025.576923,-0.047603,0.001000,0.001000,0.001000,0.001000,0.001000
1025.596154,-0.047244,0.001000,0.001000,0.001000,0.001000,0.001000
1025.615385,-0.046861,0.001000,0.001000,0.001000,0.001000,0.001000
1025.634615,-0.046454,0.001000,0.001000,0.001000,0.001000,0.001000
1025.653846,-0.046023,0.001000,0.001000,0.001000,0.001000,0.001000
1025.673077,-0.045568,0.001000,0.001000,0.001000,0.001000,0.001000
1025.692308,-0.045089,0.001000,0.001000,0.001000,0.001000,0.001000
1025.711538,-0.044588,0.001000,0.001000,0.001000,0.001000,0.001000
1025.730769,-0.044063,0.001000,0.001000,0.001000,0.001000,0.001000
1025.750000,-0.043516,0.001000,0.001000,0.001000,0.001000,0.001000
1025.769231,-0.042947,0.001000,0.001000,0.001000,0.001000,0.001000
1025.788462,-0.042355,0.001000,0.001000,0.001000,0.001000,0.001000
1025.807692,-0.041742,0.001000,0.001000,0.001000,0.001000,0.001000
1025.826923,-0.041107,0.001000,0.001000,0.001000,0.001000,0.001000
1025.846154,-0.040451,0.001000,0.001000,0.001000,0.001000,0.001000
1025.865385,-0.039775,0.001000,0.001000,0.001000,0.001000,0.001000
1025.884615,-0.039078,0.001000,0.001000,0.001000,0.001000,0.001000
1025.903846,-0.038360,0.001000,0.001000,0.001000,0.001000,0.001000
1025.923077,-0.037623,0.001000,0.001000,0.001000,0.001000,0.001000
1025.942308,-0.036867,0.001000,0.001000,0.001000,0.001000,0.001000
1025.961538,-0.036092,0.001000,0.001000,0.001000,0.001000,0.001000
1025.980769,-0.035298,0.001000,0.001000,0.001000,0.001000,0.001000
1026.000000,-0.034486,0.001000,0.001000,0.001000,0.001000,0.001000
1026.019231,-0.033657,0.001000,0.001000,0.001000,0.001000,0.001000
1026.038462,-0.032810,0.001000,0.001000,0.001000,0.001000,0.001000
1026.057692,-0.031946,0.001000,0.001000,0.001000,0.001000,0.001000
1026.076923,-0.031065,0.001000,0.001000,0.001000,0.001000,0.001000
1026.096154,-0.030169,0.001000,0.001000,0.001000,0.001000,0.001000
1026.115385,-0.029258,0.001000,0.001000,0.001000,0.001000,0.001000
1026.134615,-0.028331,0.001000,0.001000,0.001000,0.001000,0.001000
1026.153846,-0.027389,0.001000,0.001000,0.001000,0.001000,0.001000
1026.173077,-0.026434,0.001000,0.001000,0.001000,0.001000,0.001000
1026.192308,-0.025465,0.001000,0.001000,0.001000,0.001000,0.001000
1026.211538,-0.024483,0.001000,0.001000,0.001000,0.001000,0.001000
1026.230769,-0.023488,0.001000,0.001000,0.001000,0.001000,0.001000
1026.250000,-0.022481,0.001000,0.001000,0.001000,0.001000,0.001000
1026.269231,-0.021463,0.001000,0.001000,0.001000,0.001000,0.001000
1026.288462,-0.020434,0.001000,0.001000,0.001000,0.001000,0.001000
1026.307692,-0.019394,0.001000,0.001000,0.001000,0.001000,0.001000
1026.326923,-0.018344,0.001000,0.001000,0.001000,0.001000,0.001000
1026.346154,-0.017285,0.001000,0.001000,0.001000,0.001000,0.001000
1026.365385,-0.016217,0.001000,0.001000,0.001000,0.001000,0.001000
1026.384615,-0.015140,0.001000,0.001000,0.001000,0.001000,0.001000
1026.403846,-0.014056,0.001000,0.001000,0.001000,0.001000,0.001000
1026.423077,-0.012964,0.001000,0.001000,0.001000,0.001000,0.001000
1026.442308,-0.011866,0.001000,0.001000,0.001000,0.001000,0.001000
1026.461538,-0.010762,0.001000,0.001000,0.001000,0.001000,0.001000
1026.480769,-0.009652,0.001000,0.001000,0.001000,0.001000,0.001000
1026.500000,-0.008538,0.001000,0.001000,0.001000,0.001000,0.001000
1026.519231,-0.007418,0.001000,0.001000,0.001000,0.001000,0.001000
1026.538462,-0.006295,0.001000,0.001000,0.001000,0.001000,0.001000
1026.557692,-0.005169,0.001000,0.001000,0.001000,0.001000,0.001000
1026.576923,-0.004040,0.001000,0.001000,0.001000,0.001000,0.001000
1026.596154,-0.002910,0.001000,0.001000,0.001000,0.001000,0.001000
1026.615385,-0.001777,0.001000,0.001000,0.001000,0.001000,0.001000
1026.634615,-0.000644,0.001000,0.001000,0.001000,0.001000,0.001000
1026.653846,0.000490,0.001000,0.001000,0.001000,0.001000,0.001000
1026.673077,0.001623,0.001000,0.001000,0.001000,0.001000,0.001000
1026.692308,0.002756,0.001000,0.001000,0.001000,0.001000,0.001000
1026.711538,0.003887,0.001000,0.001000,0.001000,0.001000,0.001000
1026.730769,0.005016,0.001000,0.001000,0.001000,0.001000,0.001000
1026.750000,0.006143,0.001000,0.001000,0.001000,0.001000,0.001000
1026.769231,0.007266,0.001000,0.001000,0.001000,0.001000,0.001000
1026.788462,0.008386,0.001000,0.001000,0.001000,0.001000,0.001000
1026.807692,0.009501,0.001000,0.001000,0.001000,0.001000,0.001000
1026.826923,0.010612,0.001000,0.001000,0.001000,0.001000,0.001000
1026.846154,0.011717,0.001000,0.001000,0.001000,0.001000,0.001000
1026.865385,0.012816,0.001000,0.001000,0.001000,0.001000,0.001000
1026.884615,0.013908,0.001000,0.001000,0.001000,0.001000,0.001000
1026.903846,0.014993,0.001000,0.001000,0.001000,0.001000,0.001000
1026.923077,0.016071,0.001000,0.001000,0.001000,0.001000,0.001000
1026.942308,0.017140,0.001000,0.001000,0.001000,0.001000,0.001000
1026.961538,0.018201,0.001000,0.001000,0.001000,0.001000,0.001000
1026.980769,0.019252,0.001000,0.001000,0.001000,0.001000,0.001000
1027.000000,0.020293,0.001000,0.001000,0.001000,0.001000,0.001000
1027.019231,0.021324,0.001000,0.001000,0.001000,0.001000,0.001000
1027.038462,0.022344,0.001000,0.001000,0.001000,0.001000,0.001000
1027.057692,0.023352,0.001000,0.001000,0.001000,0.001000,0.001000
1027.076923,0.024349,0.001000,0.001000,0.001000,0.001000,0.001000
1027.096154,0.025332,0.001000,0.001000,0.001000,0.001000,0.001000
1027.115385,0.026303,0.001000,0.001000,0.001000,0.001000,0.001000
1027.134615,0.027261,0.001000,0.001000,0.001000,0.001000,0.001000
1027.153846,0.028204,0.001000,0.001000,0.001000,0.001000,0.001000
1027.173077,0.029133,0.001000,0.001000,0.001000,0.001000,0.001000
1027.192308,0.030046,0.001000,0.001000,0.001000,0.001000,0.001000
1027.211538,0.030945,0.001000,0.001000,0.001000,0.001000,0.001000
1027.230769,0.031827,0.001000,0.001000,0.001000,0.001000,0.001000
1027.250000,0.032693,0.001000,0.001000,0.001000,0.001000,0.001000
1027.269231,0.033543,0.001000,0.001000,0.001000,0.001000,0.001000
1027.288462,0.034375,0.001000,0.001000,0.001000,0.001000,0.001000
1027.307692,0.035189,0.001000,0.001000,0.001000,0.001000,0.001000
1027.326923,0.035985,0.001000,0.001000,0.001000,0.001000,0.001000
1027.346154,0.036763,0.001000,0.001000,0.001000,0.001000,0.001000
1027.365385,0.037522,0.001000,0.001000,0.001000,0.001000,0.001000
1027.384615,0.038261,0.001000,0.001000,0.001000,0.001000,0.001000
1027.403846,0.038981,0.001000,0.001000,0.001000,0.001000,0.001000
1027.423077,0.039681,0.001000,0.001000,0.001000,0.001000,0.001000
1027.442308,0.040361,0.001000,0.001000,0.001000,0.001000,0.001000
1027.461538,0.041019,0.001000,0.001000,0.001000,0.001000,0.001000
1027.480769,0.041657,0.001000,0.001000,0.001000,0.001000,0.001000
1027.500000,0.042273,0.001000,0.001000,0.001000,0.001000,0.001000
1027.519231,0.042868,0.001000,0.001000,0.001000,0.001000,0.001000
1027.538462,0.043440,0.001000,0.001000,0.001000,0.001000,0.001000
1027.557692,0.043990,0.001000,0.001000,0.001000,0.001000,0.001000
1027.576923,0.044518,0.001000,0.001000,0.001000,0.001000,0.001000
1027.596154,0.045023,0.001000,0.001000,0.001000,0.001000,0.001000
1027.615385,0.045504,0.001000,0.001000,0.001000,0.001000,0.001000
1027.634615,0.045962,0.001000,0.001000,0.001000,0.001000,0.001000
1027.653846,0.046397,0.001000,0.001000,0.001000,0.001000,0.001000
1027.673077,0.046807,0.001000,0.001000,0.001000,0.001000,0.001000
1027.692308,0.047194,0.001000,0.001000,0.001000,0.001000,0.001000
1027.711538,0.047556,0.001000,0.001000,0.001000,0.001000,0.001000
1027.730769,0.047894,0.001000,0.001000,0.001000,0.001000,0.001000
1027.750000,0.048207,0.001000,0.001000,0.001000,0.001000,0.001000
1027.769231,0.048496,0.001000,0.001000,0.001000,0.001000,0.001000
1027.788462,0.048759,0.001000,0.001000,0.001000,0.001000,0.001000
1027.807692,0.048998,0.001000,0.001000,0.001000,0.001000,0.001000
1027.826923,0.049211,0.001000,0.001000,0.001000,0.001000,0.001000
1027.846154,0.049399,0.001000,0.001000,0.001000,0.001000,0.001000
1027.865385,0.049561,0.001000,0.001000,0.001000,0.001000,0.001000
1027.884615,0.049698,0.001000,0.001000,0.001000,0.001000,0.001000
1027.903846,0.049810,0.001000,0.001000,0.001000,0.001000,0.001000
1027.923077,0.049896,0.001000,0.001000,0.001000,0.001000,0.001000
1027.942308,0.049956,0.001000,0.001000,0.001000,0.001000,0.001000
1027.961538,0.049991,0.001000,0.001000,0.001000,0.001000,0.001000
1027.980769,0.050000,0.001000,0.001000,0.001000,0.001000,0.001000
1028.000000,0.049983,0.001000,0.001000,0.001000,0.001000,0.001000
1028.019231,0.049940,0.001000,0.001000,0.001000,0.001000,0.001000
1028.038462,0.049872,0.001000,0.001000,0.001000,0.001000,0.001000
1028.057692,0.049778,0.001000,0.001000,0.001000,0.001000,0.001000
1028.076923,0.049659,0.001000,0.001000,0.001000,0.001000,0.001000
1028.096154,0.049514,0.001000,0.001000,0.001000,0.001000,0.001000
1028.115385,0.049344,0.001000,0.001000,0.001000,0.001000,0.001000
1028.134615,0.049148,0.001000,0.001000,0.001000,0.001000,0.001000
1028.153846,0.048927,0.001000,0.001000,0.001000,0.001000,0.001000
1028.173077,0.048681,0.001000,0.001000,0.001000,0.001000,0.001000
1028.192308,0.048410,0.001000,0.001000,0.001000,0.001000,0.001000
1028.211538,0.048114,0.001000,0.001000,0.001000,0.001000,0.001000
1028.230769,0.047793,0.001000,0.001000,0.001000,0.001000,0.001000
1028.250000,0.047447,0.001000,0.001000,0.001000,0.001000,0.001000
1028.269231,0.047078,0.001000,0.001000,0.001000,0.001000,0.001000
1028.288462,0.046684,0.001000,0.001000,0.001000,0.001000,0.001000
1028.307692,0.046266,0.001000,0.001000,0.001000,0.001000,0.001000
1028.326923,0.045824,0.001000,0.001000,0.001000,0.001000,0.001000
1028.346154,0.045359,0.001000,0.001000,0.001000,0.001000,0.001000
1028.365385,0.044870,0.001000,0.001000,0.001000,0.001000,0.001000
1028.384615,0.044358,0.001000,0.001000,0.001000,0.001000,0.001000
1028.403846,0.043824,0.001000,0.001000,0.001000,0.001000,0.001000
1028.423077,0.043267,0.001000,0.001000,0.001000,0.001000,0.001000
1028.442308,0.042687,0.001000,0.001000,0.001000,0.001000,0.001000
1028.461538,0.042086,0.001000,0.001000,0.001000,0.001000,0.001000
1028.480769,0.041463,0.001000,0.001000,0.001000,0.001000,0.001000
1028.500000,0.040819,0.001000,0.001000,0.001000,0.001000,0.001000
1028.519231,0.040154,0.001000,0.001000,0.001000,0.001000,0.001000
1028.538462,0.039468,0.001000,0.001000,0.001000,0.001000,0.001000
1028.557692,0.038762,0.001000,0.001000,0.001000,0.001000,0.001000
1028.576923,0.038036,0.001000,0.001000,0.001000,0.001000,0.001000
1028.596154,0.037291,0.001000,0.001000,0.001000,0.001000,0.001000
1028.615385,0.036526,0.001000,0.001000,0.001000,0.001000,0.001000
1028.634615,0.035742,0.001000,0.001000,0.001000,0.001000,0.001000
1028.653846,0.034940,0.001000,0.001000,0.001000,0.001000,0.001000
1028.673077,0.034121,0.001000,0.001000,0.001000,0.001000,0.001000
1028.692308,0.033283,0.001000,0.001000,0.001000,0.001000,0.001000
1028.711538,0.032429,0.001000,0.001000,0.001000,0.001000,0.001000
1028.730769,0.031558,0.001000,0.001000,0.001000,0.001000,0.001000
1028.750000,0.030670,0.001000,0.001000,0.001000,0.001000,0.001000
1028.769231,0.029767,0.001000,0.001000,0.001000,0.001000,0.001000
1028.788462,0.028849,0.001000,0.001000,0.001000,0.001000,0.001000
1028.807692,0.027915,0.001000,0.001000,0.001000,0.001000,0.001000
1028.826923,0.026968,0.001000,0.001000,0.001000,0.001000,0.001000
1028.846154,0.026006,0.001000,0.001000,0.001000,0.001000,0.001000
1028.865385,0.025031,0.001000,0.001000,0.001000,0.001000,0.001000
1028.884615,0.024044,0.001000,0.001000,0.001000,0.001000,0.001000
1028.903846,0.023043,0.001000,0.001000,0.001000,0.001000,0.001000
1028.923077,0.022032,0.001000,0.001000,0.001000,0.001000,0.001000
1028.942308,0.021008,0.001000,0.001000,0.001000,0.001000,0.001000
1028.961538,0.019974,0.001000,0.001000,0.001000,0.001000,0.001000
1028.980769,0.018930,0.001000,0.001000,0.001000,0.001000,0.001000
1029.000000,0.017876,0.001000,0.001000,0.001000,0.001000,0.001000
1029.019231,0.016812,0.001000,0.001000,0.001000,0.001000,0.001000
1029.038462,0.015741,0.001000,0.001000,0.001000,0.001000,0.001000
1029.057692,0.014661,0.001000,0.001000,0.001000,0.001000,0.001000
1029.076923,0.013573,0.001000,0.001000,0.001000,0.001000,0.001000
1029.096154,0.012479,0.001000,0.001000,0.001000,0.001000,0.001000
1029.115385,0.011378,0.001000,0.001000,0.001000,0.001000,0.001000
1029.134615,0.010271,0.001000,0.001000,0.001000,0.001000,0.001000
1029.153846,0.009159,0.001000,0.001000,0.001000,0.001000,0.001000
1029.173077,0.008042,0.001000,0.001000,0.001000,0.001000,0.001000
1029.192308,0.006921,0.001000,0.001000,0.001000,0.001000,0.001000
1029.211538,0.005797,0.001000,0.001000,0.001000,0.001000,0.001000
1029.230769,0.004669,0.001000,0.001000,0.001000,0.001000,0.001000
1029.250000,0.003539,0.001000,0.001000,0.001000,0.001000,0.001000
1029.269231,0.002408,0.001000,0.001000,0.001000,0.001000,0.001000
1029.288462,0.001275,0.001000,0.001000,0.001000,0.001000,0.001000
1029.307692,0.000141,0.001000,0.001000,0.001000,0.001000,0.001000
1029.326923,-0.000992,0.001000,0.001000,0.001000,0.001000,0.001000
1029.346154,-0.002125,0.001000,0.001000,0.001000,0.001000,0.001000
1029.365385,-0.003257,0.001000,0.001000,0.001000,0.001000,0.001000
1029.384615,-0.004388,0.001000,0.001000,0.001000,0.001000,0.001000
1029.403846,-0.005516,0.001000,0.001000,0.001000,0.001000,0.001000
1029.423077,-0.006641,0.001000,0.001000,0.001000,0.001000,0.001000
1029.442308,-0.007763,0.001000,0.001000,0.001000,0.001000,0.001000
1029.461538,-0.008881,0.001000,0.001000,0.001000,0.001000,0.001000
1029.480769,-0.009994,0.001000,0.001000,0.001000,0.001000,0.001000
1029.500000,-0.011102,0.001000,0.001000,0.001000,0.001000,0.001000
1029.519231,-0.012205,0.001000,0.001000,0.001000,0.001000,0.001000
1029.538462,-0.013301,0.001000,0.001000,0.001000,0.001000,0.001000
1029.557692,-0.014390,0.001000,0.001000,0.001000,0.001000,0.001000
1029.576923,-0.015472,0.001000,0.001000,0.001000,0.001000,0.001000
1029.596154,-0.016546,0.001000,0.001000,0.001000,0.001000,0.001000
1029.615385,-0.017611,0.001000,0.001000,0.001000,0.001000,0.001000
1029.634615,-0.018668,0.001000,0.001000,0.001000,0.001000,0.001000
1029.653846,-0.019715,0.001000,0.001000,0.001000,0.001000,0.001000
1029.673077,-0.020751,0.001000,0.001000,0.001000,0.001000,0.001000
1029.692308,-0.021777,0.001000,0.001000,0.001000,0.001000,0.001000
1029.711538,-0.022792,0.001000,0.001000,0.001000,0.001000,0.001000
1029.730769,-0.023795,0.001000,0.001000,0.001000,0.001000,0.001000
1029.750000,-0.024786,0.001000,0.001000,0.001000,0.001000,0.001000
1029.769231,-0.025764,0.001000,0.001000,0.001000,0.001000,0.001000
1029.788462,-0.026729,0.001000,0.001000,0.001000,0.001000,0.001000
1029.807692,-0.027680,0.001000,0.001000,0.001000,0.001000,0.001000
1029.826923,-0.028617,0.001000,0.001000,0.001000,0.001000,0.001000
1029.846154,-0.029539,0.001000,0.001000,0.001000,0.001000,0.001000
1029.865385,-0.030446,0.001000,0.001000,0.001000,0.001000,0.001000
1029.884615,-0.031338,0.001000,0.001000,0.001000,0.001000,0.001000
1029.903846,-0.032213,0.001000,0.001000,0.001000,0.001000,0.001000
1029.923077,-0.033072,0.001000,0.001000,0.001000,0.001000,0.001000
1029.942308,-0.033913,0.001000,0.001000,0.001000,0.001000,0.001000
1029.961538,-0.034738,0.001000,0.001000,0.001000,0.001000,0.001000
1029.980769,-0.035544,0.001000,0.001000,0.001000,0.001000,0.001000
1030.000000,0.000000,0.001000,0.001000,0.001000,0.001000,0.001000
1030.019231,0.001112,0.001000,0.001000,0.001000,0.001000,0.001000
1030.038462,0.002223,0.001000,0.001000,0.001000,0.001000,0.001000
1030.057692,0.003334,0.001000,0.001000,0.001000,0.001000,0.001000
1030.076923,0.004442,0.001000,0.001000,0.001000,0.001000,0.001000
1030.096154,0.005549,0.001000,0.001000,0.001000,0.001000,0.001000
1030.115385,0.006652,0.001000,0.001000,0.001000,0.001000,0.001000
1030.134615,0.007753,0.001000,0.001000,0.001000,0.001000,0.001000
1030.153846,0.008849,0.001000,0.001000,0.001000,0.001000,0.001000
1030.173077,0.009941,0.001000,0.001000,0.001000,0.001000,0.001000
1030.192308,0.011029,0.001000,0.001000,0.001000,0.001000,0.001000
1030.211538,0.012111,0.001000,0.001000,0.001000,0.001000,0.001000
1030.230769,0.013186,0.001000,0.001000,0.001000,0.001000,0.001000
1030.250000,0.014256,0.001000,0.001000,0.001000,0.001000,0.001000
1030.269231,0.015318,0.001000,0.001000,0.001000,0.001000,0.001000
1030.288462,0.016373,0.001000,0.001000,0.001000,0.001000,0.001000
1030.307692,0.017419,0.001000,0.001000,0.001000,0.001000,0.001000
1030.326923,0.018457,0.001000,0.001000,0.001000,0.001000,0.001000
1030.346154,0.019486,0.001000,0.001000,0.001000,0.001000,0.001000
1030.365385,0.020505,0.001000,0.001000,0.001000,0.001000,0.001000
1030.384615,0.021514,0.001000,0.001000,0.001000,0.001000,0.001000
1030.403846,0.022513,0.001000,0.001000,0.001000,0.001000,0.001000
1030.423077,0.023500,0.001000,0.001000,0.001000,0.001000,0.001000
1030.442308,0.024476,0.001000,0.001000,0.001000,0.001000,0.001000
1030.461538,0.025439,0.001000,0.001000,0.001000,0.001000,0.001000
1030.480769,0.026390,0.001000,0.001000,0.001000,0.001000,0.001000
1030.500000,0.027328,0.001000,0.001000,0.001000,0.001000,0.001000
1030.519231,0.028252,0.001000,0.001000,0.001000,0.001000,0.001000
1030.538462,0.029163,0.001000,0.001000,0.001000,0.001000,0.001000
1030.557692,0.030059,0.001000,0.001000,0.001000,0.001000,0.001000
1030.576923,0.030940,0.001000,0.001000,0.001000,0.001000,0.001000
1030.596154,0.031806,0.001000,0.001000,0.001000,0.001000,0.001000
1030.615385,0.032656,0.001000,0.001000,0.001000,0.001000,0.001000
1030.634615,0.033490,0.001000,0.001000,0.001000,0.001000,0.001000
1030.653846,0.034307,0.001000,0.001000,0.001000,0.001000,0.001000
1030.673077,0.035108,0.001000,0.001000,0.001000,0.001000,0.001000
1030.692308,0.035891,0.001000,0.001000,0.001000,0.001000,0.001000
1030.711538,0.036656,0.001000,0.001000,0.001000,0.001000,0.001000
1030.730769,0.037403,0.001000,0.001000,0.001000,0.001000,0.001000
1030.750000,0.038132,0.001000,0.001000,0.001000,0.001000,0.001000
1030.769231,0.038842,0.001000,0.001000,0.001000,0.001000,0.001000
1030.788462,0.039532,0.001000,0.001000,0.001000,0.001000,0.001000
1030.807692,0.040203,0.001000,0.001000,0.001000,0.001000,0.001000
1030.826923,0.040854,0.001000,0.001000,0.001000,0.001000,0.001000
1030.846154,0.041485,0.001000,0.001000,0.001000,0.001000,0.001000
1030.865385,0.042096,0.001000,0.001000,0.001000,0.001000,0.001000
1030.884615,0.042685,0.001000,0.001000,0.001000,0.001000,0.001000
1030.903846,0.043254,0.001000,0.001000,0.001000,0.001000,0.001000
1030.923077,0.043801,0.001000,0.001000,0.001000,0.001000,0.001000
1030.942308,0.044326,0.001000,0.001000,0.001000,0.001000,0.001000
1030.961538,0.044830,0.001000,0.001000,0.001000,0.001000,0.001000
1030.980769,0.045311,0.001000,0.001000,0.001000,0.001000,0.001000
1031.000000,0.045770,0.001000,0.001000,0.001000,0.001000,0.001000
1031.019231,0.046206,0.001000,0.001000,0.001000,0.001000,0.001000
1031.038462,0.046620,0.001000,0.001000,0.001000,0.001000,0.001000
1031.057692,0.047010,0.001000,0.001000,0.001000,0.001000,0.001000
1031.076923,0.047377,0.001000,0.001000,0.001000,0.001000,0.001000
1031.096154,0.047721,0.001000,0.001000,0.001000,0.001000,0.001000
1031.115385,0.048041,0.001000,0.001000,0.001000,0.001000,0.001000
1031.134615,0.048337,0.001000,0.001000,0.001000,0.001000,0.001000
1031.153846,0.048610,0.001000,0.001000,0.001000,0.001000,0.001000
1031.173077,0.048858,0.001000,0.001000,0.001000,0.001000,0.001000
1031.192308,0.049082,0.001000,0.001000,0.001000,0.001000,0.001000
1031.211538,0.049282,0.001000,0.001000,0.001000,0.001000,0.001000
1031.230769,0.049458,0.001000,0.001000,0.001000,0.001000,0.001000
1031.250000,0.049609,0.001000,0.001000,0.001000,0.001000,0.001000
1031.269231,0.049735,0.001000,0.001000,0.001000,0.001000,0.001000
1031.288462,0.049837,0.001000,0.001000,0.001000,0.001000,0.001000
1031.307692,0.049915,0.001000,0.001000,0.001000,0.001000,0.001000
1031.326923,0.049967,0.001000,0.001000,0.001000,0.001000,0.001000
1031.346154,0.049995,0.001000,0.001000,0.001000,0.001000,0.001000
1031.365385,0.049998,0.001000,0.001000,0.001000,0.001000,0.001000
1031.384615,0.049977,0.001000,0.001000,0.001000,0.001000,0.001000
1031.403846,0.049930,0.001000,0.001000,0.001000,0.001000,0.001000
1031.423077,0.049859,0.001000,0.001000,0.001000,0.001000,0.001000
1031.442308,0.049764,0.001000,0.001000,0.001000,0.001000,0.001000
1031.461538,0.049644,0.001000,0.001000,0.001000,0.001000,0.001000
1031.480769,0.049499,0.001000,0.001000,0.001000,0.001000,0.001000
1031.500000,0.049329,0.001000,0.001000,0.001000,0.001000,0.001000
1031.519231,0.049136,0.001000,0.001000,0.001000,0.001000,0.001000
1031.538462,0.048918,0.001000,0.001000,0.001000,0.001000,0.001000
1031.557692,0.048676,0.001000,0.001000,0.001000,0.001000,0.001000
1031.576923,0.048409,0.001000,0.001000,0.001000,0.001000,0.001000
1031.596154,0.048119,0.001000,0.001000,0.001000,0.001000,0.001000
1031.615385,0.047805,0.001000,0.001000,0.001000,0.001000,0.001000
1031.634615,0.047467,0.001000,0.001000,0.001000,0.001000,0.001000
1031.653846,0.047106,0.001000,0.001000,0.001000,0.001000,0.001000
1031.673077,0.046722,0.001000,0.001000,0.001000,0.001000,0.001000
1031.692308,0.046314,0.001000,0.001000,0.001000,0.001000,0.001000
1031.711538,0.045884,0.001000,0.001000,0.001000,0.001000,0.001000
1031.730769,0.045431,0.001000,0.001000,0.001000,0.001000,0.001000
1031.750000,0.044955,0.001000,0.001000,0.001000,0.001000,0.001000
1031.769231,0.044457,0.001000,0.001000,0.001000,0.001000,0.001000
1031.788462,0.043937,0.001000,0.001000,0.001000,0.001000,0.001000
1031.807692,0.043396,0.001000,0.001000,0.001000,0.001000,0.001000
1031.826923,0.042833,0.001000,0.001000,0.001000,0.001000,0.001000
1031.846154,0.042249,0.001000,0.001000,0.001000,0.001000,0.001000
1031.865385,0.041643,0.001000,0.001000,0.001000,0.001000,0.001000
1031.884615,0.041018,0.001000,0.001000,0.001000,0.001000,0.001000
1031.903846,0.040372,0.001000,0.001000,0.001000,0.001000,0.001000
1031.923077,0.039706,0.001000,0.001000,0.001000,0.001000,0.001000
1031.942308,0.039020,0.001000,0.001000,0.001000,0.001000,0.001000
1031.961538,0.038315,0.001000,0.001000,0.001000,0.001000,0.001000
1031.980769,0.037591,0.001000,0.001000,0.001000,0.001000,0.001000
1032.000000,0.036849,0.001000,0.001000,0.001000,0.001000,0.001000
1032.019231,0.036088,0.001000,0.001000,0.001000,0.001000,0.001000
1032.038462,0.035310,0.001000,0.001000,0.001000,0.001000,0.001000
1032.057692,0.034514,0.001000,0.001000,0.001000,0.001000,0.001000
1032.076923,0.033701,0.001000,0.001000,0.001000,0.001000,0.001000
1032.096154,0.032871,0.001000,0.001000,0.001000,0.001000,0.001000
1032.115385,0.032025,0.001000,0.001000,0.001000,0.001000,0.001000
1032.134615,0.031163,0.001000,0.001000,0.001000,0.001000,0.001000
1032.153846,0.030286,0.001000,0.001000,0.001000,0.001000,0.001000
1032.173077,0.029394,0.001000,0.001000,0.001000,0.001000,0.001000
1032.192308,0.028487,0.001000,0.001000,0.001000,0.001000,0.001000
1032.211538,0.027566,0.001000,0.001000,0.001000,0.001000,0.001000
1032.230769,0.026631,0.001000,0.001000,0.001000,0.001000,0.001000
1032.250000,0.025684,0.001000,0.001000,0.001000,0.001000,0.001000
1032.269231,0.024723,0.001000,0.001000,0.001000,0.001000,0.001000
1032.288462,0.023751,0.001000,0.001000,0.001000,0.001000,0.001000
1032.307692,0.022766,0.001000,0.001000,0.001000,0.001000,0.001000
1032.326923,0.021771,0.001000,0.001000,0.001000,0.001000,0.001000
1032.346154,0.020764,0.001000,0.001000,0.001000,0.001000,0.001000
1032.365385,0.019748,0.001000,0.001000,0.001000,0.001000,0.001000
1032.384615,0.018721,0.001000,0.001000,0.001000,0.001000,0.001000
1032.403846,0.017686,0.001000,0.001000,0.001000,0.001000,0.001000
1032.423077,0.016641,0.001000,0.001000,0.001000,0.001000,0.001000
1032.442308,0.015589,0.001000,0.001000,0.001000,0.001000,0.001000
1032.461538,0.014528,0.001000,0.001000,0.001000,0.001000,0.001000
1032.480769,0.013461,0.001000,0.001000,0.001000,0.001000,0.001000
1032.500000,0.012386,0.001000,0.001000,0.001000,0.001000,0.001000
1032.519231,0.011306,0.001000,0.001000,0.001000,0.001000,0.001000
1032.538462,0.010220,0.001000,0.001000,0.001000,0.001000,0.001000
1032.557692,0.009129,0.001000,0.001000,0.001000,0.001000,0.001000
1032.576923,0.008034,0.001000,0.001000,0.001000,0.001000,0.001000
1032.596154,0.006934,0.001000,0.001000,0.001000,0.001000,0.001000
1032.615385,0.005831,0.001000,0.001000,0.001000,0.001000,0.001000
1032.634615,0.004726,0.001000,0.001000,0.001000,0.001000,0.001000
1032.653846,0.003617,0.001000,0.001000,0.001000,0.001000,0.001000
1032.673077,0.002508,0.001000,0.001000,0.001000,0.001000,0.001000
1032.692308,0.001396,0.001000,0.001000,0.001000,0.001000,0.001000
1032.711538,0.000285,0.001000,0.001000,0.001000,0.001000,0.001000
1032.730769,-0.000827,0.001000,0.001000,0.001000,0.001000,0.001000
1032.750000,-0.001939,0.001000,0.001000,0.001000,0.001000,0.001000
1032.769231,-0.003050,0.001000,0.001000,0.001000,0.001000,0.001000
1032.788462,-0.004159,0.001000,0.001000,0.001000,0.001000,0.001000
1032.807692,-0.005266,0.001000,0.001000,0.001000,0.001000,0.001000
1032.826923,-0.006370,0.001000,0.001000,0.001000,0.001000,0.001000
1032.846154,-0.007471,0.001000,0.001000,0.001000,0.001000,0.001000
1032.865385,-0.008569,0.001000,0.001000,0.001000,0.001000,0.001000
1032.884615,-0.009662,0.001000,0.001000,0.001000,0.001000,0.001000
1032.903846,-0.010751,0.001000,0.001000,0.001000,0.001000,0.001000
1032.923077,-0.011834,0.001000,0.001000,0.001000,0.001000,0.001000
1032.942308,-0.012912,0.001000,0.001000,0.001000,0.001000,0.001000
1032.961538,-0.013983,0.001000,0.001000,0.001000,0.001000,0.001000
1032.980769,-0.015047,0.001000,0.001000,0.001000,0.001000,0.001000
1033.000000,-0.016103,0.001000,0.001000,0.001000,0.001000,0.001000
1033.019231,-0.017152,0.001000,0.001000,0.001000,0.001000,0.001000
1033.038462,-0.018192,0.001000,0.001000,0.001000,0.001000,0.001000
1033.057692,-0.019224,0.001000,0.001000,0.001000,0.001000,0.001000
1033.076923,-0.020245,0.001000,0.001000,0.001000,0.001000,0.001000
1033.096154,-0.021257,0.001000,0.001000,0.001000,0.001000,0.001000
1033.115385,-0.022258,0.001000,0.001000,0.001000,0.001000,0.001000
1033.134615,-0.023248,0.001000,0.001000,0.001000,0.001000,0.001000
1033.153846,-0.024227,0.001000,0.001000,0.001000,0.001000,0.001000
1033.173077,-0.025194,0.001000,0.001000,0.001000,0.001000,0.001000
1033.192308,-0.026148,0.001000,0.001000,0.001000,0.001000,0.001000
1033.211538,-0.027089,0.001000,0.001000,0.001000,0.001000,0.001000
1033.230769,-0.028017,0.001000,0.001000,0.001000,0.001000,0.001000
1033.250000,-0.028931,0.001000,0.001000,0.001000,0.001000,0.001000
1033.269231,-0.029831,0.001000,0.001000,0.001000,0.001000,0.001000
1033.288462,-0.030716,0.001000,0.001000,0.001000,0.001000,0.001000
1033.307692,-0.031586,0.001000,0.001000,0.001000,0.001000,0.001000
1033.326923,-0.032440,0.001000,0.001000,0.001000,0.001000,0.001000
1033.346154,-0.033278,0.001000,0.001000,0.001000,0.001000,0.001000
1033.365385,-0.034100,0.001000,0.001000,0.001000,0.001000,0.001000
1033.384615,-0.034904,0.001000,0.001000,0.001000,0.001000,0.001000
1033.403846,-0.035692,0.001000,0.001000,0.001000,0.001000,0.001000
1033.423077,-0.036462,0.001000,0.001000,0.001000,0.001000,0.001000
1033.442308,-0.037214,0.001000,0.001000,0.001000,0.001000,0.001000
1033.461538,-0.037947,0.001000,0.001000,0.001000,0.001000,0.001000
1033.480769,-0.038662,0.001000,0.001000,0.001000,0.001000,0.001000
1033.500000,-0.039357,0.001000,0.001000,0.001000,0.001000,0.001000
1033.519231,-0.040033,0.001000,0.001000,0.001000,0.001000,0.001000
1033.538462,-0.040690,0.001000,0.001000,0.001000,0.001000,0.001000
1033.557692,-0.041326,0.001000,0.001000,0.001000,0.001000,0.001000
1033.576923,-0.041941,0.001000,0.001000,0.001000,0.001000,0.001000
1033.596154,-0.042536,0.001000,0.001000,0.001000,0.001000,0.001000
1033.615385,-0.043110,0.001000,0.001000,0.001000,0.001000,0.001000
1033.634615,-0.043663,0.001000,0.001000,0.001000,0.001000,0.001000
1033.653846,-0.044194,0.001000,0.001000,0.001000,0.001000,0.001000
1033.673077,-0.044703,0.001000,0.001000,0.001000,0.001000,0.001000
1033.692308,-0.045190,0.001000,0.001000,0.001000,0.001000,0.001000
1033.711538,-0.045655,0.001000,0.001000,0.001000,0.001000,0.001000
1033.730769,-0.046097,0.001000,0.001000,0.001000,0.001000,0.001000
1033.750000,-0.046516,0.001000,0.001000,0.001000,0.001000,0.001000
1033.769231,-0.046912,0.001000,0.001000,0.001000,0.001000,0.001000
1033.788462,-0.047286,0.001000,0.001000,0.001000,0.001000,0.001000
1033.807692,-0.047635,0.001000,0.001000,0.001000,0.001000,0.001000
1033.826923,-0.047961,0.001000,0.001000,0.001000,0.001000,0.001000
1033.846154,-0.048264,0.001000,0.001000,0.001000,0.001000,0.001000
1033.865385,-0.048542,0.001000,0.001000,0.001000,0.001000,0.001000
1033.884615,-0.048797,0.001000,0.001000,0.001000,0.001000,0.001000
1033.903846,-0.049027,0.001000,0.001000,0.001000,0.001000,0.001000
1033.923077,-0.049233,0.001000,0.001000,0.001000,0.001000,0.001000
1033.942308,-0.049415,0.001000,0.001000,0.001000,0.001000,0.001000
1033.961538,-0.049573,0.001000,0.001000,0.001000,0.001000,0.001000
1033.980769,-0.049705,0.001000,0.001000,0.001000,0.001000,0.001000
1034.000000,-0.049814,0.001000,0.001000,0.001000,0.001000,0.001000
1034.019231,-0.049897,0.001000,0.001000,0.001000,0.001000,0.001000
1034.038462,-0.049956,0.001000,0.001000,0.001000,0.001000,0.001000
1034.057692,-0.049990,0.001000,0.001000,0.001000,0.001000,0.001000
1034.076923,-0.050000,0.001000,0.001000,0.001000,0.001000,0.001000
1034.096154,-0.049985,0.001000,0.001000,0.001000,0.001000,0.001000
1034.115385,-0.049945,0.001000,0.001000,0.001000,0.001000,0.001000
1034.134615,-0.049880,0.001000,0.001000,0.001000,0.001000,0.001000
1034.153846,-0.049791,0.001000,0.001000,0.001000,0.001000,0.001000
1034.173077,-0.049677,0.001000,0.001000,0.001000,0.001000,0.001000
1034.192308,-0.049538,0.001000,0.001000,0.001000,0.001000,0.001000
1034.211538,-0.049375,0.001000,0.001000,0.001000,0.001000,0.001000
1034.230769,-0.049188,0.001000,0.001000,0.001000,0.001000,0.001000
1034.250000,-0.048976,0.001000,0.001000,0.001000,0.001000,0.001000
1034.269231,-0.048740,0.001000,0.001000,0.001000,0.001000,0.001000
1034.288462,-0.048480,0.001000,0.001000,0.001000,0.001000,0.001000
1034.307692,-0.048196,0.001000,0.001000,0.001000,0.001000,0.001000
1034.326923,-0.047888,0.001000,0.001000,0.001000,0.001000,0.001000
1034.346154,-0.047556,0.001000,0.001000,0.001000,0.001000,0.001000
1034.365385,-0.047201,0.001000,0.001000,0.001000,0.001000,0.001000
1034.384615,-0.046822,0.001000,0.001000,0.001000,0.001000,0.001000
1034.403846,-0.046421,0.001000,0.001000,0.001000,0.001000,0.001000
1034.423077,-0.045996,0.001000,0.001000,0.001000,0.001000,0.001000
1034.442308,-0.045549,0.001000,0.001000,0.001000,0.001000,0.001000
1034.461538,-0.045079,0.001000,0.001000,0.001000,0.001000,0.001000
1034.480769,-0.044587,0.001000,0.001000,0.001000,0.001000,0.001000
1034.500000,-0.044073,0.001000,0.001000,0.001000,0.001000,0.001000
1034.519231,-0.043536,0.001000,0.001000,0.001000,0.001000,0.001000
1034.538462,-0.042979,0.001000,0.001000,0.001000,0.001000,0.001000
1034.557692,-0.042400,0.001000,0.001000,0.001000,0.001000,0.001000
1034.576923,-0.041800,0.001000,0.001000,0.001000,0.001000,0.001000
1034.596154,-0.041180,0.001000,0.001000,0.001000,0.001000,0.001000
1034.615385,-0.040539,0.001000,0.001000,0.001000,0.001000,0.001000
1034.634615,-0.039878,0.001000,0.001000,0.001000,0.001000,0.001000
1034.653846,-0.039197,0.001000,0.001000,0.001000,0.001000,0.001000
1034.673077,-0.038497,0.001000,0.001000,0.001000,0.001000,0.001000
1034.692308,-0.037778,0.001000,0.001000,0.001000,0.001000,0.001000
1034.711538,-0.037041,0.001000,0.001000,0.001000,0.001000,0.001000
1034.730769,-0.036285,0.001000,0.001000,0.001000,0.001000,0.001000
1034.750000,-0.035511,0.001000,0.001000,0.001000,0.001000,0.001000
1034.769231,-0.034719,0.001000,0.001000,0.001000,0.001000,0.001000
1034.788462,-0.033910,0.001000,0.001000,0.001000,0.001000,0.001000
1034.807692,-0.033085,0.001000,0.001000,0.001000,0.001000,0.001000
1034.826923,-0.032243,0.001000,0.001000,0.001000,0.001000,0.001000
1034.846154,-0.031385,0.001000,0.001000,0.001000,0.001000,0.001000
1034.865385,-0.030512,0.001000,0.001000,0.001000,0.001000,0.001000
1034.884615,-0.029623,0.001000,0.001000,0.001000,0.001000,0.001000
1034.903846,-0.028720,0.001000,0.001000,0.001000,0.001000,0.001000
1034.923077,-0.027803,0.001000,0.001000,0.001000,0.001000,0.001000
1034.942308,-0.026872,0.001000,0.001000,0.001000,0.001000,0.001000
1034.961538,-0.025927,0.001000,0.001000,0.001000,0.001000,0.001000
1034.980769,-0.024970,0.001000,0.001000,0.001000,0.001000,0.001000
1035.000000,-0.024001,0.001000,0.001000,0.001000,0.001000,0.001000
1035.019231,-0.023019,0.001000,0.001000,0.001000,0.001000,0.001000
1035.038462,-0.022027,0.001000,0.001000,0.001000,0.001000,0.001000
1035.057692,-0.021023,0.001000,0.001000,0.001000,0.001000,0.001000
1035.076923,-0.020009,0.001000,0.001000,0.001000,0.001000,0.001000
1035.096154,-0.018985,0.001000,0.001000,0.001000,0.001000,0.001000
1035.115385,-0.017952,0.001000,0.001000,0.001000,0.001000,0.001000
1035.134615,-0.016909,0.001000,0.001000,0.001000,0.001000,0.001000
1035.153846,-0.015859,0.001000,0.001000,0.001000,0.001000,0.001000
1035.173077,-0.014800,0.001000,0.001000,0.001000,0.001000,0.001000
1035.192308,-0.013735,0.001000,0.001000,0.001000,0.001000,0.001000
1035.211538,-0.012662,0.001000,0.001000,0.001000,0.001000,0.001000
1035.230769,-0.011583,0.001000,0.001000,0.001000,0.001000,0.001000
1035.250000,-0.010499,0.001000,0.001000,0.001000,0.001000,0.001000
1035.269231,-0.009409,0.001000,0.001000,0.001000,0.001000,0.001000
1035.288462,-0.008314,0.001000,0.001000,0.001000,0.001000,0.001000
1035.307692,-0.007216,0.001000,0.001000,0.001000,0.001000,0.001000
1035.326923,-0.006114,0.001000,0.001000,0.001000,0.001000,0.001000
1035.346154,-0.005009,0.001000,0.001000,0.001000,0.001000,0.001000
1035.365385,-0.003901,0.001000,0.001000,0.001000,0.001000,0.001000
1035.384615,-0.002792,0.001000,0.001000,0.001000,0.001000,0.001000
1035.403846,-0.001681,0.001000,0.001000,0.001000,0.001000,0.001000
1035.423077,-0.000569,0.001000,0.001000,0.001000,0.001000,0.001000
1035.442308,0.000543,0.001000,0.001000,0.001000,0.001000,0.001000
1035.461538,0.001655,0.001000,0.001000,0.001000,0.001000,0.001000
1035.480769,0.002766,0.001000,0.001000,0.001000,0.001000,0.001000
1035.500000,0.003875,0.001000,0.001000,0.001000,0.001000,0.001000
1035.519231,0.004983,0.001000,0.001000,0.001000,0.001000,0.001000
1035.538462,0.006088,0.001000,0.001000,0.001000,0.001000,0.001000
1035.557692,0.007190,0.001000,0.001000,0.001000,0.001000,0.001000
1035.576923,0.008289,0.001000,0.001000,0.001000,0.001000,0.001000
1035.596154,0.009383,0.001000,0.001000,0.001000,0.001000,0.001000
1035.615385,0.010473,0.001000,0.001000,0.001000,0.001000,0.001000
1035.634615,0.011558,0.001000,0.001000,0.001000,0.001000,0.001000
1035.653846,0.012637,0.001000,0.001000,0.001000,0.001000,0.001000
1035.673077,0.013709,0.001000,0.001000,0.001000,0.001000,0.001000
1035.692308,0.014775,0.001000,0.001000,0.001000,0.001000,0.001000
1035.711538,0.015834,0.001000,0.001000,0.001000,0.001000,0.001000
1035.730769,0.016885,0.001000,0.001000,0.001000,0.001000,0.001000
1035.750000,0.017927,0.001000,0.001000,0.001000,0.001000,0.001000
1035.769231,0.018961,0.001000,0.001000,0.001000,0.001000,0.001000
1035.788462,0.019985,0.001000,0.001000,0.001000,0.001000,0.001000
1035.807692,0.020999,0.001000,0.001000,0.001000,0.001000,0.001000
1035.826923,0.022003,0.001000,0.001000,0.001000,0.001000,0.001000
1035.846154,0.022996,0.001000,0.001000,0.001000,0.001000,0.001000
1035.865385,0.023978,0.001000,0.001000,0.001000,0.001000,0.001000
1035.884615,0.024948,0.001000,0.001000,0.001000,0.001000,0.001000
1035.903846,0.025905,0.001000,0.001000,0.001000,0.001000,0.001000
1035.923077,0.026850,0.001000,0.001000,0.001000,0.001000,0.001000
1035.942308,0.027781,0.001000,0.001000,0.001000,0.001000,0.001000
1035.961538,0.028699,0.001000,0.001000,0.001000,0.001000,0.001000
1035.980769,0.029602,0.001000,0.001000,0.001000,0.001000,0.001000
1036.000000,0.030491,0.001000,0.001000,0.001000,0.001000,0.001000
1036.019231,0.031365,0.001000,0.001000,0.001000,0.001000,0.001000
1036.038462,0.032223,0.001000,0.001000,0.001000,0.001000,0.001000
1036.057692,0.033065,0.001000,0.001000,0.001000,0.001000,0.001000
1036.076923,0.033891,0.001000,0.001000,0.001000,0.001000,0.001000
1036.096154,0.034700,0.001000,0.001000,0.001000,0.001000,0.001000
1036.115385,0.035492,0.001000,0.001000,0.001000,0.001000,0.001000
1036.134615,0.036266,0.001000,0.001000,0.001000,0.001000,0.001000
1036.153846,0.037023,0.001000,0.001000,0.001000,0.001000,0.001000
1036.173077,0.037761,0.001000,0.001000,0.001000,0.001000,0.001000
1036.192308,0.038481,0.001000,0.001000,0.001000,0.001000,0.001000
1036.211538,0.039181,0.001000,0.001000,0.001000,0.001000,0.001000
1036.230769,0.039862,0.001000,0.001000,0.001000,0.001000,0.001000
1036.250000,0.040524,0.001000,0.001000,0.001000,0.001000,0.001000
1036.269231,0.041165,0.001000,0.001000,0.001000,0.001000,0.001000
1036.288462,0.041786,0.001000,0.001000,0.001000,0.001000,0.001000
1036.307692,0.042386,0.001000,0.001000,0.001000,0.001000,0.001000
1036.326923,0.042965,0.001000,0.001000,0.001000,0.001000,0.001000
1036.346154,0.043524,0.001000,0.001000,0.001000,0.001000,0.001000
1036.365385,0.044060,0.001000,0.001000,0.001000,0.001000,0.001000
1036.384615,0.044575,0.001000,0.001000,0.001000,0.001000,0.001000
1036.403846,0.045068,0.001000,0.001000,0.001000,0.001000,0.001000
1036.423077,0.045538,0.001000,0.001000,0.001000,0.001000,0.001000
1036.442308,0.045986,0.001000,0.001000,0.001000,0.001000,0.001000
1036.461538,0.046411,0.001000,0.001000,0.001000,0.001000,0.001000
1036.480769,0.046813,0.001000,0.001000,0.001000,0.001000,0.001000
1036.500000,0.047192,0.001000,0.001000,0.001000,0.001000,0.001000
1036.519231,0.047548,0.001000,0.001000,0.001000,0.001000,0.001000
1036.538462,0.047880,0.001000,0.001000,0.001000,0.001000,0.001000
1036.557692,0.048189,0.001000,0.001000,0.001000,0.001000,0.001000
1036.576923,0.048473,0.001000,0.001000,0.001000,0.001000,0.001000
1036.596154,0.048734,0.001000,0.001000,0.001000,0.001000,0.001000
1036.615385,0.048971,0.001000,0.001000,0.001000,0.001000,0.001000
1036.634615,0.049183,0.001000,0.001000,0.001000,0.001000,0.001000
1036.653846,0.049371,0.001000,0.001000,0.001000,0.001000,0.001000
1036.673077,0.049535,0.001000,0.001000,0.001000,0.001000,0.001000
1036.692308,0.049674,0.001000,0.001000,0.001000,0.001000,0.001000
1036.711538,0.049788,0.001000,0.001000,0.001000,0.001000,0.001000
1036.730769,0.049878,0.001000,0.001000,0.001000,0.001000,0.001000
1036.750000,0.049943,0.001000,0.001000,0.001000,0.001000,0.001000
1036.769231,0.049984,0.001000,0.001000,0.001000,0.001000,0.001000
1036.788462,0.050000,0.001000,0.001000,0.001000,0.001000,0.001000
1036.807692,0.049991,0.001000,0.001000,0.001000,0.001000,0.001000
1036.826923,0.049957,0.001000,0.001000,0.001000,0.001000,0.001000
1036.846154,0.049899,0.001000,0.001000,0.001000,0.001000,0.001000
1036.865385,0.049816,0.001000,0.001000,0.001000,0.001000,0.001000
1036.884615,0.049708,0.001000,0.001000,0.001000,0.001000,0.001000
1036.903846,0.049576,0.001000,0.001000,0.001000,0.001000,0.001000
1036.923077,0.049419,0.001000,0.001000,0.001000,0.001000,0.001000
1036.942308,0.049238,0.001000,0.001000,0.001000,0.001000,0.001000
1036.961538,0.049032,0.001000,0.001000,0.001000,0.001000,0.001000
1036.980769,0.048803,0.001000,0.001000,0.001000,0.001000,0.001000
1037.000000,0.048549,0.001000,0.001000,0.001000,0.001000,0.001000
1037.019231,0.048271,0.001000,0.001000,0.001000,0.001000,0.001000
1037.038462,0.047969,0.001000,0.001000,0.001000,0.001000,0.001000
1037.057692,0.047643,0.001000,0.001000,0.001000,0.001000,0.001000
1037.076923,0.047294,0.001000,0.001000,0.001000,0.001000,0.001000
1037.096154,0.046922,0.001000,0.001000,0.001000,0.001000,0.001000
1037.115385,0.046526,0.001000,0.001000,0.001000,0.001000,0.001000
1037.134615,0.046107,0.001000,0.001000,0.001000,0.001000,0.001000
1037.153846,0.045665,0.001000,0.001000,0.001000,0.001000,0.001000
1037.173077,0.045201,0.001000,0.001000,0.001000,0.001000,0.001000
1037.192308,0.044715,0.001000,0.001000,0.001000,0.001000,0.001000
1037.211538,0.044206,0.001000,0.001000,0.001000,0.001000,0.001000
1037.230769,0.043676,0.001000,0.001000,0.001000,0.001000,0.001000
1037.250000,0.043124,0.001000,0.001000,0.001000,0.001000,0.001000
1037.269231,0.042550,0.001000,0.001000,0.001000,0.001000,0.001000
1037.288462,0.041956,0.001000,0.001000,0.001000,0.001000,0.001000
1037.307692,0.041341,0.001000,0.001000,0.001000,0.001000,0.001000
1037.326923,0.040705,0.001000,0.001000,0.001000,0.001000,0.001000
1037.346154,0.040049,0.001000,0.001000,0.001000,0.001000,0.001000
1037.365385,0.039373,0.001000,0.001000,0.001000,0.001000,0.001000
1037.384615,0.038678,0.001000,0.001000,0.001000,0.001000,0.001000
1037.403846,0.037964,0.001000,0.001000,0.001000,0.001000,0.001000
1037.423077,0.037231,0.001000,0.001000,0.001000,0.001000,0.001000
1037.442308,0.036480,0.001000,0.001000,0.001000,0.001000,0.001000
1037.461538,0.035710,0.001000,0.001000,0.001000,0.001000,0.001000
1037.480769,0.034923,0.001000,0.001000,0.001000,0.001000,0.001000
1037.500000,0.034119,0.001000,0.001000,0.001000,0.001000,0.001000
1037.519231,0.033298,0.001000,0.001000,0.001000,0.001000,0.001000
1037.538462,0.032460,0.001000,0.001000,0.001000,0.001000,0.001000
1037.557692,0.031606,0.001000,0.001000,0.001000,0.001000,0.001000
1037.576923,0.030737,0.001000,0.001000,0.001000,0.001000,0.001000
1037.596154,0.029852,0.001000,0.001000,0.001000,0.001000,0.001000
1037.615385,0.028953,0.001000,0.001000,0.001000,0.001000,0.001000
1037.634615,0.028039,0.001000,0.001000,0.001000,0.001000,0.001000
1037.653846,0.027111,0.001000,0.001000,0.001000,0.001000,0.001000
1037.673077,0.026170,0.001000,0.001000,0.001000,0.001000,0.001000
1037.692308,0.025216,0.001000,0.001000,0.001000,0.001000,0.001000
1037.711538,0.024250,0.001000,0.001000,0.001000,0.001000,0.001000
1037.730769,0.023272,0.001000,0.001000,0.001000,0.001000,0.001000
1037.750000,0.022282,0.001000,0.001000,0.001000,0.001000,0.001000
1037.769231,0.021281,0.001000,0.001000,0.001000,0.001000,0.001000
1037.788462,0.020269,0.001000,0.001000,0.001000,0.001000,0.001000
1037.807692,0.019248,0.001000,0.001000,0.001000,0.001000,0.001000
1037.826923,0.018217,0.001000,0.001000,0.001000,0.001000,0.001000
1037.846154,0.017177,0.001000,0.001000,0.001000,0.001000,0.001000
1037.865385,0.016128,0.001000,0.001000,0.001000,0.001000,0.001000
1037.884615,0.015072,0.001000,0.001000,0.001000,0.001000,0.001000
1037.903846,0.014008,0.001000,0.001000,0.001000,0.001000,0.001000
1037.923077,0.012937,0.001000,0.001000,0.001000,0.001000,0.001000
1037.942308,0.011860,0.001000,0.001000,0.001000,0.001000,0.001000
1037.961538,0.010777,0.001000,0.001000,0.001000,0.001000,0.001000
1037.980769,0.009688,0.001000,0.001000,0.001000,0.001000,0.001000
1038.000000,0.008595,0.001000,0.001000,0.001000,0.001000,0.001000
1038.019231,0.007497,0.001000,0.001000,0.001000,0.001000,0.001000
1038.038462,0.006396,0.001000,0.001000,0.001000,0.001000,0.001000
1038.057692,0.005292,0.001000,0.001000,0.001000,0.001000,0.001000
1038.076923,0.004185,0.001000,0.001000,0.001000,0.001000,0.001000
1038.096154,0.003076,0.001000,0.001000,0.001000,0.001000,0.001000
1038.115385,0.001965,0.001000,0.001000,0.001000,0.001000,0.001000
1038.134615,0.000854,0.001000,0.001000,0.001000,0.001000,0.001000
1038.153846,-0.000258,0.001000,0.001000,0.001000,0.001000,0.001000
1038.173077,-0.001370,0.001000,0.001000,0.001000,0.001000,0.001000
1038.192308,-0.002481,0.001000,0.001000,0.001000,0.001000,0.001000
1038.211538,-0.003591,0.001000,0.001000,0.001000,0.001000,0.001000
1038.230769,-0.004699,0.001000,0.001000,0.001000,0.001000,0.001000
1038.250000,-0.005805,0.001000,0.001000,0.001000,0.001000,0.001000
1038.269231,-0.006908,0.001000,0.001000,0.001000,0.001000,0.001000
1038.288462,-0.008008,0.001000,0.001000,0.001000,0.001000,0.001000
1038.307692,-0.009103,0.001000,0.001000,0.001000,0.001000,0.001000
1038.326923,-0.010195,0.001000,0.001000,0.001000,0.001000,0.001000
1038.346154,-0.011281,0.001000,0.001000,0.001000,0.001000,0.001000
1038.365385,-0.012361,0.001000,0.001000,0.001000,0.001000,0.001000
1038.384615,-0.013435,0.001000,0.001000,0.001000,0.001000,0.001000
1038.403846,-0.014503,0.001000,0.001000,0.001000,0.001000,0.001000
1038.423077,-0.015564,0.001000,0.001000,0.001000,0.001000,0.001000
1038.442308,-0.016616,0.001000,0.001000,0.001000,0.001000,0.001000
1038.461538,-0.017661,0.001000,0.001000,0.001000,0.001000,0.001000
1038.480769,-0.018697,0.001000,0.001000,0.001000,0.001000,0.001000
1038.500000,-0.019724,0.001000,0.001000,0.001000,0.001000,0.001000
1038.519231,-0.020741,0.001000,0.001000,0.001000,0.001000,0.001000
1038.538462,-0.021747,0.001000,0.001000,0.001000,0.001000,0.001000
1038.557692,-0.022743,0.001000,0.001000,0.001000,0.001000,0.001000
1038.576923,-0.023728,0.001000,0.001000,0.001000,0.001000,0.001000
1038.596154,-0.024701,0.001000,0.001000,0.001000,0.001000,0.001000
1038.615385,-0.025661,0.001000,0.001000,0.001000,0.001000,0.001000
1038.634615,-0.026609,0.001000,0.001000,0.001000,0.001000,0.001000
1038.653846,-0.027544,0.001000,0.001000,0.001000,0.001000,0.001000
1038.673077,-0.028465,0.001000,0.001000,0.001000,0.001000,0.001000
1038.692308,-0.029372,0.001000,0.001000,0.001000,0.001000,0.001000
1038.711538,-0.030265,0.001000,0.001000,0.001000,0.001000,0.001000
1038.730769,-0.031142,0.001000,0.001000,0.001000,0.001000,0.001000
1038.750000,-0.032005,0.001000,0.001000,0.001000,0.001000,0.001000
1038.769231,-0.032851,0.001000,0.001000,0.001000,0.001000,0.001000
1038.788462,-0.033681,0.001000,0.001000,0.001000,0.001000,0.001000
1038.807692,-0.034495,0.001000,0.001000,0.001000,0.001000,0.001000
1038.826923,-0.035291,0.001000,0.001000,0.001000,0.001000,0.001000
1038.846154,-0.036070,0.001000,0.001000,0.001000,0.001000,0.001000
1038.865385,-0.036831,0.001000,0.001000,0.001000,0.001000,0.001000
1038.884615,-0.037574,0.001000,0.001000,0.001000,0.001000,0.001000
1038.903846,-0.038298,0.001000,0.001000,0.001000,0.001000,0.001000
1038.923077,-0.039004,0.001000,0.001000,0.001000,0.001000,0.001000
1038.942308,-0.039690,0.001000,0.001000,0.001000,0.001000,0.001000
1038.961538,-0.040356,0.001000,0.001000,0.001000,0.001000,0.001000
1038.980769,-0.041003,0.001000,0.001000,0.001000,0.001000,0.001000
1039.000000,-0.041629,0.001000,0.001000,0.001000,0.001000,0.001000
1039.019231,-0.042234,0.001000,0.001000,0.001000,0.001000,0.001000
1039.038462,-0.042819,0.001000,0.001000,0.001000,0.001000,0.001000
1039.057692,-0.043383,0.001000,0.001000,0.001000,0.001000,0.001000
1039.076923,-0.043925,0.001000,0.001000,0.001000,0.001000,0.001000
1039.096154,-0.044445,0.001000,0.001000,0.001000,0.001000,0.001000
1039.115385,-0.044944,0.001000,0.001000,0.001000,0.001000,0.001000
1039.134615,-0.045420,0.001000,0.001000,0.001000,0.001000,0.001000
1039.153846,-0.045873,0.001000,0.001000,0.001000,0.001000,0.001000
1039.173077,-0.046304,0.001000,0.001000,0.001000,0.001000,0.001000
1039.192308,-0.046712,0.001000,0.001000,0.001000,0.001000,0.001000
1039.211538,-0.047097,0.001000,0.001000,0.001000,0.001000,0.001000
1039.230769,-0.047459,0.001000,0.001000,0.001000,0.001000,0.001000
1039.250000,-0.047797,0.001000,0.001000,0.001000,0.001000,0.001000
1039.269231,-0.048112,0.001000,0.001000,0.001000,0.001000,0.001000
1039.288462,-0.048403,0.001000,0.001000,0.001000,0.001000,0.001000
1039.307692,-0.048670,0.001000,0.001000,0.001000,0.001000,0.001000
1039.326923,-0.048912,0.001000,0.001000,0.001000,0.001000,0.001000
1039.346154,-0.049131,0.001000,0.001000,0.001000,0.001000,0.001000
1039.365385,-0.049325,0.001000,0.001000,0.001000,0.001000,0.001000
1039.384615,-0.049495,0.001000,0.001000,0.001000,0.001000,0.001000
1039.403846,-0.049640,0.001000,0.001000,0.001000,0.001000,0.001000
1039.423077,-0.049761,0.001000,0.001000,0.001000,0.001000,0.001000
1039.442308,-0.049857,0.001000,0.001000,0.001000,0.001000,0.001000
1039.461538,-0.049929,0.001000,0.001000,0.001000,0.001000,0.001000
1039.480769,-0.049976,0.001000,0.001000,0.001000,0.001000,0.001000
1039.500000,-0.049998,0.001000,0.001000,0.001000,0.001000,0.001000
1039.519231,-0.049995,0.001000,0.001000,0.001000,0.001000,0.001000
1039.538462,-0.049968,0.001000,0.001000,0.001000,0.001000,0.001000
1039.557692,-0.049916,0.001000,0.001000,0.001000,0.001000,0.001000
1039.576923,-0.049839,0.001000,0.001000,0.001000,0.001000,0.001000
1039.596154,-0.049738,0.001000,0.001000,0.001000,0.001000,0.001000
1039.615385,-0.049612,0.001000,0.001000,0.001000,0.001000,0.001000
1039.634615,-0.049462,0.001000,0.001000,0.001000,0.001000,0.001000
1039.653846,-0.049287,0.001000,0.001000,0.001000,0.001000,0.001000
1039.673077,-0.049087,0.001000,0.001000,0.001000,0.001000,0.001000
1039.692308,-0.048864,0.001000,0.001000,0.001000,0.001000,0.001000
1039.711538,-0.048616,0.001000,0.001000,0.001000,0.001000,0.001000
1039.730769,-0.048344,0.001000,0.001000,0.001000,0.001000,0.001000
1039.750000,-0.048048,0.001000,0.001000,0.001000,0.001000,0.001000
1039.769231,-0.047729,0.001000,0.001000,0.001000,0.001000,0.001000
1039.788462,-0.047386,0.001000,0.001000,0.001000,0.001000,0.001000
1039.807692,-0.047019,0.001000,0.001000,0.001000,0.001000,0.001000
1039.826923,-0.046629,0.001000,0.001000,0.001000,0.001000,0.001000
1039.846154,-0.046216,0.001000,0.001000,0.001000,0.001000,0.001000
1039.865385,-0.045781,0.001000,0.001000,0.001000,0.001000,0.001000
1039.884615,-0.045322,0.001000,0.001000,0.001000,0.001000,0.001000
1039.903846,-0.044841,0.001000,0.001000,0.001000,0.001000,0.001000
1039.923077,-0.044338,0.001000,0.001000,0.001000,0.001000,0.001000
1039.942308,-0.043814,0.001000,0.001000,0.001000,0.001000,0.001000
1039.961538,-0.043267,0.001000,0.001000,0.001000,0.001000,0.001000
1039.980769,-0.042699,0.001000,0.001000,0.001000,0.001000,0.001000
1040.000000,-0.042110,0.001000,0.001000,0.001000,0.001000,0.001000
1040.019231,-0.041500,0.001000,0.001000,0.001000,0.001000,0.001000
1040.038462,-0.040869,0.001000,0.001000,0.001000,0.001000,0.001000
1040.057692,-0.040219,0.001000,0.001000,0.001000,0.001000,0.001000
1040.076923,-0.039548,0.001000,0.001000,0.001000,0.001000,0.001000
1040.096154,-0.038858,0.001000,0.001000,0.001000,0.001000,0.001000
1040.115385,-0.038149,0.001000,0.001000,0.001000,0.001000,0.001000
1040.134615,-0.037421,0.001000,0.001000,0.001000,0.001000,0.001000
1040.153846,-0.036674,0.001000,0.001000,0.001000,0.001000,0.001000
1040.173077,-0.035909,0.001000,0.001000,0.001000,0.001000,0.001000
1040.192308,-0.035126,0.001000,0.001000,0.001000,0.001000,0.001000
1040.211538,-0.034326,0.001000,0.001000,0.001000,0.001000,0.001000
1040.230769,-0.033509,0.001000,0.001000,0.001000,0.001000,0.001000
1040.250000,-0.032676,0.001000,0.001000,0.001000,0.001000,0.001000
1040.269231,-0.031826,0.001000,0.001000,0.001000,0.001000,0.001000
1040.288462,-0.030961,0.001000,0.001000,0.001000,0.001000,0.001000
1040.307692,-0.030080,0.001000,0.001000,0.001000,0.001000,0.001000
1040.326923,-0.029184,0.001000,0.001000,0.001000,0.001000,0.001000
1040.346154,-0.028274,0.001000,0.001000,0.001000,0.001000,0.001000
1040.365385,-0.027350,0.001000,0.001000,0.001000,0.001000,0.001000
1040.384615,-0.026412,0.001000,0.001000,0.001000,0.001000,0.001000
1040.403846,-0.025462,0.001000,0.001000,0.001000,0.001000,0.001000
1040.423077,-0.024498,0.001000,0.001000,0.001000,0.001000,0.001000
1040.442308,-0.023523,0.001000,0.001000,0.001000,0.001000,0.001000
1040.461538,-0.022536,0.001000,0.001000,0.001000,0.001000,0.001000
1040.480769,-0.021538,0.001000,0.001000,0.001000,0.001000,0.001000
1040.500000,-0.020529,0.001000,0.001000,0.001000,0.001000,0.001000
1040.519231,-0.019510,0.001000,0.001000,0.001000,0.001000,0.001000
1040.538462,-0.018482,0.001000,0.001000,0.001000,0.001000,0.001000
1040.557692,-0.017444,0.001000,0.001000,0.001000,0.001000,0.001000
1040.576923,-0.016397,0.001000,0.001000,0.001000,0.001000,0.001000
1040.596154,-0.015343,0.001000,0.001000,0.001000,0.001000,0.001000
1040.615385,-0.014281,0.001000,0.001000,0.001000,0.001000,0.001000
1040.634615,-0.013212,0.001000,0.001000,0.001000,0.001000,0.001000
1040.653846,-0.012136,0.001000,0.001000,0.001000,0.001000,0.001000
1040.673077,-0.011054,0.001000,0.001000,0.001000,0.001000,0.001000
1040.692308,-0.009967,0.001000,0.001000,0.001000,0.001000,0.001000
1040.711538,-0.008875,0.001000,0.001000,0.001000,0.001000,0.001000
1040.730769,-0.007779,0.001000,0.001000,0.001000,0.001000,0.001000
1040.750000,-0.006678,0.001000,0.001000,0.001000,0.001000,0.001000
1040.769231,-0.005575,0.001000,0.001000,0.001000,0.001000,0.001000
1040.788462,-0.004468,0.001000,0.001000,0.001000,0.001000,0.001000
1040.807692,-0.003360,0.001000,0.001000,0.001000,0.001000,0.001000
1040.826923,-0.002250,0.001000,0.001000,0.001000,0.001000,0.001000
1040.846154,-0.001138,0.001000,0.001000,0.001000,0.001000,0.001000
1040.865385,-0.000026,0.001000,0.001000,0.001000,0.001000,0.001000
1040.884615,0.001086,0.001000,0.001000,0.001000,0.001000,0.001000
1040.903846,0.002197,0.001000,0.001000,0.001000,0.001000,0.001000
1040.923077,0.003307,0.001000,0.001000,0.001000,0.001000,0.001000
1040.942308,0.004416,0.001000,0.001000,0.001000,0.001000,0.001000
1040.961538,0.005523,0.001000,0.001000,0.001000,0.001000,0.001000
1040.980769,0.006626,0.001000,0.001000,0.001000,0.001000,0.001000
1041.000000,0.007727,0.001000,0.001000,0.001000,0.001000,0.001000
1041.019231,0.008823,0.001000,0.001000,0.001000,0.001000,0.001000
1041.038462,0.009916,0.001000,0.001000,0.001000,0.001000,0.001000
1041.057692,0.011003,0.001000,0.001000,0.001000,0.001000,0.001000
1041.076923,0.012085,0.001000,0.001000,0.001000,0.001000,0.001000
1041.096154,0.013161,0.001000,0.001000,0.001000,0.001000,0.001000
1041.115385,0.014231,0.001000,0.001000,0.001000,0.001000,0.001000
1041.134615,0.015293,0.001000,0.001000,0.001000,0.001000,0.001000
1041.153846,0.016348,0.001000,0.001000,0.001000,0.001000,0.001000
1041.173077,0.017395,0.001000,0.001000,0.001000,0.001000,0.001000
1041.192308,0.018433,0.001000,0.001000,0.001000,0.001000,0.001000
1041.211538,0.019462,0.001000,0.001000,0.001000,0.001000,0.001000
1041.230769,0.020481,0.001000,0.001000,0.001000,0.001000,0.001000
1041.250000,0.021491,0.001000,0.001000,0.001000,0.001000,0.001000
1041.269231,0.022489,0.001000,0.001000,0.001000,0.001000,0.001000
1041.288462,0.023477,0.001000,0.001000,0.001000,0.001000,0.001000
1041.307692,0.024453,0.001000,0.001000,0.001000,0.001000,0.001000
1041.326923,0.025417,0.001000,0.001000,0.001000,0.001000,0.001000
1041.346154,0.026368,0.001000,0.001000,0.001000,0.001000,0.001000
1041.365385,0.027306,0.001000,0.001000,0.001000,0.001000,0.001000
1041.384615,0.028231,0.001000,0.001000,0.001000,0.001000,0.001000
1041.403846,0.029141,0.001000,0.001000,0.001000,0.001000,0.001000
1041.423077,0.030038,0.001000,0.001000,0.001000,0.001000,0.001000
1041.442308,0.030919,0.001000,0.001000,0.001000,0.001000,0.001000
1041.461538,0.031786,0.001000,0.001000,0.001000,0.001000,0.001000
1041.480769,0.032636,0.001000,0.001000,0.001000,0.001000,0.001000
1041.500000,0.033470,0.001000,0.001000,0.001000,0.001000,0.001000
1041.519231,0.034288,0.001000,0.001000,0.001000,0.001000,0.001000
1041.538462,0.035089,0.001000,0.001000,0.001000,0.001000,0.001000
1041.557692,0.035872,0.001000,0.001000,0.001000,0.001000,0.001000
1041.576923,0.036638,0.001000,0.001000,0.001000,0.001000,0.001000
1041.596154,0.037386,0.001000,0.001000,0.001000,0.001000,0.001000
1041.615385,0.038115,0.001000,0.001000,0.001000,0.001000,0.001000
1041.634615,0.038825,0.001000,0.001000,0.001000,0.001000,0.001000
1041.653846,0.039516,0.001000,0.001000,0.001000,0.001000,0.001000
1041.673077,0.040188,0.001000,0.001000,0.001000,0.001000,0.001000
1041.692308,0.040839,0.001000,0.001000,0.001000,0.001000,0.001000
1041.711538,0.041471,0.001000,0.001000,0.001000,0.001000,0.001000
1041.730769,0.042081,0.001000,0.001000,0.001000,0.001000,0.001000
1041.750000,0.042672,0.001000,0.001000,0.001000,0.001000,0.001000
1041.769231,0.043241,0.001000,0.001000,0.001000,0.001000,0.001000
1041.788462,0.043788,0.001000,0.001000,0.001000,0.001000,0.001000
1041.807692,0.044314,0.001000,0.001000,0.001000,0.001000,0.001000
1041.826923,0.044818,0.001000,0.001000,0.001000,0.001000,0.001000
1041.846154,0.045300,0.001000,0.001000,0.001000,0.001000,0.001000
1041.865385,0.045759,0.001000,0.001000,0.001000,0.001000,0.001000
1041.884615,0.046196,0.001000,0.001000,0.001000,0.001000,0.001000
1041.903846,0.046610,0.001000,0.001000,0.001000,0.001000,0.001000
1041.923077,0.047001,0.001000,0.001000,0.001000,0.001000,0.001000
1041.942308,0.047369,0.001000,0.001000,0.001000,0.001000,0.001000
1041.961538,0.047713,0.001000,0.001000,0.001000,0.001000,0.001000
1041.980769,0.048034,0.001000,0.001000,0.001000,0.001000,0.001000
1042.000000,0.048331,0.001000,0.001000,0.001000,0.001000,0.001000
1042.019231,0.048604,0.001000,0.001000,0.001000,0.001000,0.001000
1042.038462,0.048852,0.001000,0.001000,0.001000,0.001000,0.001000
1042.057692,0.049077,0.001000,0.001000,0.001000,0.001000,0.001000
1042.076923,0.049278,0.001000,0.001000,0.001000,0.001000,0.001000
1042.096154,0.049454,0.001000,0.001000,0.001000,0.001000,0.001000
1042.115385,0.049606,0.001000,0.001000,0.001000,0.001000,0.001000
1042.134615,0.049733,0.001000,0.001000,0.001000,0.001000,0.001000
1042.153846,0.049835,0.001000,0.001000,0.001000,0.001000,0.001000
1042.173077,0.049913,0.001000,0.001000,0.001000,0.001000,0.001000
1042.192308,0.049966,0.001000,0.001000,0.001000,0.001000,0.001000
1042.211538,0.049995,0.001000,0.001000,0.001000,0.001000,0.001000
1042.230769,0.049998,0.001000,0.001000,0.001000,0.001000,0.001000
1042.250000,0.049978,0.001000,0.001000,0.001000,0.001000,0.001000
1042.269231,0.049932,0.001000,0.001000,0.001000,0.001000,0.001000
1042.288462,0.049861,0.001000,0.001000,0.001000,0.001000,0.001000
1042.307692,0.049766,0.001000,0.001000,0.001000,0.001000,0.001000
1042.326923,0.049647,0.001000,0.001000,0.001000,0.001000,0.001000
1042.346154,0.049502,0.001000,0.001000,0.001000,0.001000,0.001000
1042.365385,0.049334,0.001000,0.001000,0.001000,0.001000,0.001000
1042.384615,0.049141,0.001000,0.001000,0.001000,0.001000,0.001000
1042.403846,0.048923,0.001000,0.001000,0.001000,0.001000,0.001000
1042.423077,0.048682,0.001000,0.001000,0.001000,0.001000,0.001000
1042.442308,0.048416,0.001000,0.001000,0.001000,0.001000,0.001000
1042.461538,0.048126,0.001000,0.001000,0.001000,0.001000,0.001000
1042.480769,0.047813,0.001000,0.001000,0.001000,0.001000,0.001000
1042.500000,0.047476,0.001000,0.001000,0.001000,0.001000,0.001000
1042.519231,0.047115,0.001000,0.001000,0.001000,0.001000,0.001000
1042.538462,0.046731,0.001000,0.001000,0.001000,0.001000,0.001000
1042.557692,0.046324,0.001000,0.001000,0.001000,0.001000,0.001000
1042.576923,0.045894,0.001000,0.001000,0.001000,0.001000,0.001000
1042.596154,0.045442,0.001000,0.001000,0.001000,0.001000,0.001000
1042.615385,0.044967,0.001000,0.001000,0.001000,0.001000,0.001000
1042.634615,0.044469,0.001000,0.001000,0.001000,0.001000,0.001000
1042.653846,0.043950,0.001000,0.001000,0.001000,0.001000,0.001000
1042.673077,0.043409,0.001000,0.001000,0.001000,0.001000,0.001000
1042.692308,0.042846,0.001000,0.001000,0.001000,0.001000,0.001000
1042.711538,0.042263,0.001000,0.001000,0.001000,0.001000,0.001000
1042.730769,0.041658,0.001000,0.001000,0.001000,0.001000,0.001000
1042.750000,0.041033,0.001000,0.001000,0.001000,0.001000,0.001000
1042.769231,0.040387,0.001000,0.001000,0.001000,0.001000,0.001000
1042.788462,0.039722,0.001000,0.001000,0.001000,0.001000,0.001000
1042.807692,0.039037,0.001000,0.001000,0.001000,0.001000,0.001000
1042.826923,0.038332,0.001000,0.001000,0.001000,0.001000,0.001000
1042.846154,0.037609,0.001000,0.001000,0.001000,0.001000,0.001000
1042.865385,0.036867,0.001000,0.001000,0.001000,0.001000,0.001000
1042.884615,0.036106,0.001000,0.001000,0.001000,0.001000,0.001000
1042.903846,0.035328,0.001000,0.001000,0.001000,0.001000,0.001000
1042.923077,0.034533,0.001000,0.001000,0.001000,0.001000,0.001000
1042.942308,0.033720,0.001000,0.001000,0.001000,0.001000,0.001000
1042.961538,0.032891,0.001000,0.001000,0.001000,0.001000,0.001000
1042.980769,0.032045,0.001000,0.001000,0.001000,0.001000,0.001000
1043.000000,0.031184,0.001000,0.001000,0.001000,0.001000,0.001000
1043.019231,0.030307,0.001000,0.001000,0.001000,0.001000,0.001000
1043.038462,0.029415,0.001000,0.001000,0.001000,0.001000,0.001000
1043.057692,0.028508,0.001000,0.001000,0.001000,0.001000,0.001000
1043.076923,0.027588,0.001000,0.001000,0.001000,0.001000,0.001000
1043.096154,0.026654,0.001000,0.001000,0.001000,0.001000,0.001000
1043.115385,0.025706,0.001000,0.001000,0.001000,0.001000,0.001000
1043.134615,0.024746,0.001000,0.001000,0.001000,0.001000,0.001000
1043.153846,0.023774,0.001000,0.001000,0.001000,0.001000,0.001000
1043.173077,0.022790,0.001000,0.001000,0.001000,0.001000,0.001000
1043.192308,0.021794,0.001000,0.001000,0.001000,0.001000,0.001000
1043.211538,0.020788,0.001000,0.001000,0.001000,0.001000,0.001000
1043.230769,0.019772,0.001000,0.001000,0.001000,0.001000,0.001000
1043.250000,0.018746,0.001000,0.001000,0.001000,0.001000,0.001000
1043.269231,0.017710,0.001000,0.001000,0.001000,0.001000,0.001000
1043.288462,0.016666,0.001000,0.001000,0.001000,0.001000,0.001000
1043.307692,0.015614,0.001000,0.001000,0.001000,0.001000,0.001000
1043.326923,0.014553,0.001000,0.001000,0.001000,0.001000,0.001000
1043.346154,0.013486,0.001000,0.001000,0.001000,0.001000,0.001000
1043.365385,0.012412,0.001000,0.001000,0.001000,0.001000,0.001000
1043.384615,0.011332,0.001000,0.001000,0.001000,0.001000,0.001000
1043.403846,0.010246,0.001000,0.001000,0.001000,0.001000,0.001000
1043.423077,0.009155,0.001000,0.001000,0.001000,0.001000,0.001000
1043.442308,0.008060,0.001000,0.001000,0.001000,0.001000,0.001000
1043.461538,0.006960,0.001000,0.001000,0.001000,0.001000,0.001000
1043.480769,0.005857,0.001000,0.001000,0.001000,0.001000,0.001000
1043.500000,0.004752,0.001000,0.001000,0.001000,0.001000,0.001000
1043.519231,0.003644,0.001000,0.001000,0.001000,0.001000,0.001000
1043.538462,0.002534,0.001000,0.001000,0.001000,0.001000,0.001000
1043.557692,0.001423,0.001000,0.001000,0.001000,0.001000,0.001000
1043.576923,0.000311,0.001000,0.001000,0.001000,0.001000,0.001000
1043.596154,-0.000801,0.001000,0.001000,0.001000,0.001000,0.001000
1043.615385,-0.001913,0.001000,0.001000,0.001000,0.001000,0.001000
1043.634615,-0.003023,0.001000,0.001000,0.001000,0.001000,0.001000
1043.653846,-0.004133,0.001000,0.001000,0.001000,0.001000,0.001000
1043.673077,-0.005240,0.001000,0.001000,0.001000,0.001000,0.001000
1043.692308,-0.006344,0.001000,0.001000,0.001000,0.001000,0.001000
1043.711538,-0.007446,0.001000,0.001000,0.001000,0.001000,0.001000
1043.730769,-0.008543,0.001000,0.001000,0.001000,0.001000,0.001000
1043.750000,-0.009637,0.001000,0.001000,0.001000,0.001000,0.001000
1043.769231,-0.010725,0.001000,0.001000,0.001000,0.001000,0.001000
1043.788462,-0.011809,0.001000,0.001000,0.001000,0.001000,0.001000
1043.807692,-0.012886,0.001000,0.001000,0.001000,0.001000,0.001000
1043.826923,-0.013958,0.001000,0.001000,0.001000,0.001000,0.001000
1043.846154,-0.015022,0.001000,0.001000,0.001000,0.001000,0.001000
1043.865385,-0.016079,0.001000,0.001000,0.001000,0.001000,0.001000
1043.884615,-0.017128,0.001000,0.001000,0.001000,0.001000,0.001000
1043.903846,-0.018168,0.001000,0.001000,0.001000,0.001000,0.001000
1043.923077,-0.019199,0.001000,0.001000,0.001000,0.001000,0.001000
1043.942308,-0.020221,0.001000,0.001000,0.001000,0.001000,0.001000
1043.961538,-0.021233,0.001000,0.001000,0.001000,0.001000,0.001000
1043.980769,-0.022235,0.001000,0.001000,0.001000,0.001000,0.001000
1044.000000,-0.023225,0.001000,0.001000,0.001000,0.001000,0.001000
1044.019231,-0.024204,0.001000,0.001000,0.001000,0.001000,0.001000
1044.038462,-0.025171,0.001000,0.001000,0.001000,0.001000,0.001000
1044.057692,-0.026126,0.001000,0.001000,0.001000,0.001000,0.001000
1044.076923,-0.027067,0.001000,0.001000,0.001000,0.001000,0.001000
1044.096154,-0.027995,0.001000,0.001000,0.001000,0.001000,0.001000
1044.115385,-0.028910,0.001000,0.001000,0.001000,0.001000,0.001000
1044.134615,-0.029810,0.001000,0.001000,0.001000,0.001000,0.001000
1044.153846,-0.030695,0.001000,0.001000,0.001000,0.001000,0.001000
1044.173077,-0.031565,0.001000,0.001000,0.001000,0.001000,0.001000
1044.192308,-0.032420,0.001000,0.001000,0.001000,0.001000,0.001000
1044.211538,-0.033258,0.001000,0.001000,0.001000,0.001000,0.001000
1044.230769,-0.034080,0.001000,0.001000,0.001000,0.001000,0.001000
1044.250000,-0.034886,0.001000,0.001000,0.001000,0.001000,0.001000
1044.269231,-0.035674,0.001000,0.001000,0.001000,0.001000,0.001000
1044.288462,-0.036444,0.001000,0.001000,0.001000,0.001000,0.001000
1044.307692,-0.037196,0.001000,0.001000,0.001000,0.001000,0.001000
1044.326923,-0.037930,0.001000,0.001000,0.001000,0.001000,0.001000
1044.346154,-0.038645,0.001000,0.001000,0.001000,0.001000,0.001000
1044.365385,-0.039341,0.001000,0.001000,0.001000,0.001000,0.001000
1044.384615,-0.040018,0.001000,0.001000,0.001000,0.001000,0.001000
1044.403846,-0.040674,0.001000,0.001000,0.001000,0.001000,0.001000
1044.423077,-0.041311,0.001000,0.001000,0.001000,0.001000,0.001000
1044.442308,-0.041927,0.001000,0.001000,0.001000,0.001000,0.001000
1044.461538,-0.042523,0.001000,0.001000,0.001000,0.001000,0.001000
1044.480769,-0.043097,0.001000,0.001000,0.001000,0.001000,0.001000
1044.500000,-0.043650,0.001000,0.001000,0.001000,0.001000,0.001000
1044.519231,-0.044182,0.001000,0.001000,0.001000,0.001000,0.001000
1044.538462,-0.044691,0.001000,0.001000,0.001000,0.001000,0.001000
1044.557692,-0.045179,0.001000,0.001000,0.001000,0.001000,0.001000
1044.576923,-0.045644,0.001000,0.001000,0.001000,0.001000,0.001000
1044.596154,-0.046087,0.001000,0.001000,0.001000,0.001000,0.001000
1044.615385,-0.046507,0.001000,0.001000,0.001000,0.001000,0.001000
1044.634615,-0.046903,0.001000,0.001000,0.001000,0.001000,0.001000
1044.653846,-0.047277,0.001000,0.001000,0.001000,0.001000,0.001000
1044.673077,-0.047627,0.001000,0.001000,0.001000,0.001000,0.001000
1044.692308,-0.047954,0.001000,0.001000,0.001000,0.001000,0.001000
1044.711538,-0.048257,0.001000,0.001000,0.001000,0.001000,0.001000
1044.730769,-0.048536,0.001000,0.001000,0.001000,0.001000,0.001000
1044.750000,-0.048791,0.001000,0.001000,0.001000,0.001000,0.001000
1044.769231,-0.049022,0.001000,0.001000,0.001000,0.001000,0.001000
1044.788462,-0.049229,0.001000,0.001000,0.001000,0.001000,0.001000
1044.807692,-0.049411,0.001000,0.001000,0.001000,0.001000,0.001000
1044.826923,-0.049569,0.001000,0.001000,0.001000,0.001000,0.001000
1044.846154,-0.049702,0.001000,0.001000,0.001000,0.001000,0.001000
1044.865385,-0.049811,0.001000,0.001000,0.001000,0.001000,0.001000
1044.884615,-0.049896,0.001000,0.001000,0.001000,0.001000,0.001000
1044.903846,-0.049955,0.001000,0.001000,0.001000,0.001000,0.001000
1044.923077,-0.049990,0.001000,0.001000,0.001000,0.001000,0.001000
1044.942308,-0.050000,0.001000,0.001000,0.001000,0.001000,0.001000
1044.961538,-0.049985,0.001000,0.001000,0.001000,0.001000,0.001000
1044.980769,-0.049946,0.001000,0.001000,0.001000,0.001000,0.001000
1045.000000,-0.049882,0.001000,0.001000,0.001000,0.001000,0.001000
1045.019231,-0.049793,0.001000,0.001000,0.001000,0.001000,0.001000
1045.038462,-0.049680,0.001000,0.001000,0.001000,0.001000,0.001000
1045.057692,-0.049542,0.001000,0.001000,0.001000,0.001000,0.001000
1045.076923,-0.049379,0.001000,0.001000,0.001000,0.001000,0.001000
1045.096154,-0.049192,0.001000,0.001000,0.001000,0.001000,0.001000
1045.115385,-0.048981,0.001000,0.001000,0.001000,0.001000,0.001000
1045.134615,-0.048746,0.001000,0.001000,0.001000,0.001000,0.001000
1045.153846,-0.048486,0.001000,0.001000,0.001000,0.001000,0.001000
1045.173077,-0.048203,0.001000,0.001000,0.001000,0.001000,0.001000
1045.192308,-0.047895,0.001000,0.001000,0.001000,0.001000,0.001000
1045.211538,-0.047564,0.001000,0.001000,0.001000,0.001000,0.001000
1045.230769,-0.047210,0.001000,0.001000,0.001000,0.001000,0.001000
1045.250000,-0.046832,0.001000,0.001000,0.001000,0.001000,0.001000
1045.269231,-0.046431,0.001000,0.001000,0.001000,0.001000,0.001000
1045.288462,-0.046006,0.001000,0.001000,0.001000,0.001000,0.001000
1045.307692,-0.045560,0.001000,0.001000,0.001000,0.001000,0.001000
1045.326923,-0.045090,0.001000,0.001000,0.001000,0.001000,0.001000
1045.346154,-0.044599,0.001000,0.001000,0.001000,0.001000,0.001000
1045.365385,-0.044085,0.001000,0.001000,0.001000,0.001000,0.001000
1045.384615,-0.043549,0.001000,0.001000,0.001000,0.001000,0.001000
1045.403846,-0.042992,0.001000,0.001000,0.001000,0.001000,0.001000
1045.423077,-0.042414,0.001000,0.001000,0.001000,0.001000,0.001000
1045.442308,-0.041815,0.001000,0.001000,0.001000,0.001000,0.001000
1045.461538,-0.041195,0.001000,0.001000,0.001000,0.001000,0.001000
1045.480769,-0.040554,0.001000,0.001000,0.001000,0.001000,0.001000
1045.500000,-0.039894,0.001000,0.001000,0.001000,0.001000,0.001000
1045.519231,-0.039214,0.001000,0.001000,0.001000,0.001000,0.001000
1045.538462,-0.038514,0.001000,0.001000,0.001000,0.001000,0.001000
1045.557692,-0.037796,0.001000,0.001000,0.001000,0.001000,0.001000
1045.576923,-0.037058,0.001000,0.001000,0.001000,0.001000,0.001000
1045.596154,-0.036303,0.001000,0.001000,0.001000,0.001000,0.001000
1045.615385,-0.035529,0.001000,0.001000,0.001000,0.001000,0.001000
1045.634615,-0.034738,0.001000,0.001000,0.001000,0.001000,0.001000
1045.653846,-0.033930,0.001000,0.001000,0.001000,0.001000,0.001000
1045.673077,-0.033104,0.001000,0.001000,0.001000,0.001000,0.001000
1045.692308,-0.032263,0.001000,0.001000,0.001000,0.001000,0.001000
1045.711538,-0.031405,0.001000,0.001000,0.001000,0.001000,0.001000
1045.730769,-0.030532,0.001000,0.001000,0.001000,0.001000,0.001000
1045.750000,-0.029644,0.001000,0.001000,0.001000,0.001000,0.001000
1045.769231,-0.028742,0.001000,0.001000,0.001000,0.001000,0.001000
1045.788462,-0.027825,0.001000,0.001000,0.001000,0.001000,0.001000
1045.807692,-0.026894,0.001000,0.001000,0.001000,0.001000,0.001000
1045.826923,-0.025950,0.001000,0.001000,0.001000,0.001000,0.001000
1045.846154,-0.024993,0.001000,0.001000,0.001000,0.001000,0.001000
1045.865385,-0.024024,0.001000,0.001000,0.001000,0.001000,0.001000
1045.884615,-0.023043,0.001000,0.001000,0.001000,0.001000,0.001000
1045.903846,-0.022050,0.001000,0.001000,0.001000,0.001000,0.001000
1045.923077,-0.021047,0.001000,0.001000,0.001000,0.001000,0.001000
1045.942308,-0.020033,0.001000,0.001000,0.001000,0.001000,0.001000
1045.961538,-0.019009,0.001000,0.001000,0.001000,0.001000,0.001000
1045.980769,-0.017976,0.001000,0.001000,0.001000,0.001000,0.001000
1046.000000,-0.016934,0.001000,0.001000,0.001000,0.001000,0.001000
1046.019231,-0.015884,0.001000,0.001000,0.001000,0.001000,0.001000
1046.038462,-0.014825,0.001000,0.001000,0.001000,0.001000,0.001000
1046.057692,-0.013760,0.001000,0.001000,0.001000,0.001000,0.001000
1046.076923,-0.012687,0.001000,0.001000,0.001000,0.001000,0.001000
1046.096154,-0.011609,0.001000,0.001000,0.001000,0.001000,0.001000
1046.115385,-0.010524,0.001000,0.001000,0.001000,0.001000,0.001000
1046.134615,-0.009435,0.001000,0.001000,0.001000,0.001000,0.001000
1046.153846,-0.008340,0.001000,0.001000,0.001000,0.001000,0.001000
1046.173077,-0.007242,0.001000,0.001000,0.001000,0.001000,0.001000
1046.192308,-0.006140,0.001000,0.001000,0.001000,0.001000,0.001000
1046.211538,-0.005035,0.001000,0.001000,0.001000,0.001000,0.001000
1046.230769,-0.003927,0.001000,0.001000,0.001000,0.001000,0.001000
1046.250000,-0.002818,0.001000,0.001000,0.001000,0.001000,0.001000
1046.269231,-0.001707,0.001000,0.001000,0.001000,0.001000,0.001000
1046.288462,-0.000595,0.001000,0.001000,0.001000,0.001000,0.001000
1046.307692,0.000517,0.001000,0.001000,0.001000,0.001000,0.001000
1046.326923,0.001628,0.001000,0.001000,0.001000,0.001000,0.001000
1046.346154,0.002739,0.001000,0.001000,0.001000,0.001000,0.001000
1046.365385,0.003849,0.001000,0.001000,0.001000,0.001000,0.001000
1046.384615,0.004957,0.001000,0.001000,0.001000,0.001000,0.001000
1046.403846,0.006062,0.001000,0.001000,0.001000,0.001000,0.001000
1046.423077,0.007164,0.001000,0.001000,0.001000,0.001000,0.001000
1046.442308,0.008263,0.001000,0.001000,0.001000,0.001000,0.001000
1046.461538,0.009357,0.001000,0.001000,0.001000,0.001000,0.001000
1046.480769,0.010447,0.001000,0.001000,0.001000,0.001000,0.001000
1046.500000,0.011532,0.001000,0.001000,0.001000,0.001000,0.001000
1046.519231,0.012611,0.001000,0.001000,0.001000,0.001000,0.001000
1046.538462,0.013684,0.001000,0.001000,0.001000,0.001000,0.001000
1046.557692,0.014750,0.001000,0.001000,0.001000,0.001000,0.001000
1046.576923,0.015809,0.001000,0.001000,0.001000,0.001000,0.001000
1046.596154,0.016860,0.001000,0.001000,0.001000,0.001000,0.001000
1046.615385,0.017903,0.001000,0.001000,0.001000,0.001000,0.001000
1046.634615,0.018936,0.001000,0.001000,0.001000,0.001000,0.001000
1046.653846,0.019961,0.001000,0.001000,0.001000,0.001000,0.001000
1046.673077,0.020975,0.001000,0.001000,0.001000,0.001000,0.001000
1046.692308,0.021979,0.001000,0.001000,0.001000,0.001000,0.001000
1046.711538,0.022973,0.001000,0.001000,0.001000,0.001000,0.001000
1046.730769,0.023955,0.001000,0.001000,0.001000,0.001000,0.001000
1046.750000,0.024925,0.001000,0.001000,0.001000,0.001000,0.001000
1046.769231,0.025883,0.001000,0.001000,0.001000,0.001000,0.001000
1046.788462,0.026827,0.001000,0.001000,0.001000,0.001000,0.001000
1046.807692,0.027759,0.001000,0.001000,0.001000,0.001000,0.001000
1046.826923,0.028677,0.001000,0.001000,0.001000,0.001000,0.001000
1046.846154,0.029581,0.001000,0.001000,0.001000,0.001000,0.001000
1046.865385,0.030470,0.001000,0.001000,0.001000,0.001000,0.001000
1046.884615,0.031344,0.001000,0.001000,0.001000,0.001000,0.001000
1046.903846,0.032203,0.001000,0.001000,0.001000,0.001000,0.001000
1046.923077,0.033045,0.001000,0.001000,0.001000,0.001000,0.001000
1046.942308,0.033872,0.001000,0.001000,0.001000,0.001000,0.001000
1046.961538,0.034681,0.001000,0.001000,0.001000,0.001000,0.001000
1046.980769,0.035474,0.001000,0.001000,0.001000,0.001000,0.001000
1047.000000,0.036248,0.001000,0.001000,0.001000,0.001000,0.001000
1047.019231,0.037005,0.001000,0.001000,0.001000,0.001000,0.001000
1047.038462,0.037744,0.001000,0.001000,0.001000,0.001000,0.001000
1047.057692,0.038464,0.001000,0.001000,0.001000,0.001000,0.001000
1047.076923,0.039165,0.001000,0.001000,0.001000,0.001000,0.001000
1047.096154,0.039846,0.001000,0.001000,0.001000,0.001000,0.001000
1047.115385,0.040508,0.001000,0.001000,0.001000,0.001000,0.001000
1047.134615,0.041150,0.001000,0.001000,0.001000,0.001000,0.001000
1047.153846,0.041771,0.001000,0.001000,0.001000,0.001000,0.001000
1047.173077,0.042372,0.001000,0.001000,0.001000,0.001000,0.001000
1047.192308,0.042952,0.001000,0.001000,0.001000,0.001000,0.001000
1047.211538,0.043511,0.001000,0.001000,0.001000,0.001000,0.001000
1047.230769,0.044048,0.001000,0.001000,0.001000,0.001000,0.001000
1047.250000,0.044563,0.001000,0.001000,0.001000,0.001000,0.001000
1047.269231,0.045056,0.001000,0.001000,0.001000,0.001000,0.001000
1047.288462,0.045527,0.001000,0.001000,0.001000,0.001000,0.001000
1047.307692,0.045976,0.001000,0.001000,0.001000,0.001000,0.001000
1047.326923,0.046401,0.001000,0.001000,0.001000,0.001000,0.001000
1047.346154,0.046804,0.001000,0.001000,0.001000,0.001000,0.001000
1047.365385,0.047184,0.001000,0.001000,0.001000,0.001000,0.001000
1047.384615,0.047540,0.001000,0.001000,0.001000,0.001000,0.001000
1047.403846,0.047873,0.001000,0.001000,0.001000,0.001000,0.001000
1047.423077,0.048182,0.001000,0.001000,0.001000,0.001000,0.001000
1047.442308,0.048467,0.001000,0.001000,0.001000,0.001000,0.001000
1047.461538,0.048728,0.001000,0.001000,0.001000,0.001000,0.001000
1047.480769,0.048965,0.001000,0.001000,0.001000,0.001000,0.001000
1047.500000,0.049178,0.001000,0.001000,0.001000,0.001000,0.001000
1047.519231,0.049367,0.001000,0.001000,0.001000,0.001000,0.001000
1047.538462,0.049531,0.001000,0.001000,0.001000,0.001000,0.001000
1047.557692,0.049671,0.001000,0.001000,0.001000,0.001000,0.001000
1047.576923,0.049786,0.001000,0.001000,0.001000,0.001000,0.001000
1047.596154,0.049876,0.001000,0.001000,0.001000,0.001000,0.001000
1047.615385,0.049942,0.001000,0.001000,0.001000,0.001000,0.001000
1047.634615,0.049983,0.001000,0.001000,0.001000,0.001000,0.001000
1047.653846,0.050000,0.001000,0.001000,0.001000,0.001000,0.001000
1047.673077,0.049991,0.001000,0.001000,0.001000,0.001000,0.001000
1047.692308,0.049958,0.001000,0.001000,0.001000,0.001000,0.001000
1047.711538,0.049901,0.001000,0.001000,0.001000,0.001000,0.001000
1047.730769,0.049818,0.001000,0.001000,0.001000,0.001000,0.001000
1047.750000,0.049711,0.001000,0.001000,0.001000,0.001000,0.001000
1047.769231,0.049579,0.001000,0.001000,0.001000,0.001000,0.001000
1047.788462,0.049423,0.001000,0.001000,0.001000,0.001000,0.001000
1047.807692,0.049242,0.001000,0.001000,0.001000,0.001000,0.001000
1047.826923,0.049038,0.001000,0.001000,0.001000,0.001000,0.001000
1047.846154,0.048808,0.001000,0.001000,0.001000,0.001000,0.001000
1047.865385,0.048555,0.001000,0.001000,0.001000,0.001000,0.001000
1047.884615,0.048277,0.001000,0.001000,0.001000,0.001000,0.001000
1047.903846,0.047976,0.001000,0.001000,0.001000,0.001000,0.001000
1047.923077,0.047651,0.001000,0.001000,0.001000,0.001000,0.001000
1047.942308,0.047303,0.001000,0.001000,0.001000,0.001000,0.001000
1047.961538,0.046931,0.001000,0.001000,0.001000,0.001000,0.001000
1047.980769,0.046535,0.001000,0.001000,0.001000,0.001000,0.001000
1048.000000,0.046117,0.001000,0.001000,0.001000,0.001000,0.001000
1048.019231,0.045676,0.001000,0.001000,0.001000,0.001000,0.001000
1048.038462,0.045213,0.001000,0.001000,0.001000,0.001000,0.001000
1048.057692,0.044727,0.001000,0.001000,0.001000,0.001000,0.001000
1048.076923,0.044218,0.001000,0.001000,0.001000,0.001000,0.001000
1048.096154,0.043688,0.001000,0.001000,0.001000,0.001000,0.001000
1048.115385,0.043137,0.001000,0.001000,0.001000,0.001000,0.001000
1048.134615,0.042564,0.001000,0.001000,0.001000,0.001000,0.001000
1048.153846,0.041970,0.001000,0.001000,0.001000,0.001000,0.001000
1048.173077,0.041355,0.001000,0.001000,0.001000,0.001000,0.001000
1048.192308,0.040720,0.001000,0.001000,0.001000,0.001000,0.001000
1048.211538,0.040065,0.001000,0.001000,0.001000,0.001000,0.001000
1048.230769,0.039390,0.001000,0.001000,0.001000,0.001000,0.001000
1048.250000,0.038695,0.001000,0.001000,0.001000,0.001000,0.001000
1048.269231,0.037981,0.001000,0.001000,0.001000,0.001000,0.001000
1048.288462,0.037249,0.001000,0.001000,0.001000,0.001000,0.001000
1048.307692,0.036498,0.001000,0.001000,0.001000,0.001000,0.001000
1048.326923,0.035729,0.001000,0.001000,0.001000,0.001000,0.001000
1048.346154,0.034942,0.001000,0.001000,0.001000,0.001000,0.001000
1048.365385,0.034138,0.001000,0.001000,0.001000,0.001000,0.001000
1048.384615,0.033317,0.001000,0.001000,0.001000,0.001000,0.001000
1048.403846,0.032480,0.001000,0.001000,0.001000,0.001000,0.001000
1048.423077,0.031626,0.001000,0.001000,0.001000,0.001000,0.001000
1048.442308,0.030757,0.001000,0.001000,0.001000,0.001000,0.001000
1048.461538,0.029873,0.001000,0.001000,0.001000,0.001000,0.001000
1048.480769,0.028974,0.001000,0.001000,0.001000,0.001000,0.001000
1048.500000,0.028061,0.001000,0.001000,0.001000,0.001000,0.001000
1048.519231,0.027133,0.001000,0.001000,0.001000,0.001000,0.001000
1048.538462,0.026193,0.001000,0.001000,0.001000,0.001000,0.001000
1048.557692,0.025239,0.001000,0.001000,0.001000,0.001000,0.001000
1048.576923,0.024273,0.001000,0.001000,0.001000,0.001000,0.001000
1048.596154,0.023295,0.001000,0.001000,0.001000,0.001000,0.001000
1048.615385,0.022305,0.001000,0.001000,0.001000,0.001000,0.001000
1048.634615,0.021305,0.001000,0.001000,0.001000,0.001000,0.001000
1048.653846,0.020293,0.001000,0.001000,0.001000,0.001000,0.001000
1048.673077,0.019272,0.001000,0.001000,0.001000,0.001000,0.001000
1048.692308,0.018241,0.001000,0.001000,0.001000,0.001000,0.001000
1048.711538,0.017202,0.001000,0.001000,0.001000,0.001000,0.001000
1048.730769,0.016153,0.001000,0.001000,0.001000,0.001000,0.001000
1048.750000,0.015097,0.001000,0.001000,0.001000,0.001000,0.001000
1048.769231,0.014033,0.001000,0.001000,0.001000,0.001000,0.001000
1048.788462,0.012962,0.001000,0.001000,0.001000,0.001000,0.001000
1048.807692,0.011885,0.001000,0.001000,0.001000,0.001000,0.001000
1048.826923,0.010802,0.001000,0.001000,0.001000,0.001000,0.001000
1048.846154,0.009714,0.001000,0.001000,0.001000,0.001000,0.001000
1048.865385,0.008621,0.001000,0.001000,0.001000,0.001000,0.001000
1048.884615,0.007523,0.001000,0.001000,0.001000,0.001000,0.001000
1048.903846,0.006422,0.001000,0.001000,0.001000,0.001000,0.001000
1048.923077,0.005318,0.001000,0.001000,0.001000,0.001000,0.001000
1048.942308,0.004211,0.001000,0.001000,0.001000,0.001000,0.001000
1048.961538,0.003102,0.001000,0.001000,0.001000,0.001000,0.001000
1048.980769,0.001991,0.001000,0.001000,0.001000,0.001000,0.001000
1049.000000,0.000880,0.001000,0.001000,0.001000,0.001000,0.001000
1049.019231,-0.000232,0.001000,0.001000,0.001000,0.001000,0.001000
1049.038462,-0.001344,0.001000,0.001000,0.001000,0.001000,0.001000
1049.057692,-0.002455,0.001000,0.001000,0.001000,0.001000,0.001000
1049.076923,-0.003565,0.001000,0.001000,0.001000,0.001000,0.001000
1049.096154,-0.004673,0.001000,0.001000,0.001000,0.001000,0.001000
1049.115385,-0.005779,0.001000,0.001000,0.001000,0.001000,0.001000
1049.134615,-0.006882,0.001000,0.001000,0.001000,0.001000,0.001000
1049.153846,-0.007982,0.001000,0.001000,0.001000,0.001000,0.001000
1049.173077,-0.009078,0.001000,0.001000,0.001000,0.001000,0.001000
1049.192308,-0.010169,0.001000,0.001000,0.001000,0.001000,0.001000
1049.211538,-0.011255,0.001000,0.001000,0.001000,0.001000,0.001000
1049.230769,-0.012336,0.001000,0.001000,0.001000,0.001000,0.001000
1049.250000,-0.013410,0.001000,0.001000,0.001000,0.001000,0.001000
1049.269231,-0.014478,0.001000,0.001000,0.001000,0.001000,0.001000
1049.288462,-0.015539,0.001000,0.001000,0.001000,0.001000,0.001000
1049.307692,-0.016592,0.001000,0.001000,0.001000,0.001000,0.001000
1049.326923,-0.017637,0.001000,0.001000,0.001000,0.001000,0.001000
1049.346154,-0.018673,0.001000,0.001000,0.001000,0.001000,0.001000
1049.365385,-0.019699,0.001000,0.001000,0.001000,0.001000,0.001000
1049.384615,-0.020717,0.001000,0.001000,0.001000,0.001000,0.001000
1049.403846,-0.021723,0.001000,0.001000,0.001000,0.001000,0.001000
1049.423077,-0.022720,0.001000,0.001000,0.001000,0.001000,0.001000
1049.442308,-0.023705,0.001000,0.001000,0.001000,0.001000,0.001000
1049.461538,-0.024678,0.001000,0.001000,0.001000,0.001000,0.001000
1049.480769,-0.025639,0.001000,0.001000,0.001000,0.001000,0.001000
1049.500000,-0.026587,0.001000,0.001000,0.001000,0.001000,0.001000
1049.519231,-0.027522,0.001000,0.001000,0.001000,0.001000,0.001000
1049.538462,-0.028444,0.001000,0.001000,0.001000,0.001000,0.001000
1049.557692,-0.029351,0.001000,0.001000,0.001000,0.001000,0.001000
1049.576923,-0.030244,0.001000,0.001000,0.001000,0.001000,0.001000
1049.596154,-0.031122,0.001000,0.001000,0.001000,0.001000,0.001000
1049.615385,-0.031984,0.001000,0.001000,0.001000,0.001000,0.001000
1049.634615,-0.032831,0.001000,0.001000,0.001000,0.001000,0.001000
1049.653846,-0.033662,0.001000,0.001000,0.001000,0.001000,0.001000
1049.673077,-0.034476,0.001000,0.001000,0.001000,0.001000,0.001000
1049.692308,-0.035272,0.001000,0.001000,0.001000,0.001000,0.001000
1049.711538,-0.036052,0.001000,0.001000,0.001000,0.001000,0.001000
1049.730769,-0.036813,0.001000,0.001000,0.001000,0.001000,0.001000
1049.750000,-0.037557,0.001000,0.001000,0.001000,0.001000,0.001000
1049.769231,-0.038281,0.001000,0.001000,0.001000,0.001000,0.001000
1049.788462,-0.038987,0.001000,0.001000,0.001000,0.001000,0.001000
1049.807692,-0.039674,0.001000,0.001000,0.001000,0.001000,0.001000
1049.826923,-0.040341,0.001000,0.001000,0.001000,0.001000,0.001000
1049.846154,-0.040988,0.001000,0.001000,0.001000,0.001000,0.001000
1049.865385,-0.041614,0.001000,0.001000,0.001000,0.001000,0.001000
1049.884615,-0.042220,0.001000,0.001000,0.001000,0.001000,0.001000
1049.903846,-0.042806,0.001000,0.001000,0.001000,0.001000,0.001000
1049.923077,-0.043370,0.001000,0.001000,0.001000,0.001000,0.001000
1049.942308,-0.043912,0.001000,0.001000,0.001000,0.001000,0.001000
1049.961538,-0.044433,0.001000,0.001000,0.001000,0.001000,0.001000
1049.980769,-0.044932,0.001000,0.001000,0.001000,0.001000,0.001000
1050.000000,-0.045409,0.001000,0.001000,0.001000,0.001000,0.001000
1050.019231,-0.045863,0.001000,0.001000,0.001000,0.001000,0.001000
1050.038462,-0.046294,0.001000,0.001000,0.001000,0.001000,0.001000
1050.057692,-0.046703,0.001000,0.001000,0.001000,0.001000,0.001000
1050.076923,-0.047089,0.001000,0.001000,0.001000,0.001000,0.001000
1050.096154,-0.047451,0.001000,0.001000,0.001000,0.001000,0.001000
1050.115385,-0.047790,0.001000,0.001000,0.001000,0.001000,0.001000
1050.134615,-0.048105,0.001000,0.001000,0.001000,0.001000,0.001000
1050.153846,-0.048396,0.001000,0.001000,0.001000,0.001000,0.001000
1050.173077,-0.048664,0.001000,0.001000,0.001000,0.001000,0.001000
1050.192308,-0.048907,0.001000,0.001000,0.001000,0.001000,0.001000
1050.211538,-0.049126,0.001000,0.001000,0.001000,0.001000,0.001000
1050.230769,-0.049321,0.001000,0.001000,0.001000,0.001000,0.001000
1050.250000,-0.049491,0.001000,0.001000,0.001000,0.001000,0.001000
1050.269231,-0.049637,0.001000,0.001000,0.001000,0.001000,0.001000
1050.288462,-0.049759,0.001000,0.001000,0.001000,0.001000,0.001000
1050.307692,-0.049855,0.001000,0.001000,0.001000,0.001000,0.001000
1050.326923,-0.049928,0.001000,0.001000,0.001000,0.001000,0.001000
1050.346154,-0.049975,0.001000,0.001000,0.001000,0.001000,0.001000
1050.365385,-0.049998,0.001000,0.001000,0.001000,0.001000,0.001000
1050.384615,-0.049996,0.001000,0.001000,0.001000,0.001000,0.001000
1050.403846,-0.049969,0.001000,0.001000,0.001000,0.001000,0.001000
1050.423077,-0.049918,0.001000,0.001000,0.001000,0.001000,0.001000
1050.442308,-0.049842,0.001000,0.001000,0.001000,0.001000,0.001000
1050.461538,-0.049741,0.001000,0.001000,0.001000,0.001000,0.001000
1050.480769,-0.049615,0.001000,0.001000,0.001000,0.001000,0.001000
1050.500000,-0.049465,0.001000,0.001000,0.001000,0.001000,0.001000
1050.519231,-0.049291,0.001000,0.001000,0.001000,0.001000,0.001000
1050.538462,-0.049092,0.001000,0.001000,0.001000,0.001000,0.001000
1050.557692,-0.048869,0.001000,0.001000,0.001000,0.001000,0.001000
1050.576923,-0.048622,0.001000,0.001000,0.001000,0.001000,0.001000
1050.596154,-0.048351,0.001000,0.001000,0.001000,0.001000,0.001000
1050.615385,-0.048056,0.001000,0.001000,0.001000,0.001000,0.001000
1050.634615,-0.047737,0.001000,0.001000,0.001000,0.001000,0.001000
1050.653846,-0.047394,0.001000,0.001000,0.001000,0.001000,0.001000
1050.673077,-0.047028,0.001000,0.001000,0.001000,0.001000,0.001000
1050.692308,-0.046639,0.001000,0.001000,0.001000,0.001000,0.001000
1050.711538,-0.046226,0.001000,0.001000,0.001000,0.001000,0.001000
1050.730769,-0.045791,0.001000,0.001000,0.001000,0.001000,0.001000
1050.750000,-0.045333,0.001000,0.001000,0.001000,0.001000,0.001000
1050.769231,-0.044853,0.001000,0.001000,0.001000,0.001000,0.001000
1050.788462,-0.044351,0.001000,0.001000,0.001000,0.001000,0.001000
1050.807692,-0.043826,0.001000,0.001000,0.001000,0.001000,0.001000
1050.826923,-0.043280,0.001000,0.001000,0.001000,0.001000,0.001000
1050.846154,-0.042713,0.001000,0.001000,0.001000,0.001000,0.001000
1050.865385,-0.042124,0.001000,0.001000,0.001000,0.001000,0.001000
1050.884615,-0.041515,0.001000,0.001000,0.001000,0.001000,0.001000
1050.903846,-0.040885,0.001000,0.001000,0.001000,0.001000,0.001000
1050.923077,-0.040234,0.001000,0.001000,0.001000,0.001000,0.001000
1050.942308,-0.039564,0.001000,0.001000,0.001000,0.001000,0.001000
1050.961538,-0.038875,0.001000,0.001000,0.001000,0.001000,0.001000
1050.980769,-0.038166,0.001000,0.001000,0.001000,0.001000,0.001000
1051.000000,-0.037438,0.001000,0.001000,0.001000,0.001000,0.001000
1051.019231,-0.036692,0.001000,0.001000,0.001000,0.001000,0.001000
1051.038462,-0.035927,0.001000,0.001000,0.001000,0.001000,0.001000
1051.057692,-0.035145,0.001000,0.001000,0.001000,0.001000,0.001000
1051.076923,-0.034345,0.001000,0.001000,0.001000,0.001000,0.001000
1051.096154,-0.033529,0.001000,0.001000,0.001000,0.001000,0.001000
1051.115385,-0.032696,0.001000,0.001000,0.001000,0.001000,0.001000
1051.134615,-0.031846,0.001000,0.001000,0.001000,0.001000,0.001000
1051.153846,-0.030981,0.001000,0.001000,0.001000,0.001000,0.001000
1051.173077,-0.030101,0.001000,0.001000,0.001000,0.001000,0.001000
1051.192308,-0.029205,0.001000,0.001000,0.001000,0.001000,0.001000
1051.211538,-0.028296,0.001000,0.001000,0.001000,0.001000,0.001000
1051.230769,-0.027372,0.001000,0.001000,0.001000,0.001000,0.001000
1051.250000,-0.026435,0.001000,0.001000,0.001000,0.001000,0.001000
1051.269231,-0.025484,0.001000,0.001000,0.001000,0.001000,0.001000
1051.288462,-0.024521,0.001000,0.001000,0.001000,0.001000,0.001000
1051.307692,-0.023546,0.001000,0.001000,0.001000,0.001000,0.001000
1051.326923,-0.022560,0.001000,0.001000,0.001000,0.001000,0.001000
1051.346154,-0.021562,0.001000,0.001000,0.001000,0.001000,0.001000
1051.365385,-0.020553,0.001000,0.001000,0.001000,0.001000,0.001000
1051.384615,-0.019534,0.001000,0.001000,0.001000,0.001000,0.001000
1051.403846,-0.018506,0.001000,0.001000,0.001000,0.001000,0.001000
1051.423077,-0.017468,0.001000,0.001000,0.001000,0.001000,0.001000
1051.442308,-0.016422,0.001000,0.001000,0.001000,0.001000,0.001000
1051.461538,-0.015368,0.001000,0.001000,0.001000,0.001000,0.001000
1051.480769,-0.014306,0.001000,0.001000,0.001000,0.001000,0.001000
1051.500000,-0.013237,0.001000,0.001000,0.001000,0.001000,0.001000
1051.519231,-0.012162,0.001000,0.001000,0.001000,0.001000,0.001000
1051.538462,-0.011080,0.001000,0.001000,0.001000,0.001000,0.001000
1051.557692,-0.009993,0.001000,0.001000,0.001000,0.001000,0.001000
1051.576923,-0.008901,0.001000,0.001000,0.001000,0.001000,0.001000
1051.596154,-0.007805,0.001000,0.001000,0.001000,0.001000,0.001000
1051.615385,-0.006704,0.001000,0.001000,0.001000,0.001000,0.001000
1051.634615,-0.005601,0.001000,0.001000,0.001000,0.001000,0.001000
1051.653846,-0.004495,0.001000,0.001000,0.001000,0.001000,0.001000
1051.673077,-0.003386,0.001000,0.001000,0.001000,0.001000,0.001000
1051.692308,-0.002276,0.001000,0.001000,0.001000,0.001000,0.001000
1051.711538,-0.001164,0.001000,0.001000,0.001000,0.001000,0.001000
1051.730769,-0.000053,0.001000,0.001000,0.001000,0.001000,0.001000
1051.750000,0.001059,0.001000,0.001000,0.001000,0.001000,0.001000
1051.769231,0.002171,0.001000,0.001000,0.001000,0.001000,0.001000
1051.788462,0.003281,0.001000,0.001000,0.001000,0.001000,0.001000
1051.807692,0.004390,0.001000,0.001000,0.001000,0.001000,0.001000
1051.826923,0.005496,0.001000,0.001000,0.001000,0.001000,0.001000
1051.846154,0.006600,0.001000,0.001000,0.001000,0.001000,0.001000
1051.865385,0.007701,0.001000,0.001000,0.001000,0.001000,0.001000
1051.884615,0.008798,0.001000,0.001000,0.001000,0.001000,0.001000
1051.903846,0.009890,0.001000,0.001000,0.001000,0.001000,0.001000
1051.923077,0.010978,0.001000,0.001000,0.001000,0.001000,0.001000
1051.942308,0.012060,0.001000,0.001000,0.001000,0.001000,0.001000
1051.961538,0.013136,0.001000,0.001000,0.001000,0.001000,0.001000
1051.980769,0.014205,0.001000,0.001000,0.001000,0.001000,0.001000
1052.000000,0.015268,0.001000,0.001000,0.001000,0.001000,0.001000
1052.019231,0.016323,0.001000,0.001000,0.001000,0.001000,0.001000
1052.038462,0.017370,0.001000,0.001000,0.001000,0.001000,0.001000
1052.057692,0.018408,0.001000,0.001000,0.001000,0.001000,0.001000
1052.076923,0.019438,0.001000,0.001000,0.001000,0.001000,0.001000
1052.096154,0.020457,0.001000,0.001000,0.001000,0.001000,0.001000
1052.115385,0.021467,0.001000,0.001000,0.001000,0.001000,0.001000
1052.134615,0.022466,0.001000,0.001000,0.001000,0.001000,0.001000
1052.153846,0.023454,0.001000,0.001000,0.001000,0.001000,0.001000
1052.173077,0.024430,0.001000,0.001000,0.001000,0.001000,0.001000
1052.192308,0.025394,0.001000,0.001000,0.001000,0.001000,0.001000
1052.211538,0.026345,0.001000,0.001000,0.001000,0.001000,0.001000
1052.230769,0.027284,0.001000,0.001000,0.001000,0.001000,0.001000
1052.250000,0.028209,0.001000,0.001000,0.001000,0.001000,0.001000
1052.269231,0.029120,0.001000,0.001000,0.001000,0.001000,0.001000
1052.288462,0.030017,0.001000,0.001000,0.001000,0.001000,0.001000
1052.307692,0.030899,0.001000,0.001000,0.001000,0.001000,0.001000
1052.326923,0.031765,0.001000,0.001000,0.001000,0.001000,0.001000
1052.346154,0.032616,0.001000,0.001000,0.001000,0.001000,0.001000
1052.365385,0.033451,0.001000,0.001000,0.001000,0.001000,0.001000
1052.384615,0.034269,0.001000,0.001000,0.001000,0.001000,0.001000
1052.403846,0.035070,0.001000,0.001000,0.001000,0.001000,0.001000
1052.423077,0.035854,0.001000,0.001000,0.001000,0.001000,0.001000
1052.442308,0.036620,0.001000,0.001000,0.001000,0.001000,0.001000
1052.461538,0.037368,0.001000,0.001000,0.001000,0.001000,0.001000
1052.480769,0.038098,0.001000,0.001000,0.001000,0.001000,0.001000
1052.500000,0.038808,0.001000,0.001000,0.001000,0.001000,0.001000
1052.519231,0.039500,0.001000,0.001000,0.001000,0.001000,0.001000
1052.538462,0.040172,0.001000,0.001000,0.001000,0.001000,0.001000
1052.557692,0.040824,0.001000,0.001000,0.001000,0.001000,0.001000
1052.576923,0.041456,0.001000,0.001000,0.001000,0.001000,0.001000
1052.596154,0.042067,0.001000,0.001000,0.001000,0.001000,0.001000
1052.615385,0.042658,0.001000,0.001000,0.001000,0.001000,0.001000
1052.634615,0.043227,0.001000,0.001000,0.001000,0.001000,0.001000
1052.653846,0.043775,0.001000,0.001000,0.001000,0.001000,0.001000
1052.673077,0.044302,0.001000,0.001000,0.001000,0.001000,0.001000
1052.692308,0.044807,0.001000,0.001000,0.001000,0.001000,0.001000
1052.711538,0.045289,0.001000,0.001000,0.001000,0.001000,0.001000
1052.730769,0.045749,0.001000,0.001000,0.001000,0.001000,0.001000
1052.750000,0.046186,0.001000,0.001000,0.001000,0.001000,0.001000
1052.769231,0.046601,0.001000,0.001000,0.001000,0.001000,0.001000
1052.788462,0.046992,0.001000,0.001000,0.001000,0.001000,0.001000
1052.807692,0.047360,0.001000,0.001000,0.001000,0.001000,0.001000
1052.826923,0.047705,0.001000,0.001000,0.001000,0.001000,0.001000
1052.846154,0.048026,0.001000,0.001000,0.001000,0.001000,0.001000
1052.865385,0.048324,0.001000,0.001000,0.001000,0.001000,0.001000
1052.884615,0.048597,0.001000,0.001000,0.001000,0.001000,0.001000
1052.903846,0.048847,0.001000,0.001000,0.001000,0.001000,0.001000
1052.923077,0.049072,0.001000,0.001000,0.001000,0.001000,0.001000
1052.942308,0.049273,0.001000,0.001000,0.001000,0.001000,0.001000
1052.961538,0.049450,0.001000,0.001000,0.001000,0.001000,0.001000
1052.980769,0.049602,0.001000,0.001000,0.001000,0.001000,0.001000
1053.000000,0.049730,0.001000,0.001000,0.001000,0.001000,0.001000
1053.019231,0.049833,0.001000,0.001000,0.001000,0.001000,0.001000
1053.038462,0.049912,0.001000,0.001000,0.001000,0.001000,0.001000
1053.057692,0.049965,0.001000,0.001000,0.001000,0.001000,0.001000
1053.076923,0.049994,0.001000,0.001000,0.001000,0.001000,0.001000
1053.096154,0.049999,0.001000,0.001000,0.001000,0.001000,0.001000
1053.115385,0.049978,0.001000,0.001000,0.001000,0.001000,0.001000
1053.134615,0.049933,0.001000,0.001000,0.001000,0.001000,0.001000
1053.153846,0.049863,0.001000,0.001000,0.001000,0.001000,0.001000
1053.173077,0.049769,0.001000,0.001000,0.001000,0.001000,0.001000
1053.192308,0.049650,0.001000,0.001000,0.001000,0.001000,0.001000
1053.211538,0.049506,0.001000,0.001000,0.001000,0.001000,0.001000
1053.230769,0.049338,0.001000,0.001000,0.001000,0.001000,0.001000
1053.250000,0.049145,0.001000,0.001000,0.001000,0.001000,0.001000
1053.269231,0.048929,0.001000,0.001000,0.001000,0.001000,0.001000
1053.288462,0.048688,0.001000,0.001000,0.001000,0.001000,0.001000
1053.307692,0.048422,0.001000,0.001000,0.001000,0.001000,0.001000
1053.326923,0.048133,0.001000,0.001000,0.001000,0.001000,0.001000
1053.346154,0.047820,0.001000,0.001000,0.001000,0.001000,0.001000
1053.365385,0.047484,0.001000,0.001000,0.001000,0.001000,0.001000
1053.384615,0.047124,0.001000,0.001000,0.001000,0.001000,0.001000
1053.403846,0.046741,0.001000,0.001000,0.001000,0.001000,0.001000
1053.423077,0.046334,0.001000,0.001000,0.001000,0.001000,0.001000
1053.442308,0.045905,0.001000,0.001000,0.001000,0.001000,0.001000
1053.461538,0.045453,0.001000,0.001000,0.001000,0.001000,0.001000
1053.480769,0.044978,0.001000,0.001000,0.001000,0.001000,0.001000
1053.500000,0.044481,0.001000,0.001000,0.001000,0.001000,0.001000
1053.519231,0.043962,0.001000,0.001000,0.001000,0.001000,0.001000
1053.538462,0.043422,0.001000,0.001000,0.001000,0.001000,0.001000
1053.557692,0.042860,0.001000,0.001000,0.001000,0.001000,0.001000
1053.576923,0.042277,0.001000,0.001000,0.001000,0.001000,0.001000
1053.596154,0.041672,0.001000,0.001000,0.001000,0.001000,0.001000
1053.615385,0.041048,0.001000,0.001000,0.001000,0.001000,0.001000
1053.634615,0.040403,0.001000,0.001000,0.001000,0.001000,0.001000
1053.653846,0.039738,0.001000,0.001000,0.001000,0.001000,0.001000
1053.673077,0.039053,0.001000,0.001000,0.001000,0.001000,0.001000
1053.692308,0.038349,0.001000,0.001000,0.001000,0.001000,0.001000
1053.711538,0.037626,0.001000,0.001000,0.001000,0.001000,0.001000
1053.730769,0.036884,0.001000,0.001000,0.001000,0.001000,0.001000
1053.750000,0.036125,0.001000,0.001000,0.001000,0.001000,0.001000
1053.769231,0.035347,0.001000,0.001000,0.001000,0.001000,0.001000
1053.788462,0.034552,0.001000,0.001000,0.001000,0.001000,0.001000
1053.807692,0.033739,0.001000,0.001000,0.001000,0.001000,0.001000
1053.826923,0.032910,0.001000,0.001000,0.001000,0.001000,0.001000
1053.846154,0.032065,0.001000,0.001000,0.001000,0.001000,0.001000
1053.865385,0.031204,0.001000,0.001000,0.001000,0.001000,0.001000
1053.884615,0.030328,0.001000,0.001000,0.001000,0.001000,0.001000
1053.903846,0.029436,0.001000,0.001000,0.001000,0.001000,0.001000
1053.923077,0.028530,0.001000,0.001000,0.001000,0.001000,0.001000
1053.942308,0.027610,0.001000,0.001000,0.001000,0.001000,0.001000
1053.961538,0.026676,0.001000,0.001000,0.001000,0.001000,0.001000
1053.980769,0.025729,0.001000,0.001000,0.001000,0.001000,0.001000
1054.000000,0.024769,0.001000,0.001000,0.001000,0.001000,0.001000
1054.019231,0.023797,0.001000,0.001000,0.001000,0.001000,0.001000
1054.038462,0.022813,0.001000,0.001000,0.001000,0.001000,0.001000
1054.057692,0.021818,0.001000,0.001000,0.001000,0.001000,0.001000
1054.076923,0.020812,0.001000,0.001000,0.001000,0.001000,0.001000
1054.096154,0.019796,0.001000,0.001000,0.001000,0.001000,0.001000
1054.115385,0.018770,0.001000,0.001000,0.001000,0.001000,0.001000
1054.134615,0.017735,0.001000,0.001000,0.001000,0.001000,0.001000
1054.153846,0.016691,0.001000,0.001000,0.001000,0.001000,0.001000
1054.173077,0.015639,0.001000,0.001000,0.001000,0.001000,0.001000
1054.192308,0.014578,0.001000,0.001000,0.001000,0.001000,0.001000
1054.211538,0.013511,0.001000,0.001000,0.001000,0.001000,0.001000
1054.230769,0.012437,0.001000,0.001000,0.001000,0.001000,0.001000
1054.250000,0.011357,0.001000,0.001000,0.001000,0.001000,0.001000
1054.269231,0.010272,0.001000,0.001000,0.001000,0.001000,0.001000
1054.288462,0.009181,0.001000,0.001000,0.001000,0.001000,0.001000
1054.307692,0.008086,0.001000,0.001000,0.001000,0.001000,0.001000
1054.326923,0.006986,0.001000,0.001000,0.001000,0.001000,0.001000
1054.346154,0.005884,0.001000,0.001000,0.001000,0.001000,0.001000
1054.365385,0.004778,0.001000,0.001000,0.001000,0.001000,0.001000
1054.384615,0.003670,0.001000,0.001000,0.001000,0.001000,0.001000
1054.403846,0.002560,0.001000,0.001000,0.001000,0.001000,0.001000
1054.423077,0.001449,0.001000,0.001000,0.001000,0.001000,0.001000
1054.442308,0.000337,0.001000,0.001000,0.001000,0.001000,0.001000
1054.461538,-0.000775,0.001000,0.001000,0.001000,0.001000,0.001000
1054.480769,-0.001886,0.001000,0.001000,0.001000,0.001000,0.001000
1054.500000,-0.002997,0.001000,0.001000,0.001000,0.001000,0.001000
1054.519231,-0.004106,0.001000,0.001000,0.001000,0.001000,0.001000
1054.538462,-0.005214,0.001000,0.001000,0.001000,0.001000,0.001000
1054.557692,-0.006318,0.001000,0.001000,0.001000,0.001000,0.001000
1054.576923,-0.007420,0.001000,0.001000,0.001000,0.001000,0.001000
1054.596154,-0.008517,0.001000,0.001000,0.001000,0.001000,0.001000
1054.615385,-0.009611,0.001000,0.001000,0.001000,0.001000,0.001000
1054.634615,-0.010700,0.001000,0.001000,0.001000,0.001000,0.001000
1054.653846,-0.011783,0.001000,0.001000,0.001000,0.001000,0.001000
1054.673077,-0.012861,0.001000,0.001000,0.001000,0.001000,0.001000
1054.692308,-0.013932,0.001000,0.001000,0.001000,0.001000,0.001000
1054.711538,-0.014997,0.001000,0.001000,0.001000,0.001000,0.001000
1054.730769,-0.016054,0.001000,0.001000,0.001000,0.001000,0.001000
1054.750000,-0.017103,0.001000,0.001000,0.001000,0.001000,0.001000
1054.769231,-0.018143,0.001000,0.001000,0.001000,0.001000,0.001000
1054.788462,-0.019175,0.001000,0.001000,0.001000,0.001000,0.001000
1054.807692,-0.020197,0.001000,0.001000,0.001000,0.001000,0.001000
1054.826923,-0.021209,0.001000,0.001000,0.001000,0.001000,0.001000
1054.846154,-0.022211,0.001000,0.001000,0.001000,0.001000,0.001000
1054.865385,-0.023202,0.001000,0.001000,0.001000,0.001000,0.001000
1054.884615,-0.024181,0.001000,0.001000,0.001000,0.001000,0.001000
1054.903846,-0.025148,0.001000,0.001000,0.001000,0.001000,0.001000
1054.923077,-0.026103,0.001000,0.001000,0.001000,0.001000,0.001000
1054.942308,-0.027045,0.001000,0.001000,0.001000,0.001000,0.001000
1054.961538,-0.027974,0.001000,0.001000,0.001000,0.001000,0.001000
1054.980769,-0.028888,0.001000,0.001000,0.001000,0.001000,0.001000
1055.000000,-0.029789,0.001000,0.001000,0.001000,0.001000,0.001000
1055.019231,-0.030674,0.001000,0.001000,0.001000,0.001000,0.001000
1055.038462,-0.031545,0.001000,0.001000,0.001000,0.001000,0.001000
1055.057692,-0.032400,0.001000,0.001000,0.001000,0.001000,0.001000
1055.076923,-0.033239,0.001000,0.001000,0.001000,0.001000,0.001000
1055.096154,-0.034061,0.001000,0.001000,0.001000,0.001000,0.001000
1055.115385,-0.034867,0.001000,0.001000,0.001000,0.001000,0.001000
1055.134615,-0.035655,0.001000,0.001000,0.001000,0.001000,0.001000
1055.153846,-0.036426,0.001000,0.001000,0.001000,0.001000,0.001000
1055.173077,-0.037179,0.001000,0.001000,0.001000,0.001000,0.001000
1055.192308,-0.037913,0.001000,0.001000,0.001000,0.001000,0.001000
1055.211538,-0.038628,0.001000,0.001000,0.001000,0.001000,0.001000
1055.230769,-0.039325,0.001000,0.001000,0.001000,0.001000,0.001000
1055.250000,-0.040002,0.001000,0.001000,0.001000,0.001000,0.001000
1055.269231,-0.040659,0.001000,0.001000,0.001000,0.001000,0.001000
1055.288462,-0.041296,0.001000,0.001000,0.001000,0.001000,0.001000
1055.307692,-0.041913,0.001000,0.001000,0.001000,0.001000,0.001000
1055.326923,-0.042509,0.001000,0.001000,0.001000,0.001000,0.001000
1055.346154,-0.043084,0.001000,0.001000,0.001000,0.001000,0.001000
1055.365385,-0.043637,0.001000,0.001000,0.001000,0.001000,0.001000
1055.384615,-0.044169,0.001000,0.001000,0.001000,0.001000,0.001000
1055.403846,-0.044679,0.001000,0.001000,0.001000,0.001000,0.001000
1055.423077,-0.045168,0.001000,0.001000,0.001000,0.001000,0.001000
1055.442308,-0.045633,0.001000,0.001000,0.001000,0.001000,0.001000
1055.461538,-0.046076,0.001000,0.001000,0.001000,0.001000,0.001000
1055.480769,-0.046497,0.001000,0.001000,0.001000,0.001000,0.001000
1055.500000,-0.046894,0.001000,0.001000,0.001000,0.001000,0.001000
1055.519231,-0.047268,0.001000,0.001000,0.001000,0.001000,0.001000
1055.538462,-0.047619,0.001000,0.001000,0.001000,0.001000,0.001000
1055.557692,-0.047946,0.001000,0.001000,0.001000,0.001000,0.001000
1055.576923,-0.048250,0.001000,0.001000,0.001000,0.001000,0.001000
1055.596154,-0.048530,0.001000,0.001000,0.001000,0.001000,0.001000
1055.615385,-0.048785,0.001000,0.001000,0.001000,0.001000,0.001000
1055.634615,-0.049017,0.001000,0.001000,0.001000,0.001000,0.001000
1055.653846,-0.049224,0.001000,0.001000,0.001000,0.001000,0.001000
1055.673077,-0.049407,0.001000,0.001000,0.001000,0.001000,0.001000
1055.692308,-0.049566,0.001000,0.001000,0.001000,0.001000,0.001000
1055.711538,-0.049700,0.001000,0.001000,0.001000,0.001000,0.001000
1055.730769,-0.049809,0.001000,0.001000,0.001000,0.001000,0.001000
1055.750000,-0.049894,0.001000,0.001000,0.001000,0.001000,0.001000
1055.769231,-0.049954,0.001000,0.001000,0.001000,0.001000,0.001000
1055.788462,-0.049989,0.001000,0.001000,0.001000,0.001000,0.001000
1055.807692,-0.050000,0.001000,0.001000,0.001000,0.001000,0.001000
1055.826923,-0.049986,0.001000,0.001000,0.001000,0.001000,0.001000
1055.846154,-0.049947,0.001000,0.001000,0.001000,0.001000,0.001000
1055.865385,-0.049884,0.001000,0.001000,0.001000,0.001000,0.001000
1055.884615,-0.049795,0.001000,0.001000,0.001000,0.001000,0.001000
1055.903846,-0.049683,0.001000,0.001000,0.001000,0.001000,0.001000
1055.923077,-0.049545,0.001000,0.001000,0.001000,0.001000,0.001000
1055.942308,-0.049383,0.001000,0.001000,0.001000,0.001000,0.001000
1055.961538,-0.049197,0.001000,0.001000,0.001000,0.001000,0.001000
1055.980769,-0.048986,0.001000,0.001000,0.001000,0.001000,0.001000
1056.000000,-0.048752,0.001000,0.001000,0.001000,0.001000,0.001000
1056.019231,-0.048493,0.001000,0.001000,0.001000,0.001000,0.001000
1056.038462,-0.048210,0.001000,0.001000,0.001000,0.001000,0.001000
1056.057692,-0.047903,0.001000,0.001000,0.001000,0.001000,0.001000
1056.076923,-0.047572,0.001000,0.001000,0.001000,0.001000,0.001000
1056.096154,-0.047218,0.001000,0.001000,0.001000,0.001000,0.001000
1056.115385,-0.046841,0.001000,0.001000,0.001000,0.001000,0.001000
1056.134615,-0.046440,0.001000,0.001000,0.001000,0.001000,0.001000
1056.153846,-0.046017,0.001000,0.001000,0.001000,0.001000,0.001000
1056.173077,-0.045570,0.001000,0.001000,0.001000,0.001000,0.001000
1056.192308,-0.045102,0.001000,0.001000,0.001000,0.001000,0.001000
1056.211538,-0.044610,0.001000,0.001000,0.001000,0.001000,0.001000
1056.230769,-0.044097,0.001000,0.001000,0.001000,0.001000,0.001000
1056.250000,-0.043562,0.001000,0.001000,0.001000,0.001000,0.001000
1056.269231,-0.043006,0.001000,0.001000,0.001000,0.001000,0.001000
1056.288462,-0.042428,0.001000,0.001000,0.001000,0.001000,0.001000
1056.307692,-0.041829,0.001000,0.001000,0.001000,0.001000,0.001000
1056.326923,-0.041210,0.001000,0.001000,0.001000,0.001000,0.001000
1056.346154,-0.040570,0.001000,0.001000,0.001000,0.001000,0.001000
1056.365385,-0.039910,0.001000,0.001000,0.001000,0.001000,0.001000
1056.384615,-0.039230,0.001000,0.001000,0.001000,0.001000,0.001000
1056.403846,-0.038531,0.001000,0.001000,0.001000,0.001000,0.001000
1056.423077,-0.037813,0.001000,0.001000,0.001000,0.001000,0.001000
1056.442308,-0.037076,0.001000,0.001000,0.001000,0.001000,0.001000
1056.461538,-0.036321,0.001000,0.001000,0.001000,0.001000,0.001000
1056.480769,-0.035548,0.001000,0.001000,0.001000,0.001000,0.001000
1056.500000,-0.034757,0.001000,0.001000,0.001000,0.001000,0.001000
1056.519231,-0.033949,0.001000,0.001000,0.001000,0.001000,0.001000
1056.538462,-0.033124,0.001000,0.001000,0.001000,0.001000,0.001000
1056.557692,-0.032283,0.001000,0.001000,0.001000,0.001000,0.001000
1056.576923,-0.031426,0.001000,0.001000,0.001000,0.001000,0.001000
1056.596154,-0.030553,0.001000,0.001000,0.001000,0.001000,0.001000
1056.615385,-0.029666,0.001000,0.001000,0.001000,0.001000,0.001000
1056.634615,-0.028763,0.001000,0.001000,0.001000,0.001000,0.001000
1056.653846,-0.027846,0.001000,0.001000,0.001000,0.001000,0.001000
1056.673077,-0.026916,0.001000,0.001000,0.001000,0.001000,0.001000
1056.692308,-0.025972,0.001000,0.001000,0.001000,0.001000,0.001000
1056.711538,-0.025016,0.001000,0.001000,0.001000,0.001000,0.001000
1056.730769,-0.024047,0.001000,0.001000,0.001000,0.001000,0.001000
1056.750000,-0.023066,0.001000,0.001000,0.001000,0.001000,0.001000
1056.769231,-0.022074,0.001000,0.001000,0.001000,0.001000,0.001000
1056.788462,-0.021071,0.001000,0.001000,0.001000,0.001000,0.001000
1056.807692,-0.020057,0.001000,0.001000,0.001000,0.001000,0.001000
1056.826923,-0.019034,0.001000,0.001000,0.001000,0.001000,0.001000
1056.846154,-0.018001,0.001000,0.001000,0.001000,0.001000,0.001000
1056.865385,-0.016959,0.001000,0.001000,0.001000,0.001000,0.001000
1056.884615,-0.015909,0.001000,0.001000,0.001000,0.001000,0.001000
1056.903846,-0.014850,0.001000,0.001000,0.001000,0.001000,0.001000
1056.923077,-0.013785,0.001000,0.001000,0.001000,0.001000,0.001000
1056.942308,-0.012713,0.001000,0.001000,0.001000,0.001000,0.001000
1056.961538,-0.011634,0.001000,0.001000,0.001000,0.001000,0.001000
1056.980769,-0.010550,0.001000,0.001000,0.001000,0.001000,0.001000
1057.000000,-0.009460,0.001000,0.001000,0.001000,0.001000,0.001000
1057.019231,-0.008366,0.001000,0.001000,0.001000,0.001000,0.001000
1057.038462,-0.007268,0.001000,0.001000,0.001000,0.001000,0.001000
1057.057692,-0.006166,0.001000,0.001000,0.001000,0.001000,0.001000
1057.076923,-0.005061,0.001000,0.001000,0.001000,0.001000,0.001000
1057.096154,-0.003954,0.001000,0.001000,0.001000,0.001000,0.001000
1057.115385,-0.002844,0.001000,0.001000,0.001000,0.001000,0.001000
1057.134615,-0.001733,0.001000,0.001000,0.001000,0.001000,0.001000
1057.153846,-0.000622,0.001000,0.001000,0.001000,0.001000,0.001000
1057.173077,0.000490,0.001000,0.001000,0.001000,0.001000,0.001000
1057.192308,0.001602,0.001000,0.001000,0.001000,0.001000,0.001000
1057.211538,0.002713,0.001000,0.001000,0.001000,0.001000,0.001000
1057.230769,0.003823,0.001000,0.001000,0.001000,0.001000,0.001000
1057.250000,0.004930,0.001000,0.001000,0.001000,0.001000,0.001000
1057.269231,0.006036,0.001000,0.001000,0.001000,0.001000,0.001000
1057.288462,0.007138,0.001000,0.001000,0.001000,0.001000,0.001000
1057.307692,0.008237,0.001000,0.001000,0.001000,0.001000,0.001000
1057.326923,0.009331,0.001000,0.001000,0.001000,0.001000,0.001000
1057.346154,0.010422,0.001000,0.001000,0.001000,0.001000,0.001000
1057.365385,0.011507,0.001000,0.001000,0.001000,0.001000,0.001000
1057.384615,0.012586,0.001000,0.001000,0.001000,0.001000,0.001000
1057.403846,0.013659,0.001000,0.001000,0.001000,0.001000,0.001000
1057.423077,0.014725,0.001000,0.001000,0.001000,0.001000,0.001000
1057.442308,0.015784,0.001000,0.001000,0.001000,0.001000,0.001000
1057.461538,0.016835,0.001000,0.001000,0.001000,0.001000,0.001000
1057.480769,0.017878,0.001000,0.001000,0.001000,0.001000,0.001000
1057.500000,0.018912,0.001000,0.001000,0.001000,0.001000,0.001000
1057.519231,0.019937,0.001000,0.001000,0.001000,0.001000,0.001000
1057.538462,0.020951,0.001000,0.001000,0.001000,0.001000,0.001000
1057.557692,0.021956,0.001000,0.001000,0.001000,0.001000,0.001000
1057.576923,0.022949,0.001000,0.001000,0.001000,0.001000,0.001000
1057.596154,0.023932,0.001000,0.001000,0.001000,0.001000,0.001000
1057.615385,0.024902,0.001000,0.001000,0.001000,0.001000,0.001000
1057.634615,0.025860,0.001000,0.001000,0.001000,0.001000,0.001000
1057.653846,0.026805,0.001000,0.001000,0.001000,0.001000,0.001000
1057.673077,0.027737,0.001000,0.001000,0.001000,0.001000,0.001000
1057.692308,0.028656,0.001000,0.001000,0.001000,0.001000,0.001000
1057.711538,0.029560,0.001000,0.001000,0.001000,0.001000,0.001000
1057.730769,0.030449,0.001000,0.001000,0.001000,0.001000,0.001000
1057.750000,0.031324,0.001000,0.001000,0.001000,0.001000,0.001000
1057.769231,0.032183,0.001000,0.001000,0.001000,0.001000,0.001000
1057.788462,0.033026,0.001000,0.001000,0.001000,0.001000,0.001000
1057.807692,0.033852,0.001000,0.001000,0.001000,0.001000,0.001000
1057.826923,0.034662,0.001000,0.001000,0.001000,0.001000,0.001000
1057.846154,0.035455,0.001000,0.001000,0.001000,0.001000,0.001000
1057.865385,0.036230,0.001000,0.001000,0.001000,0.001000,0.001000
1057.884615,0.036988,0.001000,0.001000,0.001000,0.001000,0.001000
1057.903846,0.037727,0.001000,0.001000,0.001000,0.001000,0.001000
1057.923077,0.038447,0.001000,0.001000,0.001000,0.001000,0.001000
1057.942308,0.039148,0.001000,0.001000,0.001000,0.001000,0.001000
1057.961538,0.039830,0.001000,0.001000,0.001000,0.001000,0.001000
1057.980769,0.040493,0.001000,0.001000,0.001000,0.001000,0.001000
1058.000000,0.041135,0.001000,0.001000,0.001000,0.001000,0.001000
1058.019231,0.041757,0.001000,0.001000,0.001000,0.001000,0.001000
1058.038462,0.042358,0.001000,0.001000,0.001000,0.001000,0.001000
1058.057692,0.042939,0.001000,0.001000,0.001000,0.001000,0.001000
1058.076923,0.043498,0.001000,0.001000,0.001000,0.001000,0.001000
1058.096154,0.044035,0.001000,0.001000,0.001000,0.001000,0.001000
1058.115385,0.044551,0.001000,0.001000,0.001000,0.001000,0.001000
1058.134615,0.045045,0.001000,0.001000,0.001000,0.001000,0.001000
1058.153846,0.045516,0.001000,0.001000,0.001000,0.001000,0.001000
1058.173077,0.045965,0.001000,0.001000,0.001000,0.001000,0.001000
1058.192308,0.046391,0.001000,0.001000,0.001000,0.001000,0.001000
1058.211538,0.046795,0.001000,0.001000,0.001000,0.001000,0.001000
1058.230769,0.047175,0.001000,0.001000,0.001000,0.001000,0.001000
1058.250000,0.047532,0.001000,0.001000,0.001000,0.001000,0.001000
1058.269231,0.047865,0.001000,0.001000,0.001000,0.001000,0.001000
1058.288462,0.048175,0.001000,0.001000,0.001000,0.001000,0.001000
1058.307692,0.048460,0.001000,0.001000,0.001000,0.001000,0.001000
1058.326923,0.048722,0.001000,0.001000,0.001000,0.001000,0.001000
1058.346154,0.048960,0.001000,0.001000,0.001000,0.001000,0.001000
1058.365385,0.049173,0.001000,0.001000,0.001000,0.001000,0.001000
1058.384615,0.049363,0.001000,0.001000,0.001000,0.001000,0.001000
1058.403846,0.049527,0.001000,0.001000,0.001000,0.001000,0.001000
1058.423077,0.049668,0.001000,0.001000,0.001000,0.001000,0.001000
1058.442308,0.049783,0.001000,0.001000,0.001000,0.001000,0.001000
1058.461538,0.049874,0.001000,0.001000,0.001000,0.001000,0.001000
1058.480769,0.049941,0.001000,0.001000,0.001000,0.001000,0.001000
1058.500000,0.049983,0.001000,0.001000,0.001000,0.001000,0.001000
1058.519231,0.050000,0.001000,0.001000,0.001000,0.001000,0.001000
1058.538462,0.049992,0.001000,0.001000,0.001000,0.001000,0.001000
1058.557692,0.049959,0.001000,0.001000,0.001000,0.001000,0.001000
1058.576923,0.049902,0.001000,0.001000,0.001000,0.001000,0.001000
1058.596154,0.049820,0.001000,0.001000,0.001000,0.001000,0.001000
1058.615385,0.049714,0.001000,0.001000,0.001000,0.001000,0.001000
1058.634615,0.049583,0.001000,0.001000,0.001000,0.001000,0.001000
1058.653846,0.049427,0.001000,0.001000,0.001000,0.001000,0.001000
1058.673077,0.049247,0.001000,0.001000,0.001000,0.001000,0.001000
1058.692308,0.049043,0.001000,0.001000,0.001000,0.001000,0.001000
1058.711538,0.048814,0.001000,0.001000,0.001000,0.001000,0.001000
1058.730769,0.048561,0.001000,0.001000,0.001000,0.001000,0.001000
1058.750000,0.048284,0.001000,0.001000,0.001000,0.001000,0.001000
1058.769231,0.047984,0.001000,0.001000,0.001000,0.001000,0.001000
1058.788462,0.047659,0.001000,0.001000,0.001000,0.001000,0.001000
1058.807692,0.047311,0.001000,0.001000,0.001000,0.001000,0.001000
1058.826923,0.046940,0.001000,0.001000,0.001000,0.001000,0.001000
1058.846154,0.046545,0.001000,0.001000,0.001000,0.001000,0.001000
1058.865385,0.046127,0.001000,0.001000,0.001000,0.001000,0.001000
1058.884615,0.045687,0.001000,0.001000,0.001000,0.001000,0.001000
1058.903846,0.045224,0.001000,0.001000,0.001000,0.001000,0.001000
1058.923077,0.044738,0.001000,0.001000,0.001000,0.001000,0.001000
1058.942308,0.044231,0.001000,0.001000,0.001000,0.001000,0.001000
1058.961538,0.043701,0.001000,0.001000,0.001000,0.001000,0.001000
1058.980769,0.043150,0.001000,0.001000,0.001000,0.001000,0.001000
1059.000000,0.042578,0.001000,0.001000,0.001000,0.001000,0.001000
1059.019231,0.041984,0.001000,0.001000,0.001000,0.001000,0.001000
1059.038462,0.041370,0.001000,0.001000,0.001000,0.001000,0.001000
1059.057692,0.040735,0.001000,0.001000,0.001000,0.001000,0.001000
1059.076923,0.040080,0.001000,0.001000,0.001000,0.001000,0.001000
1059.096154,0.039406,0.001000,0.001000,0.001000,0.001000,0.001000
1059.115385,0.038712,0.001000,0.001000,0.001000,0.001000,0.001000
1059.134615,0.037998,0.001000,0.001000,0.001000,0.001000,0.001000
1059.153846,0.037266,0.001000,0.001000,0.001000,0.001000,0.001000
1059.173077,0.036516,0.001000,0.001000,0.001000,0.001000,0.001000
1059.192308,0.035747,0.001000,0.001000,0.001000,0.001000,0.001000
1059.211538,0.034961,0.001000,0.001000,0.001000,0.001000,0.001000
1059.230769,0.034157,0.001000,0.001000,0.001000,0.001000,0.001000
1059.250000,0.033337,0.001000,0.001000,0.001000,0.001000,0.001000
1059.269231,0.032500,0.001000,0.001000,0.001000,0.001000,0.001000
1059.288462,0.031647,0.001000,0.001000,0.001000,0.001000,0.001000
1059.307692,0.030778,0.001000,0.001000,0.001000,0.001000,0.001000
1059.326923,0.029894,0.001000,0.001000,0.001000,0.001000,0.001000
1059.346154,0.028995,0.001000,0.001000,0.001000,0.001000,0.001000
1059.365385,0.028082,0.001000,0.001000,0.001000,0.001000,0.001000
1059.384615,0.027155,0.001000,0.001000,0.001000,0.001000,0.001000
1059.403846,0.026215,0.001000,0.001000,0.001000,0.001000,0.001000
1059.423077,0.025262,0.001000,0.001000,0.001000,0.001000,0.001000
1059.442308,0.024296,0.001000,0.001000,0.001000,0.001000,0.001000
1059.461538,0.023318,0.001000,0.001000,0.001000,0.001000,0.001000
1059.480769,0.022329,0.001000,0.001000,0.001000,0.001000,0.001000
1059.500000,0.021328,0.001000,0.001000,0.001000,0.001000,0.001000
1059.519231,0.020317,0.001000,0.001000,0.001000,0.001000,0.001000
1059.538462,0.019296,0.001000,0.001000,0.001000,0.001000,0.001000
1059.557692,0.018266,0.001000,0.001000,0.001000,0.001000,0.001000
1059.576923,0.017226,0.001000,0.001000,0.001000,0.001000,0.001000
1059.596154,0.016178,0.001000,0.001000,0.001000,0.001000,0.001000
1059.615385,0.015122,0.001000,0.001000,0.001000,0.001000,0.001000
1059.634615,0.014058,0.001000,0.001000,0.001000,0.001000,0.001000
1059.653846,0.012988,0.001000,0.001000,0.001000,0.001000,0.001000
1059.673077,0.011911,0.001000,0.001000,0.001000,0.001000,0.001000
1059.692308,0.010828,0.001000,0.001000,0.001000,0.001000,0.001000
1059.711538,0.009740,0.001000,0.001000,0.001000,0.001000,0.001000
1059.730769,0.008647,0.001000,0.001000,0.001000,0.001000,0.001000
1059.750000,0.007549,0.001000,0.001000,0.001000,0.001000,0.001000
1059.769231,0.006448,0.001000,0.001000,0.001000,0.001000,0.001000
1059.788462,0.005344,0.001000,0.001000,0.001000,0.001000,0.001000
1059.807692,0.004237,0.001000,0.001000,0.001000,0.001000,0.001000
1059.826923,0.003128,0.001000,0.001000,0.001000,0.001000,0.001000
1059.846154,0.002018,0.001000,0.001000,0.001000,0.001000,0.001000
1059.865385,0.000906,0.001000,0.001000,0.001000,0.001000,0.001000
1059.884615,-0.000206,0.001000,0.001000,0.001000,0.001000,0.001000
1059.903846,-0.001318,0.001000,0.001000,0.001000,0.001000,0.001000
1059.923077,-0.002429,0.001000,0.001000,0.001000,0.001000,0.001000
1059.942308,-0.003539,0.001000,0.001000,0.001000,0.001000,0.001000
1059.961538,-0.004647,0.001000,0.001000,0.001000,0.001000,0.001000
1059.980769,-0.005753,0.001000,0.001000,0.001000,0.001000,0.001000
1060.000000,0.000000,0.001000,0.001000,0.001000,0.001000,0.001000
1060.019231,0.001100,0.001000,0.001000,0.001000,0.001000,0.001000
1060.038462,0.002199,0.001000,0.001000,0.001000,0.001000,0.001000
1060.057692,0.003297,0.001000,0.001000,0.001000,0.001000,0.001000
1060.076923,0.004394,0.001000,0.001000,0.001000,0.001000,0.001000
1060.096154,0.005488,0.001000,0.001000,0.001000,0.001000,0.001000
1060.115385,0.006580,0.001000,0.001000,0.001000,0.001000,0.001000
1060.134615,0.007668,0.001000,0.001000,0.001000,0.001000,0.001000
1060.153846,0.008753,0.001000,0.001000,0.001000,0.001000,0.001000
1060.173077,0.009834,0.001000,0.001000,0.001000,0.001000,0.001000
1060.192308,0.010910,0.001000,0.001000,0.001000,0.001000,0.001000
1060.211538,0.011980,0.001000,0.001000,0.001000,0.001000,0.001000
1060.230769,0.013045,0.001000,0.001000,0.001000,0.001000,0.001000
1060.250000,0.014103,0.001000,0.001000,0.001000,0.001000,0.001000
1060.269231,0.015155,0.001000,0.001000,0.001000,0.001000,0.001000
1060.288462,0.016199,0.001000,0.001000,0.001000,0.001000,0.001000
1060.307692,0.017236,0.001000,0.001000,0.001000,0.001000,0.001000
1060.326923,0.018264,0.001000,0.001000,0.001000,0.001000,0.001000
1060.346154,0.019283,0.001000,0.001000,0.001000,0.001000,0.001000
1060.365385,0.020293,0.001000,0.001000,0.001000,0.001000,0.001000
1060.384615,0.021294,0.001000,0.001000,0.001000,0.001000,0.001000
1060.403846,0.022283,0.001000,0.001000,0.001000,0.001000,0.001000
1060.423077,0.023262,0.001000,0.001000,0.001000,0.001000,0.001000
1060.442308,0.024230,0.001000,0.001000,0.001000,0.001000,0.001000
1060.461538,0.025186,0.001000,0.001000,0.001000,0.001000,0.001000
1060.480769,0.026130,0.001000,0.001000,0.001000,0.001000,0.001000
1060.500000,0.027062,0.001000,0.001000,0.001000,0.001000,0.001000
1060.519231,0.027980,0.001000,0.001000,0.001000,0.001000,0.001000
1060.538462,0.028884,0.001000,0.001000,0.001000,0.001000,0.001000
1060.557692,0.029775,0.001000,0.001000,0.001000,0.001000,0.001000
1060.576923,0.030651,0.001000,0.001000,0.001000,0.001000,0.001000
1060.596154,0.031513,0.001000,0.001000,0.001000,0.001000,0.001000
1060.615385,0.032359,0.001000,0.001000,0.001000,0.001000,0.001000
1060.634615,0.033189,0.001000,0.001000,0.001000,0.001000,0.001000
1060.653846,0.034004,0.001000,0.001000,0.001000,0.001000,0.001000
1060.673077,0.034802,0.001000,0.001000,0.001000,0.001000,0.001000
1060.692308,0.035583,0.001000,0.001000,0.001000,0.001000,0.001000
1060.711538,0.036347,0.001000,0.001000,0.001000,0.001000,0.001000
1060.730769,0.037093,0.001000,0.001000,0.001000,0.001000,0.001000
1060.750000,0.037822,0.001000,0.001000,0.001000,0.001000,0.001000
1060.769231,0.038532,0.001000,0.001000,0.001000,0.001000,0.001000
1060.788462,0.039224,0.001000,0.001000,0.001000,0.001000,0.001000
1060.807692,0.039896,0.001000,0.001000,0.001000,0.001000,0.001000
1060.826923,0.040549,0.001000,0.001000,0.001000,0.001000,0.001000
1060.846154,0.041183,0.001000,0.001000,0.001000,0.001000,0.001000
1060.865385,0.041797,0.001000,0.001000,0.001000,0.001000,0.001000
1060.884615,0.042390,0.001000,0.001000,0.001000,0.001000,0.001000
1060.903846,0.042963,0.001000,0.001000,0.001000,0.001000,0.001000
1060.923077,0.043515,0.001000,0.001000,0.001000,0.001000,0.001000
1060.942308,0.044046,0.001000,0.001000,0.001000,0.001000,0.001000
1060.961538,0.044556,0.001000,0.001000,0.001000,0.001000,0.001000
1060.980769,0.045044,0.001000,0.001000,0.001000,0.001000,0.001000
1061.000000,0.045511,0.001000,0.001000,0.001000,0.001000,0.001000
1061.019231,0.045955,0.001000,0.001000,0.001000,0.001000,0.001000
1061.038462,0.046377,0.001000,0.001000,0.001000,0.001000,0.001000
1061.057692,0.046777,0.001000,0.001000,0.001000,0.001000,0.001000
1061.076923,0.047154,0.001000,0.001000,0.001000,0.001000,0.001000
1061.096154,0.047509,0.001000,0.001000,0.001000,0.001000,0.001000
1061.115385,0.047840,0.001000,0.001000,0.001000,0.001000,0.001000
1061.134615,0.048148,0.001000,0.001000,0.001000,0.001000,0.001000
1061.153846,0.048433,0.001000,0.001000,0.001000,0.001000,0.001000
1061.173077,0.048694,0.001000,0.001000,0.001000,0.001000,0.001000
1061.192308,0.048932,0.001000,0.001000,0.001000,0.001000,0.001000
1061.211538,0.049146,0.001000,0.001000,0.001000,0.001000,0.001000
1061.230769,0.049337,0.001000,0.001000,0.001000,0.001000,0.001000
1061.250000,0.049503,0.001000,0.001000,0.001000,0.001000,0.001000
1061.269231,0.049646,0.001000,0.001000,0.001000,0.001000,0.001000
1061.288462,0.049765,0.001000,0.001000,0.001000,0.001000,0.001000
1061.307692,0.049859,0.001000,0.001000,0.001000,0.001000,0.001000
1061.326923,0.049930,0.001000,0.001000,0.001000,0.001000,0.001000
1061.346154,0.049976,0.001000,0.001000,0.001000,0.001000,0.001000
1061.365385,0.049998,0.001000,0.001000,0.001000,0.001000,0.001000
1061.384615,0.049996,0.001000,0.001000,0.001000,0.001000,0.001000
1061.403846,0.049970,0.001000,0.001000,0.001000,0.001000,0.001000
1061.423077,0.049919,0.001000,0.001000,0.001000,0.001000,0.001000
1061.442308,0.049844,0.001000,0.001000,0.001000,0.001000,0.001000
1061.461538,0.049746,0.001000,0.001000,0.001000,0.001000,0.001000
1061.480769,0.049623,0.001000,0.001000,0.001000,0.001000,0.001000
1061.500000,0.049476,0.001000,0.001000,0.001000,0.001000,0.001000
1061.519231,0.049305,0.001000,0.001000,0.001000,0.001000,0.001000
1061.538462,0.049111,0.001000,0.001000,0.001000,0.001000,0.001000
1061.557692,0.048892,0.001000,0.001000,0.001000,0.001000,0.001000
1061.576923,0.048650,0.001000,0.001000,0.001000,0.001000,0.001000
1061.596154,0.048385,0.001000,0.001000,0.001000,0.001000,0.001000
1061.615385,0.048096,0.001000,0.001000,0.001000,0.001000,0.001000
1061.634615,0.047783,0.001000,0.001000,0.001000,0.001000,0.001000
1061.653846,0.047448,0.001000,0.001000,0.001000,0.001000,0.001000
1061.673077,0.047090,0.001000,0.001000,0.001000,0.001000,0.001000
1061.692308,0.046709,0.001000,0.001000,0.001000,0.001000,0.001000
1061.711538,0.046305,0.001000,0.001000,0.001000,0.001000,0.001000
1061.730769,0.045879,0.001000,0.001000,0.001000,0.001000,0.001000
1061.750000,0.045430,0.001000,0.001000,0.001000,0.001000,0.001000
1061.769231,0.044960,0.001000,0.001000,0.001000,0.001000,0.001000
1061.788462,0.044468,0.001000,0.001000,0.001000,0.001000,0.001000
1061.807692,0.043955,0.001000,0.001000,0.001000,0.001000,0.001000
1061.826923,0.043420,0.001000,0.001000,0.001000,0.001000,0.001000
1061.846154,0.042864,0.001000,0.001000,0.001000,0.001000,0.001000
1061.865385,0.042287,0.001000,0.001000,0.001000,0.001000,0.001000
1061.884615,0.041690,0.001000,0.001000,0.001000,0.001000,0.001000
1061.903846,0.041073,0.001000,0.001000,0.001000,0.001000,0.001000
1061.923077,0.040436,0.001000,0.001000,0.001000,0.001000,0.001000
1061.942308,0.039779,0.001000,0.001000,0.001000,0.001000,0.001000
1061.961538,0.039104,0.001000,0.001000,0.001000,0.001000,0.001000
1061.980769,0.038409,0.001000,0.001000,0.001000,0.001000,0.001000
1062.000000,0.037695,0.001000,0.001000,0.001000,0.001000,0.001000
1062.019231,0.036964,0.001000,0.001000,0.001000,0.001000,0.001000
1062.038462,0.036214,0.001000,0.001000,0.001000,0.001000,0.001000
1062.057692,0.035447,0.001000,0.001000,0.001000,0.001000,0.001000
1062.076923,0.034663,0.001000,0.001000,0.001000,0.001000,0.001000
1062.096154,0.033862,0.001000,0.001000,0.001000,0.001000,0.001000
1062.115385,0.033045,0.001000,0.001000,0.001000,0.001000,0.001000
1062.134615,0.032212,0.001000,0.001000,0.001000,0.001000,0.001000
1062.153846,0.031363,0.001000,0.001000,0.001000,0.001000,0.001000
1062.173077,0.030499,0.001000,0.001000,0.001000,0.001000,0.001000
1062.192308,0.029620,0.001000,0.001000,0.001000,0.001000,0.001000
1062.211538,0.028727,0.001000,0.001000,0.001000,0.001000,0.001000
1062.230769,0.027820,0.001000,0.001000,0.001000,0.001000,0.001000
1062.250000,0.026899,0.001000,0.001000,0.001000,0.001000,0.001000
1062.269231,0.025966,0.001000,0.001000,0.001000,0.001000,0.001000
1062.288462,0.025019,0.001000,0.001000,0.001000,0.001000,0.001000
1062.307692,0.024061,0.001000,0.001000,0.001000,0.001000,0.001000
1062.326923,0.023091,0.001000,0.001000,0.001000,0.001000,0.001000
1062.346154,0.022110,0.001000,0.001000,0.001000,0.001000,0.001000
1062.365385,0.021119,0.001000,0.001000,0.001000,0.001000,0.001000
1062.384615,0.020117,0.001000,0.001000,0.001000,0.001000,0.001000
1062.403846,0.019105,0.001000,0.001000,0.001000,0.001000,0.001000
1062.423077,0.018084,0.001000,0.001000,0.001000,0.001000,0.001000
1062.442308,0.017055,0.001000,0.001000,0.001000,0.001000,0.001000
1062.461538,0.016017,0.001000,0.001000,0.001000,0.001000,0.001000
1062.480769,0.014971,0.001000,0.001000,0.001000,0.001000,0.001000
1062.500000,0.013918,0.001000,0.001000,0.001000,0.001000,0.001000
1062.519231,0.012859,0.001000,0.001000,0.001000,0.001000,0.001000
1062.538462,0.011793,0.001000,0.001000,0.001000,0.001000,0.001000
1062.557692,0.010721,0.001000,0.001000,0.001000,0.001000,0.001000
1062.576923,0.009644,0.001000,0.001000,0.001000,0.001000,0.001000
1062.596154,0.008563,0.001000,0.001000,0.001000,0.001000,0.001000
1062.615385,0.007477,0.001000,0.001000,0.001000,0.001000,0.001000
1062.634615,0.006388,0.001000,0.001000,0.001000,0.001000,0.001000
1062.653846,0.005296,0.001000,0.001000,0.001000,0.001000,0.001000
1062.673077,0.004201,0.001000,0.001000,0.001000,0.001000,0.001000
1062.692308,0.003104,0.001000,0.001000,0.001000,0.001000,0.001000
1062.711538,0.002006,0.001000,0.001000,0.001000,0.001000,0.001000
1062.730769,0.000907,0.001000,0.001000,0.001000,0.001000,0.001000
1062.750000,-0.000193,0.001000,0.001000,0.001000,0.001000,0.001000
1062.769231,-0.001293,0.001000,0.001000,0.001000,0.001000,0.001000
1062.788462,-0.002392,0.001000,0.001000,0.001000,0.001000,0.001000
1062.807692,-0.003490,0.001000,0.001000,0.001000,0.001000,0.001000
1062.826923,-0.004586,0.001000,0.001000,0.001000,0.001000,0.001000
1062.846154,-0.005680,0.001000,0.001000,0.001000,0.001000,0.001000
1062.865385,-0.006771,0.001000,0.001000,0.001000,0.001000,0.001000
1062.884615,-0.007859,0.001000,0.001000,0.001000,0.001000,0.001000
1062.903846,-0.008943,0.001000,0.001000,0.001000,0.001000,0.001000
1062.923077,-0.010023,0.001000,0.001000,0.001000,0.001000,0.001000
1062.942308,-0.011098,0.001000,0.001000,0.001000,0.001000,0.001000
1062.961538,-0.012168,0.001000,0.001000,0.001000,0.001000,0.001000
1062.980769,-0.013231,0.001000,0.001000,0.001000,0.001000,0.001000
1063.000000,-0.014289,0.001000,0.001000,0.001000,0.001000,0.001000
1063.019231,-0.015339,0.001000,0.001000,0.001000,0.001000,0.001000
1063.038462,-0.016382,0.001000,0.001000,0.001000,0.001000,0.001000
1063.057692,-0.017417,0.001000,0.001000,0.001000,0.001000,0.001000
1063.076923,-0.018444,0.001000,0.001000,0.001000,0.001000,0.001000
1063.096154,-0.019461,0.001000,0.001000,0.001000,0.001000,0.001000
1063.115385,-0.020470,0.001000,0.001000,0.001000,0.001000,0.001000
1063.134615,-0.021468,0.001000,0.001000,0.001000,0.001000,0.001000
1063.153846,-0.022456,0.001000,0.001000,0.001000,0.001000,0.001000
1063.173077,-0.023433,0.001000,0.001000,0.001000,0.001000,0.001000
1063.192308,-0.024399,0.001000,0.001000,0.001000,0.001000,0.001000
1063.211538,-0.025353,0.001000,0.001000,0.001000,0.001000,0.001000
1063.230769,-0.026295,0.001000,0.001000,0.001000,0.001000,0.001000
1063.250000,-0.027224,0.001000,0.001000,0.001000,0.001000,0.001000
1063.269231,-0.028140,0.001000,0.001000,0.001000,0.001000,0.001000
1063.288462,-0.029042,0.001000,0.001000,0.001000,0.001000,0.001000
1063.307692,-0.029930,0.001000,0.001000,0.001000,0.001000,0.001000
1063.326923,-0.030804,0.001000,0.001000,0.001000,0.001000,0.001000
1063.346154,-0.031662,0.001000,0.001000,0.001000,0.001000,0.001000
1063.365385,-0.032506,0.001000,0.001000,0.001000,0.001000,0.001000
1063.384615,-0.033334,0.001000,0.001000,0.001000,0.001000,0.001000
1063.403846,-0.034145,0.001000,0.001000,0.001000,0.001000,0.001000
1063.423077,-0.034940,0.001000,0.001000,0.001000,0.001000,0.001000
1063.442308,-0.035719,0.001000,0.001000,0.001000,0.001000,0.001000
1063.461538,-0.036479,0.001000,0.001000,0.001000,0.001000,0.001000
1063.480769,-0.037223,0.001000,0.001000,0.001000,0.001000,0.001000
1063.500000,-0.037948,0.001000,0.001000,0.001000,0.001000,0.001000
1063.519231,-0.038655,0.001000,0.001000,0.001000,0.001000,0.001000
1063.538462,-0.039343,0.001000,0.001000,0.001000,0.001000,0.001000
1063.557692,-0.040012,0.001000,0.001000,0.001000,0.001000,0.001000
1063.576923,-0.040662,0.001000,0.001000,0.001000,0.001000,0.001000
1063.596154,-0.041292,0.001000,0.001000,0.001000,0.001000,0.001000
1063.615385,-0.041902,0.001000,0.001000,0.001000,0.001000,0.001000
1063.634615,-0.042492,0.001000,0.001000,0.001000,0.001000,0.001000
1063.653846,-0.043061,0.001000,0.001000,0.001000,0.001000,0.001000
1063.673077,-0.043610,0.001000,0.001000,0.001000,0.001000,0.001000
1063.692308,-0.044137,0.001000,0.001000,0.001000,0.001000,0.001000
1063.711538,-0.044643,0.001000,0.001000,0.001000,0.001000,0.001000
1063.730769,-0.045128,0.001000,0.001000,0.001000,0.001000,0.001000
1063.750000,-0.045590,0.001000,0.001000,0.001000,0.001000,0.001000
1063.769231,-0.046031,0.001000,0.001000,0.001000,0.001000,0.001000
1063.788462,-0.046449,0.001000,0.001000,0.001000,0.001000,0.001000
1063.807692,-0.046845,0.001000,0.001000,0.001000,0.001000,0.001000
1063.826923,-0.047218,0.001000,0.001000,0.001000,0.001000,0.001000
1063.846154,-0.047568,0.001000,0.001000,0.001000,0.001000,0.001000
1063.865385,-0.047896,0.001000,0.001000,0.001000,0.001000,0.001000
1063.884615,-0.048200,0.001000,0.001000,0.001000,0.001000,0.001000
1063.903846,-0.048481,0.001000,0.001000,0.001000,0.001000,0.001000
1063.923077,-0.048738,0.001000,0.001000,0.001000,0.001000,0.001000
1063.942308,-0.048972,0.001000,0.001000,0.001000,0.001000,0.001000
1063.961538,-0.049182,0.001000,0.001000,0.001000,0.001000,0.001000
1063.980769,-0.049368,0.001000,0.001000,0.001000,0.001000,0.001000
1064.000000,-0.049530,0.001000,0.001000,0.001000,0.001000,0.001000
1064.019231,-0.049669,0.001000,0.001000,0.001000,0.001000,0.001000
1064.038462,-0.049783,0.001000,0.001000,0.001000,0.001000,0.001000
1064.057692,-0.049873,0.001000,0.001000,0.001000,0.001000,0.001000
1064.076923,-0.049939,0.001000,0.001000,0.001000,0.001000,0.001000
1064.096154,-0.049982,0.001000,0.001000,0.001000,0.001000,0.001000
1064.115385,-0.049999,0.001000,0.001000,0.001000,0.001000,0.001000
1064.134615,-0.049993,0.001000,0.001000,0.001000,0.001000,0.001000
1064.153846,-0.049962,0.001000,0.001000,0.001000,0.001000,0.001000
1064.173077,-0.049908,0.001000,0.001000,0.001000,0.001000,0.001000
1064.192308,-0.049829,0.001000,0.001000,0.001000,0.001000,0.001000
1064.211538,-0.049726,0.001000,0.001000,0.001000,0.001000,0.001000
1064.230769,-0.049599,0.001000,0.001000,0.001000,0.001000,0.001000
1064.250000,-0.049448,0.001000,0.001000,0.001000,0.001000,0.001000
1064.269231,-0.049273,0.001000,0.001000,0.001000,0.001000,0.001000
1064.288462,-0.049074,0.001000,0.001000,0.001000,0.001000,0.001000
1064.307692,-0.048851,0.001000,0.001000,0.001000,0.001000,0.001000
1064.326923,-0.048605,0.001000,0.001000,0.001000,0.001000,0.001000
1064.346154,-0.048336,0.001000,0.001000,0.001000,0.001000,0.001000
1064.365385,-0.048042,0.001000,0.001000,0.001000,0.001000,0.001000
1064.384615,-0.047726,0.001000,0.001000,0.001000,0.001000,0.001000
1064.403846,-0.047387,0.001000,0.001000,0.001000,0.001000,0.001000
1064.423077,-0.047024,0.001000,0.001000,0.001000,0.001000,0.001000
1064.442308,-0.046639,0.001000,0.001000,0.001000,0.001000,0.001000
1064.461538,-0.046232,0.001000,0.001000,0.001000,0.001000,0.001000
1064.480769,-0.045802,0.001000,0.001000,0.001000,0.001000,0.001000
1064.500000,-0.045349,0.001000,0.001000,0.001000,0.001000,0.001000
1064.519231,-0.044875,0.001000,0.001000,0.001000,0.001000,0.001000
1064.538462,-0.044380,0.001000,0.001000,0.001000,0.001000,0.001000
1064.557692,-0.043862,0.001000,0.001000,0.001000,0.001000,0.001000
1064.576923,-0.043324,0.001000,0.001000,0.001000,0.001000,0.001000
1064.596154,-0.042764,0.001000,0.001000,0.001000,0.001000,0.001000
1064.615385,-0.042184,0.001000,0.001000,0.001000,0.001000,0.001000
1064.634615,-0.041583,0.001000,0.001000,0.001000,0.001000,0.001000
1064.653846,-0.040963,0.001000,0.001000,0.001000,0.001000,0.001000
1064.673077,-0.040322,0.001000,0.001000,0.001000,0.001000,0.001000
1064.692308,-0.039662,0.001000,0.001000,0.001000,0.001000,0.001000
1064.711538,-0.038983,0.001000,0.001000,0.001000,0.001000,0.001000
1064.730769,-0.038285,0.001000,0.001000,0.001000,0.001000,0.001000
1064.750000,-0.037568,0.001000,0.001000,0.001000,0.001000,0.001000
1064.769231,-0.036833,0.001000,0.001000,0.001000,0.001000,0.001000
1064.788462,-0.036081,0.001000,0.001000,0.001000,0.001000,0.001000
1064.807692,-0.035311,0.001000,0.001000,0.001000,0.001000,0.001000
1064.826923,-0.034524,0.001000,0.001000,0.001000,0.001000,0.001000
1064.846154,-0.033720,0.001000,0.001000,0.001000,0.001000,0.001000
1064.865385,-0.032900,0.001000,0.001000,0.001000,0.001000,0.001000
1064.884615,-0.032064,0.001000,0.001000,0.001000,0.001000,0.001000
1064.903846,-0.031212,0.001000,0.001000,0.001000,0.001000,0.001000
1064.923077,-0.030345,0.001000,0.001000,0.001000,0.001000,0.001000
1064.942308,-0.029464,0.001000,0.001000,0.001000,0.001000,0.001000
1064.961538,-0.028568,0.001000,0.001000,0.001000,0.001000,0.001000
1064.980769,-0.027659,0.001000,0.001000,0.001000,0.001000,0.001000
1065.000000,-0.026736,0.001000,0.001000,0.001000,0.001000,0.001000
1065.019231,-0.025800,0.001000,0.001000,0.001000,0.001000,0.001000
1065.038462,-0.024852,0.001000,0.001000,0.001000,0.001000,0.001000
1065.057692,-0.023892,0.001000,0.001000,0.001000,0.001000,0.001000
1065.076923,-0.022920,0.001000,0.001000,0.001000,0.001000,0.001000
1065.096154,-0.021937,0.001000,0.001000,0.001000,0.001000,0.001000
1065.115385,-0.020944,0.001000,0.001000,0.001000,0.001000,0.001000
1065.134615,-0.019940,0.001000,0.001000,0.001000,0.001000,0.001000
1065.153846,-0.018927,0.001000,0.001000,0.001000,0.001000,0.001000
1065.173077,-0.017904,0.001000,0.001000,0.001000,0.001000,0.001000
1065.192308,-0.016873,0.001000,0.001000,0.001000,0.001000,0.001000
1065.211538,-0.015834,0.001000,0.001000,0.001000,0.001000,0.001000
1065.230769,-0.014787,0.001000,0.001000,0.001000,0.001000,0.001000
1065.250000,-0.013733,0.001000,0.001000,0.001000,0.001000,0.001000
1065.269231,-0.012672,0.001000,0.001000,0.001000,0.001000,0.001000
1065.288462,-0.011605,0.001000,0.001000,0.001000,0.001000,0.001000
1065.307692,-0.010532,0.001000,0.001000,0.001000,0.001000,0.001000
1065.326923,-0.009455,0.001000,0.001000,0.001000,0.001000,0.001000
1065.346154,-0.008373,0.001000,0.001000,0.001000,0.001000,0.001000
1065.365385,-0.007287,0.001000,0.001000,0.001000,0.001000,0.001000
1065.384615,-0.006197,0.001000,0.001000,0.001000,0.001000,0.001000
1065.403846,-0.005104,0.001000,0.001000,0.001000,0.001000,0.001000
1065.423077,-0.004009,0.001000,0.001000,0.001000,0.001000,0.001000
1065.442308,-0.002912,0.001000,0.001000,0.001000,0.001000,0.001000
1065.461538,-0.001813,0.001000,0.001000,0.001000,0.001000,0.001000
1065.480769,-0.000714,0.001000,0.001000,0.001000,0.001000,0.001000
1065.500000,0.000386,0.001000,0.001000,0.001000,0.001000,0.001000
1065.519231,0.001486,0.001000,0.001000,0.001000,0.001000,0.001000
1065.538462,0.002585,0.001000,0.001000,0.001000,0.001000,0.001000
1065.557692,0.003682,0.001000,0.001000,0.001000,0.001000,0.001000
1065.576923,0.004778,0.001000,0.001000,0.001000,0.001000,0.001000
1065.596154,0.005872,0.001000,0.001000,0.001000,0.001000,0.001000
1065.615385,0.006962,0.001000,0.001000,0.001000,0.001000,0.001000
1065.634615,0.008050,0.001000,0.001000,0.001000,0.001000,0.001000
1065.653846,0.009133,0.001000,0.001000,0.001000,0.001000,0.001000
1065.673077,0.010212,0.001000,0.001000,0.001000,0.001000,0.001000
1065.692308,0.011286,0.001000,0.001000,0.001000,0.001000,0.001000
1065.711538,0.012355,0.001000,0.001000,0.001000,0.001000,0.001000
1065.730769,0.013417,0.001000,0.001000,0.001000,0.001000,0.001000
1065.750000,0.014473,0.001000,0.001000,0.001000,0.001000,0.001000
1065.769231,0.015523,0.001000,0.001000,0.001000,0.001000,0.001000
1065.788462,0.016564,0.001000,0.001000,0.001000,0.001000,0.001000
1065.807692,0.017598,0.001000,0.001000,0.001000,0.001000,0.001000
1065.826923,0.018623,0.001000,0.001000,0.001000,0.001000,0.001000
1065.846154,0.019639,0.001000,0.001000,0.001000,0.001000,0.001000
1065.865385,0.020646,0.001000,0.001000,0.001000,0.001000,0.001000
1065.884615,0.021642,0.001000,0.001000,0.001000,0.001000,0.001000
1065.903846,0.022628,0.001000,0.001000,0.001000,0.001000,0.001000
1065.923077,0.023604,0.001000,0.001000,0.001000,0.001000,0.001000
1065.942308,0.024567,0.001000,0.001000,0.001000,0.001000,0.001000
1065.961538,0.025519,0.001000,0.001000,0.001000,0.001000,0.001000
1065.980769,0.026459,0.001000,0.001000,0.001000,0.001000,0.001000
1066.000000,0.027385,0.001000,0.001000,0.001000,0.001000,0.001000
1066.019231,0.028299,0.001000,0.001000,0.001000,0.001000,0.001000
1066.038462,0.029199,0.001000,0.001000,0.001000,0.001000,0.001000
1066.057692,0.030084,0.001000,0.001000,0.001000,0.001000,0.001000
1066.076923,0.030955,0.001000,0.001000,0.001000,0.001000,0.001000
1066.096154,0.031812,0.001000,0.001000,0.001000,0.001000,0.001000
1066.115385,0.032652,0.001000,0.001000,0.001000,0.001000,0.001000
1066.134615,0.033477,0.001000,0.001000,0.001000,0.001000,0.001000
1066.153846,0.034286,0.001000,0.001000,0.001000,0.001000,0.001000
1066.173077,0.035078,0.001000,0.001000,0.001000,0.001000,0.001000
1066.192308,0.035853,0.001000,0.001000,0.001000,0.001000,0.001000
1066.211538,0.036611,0.001000,0.001000,0.001000,0.001000,0.001000
1066.230769,0.037351,0.001000,0.001000,0.001000,0.001000,0.001000
1066.250000,0.038073,0.001000,0.001000,0.001000,0.001000,0.001000
1066.269231,0.038777,0.001000,0.001000,0.001000,0.001000,0.001000
1066.288462,0.039462,0.001000,0.001000,0.001000,0.001000,0.001000
1066.307692,0.040128,0.001000,0.001000,0.001000,0.001000,0.001000
1066.326923,0.040774,0.001000,0.001000,0.001000,0.001000,0.001000
1066.346154,0.041401,0.001000,0.001000,0.001000,0.001000,0.001000
1066.365385,0.042007,0.001000,0.001000,0.001000,0.001000,0.001000
1066.384615,0.042594,0.001000,0.001000,0.001000,0.001000,0.001000
1066.403846,0.043159,0.001000,0.001000,0.001000,0.001000,0.001000
1066.423077,0.043704,0.001000,0.001000,0.001000,0.001000,0.001000
1066.442308,0.044228,0.001000,0.001000,0.001000,0.001000,0.001000
1066.461538,0.044730,0.001000,0.001000,0.001000,0.001000,0.001000
1066.480769,0.045211,0.001000,0.001000,0.001000,0.001000,0.001000
1066.500000,0.045669,0.001000,0.001000,0.001000,0.001000,0.001000
1066.519231,0.046106,0.001000,0.001000,0.001000,0.001000,0.001000
1066.538462,0.046520,0.001000,0.001000,0.001000,0.001000,0.001000
1066.557692,0.046912,0.001000,0.001000,0.001000,0.001000,0.001000
1066.576923,0.047281,0.001000,0.001000,0.001000,0.001000,0.001000
1066.596154,0.047627,0.001000,0.001000,0.001000,0.001000,0.001000
1066.615385,0.047951,0.001000,0.001000,0.001000,0.001000,0.001000
1066.634615,0.048251,0.001000,0.001000,0.001000,0.001000,0.001000
1066.653846,0.048527,0.001000,0.001000,0.001000,0.001000,0.001000
1066.673077,0.048781,0.001000,0.001000,0.001000,0.001000,0.001000
1066.692308,0.049010,0.001000,0.001000,0.001000,0.001000,0.001000
1066.711538,0.049216,0.001000,0.001000,0.001000,0.001000,0.001000
1066.730769,0.049398,0.001000,0.001000,0.001000,0.001000,0.001000
1066.750000,0.049556,0.001000,0.001000,0.001000,0.001000,0.001000
1066.769231,0.049690,0.001000,0.001000,0.001000,0.001000,0.001000
1066.788462,0.049801,0.001000,0.001000,0.001000,0.001000,0.001000
1066.807692,0.049887,0.001000,0.001000,0.001000,0.001000,0.001000
1066.826923,0.049949,0.001000,0.001000,0.001000,0.001000,0.001000
1066.846154,0.049986,0.001000,0.001000,0.001000,0.001000,0.001000
1066.865385,0.050000,0.001000,0.001000,0.001000,0.001000,0.001000
1066.884615,0.049989,0.001000,0.001000,0.001000,0.001000,0.001000
1066.903846,0.049955,0.001000,0.001000,0.001000,0.001000,0.001000
1066.923077,0.049896,0.001000,0.001000,0.001000,0.001000,0.001000
1066.942308,0.049812,0.001000,0.001000,0.001000,0.001000,0.001000
1066.961538,0.049705,0.001000,0.001000,0.001000,0.001000,0.001000
1066.980769,0.049574,0.001000,0.001000,0.001000,0.001000,0.001000
1067.000000,0.049419,0.001000,0.001000,0.001000,0.001000,0.001000
1067.019231,0.049240,0.001000,0.001000,0.001000,0.001000,0.001000
1067.038462,0.049037,0.001000,0.001000,0.001000,0.001000,0.001000
1067.057692,0.048810,0.001000,0.001000,0.001000,0.001000,0.001000
1067.076923,0.048560,0.001000,0.001000,0.001000,0.001000,0.001000
1067.096154,0.048286,0.001000,0.001000,0.001000,0.001000,0.001000
1067.115385,0.047989,0.001000,0.001000,0.001000,0.001000,0.001000
1067.134615,0.047668,0.001000,0.001000,0.001000,0.001000,0.001000
1067.153846,0.047325,0.001000,0.001000,0.001000,0.001000,0.001000
1067.173077,0.046958,0.001000,0.001000,0.001000,0.001000,0.001000
1067.192308,0.046569,0.001000,0.001000,0.001000,0.001000,0.001000
1067.211538,0.046158,0.001000,0.001000,0.001000,0.001000,0.001000
1067.230769,0.045724,0.001000,0.001000,0.001000,0.001000,0.001000
1067.250000,0.045268,0.001000,0.001000,0.001000,0.001000,0.001000
1067.269231,0.044790,0.001000,0.001000,0.001000,0.001000,0.001000
1067.288462,0.044290,0.001000,0.001000,0.001000,0.001000,0.001000
1067.307692,0.043769,0.001000,0.001000,0.001000,0.001000,0.001000
1067.326923,0.043227,0.001000,0.001000,0.001000,0.001000,0.001000
1067.346154,0.042664,0.001000,0.001000,0.001000,0.001000,0.001000
1067.365385,0.042080,0.001000,0.001000,0.001000,0.001000,0.001000
1067.384615,0.041476,0.001000,0.001000,0.001000,0.001000,0.001000
1067.403846,0.040852,0.001000,0.001000,0.001000,0.001000,0.001000
1067.423077,0.040208,0.001000,0.001000,0.001000,0.001000,0.001000
1067.442308,0.039544,0.001000,0.001000,0.001000,0.001000,0.001000
1067.461538,0.038862,0.001000,0.001000,0.001000,0.001000,0.001000
1067.480769,0.038160,0.001000,0.001000,0.001000,0.001000,0.001000
1067.500000,0.037441,0.001000,0.001000,0.001000,0.001000,0.001000
1067.519231,0.036703,0.001000,0.001000,0.001000,0.001000,0.001000
1067.538462,0.035947,0.001000,0.001000,0.001000,0.001000,0.001000
1067.557692,0.035174,0.001000,0.001000,0.001000,0.001000,0.001000
1067.576923,0.034384,0.001000,0.001000,0.001000,0.001000,0.001000
1067.596154,0.033577,0.001000,0.001000,0.001000,0.001000,0.001000
1067.615385,0.032754,0.001000,0.001000,0.001000,0.001000,0.001000
1067.634615,0.031915,0.001000,0.001000,0.001000,0.001000,0.001000
1067.653846,0.031061,0.001000,0.001000,0.001000,0.001000,0.001000
1067.673077,0.030192,0.001000,0.001000,0.001000,0.001000,0.001000
1067.692308,0.029308,0.001000,0.001000,0.001000,0.001000,0.001000
1067.711538,0.028410,0.001000,0.001000,0.001000,0.001000,0.001000
1067.730769,0.027498,0.001000,0.001000,0.001000,0.001000,0.001000
1067.750000,0.026573,0.001000,0.001000,0.001000,0.001000,0.001000
1067.769231,0.025635,0.001000,0.001000,0.001000,0.001000,0.001000
1067.788462,0.024684,0.001000,0.001000,0.001000,0.001000,0.001000
1067.807692,0.023722,0.001000,0.001000,0.001000,0.001000,0.001000
1067.826923,0.022748,0.001000,0.001000,0.001000,0.001000,0.001000
1067.846154,0.021763,0.001000,0.001000,0.001000,0.001000,0.001000
1067.865385,0.020768,0.001000,0.001000,0.001000,0.001000,0.001000
1067.884615,0.019763,0.001000,0.001000,0.001000,0.001000,0.001000
1067.903846,0.018748,0.001000,0.001000,0.001000,0.001000,0.001000
1067.923077,0.017724,0.001000,0.001000,0.001000,0.001000,0.001000
1067.942308,0.016691,0.001000,0.001000,0.001000,0.001000,0.001000
1067.961538,0.015650,0.001000,0.001000,0.001000,0.001000,0.001000
1067.980769,0.014602,0.001000,0.001000,0.001000,0.001000,0.001000
1068.000000,0.013547,0.001000,0.001000,0.001000,0.001000,0.001000
1068.019231,0.012485,0.001000,0.001000,0.001000,0.001000,0.001000
1068.038462,0.011417,0.001000,0.001000,0.001000,0.001000,0.001000
1068.057692,0.010344,0.001000,0.001000,0.001000,0.001000,0.001000
1068.076923,0.009265,0.001000,0.001000,0.001000,0.001000,0.001000
1068.096154,0.008182,0.001000,0.001000,0.001000,0.001000,0.001000
1068.115385,0.007095,0.001000,0.001000,0.001000,0.001000,0.001000
1068.134615,0.006005,0.001000,0.001000,0.001000,0.001000,0.001000
1068.153846,0.004912,0.001000,0.001000,0.001000,0.001000,0.001000
1068.173077,0.003816,0.001000,0.001000,0.001000,0.001000,0.001000
1068.192308,0.002719,0.001000,0.001000,0.001000,0.001000,0.001000
1068.211538,0.001620,0.001000,0.001000,0.001000,0.001000,0.001000
1068.230769,0.000521,0.001000,0.001000,0.001000,0.001000,0.001000
1068.250000,-0.000579,0.001000,0.001000,0.001000,0.001000,0.001000
1068.269231,-0.001679,0.001000,0.001000,0.001000,0.001000,0.001000
1068.288462,-0.002777,0.001000,0.001000,0.001000,0.001000,0.001000
1068.307692,-0.003875,0.001000,0.001000,0.001000,0.001000,0.001000
1068.326923,-0.004970,0.001000,0.001000,0.001000,0.001000,0.001000
1068.346154,-0.006063,0.001000,0.001000,0.001000,0.001000,0.001000
1068.365385,-0.007153,0.001000,0.001000,0.001000,0.001000,0.001000
1068.384615,-0.008240,0.001000,0.001000,0.001000,0.001000,0.001000
1068.403846,-0.009323,0.001000,0.001000,0.001000,0.001000,0.001000
1068.423077,-0.010401,0.001000,0.001000,0.001000,0.001000,0.001000
1068.442308,-0.011474,0.001000,0.001000,0.001000,0.001000,0.001000
1068.461538,-0.012542,0.001000,0.001000,0.001000,0.001000,0.001000
1068.480769,-0.013603,0.001000,0.001000,0.001000,0.001000,0.001000
1068.500000,-0.014658,0.001000,0.001000,0.001000,0.001000,0.001000
1068.519231,-0.015706,0.001000,0.001000,0.001000,0.001000,0.001000
1068.538462,-0.016746,0.001000,0.001000,0.001000,0.001000,0.001000
1068.557692,-0.017778,0.001000,0.001000,0.001000,0.001000,0.001000
1068.576923,-0.018802,0.001000,0.001000,0.001000,0.001000,0.001000
1068.596154,-0.019816,0.001000,0.001000,0.001000,0.001000,0.001000
1068.615385,-0.020821,0.001000,0.001000,0.001000,0.001000,0.001000
1068.634615,-0.021816,0.001000,0.001000,0.001000,0.001000,0.001000
1068.653846,-0.022800,0.001000,0.001000,0.001000,0.001000,0.001000
1068.673077,-0.023774,0.001000,0.001000,0.001000,0.001000,0.001000
1068.692308,-0.024735,0.001000,0.001000,0.001000,0.001000,0.001000
1068.711538,-0.025685,0.001000,0.001000,0.001000,0.001000,0.001000
1068.730769,-0.026622,0.001000,0.001000,0.001000,0.001000,0.001000
1068.750000,-0.027547,0.001000,0.001000,0.001000,0.001000,0.001000
1068.769231,-0.028458,0.001000,0.001000,0.001000,0.001000,0.001000
1068.788462,-0.029355,0.001000,0.001000,0.001000,0.001000,0.001000
1068.807692,-0.030238,0.001000,0.001000,0.001000,0.001000,0.001000
1068.826923,-0.031107,0.001000,0.001000,0.001000,0.001000,0.001000
1068.846154,-0.031960,0.001000,0.001000,0.001000,0.001000,0.001000
1068.865385,-0.032798,0.001000,0.001000,0.001000,0.001000,0.001000
1068.884615,-0.033620,0.001000,0.001000,0.001000,0.001000,0.001000
1068.903846,-0.034426,0.001000,0.001000,0.001000,0.001000,0.001000
1068.923077,-0.035215,0.001000,0.001000,0.001000,0.001000,0.001000
1068.942308,-0.035988,0.001000,0.001000,0.001000,0.001000,0.001000
1068.961538,-0.036742,0.001000,0.001000,0.001000,0.001000,0.001000
1068.980769,-0.037479,0.001000,0.001000,0.001000,0.001000,0.001000
1069.000000,-0.038198,0.001000,0.001000,0.001000,0.001000,0.001000
1069.019231,-0.038899,0.001000,0.001000,0.001000,0.001000,0.001000
1069.038462,-0.039580,0.001000,0.001000,0.001000,0.001000,0.001000
1069.057692,-0.040243,0.001000,0.001000,0.001000,0.001000,0.001000
1069.076923,-0.040885,0.001000,0.001000,0.001000,0.001000,0.001000
1069.096154,-0.041509,0.001000,0.001000,0.001000,0.001000,0.001000
1069.115385,-0.042112,0.001000,0.001000,0.001000,0.001000,0.001000
1069.134615,-0.042694,0.001000,0.001000,0.001000,0.001000,0.001000
1069.153846,-0.043256,0.001000,0.001000,0.001000,0.001000,0.001000
1069.173077,-0.043797,0.001000,0.001000,0.001000,0.001000,0.001000
1069.192308,-0.044317,0.001000,0.001000,0.001000,0.001000,0.001000
1069.211538,-0.044816,0.001000,0.001000,0.001000,0.001000,0.001000
1069.230769,-0.045293,0.001000,0.001000,0.001000,0.001000,0.001000
1069.250000,-0.045748,0.001000,0.001000,0.001000,0.001000,0.001000
1069.269231,-0.046180,0.001000,0.001000,0.001000,0.001000,0.001000
1069.288462,-0.046591,0.001000,0.001000,0.001000,0.001000,0.001000
1069.307692,-0.046979,0.001000,0.001000,0.001000,0.001000,0.001000
1069.326923,-0.047344,0.001000,0.001000,0.001000,0.001000,0.001000
1069.346154,-0.047686,0.001000,0.001000,0.001000,0.001000,0.001000
1069.365385,-0.048005,0.001000,0.001000,0.001000,0.001000,0.001000
1069.384615,-0.048301,0.001000,0.001000,0.001000,0.001000,0.001000
1069.403846,-0.048574,0.001000,0.001000,0.001000,0.001000,0.001000
1069.423077,-0.048823,0.001000,0.001000,0.001000,0.001000,0.001000
1069.442308,-0.049048,0.001000,0.001000,0.001000,0.001000,0.001000
1069.461538,-0.049250,0.001000,0.001000,0.001000,0.001000,0.001000
1069.480769,-0.049428,0.001000,0.001000,0.001000,0.001000,0.001000
1069.500000,-0.049582,0.001000,0.001000,0.001000,0.001000,0.001000
1069.519231,-0.049712,0.001000,0.001000,0.001000,0.001000,0.001000
1069.538462,-0.049817,0.001000,0.001000,0.001000,0.001000,0.001000
1069.557692,-0.049899,0.001000,0.001000,0.001000,0.001000,0.001000
1069.576923,-0.049957,0.001000,0.001000,0.001000,0.001000,0.001000
1069.596154,-0.049991,0.001000,0.001000,0.001000,0.001000,0.001000
1069.615385,-0.050000,0.001000,0.001000,0.001000,0.001000,0.001000
1069.634615,-0.049985,0.001000,0.001000,0.001000,0.001000,0.001000
1069.653846,-0.049946,0.001000,0.001000,0.001000,0.001000,0.001000
1069.673077,-0.049883,0.001000,0.001000,0.001000,0.001000,0.001000
1069.692308,-0.049795,0.001000,0.001000,0.001000,0.001000,0.001000
1069.711538,-0.049684,0.001000,0.001000,0.001000,0.001000,0.001000
1069.730769,-0.049548,0.001000,0.001000,0.001000,0.001000,0.001000
1069.750000,-0.049389,0.001000,0.001000,0.001000,0.001000,0.001000
1069.769231,-0.049206,0.001000,0.001000,0.001000,0.001000,0.001000
1069.788462,-0.048999,0.001000,0.001000,0.001000,0.001000,0.001000
1069.807692,-0.048768,0.001000,0.001000,0.001000,0.001000,0.001000
1069.826923,-0.048513,0.001000,0.001000,0.001000,0.001000,0.001000
1069.846154,-0.048235,0.001000,0.001000,0.001000,0.001000,0.001000
1069.865385,-0.047934,0.001000,0.001000,0.001000,0.001000,0.001000
1069.884615,-0.047610,0.001000,0.001000,0.001000,0.001000,0.001000
1069.903846,-0.047262,0.001000,0.001000,0.001000,0.001000,0.001000
1069.923077,-0.046892,0.001000,0.001000,0.001000,0.001000,0.001000
1069.942308,-0.046499,0.001000,0.001000,0.001000,0.001000,0.001000
1069.961538,-0.046083,0.001000,0.001000,0.001000,0.001000,0.001000
1069.980769,-0.045645,0.001000,0.001000,0.001000,0.001000,0.001000
1070.000000,-0.045185,0.001000,0.001000,0.001000,0.001000,0.001000
1070.019231,-0.044704,0.001000,0.001000,0.001000,0.001000,0.001000
1070.038462,-0.044200,0.001000,0.001000,0.001000,0.001000,0.001000
1070.057692,-0.043676,0.001000,0.001000,0.001000,0.001000,0.001000
1070.076923,-0.043130,0.001000,0.001000,0.001000,0.001000,0.001000
1070.096154,-0.042563,0.001000,0.001000,0.001000,0.001000,0.001000
1070.115385,-0.041975,0.001000,0.001000,0.001000,0.001000,0.001000
1070.134615,-0.041368,0.001000,0.001000,0.001000,0.001000,0.001000
1070.153846,-0.040740,0.001000,0.001000,0.001000,0.001000,0.001000
1070.173077,-0.040093,0.001000,0.001000,0.001000,0.001000,0.001000
1070.192308,-0.039426,0.001000,0.001000,0.001000,0.001000,0.001000
1070.211538,-0.038740,0.001000,0.001000,0.001000,0.001000,0.001000
1070.230769,-0.038035,0.001000,0.001000,0.001000,0.001000,0.001000
1070.250000,-0.037312,0.001000,0.001000,0.001000,0.001000,0.001000
1070.269231,-0.036571,0.001000,0.001000,0.001000,0.001000,0.001000
1070.288462,-0.035813,0.001000,0.001000,0.001000,0.001000,0.001000
1070.307692,-0.035036,0.001000,0.001000,0.001000,0.001000,0.001000
1070.326923,-0.034243,0.001000,0.001000,0.001000,0.001000,0.001000
1070.346154,-0.033434,0.001000,0.001000,0.001000,0.001000,0.001000
1070.365385,-0.032608,0.001000,0.001000,0.001000,0.001000,0.001000
1070.384615,-0.031766,0.001000,0.001000,0.001000,0.001000,0.001000
1070.403846,-0.030909,0.001000,0.001000,0.001000,0.001000,0.001000
1070.423077,-0.030038,0.001000,0.001000,0.001000,0.001000,0.001000
1070.442308,-0.029151,0.001000,0.001000,0.001000,0.001000,0.001000
1070.461538,-0.028251,0.001000,0.001000,0.001000,0.001000,0.001000
1070.480769,-0.027336,0.001000,0.001000,0.001000,0.001000,0.001000
1070.500000,-0.026409,0.001000,0.001000,0.001000,0.001000,0.001000
1070.519231,-0.025469,0.001000,0.001000,0.001000,0.001000,0.001000
1070.538462,-0.024516,0.001000,0.001000,0.001000,0.001000,0.001000
1070.557692,-0.023552,0.001000,0.001000,0.001000,0.001000,0.001000
1070.576923,-0.022576,0.001000,0.001000,0.001000,0.001000,0.001000
1070.596154,-0.021589,0.001000,0.001000,0.001000,0.001000,0.001000
1070.615385,-0.020592,0.001000,0.001000,0.001000,0.001000,0.001000
1070.634615,-0.019585,0.001000,0.001000,0.001000,0.001000,0.001000
1070.653846,-0.018569,0.001000,0.001000,0.001000,0.001000,0.001000
1070.673077,-0.017543,0.001000,0.001000,0.001000,0.001000,0.001000
1070.692308,-0.016509,0.001000,0.001000,0.001000,0.001000,0.001000
1070.711538,-0.015467,0.001000,0.001000,0.001000,0.001000,0.001000
1070.730769,-0.014417,0.001000,0.001000,0.001000,0.001000,0.001000
1070.750000,-0.013361,0.001000,0.001000,0.001000,0.001000,0.001000
1070.769231,-0.012298,0.001000,0.001000,0.001000,0.001000,0.001000
1070.788462,-0.011229,0.001000,0.001000,0.001000,0.001000,0.001000
1070.807692,-0.010155,0.001000,0.001000,0.001000,0.001000,0.001000
1070.826923,-0.009075,0.001000,0.001000,0.001000,0.001000,0.001000
1070.846154,-0.007992,0.001000,0.001000,0.001000,0.001000,0.001000
1070.865385,-0.006904,0.001000,0.001000,0.001000,0.001000,0.001000
1070.884615,-0.005813,0.001000,0.001000,0.001000,0.001000,0.001000
1070.903846,-0.004720,0.001000,0.001000,0.001000,0.001000,0.001000
1070.923077,-0.003624,0.001000,0.001000,0.001000,0.001000,0.001000
1070.942308,-0.002526,0.001000,0.001000,0.001000,0.001000,0.001000
1070.961538,-0.001427,0.001000,0.001000,0.001000,0.001000,0.001000
1070.980769,-0.000328,0.001000,0.001000,0.001000,0.001000,0.001000
1071.000000,0.000772,0.001000,0.001000,0.001000,0.001000,0.001000
1071.019231,0.001872,0.001000,0.001000,0.001000,0.001000,0.001000
1071.038462,0.002970,0.001000,0.001000,0.001000,0.001000,0.001000
1071.057692,0.004067,0.001000,0.001000,0.001000,0.001000,0.001000
1071.076923,0.005162,0.001000,0.001000,0.001000,0.001000,0.001000
1071.096154,0.006255,0.001000,0.001000,0.001000,0.001000,0.001000
1071.115385,0.007344,0.001000,0.001000,0.001000,0.001000,0.001000
1071.134615,0.008430,0.001000,0.001000,0.001000,0.001000,0.001000
1071.153846,0.009512,0.001000,0.001000,0.001000,0.001000,0.001000
1071.173077,0.010590,0.001000,0.001000,0.001000,0.001000,0.001000
1071.192308,0.011662,0.001000,0.001000,0.001000,0.001000,0.001000
1071.211538,0.012728,0.001000,0.001000,0.001000,0.001000,0.001000
1071.230769,0.013789,0.001000,0.001000,0.001000,0.001000,0.001000
1071.250000,0.014843,0.001000,0.001000,0.001000,0.001000,0.001000
1071.269231,0.015889,0.001000,0.001000,0.001000,0.001000,0.001000
1071.288462,0.016928,0.001000,0.001000,0.001000,0.001000,0.001000
1071.307692,0.017959,0.001000,0.001000,0.001000,0.001000,0.001000
1071.326923,0.018981,0.001000,0.001000,0.001000,0.001000,0.001000
1071.346154,0.019994,0.001000,0.001000,0.001000,0.001000,0.001000
1071.365385,0.020997,0.001000,0.001000,0.001000,0.001000,0.001000
1071.384615,0.021990,0.001000,0.001000,0.001000,0.001000,0.001000
1071.403846,0.022972,0.001000,0.001000,0.001000,0.001000,0.001000
1071.423077,0.023943,0.001000,0.001000,0.001000,0.001000,0.001000
1071.442308,0.024903,0.001000,0.001000,0.001000,0.001000,0.001000
1071.461538,0.025850,0.001000,0.001000,0.001000,0.001000,0.001000
1071.480769,0.026786,0.001000,0.001000,0.001000,0.001000,0.001000
1071.500000,0.027708,0.001000,0.001000,0.001000,0.001000,0.001000
1071.519231,0.028616,0.001000,0.001000,0.001000,0.001000,0.001000
1071.538462,0.029511,0.001000,0.001000,0.001000,0.001000,0.001000
1071.557692,0.030392,0.001000,0.001000,0.001000,0.001000,0.001000
1071.576923,0.031258,0.001000,0.001000,0.001000,0.001000,0.001000
1071.596154,0.032109,0.001000,0.001000,0.001000,0.001000,0.001000
1071.615385,0.032944,0.001000,0.001000,0.001000,0.001000,0.001000
1071.634615,0.033763,0.001000,0.001000,0.001000,0.001000,0.001000
1071.653846,0.034566,0.001000,0.001000,0.001000,0.001000,0.001000
1071.673077,0.035352,0.001000,0.001000,0.001000,0.001000,0.001000
1071.692308,0.036121,0.001000,0.001000,0.001000,0.001000,0.001000
1071.711538,0.036873,0.001000,0.001000,0.001000,0.001000,0.001000
1071.730769,0.037607,0.001000,0.001000,0.001000,0.001000,0.001000
1071.750000,0.038322,0.001000,0.001000,0.001000,0.001000,0.001000
1071.769231,0.039020,0.001000,0.001000,0.001000,0.001000,0.001000
1071.788462,0.039698,0.001000,0.001000,0.001000,0.001000,0.001000
1071.807692,0.040357,0.001000,0.001000,0.001000,0.001000,0.001000
1071.826923,0.040996,0.001000,0.001000,0.001000,0.001000,0.001000
1071.846154,0.041616,0.001000,0.001000,0.001000,0.001000,0.001000
1071.865385,0.042215,0.001000,0.001000,0.001000,0.001000,0.001000
1071.884615,0.042794,0.001000,0.001000,0.001000,0.001000,0.001000
1071.903846,0.043353,0.001000,0.001000,0.001000,0.001000,0.001000
1071.923077,0.043890,0.001000,0.001000,0.001000,0.001000,0.001000
1071.942308,0.044406,0.001000,0.001000,0.001000,0.001000,0.001000
1071.961538,0.044901,0.001000,0.001000,0.001000,0.001000,0.001000
1071.980769,0.045374,0.001000,0.001000,0.001000,0.001000,0.001000
1072.000000,0.045825,0.001000,0.001000,0.001000,0.001000,0.001000
1072.019231,0.046254,0.001000,0.001000,0.001000,0.001000,0.001000
1072.038462,0.046660,0.001000,0.001000,0.001000,0.001000,0.001000
1072.057692,0.047044,0.001000,0.001000,0.001000,0.001000,0.001000
1072.076923,0.047405,0.001000,0.001000,0.001000,0.001000,0.001000
1072.096154,0.047744,0.001000,0.001000,0.001000,0.001000,0.001000
1072.115385,0.048059,0.001000,0.001000,0.001000,0.001000,0.001000
1072.134615,0.048350,0.001000,0.001000,0.001000,0.001000,0.001000
1072.153846,0.048619,0.001000,0.001000,0.001000,0.001000,0.001000
1072.173077,0.048864,0.001000,0.001000,0.001000,0.001000,0.001000
1072.192308,0.049085,0.001000,0.001000,0.001000,0.001000,0.001000
1072.211538,0.049283,0.001000,0.001000,0.001000,0.001000,0.001000
1072.230769,0.049456,0.001000,0.001000,0.001000,0.001000,0.001000
1072.250000,0.049606,0.001000,0.001000,0.001000,0.001000,0.001000
1072.269231,0.049732,0.001000,0.001000,0.001000,0.001000,0.001000
1072.288462,0.049834,0.001000,0.001000,0.001000,0.001000,0.001000
1072.307692,0.049911,0.001000,0.001000,0.001000,0.001000,0.001000
1072.326923,0.049965,0.001000,0.001000,0.001000,0.001000,0.001000
1072.346154,0.049994,0.001000,0.001000,0.001000,0.001000,0.001000
1072.365385,0.049999,0.001000,0.001000,0.001000,0.001000,0.001000
1072.384615,0.049980,0.001000,0.001000,0.001000,0.001000,0.001000
1072.403846,0.049937,0.001000,0.001000,0.001000,0.001000,0.001000
1072.423077,0.049869,0.001000,0.001000,0.001000,0.001000,0.001000
1072.442308,0.049778,0.001000,0.001000,0.001000,0.001000,0.001000
1072.461538,0.049662,0.001000,0.001000,0.001000,0.001000,0.001000
1072.480769,0.049522,0.001000,0.001000,0.001000,0.001000,0.001000
1072.500000,0.049359,0.001000,0.001000,0.001000,0.001000,0.001000
1072.519231,0.049171,0.001000,0.001000,0.001000,0.001000,0.001000
1072.538462,0.048960,0.001000,0.001000,0.001000,0.001000,0.001000
1072.557692,0.048725,0.001000,0.001000,0.001000,0.001000,0.001000
1072.576923,0.048466,0.001000,0.001000,0.001000,0.001000,0.001000
1072.596154,0.048184,0.001000,0.001000,0.001000,0.001000,0.001000
1072.615385,0.047879,0.001000,0.001000,0.001000,0.001000,0.001000
1072.634615,0.047550,0.001000,0.001000,0.001000,0.001000,0.001000
1072.653846,0.047199,0.001000,0.001000,0.001000,0.001000,0.001000
1072.673077,0.046824,0.001000,0.001000,0.001000,0.001000,0.001000
1072.692308,0.046427,0.001000,0.001000,0.001000,0.001000,0.001000
1072.711538,0.046008,0.001000,0.001000,0.001000,0.001000,0.001000
1072.730769,0.045566,0.001000,0.001000,0.001000,0.001000,0.001000
1072.750000,0.045103,0.001000,0.001000,0.001000,0.001000,0.001000
1072.769231,0.044617,0.001000,0.001000,0.001000,0.001000,0.001000
1072.788462,0.044110,0.001000,0.001000,0.001000,0.001000,0.001000
1072.807692,0.043581,0.001000,0.001000,0.001000,0.001000,0.001000
1072.826923,0.043032,0.001000,0.001000,0.001000,0.001000,0.001000
1072.846154,0.042461,0.001000,0.001000,0.001000,0.001000,0.001000
1072.865385,0.041870,0.001000,0.001000,0.001000,0.001000,0.001000
1072.884615,0.041259,0.001000,0.001000,0.001000,0.001000,0.001000
1072.903846,0.040628,0.001000,0.001000,0.001000,0.001000,0.001000
1072.923077,0.039977,0.001000,0.001000,0.001000,0.001000,0.001000
1072.942308,0.039307,0.001000,0.001000,0.001000,0.001000,0.001000
1072.961538,0.038618,0.001000,0.001000,0.001000,0.001000,0.001000
1072.980769,0.037910,0.001000,0.001000,0.001000,0.001000,0.001000
1073.000000,0.037184,0.001000,0.001000,0.001000,0.001000,0.001000
1073.019231,0.036439,0.001000,0.001000,0.001000,0.001000,0.001000
1073.038462,0.035678,0.001000,0.001000,0.001000,0.001000,0.001000
1073.057692,0.034898,0.001000,0.001000,0.001000,0.001000,0.001000
1073.076923,0.034102,0.001000,0.001000,0.001000,0.001000,0.001000
1073.096154,0.033290,0.001000,0.001000,0.001000,0.001000,0.001000
1073.115385,0.032461,0.001000,0.001000,0.001000,0.001000,0.001000
1073.134615,0.031617,0.001000,0.001000,0.001000,0.001000,0.001000
1073.153846,0.030757,0.001000,0.001000,0.001000,0.001000,0.001000
1073.173077,0.029883,0.001000,0.001000,0.001000,0.001000,0.001000
1073.192308,0.028994,0.001000,0.001000,0.001000,0.001000,0.001000
1073.211538,0.028091,0.001000,0.001000,0.001000,0.001000,0.001000
1073.230769,0.027175,0.001000,0.001000,0.001000,0.001000,0.001000
1073.250000,0.026245,0.001000,0.001000,0.001000,0.001000,0.001000
1073.269231,0.025303,0.001000,0.001000,0.001000,0.001000,0.001000
1073.288462,0.024348,0.001000,0.001000,0.001000,0.001000,0.001000
1073.307692,0.023381,0.001000,0.001000,0.001000,0.001000,0.001000
1073.326923,0.022404,0.001000,0.001000,0.001000,0.001000,0.001000
1073.346154,0.021415,0.001000,0.001000,0.001000,0.001000,0.001000
1073.365385,0.020416,0.001000,0.001000,0.001000,0.001000,0.001000
1073.384615,0.019407,0.001000,0.001000,0.001000,0.001000,0.001000
1073.403846,0.018389,0.001000,0.001000,0.001000,0.001000,0.001000
1073.423077,0.017362,0.001000,0.001000,0.001000,0.001000,0.001000
1073.442308,0.016327,0.001000,0.001000,0.001000,0.001000,0.001000
1073.461538,0.015283,0.001000,0.001000,0.001000,0.001000,0.001000
1073.480769,0.014232,0.001000,0.001000,0.001000,0.001000,0.001000
1073.500000,0.013175,0.001000,0.001000,0.001000,0.001000,0.001000
1073.519231,0.012111,0.001000,0.001000,0.001000,0.001000,0.001000
1073.538462,0.011041,0.001000,0.001000,0.001000,0.001000,0.001000
1073.557692,0.009966,0.001000,0.001000,0.001000,0.001000,0.001000
1073.576923,0.008886,0.001000,0.001000,0.001000,0.001000,0.001000
1073.596154,0.007801,0.001000,0.001000,0.001000,0.001000,0.001000
1073.615385,0.006713,0.001000,0.001000,0.001000,0.001000,0.001000
1073.634615,0.005622,0.001000,0.001000,0.001000,0.001000,0.001000
1073.653846,0.004528,0.001000,0.001000,0.001000,0.001000,0.001000
1073.673077,0.003431,0.001000,0.001000,0.001000,0.001000,0.001000
1073.692308,0.002333,0.001000,0.001000,0.001000,0.001000,0.001000
1073.711538,0.001234,0.001000,0.001000,0.001000,0.001000,0.001000
1073.730769,0.000135,0.001000,0.001000,0.001000,0.001000,0.001000
1073.750000,-0.000965,0.001000,0.001000,0.001000,0.001000,0.001000
1073.769231,-0.002064,0.001000,0.001000,0.001000,0.001000,0.001000
1073.788462,-0.003163,0.001000,0.001000,0.001000,0.001000,0.001000
1073.807692,-0.004260,0.001000,0.001000,0.001000,0.001000,0.001000
1073.826923,-0.005354,0.001000,0.001000,0.001000,0.001000,0.001000
1073.846154,-0.006446,0.001000,0.001000,0.001000,0.001000,0.001000
1073.865385,-0.007535,0.001000,0.001000,0.001000,0.001000,0.001000
1073.884615,-0.008621,0.001000,0.001000,0.001000,0.001000,0.001000
1073.903846,-0.009702,0.001000,0.001000,0.001000,0.001000,0.001000
1073.923077,-0.010778,0.001000,0.001000,0.001000,0.001000,0.001000
1073.942308,-0.011850,0.001000,0.001000,0.001000,0.001000,0.001000
1073.961538,-0.012915,0.001000,0.001000,0.001000,0.001000,0.001000
1073.980769,-0.013974,0.001000,0.001000,0.001000,0.001000,0.001000
1074.000000,-0.015027,0.001000,0.001000,0.001000,0.001000,0.001000
1074.019231,-0.016072,0.001000,0.001000,0.001000,0.001000,0.001000
1074.038462,-0.017110,0.001000,0.001000,0.001000,0.001000,0.001000
1074.057692,-0.018139,0.001000,0.001000,0.001000,0.001000,0.001000
1074.076923,-0.019159,0.001000,0.001000,0.001000,0.001000,0.001000
1074.096154,-0.020170,0.001000,0.001000,0.001000,0.001000,0.001000
1074.115385,-0.021172,0.001000,0.001000,0.001000,0.001000,0.001000
1074.134615,-0.022163,0.001000,0.001000,0.001000,0.001000,0.001000
1074.153846,-0.023143,0.001000,0.001000,0.001000,0.001000,0.001000
1074.173077,-0.024113,0.001000,0.001000,0.001000,0.001000,0.001000
1074.192308,-0.025070,0.001000,0.001000,0.001000,0.001000,0.001000
1074.211538,-0.026015,0.001000,0.001000,0.001000,0.001000,0.001000
1074.230769,-0.026948,0.001000,0.001000,0.001000,0.001000,0.001000
1074.250000,-0.027868,0.001000,0.001000,0.001000,0.001000,0.001000
1074.269231,-0.028774,0.001000,0.001000,0.001000,0.001000,0.001000
1074.288462,-0.029667,0.001000,0.001000,0.001000,0.001000,0.001000
1074.307692,-0.030545,0.001000,0.001000,0.001000,0.001000,0.001000
1074.326923,-0.031408,0.001000,0.001000,0.001000,0.001000,0.001000
1074.346154,-0.032256,0.001000,0.001000,0.001000,0.001000,0.001000
1074.365385,-0.033089,0.001000,0.001000,0.001000,0.001000,0.001000
1074.384615,-0.033905,0.001000,0.001000,0.001000,0.001000,0.001000
1074.403846,-0.034705,0.001000,0.001000,0.001000,0.001000,0.001000
1074.423077,-0.035489,0.001000,0.001000,0.001000,0.001000,0.001000
1074.442308,-0.036255,0.001000,0.001000,0.001000,0.001000,0.001000
1074.461538,-0.037003,0.001000,0.001000,0.001000,0.001000,0.001000
1074.480769,-0.037734,0.001000,0.001000,0.001000,0.001000,0.001000
1074.500000,-0.038446,0.001000,0.001000,0.001000,0.001000,0.001000
1074.519231,-0.039140,0.001000,0.001000,0.001000,0.001000,0.001000
1074.538462,-0.039815,0.001000,0.001000,0.001000,0.001000,0.001000
1074.557692,-0.040470,0.001000,0.001000,0.001000,0.001000,0.001000
1074.576923,-0.041106,0.001000,0.001000,0.001000,0.001000,0.001000
1074.596154,-0.041723,0.001000,0.001000,0.001000,0.001000,0.001000
1074.615385,-0.042319,0.001000,0.001000,0.001000,0.001000,0.001000
1074.634615,-0.042894,0.001000,0.001000,0.001000,0.001000,0.001000
1074.653846,-0.043449,0.001000,0.001000,0.001000,0.001000,0.001000
1074.673077,-0.043982,0.001000,0.001000,0.001000,0.001000,0.001000
1074.692308,-0.044495,0.001000,0.001000,0.001000,0.001000,0.001000
1074.711538,-0.044986,0.001000,0.001000,0.001000,0.001000,0.001000
1074.730769,-0.045455,0.001000,0.001000,0.001000,0.001000,0.001000
1074.750000,-0.045902,0.001000,0.001000,0.001000,0.001000,0.001000
1074.769231,-0.046327,0.001000,0.001000,0.001000,0.001000,0.001000
1074.788462,-0.046729,0.001000,0.001000,0.001000,0.001000,0.001000
1074.807692,-0.047109,0.001000,0.001000,0.001000,0.001000,0.001000
1074.826923,-0.047466,0.001000,0.001000,0.001000,0.001000,0.001000
1074.846154,-0.047801,0.001000,0.001000,0.001000,0.001000,0.001000
1074.865385,-0.048112,0.001000,0.001000,0.001000,0.001000,0.001000
1074.884615,-0.048399,0.001000,0.001000,0.001000,0.001000,0.001000
1074.903846,-0.048664,0.001000,0.001000,0.001000,0.001000,0.001000
1074.923077,-0.048904,0.001000,0.001000,0.001000,0.001000,0.001000
1074.942308,-0.049122,0.001000,0.001000,0.001000,0.001000,0.001000
1074.961538,-0.049315,0.001000,0.001000,0.001000,0.001000,0.001000
1074.980769,-0.049484,0.001000,0.001000,0.001000,0.001000,0.001000
1075.000000,-0.049630,0.001000,0.001000,0.001000,0.001000,0.001000
1075.019231,-0.049751,0.001000,0.001000,0.001000,0.001000,0.001000
1075.038462,-0.049849,0.001000,0.001000,0.001000,0.001000,0.001000
1075.057692,-0.049922,0.001000,0.001000,0.001000,0.001000,0.001000
1075.076923,-0.049972,0.001000,0.001000,0.001000,0.001000,0.001000
1075.096154,-0.049997,0.001000,0.001000,0.001000,0.001000,0.001000
1075.115385,-0.049997,0.001000,0.001000,0.001000,0.001000,0.001000
1075.134615,-0.049974,0.001000,0.001000,0.001000,0.001000,0.001000
1075.153846,-0.049926,0.001000,0.001000,0.001000,0.001000,0.001000
1075.173077,-0.049855,0.001000,0.001000,0.001000,0.001000,0.001000
1075.192308,-0.049759,0.001000,0.001000,0.001000,0.001000,0.001000
1075.211538,-0.049639,0.001000,0.001000,0.001000,0.001000,0.001000
1075.230769,-0.049495,0.001000,0.001000,0.001000,0.001000,0.001000
1075.250000,-0.049327,0.001000,0.001000,0.001000,0.001000,0.001000
1075.269231,-0.049136,0.001000,0.001000,0.001000,0.001000,0.001000
1075.288462,-0.048920,0.001000,0.001000,0.001000,0.001000,0.001000
1075.307692,-0.048681,0.001000,0.001000,0.001000,0.001000,0.001000
1075.326923,-0.048418,0.001000,0.001000,0.001000,0.001000,0.001000
1075.346154,-0.048132,0.001000,0.001000,0.001000,0.001000,0.001000
1075.365385,-0.047823,0.001000,0.001000,0.001000,0.001000,0.001000
1075.384615,-0.047490,0.001000,0.001000,0.001000,0.001000,0.001000
1075.403846,-0.047135,0.001000,0.001000,0.001000,0.001000,0.001000
1075.423077,-0.046756,0.001000,0.001000,0.001000,0.001000,0.001000
1075.442308,-0.046355,0.001000,0.001000,0.001000,0.001000,0.001000
1075.461538,-0.045932,0.001000,0.001000,0.001000,0.001000,0.001000
1075.480769,-0.045486,0.001000,0.001000,0.001000,0.001000,0.001000
1075.500000,-0.045019,0.001000,0.001000,0.001000,0.001000,0.001000
1075.519231,-0.044529,0.001000,0.001000,0.001000,0.001000,0.001000
1075.538462,-0.044019,0.001000,0.001000,0.001000,0.001000,0.001000
1075.557692,-0.043486,0.001000,0.001000,0.001000,0.001000,0.001000
1075.576923,-0.042933,0.001000,0.001000,0.001000,0.001000,0.001000
1075.596154,-0.042359,0.001000,0.001000,0.001000,0.001000,0.001000
1075.615385,-0.041764,0.001000,0.001000,0.001000,0.001000,0.001000
1075.634615,-0.041150,0.001000,0.001000,0.001000,0.001000,0.001000
1075.653846,-0.040515,0.001000,0.001000,0.001000,0.001000,0.001000
1075.673077,-0.039861,0.001000,0.001000,0.001000,0.001000,0.001000
1075.692308,-0.039187,0.001000,0.001000,0.001000,0.001000,0.001000
1075.711538,-0.038495,0.001000,0.001000,0.001000,0.001000,0.001000
1075.730769,-0.037784,0.001000,0.001000,0.001000,0.001000,0.001000
1075.750000,-0.037054,0.001000,0.001000,0.001000,0.001000,0.001000
1075.769231,-0.036307,0.001000,0.001000,0.001000,0.001000,0.001000
1075.788462,-0.035542,0.001000,0.001000,0.001000,0.001000,0.001000
1075.807692,-0.034760,0.001000,0.001000,0.001000,0.001000,0.001000
1075.826923,-0.033961,0.001000,0.001000,0.001000,0.001000,0.001000
1075.846154,-0.033146,0.001000,0.001000,0.001000,0.001000,0.001000
1075.865385,-0.032314,0.001000,0.001000,0.001000,0.001000,0.001000
1075.884615,-0.031467,0.001000,0.001000,0.001000,0.001000,0.001000
1075.903846,-0.030605,0.001000,0.001000,0.001000,0.001000,0.001000
1075.923077,-0.029728,0.001000,0.001000,0.001000,0.001000,0.001000
1075.942308,-0.028837,0.001000,0.001000,0.001000,0.001000,0.001000
1075.961538,-0.027931,0.001000,0.001000,0.001000,0.001000,0.001000
1075.980769,-0.027012,0.001000,0.001000,0.001000,0.001000,0.001000
1076.000000,-0.026080,0.001000,0.001000,0.001000,0.001000,0.001000
1076.019231,-0.025136,0.001000,0.001000,0.001000,0.001000,0.001000
1076.038462,-0.024179,0.001000,0.001000,0.001000,0.001000,0.001000
1076.057692,-0.023211,0.001000,0.001000,0.001000,0.001000,0.001000
1076.076923,-0.022231,0.001000,0.001000,0.001000,0.001000,0.001000
1076.096154,-0.021241,0.001000,0.001000,0.001000,0.001000,0.001000
1076.115385,-0.020240,0.001000,0.001000,0.001000,0.001000,0.001000
1076.134615,-0.019229,0.001000,0.001000,0.001000,0.001000,0.001000
1076.153846,-0.018210,0.001000,0.001000,0.001000,0.001000,0.001000
1076.173077,-0.017181,0.001000,0.001000,0.001000,0.001000,0.001000
1076.192308,-0.016144,0.001000,0.001000,0.001000,0.001000,0.001000
1076.211538,-0.015099,0.001000,0.001000,0.001000,0.001000,0.001000
1076.230769,-0.014047,0.001000,0.001000,0.001000,0.001000,0.001000
1076.250000,-0.012988,0.001000,0.001000,0.001000,0.001000,0.001000
1076.269231,-0.011923,0.001000,0.001000,0.001000,0.001000,0.001000
1076.288462,-0.010852,0.001000,0.001000,0.001000,0.001000,0.001000
1076.307692,-0.009776,0.001000,0.001000,0.001000,0.001000,0.001000
1076.326923,-0.008696,0.001000,0.001000,0.001000,0.001000,0.001000
1076.346154,-0.007610,0.001000,0.001000,0.001000,0.001000,0.001000
1076.365385,-0.006522,0.001000,0.001000,0.001000,0.001000,0.001000
1076.384615,-0.005430,0.001000,0.001000,0.001000,0.001000,0.001000
1076.403846,-0.004335,0.001000,0.001000,0.001000,0.001000,0.001000
1076.423077,-0.003239,0.001000,0.001000,0.001000,0.001000,0.001000
1076.442308,-0.002140,0.001000,0.001000,0.001000,0.001000,0.001000
1076.461538,-0.001041,0.001000,0.001000,0.001000,0.001000,0.001000
1076.480769,0.000059,0.001000,0.001000,0.001000,0.001000,0.001000
1076.500000,0.001158,0.001000,0.001000,0.001000,0.001000,0.001000
1076.519231,0.002257,0.001000,0.001000,0.001000,0.001000,0.001000
1076.538462,0.003355,0.001000,0.001000,0.001000,0.001000,0.001000
1076.557692,0.004452,0.001000,0.001000,0.001000,0.001000,0.001000
1076.576923,0.005546,0.001000,0.001000,0.001000,0.001000,0.001000
1076.596154,0.006638,0.001000,0.001000,0.001000,0.001000,0.001000
1076.615385,0.007726,0.001000,0.001000,0.001000,0.001000,0.001000
1076.634615,0.008811,0.001000,0.001000,0.001000,0.001000,0.001000
1076.653846,0.009891,0.001000,0.001000,0.001000,0.001000,0.001000
1076.673077,0.010967,0.001000,0.001000,0.001000,0.001000,0.001000
1076.692308,0.012037,0.001000,0.001000,0.001000,0.001000,0.001000
1076.711538,0.013101,0.001000,0.001000,0.001000,0.001000,0.001000
1076.730769,0.014160,0.001000,0.001000,0.001000,0.001000,0.001000
1076.750000,0.015211,0.001000,0.001000,0.001000,0.001000,0.001000
1076.769231,0.016255,0.001000,0.001000,0.001000,0.001000,0.001000
1076.788462,0.017291,0.001000,0.001000,0.001000,0.001000,0.001000
1076.807692,0.018319,0.001000,0.001000,0.001000,0.001000,0.001000
1076.826923,0.019337,0.001000,0.001000,0.001000,0.001000,0.001000
1076.846154,0.020347,0.001000,0.001000,0.001000,0.001000,0.001000
1076.865385,0.021346,0.001000,0.001000,0.001000,0.001000,0.001000
1076.884615,0.022336,0.001000,0.001000,0.001000,0.001000,0.001000
1076.903846,0.023314,0.001000,0.001000,0.001000,0.001000,0.001000
1076.923077,0.024281,0.001000,0.001000,0.001000,0.001000,0.001000
1076.942308,0.025237,0.001000,0.001000,0.001000,0.001000,0.001000
1076.961538,0.026180,0.001000,0.001000,0.001000,0.001000,0.001000
1076.980769,0.027111,0.001000,0.001000,0.001000,0.001000,0.001000
1077.000000,0.028028,0.001000,0.001000,0.001000,0.001000,0.001000
1077.019231,0.028932,0.001000,0.001000,0.001000,0.001000,0.001000
1077.038462,0.029822,0.001000,0.001000,0.001000,0.001000,0.001000
1077.057692,0.030698,0.001000,0.001000,0.001000,0.001000,0.001000
1077.076923,0.031558,0.001000,0.001000,0.001000,0.001000,0.001000
1077.096154,0.032404,0.001000,0.001000,0.001000,0.001000,0.001000
1077.115385,0.033233,0.001000,0.001000,0.001000,0.001000,0.001000
1077.134615,0.034047,0.001000,0.001000,0.001000,0.001000,0.001000
1077.153846,0.034844,0.001000,0.001000,0.001000,0.001000,0.001000
1077.173077,0.035624,0.001000,0.001000,0.001000,0.001000,0.001000
1077.192308,0.036387,0.001000,0.001000,0.001000,0.001000,0.001000
1077.211538,0.037133,0.001000,0.001000,0.001000,0.001000,0.001000
1077.230769,0.037860,0.001000,0.001000,0.001000,0.001000,0.001000
1077.250000,0.038569,0.001000,0.001000,0.001000,0.001000,0.001000
1077.269231,0.039260,0.001000,0.001000,0.001000,0.001000,0.001000
1077.288462,0.039931,0.001000,0.001000,0.001000,0.001000,0.001000
1077.307692,0.040584,0.001000,0.001000,0.001000,0.001000,0.001000
1077.326923,0.041216,0.001000,0.001000,0.001000,0.001000,0.001000
1077.346154,0.041829,0.001000,0.001000,0.001000,0.001000,0.001000
1077.365385,0.042421,0.001000,0.001000,0.001000,0.001000,0.001000
1077.384615,0.042993,0.001000,0.001000,0.001000,0.001000,0.001000
1077.403846,0.043544,0.001000,0.001000,0.001000,0.001000,0.001000
1077.423077,0.044074,0.001000,0.001000,0.001000,0.001000,0.001000
1077.442308,0.044583,0.001000,0.001000,0.001000,0.001000,0.001000
1077.461538,0.045070,0.001000,0.001000,0.001000,0.001000,0.001000
1077.480769,0.045535,0.001000,0.001000,0.001000,0.001000,0.001000
1077.500000,0.045978,0.001000,0.001000,0.001000,0.001000,0.001000
1077.519231,0.046399,0.001000,0.001000,0.001000,0.001000,0.001000
1077.538462,0.046798,0.001000,0.001000,0.001000,0.001000,0.001000
1077.557692,0.047174,0.001000,0.001000,0.001000,0.001000,0.001000
1077.576923,0.047527,0.001000,0.001000,0.001000,0.001000,0.001000
1077.596154,0.047857,0.001000,0.001000,0.001000,0.001000,0.001000
1077.615385,0.048164,0.001000,0.001000,0.001000,0.001000,0.001000
1077.634615,0.048447,0.001000,0.001000,0.001000,0.001000,0.001000
1077.653846,0.048708,0.001000,0.001000,0.001000,0.001000,0.001000
1077.673077,0.048944,0.001000,0.001000,0.001000,0.001000,0.001000
1077.692308,0.049157,0.001000,0.001000,0.001000,0.001000,0.001000
1077.711538,0.049346,0.001000,0.001000,0.001000,0.001000,0.001000
1077.730769,0.049512,0.001000,0.001000,0.001000,0.001000,0.001000
1077.750000,0.049653,0.001000,0.001000,0.001000,0.001000,0.001000
1077.769231,0.049770,0.001000,0.001000,0.001000,0.001000,0.001000
1077.788462,0.049864,0.001000,0.001000,0.001000,0.001000,0.001000
1077.807692,0.049933,0.001000,0.001000,0.001000,0.001000,0.001000
1077.826923,0.049978,0.001000,0.001000,0.001000,0.001000,0.001000
1077.846154,0.049998,0.001000,0.001000,0.001000,0.001000,0.001000
1077.865385,0.049995,0.001000,0.001000,0.001000,0.001000,0.001000
1077.884615,0.049967,0.001000,0.001000,0.001000,0.001000,0.001000
1077.903846,0.049916,0.001000,0.001000,0.001000,0.001000,0.001000
1077.923077,0.049840,0.001000,0.001000,0.001000,0.001000,0.001000
1077.942308,0.049740,0.001000,0.001000,0.001000,0.001000,0.001000
1077.961538,0.049616,0.001000,0.001000,0.001000,0.001000,0.001000
1077.980769,0.049467,0.001000,0.001000,0.001000,0.001000,0.001000
1078.000000,0.049295,0.001000,0.001000,0.001000,0.001000,0.001000
1078.019231,0.049100,0.001000,0.001000,0.001000,0.001000,0.001000
1078.038462,0.048880,0.001000,0.001000,0.001000,0.001000,0.001000
1078.057692,0.048637,0.001000,0.001000,0.001000,0.001000,0.001000
1078.076923,0.048370,0.001000,0.001000,0.001000,0.001000,0.001000
1078.096154,0.048080,0.001000,0.001000,0.001000,0.001000,0.001000
1078.115385,0.047766,0.001000,0.001000,0.001000,0.001000,0.001000
1078.134615,0.047429,0.001000,0.001000,0.001000,0.001000,0.001000
1078.153846,0.047070,0.001000,0.001000,0.001000,0.001000,0.001000
1078.173077,0.046688,0.001000,0.001000,0.001000,0.001000,0.001000
1078.192308,0.046283,0.001000,0.001000,0.001000,0.001000,0.001000
1078.211538,0.045855,0.001000,0.001000,0.001000,0.001000,0.001000
1078.230769,0.045406,0.001000,0.001000,0.001000,0.001000,0.001000
1078.250000,0.044935,0.001000,0.001000,0.001000,0.001000,0.001000
1078.269231,0.044441,0.001000,0.001000,0.001000,0.001000,0.001000
1078.288462,0.043927,0.001000,0.001000,0.001000,0.001000,0.001000
1078.307692,0.043391,0.001000,0.001000,0.001000,0.001000,0.001000
1078.326923,0.042834,0.001000,0.001000,0.001000,0.001000,0.001000
1078.346154,0.042256,0.001000,0.001000,0.001000,0.001000,0.001000
1078.365385,0.041658,0.001000,0.001000,0.001000,0.001000,0.001000
1078.384615,0.041040,0.001000,0.001000,0.001000,0.001000,0.001000
1078.403846,0.040402,0.001000,0.001000,0.001000,0.001000,0.001000
1078.423077,0.039744,0.001000,0.001000,0.001000,0.001000,0.001000
1078.442308,0.039067,0.001000,0.001000,0.001000,0.001000,0.001000
1078.461538,0.038371,0.001000,0.001000,0.001000,0.001000,0.001000
1078.480769,0.037657,0.001000,0.001000,0.001000,0.001000,0.001000
1078.500000,0.036924,0.001000,0.001000,0.001000,0.001000,0.001000
1078.519231,0.036174,0.001000,0.001000,0.001000,0.001000,0.001000
1078.538462,0.035406,0.001000,0.001000,0.001000,0.001000,0.001000
1078.557692,0.034621,0.001000,0.001000,0.001000,0.001000,0.001000
1078.576923,0.033819,0.001000,0.001000,0.001000,0.001000,0.001000
1078.596154,0.033001,0.001000,0.001000,0.001000,0.001000,0.001000
1078.615385,0.032167,0.001000,0.001000,0.001000,0.001000,0.001000
1078.634615,0.031317,0.001000,0.001000,0.001000,0.001000,0.001000
1078.653846,0.030452,0.001000,0.001000,0.001000,0.001000,0.001000
1078.673077,0.029573,0.001000,0.001000,0.001000,0.001000,0.001000
1078.692308,0.028679,0.001000,0.001000,0.001000,0.001000,0.001000
1078.711538,0.027771,0.001000,0.001000,0.001000,0.001000,0.001000
1078.730769,0.026850,0.001000,0.001000,0.001000,0.001000,0.001000
1078.750000,0.025915,0.001000,0.001000,0.001000,0.001000,0.001000
1078.769231,0.024969,0.001000,0.001000,0.001000,0.001000,0.001000
1078.788462,0.024010,0.001000,0.001000,0.001000,0.001000,0.001000
1078.807692,0.023039,0.001000,0.001000,0.001000,0.001000,0.001000
1078.826923,0.022058,0.001000,0.001000,0.001000,0.001000,0.001000
1078.846154,0.021066,0.001000,0.001000,0.001000,0.001000,0.001000
1078.865385,0.020063,0.001000,0.001000,0.001000,0.001000,0.001000
1078.884615,0.019051,0.001000,0.001000,0.001000,0.001000,0.001000
1078.903846,0.018030,0.001000,0.001000,0.001000,0.001000,0.001000
1078.923077,0.017000,0.001000,0.001000,0.001000,0.001000,0.001000
1078.942308,0.015961,0.001000,0.001000,0.001000,0.001000,0.001000
1078.961538,0.014915,0.001000,0.001000,0.001000,0.001000,0.001000
1078.980769,0.013862,0.001000,0.001000,0.001000,0.001000,0.001000
1079.000000,0.012802,0.001000,0.001000,0.001000,0.001000,0.001000
1079.019231,0.011736,0.001000,0.001000,0.001000,0.001000,0.001000
1079.038462,0.010664,0.001000,0.001000,0.001000,0.001000,0.001000
1079.057692,0.009587,0.001000,0.001000,0.001000,0.001000,0.001000
1079.076923,0.008505,0.001000,0.001000,0.001000,0.001000,0.001000
1079.096154,0.007420,0.001000,0.001000,0.001000,0.001000,0.001000
1079.115385,0.006330,0.001000,0.001000,0.001000,0.001000,0.001000
1079.134615,0.005238,0.001000,0.001000,0.001000,0.001000,0.001000
1079.153846,0.004143,0.001000,0.001000,0.001000,0.001000,0.001000
1079.173077,0.003046,0.001000,0.001000,0.001000,0.001000,0.001000
1079.192308,0.001948,0.001000,0.001000,0.001000,0.001000,0.001000
1079.211538,0.000848,0.001000,0.001000,0.001000,0.001000,0.001000
1079.230769,-0.000252,0.001000,0.001000,0.001000,0.001000,0.001000
1079.250000,-0.001351,0.001000,0.001000,0.001000,0.001000,0.001000
1079.269231,-0.002450,0.001000,0.001000,0.001000,0.001000,0.001000
1079.288462,-0.003548,0.001000,0.001000,0.001000,0.001000,0.001000
1079.307692,-0.004644,0.001000,0.001000,0.001000,0.001000,0.001000
1079.326923,-0.005738,0.001000,0.001000,0.001000,0.001000,0.001000
1079.346154,-0.006829,0.001000,0.001000,0.001000,0.001000,0.001000
1079.365385,-0.007917,0.001000,0.001000,0.001000,0.001000,0.001000
1079.384615,-0.009001,0.001000,0.001000,0.001000,0.001000,0.001000
1079.403846,-0.010080,0.001000,0.001000,0.001000,0.001000,0.001000
1079.423077,-0.011155,0.001000,0.001000,0.001000,0.001000,0.001000
1079.442308,-0.012224,0.001000,0.001000,0.001000,0.001000,0.001000
1079.461538,-0.013288,0.001000,0.001000,0.001000,0.001000,0.001000
1079.480769,-0.014345,0.001000,0.001000,0.001000,0.001000,0.001000
1079.500000,-0.015395,0.001000,0.001000,0.001000,0.001000,0.001000
1079.519231,-0.016437,0.001000,0.001000,0.001000,0.001000,0.001000
1079.538462,-0.017472,0.001000,0.001000,0.001000,0.001000,0.001000
1079.557692,-0.018498,0.001000,0.001000,0.001000,0.001000,0.001000
1079.576923,-0.019515,0.001000,0.001000,0.001000,0.001000,0.001000
1079.596154,-0.020523,0.001000,0.001000,0.001000,0.001000,0.001000
1079.615385,-0.021521,0.001000,0.001000,0.001000,0.001000,0.001000
1079.634615,-0.022508,0.001000,0.001000,0.001000,0.001000,0.001000
1079.653846,-0.023485,0.001000,0.001000,0.001000,0.001000,0.001000
1079.673077,-0.024450,0.001000,0.001000,0.001000,0.001000,0.001000
1079.692308,-0.025403,0.001000,0.001000,0.001000,0.001000,0.001000
1079.711538,-0.026344,0.001000,0.001000,0.001000,0.001000,0.001000
1079.730769,-0.027273,0.001000,0.001000,0.001000,0.001000,0.001000
1079.750000,-0.028188,0.001000,0.001000,0.001000,0.001000,0.001000
1079.769231,-0.029089,0.001000,0.001000,0.001000,0.001000,0.001000
1079.788462,-0.029977,0.001000,0.001000,0.001000,0.001000,0.001000
1079.807692,-0.030850,0.001000,0.001000,0.001000,0.001000,0.001000
1079.826923,-0.031708,0.001000,0.001000,0.001000,0.001000,0.001000
1079.846154,-0.032550,0.001000,0.001000,0.001000,0.001000,0.001000
1079.865385,-0.033377,0.001000,0.001000,0.001000,0.001000,0.001000
1079.884615,-0.034188,0.001000,0.001000,0.001000,0.001000,0.001000
1079.903846,-0.034982,0.001000,0.001000,0.001000,0.001000,0.001000
1079.923077,-0.035759,0.001000,0.001000,0.001000,0.001000,0.001000
1079.942308,-0.036519,0.001000,0.001000,0.001000,0.001000,0.001000
1079.961538,-0.037262,0.001000,0.001000,0.001000,0.001000,0.001000
1079.980769,-0.037986,0.001000,0.001000,0.001000,0.001000,0.001000
1080.000000,-0.038692,0.001000,0.001000,0.001000,0.001000,0.001000
1080.019231,-0.039379,0.001000,0.001000,0.001000,0.001000,0.001000
1080.038462,-0.040047,0.001000,0.001000,0.001000,0.001000,0.001000
1080.057692,-0.040696,0.001000,0.001000,0.001000,0.001000,0.001000
1080.076923,-0.041325,0.001000,0.001000,0.001000,0.001000,0.001000
1080.096154,-0.041934,0.001000,0.001000,0.001000,0.001000,0.001000
1080.115385,-0.042523,0.001000,0.001000,0.001000,0.001000,0.001000
1080.134615,-0.043091,0.001000,0.001000,0.001000,0.001000,0.001000
1080.153846,-0.043638,0.001000,0.001000,0.001000,0.001000,0.001000
1080.173077,-0.044165,0.001000,0.001000,0.001000,0.001000,0.001000
1080.192308,-0.044670,0.001000,0.001000,0.001000,0.001000,0.001000
1080.211538,-0.045153,0.001000,0.001000,0.001000,0.001000,0.001000
1080.230769,-0.045614,0.001000,0.001000,0.001000,0.001000,0.001000
1080.250000,-0.046054,0.001000,0.001000,0.001000,0.001000,0.001000
1080.269231,-0.046471,0.001000,0.001000,0.001000,0.001000,0.001000
1080.288462,-0.046865,0.001000,0.001000,0.001000,0.001000,0.001000
1080.307692,-0.047237,0.001000,0.001000,0.001000,0.001000,0.001000
1080.326923,-0.047586,0.001000,0.001000,0.001000,0.001000,0.001000
1080.346154,-0.047912,0.001000,0.001000,0.001000,0.001000,0.001000
1080.365385,-0.048215,0.001000,0.001000,0.001000,0.001000,0.001000
1080.384615,-0.048495,0.001000,0.001000,0.001000,0.001000,0.001000
1080.403846,-0.048751,0.001000,0.001000,0.001000,0.001000,0.001000
1080.423077,-0.048983,0.001000,0.001000,0.001000,0.001000,0.001000
1080.442308,-0.049192,0.001000,0.001000,0.001000,0.001000,0.001000
1080.461538,-0.049377,0.001000,0.001000,0.001000,0.001000,0.001000
1080.480769,-0.049538,0.001000,0.001000,0.001000,0.001000,0.001000
1080.500000,-0.049675,0.001000,0.001000,0.001000,0.001000,0.001000
1080.519231,-0.049788,0.001000,0.001000,0.001000,0.001000,0.001000
1080.538462,-0.049877,0.001000,0.001000,0.001000,0.001000,0.001000
1080.557692,-0.049942,0.001000,0.001000,0.001000,0.001000,0.001000
1080.576923,-0.049983,0.001000,0.001000,0.001000,0.001000,0.001000
1080.596154,-0.050000,0.001000,0.001000,0.001000,0.001000,0.001000
1080.615385,-0.049992,0.001000,0.001000,0.001000,0.001000,0.001000
1080.634615,-0.049960,0.001000,0.001000,0.001000,0.001000,0.001000
1080.653846,-0.049904,0.001000,0.001000,0.001000,0.001000,0.001000
1080.673077,-0.049824,0.001000,0.001000,0.001000,0.001000,0.001000
1080.692308,-0.049720,0.001000,0.001000,0.001000,0.001000,0.001000
1080.711538,-0.049591,0.001000,0.001000,0.001000,0.001000,0.001000
1080.730769,-0.049439,0.001000,0.001000,0.001000,0.001000,0.001000
1080.750000,-0.049263,0.001000,0.001000,0.001000,0.001000,0.001000
1080.769231,-0.049063,0.001000,0.001000,0.001000,0.001000,0.001000
1080.788462,-0.048839,0.001000,0.001000,0.001000,0.001000,0.001000
1080.807692,-0.048591,0.001000,0.001000,0.001000,0.001000,0.001000
1080.826923,-0.048321,0.001000,0.001000,0.001000,0.001000,0.001000
1080.846154,-0.048026,0.001000,0.001000,0.001000,0.001000,0.001000
1080.865385,-0.047709,0.001000,0.001000,0.001000,0.001000,0.001000
1080.884615,-0.047368,0.001000,0.001000,0.001000,0.001000,0.001000
1080.903846,-0.047004,0.001000,0.001000,0.001000,0.001000,0.001000
1080.923077,-0.046618,0.001000,0.001000,0.001000,0.001000,0.001000
1080.942308,-0.046209,0.001000,0.001000,0.001000,0.001000,0.001000
1080.961538,-0.045778,0.001000,0.001000,0.001000,0.001000,0.001000
1080.980769,-0.045325,0.001000,0.001000,0.001000,0.001000,0.001000
1081.000000,-0.044849,0.001000,0.001000,0.001000,0.001000,0.001000
1081.019231,-0.044353,0.001000,0.001000,0.001000,0.001000,0.001000
1081.038462,-0.043834,0.001000,0.001000,0.001000,0.001000,0.001000
1081.057692,-0.043294,0.001000,0.001000,0.001000,0.001000,0.001000
1081.076923,-0.042734,0.001000,0.001000,0.001000,0.001000,0.001000
1081.096154,-0.042153,0.001000,0.001000,0.001000,0.001000,0.001000
1081.115385,-0.041551,0.001000,0.001000,0.001000,0.001000,0.001000
1081.134615,-0.040929,0.001000,0.001000,0.001000,0.001000,0.001000
1081.153846,-0.040288,0.001000,0.001000,0.001000,0.001000,0.001000
1081.173077,-0.039627,0.001000,0.001000,0.001000,0.001000,0.001000
1081.192308,-0.038946,0.001000,0.001000,0.001000,0.001000,0.001000
1081.211538,-0.038247,0.001000,0.001000,0.001000,0.001000,0.001000
1081.230769,-0.037530,0.001000,0.001000,0.001000,0.001000,0.001000
1081.250000,-0.036794,0.001000,0.001000,0.001000,0.001000,0.001000
1081.269231,-0.036040,0.001000,0.001000,0.001000,0.001000,0.001000
1081.288462,-0.035269,0.001000,0.001000,0.001000,0.001000,0.001000
1081.307692,-0.034481,0.001000,0.001000,0.001000,0.001000,0.001000
1081.326923,-0.033677,0.001000,0.001000,0.001000,0.001000,0.001000
1081.346154,-0.032856,0.001000,0.001000,0.001000,0.001000,0.001000
1081.365385,-0.032019,0.001000,0.001000,0.001000,0.001000,0.001000
1081.384615,-0.031166,0.001000,0.001000,0.001000,0.001000,0.001000
1081.403846,-0.030299,0.001000,0.001000,0.001000,0.001000,0.001000
1081.423077,-0.029417,0.001000,0.001000,0.001000,0.001000,0.001000
1081.442308,-0.028520,0.001000,0.001000,0.001000,0.001000,0.001000
1081.461538,-0.027610,0.001000,0.001000,0.001000,0.001000,0.001000
1081.480769,-0.026687,0.001000,0.001000,0.001000,0.001000,0.001000
1081.500000,-0.025750,0.001000,0.001000,0.001000,0.001000,0.001000
1081.519231,-0.024801,0.001000,0.001000,0.001000,0.001000,0.001000
1081.538462,-0.023840,0.001000,0.001000,0.001000,0.001000,0.001000
1081.557692,-0.022868,0.001000,0.001000,0.001000,0.001000,0.001000
1081.576923,-0.021884,0.001000,0.001000,0.001000,0.001000,0.001000
1081.596154,-0.020890,0.001000,0.001000,0.001000,0.001000,0.001000
1081.615385,-0.019886,0.001000,0.001000,0.001000,0.001000,0.001000
1081.634615,-0.018872,0.001000,0.001000,0.001000,0.001000,0.001000
1081.653846,-0.017849,0.001000,0.001000,0.001000,0.001000,0.001000
1081.673077,-0.016818,0.001000,0.001000,0.001000,0.001000,0.001000
1081.692308,-0.015778,0.001000,0.001000,0.001000,0.001000,0.001000
1081.711538,-0.014731,0.001000,0.001000,0.001000,0.001000,0.001000
1081.730769,-0.013676,0.001000,0.001000,0.001000,0.001000,0.001000
1081.750000,-0.012615,0.001000,0.001000,0.001000,0.001000,0.001000
1081.769231,-0.011548,0.001000,0.001000,0.001000,0.001000,0.001000
1081.788462,-0.010475,0.001000,0.001000,0.001000,0.001000,0.001000
1081.807692,-0.009397,0.001000,0.001000,0.001000,0.001000,0.001000
1081.826923,-0.008315,0.001000,0.001000,0.001000,0.001000,0.001000
1081.846154,-0.007229,0.001000,0.001000,0.001000,0.001000,0.001000
1081.865385,-0.006139,0.001000,0.001000,0.001000,0.001000,0.001000
1081.884615,-0.005046,0.001000,0.001000,0.001000,0.001000,0.001000
1081.903846,-0.003950,0.001000,0.001000,0.001000,0.001000,0.001000
1081.923077,-0.002853,0.001000,0.001000,0.001000,0.001000,0.001000
1081.942308,-0.001755,0.001000,0.001000,0.001000,0.001000,0.001000
1081.961538,-0.000655,0.001000,0.001000,0.001000,0.001000,0.001000
1081.980769,0.000445,0.001000,0.001000,0.001000,0.001000,0.001000
1082.000000,0.001544,0.001000,0.001000,0.001000,0.001000,0.001000
1082.019231,0.002643,0.001000,0.001000,0.001000,0.001000,0.001000
1082.038462,0.003741,0.001000,0.001000,0.001000,0.001000,0.001000
1082.057692,0.004836,0.001000,0.001000,0.001000,0.001000,0.001000
1082.076923,0.005930,0.001000,0.001000,0.001000,0.001000,0.001000
1082.096154,0.007020,0.001000,0.001000,0.001000,0.001000,0.001000
1082.115385,0.008107,0.001000,0.001000,0.001000,0.001000,0.001000
1082.134615,0.009191,0.001000,0.001000,0.001000,0.001000,0.001000
1082.153846,0.010269,0.001000,0.001000,0.001000,0.001000,0.001000
1082.173077,0.011343,0.001000,0.001000,0.001000,0.001000,0.001000
1082.192308,0.012411,0.001000,0.001000,0.001000,0.001000,0.001000
1082.211538,0.013474,0.001000,0.001000,0.001000,0.001000,0.001000
1082.230769,0.014529,0.001000,0.001000,0.001000,0.001000,0.001000
1082.250000,0.015578,0.001000,0.001000,0.001000,0.001000,0.001000
1082.269231,0.016619,0.001000,0.001000,0.001000,0.001000,0.001000
1082.288462,0.017653,0.001000,0.001000,0.001000,0.001000,0.001000
1082.307692,0.018677,0.001000,0.001000,0.001000,0.001000,0.001000
1082.326923,0.019693,0.001000,0.001000,0.001000,0.001000,0.001000
1082.346154,0.020699,0.001000,0.001000,0.001000,0.001000,0.001000
1082.365385,0.021695,0.001000,0.001000,0.001000,0.001000,0.001000
1082.384615,0.022681,0.001000,0.001000,0.001000,0.001000,0.001000
1082.403846,0.023655,0.001000,0.001000,0.001000,0.001000,0.001000
1082.423077,0.024618,0.001000,0.001000,0.001000,0.001000,0.001000
1082.442308,0.025569,0.001000,0.001000,0.001000,0.001000,0.001000
1082.461538,0.026508,0.001000,0.001000,0.001000,0.001000,0.001000
1082.480769,0.027434,0.001000,0.001000,0.001000,0.001000,0.001000
1082.500000,0.028347,0.001000,0.001000,0.001000,0.001000,0.001000
1082.519231,0.029246,0.001000,0.001000,0.001000,0.001000,0.001000
1082.538462,0.030131,0.001000,0.001000,0.001000,0.001000,0.001000
1082.557692,0.031001,0.001000,0.001000,0.001000,0.001000,0.001000
1082.576923,0.031857,0.001000,0.001000,0.001000,0.001000,0.001000
1082.596154,0.032697,0.001000,0.001000,0.001000,0.001000,0.001000
1082.615385,0.033521,0.001000,0.001000,0.001000,0.001000,0.001000
1082.634615,0.034329,0.001000,0.001000,0.001000,0.001000,0.001000
1082.653846,0.035120,0.001000,0.001000,0.001000,0.001000,0.001000
1082.673077,0.035894,0.001000,0.001000,0.001000,0.001000,0.001000
1082.692308,0.036651,0.001000,0.001000,0.001000,0.001000,0.001000
1082.711538,0.037390,0.001000,0.001000,0.001000,0.001000,0.001000
1082.730769,0.038111,0.001000,0.001000,0.001000,0.001000,0.001000
1082.750000,0.038814,0.001000,0.001000,0.001000,0.001000,0.001000
1082.769231,0.039498,0.001000,0.001000,0.001000,0.001000,0.001000
1082.788462,0.040163,0.001000,0.001000,0.001000,0.001000,0.001000
1082.807692,0.040808,0.001000,0.001000,0.001000,0.001000,0.001000
1082.826923,0.041433,0.001000,0.001000,0.001000,0.001000,0.001000
1082.846154,0.042039,0.001000,0.001000,0.001000,0.001000,0.001000
1082.865385,0.042624,0.001000,0.001000,0.001000,0.001000,0.001000
1082.884615,0.043189,0.001000,0.001000,0.001000,0.001000,0.001000
1082.903846,0.043732,0.001000,0.001000,0.001000,0.001000,0.001000
1082.923077,0.044255,0.001000,0.001000,0.001000,0.001000,0.001000
1082.942308,0.044756,0.001000,0.001000,0.001000,0.001000,0.001000
1082.961538,0.045235,0.001000,0.001000,0.001000,0.001000,0.001000
1082.980769,0.045693,0.001000,0.001000,0.001000,0.001000,0.001000
1083.000000,0.046129,0.001000,0.001000,0.001000,0.001000,0.001000
1083.019231,0.046542,0.001000,0.001000,0.001000,0.001000,0.001000
1083.038462,0.046932,0.001000,0.001000,0.001000,0.001000,0.001000
1083.057692,0.047300,0.001000,0.001000,0.001000,0.001000,0.001000
1083.076923,0.047645,0.001000,0.001000,0.001000,0.001000,0.001000
1083.096154,0.047967,0.001000,0.001000,0.001000,0.001000,0.001000
1083.115385,0.048266,0.001000,0.001000,0.001000,0.001000,0.001000
1083.134615,0.048541,0.001000,0.001000,0.001000,0.001000,0.001000
1083.153846,0.048793,0.001000,0.001000,0.001000,0.001000,0.001000
1083.173077,0.049022,0.001000,0.001000,0.001000,0.001000,0.001000
1083.192308,0.049226,0.001000,0.001000,0.001000,0.001000,0.001000
1083.211538,0.049407,0.001000,0.001000,0.001000,0.001000,0.001000
1083.230769,0.049564,0.001000,0.001000,0.001000,0.001000,0.001000
1083.250000,0.049697,0.001000,0.001000,0.001000,0.001000,0.001000
1083.269231,0.049806,0.001000,0.001000,0.001000,0.001000,0.001000
1083.288462,0.049891,0.001000,0.001000,0.001000,0.001000,0.001000
1083.307692,0.049951,0.001000,0.001000,0.001000,0.001000,0.001000
1083.326923,0.049988,0.001000,0.001000,0.001000,0.001000,0.001000
1083.346154,0.050000,0.001000,0.001000,0.001000,0.001000,0.001000
1083.365385,0.049988,0.001000,0.001000,0.001000,0.001000,0.001000
1083.384615,0.049952,0.001000,0.001000,0.001000,0.001000,0.001000
1083.403846,0.049892,0.001000,0.001000,0.001000,0.001000,0.001000
1083.423077,0.049807,0.001000,0.001000,0.001000,0.001000,0.001000
1083.442308,0.049699,0.001000,0.001000,0.001000,0.001000,0.001000
1083.461538,0.049566,0.001000,0.001000,0.001000,0.001000,0.001000
1083.480769,0.049410,0.001000,0.001000,0.001000,0.001000,0.001000
1083.500000,0.049229,0.001000,0.001000,0.001000,0.001000,0.001000
1083.519231,0.049025,0.001000,0.001000,0.001000,0.001000,0.001000
1083.538462,0.048797,0.001000,0.001000,0.001000,0.001000,0.001000
1083.557692,0.048546,0.001000,0.001000,0.001000,0.001000,0.001000
1083.576923,0.048271,0.001000,0.001000,0.001000,0.001000,0.001000
1083.596154,0.047972,0.001000,0.001000,0.001000,0.001000,0.001000
1083.615385,0.047651,0.001000,0.001000,0.001000,0.001000,0.001000
1083.634615,0.047306,0.001000,0.001000,0.001000,0.001000,0.001000
1083.653846,0.046938,0.001000,0.001000,0.001000,0.001000,0.001000
1083.673077,0.046548,0.001000,0.001000,0.001000,0.001000,0.001000
1083.692308,0.046135,0.001000,0.001000,0.001000,0.001000,0.001000
1083.711538,0.045700,0.001000,0.001000,0.001000,0.001000,0.001000
1083.730769,0.045243,0.001000,0.001000,0.001000,0.001000,0.001000
1083.750000,0.044764,0.001000,0.001000,0.001000,0.001000,0.001000
1083.769231,0.044263,0.001000,0.001000,0.001000,0.001000,0.001000
1083.788462,0.043741,0.001000,0.001000,0.001000,0.001000,0.001000
1083.807692,0.043198,0.001000,0.001000,0.001000,0.001000,0.001000
1083.826923,0.042633,0.001000,0.001000,0.001000,0.001000,0.001000
1083.846154,0.042048,0.001000,0.001000,0.001000,0.001000,0.001000
1083.865385,0.041443,0.001000,0.001000,0.001000,0.001000,0.001000
1083.884615,0.040818,0.001000,0.001000,0.001000,0.001000,0.001000
1083.903846,0.040173,0.001000,0.001000,0.001000,0.001000,0.001000
1083.923077,0.039508,0.001000,0.001000,0.001000,0.001000,0.001000
1083.942308,0.038825,0.001000,0.001000,0.001000,0.001000,0.001000
1083.961538,0.038123,0.001000,0.001000,0.001000,0.001000,0.001000
1083.980769,0.037402,0.001000,0.001000,0.001000,0.001000,0.001000
1084.000000,0.036663,0.001000,0.001000,0.001000,0.001000,0.001000
1084.019231,0.035906,0.001000,0.001000,0.001000,0.001000,0.001000
1084.038462,0.035132,0.001000,0.001000,0.001000,0.001000,0.001000
1084.057692,0.034341,0.001000,0.001000,0.001000,0.001000,0.001000
1084.076923,0.033534,0.001000,0.001000,0.001000,0.001000,0.001000
1084.096154,0.032710,0.001000,0.001000,0.001000,0.001000,0.001000
1084.115385,0.031870,0.001000,0.001000,0.001000,0.001000,0.001000
1084.134615,0.031015,0.001000,0.001000,0.001000,0.001000,0.001000
1084.153846,0.030145,0.001000,0.001000,0.001000,0.001000,0.001000
1084.173077,0.029260,0.001000,0.001000,0.001000,0.001000,0.001000
1084.192308,0.028362,0.001000,0.001000,0.001000,0.001000,0.001000
1084.211538,0.027449,0.001000,0.001000,0.001000,0.001000,0.001000
1084.230769,0.026523,0.001000,0.001000,0.001000,0.001000,0.001000
1084.250000,0.025585,0.001000,0.001000,0.001000,0.001000,0.001000
1084.269231,0.024633,0.001000,0.001000,0.001000,0.001000,0.001000
1084.288462,0.023671,0.001000,0.001000,0.001000,0.001000,0.001000
1084.307692,0.022696,0.001000,0.001000,0.001000,0.001000,0.001000
1084.326923,0.021711,0.001000,0.001000,0.001000,0.001000,0.001000
1084.346154,0.020715,0.001000,0.001000,0.001000,0.001000,0.001000
1084.365385,0.019709,0.001000,0.001000,0.001000,0.001000,0.001000
1084.384615,0.018693,0.001000,0.001000,0.001000,0.001000,0.001000
1084.403846,0.017669,0.001000,0.001000,0.001000,0.001000,0.001000
1084.423077,0.016636,0.001000,0.001000,0.001000,0.001000,0.001000
1084.442308,0.015595,0.001000,0.001000,0.001000,0.001000,0.001000
1084.461538,0.014546,0.001000,0.001000,0.001000,0.001000,0.001000
1084.480769,0.013491,0.001000,0.001000,0.001000,0.001000,0.001000
1084.500000,0.012428,0.001000,0.001000,0.001000,0.001000,0.001000
1084.519231,0.011360,0.001000,0.001000,0.001000,0.001000,0.001000
1084.538462,0.010286,0.001000,0.001000,0.001000,0.001000,0.001000
1084.557692,0.009208,0.001000,0.001000,0.001000,0.001000,0.001000
1084.576923,0.008125,0.001000,0.001000,0.001000,0.001000,0.001000
1084.596154,0.007038,0.001000,0.001000,0.001000,0.001000,0.001000
1084.615385,0.005947,0.001000,0.001000,0.001000,0.001000,0.001000
1084.634615,0.004854,0.001000,0.001000,0.001000,0.001000,0.001000
1084.653846,0.003758,0.001000,0.001000,0.001000,0.001000,0.001000
1084.673077,0.002660,0.001000,0.001000,0.001000,0.001000,0.001000
1084.692308,0.001562,0.001000,0.001000,0.001000,0.001000,0.001000
1084.711538,0.000462,0.001000,0.001000,0.001000,0.001000,0.001000
1084.730769,-0.000638,0.001000,0.001000,0.001000,0.001000,0.001000
1084.750000,-0.001737,0.001000,0.001000,0.001000,0.001000,0.001000
1084.769231,-0.002836,0.001000,0.001000,0.001000,0.001000,0.001000
1084.788462,-0.003933,0.001000,0.001000,0.001000,0.001000,0.001000
1084.807692,-0.005028,0.001000,0.001000,0.001000,0.001000,0.001000
1084.826923,-0.006121,0.001000,0.001000,0.001000,0.001000,0.001000
1084.846154,-0.007211,0.001000,0.001000,0.001000,0.001000,0.001000
1084.865385,-0.008298,0.001000,0.001000,0.001000,0.001000,0.001000
1084.884615,-0.009380,0.001000,0.001000,0.001000,0.001000,0.001000
1084.903846,-0.010458,0.001000,0.001000,0.001000,0.001000,0.001000
1084.923077,-0.011531,0.001000,0.001000,0.001000,0.001000,0.001000
1084.942308,-0.012598,0.001000,0.001000,0.001000,0.001000,0.001000
1084.961538,-0.013660,0.001000,0.001000,0.001000,0.001000,0.001000
1084.980769,-0.014714,0.001000,0.001000,0.001000,0.001000,0.001000
1085.000000,-0.015762,0.001000,0.001000,0.001000,0.001000,0.001000
1085.019231,-0.016801,0.001000,0.001000,0.001000,0.001000,0.001000
1085.038462,-0.017833,0.001000,0.001000,0.001000,0.001000,0.001000
1085.057692,-0.018856,0.001000,0.001000,0.001000,0.001000,0.001000
1085.076923,-0.019870,0.001000,0.001000,0.001000,0.001000,0.001000
1085.096154,-0.020874,0.001000,0.001000,0.001000,0.001000,0.001000
1085.115385,-0.021869,0.001000,0.001000,0.001000,0.001000,0.001000
1085.134615,-0.022852,0.001000,0.001000,0.001000,0.001000,0.001000
1085.153846,-0.023825,0.001000,0.001000,0.001000,0.001000,0.001000
1085.173077,-0.024786,0.001000,0.001000,0.001000,0.001000,0.001000
1085.192308,-0.025735,0.001000,0.001000,0.001000,0.001000,0.001000
1085.211538,-0.026672,0.001000,0.001000,0.001000,0.001000,0.001000
1085.230769,-0.027596,0.001000,0.001000,0.001000,0.001000,0.001000
1085.250000,-0.028506,0.001000,0.001000,0.001000,0.001000,0.001000
1085.269231,-0.029403,0.001000,0.001000,0.001000,0.001000,0.001000
1085.288462,-0.030285,0.001000,0.001000,0.001000,0.001000,0.001000
1085.307692,-0.031153,0.001000,0.001000,0.001000,0.001000,0.001000
1085.326923,-0.032005,0.001000,0.001000,0.001000,0.001000,0.001000
1085.346154,-0.032842,0.001000,0.001000,0.001000,0.001000,0.001000
1085.365385,-0.033664,0.001000,0.001000,0.001000,0.001000,0.001000
1085.384615,-0.034469,0.001000,0.001000,0.001000,0.001000,0.001000
1085.403846,-0.035257,0.001000,0.001000,0.001000,0.001000,0.001000
1085.423077,-0.036028,0.001000,0.001000,0.001000,0.001000,0.001000
1085.442308,-0.036782,0.001000,0.001000,0.001000,0.001000,0.001000
1085.461538,-0.037518,0.001000,0.001000,0.001000,0.001000,0.001000
1085.480769,-0.038236,0.001000,0.001000,0.001000,0.001000,0.001000
1085.500000,-0.038935,0.001000,0.001000,0.001000,0.001000,0.001000
1085.519231,-0.039616,0.001000,0.001000,0.001000,0.001000,0.001000
1085.538462,-0.040277,0.001000,0.001000,0.001000,0.001000,0.001000
1085.557692,-0.040919,0.001000,0.001000,0.001000,0.001000,0.001000
1085.576923,-0.041541,0.001000,0.001000,0.001000,0.001000,0.001000
1085.596154,-0.042143,0.001000,0.001000,0.001000,0.001000,0.001000
1085.615385,-0.042725,0.001000,0.001000,0.001000,0.001000,0.001000
1085.634615,-0.043286,0.001000,0.001000,0.001000,0.001000,0.001000
1085.653846,-0.043826,0.001000,0.001000,0.001000,0.001000,0.001000
1085.673077,-0.044344,0.001000,0.001000,0.001000,0.001000,0.001000
1085.692308,-0.044842,0.001000,0.001000,0.001000,0.001000,0.001000
1085.711538,-0.045317,0.001000,0.001000,0.001000,0.001000,0.001000
1085.730769,-0.045771,0.001000,0.001000,0.001000,0.001000,0.001000
1085.750000,-0.046203,0.001000,0.001000,0.001000,0.001000,0.001000
1085.769231,-0.046612,0.001000,0.001000,0.001000,0.001000,0.001000
1085.788462,-0.046999,0.001000,0.001000,0.001000,0.001000,0.001000
1085.807692,-0.047362,0.001000,0.001000,0.001000,0.001000,0.001000
1085.826923,-0.047703,0.001000,0.001000,0.001000,0.001000,0.001000
1085.846154,-0.048021,0.001000,0.001000,0.001000,0.001000,0.001000
1085.865385,-0.048316,0.001000,0.001000,0.001000,0.001000,0.001000
1085.884615,-0.048587,0.001000,0.001000,0.001000,0.001000,0.001000
1085.903846,-0.048835,0.001000,0.001000,0.001000,0.001000,0.001000
1085.923077,-0.049059,0.001000,0.001000,0.001000,0.001000,0.001000
1085.942308,-0.049260,0.001000,0.001000,0.001000,0.001000,0.001000
1085.961538,-0.049436,0.001000,0.001000,0.001000,0.001000,0.001000
1085.980769,-0.049589,0.001000,0.001000,0.001000,0.001000,0.001000
1086.000000,-0.049718,0.001000,0.001000,0.001000,0.001000,0.001000
1086.019231,-0.049822,0.001000,0.001000,0.001000,0.001000,0.001000
1086.038462,-0.049903,0.001000,0.001000,0.001000,0.001000,0.001000
1086.057692,-0.049959,0.001000,0.001000,0.001000,0.001000,0.001000
1086.076923,-0.049992,0.001000,0.001000,0.001000,0.001000,0.001000
1086.096154,-0.050000,0.001000,0.001000,0.001000,0.001000,0.001000
1086.115385,-0.049984,0.001000,0.001000,0.001000,0.001000,0.001000
1086.134615,-0.049943,0.001000,0.001000,0.001000,0.001000,0.001000
1086.153846,-0.049879,0.001000,0.001000,0.001000,0.001000,0.001000
1086.173077,-0.049790,0.001000,0.001000,0.001000,0.001000,0.001000
1086.192308,-0.049677,0.001000,0.001000,0.001000,0.001000,0.001000
1086.211538,-0.049541,0.001000,0.001000,0.001000,0.001000,0.001000
1086.230769,-0.049380,0.001000,0.001000,0.001000,0.001000,0.001000
1086.250000,-0.049195,0.001000,0.001000,0.001000,0.001000,0.001000
1086.269231,-0.048987,0.001000,0.001000,0.001000,0.001000,0.001000
1086.288462,-0.048755,0.001000,0.001000,0.001000,0.001000,0.001000
1086.307692,-0.048499,0.001000,0.001000,0.001000,0.001000,0.001000
1086.326923,-0.048220,0.001000,0.001000,0.001000,0.001000,0.001000
1086.346154,-0.047917,0.001000,0.001000,0.001000,0.001000,0.001000
1086.365385,-0.047592,0.001000,0.001000,0.001000,0.001000,0.001000
1086.384615,-0.047243,0.001000,0.001000,0.001000,0.001000,0.001000
1086.403846,-0.046871,0.001000,0.001000,0.001000,0.001000,0.001000
1086.423077,-0.046477,0.001000,0.001000,0.001000,0.001000,0.001000
1086.442308,-0.046060,0.001000,0.001000,0.001000,0.001000,0.001000
1086.461538,-0.045621,0.001000,0.001000,0.001000,0.001000,0.001000
1086.480769,-0.045160,0.001000,0.001000,0.001000,0.001000,0.001000
1086.500000,-0.044677,0.001000,0.001000,0.001000,0.001000,0.001000
1086.519231,-0.044173,0.001000,0.001000,0.001000,0.001000,0.001000
1086.538462,-0.043647,0.001000,0.001000,0.001000,0.001000,0.001000
1086.557692,-0.043100,0.001000,0.001000,0.001000,0.001000,0.001000
1086.576923,-0.042532,0.001000,0.001000,0.001000,0.001000,0.001000
1086.596154,-0.041944,0.001000,0.001000,0.001000,0.001000,0.001000
1086.615385,-0.041335,0.001000,0.001000,0.001000,0.001000,0.001000
1086.634615,-0.040706,0.001000,0.001000,0.001000,0.001000,0.001000
1086.653846,-0.040058,0.001000,0.001000,0.001000,0.001000,0.001000
1086.673077,-0.039390,0.001000,0.001000,0.001000,0.001000,0.001000
1086.692308,-0.038703,0.001000,0.001000,0.001000,0.001000,0.001000
1086.711538,-0.037997,0.001000,0.001000,0.001000,0.001000,0.001000
1086.730769,-0.037273,0.001000,0.001000,0.001000,0.001000,0.001000
1086.750000,-0.036531,0.001000,0.001000,0.001000,0.001000,0.001000
1086.769231,-0.035772,0.001000,0.001000,0.001000,0.001000,0.001000
1086.788462,-0.034995,0.001000,0.001000,0.001000,0.001000,0.001000
1086.807692,-0.034201,0.001000,0.001000,0.001000,0.001000,0.001000
1086.826923,-0.033390,0.001000,0.001000,0.001000,0.001000,0.001000
1086.846154,-0.032564,0.001000,0.001000,0.001000,0.001000,0.001000
1086.865385,-0.031721,0.001000,0.001000,0.001000,0.001000,0.001000
1086.884615,-0.030863,0.001000,0.001000,0.001000,0.001000,0.001000
1086.903846,-0.029991,0.001000,0.001000,0.001000,0.001000,0.001000
1086.923077,-0.029104,0.001000,0.001000,0.001000,0.001000,0.001000
1086.942308,-0.028202,0.001000,0.001000,0.001000,0.001000,0.001000
1086.961538,-0.027287,0.001000,0.001000,0.001000,0.001000,0.001000
1086.980769,-0.026359,0.001000,0.001000,0.001000,0.001000,0.001000
1087.000000,-0.025418,0.001000,0.001000,0.001000,0.001000,0.001000
1087.019231,-0.024465,0.001000,0.001000,0.001000,0.001000,0.001000
1087.038462,-0.023500,0.001000,0.001000,0.001000,0.001000,0.001000
1087.057692,-0.022524,0.001000,0.001000,0.001000,0.001000,0.001000
1087.076923,-0.021537,0.001000,0.001000,0.001000,0.001000,0.001000
1087.096154,-0.020539,0.001000,0.001000,0.001000,0.001000,0.001000
1087.115385,-0.019531,0.001000,0.001000,0.001000,0.001000,0.001000
1087.134615,-0.018514,0.001000,0.001000,0.001000,0.001000,0.001000
1087.153846,-0.017488,0.001000,0.001000,0.001000,0.001000,0.001000
1087.173077,-0.016454,0.001000,0.001000,0.001000,0.001000,0.001000
1087.192308,-0.015411,0.001000,0.001000,0.001000,0.001000,0.001000
1087.211538,-0.014361,0.001000,0.001000,0.001000,0.001000,0.001000
1087.230769,-0.013305,0.001000,0.001000,0.001000,0.001000,0.001000
1087.250000,-0.012241,0.001000,0.001000,0.001000,0.001000,0.001000
1087.269231,-0.011172,0.001000,0.001000,0.001000,0.001000,0.001000
1087.288462,-0.010097,0.001000,0.001000,0.001000,0.001000,0.001000
1087.307692,-0.009018,0.001000,0.001000,0.001000,0.001000,0.001000
1087.326923,-0.007934,0.001000,0.001000,0.001000,0.001000,0.001000
1087.346154,-0.006846,0.001000,0.001000,0.001000,0.001000,0.001000
1087.365385,-0.005755,0.001000,0.001000,0.001000,0.001000,0.001000
1087.384615,-0.004662,0.001000,0.001000,0.001000,0.001000,0.001000
1087.403846,-0.003565,0.001000,0.001000,0.001000,0.001000,0.001000
1087.423077,-0.002468,0.001000,0.001000,0.001000,0.001000,0.001000
1087.442308,-0.001369,0.001000,0.001000,0.001000,0.001000,0.001000
1087.461538,-0.000269,0.001000,0.001000,0.001000,0.001000,0.001000
1087.480769,0.000831,0.001000,0.001000,0.001000,0.001000,0.001000
1087.500000,0.001930,0.001000,0.001000,0.001000,0.001000,0.001000
1087.519231,0.003029,0.001000,0.001000,0.001000,0.001000,0.001000
1087.538462,0.004125,0.001000,0.001000,0.001000,0.001000,0.001000
1087.557692,0.005220,0.001000,0.001000,0.001000,0.001000,0.001000
1087.576923,0.006313,0.001000,0.001000,0.001000,0.001000,0.001000
1087.596154,0.007402,0.001000,0.001000,0.001000,0.001000,0.001000
1087.615385,0.008488,0.001000,0.001000,0.001000,0.001000,0.001000
1087.634615,0.009570,0.001000,0.001000,0.001000,0.001000,0.001000
1087.653846,0.010647,0.001000,0.001000,0.001000,0.001000,0.001000
1087.673077,0.011719,0.001000,0.001000,0.001000,0.001000,0.001000
1087.692308,0.012785,0.001000,0.001000,0.001000,0.001000,0.001000
1087.711538,0.013845,0.001000,0.001000,0.001000,0.001000,0.001000
1087.730769,0.014898,0.001000,0.001000,0.001000,0.001000,0.001000
1087.750000,0.015945,0.001000,0.001000,0.001000,0.001000,0.001000
1087.769231,0.016983,0.001000,0.001000,0.001000,0.001000,0.001000
1087.788462,0.018013,0.001000,0.001000,0.001000,0.001000,0.001000
1087.807692,0.019035,0.001000,0.001000,0.001000,0.001000,0.001000
1087.826923,0.020047,0.001000,0.001000,0.001000,0.001000,0.001000
1087.846154,0.021050,0.001000,0.001000,0.001000,0.001000,0.001000
1087.865385,0.022042,0.001000,0.001000,0.001000,0.001000,0.001000
1087.884615,0.023024,0.001000,0.001000,0.001000,0.001000,0.001000
1087.903846,0.023995,0.001000,0.001000,0.001000,0.001000,0.001000
1087.923077,0.024954,0.001000,0.001000,0.001000,0.001000,0.001000
1087.942308,0.025901,0.001000,0.001000,0.001000,0.001000,0.001000
1087.961538,0.026835,0.001000,0.001000,0.001000,0.001000,0.001000
1087.980769,0.027756,0.001000,0.001000,0.001000,0.001000,0.001000
1088.000000,0.028664,0.001000,0.001000,0.001000,0.001000,0.001000
1088.019231,0.029558,0.001000,0.001000,0.001000,0.001000,0.001000
1088.038462,0.030438,0.001000,0.001000,0.001000,0.001000,0.001000
1088.057692,0.031303,0.001000,0.001000,0.001000,0.001000,0.001000
1088.076923,0.032153,0.001000,0.001000,0.001000,0.001000,0.001000
1088.096154,0.032988,0.001000,0.001000,0.001000,0.001000,0.001000
1088.115385,0.033806,0.001000,0.001000,0.001000,0.001000,0.001000
1088.134615,0.034608,0.001000,0.001000,0.001000,0.001000,0.001000
1088.153846,0.035394,0.001000,0.001000,0.001000,0.001000,0.001000
1088.173077,0.036162,0.001000,0.001000,0.001000,0.001000,0.001000
1088.192308,0.036913,0.001000,0.001000,0.001000,0.001000,0.001000
1088.211538,0.037645,0.001000,0.001000,0.001000,0.001000,0.001000
1088.230769,0.038360,0.001000,0.001000,0.001000,0.001000,0.001000
1088.250000,0.039056,0.001000,0.001000,0.001000,0.001000,0.001000
1088.269231,0.039733,0.001000,0.001000,0.001000,0.001000,0.001000
1088.288462,0.040391,0.001000,0.001000,0.001000,0.001000,0.001000
1088.307692,0.041030,0.001000,0.001000,0.001000,0.001000,0.001000
1088.326923,0.041648,0.001000,0.001000,0.001000,0.001000,0.001000
1088.346154,0.042247,0.001000,0.001000,0.001000,0.001000,0.001000
1088.365385,0.042825,0.001000,0.001000,0.001000,0.001000,0.001000
1088.384615,0.043382,0.001000,0.001000,0.001000,0.001000,0.001000
1088.403846,0.043918,0.001000,0.001000,0.001000,0.001000,0.001000
1088.423077,0.044433,0.001000,0.001000,0.001000,0.001000,0.001000
1088.442308,0.044927,0.001000,0.001000,0.001000,0.001000,0.001000
1088.461538,0.045399,0.001000,0.001000,0.001000,0.001000,0.001000
1088.480769,0.045848,0.001000,0.001000,0.001000,0.001000,0.001000
1088.500000,0.046276,0.001000,0.001000,0.001000,0.001000,0.001000
1088.519231,0.046681,0.001000,0.001000,0.001000,0.001000,0.001000
1088.538462,0.047064,0.001000,0.001000,0.001000,0.001000,0.001000
1088.557692,0.047424,0.001000,0.001000,0.001000,0.001000,0.001000
1088.576923,0.047761,0.001000,0.001000,0.001000,0.001000,0.001000
1088.596154,0.048075,0.001000,0.001000,0.001000,0.001000,0.001000
1088.615385,0.048365,0.001000,0.001000,0.001000,0.001000,0.001000
1088.634615,0.048633,0.001000,0.001000,0.001000,0.001000,0.001000
1088.653846,0.048876,0.001000,0.001000,0.001000,0.001000,0.001000
1088.673077,0.049096,0.001000,0.001000,0.001000,0.001000,0.001000
1088.692308,0.049293,0.001000,0.001000,0.001000,0.001000,0.001000
1088.711538,0.049465,0.001000,0.001000,0.001000,0.001000,0.001000
1088.730769,0.049613,0.001000,0.001000,0.001000,0.001000,0.001000
1088.750000,0.049738,0.001000,0.001000,0.001000,0.001000,0.001000
1088.769231,0.049838,0.001000,0.001000,0.001000,0.001000,0.001000
1088.788462,0.049915,0.001000,0.001000,0.001000,0.001000,0.001000
1088.807692,0.049967,0.001000,0.001000,0.001000,0.001000,0.001000
1088.826923,0.049995,0.001000,0.001000,0.001000,0.001000,0.001000
1088.846154,0.049999,0.001000,0.001000,0.001000,0.001000,0.001000
1088.865385,0.049978,0.001000,0.001000,0.001000,0.001000,0.001000
1088.884615,0.049934,0.001000,0.001000,0.001000,0.001000,0.001000
1088.903846,0.049865,0.001000,0.001000,0.001000,0.001000,0.001000
1088.923077,0.049772,0.001000,0.001000,0.001000,0.001000,0.001000
1088.942308,0.049655,0.001000,0.001000,0.001000,0.001000,0.001000
1088.961538,0.049514,0.001000,0.001000,0.001000,0.001000,0.001000
1088.980769,0.049349,0.001000,0.001000,0.001000,0.001000,0.001000
1089.000000,0.049160,0.001000,0.001000,0.001000,0.001000,0.001000
1089.019231,0.048948,0.001000,0.001000,0.001000,0.001000,0.001000
1089.038462,0.048712,0.001000,0.001000,0.001000,0.001000,0.001000
1089.057692,0.048452,0.001000,0.001000,0.001000,0.001000,0.001000
1089.076923,0.048168,0.001000,0.001000,0.001000,0.001000,0.001000
1089.096154,0.047862,0.001000,0.001000,0.001000,0.001000,0.001000
1089.115385,0.047532,0.001000,0.001000,0.001000,0.001000,0.001000
1089.134615,0.047179,0.001000,0.001000,0.001000,0.001000,0.001000
1089.153846,0.046804,0.001000,0.001000,0.001000,0.001000,0.001000
1089.173077,0.046406,0.001000,0.001000,0.001000,0.001000,0.001000
1089.192308,0.045985,0.001000,0.001000,0.001000,0.001000,0.001000
1089.211538,0.045542,0.001000,0.001000,0.001000,0.001000,0.001000
1089.230769,0.045077,0.001000,0.001000,0.001000,0.001000,0.001000
1089.250000,0.044590,0.001000,0.001000,0.001000,0.001000,0.001000
1089.269231,0.044082,0.001000,0.001000,0.001000,0.001000,0.001000
1089.288462,0.043553,0.001000,0.001000,0.001000,0.001000,0.001000
1089.307692,0.043002,0.001000,0.001000,0.001000,0.001000,0.001000
1089.326923,0.042430,0.001000,0.001000,0.001000,0.001000,0.001000
1089.346154,0.041838,0.001000,0.001000,0.001000,0.001000,0.001000
1089.365385,0.041226,0.001000,0.001000,0.001000,0.001000,0.001000
1089.384615,0.040594,0.001000,0.001000,0.001000,0.001000,0.001000
1089.403846,0.039942,0.001000,0.001000,0.001000,0.001000,0.001000
1089.423077,0.039271,0.001000,0.001000,0.001000,0.001000,0.001000
1089.442308,0.038580,0.001000,0.001000,0.001000,0.001000,0.001000
1089.461538,0.037872,0.001000,0.001000,0.001000,0.001000,0.001000
1089.480769,0.037144,0.001000,0.001000,0.001000,0.001000,0.001000
1089.500000,0.036399,0.001000,0.001000,0.001000,0.001000,0.001000
1089.519231,0.035637,0.001000,0.001000,0.001000,0.001000,0.001000
1089.538462,0.034857,0.001000,0.001000,0.001000,0.001000,0.001000
1089.557692,0.034060,0.001000,0.001000,0.001000,0.001000,0.001000
1089.576923,0.033246,0.001000,0.001000,0.001000,0.001000,0.001000
1089.596154,0.032417,0.001000,0.001000,0.001000,0.001000,0.001000
1089.615385,0.031572,0.001000,0.001000,0.001000,0.001000,0.001000
1089.634615,0.030711,0.001000,0.001000,0.001000,0.001000,0.001000
1089.653846,0.029836,0.001000,0.001000,0.001000,0.001000,0.001000
1089.673077,0.028946,0.001000,0.001000,0.001000,0.001000,0.001000
1089.692308,0.028043,0.001000,0.001000,0.001000,0.001000,0.001000
1089.711538,0.027125,0.001000,0.001000,0.001000,0.001000,0.001000
1089.730769,0.026195,0.001000,0.001000,0.001000,0.001000,0.001000
1089.750000,0.025252,0.001000,0.001000,0.001000,0.001000,0.001000
1089.769231,0.024297,0.001000,0.001000,0.001000,0.001000,0.001000
1089.788462,0.023330,0.001000,0.001000,0.001000,0.001000,0.001000
1089.807692,0.022351,0.001000,0.001000,0.001000,0.001000,0.001000
1089.826923,0.021362,0.001000,0.001000,0.001000,0.001000,0.001000
1089.846154,0.020363,0.001000,0.001000,0.001000,0.001000,0.001000
1089.865385,0.019353,0.001000,0.001000,0.001000,0.001000,0.001000
1089.884615,0.018335,0.001000,0.001000,0.001000,0.001000,0.001000
1089.903846,0.017307,0.001000,0.001000,0.001000,0.001000,0.001000
1089.923077,0.016271,0.001000,0.001000,0.001000,0.001000,0.001000
1089.942308,0.015228,0.001000,0.001000,0.001000,0.001000,0.001000
1089.961538,0.014176,0.001000,0.001000,0.001000,0.001000,0.001000
1089.980769,0.013118,0.001000,0.001000,0.001000,0.001000,0.001000
