timestamp,ax,ay,az,gx,gy,gz
1000.000000,0.000000,0.001000,0.001000,0.001000,0.001000,0.001000
1000.019231,0.001286,0.001000,0.001000,0.001000,0.001000,0.001000
1000.038462,0.002572,0.001000,0.001000,0.001000,0.001000,0.001000
1000.057692,0.003856,0.001000,0.001000,0.001000,0.001000,0.001000
1000.076923,0.005137,0.001000,0.001000,0.001000,0.001000,0.001000
1000.096154,0.006415,0.001000,0.001000,0.001000,0.001000,0.001000
1000.115385,0.007689,0.001000,0.001000,0.001000,0.001000,0.001000
1000.134615,0.008957,0.001000,0.001000,0.001000,0.001000,0.001000
1000.153846,0.010220,0.001000,0.001000,0.001000,0.001000,0.001000
1000.173077,0.011476,0.001000,0.001000,0.001000,0.001000,0.001000
1000.192308,0.012724,0.001000,0.001000,0.001000,0.001000,0.001000
1000.211538,0.013964,0.001000,0.001000,0.001000,0.001000,0.001000
1000.230769,0.015195,0.001000,0.001000,0.001000,0.001000,0.001000
1000.250000,0.016415,0.001000,0.001000,0.001000,0.001000,0.001000
1000.269231,0.017625,0.001000,0.001000,0.001000,0.001000,0.001000
1000.288462,0.018823,0.001000,0.001000,0.001000,0.001000,0.001000
1000.307692,0.020008,0.001000,0.001000,0.001000,0.001000,0.001000
1000.326923,0.021181,0.001000,0.001000,0.001000,0.001000,0.001000
1000.346154,0.022339,0.001000,0.001000,0.001000,0.001000,0.001000
1000.365385,0.023482,0.001000,0.001000,0.001000,0.001000,0.001000
1000.384615,0.024610,0.001000,0.001000,0.001000,0.001000,0.001000
1000.403846,0.025722,0.001000,0.001000,0.001000,0.001000,0.001000
1000.423077,0.026817,0.001000,0.001000,0.001000,0.001000,0.001000
1000.442308,0.027894,0.001000,0.001000,0.001000,0.001000,0.001000
1000.461538,0.028952,0.001000,0.001000,0.001000,0.001000,0.001000
1000.480769,0.029991,0.001000,0.001000,0.001000,0.001000,0.001000
1000.500000,0.031011,0.001000,0.001000,0.001000,0.001000,0.001000
1000.519231,0.032009,0.001000,0.001000,0.001000,0.001000,0.001000
1000.538462,0.032987,0.001000,0.001000,0.001000,0.001000,0.001000
1000.557692,0.033943,0.001000,0.001000,0.001000,0.001000,0.001000
1000.576923,0.034876,0.001000,0.001000,0.001000,0.001000,0.001000
1000.596154,0.035787,0.001000,0.001000,0.001000,0.001000,0.001000
1000.615385,0.036673,0.001000,0.001000,0.001000,0.001000,0.001000
1000.634615,0.037535,0.001000,0.001000,0.001000,0.001000,0.001000
1000.653846,0.038373,0.001000,0.001000,0.001000,0.001000,0.001000
1000.673077,0.039185,0.001000,0.001000,0.001000,0.001000,0.001000
1000.692308,0.039971,0.001000,0.001000,0.001000,0.001000,0.001000
1000.711538,0.040731,0.001000,0.001000,0.001000,0.001000,0.001000
1000.730769,0.041463,0.001000,0.001000,0.001000,0.001000,0.001000
1000.750000,0.042168,0.001000,0.001000,0.001000,0.001000,0.001000
1000.769231,0.042846,0.001000,0.001000,0.001000,0.001000,0.001000
1000.788462,0.043495,0.001000,0.001000,0.001000,0.001000,0.001000
1000.807692,0.044115,0.001000,0.001000,0.001000,0.001000,0.001000
1000.826923,0.044706,0.001000,0.001000,0.001000,0.001000,0.001000
1000.846154,0.045267,0.001000,0.001000,0.001000,0.001000,0.001000
1000.865385,0.045798,0.001000,0.001000,0.001000,0.001000,0.001000
1000.884615,0.046299,0.001000,0.001000,0.001000,0.001000,0.001000
1000.903846,0.046770,0.001000,0.001000,0.001000,0.001000,0.001000
1000.923077,0.047209,0.001000,0.001000,0.001000,0.001000,0.001000
1000.942308,0.047617,0.001000,0.001000,0.001000,0.001000,0.001000
1000.961538,0.047994,0.001000,0.001000,0.001000,0.001000,0.001000
1000.980769,0.048339,0.001000,0.001000,0.001000,0.001000,0.001000
1001.000000,0.048652,0.001000,0.001000,0.001000,0.001000,0.001000
1001.019231,0.048932,0.001000,0.001000,0.001000,0.001000,0.001000
1001.038462,0.049180,0.001000,0.001000,0.001000,0.001000,0.001000
1001.057692,0.049396,0.001000,0.001000,0.001000,0.001000,0.001000
1001.076923,0.049579,0.001000,0.001000,0.001000,0.001000,0.001000
1001.096154,0.049729,0.001000,0.001000,0.001000,0.001000,0.001000
1001.115385,0.049846,0.001000,0.001000,0.001000,0.001000,0.001000
1001.134615,0.049931,0.001000,0.001000,0.001000,0.001000,0.001000
1001.153846,0.049982,0.001000,0.001000,0.001000,0.001000,0.001000
1001.173077,0.050000,0.001000,0.001000,0.001000,0.001000,0.001000
1001.192308,0.049985,0.001000,0.001000,0.001000,0.001000,0.001000
1001.211538,0.049937,0.001000,0.001000,0.001000,0.001000,0.001000
1001.230769,0.049856,0.001000,0.001000,0.001000,0.001000,0.001000
1001.250000,0.049741,0.001000,0.001000,0.001000,0.001000,0.001000
1001.269231,0.049594,0.001000,0.001000,0.001000,0.001000,0.001000
1001.288462,0.049414,0.001000,0.001000,0.001000,0.001000,0.001000
1001.307692,0.049202,0.001000,0.001000,0.001000,0.001000,0.001000
1001.326923,0.048956,0.001000,0.001000,0.001000,0.001000,0.001000
1001.346154,0.048679,0.001000,0.001000,0.001000,0.001000,0.001000
1001.365385,0.048369,0.001000,0.001000,0.001000,0.001000,0.001000
1001.384615,0.048027,0.001000,0.001000,0.001000,0.001000,0.001000
1001.403846,0.047653,0.001000,0.001000,0.001000,0.001000,0.001000
1001.423077,0.047248,0.001000,0.001000,0.001000,0.001000,0.001000
1001.442308,0.046812,0.001000,0.001000,0.001000,0.001000,0.001000
1001.461538,0.046344,0.001000,0.001000,0.001000,0.001000,0.001000
1001.480769,0.045846,0.001000,0.001000,0.001000,0.001000,0.001000
1001.500000,0.045317,0.001000,0.001000,0.001000,0.001000,0.001000
1001.519231,0.044759,0.001000,0.001000,0.001000,0.001000,0.001000
1001.538462,0.044171,0.001000,0.001000,0.001000,0.001000,0.001000
1001.557692,0.043553,0.001000,0.001000,0.001000,0.001000,0.001000
1001.576923,0.042907,0.001000,0.001000,0.001000,0.001000,0.001000
1001.596154,0.042232,0.001000,0.001000,0.001000,0.001000,0.001000
1001.615385,0.041529,0.001000,0.001000,0.001000,0.001000,0.001000
1001.634615,0.040799,0.001000,0.001000,0.001000,0.001000,0.001000
1001.653846,0.040042,0.001000,0.001000,0.001000,0.001000,0.001000
1001.673077,0.039259,0.001000,0.001000,0.001000,0.001000,0.001000
1001.692308,0.038449,0.001000,0.001000,0.001000,0.001000,0.001000
1001.711538,0.037614,0.001000,0.001000,0.001000,0.001000,0.001000
1001.730769,0.036754,0.001000,0.001000,0.001000,0.001000,0.001000
1001.750000,0.035869,0.001000,0.001000,0.001000,0.001000,0.001000
1001.769231,0.034961,0.001000,0.001000,0.001000,0.001000,0.001000
1001.788462,0.034030,0.001000,0.001000,0.001000,0.001000,0.001000
1001.807692,0.033076,0.001000,0.001000,0.001000,0.001000,0.001000
1001.826923,0.032101,0.001000,0.001000,0.001000,0.001000,0.001000
1001.846154,0.031104,0.001000,0.001000,0.001000,0.001000,0.001000
1001.865385,0.030086,0.001000,0.001000,0.001000,0.001000,0.001000
1001.884615,0.029049,0.001000,0.001000,0.001000,0.001000,0.001000
1001.903846,0.027992,0.001000,0.001000,0.001000,0.001000,0.001000
1001.923077,0.026917,0.001000,0.001000,0.001000,0.001000,0.001000
1001.942308,0.025824,0.001000,0.001000,0.001000,0.001000,0.001000
1001.961538,0.024714,0.001000,0.001000,0.001000,0.001000,0.001000
1001.980769,0.023587,0.001000,0.001000,0.001000,0.001000,0.001000
1002.000000,0.022445,0.001000,0.001000,0.001000,0.001000,0.001000
1002.019231,0.021288,0.001000,0.001000,0.001000,0.001000,0.001000
1002.038462,0.020117,0.001000,0.001000,0.001000,0.001000,0.001000
1002.057692,0.018933,0.001000,0.001000,0.001000,0.001000,0.001000
1002.076923,0.017736,0.001000,0.001000,0.001000,0.001000,0.001000
1002.096154,0.016527,0.001000,0.001000,0.001000,0.001000,0.001000
1002.115385,0.015308,0.001000,0.001000,0.001000,0.001000,0.001000
1002.134615,0.014078,0.001000,0.001000,0.001000,0.001000,0.001000
1002.153846,0.012839,0.001000,0.001000,0.001000,0.001000,0.001000
1002.173077,0.011592,0.001000,0.001000,0.001000,0.001000,0.001000
1002.192308,0.010336,0.001000,0.001000,0.001000,0.001000,0.001000
1002.211538,0.009074,0.001000,0.001000,0.001000,0.001000,0.001000
1002.230769,0.007806,0.001000,0.001000,0.001000,0.001000,0.001000
1002.250000,0.006533,0.001000,0.001000,0.001000,0.001000,0.001000
1002.269231,0.005255,0.001000,0.001000,0.001000,0.001000,0.001000
1002.288462,0.003974,0.001000,0.001000,0.001000,0.001000,0.001000
1002.307692,0.002691,0.001000,0.001000,0.001000,0.001000,0.001000
1002.326923,0.001405,0.001000,0.001000,0.001000,0.001000,0.001000
1002.346154,0.000119,0.001000,0.001000,0.001000,0.001000,0.001000
1002.365385,-0.001168,0.001000,0.001000,0.001000,0.001000,0.001000
1002.384615,-0.002453,0.001000,0.001000,0.001000,0.001000,0.001000
1002.403846,-0.003737,0.001000,0.001000,0.001000,0.001000,0.001000
1002.423077,-0.005019,0.001000,0.001000,0.001000,0.001000,0.001000
1002.442308,-0.006297,0.001000,0.001000,0.001000,0.001000,0.001000
1002.461538,-0.007571,0.001000,0.001000,0.001000,0.001000,0.001000
1002.480769,-0.008840,0.001000,0.001000,0.001000,0.001000,0.001000
1002.500000,-0.010104,0.001000,0.001000,0.001000,0.001000,0.001000
1002.519231,-0.011360,0.001000,0.001000,0.001000,0.001000,0.001000
1002.538462,-0.012609,0.001000,0.001000,0.001000,0.001000,0.001000
1002.557692,-0.013850,0.001000,0.001000,0.001000,0.001000,0.001000
1002.576923,-0.015081,0.001000,0.001000,0.001000,0.001000,0.001000
1002.596154,-0.016303,0.001000,0.001000,0.001000,0.001000,0.001000
1002.615385,-0.017514,0.001000,0.001000,0.001000,0.001000,0.001000
1002.634615,-0.018713,0.001000,0.001000,0.001000,0.001000,0.001000
1002.653846,-0.019899,0.001000,0.001000,0.001000,0.001000,0.001000
1002.673077,-0.021073,0.001000,0.001000,0.001000,0.001000,0.001000
1002.692308,-0.022233,0.001000,0.001000,0.001000,0.001000,0.001000
1002.711538,-0.023377,0.001000,0.001000,0.001000,0.001000,0.001000
1002.730769,-0.024507,0.001000,0.001000,0.001000,0.001000,0.001000
1002.750000,-0.025620,0.001000,0.001000,0.001000,0.001000,0.001000
1002.769231,-0.026716,0.001000,0.001000,0.001000,0.001000,0.001000
1002.788462,-0.027795,0.001000,0.001000,0.001000,0.001000,0.001000
1002.807692,-0.028855,0.001000,0.001000,0.001000,0.001000,0.001000
1002.826923,-0.029896,0.001000,0.001000,0.001000,0.001000,0.001000
1002.846154,-0.030917,0.001000,0.001000,0.001000,0.001000,0.001000
1002.865385,-0.031918,0.001000,0.001000,0.001000,0.001000,0.001000
1002.884615,-0.032898,0.001000,0.001000,0.001000,0.001000,0.001000
1002.903846,-0.033856,0.001000,0.001000,0.001000,0.001000,0.001000
1002.923077,-0.034791,0.001000,0.001000,0.001000,0.001000,0.001000
1002.942308,-0.035703,0.001000,0.001000,0.001000,0.001000,0.001000
1002.961538,-0.036592,0.001000,0.001000,0.001000,0.001000,0.001000
1002.980769,-0.037457,0.001000,0.001000,0.001000,0.001000,0.001000
1003.000000,-0.038296,0.001000,0.001000,0.001000,0.001000,0.001000
1003.019231,-0.039111,0.001000,0.001000,0.001000,0.001000,0.001000
1003.038462,-0.039899,0.001000,0.001000,0.001000,0.001000,0.001000
1003.057692,-0.040661,0.001000,0.001000,0.001000,0.001000,0.001000
1003.076923,-0.041397,0.001000,0.001000,0.001000,0.001000,0.001000
1003.096154,-0.042104,0.001000,0.001000,0.001000,0.001000,0.001000
1003.115385,-0.042784,0.001000,0.001000,0.001000,0.001000,0.001000
1003.134615,-0.043436,0.001000,0.001000,0.001000,0.001000,0.001000
1003.153846,-0.044059,0.001000,0.001000,0.001000,0.001000,0.001000
1003.173077,-0.044652,0.001000,0.001000,0.001000,0.001000,0.001000
1003.192308,-0.045216,0.001000,0.001000,0.001000,0.001000,0.001000
1003.211538,-0.045750,0.001000,0.001000,0.001000,0.001000,0.001000
1003.230769,-0.046254,0.001000,0.001000,0.001000,0.001000,0.001000
1003.250000,-0.046727,0.001000,0.001000,0.001000,0.001000,0.001000
1003.269231,-0.047170,0.001000,0.001000,0.001000,0.001000,0.001000
1003.288462,-0.047581,0.001000,0.001000,0.001000,0.001000,0.001000
1003.307692,-0.047960,0.001000,0.001000,0.001000,0.001000,0.001000
1003.326923,-0.048308,0.001000,0.001000,0.001000,0.001000,0.001000
1003.346154,-0.048624,0.001000,0.001000,0.001000,0.001000,0.001000
1003.365385,-0.048908,0.001000,0.001000,0.001000,0.001000,0.001000
1003.384615,-0.049159,0.001000,0.001000,0.001000,0.001000,0.001000
1003.403846,-0.049378,0.001000,0.001000,0.001000,0.001000,0.001000
1003.423077,-0.049564,0.001000,0.001000,0.001000,0.001000,0.001000
1003.442308,-0.049717,0.001000,0.001000,0.001000,0.001000,0.001000
1003.461538,-0.049837,0.001000,0.001000,0.001000,0.001000,0.001000
1003.480769,-0.049924,0.001000,0.001000,0.001000,0.001000,0.001000
1003.500000,-0.049979,0.001000,0.001000,0.001000,0.001000,0.001000
1003.519231,-0.050000,0.001000,0.001000,0.001000,0.001000,0.001000
1003.538462,-0.049988,0.001000,0.001000,0.001000,0.001000,0.001000
1003.557692,-0.049943,0.001000,0.001000,0.001000,0.001000,0.001000
1003.576923,-0.049865,0.001000,0.001000,0.001000,0.001000,0.001000
1003.596154,-0.049753,0.001000,0.001000,0.001000,0.001000,0.001000
1003.615385,-0.049609,0.001000,0.001000,0.001000,0.001000,0.001000
1003.634615,-0.049432,0.001000,0.001000,0.001000,0.001000,0.001000
1003.653846,-0.049223,0.001000,0.001000,0.001000,0.001000,0.001000
1003.673077,-0.048981,0.001000,0.001000,0.001000,0.001000,0.001000
1003.692308,-0.048706,0.001000,0.001000,0.001000,0.001000,0.001000
1003.711538,-0.048399,0.001000,0.001000,0.001000,0.001000,0.001000
1003.730769,-0.048060,0.001000,0.001000,0.001000,0.001000,0.001000
1003.750000,-0.047689,0.001000,0.001000,0.001000,0.001000,0.001000
1003.769231,-0.047287,0.001000,0.001000,0.001000,0.001000,0.001000
1003.788462,-0.046853,0.001000,0.001000,0.001000,0.001000,0.001000
1003.807692,-0.046389,0.001000,0.001000,0.001000,0.001000,0.001000
1003.826923,-0.045893,0.001000,0.001000,0.001000,0.001000,0.001000
1003.846154,-0.045367,0.001000,0.001000,0.001000,0.001000,0.001000
1003.865385,-0.044812,0.001000,0.001000,0.001000,0.001000,0.001000
1003.884615,-0.044226,0.001000,0.001000,0.001000,0.001000,0.001000
1003.903846,-0.043611,0.001000,0.001000,0.001000,0.001000,0.001000
1003.923077,-0.042968,0.001000,0.001000,0.001000,0.001000,0.001000
1003.942308,-0.042296,0.001000,0.001000,0.001000,0.001000,0.001000
1003.961538,-0.041596,0.001000,0.001000,0.001000,0.001000,0.001000
1003.980769,-0.040868,0.001000,0.001000,0.001000,0.001000,0.001000
1004.000000,-0.040113,0.001000,0.001000,0.001000,0.001000,0.001000
1004.019231,-0.039332,0.001000,0.001000,0.001000,0.001000,0.001000
1004.038462,-0.038525,0.001000,0.001000,0.001000,0.001000,0.001000
1004.057692,-0.037692,0.001000,0.001000,0.001000,0.001000,0.001000
1004.076923,-0.036834,0.001000,0.001000,0.001000,0.001000,0.001000
1004.096154,-0.035952,0.001000,0.001000,0.001000,0.001000,0.001000
1004.115385,-0.035046,0.001000,0.001000,0.001000,0.001000,0.001000
1004.134615,-0.034117,0.001000,0.001000,0.001000,0.001000,0.001000
1004.153846,-0.033165,0.001000,0.001000,0.001000,0.001000,0.001000
1004.173077,-0.032192,0.001000,0.001000,0.001000,0.001000,0.001000
1004.192308,-0.031197,0.001000,0.001000,0.001000,0.001000,0.001000
1004.211538,-0.030181,0.001000,0.001000,0.001000,0.001000,0.001000
1004.230769,-0.029146,0.001000,0.001000,0.001000,0.001000,0.001000
1004.250000,-0.028091,0.001000,0.001000,0.001000,0.001000,0.001000
1004.269231,-0.027017,0.001000,0.001000,0.001000,0.001000,0.001000
1004.288462,-0.025926,0.001000,0.001000,0.001000,0.001000,0.001000
1004.307692,-0.024817,0.001000,0.001000,0.001000,0.001000,0.001000
1004.326923,-0.023692,0.001000,0.001000,0.001000,0.001000,0.001000
1004.346154,-0.022551,0.001000,0.001000,0.001000,0.001000,0.001000
1004.365385,-0.021396,0.001000,0.001000,0.001000,0.001000,0.001000
1004.384615,-0.020226,0.001000,0.001000,0.001000,0.001000,0.001000
1004.403846,-0.019043,0.001000,0.001000,0.001000,0.001000,0.001000
1004.423077,-0.017847,0.001000,0.001000,0.001000,0.001000,0.001000
1004.442308,-0.016640,0.001000,0.001000,0.001000,0.001000,0.001000
1004.461538,-0.015421,0.001000,0.001000,0.001000,0.001000,0.001000
1004.480769,-0.014192,0.001000,0.001000,0.001000,0.001000,0.001000
1004.500000,-0.012954,0.001000,0.001000,0.001000,0.001000,0.001000
1004.519231,-0.011707,0.001000,0.001000,0.001000,0.001000,0.001000
1004.538462,-0.010453,0.001000,0.001000,0.001000,0.001000,0.001000
1004.557692,-0.009191,0.001000,0.001000,0.001000,0.001000,0.001000
1004.576923,-0.007924,0.001000,0.001000,0.001000,0.001000,0.001000
1004.596154,-0.006651,0.001000,0.001000,0.001000,0.001000,0.001000
1004.615385,-0.005374,0.001000,0.001000,0.001000,0.001000,0.001000
1004.634615,-0.004093,0.001000,0.001000,0.001000,0.001000,0.001000
1004.653846,-0.002809,0.001000,0.001000,0.001000,0.001000,0.001000
1004.673077,-0.001524,0.001000,0.001000,0.001000,0.001000,0.001000
1004.692308,-0.000238,0.001000,0.001000,0.001000,0.001000,0.001000
1004.711538,0.001049,0.001000,0.001000,0.001000,0.001000,0.001000
1004.730769,0.002335,0.001000,0.001000,0.001000,0.001000,0.001000
1004.750000,0.003619,0.001000,0.001000,0.001000,0.001000,0.001000
1004.769231,0.004901,0.001000,0.001000,0.001000,0.001000,0.001000
1004.788462,0.006179,0.001000,0.001000,0.001000,0.001000,0.001000
1004.807692,0.007454,0.001000,0.001000,0.001000,0.001000,0.001000
1004.826923,0.008723,0.001000,0.001000,0.001000,0.001000,0.001000
1004.846154,0.009987,0.001000,0.001000,0.001000,0.001000,0.001000
1004.865385,0.011244,0.001000,0.001000,0.001000,0.001000,0.001000
1004.884615,0.012494,0.001000,0.001000,0.001000,0.001000,0.001000
1004.903846,0.013736,0.001000,0.001000,0.001000,0.001000,0.001000
1004.923077,0.014968,0.001000,0.001000,0.001000,0.001000,0.001000
1004.942308,0.016190,0.001000,0.001000,0.001000,0.001000,0.001000
1004.961538,0.017402,0.001000,0.001000,0.001000,0.001000,0.001000
1004.980769,0.018602,0.001000,0.001000,0.001000,0.001000,0.001000
1005.000000,0.019790,0.001000,0.001000,0.001000,0.001000,0.001000
1005.019231,0.020965,0.001000,0.001000,0.001000,0.001000,0.001000
1005.038462,0.022126,0.001000,0.001000,0.001000,0.001000,0.001000
1005.057692,0.023272,0.001000,0.001000,0.001000,0.001000,0.001000
1005.076923,0.024403,0.001000,0.001000,0.001000,0.001000,0.001000
1005.096154,0.025518,0.001000,0.001000,0.001000,0.001000,0.001000
1005.115385,0.026616,0.001000,0.001000,0.001000,0.001000,0.001000
1005.134615,0.027696,0.001000,0.001000,0.001000,0.001000,0.001000
1005.153846,0.028758,0.001000,0.001000,0.001000,0.001000,0.001000
1005.173077,0.029801,0.001000,0.001000,0.001000,0.001000,0.001000
1005.192308,0.030824,0.001000,0.001000,0.001000,0.001000,0.001000
1005.211538,0.031826,0.001000,0.001000,0.001000,0.001000,0.001000
1005.230769,0.032808,0.001000,0.001000,0.001000,0.001000,0.001000
1005.250000,0.033768,0.001000,0.001000,0.001000,0.001000,0.001000
1005.269231,0.034705,0.001000,0.001000,0.001000,0.001000,0.001000
1005.288462,0.035620,0.001000,0.001000,0.001000,0.001000,0.001000
1005.307692,0.036511,0.001000,0.001000,0.001000,0.001000,0.001000
1005.326923,0.037378,0.001000,0.001000,0.001000,0.001000,0.001000
1005.346154,0.038220,0.001000,0.001000,0.001000,0.001000,0.001000
1005.365385,0.039037,0.001000,0.001000,0.001000,0.001000,0.001000
1005.384615,0.039828,0.001000,0.001000,0.001000,0.001000,0.001000
1005.403846,0.040592,0.001000,0.001000,0.001000,0.001000,0.001000
1005.423077,0.041330,0.001000,0.001000,0.001000,0.001000,0.001000
1005.442308,0.042040,0.001000,0.001000,0.001000,0.001000,0.001000
1005.461538,0.042723,0.001000,0.001000,0.001000,0.001000,0.001000
1005.480769,0.043377,0.001000,0.001000,0.001000,0.001000,0.001000
1005.500000,0.044002,0.001000,0.001000,0.001000,0.001000,0.001000
1005.519231,0.044599,0.001000,0.001000,0.001000,0.001000,0.001000
1005.538462,0.045165,0.001000,0.001000,0.001000,0.001000,0.001000
1005.557692,0.045702,0.001000,0.001000,0.001000,0.001000,0.001000
1005.576923,0.046209,0.001000,0.001000,0.001000,0.001000,0.001000
1005.596154,0.046685,0.001000,0.001000,0.001000,0.001000,0.001000
1005.615385,0.047130,0.001000,0.001000,0.001000,0.001000,0.001000
1005.634615,0.047544,0.001000,0.001000,0.001000,0.001000,0.001000
1005.653846,0.047927,0.001000,0.001000,0.001000,0.001000,0.001000
1005.673077,0.048277,0.001000,0.001000,0.001000,0.001000,0.001000
1005.692308,0.048596,0.001000,0.001000,0.001000,0.001000,0.001000
1005.711538,0.048883,0.001000,0.001000,0.001000,0.001000,0.001000
1005.730769,0.049137,0.001000,0.001000,0.001000,0.001000,0.001000
1005.750000,0.049359,0.001000,0.001000,0.001000,0.001000,0.001000
1005.769231,0.049548,0.001000,0.001000,0.001000,0.001000,0.001000
1005.788462,0.049704,0.001000,0.001000,0.001000,0.001000,0.001000
1005.807692,0.049827,0.001000,0.001000,0.001000,0.001000,0.001000
1005.826923,0.049918,0.001000,0.001000,0.001000,0.001000,0.001000
1005.846154,0.049975,0.001000,0.001000,0.001000,0.001000,0.001000
1005.865385,0.049999,0.001000,0.001000,0.001000,0.001000,0.001000
1005.884615,0.049990,0.001000,0.001000,0.001000,0.001000,0.001000
1005.903846,0.049948,0.001000,0.001000,0.001000,0.001000,0.001000
1005.923077,0.049873,0.001000,0.001000,0.001000,0.001000,0.001000
1005.942308,0.049765,0.001000,0.001000,0.001000,0.001000,0.001000
1005.961538,0.049624,0.001000,0.001000,0.001000,0.001000,0.001000
1005.980769,0.049450,0.001000,0.001000,0.001000,0.001000,0.001000
1006.000000,0.049243,0.001000,0.001000,0.001000,0.001000,0.001000
1006.019231,0.049004,0.001000,0.001000,0.001000,0.001000,0.001000
1006.038462,0.048733,0.001000,0.001000,0.001000,0.001000,0.001000
1006.057692,0.048429,0.001000,0.001000,0.001000,0.001000,0.001000
1006.076923,0.048093,0.001000,0.001000,0.001000,0.001000,0.001000
1006.096154,0.047725,0.001000,0.001000,0.001000,0.001000,0.001000
1006.115385,0.047325,0.001000,0.001000,0.001000,0.001000,0.001000
1006.134615,0.046895,0.001000,0.001000,0.001000,0.001000,0.001000
1006.153846,0.046433,0.001000,0.001000,0.001000,0.001000,0.001000
1006.173077,0.045940,0.001000,0.001000,0.001000,0.001000,0.001000
1006.192308,0.045417,0.001000,0.001000,0.001000,0.001000,0.001000
1006.211538,0.044864,0.001000,0.001000,0.001000,0.001000,0.001000
1006.230769,0.044281,0.001000,0.001000,0.001000,0.001000,0.001000
1006.250000,0.043669,0.001000,0.001000,0.001000,0.001000,0.001000
1006.269231,0.043028,0.001000,0.001000,0.001000,0.001000,0.001000
1006.288462,0.042359,0.001000,0.001000,0.001000,0.001000,0.001000
1006.307692,0.041661,0.001000,0.001000,0.001000,0.001000,0.001000
1006.326923,0.040936,0.001000,0.001000,0.001000,0.001000,0.001000
1006.346154,0.040184,0.001000,0.001000,0.001000,0.001000,0.001000
1006.365385,0.039405,0.001000,0.001000,0.001000,0.001000,0.001000
1006.384615,0.038600,0.001000,0.001000,0.001000,0.001000,0.001000
1006.403846,0.037770,0.001000,0.001000,0.001000,0.001000,0.001000
1006.423077,0.036915,0.001000,0.001000,0.001000,0.001000,0.001000
1006.442308,0.036035,0.001000,0.001000,0.001000,0.001000,0.001000
1006.461538,0.035131,0.001000,0.001000,0.001000,0.001000,0.001000
1006.480769,0.034204,0.001000,0.001000,0.001000,0.001000,0.001000
1006.500000,0.033254,0.001000,0.001000,0.001000,0.001000,0.001000
1006.519231,0.032283,0.001000,0.001000,0.001000,0.001000,0.001000
1006.538462,0.031290,0.001000,0.001000,0.001000,0.001000,0.001000
1006.557692,0.030276,0.001000,0.001000,0.001000,0.001000,0.001000
1006.576923,0.029242,0.001000,0.001000,0.001000,0.001000,0.001000
1006.596154,0.028189,0.001000,0.001000,0.001000,0.001000,0.001000
1006.615385,0.027117,0.001000,0.001000,0.001000,0.001000,0.001000
1006.634615,0.026027,0.001000,0.001000,0.001000,0.001000,0.001000
1006.653846,0.024920,0.001000,0.001000,0.001000,0.001000,0.001000
1006.673077,0.023797,0.001000,0.001000,0.001000,0.001000,0.001000
1006.692308,0.022658,0.001000,0.001000,0.001000,0.001000,0.001000
1006.711538,0.021503,0.001000,0.001000,0.001000,0.001000,0.001000
1006.730769,0.020335,0.001000,0.001000,0.001000,0.001000,0.001000
1006.750000,0.019153,0.001000,0.001000,0.001000,0.001000,0.001000
1006.769231,0.017958,0.001000,0.001000,0.001000,0.001000,0.001000
1006.788462,0.016752,0.001000,0.001000,0.001000,0.001000,0.001000
1006.807692,0.015534,0.001000,0.001000,0.001000,0.001000,0.001000
1006.826923,0.014306,0.001000,0.001000,0.001000,0.001000,0.001000
1006.846154,0.013069,0.001000,0.001000,0.001000,0.001000,0.001000
1006.865385,0.011823,0.001000,0.001000,0.001000,0.001000,0.001000
1006.884615,0.010569,0.001000,0.001000,0.001000,0.001000,0.001000
1006.903846,0.009308,0.001000,0.001000,0.001000,0.001000,0.001000
1006.923077,0.008041,0.001000,0.001000,0.001000,0.001000,0.001000
1006.942308,0.006769,0.001000,0.001000,0.001000,0.001000,0.001000
1006.961538,0.005492,0.001000,0.001000,0.001000,0.001000,0.001000
1006.980769,0.004211,0.001000,0.001000,0.001000,0.001000,0.001000
1007.000000,0.002928,0.001000,0.001000,0.001000,0.001000,0.001000
1007.019231,0.001643,0.001000,0.001000,0.001000,0.001000,0.001000
1007.038462,0.000357,0.001000,0.001000,0.001000,0.001000,0.001000
1007.057692,-0.000930,0.001000,0.001000,0.001000,0.001000,0.001000
1007.076923,-0.002216,0.001000,0.001000,0.001000,0.001000,0.001000
1007.096154,-0.003500,0.001000,0.001000,0.001000,0.001000,0.001000
1007.115385,-0.004782,0.001000,0.001000,0.001000,0.001000,0.001000
1007.134615,-0.006061,0.001000,0.001000,0.001000,0.001000,0.001000
1007.153846,-0.007336,0.001000,0.001000,0.001000,0.001000,0.001000
1007.173077,-0.008606,0.001000,0.001000,0.001000,0.001000,0.001000
1007.192308,-0.009871,0.001000,0.001000,0.001000,0.001000,0.001000
1007.211538,-0.011128,0.001000,0.001000,0.001000,0.001000,0.001000
1007.230769,-0.012379,0.001000,0.001000,0.001000,0.001000,0.001000
1007.250000,-0.013621,0.001000,0.001000,0.001000,0.001000,0.001000
1007.269231,-0.014854,0.001000,0.001000,0.001000,0.001000,0.001000
1007.288462,-0.016078,0.001000,0.001000,0.001000,0.001000,0.001000
1007.307692,-0.017291,0.001000,0.001000,0.001000,0.001000,0.001000
1007.326923,-0.018492,0.001000,0.001000,0.001000,0.001000,0.001000
1007.346154,-0.019681,0.001000,0.001000,0.001000,0.001000,0.001000
1007.365385,-0.020857,0.001000,0.001000,0.001000,0.001000,0.001000
1007.384615,-0.022019,0.001000,0.001000,0.001000,0.001000,0.001000
1007.403846,-0.023167,0.001000,0.001000,0.001000,0.001000,0.001000
1007.423077,-0.024299,0.001000,0.001000,0.001000,0.001000,0.001000
1007.442308,-0.025416,0.001000,0.001000,0.001000,0.001000,0.001000
1007.461538,-0.026515,0.001000,0.001000,0.001000,0.001000,0.001000
1007.480769,-0.027597,0.001000,0.001000,0.001000,0.001000,0.001000
1007.500000,-0.028660,0.001000,0.001000,0.001000,0.001000,0.001000
1007.519231,-0.029705,0.001000,0.001000,0.001000,0.001000,0.001000
1007.538462,-0.030730,0.001000,0.001000,0.001000,0.001000,0.001000
1007.557692,-0.031735,0.001000,0.001000,0.001000,0.001000,0.001000
1007.576923,-0.032718,0.001000,0.001000,0.001000,0.001000,0.001000
1007.596154,-0.033680,0.001000,0.001000,0.001000,0.001000,0.001000
1007.615385,-0.034620,0.001000,0.001000,0.001000,0.001000,0.001000
1007.634615,-0.035537,0.001000,0.001000,0.001000,0.001000,0.001000
1007.653846,-0.036430,0.001000,0.001000,0.001000,0.001000,0.001000
1007.673077,-0.037299,0.001000,0.001000,0.001000,0.001000,0.001000
1007.692308,-0.038143,0.001000,0.001000,0.001000,0.001000,0.001000
1007.711538,-0.038962,0.001000,0.001000,0.001000,0.001000,0.001000
1007.730769,-0.039756,0.001000,0.001000,0.001000,0.001000,0.001000
1007.750000,-0.040523,0.001000,0.001000,0.001000,0.001000,0.001000
1007.769231,-0.041263,0.001000,0.001000,0.001000,0.001000,0.001000
1007.788462,-0.041976,0.001000,0.001000,0.001000,0.001000,0.001000
1007.807692,-0.042661,0.001000,0.001000,0.001000,0.001000,0.001000
1007.826923,-0.043318,0.001000,0.001000,0.001000,0.001000,0.001000
1007.846154,-0.043946,0.001000,0.001000,0.001000,0.001000,0.001000
1007.865385,-0.044545,0.001000,0.001000,0.001000,0.001000,0.001000
1007.884615,-0.045114,0.001000,0.001000,0.001000,0.001000,0.001000
1007.903846,-0.045654,0.001000,0.001000,0.001000,0.001000,0.001000
1007.923077,-0.046163,0.001000,0.001000,0.001000,0.001000,0.001000
1007.942308,-0.046642,0.001000,0.001000,0.001000,0.001000,0.001000
1007.961538,-0.047090,0.001000,0.001000,0.001000,0.001000,0.001000
1007.980769,-0.047507,0.001000,0.001000,0.001000,0.001000,0.001000
1008.000000,-0.047893,0.001000,0.001000,0.001000,0.001000,0.001000
1008.019231,-0.048246,0.001000,0.001000,0.001000,0.001000,0.001000
1008.038462,-0.048568,0.001000,0.001000,0.001000,0.001000,0.001000
1008.057692,-0.048858,0.001000,0.001000,0.001000,0.001000,0.001000
1008.076923,-0.049115,0.001000,0.001000,0.001000,0.001000,0.001000
1008.096154,-0.049340,0.001000,0.001000,0.001000,0.001000,0.001000
1008.115385,-0.049532,0.001000,0.001000,0.001000,0.001000,0.001000
1008.134615,-0.049691,0.001000,0.001000,0.001000,0.001000,0.001000
1008.153846,-0.049817,0.001000,0.001000,0.001000,0.001000,0.001000
1008.173077,-0.049911,0.001000,0.001000,0.001000,0.001000,0.001000
1008.192308,-0.049971,0.001000,0.001000,0.001000,0.001000,0.001000
1008.211538,-0.049998,0.001000,0.001000,0.001000,0.001000,0.001000
1008.230769,-0.049992,0.001000,0.001000,0.001000,0.001000,0.001000
1008.250000,-0.049953,0.001000,0.001000,0.001000,0.001000,0.001000
1008.269231,-0.049881,0.001000,0.001000,0.001000,0.001000,0.001000
1008.288462,-0.049776,0.001000,0.001000,0.001000,0.001000,0.001000
1008.307692,-0.049638,0.001000,0.001000,0.001000,0.001000,0.001000
1008.326923,-0.049468,0.001000,0.001000,0.001000,0.001000,0.001000
1008.346154,-0.049264,0.001000,0.001000,0.001000,0.001000,0.001000
1008.365385,-0.049028,0.001000,0.001000,0.001000,0.001000,0.001000
1008.384615,-0.048759,0.001000,0.001000,0.001000,0.001000,0.001000
1008.403846,-0.048458,0.001000,0.001000,0.001000,0.001000,0.001000
1008.423077,-0.048125,0.001000,0.001000,0.001000,0.001000,0.001000
1008.442308,-0.047760,0.001000,0.001000,0.001000,0.001000,0.001000
1008.461538,-0.047364,0.001000,0.001000,0.001000,0.001000,0.001000
1008.480769,-0.046936,0.001000,0.001000,0.001000,0.001000,0.001000
1008.500000,-0.046477,0.001000,0.001000,0.001000,0.001000,0.001000
1008.519231,-0.045987,0.001000,0.001000,0.001000,0.001000,0.001000
1008.538462,-0.045467,0.001000,0.001000,0.001000,0.001000,0.001000
1008.557692,-0.044917,0.001000,0.001000,0.001000,0.001000,0.001000
1008.576923,-0.044337,0.001000,0.001000,0.001000,0.001000,0.001000
1008.596154,-0.043727,0.001000,0.001000,0.001000,0.001000,0.001000
1008.615385,-0.043089,0.001000,0.001000,0.001000,0.001000,0.001000
1008.634615,-0.042422,0.001000,0.001000,0.001000,0.001000,0.001000
1008.653846,-0.041727,0.001000,0.001000,0.001000,0.001000,0.001000
1008.673077,-0.041004,0.001000,0.001000,0.001000,0.001000,0.001000
1008.692308,-0.040255,0.001000,0.001000,0.001000,0.001000,0.001000
1008.711538,-0.039478,0.001000,0.001000,0.001000,0.001000,0.001000
1008.730769,-0.038676,0.001000,0.001000,0.001000,0.001000,0.001000
1008.750000,-0.037848,0.001000,0.001000,0.001000,0.001000,0.001000
1008.769231,-0.036995,0.001000,0.001000,0.001000,0.001000,0.001000
1008.788462,-0.036117,0.001000,0.001000,0.001000,0.001000,0.001000
1008.807692,-0.035215,0.001000,0.001000,0.001000,0.001000,0.001000
1008.826923,-0.034291,0.001000,0.001000,0.001000,0.001000,0.001000
1008.846154,-0.033343,0.001000,0.001000,0.001000,0.001000,0.001000
1008.865385,-0.032373,0.001000,0.001000,0.001000,0.001000,0.001000
1008.884615,-0.031382,0.001000,0.001000,0.001000,0.001000,0.001000
1008.903846,-0.030370,0.001000,0.001000,0.001000,0.001000,0.001000
1008.923077,-0.029338,0.001000,0.001000,0.001000,0.001000,0.001000
1008.942308,-0.028287,0.001000,0.001000,0.001000,0.001000,0.001000
1008.961538,-0.027217,0.001000,0.001000,0.001000,0.001000,0.001000
1008.980769,-0.026129,0.001000,0.001000,0.001000,0.001000,0.001000
1009.000000,-0.025023,0.001000,0.001000,0.001000,0.001000,0.001000
1009.019231,-0.023901,0.001000,0.001000,0.001000,0.001000,0.001000
1009.038462,-0.022763,0.001000,0.001000,0.001000,0.001000,0.001000
1009.057692,-0.021611,0.001000,0.001000,0.001000,0.001000,0.001000
1009.076923,-0.020443,0.001000,0.001000,0.001000,0.001000,0.001000
1009.096154,-0.019263,0.001000,0.001000,0.001000,0.001000,0.001000
1009.115385,-0.018069,0.001000,0.001000,0.001000,0.001000,0.001000
1009.134615,-0.016864,0.001000,0.001000,0.001000,0.001000,0.001000
1009.153846,-0.015647,0.001000,0.001000,0.001000,0.001000,0.001000
1009.173077,-0.014420,0.001000,0.001000,0.001000,0.001000,0.001000
1009.192308,-0.013183,0.001000,0.001000,0.001000,0.001000,0.001000
1009.211538,-0.011938,0.001000,0.001000,0.001000,0.001000,0.001000
1009.230769,-0.010685,0.001000,0.001000,0.001000,0.001000,0.001000
1009.250000,-0.009425,0.001000,0.001000,0.001000,0.001000,0.001000
1009.269231,-0.008158,0.001000,0.001000,0.001000,0.001000,0.001000
1009.288462,-0.006886,0.001000,0.001000,0.001000,0.001000,0.001000
1009.307692,-0.005610,0.001000,0.001000,0.001000,0.001000,0.001000
1009.326923,-0.004330,0.001000,0.001000,0.001000,0.001000,0.001000
1009.346154,-0.003047,0.001000,0.001000,0.001000,0.001000,0.001000
1009.365385,-0.001762,0.001000,0.001000,0.001000,0.001000,0.001000
1009.384615,-0.000476,0.001000,0.001000,0.001000,0.001000,0.001000
1009.403846,0.000811,0.001000,0.001000,0.001000,0.001000,0.001000
1009.423077,0.002097,0.001000,0.001000,0.001000,0.001000,0.001000
1009.442308,0.003382,0.001000,0.001000,0.001000,0.001000,0.001000
1009.461538,0.004664,0.001000,0.001000,0.001000,0.001000,0.001000
1009.480769,0.005943,0.001000,0.001000,0.001000,0.001000,0.001000
1009.500000,0.007219,0.001000,0.001000,0.001000,0.001000,0.001000
1009.519231,0.008489,0.001000,0.001000,0.001000,0.001000,0.001000
1009.538462,0.009754,0.001000,0.001000,0.001000,0.001000,0.001000
1009.557692,0.011013,0.001000,0.001000,0.001000,0.001000,0.001000
1009.576923,0.012264,0.001000,0.001000,0.001000,0.001000,0.001000
1009.596154,0.013507,0.001000,0.001000,0.001000,0.001000,0.001000
1009.615385,0.014741,0.001000,0.001000,0.001000,0.001000,0.001000
1009.634615,0.015965,0.001000,0.001000,0.001000,0.001000,0.001000
1009.653846,0.017179,0.001000,0.001000,0.001000,0.001000,0.001000
1009.673077,0.018381,0.001000,0.001000,0.001000,0.001000,0.001000
1009.692308,0.019572,0.001000,0.001000,0.001000,0.001000,0.001000
1009.711538,0.020749,0.001000,0.001000,0.001000,0.001000,0.001000
1009.730769,0.021913,0.001000,0.001000,0.001000,0.001000,0.001000
1009.750000,0.023062,0.001000,0.001000,0.001000,0.001000,0.001000
1009.769231,0.024195,0.001000,0.001000,0.001000,0.001000,0.001000
1009.788462,0.025313,0.001000,0.001000,0.001000,0.001000,0.001000
1009.807692,0.026414,0.001000,0.001000,0.001000,0.001000,0.001000
1009.826923,0.027498,0.001000,0.001000,0.001000,0.001000,0.001000
1009.846154,0.028563,0.001000,0.001000,0.001000,0.001000,0.001000
1009.865385,0.029609,0.001000,0.001000,0.001000,0.001000,0.001000
1009.884615,0.030636,0.001000,0.001000,0.001000,0.001000,0.001000
1009.903846,0.031643,0.001000,0.001000,0.001000,0.001000,0.001000
1009.923077,0.032628,0.001000,0.001000,0.001000,0.001000,0.001000
1009.942308,0.033592,0.001000,0.001000,0.001000,0.001000,0.001000
1009.961538,0.034534,0.001000,0.001000,0.001000,0.001000,0.001000
1009.980769,0.035453,0.001000,0.001000,0.001000,0.001000,0.001000
1010.000000,0.036348,0.001000,0.001000,0.001000,0.001000,0.001000
1010.019231,0.037220,0.001000,0.001000,0.001000,0.001000,0.001000
1010.038462,0.038066,0.001000,0.001000,0.001000,0.001000,0.001000
1010.057692,0.038888,0.001000,0.001000,0.001000,0.001000,0.001000
1010.076923,0.039683,0.001000,0.001000,0.001000,0.001000,0.001000
1010.096154,0.040453,0.001000,0.001000,0.001000,0.001000,0.001000
1010.115385,0.041196,0.001000,0.001000,0.001000,0.001000,0.001000
1010.134615,0.041911,0.001000,0.001000,0.001000,0.001000,0.001000
1010.153846,0.042599,0.001000,0.001000,0.001000,0.001000,0.001000
1010.173077,0.043258,0.001000,0.001000,0.001000,0.001000,0.001000
1010.192308,0.043889,0.001000,0.001000,0.001000,0.001000,0.001000
1010.211538,0.044491,0.001000,0.001000,0.001000,0.001000,0.001000
1010.230769,0.045063,0.001000,0.001000,0.001000,0.001000,0.001000
1010.250000,0.045605,0.001000,0.001000,0.001000,0.001000,0.001000
1010.269231,0.046118,0.001000,0.001000,0.001000,0.001000,0.001000
1010.288462,0.046599,0.001000,0.001000,0.001000,0.001000,0.001000
1010.307692,0.047050,0.001000,0.001000,0.001000,0.001000,0.001000
1010.326923,0.047470,0.001000,0.001000,0.001000,0.001000,0.001000
1010.346154,0.047858,0.001000,0.001000,0.001000,0.001000,0.001000
1010.365385,0.048215,0.001000,0.001000,0.001000,0.001000,0.001000
1010.384615,0.048540,0.001000,0.001000,0.001000,0.001000,0.001000
1010.403846,0.048832,0.001000,0.001000,0.001000,0.001000,0.001000
1010.423077,0.049092,0.001000,0.001000,0.001000,0.001000,0.001000
1010.442308,0.049320,0.001000,0.001000,0.001000,0.001000,0.001000
1010.461538,0.049515,0.001000,0.001000,0.001000,0.001000,0.001000
1010.480769,0.049678,0.001000,0.001000,0.001000,0.001000,0.001000
1010.500000,0.049807,0.001000,0.001000,0.001000,0.001000,0.001000
1010.519231,0.049903,0.001000,0.001000,0.001000,0.001000,0.001000
1010.538462,0.049967,0.001000,0.001000,0.001000,0.001000,0.001000
1010.557692,0.049997,0.001000,0.001000,0.001000,0.001000,0.001000
1010.576923,0.049994,0.001000,0.001000,0.001000,0.001000,0.001000
1010.596154,0.049958,0.001000,0.001000,0.001000,0.001000,0.001000
1010.615385,0.049890,0.001000,0.001000,0.001000,0.001000,0.001000
1010.634615,0.049788,0.001000,0.001000,0.001000,0.001000,0.001000
1010.653846,0.049653,0.001000,0.001000,0.001000,0.001000,0.001000
1010.673077,0.049485,0.001000,0.001000,0.001000,0.001000,0.001000
1010.692308,0.049284,0.001000,0.001000,0.001000,0.001000,0.001000
1010.711538,0.049051,0.001000,0.001000,0.001000,0.001000,0.001000
1010.730769,0.048785,0.001000,0.001000,0.001000,0.001000,0.001000
1010.750000,0.048487,0.001000,0.001000,0.001000,0.001000,0.001000
1010.769231,0.048157,0.001000,0.001000,0.001000,0.001000,0.001000
1010.788462,0.047795,0.001000,0.001000,0.001000,0.001000,0.001000
1010.807692,0.047402,0.001000,0.001000,0.001000,0.001000,0.001000
1010.826923,0.046977,0.001000,0.001000,0.001000,0.001000,0.001000
1010.846154,0.046520,0.001000,0.001000,0.001000,0.001000,0.001000
1010.865385,0.046034,0.001000,0.001000,0.001000,0.001000,0.001000
1010.884615,0.045516,0.001000,0.001000,0.001000,0.001000,0.001000
1010.903846,0.044969,0.001000,0.001000,0.001000,0.001000,0.001000
1010.923077,0.044391,0.001000,0.001000,0.001000,0.001000,0.001000
1010.942308,0.043785,0.001000,0.001000,0.001000,0.001000,0.001000
1010.961538,0.043149,0.001000,0.001000,0.001000,0.001000,0.001000
1010.980769,0.042485,0.001000,0.001000,0.001000,0.001000,0.001000
1011.000000,0.041792,0.001000,0.001000,0.001000,0.001000,0.001000
1011.019231,0.041072,0.001000,0.001000,0.001000,0.001000,0.001000
1011.038462,0.040325,0.001000,0.001000,0.001000,0.001000,0.001000
1011.057692,0.039551,0.001000,0.001000,0.001000,0.001000,0.001000
1011.076923,0.038751,0.001000,0.001000,0.001000,0.001000,0.001000
1011.096154,0.037925,0.001000,0.001000,0.001000,0.001000,0.001000
1011.115385,0.037075,0.001000,0.001000,0.001000,0.001000,0.001000
1011.134615,0.036199,0.001000,0.001000,0.001000,0.001000,0.001000
1011.153846,0.035300,0.001000,0.001000,0.001000,0.001000,0.001000
1011.173077,0.034377,0.001000,0.001000,0.001000,0.001000,0.001000
1011.192308,0.033431,0.001000,0.001000,0.001000,0.001000,0.001000
1011.211538,0.032464,0.001000,0.001000,0.001000,0.001000,0.001000
1011.230769,0.031475,0.001000,0.001000,0.001000,0.001000,0.001000
1011.250000,0.030465,0.001000,0.001000,0.001000,0.001000,0.001000
1011.269231,0.029435,0.001000,0.001000,0.001000,0.001000,0.001000
1011.288462,0.028385,0.001000,0.001000,0.001000,0.001000,0.001000
1011.307692,0.027317,0.001000,0.001000,0.001000,0.001000,0.001000
1011.326923,0.026230,0.001000,0.001000,0.001000,0.001000,0.001000
1011.346154,0.025126,0.001000,0.001000,0.001000,0.001000,0.001000
1011.365385,0.024006,0.001000,0.001000,0.001000,0.001000,0.001000
1011.384615,0.022869,0.001000,0.001000,0.001000,0.001000,0.001000
1011.403846,0.021718,0.001000,0.001000,0.001000,0.001000,0.001000
1011.423077,0.020552,0.001000,0.001000,0.001000,0.001000,0.001000
1011.442308,0.019372,0.001000,0.001000,0.001000,0.001000,0.001000
1011.461538,0.018180,0.001000,0.001000,0.001000,0.001000,0.001000
1011.480769,0.016975,0.001000,0.001000,0.001000,0.001000,0.001000
1011.500000,0.015760,0.001000,0.001000,0.001000,0.001000,0.001000
1011.519231,0.014534,0.001000,0.001000,0.001000,0.001000,0.001000
1011.538462,0.013298,0.001000,0.001000,0.001000,0.001000,0.001000
1011.557692,0.012054,0.001000,0.001000,0.001000,0.001000,0.001000
1011.576923,0.010801,0.001000,0.001000,0.001000,0.001000,0.001000
1011.596154,0.009541,0.001000,0.001000,0.001000,0.001000,0.001000
1011.615385,0.008276,0.001000,0.001000,0.001000,0.001000,0.001000
1011.634615,0.007004,0.001000,0.001000,0.001000,0.001000,0.001000
1011.653846,0.005728,0.001000,0.001000,0.001000,0.001000,0.001000
1011.673077,0.004448,0.001000,0.001000,0.001000,0.001000,0.001000
1011.692308,0.003165,0.001000,0.001000,0.001000,0.001000,0.001000
1011.711538,0.001881,0.001000,0.001000,0.001000,0.001000,0.001000
1011.730769,0.000594,0.001000,0.001000,0.001000,0.001000,0.001000
1011.750000,-0.000692,0.001000,0.001000,0.001000,0.001000,0.001000
1011.769231,-0.001978,0.001000,0.001000,0.001000,0.001000,0.001000
1011.788462,-0.003263,0.001000,0.001000,0.001000,0.001000,0.001000
1011.807692,-0.004546,0.001000,0.001000,0.001000,0.001000,0.001000
1011.826923,-0.005825,0.001000,0.001000,0.001000,0.001000,0.001000
1011.846154,-0.007101,0.001000,0.001000,0.001000,0.001000,0.001000
1011.865385,-0.008372,0.001000,0.001000,0.001000,0.001000,0.001000
1011.884615,-0.009637,0.001000,0.001000,0.001000,0.001000,0.001000
1011.903846,-0.010897,0.001000,0.001000,0.001000,0.001000,0.001000
1011.923077,-0.012148,0.001000,0.001000,0.001000,0.001000,0.001000
1011.942308,-0.013392,0.001000,0.001000,0.001000,0.001000,0.001000
1011.961538,-0.014627,0.001000,0.001000,0.001000,0.001000,0.001000
1011.980769,-0.015853,0.001000,0.001000,0.001000,0.001000,0.001000
1012.000000,-0.017067,0.001000,0.001000,0.001000,0.001000,0.001000
1012.019231,-0.018271,0.001000,0.001000,0.001000,0.001000,0.001000
1012.038462,-0.019462,0.001000,0.001000,0.001000,0.001000,0.001000
1012.057692,-0.020641,0.001000,0.001000,0.001000,0.001000,0.001000
1012.076923,-0.021806,0.001000,0.001000,0.001000,0.001000,0.001000
1012.096154,-0.022956,0.001000,0.001000,0.001000,0.001000,0.001000
1012.115385,-0.024091,0.001000,0.001000,0.001000,0.001000,0.001000
1012.134615,-0.025211,0.001000,0.001000,0.001000,0.001000,0.001000
1012.153846,-0.026313,0.001000,0.001000,0.001000,0.001000,0.001000
1012.173077,-0.027398,0.001000,0.001000,0.001000,0.001000,0.001000
1012.192308,-0.028465,0.001000,0.001000,0.001000,0.001000,0.001000
1012.211538,-0.029514,0.001000,0.001000,0.001000,0.001000,0.001000
1012.230769,-0.030542,0.001000,0.001000,0.001000,0.001000,0.001000
1012.250000,-0.031551,0.001000,0.001000,0.001000,0.001000,0.001000
1012.269231,-0.032538,0.001000,0.001000,0.001000,0.001000,0.001000
1012.288462,-0.033504,0.001000,0.001000,0.001000,0.001000,0.001000
1012.307692,-0.034448,0.001000,0.001000,0.001000,0.001000,0.001000
1012.326923,-0.035369,0.001000,0.001000,0.001000,0.001000,0.001000
1012.346154,-0.036266,0.001000,0.001000,0.001000,0.001000,0.001000
1012.365385,-0.037140,0.001000,0.001000,0.001000,0.001000,0.001000
1012.384615,-0.037989,0.001000,0.001000,0.001000,0.001000,0.001000
1012.403846,-0.038813,0.001000,0.001000,0.001000,0.001000,0.001000
1012.423077,-0.039611,0.001000,0.001000,0.001000,0.001000,0.001000
1012.442308,-0.040383,0.001000,0.001000,0.001000,0.001000,0.001000
1012.461538,-0.041128,0.001000,0.001000,0.001000,0.001000,0.001000
1012.480769,-0.041846,0.001000,0.001000,0.001000,0.001000,0.001000
1012.500000,-0.042536,0.001000,0.001000,0.001000,0.001000,0.001000
1012.519231,-0.043198,0.001000,0.001000,0.001000,0.001000,0.001000
1012.538462,-0.043832,0.001000,0.001000,0.001000,0.001000,0.001000
1012.557692,-0.044436,0.001000,0.001000,0.001000,0.001000,0.001000
1012.576923,-0.045011,0.001000,0.001000,0.001000,0.001000,0.001000
1012.596154,-0.045557,0.001000,0.001000,0.001000,0.001000,0.001000
1012.615385,-0.046072,0.001000,0.001000,0.001000,0.001000,0.001000
1012.634615,-0.046556,0.001000,0.001000,0.001000,0.001000,0.001000
1012.653846,-0.047010,0.001000,0.001000,0.001000,0.001000,0.001000
1012.673077,-0.047433,0.001000,0.001000,0.001000,0.001000,0.001000
1012.692308,-0.047824,0.001000,0.001000,0.001000,0.001000,0.001000
1012.711538,-0.048183,0.001000,0.001000,0.001000,0.001000,0.001000
1012.730769,-0.048511,0.001000,0.001000,0.001000,0.001000,0.001000
1012.750000,-0.048807,0.001000,0.001000,0.001000,0.001000,0.001000
1012.769231,-0.049070,0.001000,0.001000,0.001000,0.001000,0.001000
1012.788462,-0.049301,0.001000,0.001000,0.001000,0.001000,0.001000
1012.807692,-0.049499,0.001000,0.001000,0.001000,0.001000,0.001000
1012.826923,-0.049664,0.001000,0.001000,0.001000,0.001000,0.001000
1012.846154,-0.049796,0.001000,0.001000,0.001000,0.001000,0.001000
1012.865385,-0.049896,0.001000,0.001000,0.001000,0.001000,0.001000
1012.884615,-0.049962,0.001000,0.001000,0.001000,0.001000,0.001000
1012.903846,-0.049996,0.001000,0.001000,0.001000,0.001000,0.001000
1012.923077,-0.049996,0.001000,0.001000,0.001000,0.001000,0.001000
1012.942308,-0.049963,0.001000,0.001000,0.001000,0.001000,0.001000
1012.961538,-0.049897,0.001000,0.001000,0.001000,0.001000,0.001000
1012.980769,-0.049798,0.001000,0.001000,0.001000,0.001000,0.001000
1013.000000,-0.049666,0.001000,0.001000,0.001000,0.001000,0.001000
1013.019231,-0.049502,0.001000,0.001000,0.001000,0.001000,0.001000
1013.038462,-0.049304,0.001000,0.001000,0.001000,0.001000,0.001000
1013.057692,-0.049074,0.001000,0.001000,0.001000,0.001000,0.001000
1013.076923,-0.048811,0.001000,0.001000,0.001000,0.001000,0.001000
1013.096154,-0.048516,0.001000,0.001000,0.001000,0.001000,0.001000
1013.115385,-0.048189,0.001000,0.001000,0.001000,0.001000,0.001000
1013.134615,-0.047830,0.001000,0.001000,0.001000,0.001000,0.001000
1013.153846,-0.047439,0.001000,0.001000,0.001000,0.001000,0.001000
1013.173077,-0.047017,0.001000,0.001000,0.001000,0.001000,0.001000
1013.192308,-0.046564,0.001000,0.001000,0.001000,0.001000,0.001000
1013.211538,-0.046080,0.001000,0.001000,0.001000,0.001000,0.001000
1013.230769,-0.045565,0.001000,0.001000,0.001000,0.001000,0.001000
1013.250000,-0.045020,0.001000,0.001000,0.001000,0.001000,0.001000
1013.269231,-0.044446,0.001000,0.001000,0.001000,0.001000,0.001000
1013.288462,-0.043842,0.001000,0.001000,0.001000,0.001000,0.001000
1013.307692,-0.043209,0.001000,0.001000,0.001000,0.001000,0.001000
1013.326923,-0.042547,0.001000,0.001000,0.001000,0.001000,0.001000
1013.346154,-0.041858,0.001000,0.001000,0.001000,0.001000,0.001000
1013.365385,-0.041140,0.001000,0.001000,0.001000,0.001000,0.001000
1013.384615,-0.040395,0.001000,0.001000,0.001000,0.001000,0.001000
1013.403846,-0.039624,0.001000,0.001000,0.001000,0.001000,0.001000
1013.423077,-0.038826,0.001000,0.001000,0.001000,0.001000,0.001000
1013.442308,-0.038003,0.001000,0.001000,0.001000,0.001000,0.001000
1013.461538,-0.037154,0.001000,0.001000,0.001000,0.001000,0.001000
1013.480769,-0.036281,0.001000,0.001000,0.001000,0.001000,0.001000
1013.500000,-0.035384,0.001000,0.001000,0.001000,0.001000,0.001000
1013.519231,-0.034463,0.001000,0.001000,0.001000,0.001000,0.001000
1013.538462,-0.033520,0.001000,0.001000,0.001000,0.001000,0.001000
1013.557692,-0.032554,0.001000,0.001000,0.001000,0.001000,0.001000
1013.576923,-0.031567,0.001000,0.001000,0.001000,0.001000,0.001000
1013.596154,-0.030559,0.001000,0.001000,0.001000,0.001000,0.001000
1013.615385,-0.029531,0.001000,0.001000,0.001000,0.001000,0.001000
1013.634615,-0.028483,0.001000,0.001000,0.001000,0.001000,0.001000
1013.653846,-0.027416,0.001000,0.001000,0.001000,0.001000,0.001000
1013.673077,-0.026331,0.001000,0.001000,0.001000,0.001000,0.001000
1013.692308,-0.025229,0.001000,0.001000,0.001000,0.001000,0.001000
1013.711538,-0.024110,0.001000,0.001000,0.001000,0.001000,0.001000
1013.730769,-0.022975,0.001000,0.001000,0.001000,0.001000,0.001000
1013.750000,-0.021825,0.001000,0.001000,0.001000,0.001000,0.001000
1013.769231,-0.020660,0.001000,0.001000,0.001000,0.001000,0.001000
1013.788462,-0.019482,0.001000,0.001000,0.001000,0.001000,0.001000
1013.807692,-0.018291,0.001000,0.001000,0.001000,0.001000,0.001000
1013.826923,-0.017087,0.001000,0.001000,0.001000,0.001000,0.001000
1013.846154,-0.015873,0.001000,0.001000,0.001000,0.001000,0.001000
1013.865385,-0.014647,0.001000,0.001000,0.001000,0.001000,0.001000
1013.884615,-0.013413,0.001000,0.001000,0.001000,0.001000,0.001000
1013.903846,-0.012169,0.001000,0.001000,0.001000,0.001000,0.001000
1013.923077,-0.010917,0.001000,0.001000,0.001000,0.001000,0.001000
1013.942308,-0.009658,0.001000,0.001000,0.001000,0.001000,0.001000
1013.961538,-0.008393,0.001000,0.001000,0.001000,0.001000,0.001000
1013.980769,-0.007122,0.001000,0.001000,0.001000,0.001000,0.001000
1014.000000,-0.005846,0.001000,0.001000,0.001000,0.001000,0.001000
1014.019231,-0.004567,0.001000,0.001000,0.001000,0.001000,0.001000
1014.038462,-0.003284,0.001000,0.001000,0.001000,0.001000,0.001000
1014.057692,-0.001999,0.001000,0.001000,0.001000,0.001000,0.001000
1014.076923,-0.000713,0.001000,0.001000,0.001000,0.001000,0.001000
1014.096154,0.000573,0.001000,0.001000,0.001000,0.001000,0.001000
1014.115385,0.001859,0.001000,0.001000,0.001000,0.001000,0.001000
1014.134615,0.003144,0.001000,0.001000,0.001000,0.001000,0.001000
1014.153846,0.004427,0.001000,0.001000,0.001000,0.001000,0.001000
1014.173077,0.005707,0.001000,0.001000,0.001000,0.001000,0.001000
1014.192308,0.006983,0.001000,0.001000,0.001000,0.001000,0.001000
1014.211538,0.008255,0.001000,0.001000,0.001000,0.001000,0.001000
1014.230769,0.009521,0.001000,0.001000,0.001000,0.001000,0.001000
1014.250000,0.010780,0.001000,0.001000,0.001000,0.001000,0.001000
1014.269231,0.012033,0.001000,0.001000,0.001000,0.001000,0.001000
1014.288462,0.013278,0.001000,0.001000,0.001000,0.001000,0.001000
1014.307692,0.014514,0.001000,0.001000,0.001000,0.001000,0.001000
1014.326923,0.015740,0.001000,0.001000,0.001000,0.001000,0.001000
1014.346154,0.016956,0.001000,0.001000,0.001000,0.001000,0.001000
1014.365385,0.018160,0.001000,0.001000,0.001000,0.001000,0.001000
1014.384615,0.019353,0.001000,0.001000,0.001000,0.001000,0.001000
1014.403846,0.020532,0.001000,0.001000,0.001000,0.001000,0.001000
1014.423077,0.021699,0.001000,0.001000,0.001000,0.001000,0.001000
1014.442308,0.022850,0.001000,0.001000,0.001000,0.001000,0.001000
1014.461538,0.023987,0.001000,0.001000,0.001000,0.001000,0.001000
1014.480769,0.025108,0.001000,0.001000,0.001000,0.001000,0.001000
1014.500000,0.026212,0.001000,0.001000,0.001000,0.001000,0.001000
1014.519231,0.027299,0.001000,0.001000,0.001000,0.001000,0.001000
1014.538462,0.028368,0.001000,0.001000,0.001000,0.001000,0.001000
1014.557692,0.029417,0.001000,0.001000,0.001000,0.001000,0.001000
1014.576923,0.030448,0.001000,0.001000,0.001000,0.001000,0.001000
1014.596154,0.031458,0.001000,0.001000,0.001000,0.001000,0.001000
1014.615385,0.032448,0.001000,0.001000,0.001000,0.001000,0.001000
1014.634615,0.033416,0.001000,0.001000,0.001000,0.001000,0.001000
1014.653846,0.034362,0.001000,0.001000,0.001000,0.001000,0.001000
1014.673077,0.035285,0.001000,0.001000,0.001000,0.001000,0.001000
1014.692308,0.036185,0.001000,0.001000,0.001000,0.001000,0.001000
1014.711538,0.037060,0.001000,0.001000,0.001000,0.001000,0.001000
1014.730769,0.037912,0.001000,0.001000,0.001000,0.001000,0.001000
1014.750000,0.038738,0.001000,0.001000,0.001000,0.001000,0.001000
1014.769231,0.039538,0.001000,0.001000,0.001000,0.001000,0.001000
1014.788462,0.040313,0.001000,0.001000,0.001000,0.001000,0.001000
1014.807692,0.041060,0.001000,0.001000,0.001000,0.001000,0.001000
1014.826923,0.041781,0.001000,0.001000,0.001000,0.001000,0.001000
1014.846154,0.042474,0.001000,0.001000,0.001000,0.001000,0.001000
1014.865385,0.043138,0.001000,0.001000,0.001000,0.001000,0.001000
1014.884615,0.043774,0.001000,0.001000,0.001000,0.001000,0.001000
1014.903846,0.044382,0.001000,0.001000,0.001000,0.001000,0.001000
1014.923077,0.044959,0.001000,0.001000,0.001000,0.001000,0.001000
1014.942308,0.045507,0.001000,0.001000,0.001000,0.001000,0.001000
1014.961538,0.046025,0.001000,0.001000,0.001000,0.001000,0.001000
1014.980769,0.046513,0.001000,0.001000,0.001000,0.001000,0.001000
1015.000000,0.046969,0.001000,0.001000,0.001000,0.001000,0.001000
1015.019231,0.047395,0.001000,0.001000,0.001000,0.001000,0.001000
1015.038462,0.047789,0.001000,0.001000,0.001000,0.001000,0.001000
1015.057692,0.048151,0.001000,0.001000,0.001000,0.001000,0.001000
1015.076923,0.048482,0.001000,0.001000,0.001000,0.001000,0.001000
1015.096154,0.048781,0.001000,0.001000,0.001000,0.001000,0.001000
1015.115385,0.049047,0.001000,0.001000,0.001000,0.001000,0.001000
1015.134615,0.049281,0.001000,0.001000,0.001000,0.001000,0.001000
1015.153846,0.049482,0.001000,0.001000,0.001000,0.001000,0.001000
1015.173077,0.049650,0.001000,0.001000,0.001000,0.001000,0.001000
1015.192308,0.049786,0.001000,0.001000,0.001000,0.001000,0.001000
1015.211538,0.049888,0.001000,0.001000,0.001000,0.001000,0.001000
1015.230769,0.049958,0.001000,0.001000,0.001000,0.001000,0.001000
1015.250000,0.049994,0.001000,0.001000,0.001000,0.001000,0.001000
1015.269231,0.049997,0.001000,0.001000,0.001000,0.001000,0.001000
1015.288462,0.049968,0.001000,0.001000,0.001000,0.001000,0.001000
1015.307692,0.049905,0.001000,0.001000,0.001000,0.001000,0.001000
1015.326923,0.049809,0.001000,0.001000,0.001000,0.001000,0.001000
1015.346154,0.049680,0.001000,0.001000,0.001000,0.001000,0.001000
1015.365385,0.049518,0.001000,0.001000,0.001000,0.001000,0.001000
1015.384615,0.049324,0.001000,0.001000,0.001000,0.001000,0.001000
1015.403846,0.049096,0.001000,0.001000,0.001000,0.001000,0.001000
1015.423077,0.048837,0.001000,0.001000,0.001000,0.001000,0.001000
1015.442308,0.048545,0.001000,0.001000,0.001000,0.001000,0.001000
1015.461538,0.048221,0.001000,0.001000,0.001000,0.001000,0.001000
1015.480769,0.047864,0.001000,0.001000,0.001000,0.001000,0.001000
1015.500000,0.047477,0.001000,0.001000,0.001000,0.001000,0.001000
1015.519231,0.047057,0.001000,0.001000,0.001000,0.001000,0.001000
1015.538462,0.046607,0.001000,0.001000,0.001000,0.001000,0.001000
1015.557692,0.046126,0.001000,0.001000,0.001000,0.001000,0.001000
1015.576923,0.045614,0.001000,0.001000,0.001000,0.001000,0.001000
1015.596154,0.045072,0.001000,0.001000,0.001000,0.001000,0.001000
1015.615385,0.044500,0.001000,0.001000,0.001000,0.001000,0.001000
1015.634615,0.043899,0.001000,0.001000,0.001000,0.001000,0.001000
1015.653846,0.043269,0.001000,0.001000,0.001000,0.001000,0.001000
1015.673077,0.042610,0.001000,0.001000,0.001000,0.001000,0.001000
1015.692308,0.041922,0.001000,0.001000,0.001000,0.001000,0.001000
1015.711538,0.041208,0.001000,0.001000,0.001000,0.001000,0.001000
1015.730769,0.040465,0.001000,0.001000,0.001000,0.001000,0.001000
1015.750000,0.039696,0.001000,0.001000,0.001000,0.001000,0.001000
1015.769231,0.038901,0.001000,0.001000,0.001000,0.001000,0.001000
1015.788462,0.038080,0.001000,0.001000,0.001000,0.001000,0.001000
1015.807692,0.037234,0.001000,0.001000,0.001000,0.001000,0.001000
1015.826923,0.036363,0.001000,0.001000,0.001000,0.001000,0.001000
1015.846154,0.035468,0.001000,0.001000,0.001000,0.001000,0.001000
1015.865385,0.034549,0.001000,0.001000,0.001000,0.001000,0.001000
1015.884615,0.033608,0.001000,0.001000,0.001000,0.001000,0.001000
1015.903846,0.032644,0.001000,0.001000,0.001000,0.001000,0.001000
1015.923077,0.031659,0.001000,0.001000,0.001000,0.001000,0.001000
1015.942308,0.030653,0.001000,0.001000,0.001000,0.001000,0.001000
1015.961538,0.029626,0.001000,0.001000,0.001000,0.001000,0.001000
1015.980769,0.028580,0.001000,0.001000,0.001000,0.001000,0.001000
1016.000000,0.027515,0.001000,0.001000,0.001000,0.001000,0.001000
1016.019231,0.026432,0.001000,0.001000,0.001000,0.001000,0.001000
1016.038462,0.025331,0.001000,0.001000,0.001000,0.001000,0.001000
1016.057692,0.024214,0.001000,0.001000,0.001000,0.001000,0.001000
1016.076923,0.023080,0.001000,0.001000,0.001000,0.001000,0.001000
1016.096154,0.021932,0.001000,0.001000,0.001000,0.001000,0.001000
1016.115385,0.020768,0.001000,0.001000,0.001000,0.001000,0.001000
1016.134615,0.019591,0.001000,0.001000,0.001000,0.001000,0.001000
1016.153846,0.018401,0.001000,0.001000,0.001000,0.001000,0.001000
1016.173077,0.017199,0.001000,0.001000,0.001000,0.001000,0.001000
1016.192308,0.015985,0.001000,0.001000,0.001000,0.001000,0.001000
1016.211538,0.014761,0.001000,0.001000,0.001000,0.001000,0.001000
1016.230769,0.013527,0.001000,0.001000,0.001000,0.001000,0.001000
1016.250000,0.012284,0.001000,0.001000,0.001000,0.001000,0.001000
1016.269231,0.011033,0.001000,0.001000,0.001000,0.001000,0.001000
1016.288462,0.009775,0.001000,0.001000,0.001000,0.001000,0.001000
1016.307692,0.008510,0.001000,0.001000,0.001000,0.001000,0.001000
1016.326923,0.007239,0.001000,0.001000,0.001000,0.001000,0.001000
1016.346154,0.005964,0.001000,0.001000,0.001000,0.001000,0.001000
1016.365385,0.004685,0.001000,0.001000,0.001000,0.001000,0.001000
1016.384615,0.003403,0.001000,0.001000,0.001000,0.001000,0.001000
1016.403846,0.002118,0.001000,0.001000,0.001000,0.001000,0.001000
1016.423077,0.000832,0.001000,0.001000,0.001000,0.001000,0.001000
1016.442308,-0.000454,0.001000,0.001000,0.001000,0.001000,0.001000
1016.461538,-0.001741,0.001000,0.001000,0.001000,0.001000,0.001000
1016.480769,-0.003026,0.001000,0.001000,0.001000,0.001000,0.001000
1016.500000,-0.004309,0.001000,0.001000,0.001000,0.001000,0.001000
1016.519231,-0.005589,0.001000,0.001000,0.001000,0.001000,0.001000
1016.538462,-0.006865,0.001000,0.001000,0.001000,0.001000,0.001000
1016.557692,-0.008137,0.001000,0.001000,0.001000,0.001000,0.001000
1016.576923,-0.009404,0.001000,0.001000,0.001000,0.001000,0.001000
1016.596154,-0.010664,0.001000,0.001000,0.001000,0.001000,0.001000
1016.615385,-0.011918,0.001000,0.001000,0.001000,0.001000,0.001000
1016.634615,-0.013163,0.001000,0.001000,0.001000,0.001000,0.001000
1016.653846,-0.014400,0.001000,0.001000,0.001000,0.001000,0.001000
1016.673077,-0.015627,0.001000,0.001000,0.001000,0.001000,0.001000
1016.692308,-0.016844,0.001000,0.001000,0.001000,0.001000,0.001000
1016.711538,-0.018049,0.001000,0.001000,0.001000,0.001000,0.001000
1016.730769,-0.019243,0.001000,0.001000,0.001000,0.001000,0.001000
1016.750000,-0.020424,0.001000,0.001000,0.001000,0.001000,0.001000
1016.769231,-0.021591,0.001000,0.001000,0.001000,0.001000,0.001000
1016.788462,-0.022745,0.001000,0.001000,0.001000,0.001000,0.001000
1016.807692,-0.023883,0.001000,0.001000,0.001000,0.001000,0.001000
1016.826923,-0.025005,0.001000,0.001000,0.001000,0.001000,0.001000
1016.846154,-0.026111,0.001000,0.001000,0.001000,0.001000,0.001000
1016.865385,-0.027199,0.001000,0.001000,0.001000,0.001000,0.001000
1016.884615,-0.028270,0.001000,0.001000,0.001000,0.001000,0.001000
1016.903846,-0.029321,0.001000,0.001000,0.001000,0.001000,0.001000
1016.923077,-0.030354,0.001000,0.001000,0.001000,0.001000,0.001000
1016.942308,-0.031366,0.001000,0.001000,0.001000,0.001000,0.001000
1016.961538,-0.032357,0.001000,0.001000,0.001000,0.001000,0.001000
1016.980769,-0.033327,0.001000,0.001000,0.001000,0.001000,0.001000
1017.000000,-0.034275,0.001000,0.001000,0.001000,0.001000,0.001000
1017.019231,-0.035200,0.001000,0.001000,0.001000,0.001000,0.001000
1017.038462,-0.036102,0.001000,0.001000,0.001000,0.001000,0.001000
1017.057692,-0.036980,0.001000,0.001000,0.001000,0.001000,0.001000
1017.076923,-0.037834,0.001000,0.001000,0.001000,0.001000,0.001000
1017.096154,-0.038663,0.001000,0.001000,0.001000,0.001000,0.001000
1017.115385,-0.039465,0.001000,0.001000,0.001000,0.001000,0.001000
1017.134615,-0.040242,0.001000,0.001000,0.001000,0.001000,0.001000
1017.153846,-0.040992,0.001000,0.001000,0.001000,0.001000,0.001000
1017.173077,-0.041715,0.001000,0.001000,0.001000,0.001000,0.001000
1017.192308,-0.042411,0.001000,0.001000,0.001000,0.001000,0.001000
1017.211538,-0.043078,0.001000,0.001000,0.001000,0.001000,0.001000
1017.230769,-0.043717,0.001000,0.001000,0.001000,0.001000,0.001000
1017.250000,-0.044327,0.001000,0.001000,0.001000,0.001000,0.001000
1017.269231,-0.044907,0.001000,0.001000,0.001000,0.001000,0.001000
1017.288462,-0.045458,0.001000,0.001000,0.001000,0.001000,0.001000
1017.307692,-0.045979,0.001000,0.001000,0.001000,0.001000,0.001000
1017.326923,-0.046469,0.001000,0.001000,0.001000,0.001000,0.001000
1017.346154,-0.046928,0.001000,0.001000,0.001000,0.001000,0.001000
1017.365385,-0.047357,0.001000,0.001000,0.001000,0.001000,0.001000
1017.384615,-0.047754,0.001000,0.001000,0.001000,0.001000,0.001000
1017.403846,-0.048119,0.001000,0.001000,0.001000,0.001000,0.001000
1017.423077,-0.048453,0.001000,0.001000,0.001000,0.001000,0.001000
1017.442308,-0.048754,0.001000,0.001000,0.001000,0.001000,0.001000
1017.461538,-0.049024,0.001000,0.001000,0.001000,0.001000,0.001000
1017.480769,-0.049260,0.001000,0.001000,0.001000,0.001000,0.001000
1017.500000,-0.049464,0.001000,0.001000,0.001000,0.001000,0.001000
1017.519231,-0.049636,0.001000,0.001000,0.001000,0.001000,0.001000
1017.538462,-0.049774,0.001000,0.001000,0.001000,0.001000,0.001000
1017.557692,-0.049880,0.001000,0.001000,0.001000,0.001000,0.001000
1017.576923,-0.049953,0.001000,0.001000,0.001000,0.001000,0.001000
1017.596154,-0.049992,0.001000,0.001000,0.001000,0.001000,0.001000
1017.615385,-0.049998,0.001000,0.001000,0.001000,0.001000,0.001000
1017.634615,-0.049972,0.001000,0.001000,0.001000,0.001000,0.001000
1017.653846,-0.049912,0.001000,0.001000,0.001000,0.001000,0.001000
1017.673077,-0.049819,0.001000,0.001000,0.001000,0.001000,0.001000
1017.692308,-0.049693,0.001000,0.001000,0.001000,0.001000,0.001000
1017.711538,-0.049535,0.001000,0.001000,0.001000,0.001000,0.001000
1017.730769,-0.049343,0.001000,0.001000,0.001000,0.001000,0.001000
1017.750000,-0.049119,0.001000,0.001000,0.001000,0.001000,0.001000
1017.769231,-0.048862,0.001000,0.001000,0.001000,0.001000,0.001000
1017.788462,-0.048573,0.001000,0.001000,0.001000,0.001000,0.001000
1017.807692,-0.048252,0.001000,0.001000,0.001000,0.001000,0.001000
1017.826923,-0.047899,0.001000,0.001000,0.001000,0.001000,0.001000
1017.846154,-0.047514,0.001000,0.001000,0.001000,0.001000,0.001000
1017.865385,-0.047097,0.001000,0.001000,0.001000,0.001000,0.001000
1017.884615,-0.046650,0.001000,0.001000,0.001000,0.001000,0.001000
1017.903846,-0.046172,0.001000,0.001000,0.001000,0.001000,0.001000
1017.923077,-0.045663,0.001000,0.001000,0.001000,0.001000,0.001000
1017.942308,-0.045123,0.001000,0.001000,0.001000,0.001000,0.001000
1017.961538,-0.044554,0.001000,0.001000,0.001000,0.001000,0.001000
1017.980769,-0.043956,0.001000,0.001000,0.001000,0.001000,0.001000
1018.000000,-0.043328,0.001000,0.001000,0.001000,0.001000,0.001000
1018.019231,-0.042672,0.001000,0.001000,0.001000,0.001000,0.001000
1018.038462,-0.041987,0.001000,0.001000,0.001000,0.001000,0.001000
1018.057692,-0.041275,0.001000,0.001000,0.001000,0.001000,0.001000
1018.076923,-0.040535,0.001000,0.001000,0.001000,0.001000,0.001000
1018.096154,-0.039768,0.001000,0.001000,0.001000,0.001000,0.001000
1018.115385,-0.038976,0.001000,0.001000,0.001000,0.001000,0.001000
1018.134615,-0.038157,0.001000,0.001000,0.001000,0.001000,0.001000
1018.153846,-0.037313,0.001000,0.001000,0.001000,0.001000,0.001000
1018.173077,-0.036444,0.001000,0.001000,0.001000,0.001000,0.001000
1018.192308,-0.035551,0.001000,0.001000,0.001000,0.001000,0.001000
1018.211538,-0.034635,0.001000,0.001000,0.001000,0.001000,0.001000
1018.230769,-0.033696,0.001000,0.001000,0.001000,0.001000,0.001000
1018.250000,-0.032734,0.001000,0.001000,0.001000,0.001000,0.001000
1018.269231,-0.031751,0.001000,0.001000,0.001000,0.001000,0.001000
1018.288462,-0.030747,0.001000,0.001000,0.001000,0.001000,0.001000
1018.307692,-0.029722,0.001000,0.001000,0.001000,0.001000,0.001000
1018.326923,-0.028678,0.001000,0.001000,0.001000,0.001000,0.001000
1018.346154,-0.027615,0.001000,0.001000,0.001000,0.001000,0.001000
1018.365385,-0.026533,0.001000,0.001000,0.001000,0.001000,0.001000
1018.384615,-0.025434,0.001000,0.001000,0.001000,0.001000,0.001000
1018.403846,-0.024318,0.001000,0.001000,0.001000,0.001000,0.001000
1018.423077,-0.023186,0.001000,0.001000,0.001000,0.001000,0.001000
1018.442308,-0.022038,0.001000,0.001000,0.001000,0.001000,0.001000
1018.461538,-0.020876,0.001000,0.001000,0.001000,0.001000,0.001000
1018.480769,-0.019700,0.001000,0.001000,0.001000,0.001000,0.001000
1018.500000,-0.018512,0.001000,0.001000,0.001000,0.001000,0.001000
1018.519231,-0.017310,0.001000,0.001000,0.001000,0.001000,0.001000
1018.538462,-0.016098,0.001000,0.001000,0.001000,0.001000,0.001000
1018.557692,-0.014875,0.001000,0.001000,0.001000,0.001000,0.001000
1018.576923,-0.013642,0.001000,0.001000,0.001000,0.001000,0.001000
1018.596154,-0.012399,0.001000,0.001000,0.001000,0.001000,0.001000
1018.615385,-0.011149,0.001000,0.001000,0.001000,0.001000,0.001000
1018.634615,-0.009891,0.001000,0.001000,0.001000,0.001000,0.001000
1018.653846,-0.008627,0.001000,0.001000,0.001000,0.001000,0.001000
1018.673077,-0.007357,0.001000,0.001000,0.001000,0.001000,0.001000
1018.692308,-0.006082,0.001000,0.001000,0.001000,0.001000,0.001000
1018.711538,-0.004803,0.001000,0.001000,0.001000,0.001000,0.001000
1018.730769,-0.003521,0.001000,0.001000,0.001000,0.001000,0.001000
1018.750000,-0.002237,0.001000,0.001000,0.001000,0.001000,0.001000
1018.769231,-0.000951,0.001000,0.001000,0.001000,0.001000,0.001000
1018.788462,0.000335,0.001000,0.001000,0.001000,0.001000,0.001000
1018.807692,0.001622,0.001000,0.001000,0.001000,0.001000,0.001000
1018.826923,0.002907,0.001000,0.001000,0.001000,0.001000,0.001000
1018.846154,0.004190,0.001000,0.001000,0.001000,0.001000,0.001000
1018.865385,0.005471,0.001000,0.001000,0.001000,0.001000,0.001000
1018.884615,0.006748,0.001000,0.001000,0.001000,0.001000,0.001000
1018.903846,0.008020,0.001000,0.001000,0.001000,0.001000,0.001000
1018.923077,0.009287,0.001000,0.001000,0.001000,0.001000,0.001000
1018.942308,0.010548,0.001000,0.001000,0.001000,0.001000,0.001000
1018.961538,0.011802,0.001000,0.001000,0.001000,0.001000,0.001000
1018.980769,0.013048,0.001000,0.001000,0.001000,0.001000,0.001000
1019.000000,0.014286,0.001000,0.001000,0.001000,0.001000,0.001000
1019.019231,0.015514,0.001000,0.001000,0.001000,0.001000,0.001000
1019.038462,0.016732,0.001000,0.001000,0.001000,0.001000,0.001000
1019.057692,0.017938,0.001000,0.001000,0.001000,0.001000,0.001000
1019.076923,0.019133,0.001000,0.001000,0.001000,0.001000,0.001000
1019.096154,0.020315,0.001000,0.001000,0.001000,0.001000,0.001000
1019.115385,0.021484,0.001000,0.001000,0.001000,0.001000,0.001000
1019.134615,0.022639,0.001000,0.001000,0.001000,0.001000,0.001000
1019.153846,0.023778,0.001000,0.001000,0.001000,0.001000,0.001000
1019.173077,0.024902,0.001000,0.001000,0.001000,0.001000,0.001000
1019.192308,0.026009,0.001000,0.001000,0.001000,0.001000,0.001000
1019.211538,0.027099,0.001000,0.001000,0.001000,0.001000,0.001000
1019.230769,0.028171,0.001000,0.001000,0.001000,0.001000,0.001000
1019.250000,0.029225,0.001000,0.001000,0.001000,0.001000,0.001000
1019.269231,0.030259,0.001000,0.001000,0.001000,0.001000,0.001000
1019.288462,0.031273,0.001000,0.001000,0.001000,0.001000,0.001000
1019.307692,0.032266,0.001000,0.001000,0.001000,0.001000,0.001000
1019.326923,0.033238,0.001000,0.001000,0.001000,0.001000,0.001000
1019.346154,0.034189,0.001000,0.001000,0.001000,0.001000,0.001000
1019.365385,0.035116,0.001000,0.001000,0.001000,0.001000,0.001000
1019.384615,0.036020,0.001000,0.001000,0.001000,0.001000,0.001000
1019.403846,0.036900,0.001000,0.001000,0.001000,0.001000,0.001000
1019.423077,0.037756,0.001000,0.001000,0.001000,0.001000,0.001000
1019.442308,0.038587,0.001000,0.001000,0.001000,0.001000,0.001000
1019.461538,0.039392,0.001000,0.001000,0.001000,0.001000,0.001000
1019.480769,0.040172,0.001000,0.001000,0.001000,0.001000,0.001000
1019.500000,0.040924,0.001000,0.001000,0.001000,0.001000,0.001000
1019.519231,0.041650,0.001000,0.001000,0.001000,0.001000,0.001000
1019.538462,0.042348,0.001000,0.001000,0.001000,0.001000,0.001000
1019.557692,0.043018,0.001000,0.001000,0.001000,0.001000,0.001000
1019.576923,0.043659,0.001000,0.001000,0.001000,0.001000,0.001000
1019.596154,0.044272,0.001000,0.001000,0.001000,0.001000,0.001000
1019.615385,0.044855,0.001000,0.001000,0.001000,0.001000,0.001000
1019.634615,0.045408,0.001000,0.001000,0.001000,0.001000,0.001000
1019.653846,0.045932,0.001000,0.001000,0.001000,0.001000,0.001000
1019.673077,0.046425,0.001000,0.001000,0.001000,0.001000,0.001000
1019.692308,0.046887,0.001000,0.001000,0.001000,0.001000,0.001000
1019.711538,0.047319,0.001000,0.001000,0.001000,0.001000,0.001000
1019.730769,0.047718,0.001000,0.001000,0.001000,0.001000,0.001000
1019.750000,0.048087,0.001000,0.001000,0.001000,0.001000,0.001000
1019.769231,0.048423,0.001000,0.001000,0.001000,0.001000,0.001000
1019.788462,0.048728,0.001000,0.001000,0.001000,0.001000,0.001000
1019.807692,0.049000,0.001000,0.001000,0.001000,0.001000,0.001000
1019.826923,0.049240,0.001000,0.001000,0.001000,0.001000,0.001000
1019.846154,0.049447,0.001000,0.001000,0.001000,0.001000,0.001000
1019.865385,0.049621,0.001000,0.001000,0.001000,0.001000,0.001000
1019.884615,0.049763,0.001000,0.001000,0.001000,0.001000,0.001000
1019.903846,0.049872,0.001000,0.001000,0.001000,0.001000,0.001000
1019.923077,0.049947,0.001000,0.001000,0.001000,0.001000,0.001000
1019.942308,0.049990,0.001000,0.001000,0.001000,0.001000,0.001000
1019.961538,0.049999,0.001000,0.001000,0.001000,0.001000,0.001000
1019.980769,0.049976,0.001000,0.001000,0.001000,0.001000,0.001000
1020.000000,0.049919,0.001000,0.001000,0.001000,0.001000,0.001000
1020.019231,0.049829,0.001000,0.001000,0.001000,0.001000,0.001000
1020.038462,0.049706,0.001000,0.001000,0.001000,0.001000,0.001000
1020.057692,0.049551,0.001000,0.001000,0.001000,0.001000,0.001000
1020.076923,0.049362,0.001000,0.001000,0.001000,0.001000,0.001000
1020.096154,0.049141,0.001000,0.001000,0.001000,0.001000,0.001000
1020.115385,0.048887,0.001000,0.001000,0.001000,0.001000,0.001000
1020.134615,0.048601,0.001000,0.001000,0.001000,0.001000,0.001000
1020.153846,0.048283,0.001000,0.001000,0.001000,0.001000,0.001000
1020.173077,0.047933,0.001000,0.001000,0.001000,0.001000,0.001000
1020.192308,0.047551,0.001000,0.001000,0.001000,0.001000,0.001000
1020.211538,0.047137,0.001000,0.001000,0.001000,0.001000,0.001000
1020.230769,0.046693,0.001000,0.001000,0.001000,0.001000,0.001000
1020.250000,0.046217,0.001000,0.001000,0.001000,0.001000,0.001000
1020.269231,0.045711,0.001000,0.001000,0.001000,0.001000,0.001000
1020.288462,0.045175,0.001000,0.001000,0.001000,0.001000,0.001000
1020.307692,0.044608,0.001000,0.001000,0.001000,0.001000,0.001000
1020.326923,0.044012,0.001000,0.001000,0.001000,0.001000,0.001000
1020.346154,0.043387,0.001000,0.001000,0.001000,0.001000,0.001000
1020.365385,0.042734,0.001000,0.001000,0.001000,0.001000,0.001000
1020.384615,0.042052,0.001000,0.001000,0.001000,0.001000,0.001000
1020.403846,0.041342,0.001000,0.001000,0.001000,0.001000,0.001000
1020.423077,0.040604,0.001000,0.001000,0.001000,0.001000,0.001000
1020.442308,0.039840,0.001000,0.001000,0.001000,0.001000,0.001000
1020.461538,0.039050,0.001000,0.001000,0.001000,0.001000,0.001000
1020.480769,0.038234,0.001000,0.001000,0.001000,0.001000,0.001000
1020.500000,0.037392,0.001000,0.001000,0.001000,0.001000,0.001000
1020.519231,0.036525,0.001000,0.001000,0.001000,0.001000,0.001000
1020.538462,0.035635,0.001000,0.001000,0.001000,0.001000,0.001000
1020.557692,0.034721,0.001000,0.001000,0.001000,0.001000,0.001000
1020.576923,0.033784,0.001000,0.001000,0.001000,0.001000,0.001000
1020.596154,0.032824,0.001000,0.001000,0.001000,0.001000,0.001000
1020.615385,0.031843,0.001000,0.001000,0.001000,0.001000,0.001000
1020.634615,0.030840,0.001000,0.001000,0.001000,0.001000,0.001000
1020.653846,0.029818,0.001000,0.001000,0.001000,0.001000,0.001000
1020.673077,0.028775,0.001000,0.001000,0.001000,0.001000,0.001000
1020.692308,0.027714,0.001000,0.001000,0.001000,0.001000,0.001000
1020.711538,0.026634,0.001000,0.001000,0.001000,0.001000,0.001000
1020.730769,0.025536,0.001000,0.001000,0.001000,0.001000,0.001000
1020.750000,0.024422,0.001000,0.001000,0.001000,0.001000,0.001000
1020.769231,0.023291,0.001000,0.001000,0.001000,0.001000,0.001000
1020.788462,0.022145,0.001000,0.001000,0.001000,0.001000,0.001000
1020.807692,0.020984,0.001000,0.001000,0.001000,0.001000,0.001000
1020.826923,0.019810,0.001000,0.001000,0.001000,0.001000,0.001000
1020.846154,0.018622,0.001000,0.001000,0.001000,0.001000,0.001000
1020.865385,0.017422,0.001000,0.001000,0.001000,0.001000,0.001000
1020.884615,0.016210,0.001000,0.001000,0.001000,0.001000,0.001000
1020.903846,0.014988,0.001000,0.001000,0.001000,0.001000,0.001000
1020.923077,0.013756,0.001000,0.001000,0.001000,0.001000,0.001000
1020.942308,0.012515,0.001000,0.001000,0.001000,0.001000,0.001000
1020.961538,0.011265,0.001000,0.001000,0.001000,0.001000,0.001000
1020.980769,0.010008,0.001000,0.001000,0.001000,0.001000,0.001000
1021.000000,0.008744,0.001000,0.001000,0.001000,0.001000,0.001000
1021.019231,0.007475,0.001000,0.001000,0.001000,0.001000,0.001000
1021.038462,0.006200,0.001000,0.001000,0.001000,0.001000,0.001000
1021.057692,0.004922,0.001000,0.001000,0.001000,0.001000,0.001000
1021.076923,0.003640,0.001000,0.001000,0.001000,0.001000,0.001000
1021.096154,0.002356,0.001000,0.001000,0.001000,0.001000,0.001000
1021.115385,0.001070,0.001000,0.001000,0.001000,0.001000,0.001000
1021.134615,-0.000217,0.001000,0.001000,0.001000,0.001000,0.001000
1021.153846,-0.001503,0.001000,0.001000,0.001000,0.001000,0.001000
1021.173077,-0.002788,0.001000,0.001000,0.001000,0.001000,0.001000
1021.192308,-0.004072,0.001000,0.001000,0.001000,0.001000,0.001000
1021.211538,-0.005353,0.001000,0.001000,0.001000,0.001000,0.001000
1021.230769,-0.006630,0.001000,0.001000,0.001000,0.001000,0.001000
1021.250000,-0.007903,0.001000,0.001000,0.001000,0.001000,0.001000
1021.269231,-0.009170,0.001000,0.001000,0.001000,0.001000,0.001000
1021.288462,-0.010432,0.001000,0.001000,0.001000,0.001000,0.001000
1021.307692,-0.011687,0.001000,0.001000,0.001000,0.001000,0.001000
1021.326923,-0.012933,0.001000,0.001000,0.001000,0.001000,0.001000
1021.346154,-0.014172,0.001000,0.001000,0.001000,0.001000,0.001000
1021.365385,-0.015401,0.001000,0.001000,0.001000,0.001000,0.001000
1021.384615,-0.016620,0.001000,0.001000,0.001000,0.001000,0.001000
1021.403846,-0.017827,0.001000,0.001000,0.001000,0.001000,0.001000
1021.423077,-0.019023,0.001000,0.001000,0.001000,0.001000,0.001000
1021.442308,-0.020207,0.001000,0.001000,0.001000,0.001000,0.001000
1021.461538,-0.021377,0.001000,0.001000,0.001000,0.001000,0.001000
1021.480769,-0.022533,0.001000,0.001000,0.001000,0.001000,0.001000
1021.500000,-0.023674,0.001000,0.001000,0.001000,0.001000,0.001000
1021.519231,-0.024799,0.001000,0.001000,0.001000,0.001000,0.001000
1021.538462,-0.025908,0.001000,0.001000,0.001000,0.001000,0.001000
1021.557692,-0.026999,0.001000,0.001000,0.001000,0.001000,0.001000
1021.576923,-0.028073,0.001000,0.001000,0.001000,0.001000,0.001000
1021.596154,-0.029128,0.001000,0.001000,0.001000,0.001000,0.001000
1021.615385,-0.030164,0.001000,0.001000,0.001000,0.001000,0.001000
1021.634615,-0.031180,0.001000,0.001000,0.001000,0.001000,0.001000
1021.653846,-0.032176,0.001000,0.001000,0.001000,0.001000,0.001000
1021.673077,-0.033150,0.001000,0.001000,0.001000,0.001000,0.001000
1021.692308,-0.034102,0.001000,0.001000,0.001000,0.001000,0.001000
1021.711538,-0.035031,0.001000,0.001000,0.001000,0.001000,0.001000
1021.730769,-0.035937,0.001000,0.001000,0.001000,0.001000,0.001000
1021.750000,-0.036820,0.001000,0.001000,0.001000,0.001000,0.001000
1021.769231,-0.037678,0.001000,0.001000,0.001000,0.001000,0.001000
1021.788462,-0.038511,0.001000,0.001000,0.001000,0.001000,0.001000
1021.807692,-0.039319,0.001000,0.001000,0.001000,0.001000,0.001000
1021.826923,-0.040101,0.001000,0.001000,0.001000,0.001000,0.001000
1021.846154,-0.040856,0.001000,0.001000,0.001000,0.001000,0.001000
1021.865385,-0.041584,0.001000,0.001000,0.001000,0.001000,0.001000
1021.884615,-0.042284,0.001000,0.001000,0.001000,0.001000,0.001000
1021.903846,-0.042957,0.001000,0.001000,0.001000,0.001000,0.001000
1021.923077,-0.043601,0.001000,0.001000,0.001000,0.001000,0.001000
1021.942308,-0.044216,0.001000,0.001000,0.001000,0.001000,0.001000
1021.961538,-0.044802,0.001000,0.001000,0.001000,0.001000,0.001000
1021.980769,-0.045358,0.001000,0.001000,0.001000,0.001000,0.001000
1022.000000,-0.045885,0.001000,0.001000,0.001000,0.001000,0.001000
1022.019231,-0.046381,0.001000,0.001000,0.001000,0.001000,0.001000
1022.038462,-0.046846,0.001000,0.001000,0.001000,0.001000,0.001000
1022.057692,-0.047280,0.001000,0.001000,0.001000,0.001000,0.001000
1022.076923,-0.047683,0.001000,0.001000,0.001000,0.001000,0.001000
1022.096154,-0.048054,0.001000,0.001000,0.001000,0.001000,0.001000
1022.115385,-0.048394,0.001000,0.001000,0.001000,0.001000,0.001000
1022.134615,-0.048701,0.001000,0.001000,0.001000,0.001000,0.001000
1022.153846,-0.048976,0.001000,0.001000,0.001000,0.001000,0.001000
1022.173077,-0.049219,0.001000,0.001000,0.001000,0.001000,0.001000
1022.192308,-0.049429,0.001000,0.001000,0.001000,0.001000,0.001000
1022.211538,-0.049607,0.001000,0.001000,0.001000,0.001000,0.001000
1022.230769,-0.049751,0.001000,0.001000,0.001000,0.001000,0.001000
1022.250000,-0.049863,0.001000,0.001000,0.001000,0.001000,0.001000
1022.269231,-0.049942,0.001000,0.001000,0.001000,0.001000,0.001000
1022.288462,-0.049987,0.001000,0.001000,0.001000,0.001000,0.001000
1022.307692,-0.050000,0.001000,0.001000,0.001000,0.001000,0.001000
1022.326923,-0.049979,0.001000,0.001000,0.001000,0.001000,0.001000
1022.346154,-0.049925,0.001000,0.001000,0.001000,0.001000,0.001000
1022.365385,-0.049839,0.001000,0.001000,0.001000,0.001000,0.001000
1022.384615,-0.049719,0.001000,0.001000,0.001000,0.001000,0.001000
1022.403846,-0.049566,0.001000,0.001000,0.001000,0.001000,0.001000
1022.423077,-0.049381,0.001000,0.001000,0.001000,0.001000,0.001000
1022.442308,-0.049163,0.001000,0.001000,0.001000,0.001000,0.001000
1022.461538,-0.048912,0.001000,0.001000,0.001000,0.001000,0.001000
1022.480769,-0.048629,0.001000,0.001000,0.001000,0.001000,0.001000
1022.500000,-0.048314,0.001000,0.001000,0.001000,0.001000,0.001000
1022.519231,-0.047966,0.001000,0.001000,0.001000,0.001000,0.001000
1022.538462,-0.047587,0.001000,0.001000,0.001000,0.001000,0.001000
1022.557692,-0.047177,0.001000,0.001000,0.001000,0.001000,0.001000
1022.576923,-0.046735,0.001000,0.001000,0.001000,0.001000,0.001000
1022.596154,-0.046262,0.001000,0.001000,0.001000,0.001000,0.001000
1022.615385,-0.045759,0.001000,0.001000,0.001000,0.001000,0.001000
1022.634615,-0.045225,0.001000,0.001000,0.001000,0.001000,0.001000
1022.653846,-0.044662,0.001000,0.001000,0.001000,0.001000,0.001000
1022.673077,-0.044069,0.001000,0.001000,0.001000,0.001000,0.001000
1022.692308,-0.043446,0.001000,0.001000,0.001000,0.001000,0.001000
1022.711538,-0.042795,0.001000,0.001000,0.001000,0.001000,0.001000
1022.730769,-0.042116,0.001000,0.001000,0.001000,0.001000,0.001000
1022.750000,-0.041408,0.001000,0.001000,0.001000,0.001000,0.001000
1022.769231,-0.040674,0.001000,0.001000,0.001000,0.001000,0.001000
1022.788462,-0.039912,0.001000,0.001000,0.001000,0.001000,0.001000
1022.807692,-0.039124,0.001000,0.001000,0.001000,0.001000,0.001000
1022.826923,-0.038310,0.001000,0.001000,0.001000,0.001000,0.001000
1022.846154,-0.037471,0.001000,0.001000,0.001000,0.001000,0.001000
1022.865385,-0.036607,0.001000,0.001000,0.001000,0.001000,0.001000
1022.884615,-0.035718,0.001000,0.001000,0.001000,0.001000,0.001000
1022.903846,-0.034806,0.001000,0.001000,0.001000,0.001000,0.001000
1022.923077,-0.033871,0.001000,0.001000,0.001000,0.001000,0.001000
1022.942308,-0.032914,0.001000,0.001000,0.001000,0.001000,0.001000
1022.961538,-0.031934,0.001000,0.001000,0.001000,0.001000,0.001000
1022.980769,-0.030934,0.001000,0.001000,0.001000,0.001000,0.001000
1023.000000,-0.029913,0.001000,0.001000,0.001000,0.001000,0.001000
1023.019231,-0.028872,0.001000,0.001000,0.001000,0.001000,0.001000
1023.038462,-0.027812,0.001000,0.001000,0.001000,0.001000,0.001000
1023.057692,-0.026734,0.001000,0.001000,0.001000,0.001000,0.001000
1023.076923,-0.025638,0.001000,0.001000,0.001000,0.001000,0.001000
1023.096154,-0.024525,0.001000,0.001000,0.001000,0.001000,0.001000
1023.115385,-0.023396,0.001000,0.001000,0.001000,0.001000,0.001000
1023.134615,-0.022252,0.001000,0.001000,0.001000,0.001000,0.001000
1023.153846,-0.021092,0.001000,0.001000,0.001000,0.001000,0.001000
1023.173077,-0.019919,0.001000,0.001000,0.001000,0.001000,0.001000
1023.192308,-0.018732,0.001000,0.001000,0.001000,0.001000,0.001000
1023.211538,-0.017533,0.001000,0.001000,0.001000,0.001000,0.001000
1023.230769,-0.016323,0.001000,0.001000,0.001000,0.001000,0.001000
1023.250000,-0.015101,0.001000,0.001000,0.001000,0.001000,0.001000
1023.269231,-0.013870,0.001000,0.001000,0.001000,0.001000,0.001000
1023.288462,-0.012630,0.001000,0.001000,0.001000,0.001000,0.001000
1023.307692,-0.011381,0.001000,0.001000,0.001000,0.001000,0.001000
1023.326923,-0.010124,0.001000,0.001000,0.001000,0.001000,0.001000
1023.346154,-0.008861,0.001000,0.001000,0.001000,0.001000,0.001000
1023.365385,-0.007592,0.001000,0.001000,0.001000,0.001000,0.001000
1023.384615,-0.006318,0.001000,0.001000,0.001000,0.001000,0.001000
1023.403846,-0.005040,0.001000,0.001000,0.001000,0.001000,0.001000
1023.423077,-0.003758,0.001000,0.001000,0.001000,0.001000,0.001000
1023.442308,-0.002474,0.001000,0.001000,0.001000,0.001000,0.001000
1023.461538,-0.001189,0.001000,0.001000,0.001000,0.001000,0.001000
1023.480769,0.000098,0.001000,0.001000,0.001000,0.001000,0.001000
1023.500000,0.001384,0.001000,0.001000,0.001000,0.001000,0.001000
1023.519231,0.002670,0.001000,0.001000,0.001000,0.001000,0.001000
1023.538462,0.003953,0.001000,0.001000,0.001000,0.001000,0.001000
1023.557692,0.005234,0.001000,0.001000,0.001000,0.001000,0.001000
1023.576923,0.006512,0.001000,0.001000,0.001000,0.001000,0.001000
1023.596154,0.007785,0.001000,0.001000,0.001000,0.001000,0.001000
1023.615385,0.009053,0.001000,0.001000,0.001000,0.001000,0.001000
1023.634615,0.010316,0.001000,0.001000,0.001000,0.001000,0.001000
1023.653846,0.011571,0.001000,0.001000,0.001000,0.001000,0.001000
1023.673077,0.012819,0.001000,0.001000,0.001000,0.001000,0.001000
1023.692308,0.014058,0.001000,0.001000,0.001000,0.001000,0.001000
1023.711538,0.015288,0.001000,0.001000,0.001000,0.001000,0.001000
1023.730769,0.016507,0.001000,0.001000,0.001000,0.001000,0.001000
1023.750000,0.017716,0.001000,0.001000,0.001000,0.001000,0.001000
1023.769231,0.018913,0.001000,0.001000,0.001000,0.001000,0.001000
1023.788462,0.020098,0.001000,0.001000,0.001000,0.001000,0.001000
1023.807692,0.021269,0.001000,0.001000,0.001000,0.001000,0.001000
1023.826923,0.022426,0.001000,0.001000,0.001000,0.001000,0.001000
1023.846154,0.023569,0.001000,0.001000,0.001000,0.001000,0.001000
1023.865385,0.024695,0.001000,0.001000,0.001000,0.001000,0.001000
1023.884615,0.025806,0.001000,0.001000,0.001000,0.001000,0.001000
1023.903846,0.026899,0.001000,0.001000,0.001000,0.001000,0.001000
1023.923077,0.027975,0.001000,0.001000,0.001000,0.001000,0.001000
1023.942308,0.029032,0.001000,0.001000,0.001000,0.001000,0.001000
1023.961538,0.030069,0.001000,0.001000,0.001000,0.001000,0.001000
1023.980769,0.031087,0.001000,0.001000,0.001000,0.001000,0.001000
1024.000000,0.032084,0.001000,0.001000,0.001000,0.001000,0.001000
1024.019231,0.033060,0.001000,0.001000,0.001000,0.001000,0.001000
1024.038462,0.034015,0.001000,0.001000,0.001000,0.001000,0.001000
1024.057692,0.034946,0.001000,0.001000,0.001000,0.001000,0.001000
1024.076923,0.035855,0.001000,0.001000,0.001000,0.001000,0.001000
1024.096154,0.036739,0.001000,0.001000,0.001000,0.001000,0.001000
1024.115385,0.037600,0.001000,0.001000,0.001000,0.001000,0.001000
1024.134615,0.038435,0.001000,0.001000,0.001000,0.001000,0.001000
1024.153846,0.039245,0.001000,0.001000,0.001000,0.001000,0.001000
1024.173077,0.040030,0.001000,0.001000,0.001000,0.001000,0.001000
1024.192308,0.040787,0.001000,0.001000,0.001000,0.001000,0.001000
1024.211538,0.041518,0.001000,0.001000,0.001000,0.001000,0.001000
1024.230769,0.042221,0.001000,0.001000,0.001000,0.001000,0.001000
1024.250000,0.042896,0.001000,0.001000,0.001000,0.001000,0.001000
1024.269231,0.043543,0.001000,0.001000,0.001000,0.001000,0.001000
1024.288462,0.044161,0.001000,0.001000,0.001000,0.001000,0.001000
1024.307692,0.044749,0.001000,0.001000,0.001000,0.001000,0.001000
1024.326923,0.045308,0.001000,0.001000,0.001000,0.001000,0.001000
1024.346154,0.045837,0.001000,0.001000,0.001000,0.001000,0.001000
1024.365385,0.046336,0.001000,0.001000,0.001000,0.001000,0.001000
1024.384615,0.046804,0.001000,0.001000,0.001000,0.001000,0.001000
1024.403846,0.047241,0.001000,0.001000,0.001000,0.001000,0.001000
1024.423077,0.047647,0.001000,0.001000,0.001000,0.001000,0.001000
1024.442308,0.048021,0.001000,0.001000,0.001000,0.001000,0.001000
1024.461538,0.048364,0.001000,0.001000,0.001000,0.001000,0.001000
1024.480769,0.048674,0.001000,0.001000,0.001000,0.001000,0.001000
1024.500000,0.048952,0.001000,0.001000,0.001000,0.001000,0.001000
1024.519231,0.049198,0.001000,0.001000,0.001000,0.001000,0.001000
1024.538462,0.049411,0.001000,0.001000,0.001000,0.001000,0.001000
1024.557692,0.049592,0.001000,0.001000,0.001000,0.001000,0.001000
1024.576923,0.049739,0.001000,0.001000,0.001000,0.001000,0.001000
1024.596154,0.049854,0.001000,0.001000,0.001000,0.001000,0.001000
1024.615385,0.049936,0.001000,0.001000,0.001000,0.001000,0.001000
1024.634615,0.049984,0.001000,0.001000,0.001000,0.001000,0.001000
1024.653846,0.050000,0.001000,0.001000,0.001000,0.001000,0.001000
1024.673077,0.049982,0.001000,0.001000,0.001000,0.001000,0.001000
1024.692308,0.049932,0.001000,0.001000,0.001000,0.001000,0.001000
1024.711538,0.049848,0.001000,0.001000,0.001000,0.001000,0.001000
1024.730769,0.049731,0.001000,0.001000,0.001000,0.001000,0.001000
1024.750000,0.049582,0.001000,0.001000,0.001000,0.001000,0.001000
1024.769231,0.049399,0.001000,0.001000,0.001000,0.001000,0.001000
1024.788462,0.049184,0.001000,0.001000,0.001000,0.001000,0.001000
1024.807692,0.048937,0.001000,0.001000,0.001000,0.001000,0.001000
1024.826923,0.048656,0.001000,0.001000,0.001000,0.001000,0.001000
1024.846154,0.048344,0.001000,0.001000,0.001000,0.001000,0.001000
1024.865385,0.048000,0.001000,0.001000,0.001000,0.001000,0.001000
1024.884615,0.047624,0.001000,0.001000,0.001000,0.001000,0.001000
1024.903846,0.047216,0.001000,0.001000,0.001000,0.001000,0.001000
1024.923077,0.046777,0.001000,0.001000,0.001000,0.001000,0.001000
1024.942308,0.046307,0.001000,0.001000,0.001000,0.001000,0.001000
1024.961538,0.045807,0.001000,0.001000,0.001000,0.001000,0.001000
1024.980769,0.045276,0.001000,0.001000,0.001000,0.001000,0.001000
1025.000000,0.044715,0.001000,0.001000,0.001000,0.001000,0.001000
1025.019231,0.044125,0.001000,0.001000,0.001000,0.001000,0.001000
1025.038462,0.043505,0.001000,0.001000,0.001000,0.001000,0.001000
1025.057692,0.042857,0.001000,0.001000,0.001000,0.001000,0.001000
1025.076923,0.042180,0.001000,0.001000,0.001000,0.001000,0.001000
1025.096154,0.041475,0.001000,0.001000,0.001000,0.001000,0.001000
1025.115385,0.040743,0.001000,0.001000,0.001000,0.001000,0.001000
1025.134615,0.039984,0.001000,0.001000,0.001000,0.001000,0.001000
1025.153846,0.039198,0.001000,0.001000,0.001000,0.001000,0.001000
1025.173077,0.038386,0.001000,0.001000,0.001000,0.001000,0.001000
1025.192308,0.037549,0.001000,0.001000,0.001000,0.001000,0.001000
1025.211538,0.036687,0.001000,0.001000,0.001000,0.001000,0.001000
1025.230769,0.035801,0.001000,0.001000,0.001000,0.001000,0.001000
1025.250000,0.034891,0.001000,0.001000,0.001000,0.001000,0.001000
1025.269231,0.033958,0.001000,0.001000,0.001000,0.001000,0.001000
1025.288462,0.033003,0.001000,0.001000,0.001000,0.001000,0.001000
1025.307692,0.032026,0.001000,0.001000,0.001000,0.001000,0.001000
1025.326923,0.031027,0.001000,0.001000,0.001000,0.001000,0.001000
1025.346154,0.030008,0.001000,0.001000,0.001000,0.001000,0.001000
1025.365385,0.028969,0.001000,0.001000,0.001000,0.001000,0.001000
1025.384615,0.027911,0.001000,0.001000,0.001000,0.001000,0.001000
1025.403846,0.026835,0.001000,0.001000,0.001000,0.001000,0.001000
1025.423077,0.025740,0.001000,0.001000,0.001000,0.001000,0.001000
1025.442308,0.024629,0.001000,0.001000,0.001000,0.001000,0.001000
1025.461538,0.023501,0.001000,0.001000,0.001000,0.001000,0.001000
1025.480769,0.022358,0.001000,0.001000,0.001000,0.001000,0.001000
1025.500000,0.021200,0.001000,0.001000,0.001000,0.001000,0.001000
1025.519231,0.020028,0.001000,0.001000,0.001000,0.001000,0.001000
1025.538462,0.018842,0.001000,0.001000,0.001000,0.001000,0.001000
1025.557692,0.017645,0.001000,0.001000,0.001000,0.001000,0.001000
1025.576923,0.016435,0.001000,0.001000,0.001000,0.001000,0.001000
1025.596154,0.015215,0.001000,0.001000,0.001000,0.001000,0.001000
1025.615385,0.013984,0.001000,0.001000,0.001000,0.001000,0.001000
1025.634615,0.012745,0.001000,0.001000,0.001000,0.001000,0.001000
1025.653846,0.011496,0.001000,0.001000,0.001000,0.001000,0.001000
1025.673077,0.010241,0.001000,0.001000,0.001000,0.001000,0.001000
1025.692308,0.008978,0.001000,0.001000,0.001000,0.001000,0.001000
1025.711538,0.007710,0.001000,0.001000,0.001000,0.001000,0.001000
1025.730769,0.006436,0.001000,0.001000,0.001000,0.001000,0.001000
1025.750000,0.005158,0.001000,0.001000,0.001000,0.001000,0.001000
1025.769231,0.003877,0.001000,0.001000,0.001000,0.001000,0.001000
1025.788462,0.002593,0.001000,0.001000,0.001000,0.001000,0.001000
1025.807692,0.001308,0.001000,0.001000,0.001000,0.001000,0.001000
1025.826923,0.000021,0.001000,0.001000,0.001000,0.001000,0.001000
1025.846154,-0.001265,0.001000,0.001000,0.001000,0.001000,0.001000
1025.865385,-0.002551,0.001000,0.001000,0.001000,0.001000,0.001000
1025.884615,-0.003835,0.001000,0.001000,0.001000,0.001000,0.001000
1025.903846,-0.005116,0.001000,0.001000,0.001000,0.001000,0.001000
1025.923077,-0.006394,0.001000,0.001000,0.001000,0.001000,0.001000
1025.942308,-0.007668,0.001000,0.001000,0.001000,0.001000,0.001000
1025.961538,-0.008937,0.001000,0.001000,0.001000,0.001000,0.001000
1025.980769,-0.010199,0.001000,0.001000,0.001000,0.001000,0.001000
1026.000000,-0.011455,0.001000,0.001000,0.001000,0.001000,0.001000
1026.019231,-0.012704,0.001000,0.001000,0.001000,0.001000,0.001000
1026.038462,-0.013944,0.001000,0.001000,0.001000,0.001000,0.001000
1026.057692,-0.015174,0.001000,0.001000,0.001000,0.001000,0.001000
1026.076923,-0.016395,0.001000,0.001000,0.001000,0.001000,0.001000
1026.096154,-0.017605,0.001000,0.001000,0.001000,0.001000,0.001000
1026.115385,-0.018803,0.001000,0.001000,0.001000,0.001000,0.001000
1026.134615,-0.019989,0.001000,0.001000,0.001000,0.001000,0.001000
1026.153846,-0.021162,0.001000,0.001000,0.001000,0.001000,0.001000
1026.173077,-0.022320,0.001000,0.001000,0.001000,0.001000,0.001000
1026.192308,-0.023464,0.001000,0.001000,0.001000,0.001000,0.001000
1026.211538,-0.024592,0.001000,0.001000,0.001000,0.001000,0.001000
1026.230769,-0.025704,0.001000,0.001000,0.001000,0.001000,0.001000
1026.250000,-0.026799,0.001000,0.001000,0.001000,0.001000,0.001000
1026.269231,-0.027876,0.001000,0.001000,0.001000,0.001000,0.001000
1026.288462,-0.028935,0.001000,0.001000,0.001000,0.001000,0.001000
1026.307692,-0.029974,0.001000,0.001000,0.001000,0.001000,0.001000
1026.326923,-0.030994,0.001000,0.001000,0.001000,0.001000,0.001000
1026.346154,-0.031993,0.001000,0.001000,0.001000,0.001000,0.001000
1026.365385,-0.032971,0.001000,0.001000,0.001000,0.001000,0.001000
1026.384615,-0.033927,0.001000,0.001000,0.001000,0.001000,0.001000
1026.403846,-0.034861,0.001000,0.001000,0.001000,0.001000,0.001000
1026.423077,-0.035772,0.001000,0.001000,0.001000,0.001000,0.001000
1026.442308,-0.036659,0.001000,0.001000,0.001000,0.001000,0.001000
1026.461538,-0.037521,0.001000,0.001000,0.001000,0.001000,0.001000
1026.480769,-0.038359,0.001000,0.001000,0.001000,0.001000,0.001000
1026.500000,-0.039172,0.001000,0.001000,0.001000,0.001000,0.001000
1026.519231,-0.039958,0.001000,0.001000,0.001000,0.001000,0.001000
1026.538462,-0.040718,0.001000,0.001000,0.001000,0.001000,0.001000
1026.557692,-0.041451,0.001000,0.001000,0.001000,0.001000,0.001000
1026.576923,-0.042157,0.001000,0.001000,0.001000,0.001000,0.001000
1026.596154,-0.042835,0.001000,0.001000,0.001000,0.001000,0.001000
1026.615385,-0.043484,0.001000,0.001000,0.001000,0.001000,0.001000
1026.634615,-0.044105,0.001000,0.001000,0.001000,0.001000,0.001000
1026.653846,-0.044696,0.001000,0.001000,0.001000,0.001000,0.001000
1026.673077,-0.045258,0.001000,0.001000,0.001000,0.001000,0.001000
1026.692308,-0.045790,0.001000,0.001000,0.001000,0.001000,0.001000
1026.711538,-0.046291,0.001000,0.001000,0.001000,0.001000,0.001000
1026.730769,-0.046762,0.001000,0.001000,0.001000,0.001000,0.001000
1026.750000,-0.047202,0.001000,0.001000,0.001000,0.001000,0.001000
1026.769231,-0.047611,0.001000,0.001000,0.001000,0.001000,0.001000
1026.788462,-0.047988,0.001000,0.001000,0.001000,0.001000,0.001000
1026.807692,-0.048333,0.001000,0.001000,0.001000,0.001000,0.001000
1026.826923,-0.048647,0.001000,0.001000,0.001000,0.001000,0.001000
1026.846154,-0.048928,0.001000,0.001000,0.001000,0.001000,0.001000
1026.865385,-0.049177,0.001000,0.001000,0.001000,0.001000,0.001000
1026.884615,-0.049393,0.001000,0.001000,0.001000,0.001000,0.001000
1026.903846,-0.049576,0.001000,0.001000,0.001000,0.001000,0.001000
1026.923077,-0.049727,0.001000,0.001000,0.001000,0.001000,0.001000
1026.942308,-0.049845,0.001000,0.001000,0.001000,0.001000,0.001000
1026.961538,-0.049930,0.001000,0.001000,0.001000,0.001000,0.001000
1026.980769,-0.049981,0.001000,0.001000,0.001000,0.001000,0.001000
1027.000000,-0.050000,0.001000,0.001000,0.001000,0.001000,0.001000
1027.019231,-0.049985,0.001000,0.001000,0.001000,0.001000,0.001000
1027.038462,-0.049938,0.001000,0.001000,0.001000,0.001000,0.001000
1027.057692,-0.049857,0.001000,0.001000,0.001000,0.001000,0.001000
1027.076923,-0.049744,0.001000,0.001000,0.001000,0.001000,0.001000
1027.096154,-0.049597,0.001000,0.001000,0.001000,0.001000,0.001000
1027.115385,-0.049418,0.001000,0.001000,0.001000,0.001000,0.001000
1027.134615,-0.049205,0.001000,0.001000,0.001000,0.001000,0.001000
1027.153846,-0.048961,0.001000,0.001000,0.001000,0.001000,0.001000
1027.173077,-0.048684,0.001000,0.001000,0.001000,0.001000,0.001000
1027.192308,-0.048374,0.001000,0.001000,0.001000,0.001000,0.001000
1027.211538,-0.048033,0.001000,0.001000,0.001000,0.001000,0.001000
1027.230769,-0.047660,0.001000,0.001000,0.001000,0.001000,0.001000
1027.250000,-0.047255,0.001000,0.001000,0.001000,0.001000,0.001000
1027.269231,-0.046819,0.001000,0.001000,0.001000,0.001000,0.001000
1027.288462,-0.046352,0.001000,0.001000,0.001000,0.001000,0.001000
1027.307692,-0.045854,0.001000,0.001000,0.001000,0.001000,0.001000
1027.326923,-0.045326,0.001000,0.001000,0.001000,0.001000,0.001000
1027.346154,-0.044768,0.001000,0.001000,0.001000,0.001000,0.001000
1027.365385,-0.044180,0.001000,0.001000,0.001000,0.001000,0.001000
1027.384615,-0.043563,0.001000,0.001000,0.001000,0.001000,0.001000
1027.403846,-0.042918,0.001000,0.001000,0.001000,0.001000,0.001000
1027.423077,-0.042243,0.001000,0.001000,0.001000,0.001000,0.001000
1027.442308,-0.041541,0.001000,0.001000,0.001000,0.001000,0.001000
1027.461538,-0.040812,0.001000,0.001000,0.001000,0.001000,0.001000
1027.480769,-0.040055,0.001000,0.001000,0.001000,0.001000,0.001000
1027.500000,-0.039272,0.001000,0.001000,0.001000,0.001000,0.001000
1027.519231,-0.038462,0.001000,0.001000,0.001000,0.001000,0.001000
1027.538462,-0.037628,0.001000,0.001000,0.001000,0.001000,0.001000
1027.557692,-0.036768,0.001000,0.001000,0.001000,0.001000,0.001000
1027.576923,-0.035884,0.001000,0.001000,0.001000,0.001000,0.001000
1027.596154,-0.034976,0.001000,0.001000,0.001000,0.001000,0.001000
1027.615385,-0.034046,0.001000,0.001000,0.001000,0.001000,0.001000
1027.634615,-0.033092,0.001000,0.001000,0.001000,0.001000,0.001000
1027.653846,-0.032117,0.001000,0.001000,0.001000,0.001000,0.001000
1027.673077,-0.031120,0.001000,0.001000,0.001000,0.001000,0.001000
1027.692308,-0.030103,0.001000,0.001000,0.001000,0.001000,0.001000
1027.711538,-0.029066,0.001000,0.001000,0.001000,0.001000,0.001000
1027.730769,-0.028010,0.001000,0.001000,0.001000,0.001000,0.001000
1027.750000,-0.026935,0.001000,0.001000,0.001000,0.001000,0.001000
1027.769231,-0.025842,0.001000,0.001000,0.001000,0.001000,0.001000
1027.788462,-0.024732,0.001000,0.001000,0.001000,0.001000,0.001000
1027.807692,-0.023606,0.001000,0.001000,0.001000,0.001000,0.001000
1027.826923,-0.022464,0.001000,0.001000,0.001000,0.001000,0.001000
1027.846154,-0.021307,0.001000,0.001000,0.001000,0.001000,0.001000
1027.865385,-0.020137,0.001000,0.001000,0.001000,0.001000,0.001000
1027.884615,-0.018953,0.001000,0.001000,0.001000,0.001000,0.001000
1027.903846,-0.017756,0.001000,0.001000,0.001000,0.001000,0.001000
1027.923077,-0.016547,0.001000,0.001000,0.001000,0.001000,0.001000
1027.942308,-0.015328,0.001000,0.001000,0.001000,0.001000,0.001000
1027.961538,-0.014098,0.001000,0.001000,0.001000,0.001000,0.001000
1027.980769,-0.012860,0.001000,0.001000,0.001000,0.001000,0.001000
1028.000000,-0.011612,0.001000,0.001000,0.001000,0.001000,0.001000
1028.019231,-0.010357,0.001000,0.001000,0.001000,0.001000,0.001000
1028.038462,-0.009095,0.001000,0.001000,0.001000,0.001000,0.001000
1028.057692,-0.007827,0.001000,0.001000,0.001000,0.001000,0.001000
1028.076923,-0.006554,0.001000,0.001000,0.001000,0.001000,0.001000
1028.096154,-0.005276,0.001000,0.001000,0.001000,0.001000,0.001000
1028.115385,-0.003995,0.001000,0.001000,0.001000,0.001000,0.001000
1028.134615,-0.002712,0.001000,0.001000,0.001000,0.001000,0.001000
1028.153846,-0.001426,0.001000,0.001000,0.001000,0.001000,0.001000
1028.173077,-0.000140,0.001000,0.001000,0.001000,0.001000,0.001000
1028.192308,0.001146,0.001000,0.001000,0.001000,0.001000,0.001000
1028.211538,0.002432,0.001000,0.001000,0.001000,0.001000,0.001000
1028.230769,0.003716,0.001000,0.001000,0.001000,0.001000,0.001000
1028.250000,0.004998,0.001000,0.001000,0.001000,0.001000,0.001000
1028.269231,0.006276,0.001000,0.001000,0.001000,0.001000,0.001000
1028.288462,0.007550,0.001000,0.001000,0.001000,0.001000,0.001000
1028.307692,0.008820,0.001000,0.001000,0.001000,0.001000,0.001000
1028.326923,0.010083,0.001000,0.001000,0.001000,0.001000,0.001000
1028.346154,0.011340,0.001000,0.001000,0.001000,0.001000,0.001000
1028.365385,0.012589,0.001000,0.001000,0.001000,0.001000,0.001000
1028.384615,0.013829,0.001000,0.001000,0.001000,0.001000,0.001000
1028.403846,0.015061,0.001000,0.001000,0.001000,0.001000,0.001000
1028.423077,0.016283,0.001000,0.001000,0.001000,0.001000,0.001000
1028.442308,0.017494,0.001000,0.001000,0.001000,0.001000,0.001000
1028.461538,0.018693,0.001000,0.001000,0.001000,0.001000,0.001000
1028.480769,0.019880,0.001000,0.001000,0.001000,0.001000,0.001000
1028.500000,0.021054,0.001000,0.001000,0.001000,0.001000,0.001000
1028.519231,0.022214,0.001000,0.001000,0.001000,0.001000,0.001000
1028.538462,0.023359,0.001000,0.001000,0.001000,0.001000,0.001000
1028.557692,0.024488,0.001000,0.001000,0.001000,0.001000,0.001000
1028.576923,0.025602,0.001000,0.001000,0.001000,0.001000,0.001000
1028.596154,0.026698,0.001000,0.001000,0.001000,0.001000,0.001000
1028.615385,0.027777,0.001000,0.001000,0.001000,0.001000,0.001000
1028.634615,0.028838,0.001000,0.001000,0.001000,0.001000,0.001000
1028.653846,0.029879,0.001000,0.001000,0.001000,0.001000,0.001000
1028.673077,0.030901,0.001000,0.001000,0.001000,0.001000,0.001000
1028.692308,0.031902,0.001000,0.001000,0.001000,0.001000,0.001000
1028.711538,0.032882,0.001000,0.001000,0.001000,0.001000,0.001000
1028.730769,0.033840,0.001000,0.001000,0.001000,0.001000,0.001000
1028.750000,0.034776,0.001000,0.001000,0.001000,0.001000,0.001000
1028.769231,0.035689,0.001000,0.001000,0.001000,0.001000,0.001000
1028.788462,0.036578,0.001000,0.001000,0.001000,0.001000,0.001000
1028.807692,0.037443,0.001000,0.001000,0.001000,0.001000,0.001000
1028.826923,0.038283,0.001000,0.001000,0.001000,0.001000,0.001000
1028.846154,0.039098,0.001000,0.001000,0.001000,0.001000,0.001000
1028.865385,0.039887,0.001000,0.001000,0.001000,0.001000,0.001000
1028.884615,0.040649,0.001000,0.001000,0.001000,0.001000,0.001000
1028.903846,0.041385,0.001000,0.001000,0.001000,0.001000,0.001000
1028.923077,0.042093,0.001000,0.001000,0.001000,0.001000,0.001000
1028.942308,0.042773,0.001000,0.001000,0.001000,0.001000,0.001000
1028.961538,0.043425,0.001000,0.001000,0.001000,0.001000,0.001000
1028.980769,0.044049,0.001000,0.001000,0.001000,0.001000,0.001000
1029.000000,0.044643,0.001000,0.001000,0.001000,0.001000,0.001000
1029.019231,0.045207,0.001000,0.001000,0.001000,0.001000,0.001000
1029.038462,0.045742,0.001000,0.001000,0.001000,0.001000,0.001000
1029.057692,0.046246,0.001000,0.001000,0.001000,0.001000,0.001000
1029.076923,0.046720,0.001000,0.001000,0.001000,0.001000,0.001000
1029.096154,0.047163,0.001000,0.001000,0.001000,0.001000,0.001000
1029.115385,0.047574,0.001000,0.001000,0.001000,0.001000,0.001000
1029.134615,0.047954,0.001000,0.001000,0.001000,0.001000,0.001000
1029.153846,0.048303,0.001000,0.001000,0.001000,0.001000,0.001000
1029.173077,0.048619,0.001000,0.001000,0.001000,0.001000,0.001000
1029.192308,0.048903,0.001000,0.001000,0.001000,0.001000,0.001000
1029.211538,0.049155,0.001000,0.001000,0.001000,0.001000,0.001000
1029.230769,0.049374,0.001000,0.001000,0.001000,0.001000,0.001000
1029.250000,0.049561,0.001000,0.001000,0.001000,0.001000,0.001000
1029.269231,0.049715,0.001000,0.001000,0.001000,0.001000,0.001000
1029.288462,0.049835,0.001000,0.001000,0.001000,0.001000,0.001000
1029.307692,0.049923,0.001000,0.001000,0.001000,0.001000,0.001000
1029.326923,0.049978,0.001000,0.001000,0.001000,0.001000,0.001000
1029.346154,0.050000,0.001000,0.001000,0.001000,0.001000,0.001000
1029.365385,0.049988,0.001000,0.001000,0.001000,0.001000,0.001000
1029.384615,0.049944,0.001000,0.001000,0.001000,0.001000,0.001000
1029.403846,0.049866,0.001000,0.001000,0.001000,0.001000,0.001000
1029.423077,0.049755,0.001000,0.001000,0.001000,0.001000,0.001000
1029.442308,0.049612,0.001000,0.001000,0.001000,0.001000,0.001000
1029.461538,0.049436,0.001000,0.001000,0.001000,0.001000,0.001000
1029.480769,0.049226,0.001000,0.001000,0.001000,0.001000,0.001000
1029.500000,0.048985,0.001000,0.001000,0.001000,0.001000,0.001000
1029.519231,0.048711,0.001000,0.001000,0.001000,0.001000,0.001000
1029.538462,0.048404,0.001000,0.001000,0.001000,0.001000,0.001000
1029.557692,0.048066,0.001000,0.001000,0.001000,0.001000,0.001000
1029.576923,0.047696,0.001000,0.001000,0.001000,0.001000,0.001000
1029.596154,0.047294,0.001000,0.001000,0.001000,0.001000,0.001000
1029.615385,0.046861,0.001000,0.001000,0.001000,0.001000,0.001000
1029.634615,0.046396,0.001000,0.001000,0.001000,0.001000,0.001000
1029.653846,0.045902,0.001000,0.001000,0.001000,0.001000,0.001000
1029.673077,0.045376,0.001000,0.001000,0.001000,0.001000,0.001000
1029.692308,0.044821,0.001000,0.001000,0.001000,0.001000,0.001000
1029.711538,0.044236,0.001000,0.001000,0.001000,0.001000,0.001000
1029.730769,0.043622,0.001000,0.001000,0.001000,0.001000,0.001000
1029.750000,0.042979,0.001000,0.001000,0.001000,0.001000,0.001000
1029.769231,0.042307,0.001000,0.001000,0.001000,0.001000,0.001000
1029.788462,0.041607,0.001000,0.001000,0.001000,0.001000,0.001000
1029.807692,0.040880,0.001000,0.001000,0.001000,0.001000,0.001000
1029.826923,0.040126,0.001000,0.001000,0.001000,0.001000,0.001000
1029.846154,0.039345,0.001000,0.001000,0.001000,0.001000,0.001000
1029.865385,0.038538,0.001000,0.001000,0.001000,0.001000,0.001000
1029.884615,0.037706,0.001000,0.001000,0.001000,0.001000,0.001000
1029.903846,0.036849,0.001000,0.001000,0.001000,0.001000,0.001000
1029.923077,0.035967,0.001000,0.001000,0.001000,0.001000,0.001000
1029.942308,0.035061,0.001000,0.001000,0.001000,0.001000,0.001000
1029.961538,0.034133,0.001000,0.001000,0.001000,0.001000,0.001000
1029.980769,0.033181,0.001000,0.001000,0.001000,0.001000,0.001000
1030.000000,0.000000,0.001000,0.001000,0.001000,0.001000,0.001000
1030.019231,0.001274,0.001000,0.001000,0.001000,0.001000,0.001000
1030.038462,0.002547,0.001000,0.001000,0.001000,0.001000,0.001000
1030.057692,0.003818,0.001000,0.001000,0.001000,0.001000,0.001000
1030.076923,0.005087,0.001000,0.001000,0.001000,0.001000,0.001000
1030.096154,0.006352,0.001000,0.001000,0.001000,0.001000,0.001000
1030.115385,0.007614,0.001000,0.001000,0.001000,0.001000,0.001000
1030.134615,0.008870,0.001000,0.001000,0.001000,0.001000,0.001000
1030.153846,0.010121,0.001000,0.001000,0.001000,0.001000,0.001000
1030.173077,0.011365,0.001000,0.001000,0.001000,0.001000,0.001000
1030.192308,0.012602,0.001000,0.001000,0.001000,0.001000,0.001000
1030.211538,0.013830,0.001000,0.001000,0.001000,0.001000,0.001000
1030.230769,0.015050,0.001000,0.001000,0.001000,0.001000,0.001000
1030.250000,0.016260,0.001000,0.001000,0.001000,0.001000,0.001000
1030.269231,0.017459,0.001000,0.001000,0.001000,0.001000,0.001000
1030.288462,0.018647,0.001000,0.001000,0.001000,0.001000,0.001000
1030.307692,0.019823,0.001000,0.001000,0.001000,0.001000,0.001000
1030.326923,0.020986,0.001000,0.001000,0.001000,0.001000,0.001000
1030.346154,0.022135,0.001000,0.001000,0.001000,0.001000,0.001000
1030.365385,0.023270,0.001000,0.001000,0.001000,0.001000,0.001000
1030.384615,0.024390,0.001000,0.001000,0.001000,0.001000,0.001000
1030.403846,0.025494,0.001000,0.001000,0.001000,0.001000,0.001000
1030.423077,0.026581,0.001000,0.001000,0.001000,0.001000,0.001000
1030.442308,0.027652,0.001000,0.001000,0.001000,0.001000,0.001000
1030.461538,0.028704,0.001000,0.001000,0.001000,0.001000,0.001000
1030.480769,0.029738,0.001000,0.001000,0.001000,0.001000,0.001000
1030.500000,0.030752,0.001000,0.001000,0.001000,0.001000,0.001000
1030.519231,0.031746,0.001000,0.001000,0.001000,0.001000,0.001000
1030.538462,0.032720,0.001000,0.001000,0.001000,0.001000,0.001000
1030.557692,0.033673,0.001000,0.001000,0.001000,0.001000,0.001000
1030.576923,0.034603,0.001000,0.001000,0.001000,0.001000,0.001000
1030.596154,0.035512,0.001000,0.001000,0.001000,0.001000,0.001000
1030.615385,0.036397,0.001000,0.001000,0.001000,0.001000,0.001000
1030.634615,0.037258,0.001000,0.001000,0.001000,0.001000,0.001000
1030.653846,0.038096,0.001000,0.001000,0.001000,0.001000,0.001000
1030.673077,0.038908,0.001000,0.001000,0.001000,0.001000,0.001000
1030.692308,0.039696,0.001000,0.001000,0.001000,0.001000,0.001000
1030.711538,0.040457,0.001000,0.001000,0.001000,0.001000,0.001000
1030.730769,0.041193,0.001000,0.001000,0.001000,0.001000,0.001000
1030.750000,0.041901,0.001000,0.001000,0.001000,0.001000,0.001000
1030.769231,0.042583,0.001000,0.001000,0.001000,0.001000,0.001000
1030.788462,0.043236,0.001000,0.001000,0.001000,0.001000,0.001000
1030.807692,0.043862,0.001000,0.001000,0.001000,0.001000,0.001000
1030.826923,0.044459,0.001000,0.001000,0.001000,0.001000,0.001000
1030.846154,0.045028,0.001000,0.001000,0.001000,0.001000,0.001000
1030.865385,0.045567,0.001000,0.001000,0.001000,0.001000,0.001000
1030.884615,0.046076,0.001000,0.001000,0.001000,0.001000,0.001000
1030.903846,0.046556,0.001000,0.001000,0.001000,0.001000,0.001000
1030.923077,0.047006,0.001000,0.001000,0.001000,0.001000,0.001000
1030.942308,0.047425,0.001000,0.001000,0.001000,0.001000,0.001000
1030.961538,0.047813,0.001000,0.001000,0.001000,0.001000,0.001000
1030.980769,0.048170,0.001000,0.001000,0.001000,0.001000,0.001000
1031.000000,0.048496,0.001000,0.001000,0.001000,0.001000,0.001000
1031.019231,0.048790,0.001000,0.001000,0.001000,0.001000,0.001000
1031.038462,0.049053,0.001000,0.001000,0.001000,0.001000,0.001000
1031.057692,0.049284,0.001000,0.001000,0.001000,0.001000,0.001000
1031.076923,0.049482,0.001000,0.001000,0.001000,0.001000,0.001000
1031.096154,0.049649,0.001000,0.001000,0.001000,0.001000,0.001000
1031.115385,0.049784,0.001000,0.001000,0.001000,0.001000,0.001000
1031.134615,0.049886,0.001000,0.001000,0.001000,0.001000,0.001000
1031.153846,0.049956,0.001000,0.001000,0.001000,0.001000,0.001000
1031.173077,0.049993,0.001000,0.001000,0.001000,0.001000,0.001000
1031.192308,0.049998,0.001000,0.001000,0.001000,0.001000,0.001000
1031.211538,0.049971,0.001000,0.001000,0.001000,0.001000,0.001000
1031.230769,0.049911,0.001000,0.001000,0.001000,0.001000,0.001000
1031.250000,0.049818,0.001000,0.001000,0.001000,0.001000,0.001000
1031.269231,0.049694,0.001000,0.001000,0.001000,0.001000,0.001000
1031.288462,0.049537,0.001000,0.001000,0.001000,0.001000,0.001000
1031.307692,0.049348,0.001000,0.001000,0.001000,0.001000,0.001000
1031.326923,0.049126,0.001000,0.001000,0.001000,0.001000,0.001000
1031.346154,0.048873,0.001000,0.001000,0.001000,0.001000,0.001000
1031.365385,0.048589,0.001000,0.001000,0.001000,0.001000,0.001000
1031.384615,0.048272,0.001000,0.001000,0.001000,0.001000,0.001000
1031.403846,0.047925,0.001000,0.001000,0.001000,0.001000,0.001000
1031.423077,0.047546,0.001000,0.001000,0.001000,0.001000,0.001000
1031.442308,0.047136,0.001000,0.001000,0.001000,0.001000,0.001000
1031.461538,0.046696,0.001000,0.001000,0.001000,0.001000,0.001000
1031.480769,0.046226,0.001000,0.001000,0.001000,0.001000,0.001000
1031.500000,0.045725,0.001000,0.001000,0.001000,0.001000,0.001000
1031.519231,0.045195,0.001000,0.001000,0.001000,0.001000,0.001000
1031.538462,0.044636,0.001000,0.001000,0.001000,0.001000,0.001000
1031.557692,0.044047,0.001000,0.001000,0.001000,0.001000,0.001000
1031.576923,0.043430,0.001000,0.001000,0.001000,0.001000,0.001000
1031.596154,0.042785,0.001000,0.001000,0.001000,0.001000,0.001000
1031.615385,0.042112,0.001000,0.001000,0.001000,0.001000,0.001000
1031.634615,0.041411,0.001000,0.001000,0.001000,0.001000,0.001000
1031.653846,0.040684,0.001000,0.001000,0.001000,0.001000,0.001000
1031.673077,0.039931,0.001000,0.001000,0.001000,0.001000,0.001000
1031.692308,0.039151,0.001000,0.001000,0.001000,0.001000,0.001000
1031.711538,0.038346,0.001000,0.001000,0.001000,0.001000,0.001000
1031.730769,0.037516,0.001000,0.001000,0.001000,0.001000,0.001000
1031.750000,0.036662,0.001000,0.001000,0.001000,0.001000,0.001000
1031.769231,0.035784,0.001000,0.001000,0.001000,0.001000,0.001000
1031.788462,0.034883,0.001000,0.001000,0.001000,0.001000,0.001000
1031.807692,0.033959,0.001000,0.001000,0.001000,0.001000,0.001000
1031.826923,0.033013,0.001000,0.001000,0.001000,0.001000,0.001000
1031.846154,0.032045,0.001000,0.001000,0.001000,0.001000,0.001000
1031.865385,0.031057,0.001000,0.001000,0.001000,0.001000,0.001000
1031.884615,0.030049,0.001000,0.001000,0.001000,0.001000,0.001000
1031.903846,0.029021,0.001000,0.001000,0.001000,0.001000,0.001000
1031.923077,0.027974,0.001000,0.001000,0.001000,0.001000,0.001000
1031.942308,0.026909,0.001000,0.001000,0.001000,0.001000,0.001000
1031.961538,0.025827,0.001000,0.001000,0.001000,0.001000,0.001000
1031.980769,0.024728,0.001000,0.001000,0.001000,0.001000,0.001000
1032.000000,0.023613,0.001000,0.001000,0.001000,0.001000,0.001000
1032.019231,0.022483,0.001000,0.001000,0.001000,0.001000,0.001000
1032.038462,0.021337,0.001000,0.001000,0.001000,0.001000,0.001000
1032.057692,0.020179,0.001000,0.001000,0.001000,0.001000,0.001000
1032.076923,0.019007,0.001000,0.001000,0.001000,0.001000,0.001000
1032.096154,0.017822,0.001000,0.001000,0.001000,0.001000,0.001000
1032.115385,0.016626,0.001000,0.001000,0.001000,0.001000,0.001000
1032.134615,0.015420,0.001000,0.001000,0.001000,0.001000,0.001000
1032.153846,0.014203,0.001000,0.001000,0.001000,0.001000,0.001000
1032.173077,0.012977,0.001000,0.001000,0.001000,0.001000,0.001000
1032.192308,0.011743,0.001000,0.001000,0.001000,0.001000,0.001000
1032.211538,0.010501,0.001000,0.001000,0.001000,0.001000,0.001000
1032.230769,0.009252,0.001000,0.001000,0.001000,0.001000,0.001000
1032.250000,0.007997,0.001000,0.001000,0.001000,0.001000,0.001000
1032.269231,0.006737,0.001000,0.001000,0.001000,0.001000,0.001000
1032.288462,0.005473,0.001000,0.001000,0.001000,0.001000,0.001000
1032.307692,0.004205,0.001000,0.001000,0.001000,0.001000,0.001000
1032.326923,0.002934,0.001000,0.001000,0.001000,0.001000,0.001000
1032.346154,0.001662,0.001000,0.001000,0.001000,0.001000,0.001000
1032.365385,0.000388,0.001000,0.001000,0.001000,0.001000,0.001000
1032.384615,-0.000886,0.001000,0.001000,0.001000,0.001000,0.001000
1032.403846,-0.002159,0.001000,0.001000,0.001000,0.001000,0.001000
1032.423077,-0.003431,0.001000,0.001000,0.001000,0.001000,0.001000
1032.442308,-0.004700,0.001000,0.001000,0.001000,0.001000,0.001000
1032.461538,-0.005967,0.001000,0.001000,0.001000,0.001000,0.001000
1032.480769,-0.007230,0.001000,0.001000,0.001000,0.001000,0.001000
1032.500000,-0.008488,0.001000,0.001000,0.001000,0.001000,0.001000
1032.519231,-0.009740,0.001000,0.001000,0.001000,0.001000,0.001000
1032.538462,-0.010987,0.001000,0.001000,0.001000,0.001000,0.001000
1032.557692,-0.012226,0.001000,0.001000,0.001000,0.001000,0.001000
1032.576923,-0.013457,0.001000,0.001000,0.001000,0.001000,0.001000
1032.596154,-0.014679,0.001000,0.001000,0.001000,0.001000,0.001000
1032.615385,-0.015892,0.001000,0.001000,0.001000,0.001000,0.001000
1032.634615,-0.017095,0.001000,0.001000,0.001000,0.001000,0.001000
1032.653846,-0.018286,0.001000,0.001000,0.001000,0.001000,0.001000
1032.673077,-0.019466,0.001000,0.001000,0.001000,0.001000,0.001000
1032.692308,-0.020633,0.001000,0.001000,0.001000,0.001000,0.001000
1032.711538,-0.021786,0.001000,0.001000,0.001000,0.001000,0.001000
1032.730769,-0.022926,0.001000,0.001000,0.001000,0.001000,0.001000
1032.750000,-0.024050,0.001000,0.001000,0.001000,0.001000,0.001000
1032.769231,-0.025159,0.001000,0.001000,0.001000,0.001000,0.001000
1032.788462,-0.026252,0.001000,0.001000,0.001000,0.001000,0.001000
1032.807692,-0.027327,0.001000,0.001000,0.001000,0.001000,0.001000
1032.826923,-0.028385,0.001000,0.001000,0.001000,0.001000,0.001000
1032.846154,-0.029425,0.001000,0.001000,0.001000,0.001000,0.001000
1032.865385,-0.030445,0.001000,0.001000,0.001000,0.001000,0.001000
1032.884615,-0.031445,0.001000,0.001000,0.001000,0.001000,0.001000
1032.903846,-0.032426,0.001000,0.001000,0.001000,0.001000,0.001000
1032.923077,-0.033385,0.001000,0.001000,0.001000,0.001000,0.001000
1032.942308,-0.034322,0.001000,0.001000,0.001000,0.001000,0.001000
1032.961538,-0.035237,0.001000,0.001000,0.001000,0.001000,0.001000
1032.980769,-0.036129,0.001000,0.001000,0.001000,0.001000,0.001000
1033.000000,-0.036998,0.001000,0.001000,0.001000,0.001000,0.001000
1033.019231,-0.037843,0.001000,0.001000,0.001000,0.001000,0.001000
1033.038462,-0.038663,0.001000,0.001000,0.001000,0.001000,0.001000
1033.057692,-0.039458,0.001000,0.001000,0.001000,0.001000,0.001000
1033.076923,-0.040228,0.001000,0.001000,0.001000,0.001000,0.001000
1033.096154,-0.040971,0.001000,0.001000,0.001000,0.001000,0.001000
1033.115385,-0.041688,0.001000,0.001000,0.001000,0.001000,0.001000
1033.134615,-0.042378,0.001000,0.001000,0.001000,0.001000,0.001000
1033.153846,-0.043040,0.001000,0.001000,0.001000,0.001000,0.001000
1033.173077,-0.043674,0.001000,0.001000,0.001000,0.001000,0.001000
1033.192308,-0.044280,0.001000,0.001000,0.001000,0.001000,0.001000
1033.211538,-0.044858,0.001000,0.001000,0.001000,0.001000,0.001000
1033.230769,-0.045406,0.001000,0.001000,0.001000,0.001000,0.001000
1033.250000,-0.045924,0.001000,0.001000,0.001000,0.001000,0.001000
1033.269231,-0.046413,0.001000,0.001000,0.001000,0.001000,0.001000
1033.288462,-0.046872,0.001000,0.001000,0.001000,0.001000,0.001000
1033.307692,-0.047300,0.001000,0.001000,0.001000,0.001000,0.001000
1033.326923,-0.047698,0.001000,0.001000,0.001000,0.001000,0.001000
1033.346154,-0.048064,0.001000,0.001000,0.001000,0.001000,0.001000
1033.365385,-0.048400,0.001000,0.001000,0.001000,0.001000,0.001000
1033.384615,-0.048704,0.001000,0.001000,0.001000,0.001000,0.001000
1033.403846,-0.048976,0.001000,0.001000,0.001000,0.001000,0.001000
1033.423077,-0.049217,0.001000,0.001000,0.001000,0.001000,0.001000
1033.442308,-0.049425,0.001000,0.001000,0.001000,0.001000,0.001000
1033.461538,-0.049602,0.001000,0.001000,0.001000,0.001000,0.001000
1033.480769,-0.049746,0.001000,0.001000,0.001000,0.001000,0.001000
1033.500000,-0.049858,0.001000,0.001000,0.001000,0.001000,0.001000
1033.519231,-0.049938,0.001000,0.001000,0.001000,0.001000,0.001000
1033.538462,-0.049985,0.001000,0.001000,0.001000,0.001000,0.001000
1033.557692,-0.050000,0.001000,0.001000,0.001000,0.001000,0.001000
1033.576923,-0.049982,0.001000,0.001000,0.001000,0.001000,0.001000
1033.596154,-0.049932,0.001000,0.001000,0.001000,0.001000,0.001000
1033.615385,-0.049850,0.001000,0.001000,0.001000,0.001000,0.001000
1033.634615,-0.049735,0.001000,0.001000,0.001000,0.001000,0.001000
1033.653846,-0.049588,0.001000,0.001000,0.001000,0.001000,0.001000
1033.673077,-0.049409,0.001000,0.001000,0.001000,0.001000,0.001000
1033.692308,-0.049197,0.001000,0.001000,0.001000,0.001000,0.001000
1033.711538,-0.048954,0.001000,0.001000,0.001000,0.001000,0.001000
1033.730769,-0.048679,0.001000,0.001000,0.001000,0.001000,0.001000
1033.750000,-0.048372,0.001000,0.001000,0.001000,0.001000,0.001000
1033.769231,-0.048034,0.001000,0.001000,0.001000,0.001000,0.001000
1033.788462,-0.047665,0.001000,0.001000,0.001000,0.001000,0.001000
1033.807692,-0.047265,0.001000,0.001000,0.001000,0.001000,0.001000
1033.826923,-0.046834,0.001000,0.001000,0.001000,0.001000,0.001000
1033.846154,-0.046372,0.001000,0.001000,0.001000,0.001000,0.001000
1033.865385,-0.045881,0.001000,0.001000,0.001000,0.001000,0.001000
1033.884615,-0.045360,0.001000,0.001000,0.001000,0.001000,0.001000
1033.903846,-0.044809,0.001000,0.001000,0.001000,0.001000,0.001000
1033.923077,-0.044230,0.001000,0.001000,0.001000,0.001000,0.001000
1033.942308,-0.043621,0.001000,0.001000,0.001000,0.001000,0.001000
1033.961538,-0.042984,0.001000,0.001000,0.001000,0.001000,0.001000
1033.980769,-0.042320,0.001000,0.001000,0.001000,0.001000,0.001000
1034.000000,-0.041628,0.001000,0.001000,0.001000,0.001000,0.001000
1034.019231,-0.040909,0.001000,0.001000,0.001000,0.001000,0.001000
1034.038462,-0.040163,0.001000,0.001000,0.001000,0.001000,0.001000
1034.057692,-0.039391,0.001000,0.001000,0.001000,0.001000,0.001000
1034.076923,-0.038594,0.001000,0.001000,0.001000,0.001000,0.001000
1034.096154,-0.037772,0.001000,0.001000,0.001000,0.001000,0.001000
1034.115385,-0.036925,0.001000,0.001000,0.001000,0.001000,0.001000
1034.134615,-0.036054,0.001000,0.001000,0.001000,0.001000,0.001000
1034.153846,-0.035160,0.001000,0.001000,0.001000,0.001000,0.001000
1034.173077,-0.034243,0.001000,0.001000,0.001000,0.001000,0.001000
1034.192308,-0.033303,0.001000,0.001000,0.001000,0.001000,0.001000
1034.211538,-0.032342,0.001000,0.001000,0.001000,0.001000,0.001000
1034.230769,-0.031360,0.001000,0.001000,0.001000,0.001000,0.001000
1034.250000,-0.030358,0.001000,0.001000,0.001000,0.001000,0.001000
1034.269231,-0.029336,0.001000,0.001000,0.001000,0.001000,0.001000
1034.288462,-0.028295,0.001000,0.001000,0.001000,0.001000,0.001000
1034.307692,-0.027236,0.001000,0.001000,0.001000,0.001000,0.001000
1034.326923,-0.026159,0.001000,0.001000,0.001000,0.001000,0.001000
1034.346154,-0.025065,0.001000,0.001000,0.001000,0.001000,0.001000
1034.365385,-0.023954,0.001000,0.001000,0.001000,0.001000,0.001000
1034.384615,-0.022829,0.001000,0.001000,0.001000,0.001000,0.001000
1034.403846,-0.021688,0.001000,0.001000,0.001000,0.001000,0.001000
1034.423077,-0.020533,0.001000,0.001000,0.001000,0.001000,0.001000
1034.442308,-0.019365,0.001000,0.001000,0.001000,0.001000,0.001000
1034.461538,-0.018184,0.001000,0.001000,0.001000,0.001000,0.001000
1034.480769,-0.016992,0.001000,0.001000,0.001000,0.001000,0.001000
1034.500000,-0.015789,0.001000,0.001000,0.001000,0.001000,0.001000
1034.519231,-0.014575,0.001000,0.001000,0.001000,0.001000,0.001000
1034.538462,-0.013352,0.001000,0.001000,0.001000,0.001000,0.001000
1034.557692,-0.012120,0.001000,0.001000,0.001000,0.001000,0.001000
1034.576923,-0.010880,0.001000,0.001000,0.001000,0.001000,0.001000
1034.596154,-0.009633,0.001000,0.001000,0.001000,0.001000,0.001000
1034.615385,-0.008380,0.001000,0.001000,0.001000,0.001000,0.001000
1034.634615,-0.007122,0.001000,0.001000,0.001000,0.001000,0.001000
1034.653846,-0.005859,0.001000,0.001000,0.001000,0.001000,0.001000
1034.673077,-0.004592,0.001000,0.001000,0.001000,0.001000,0.001000
1034.692308,-0.003322,0.001000,0.001000,0.001000,0.001000,0.001000
1034.711538,-0.002050,0.001000,0.001000,0.001000,0.001000,0.001000
1034.730769,-0.000776,0.001000,0.001000,0.001000,0.001000,0.001000
1034.750000,0.000497,0.001000,0.001000,0.001000,0.001000,0.001000
1034.769231,0.001771,0.001000,0.001000,0.001000,0.001000,0.001000
1034.788462,0.003043,0.001000,0.001000,0.001000,0.001000,0.001000
1034.807692,0.004314,0.001000,0.001000,0.001000,0.001000,0.001000
1034.826923,0.005581,0.001000,0.001000,0.001000,0.001000,0.001000
1034.846154,0.006845,0.001000,0.001000,0.001000,0.001000,0.001000
1034.865385,0.008105,0.001000,0.001000,0.001000,0.001000,0.001000
1034.884615,0.009359,0.001000,0.001000,0.001000,0.001000,0.001000
1034.903846,0.010608,0.001000,0.001000,0.001000,0.001000,0.001000
1034.923077,0.011849,0.001000,0.001000,0.001000,0.001000,0.001000
1034.942308,0.013082,0.001000,0.001000,0.001000,0.001000,0.001000
1034.961538,0.014308,0.001000,0.001000,0.001000,0.001000,0.001000
1034.980769,0.015524,0.001000,0.001000,0.001000,0.001000,0.001000
1035.000000,0.016729,0.001000,0.001000,0.001000,0.001000,0.001000
1035.019231,0.017924,0.001000,0.001000,0.001000,0.001000,0.001000
1035.038462,0.019108,0.001000,0.001000,0.001000,0.001000,0.001000
1035.057692,0.020278,0.001000,0.001000,0.001000,0.001000,0.001000
1035.076923,0.021436,0.001000,0.001000,0.001000,0.001000,0.001000
1035.096154,0.022580,0.001000,0.001000,0.001000,0.001000,0.001000
1035.115385,0.023709,0.001000,0.001000,0.001000,0.001000,0.001000
1035.134615,0.024823,0.001000,0.001000,0.001000,0.001000,0.001000
1035.153846,0.025921,0.001000,0.001000,0.001000,0.001000,0.001000
1035.173077,0.027001,0.001000,0.001000,0.001000,0.001000,0.001000
1035.192308,0.028065,0.001000,0.001000,0.001000,0.001000,0.001000
1035.211538,0.029110,0.001000,0.001000,0.001000,0.001000,0.001000
1035.230769,0.030136,0.001000,0.001000,0.001000,0.001000,0.001000
1035.250000,0.031143,0.001000,0.001000,0.001000,0.001000,0.001000
1035.269231,0.032129,0.001000,0.001000,0.001000,0.001000,0.001000
1035.288462,0.033095,0.001000,0.001000,0.001000,0.001000,0.001000
1035.307692,0.034039,0.001000,0.001000,0.001000,0.001000,0.001000
1035.326923,0.034961,0.001000,0.001000,0.001000,0.001000,0.001000
1035.346154,0.035860,0.001000,0.001000,0.001000,0.001000,0.001000
1035.365385,0.036736,0.001000,0.001000,0.001000,0.001000,0.001000
1035.384615,0.037588,0.001000,0.001000,0.001000,0.001000,0.001000
1035.403846,0.038416,0.001000,0.001000,0.001000,0.001000,0.001000
1035.423077,0.039219,0.001000,0.001000,0.001000,0.001000,0.001000
1035.442308,0.039996,0.001000,0.001000,0.001000,0.001000,0.001000
1035.461538,0.040748,0.001000,0.001000,0.001000,0.001000,0.001000
1035.480769,0.041473,0.001000,0.001000,0.001000,0.001000,0.001000
1035.500000,0.042171,0.001000,0.001000,0.001000,0.001000,0.001000
1035.519231,0.042841,0.001000,0.001000,0.001000,0.001000,0.001000
1035.538462,0.043484,0.001000,0.001000,0.001000,0.001000,0.001000
1035.557692,0.044099,0.001000,0.001000,0.001000,0.001000,0.001000
1035.576923,0.044685,0.001000,0.001000,0.001000,0.001000,0.001000
1035.596154,0.045242,0.001000,0.001000,0.001000,0.001000,0.001000
1035.615385,0.045769,0.001000,0.001000,0.001000,0.001000,0.001000
1035.634615,0.046267,0.001000,0.001000,0.001000,0.001000,0.001000
1035.653846,0.046735,0.001000,0.001000,0.001000,0.001000,0.001000
1035.673077,0.047173,0.001000,0.001000,0.001000,0.001000,0.001000
1035.692308,0.047580,0.001000,0.001000,0.001000,0.001000,0.001000
1035.711538,0.047956,0.001000,0.001000,0.001000,0.001000,0.001000
1035.730769,0.048301,0.001000,0.001000,0.001000,0.001000,0.001000
1035.750000,0.048614,0.001000,0.001000,0.001000,0.001000,0.001000
1035.769231,0.048896,0.001000,0.001000,0.001000,0.001000,0.001000
1035.788462,0.049147,0.001000,0.001000,0.001000,0.001000,0.001000
1035.807692,0.049365,0.001000,0.001000,0.001000,0.001000,0.001000
1035.826923,0.049551,0.001000,0.001000,0.001000,0.001000,0.001000
1035.846154,0.049706,0.001000,0.001000,0.001000,0.001000,0.001000
1035.865385,0.049827,0.001000,0.001000,0.001000,0.001000,0.001000
1035.884615,0.049917,0.001000,0.001000,0.001000,0.001000,0.001000
1035.903846,0.049974,0.001000,0.001000,0.001000,0.001000,0.001000
1035.923077,0.049999,0.001000,0.001000,0.001000,0.001000,0.001000
1035.942308,0.049991,0.001000,0.001000,0.001000,0.001000,0.001000
1035.961538,0.049951,0.001000,0.001000,0.001000,0.001000,0.001000
1035.980769,0.049878,0.001000,0.001000,0.001000,0.001000,0.001000
1036.000000,0.049773,0.001000,0.001000,0.001000,0.001000,0.001000
1036.019231,0.049636,0.001000,0.001000,0.001000,0.001000,0.001000
1036.038462,0.049467,0.001000,0.001000,0.001000,0.001000,0.001000
1036.057692,0.049265,0.001000,0.001000,0.001000,0.001000,0.001000
1036.076923,0.049031,0.001000,0.001000,0.001000,0.001000,0.001000
1036.096154,0.048766,0.001000,0.001000,0.001000,0.001000,0.001000
1036.115385,0.048469,0.001000,0.001000,0.001000,0.001000,0.001000
1036.134615,0.048140,0.001000,0.001000,0.001000,0.001000,0.001000
1036.153846,0.047781,0.001000,0.001000,0.001000,0.001000,0.001000
1036.173077,0.047390,0.001000,0.001000,0.001000,0.001000,0.001000
1036.192308,0.046968,0.001000,0.001000,0.001000,0.001000,0.001000
1036.211538,0.046516,0.001000,0.001000,0.001000,0.001000,0.001000
1036.230769,0.046034,0.001000,0.001000,0.001000,0.001000,0.001000
1036.250000,0.045522,0.001000,0.001000,0.001000,0.001000,0.001000
1036.269231,0.044980,0.001000,0.001000,0.001000,0.001000,0.001000
1036.288462,0.044409,0.001000,0.001000,0.001000,0.001000,0.001000
1036.307692,0.043810,0.001000,0.001000,0.001000,0.001000,0.001000
1036.326923,0.043181,0.001000,0.001000,0.001000,0.001000,0.001000
1036.346154,0.042525,0.001000,0.001000,0.001000,0.001000,0.001000
1036.365385,0.041842,0.001000,0.001000,0.001000,0.001000,0.001000
1036.384615,0.041131,0.001000,0.001000,0.001000,0.001000,0.001000
1036.403846,0.040393,0.001000,0.001000,0.001000,0.001000,0.001000
1036.423077,0.039629,0.001000,0.001000,0.001000,0.001000,0.001000
1036.442308,0.038840,0.001000,0.001000,0.001000,0.001000,0.001000
1036.461538,0.038025,0.001000,0.001000,0.001000,0.001000,0.001000
1036.480769,0.037185,0.001000,0.001000,0.001000,0.001000,0.001000
1036.500000,0.036322,0.001000,0.001000,0.001000,0.001000,0.001000
1036.519231,0.035435,0.001000,0.001000,0.001000,0.001000,0.001000
1036.538462,0.034524,0.001000,0.001000,0.001000,0.001000,0.001000
1036.557692,0.033592,0.001000,0.001000,0.001000,0.001000,0.001000
1036.576923,0.032637,0.001000,0.001000,0.001000,0.001000,0.001000
1036.596154,0.031662,0.001000,0.001000,0.001000,0.001000,0.001000
1036.615385,0.030666,0.001000,0.001000,0.001000,0.001000,0.001000
1036.634615,0.029650,0.001000,0.001000,0.001000,0.001000,0.001000
1036.653846,0.028614,0.001000,0.001000,0.001000,0.001000,0.001000
1036.673077,0.027561,0.001000,0.001000,0.001000,0.001000,0.001000
1036.692308,0.026489,0.001000,0.001000,0.001000,0.001000,0.001000
1036.711538,0.025400,0.001000,0.001000,0.001000,0.001000,0.001000
1036.730769,0.024295,0.001000,0.001000,0.001000,0.001000,0.001000
1036.750000,0.023173,0.001000,0.001000,0.001000,0.001000,0.001000
1036.769231,0.022037,0.001000,0.001000,0.001000,0.001000,0.001000
1036.788462,0.020887,0.001000,0.001000,0.001000,0.001000,0.001000
1036.807692,0.019722,0.001000,0.001000,0.001000,0.001000,0.001000
1036.826923,0.018546,0.001000,0.001000,0.001000,0.001000,0.001000
1036.846154,0.017357,0.001000,0.001000,0.001000,0.001000,0.001000
1036.865385,0.016156,0.001000,0.001000,0.001000,0.001000,0.001000
1036.884615,0.014946,0.001000,0.001000,0.001000,0.001000,0.001000
1036.903846,0.013725,0.001000,0.001000,0.001000,0.001000,0.001000
1036.923077,0.012496,0.001000,0.001000,0.001000,0.001000,0.001000
1036.942308,0.011259,0.001000,0.001000,0.001000,0.001000,0.001000
1036.961538,0.010014,0.001000,0.001000,0.001000,0.001000,0.001000
1036.980769,0.008763,0.001000,0.001000,0.001000,0.001000,0.001000
1037.000000,0.007506,0.001000,0.001000,0.001000,0.001000,0.001000
1037.019231,0.006244,0.001000,0.001000,0.001000,0.001000,0.001000
1037.038462,0.004978,0.001000,0.001000,0.001000,0.001000,0.001000
1037.057692,0.003709,0.001000,0.001000,0.001000,0.001000,0.001000
1037.076923,0.002438,0.001000,0.001000,0.001000,0.001000,0.001000
1037.096154,0.001165,0.001000,0.001000,0.001000,0.001000,0.001000
1037.115385,-0.000109,0.001000,0.001000,0.001000,0.001000,0.001000
1037.134615,-0.001383,0.001000,0.001000,0.001000,0.001000,0.001000
1037.153846,-0.002656,0.001000,0.001000,0.001000,0.001000,0.001000
1037.173077,-0.003927,0.001000,0.001000,0.001000,0.001000,0.001000
1037.192308,-0.005195,0.001000,0.001000,0.001000,0.001000,0.001000
1037.211538,-0.006461,0.001000,0.001000,0.001000,0.001000,0.001000
1037.230769,-0.007722,0.001000,0.001000,0.001000,0.001000,0.001000
1037.250000,-0.008978,0.001000,0.001000,0.001000,0.001000,0.001000
1037.269231,-0.010228,0.001000,0.001000,0.001000,0.001000,0.001000
1037.288462,-0.011471,0.001000,0.001000,0.001000,0.001000,0.001000
1037.307692,-0.012707,0.001000,0.001000,0.001000,0.001000,0.001000
1037.326923,-0.013935,0.001000,0.001000,0.001000,0.001000,0.001000
1037.346154,-0.015154,0.001000,0.001000,0.001000,0.001000,0.001000
1037.365385,-0.016363,0.001000,0.001000,0.001000,0.001000,0.001000
1037.384615,-0.017561,0.001000,0.001000,0.001000,0.001000,0.001000
1037.403846,-0.018748,0.001000,0.001000,0.001000,0.001000,0.001000
1037.423077,-0.019923,0.001000,0.001000,0.001000,0.001000,0.001000
1037.442308,-0.021085,0.001000,0.001000,0.001000,0.001000,0.001000
1037.461538,-0.022233,0.001000,0.001000,0.001000,0.001000,0.001000
1037.480769,-0.023367,0.001000,0.001000,0.001000,0.001000,0.001000
1037.500000,-0.024485,0.001000,0.001000,0.001000,0.001000,0.001000
1037.519231,-0.025588,0.001000,0.001000,0.001000,0.001000,0.001000
1037.538462,-0.026674,0.001000,0.001000,0.001000,0.001000,0.001000
1037.557692,-0.027743,0.001000,0.001000,0.001000,0.001000,0.001000
1037.576923,-0.028793,0.001000,0.001000,0.001000,0.001000,0.001000
1037.596154,-0.029825,0.001000,0.001000,0.001000,0.001000,0.001000
1037.615385,-0.030838,0.001000,0.001000,0.001000,0.001000,0.001000
1037.634615,-0.031831,0.001000,0.001000,0.001000,0.001000,0.001000
1037.653846,-0.032803,0.001000,0.001000,0.001000,0.001000,0.001000
1037.673077,-0.033753,0.001000,0.001000,0.001000,0.001000,0.001000
1037.692308,-0.034682,0.001000,0.001000,0.001000,0.001000,0.001000
1037.711538,-0.035588,0.001000,0.001000,0.001000,0.001000,0.001000
1037.730769,-0.036472,0.001000,0.001000,0.001000,0.001000,0.001000
1037.750000,-0.037331,0.001000,0.001000,0.001000,0.001000,0.001000
1037.769231,-0.038166,0.001000,0.001000,0.001000,0.001000,0.001000
1037.788462,-0.038977,0.001000,0.001000,0.001000,0.001000,0.001000
1037.807692,-0.039762,0.001000,0.001000,0.001000,0.001000,0.001000
1037.826923,-0.040521,0.001000,0.001000,0.001000,0.001000,0.001000
1037.846154,-0.041254,0.001000,0.001000,0.001000,0.001000,0.001000
1037.865385,-0.041961,0.001000,0.001000,0.001000,0.001000,0.001000
1037.884615,-0.042640,0.001000,0.001000,0.001000,0.001000,0.001000
1037.903846,-0.043291,0.001000,0.001000,0.001000,0.001000,0.001000
1037.923077,-0.043914,0.001000,0.001000,0.001000,0.001000,0.001000
1037.942308,-0.044509,0.001000,0.001000,0.001000,0.001000,0.001000
1037.961538,-0.045075,0.001000,0.001000,0.001000,0.001000,0.001000
1037.980769,-0.045612,0.001000,0.001000,0.001000,0.001000,0.001000
1038.000000,-0.046119,0.001000,0.001000,0.001000,0.001000,0.001000
1038.019231,-0.046596,0.001000,0.001000,0.001000,0.001000,0.001000
1038.038462,-0.047043,0.001000,0.001000,0.001000,0.001000,0.001000
1038.057692,-0.047459,0.001000,0.001000,0.001000,0.001000,0.001000
1038.076923,-0.047844,0.001000,0.001000,0.001000,0.001000,0.001000
1038.096154,-0.048199,0.001000,0.001000,0.001000,0.001000,0.001000
1038.115385,-0.048522,0.001000,0.001000,0.001000,0.001000,0.001000
1038.134615,-0.048814,0.001000,0.001000,0.001000,0.001000,0.001000
1038.153846,-0.049074,0.001000,0.001000,0.001000,0.001000,0.001000
1038.173077,-0.049302,0.001000,0.001000,0.001000,0.001000,0.001000
1038.192308,-0.049498,0.001000,0.001000,0.001000,0.001000,0.001000
1038.211538,-0.049662,0.001000,0.001000,0.001000,0.001000,0.001000
1038.230769,-0.049794,0.001000,0.001000,0.001000,0.001000,0.001000
1038.250000,-0.049893,0.001000,0.001000,0.001000,0.001000,0.001000
1038.269231,-0.049960,0.001000,0.001000,0.001000,0.001000,0.001000
1038.288462,-0.049995,0.001000,0.001000,0.001000,0.001000,0.001000
1038.307692,-0.049997,0.001000,0.001000,0.001000,0.001000,0.001000
1038.326923,-0.049967,0.001000,0.001000,0.001000,0.001000,0.001000
1038.346154,-0.049904,0.001000,0.001000,0.001000,0.001000,0.001000
1038.365385,-0.049809,0.001000,0.001000,0.001000,0.001000,0.001000
1038.384615,-0.049681,0.001000,0.001000,0.001000,0.001000,0.001000
1038.403846,-0.049522,0.001000,0.001000,0.001000,0.001000,0.001000
1038.423077,-0.049330,0.001000,0.001000,0.001000,0.001000,0.001000
1038.442308,-0.049106,0.001000,0.001000,0.001000,0.001000,0.001000
1038.461538,-0.048850,0.001000,0.001000,0.001000,0.001000,0.001000
1038.480769,-0.048563,0.001000,0.001000,0.001000,0.001000,0.001000
1038.500000,-0.048244,0.001000,0.001000,0.001000,0.001000,0.001000
1038.519231,-0.047894,0.001000,0.001000,0.001000,0.001000,0.001000
1038.538462,-0.047512,0.001000,0.001000,0.001000,0.001000,0.001000
1038.557692,-0.047100,0.001000,0.001000,0.001000,0.001000,0.001000
1038.576923,-0.046657,0.001000,0.001000,0.001000,0.001000,0.001000
1038.596154,-0.046184,0.001000,0.001000,0.001000,0.001000,0.001000
1038.615385,-0.045681,0.001000,0.001000,0.001000,0.001000,0.001000
1038.634615,-0.045148,0.001000,0.001000,0.001000,0.001000,0.001000
1038.653846,-0.044586,0.001000,0.001000,0.001000,0.001000,0.001000
1038.673077,-0.043995,0.001000,0.001000,0.001000,0.001000,0.001000
1038.692308,-0.043376,0.001000,0.001000,0.001000,0.001000,0.001000
1038.711538,-0.042728,0.001000,0.001000,0.001000,0.001000,0.001000
1038.730769,-0.042053,0.001000,0.001000,0.001000,0.001000,0.001000
1038.750000,-0.041350,0.001000,0.001000,0.001000,0.001000,0.001000
1038.769231,-0.040621,0.001000,0.001000,0.001000,0.001000,0.001000
1038.788462,-0.039865,0.001000,0.001000,0.001000,0.001000,0.001000
1038.807692,-0.039083,0.001000,0.001000,0.001000,0.001000,0.001000
1038.826923,-0.038276,0.001000,0.001000,0.001000,0.001000,0.001000
1038.846154,-0.037444,0.001000,0.001000,0.001000,0.001000,0.001000
1038.865385,-0.036587,0.001000,0.001000,0.001000,0.001000,0.001000
1038.884615,-0.035707,0.001000,0.001000,0.001000,0.001000,0.001000
1038.903846,-0.034804,0.001000,0.001000,0.001000,0.001000,0.001000
1038.923077,-0.033878,0.001000,0.001000,0.001000,0.001000,0.001000
1038.942308,-0.032931,0.001000,0.001000,0.001000,0.001000,0.001000
1038.961538,-0.031961,0.001000,0.001000,0.001000,0.001000,0.001000
1038.980769,-0.030971,0.001000,0.001000,0.001000,0.001000,0.001000
1039.000000,-0.029961,0.001000,0.001000,0.001000,0.001000,0.001000
1039.019231,-0.028932,0.001000,0.001000,0.001000,0.001000,0.001000
1039.038462,-0.027884,0.001000,0.001000,0.001000,0.001000,0.001000
1039.057692,-0.026817,0.001000,0.001000,0.001000,0.001000,0.001000
1039.076923,-0.025734,0.001000,0.001000,0.001000,0.001000,0.001000
1039.096154,-0.024633,0.001000,0.001000,0.001000,0.001000,0.001000
1039.115385,-0.023517,0.001000,0.001000,0.001000,0.001000,0.001000
1039.134615,-0.022385,0.001000,0.001000,0.001000,0.001000,0.001000
1039.153846,-0.021239,0.001000,0.001000,0.001000,0.001000,0.001000
1039.173077,-0.020079,0.001000,0.001000,0.001000,0.001000,0.001000
1039.192308,-0.018906,0.001000,0.001000,0.001000,0.001000,0.001000
1039.211538,-0.017720,0.001000,0.001000,0.001000,0.001000,0.001000
1039.230769,-0.016523,0.001000,0.001000,0.001000,0.001000,0.001000
1039.250000,-0.015316,0.001000,0.001000,0.001000,0.001000,0.001000
1039.269231,-0.014098,0.001000,0.001000,0.001000,0.001000,0.001000
1039.288462,-0.012872,0.001000,0.001000,0.001000,0.001000,0.001000
1039.307692,-0.011637,0.001000,0.001000,0.001000,0.001000,0.001000
1039.326923,-0.010394,0.001000,0.001000,0.001000,0.001000,0.001000
1039.346154,-0.009145,0.001000,0.001000,0.001000,0.001000,0.001000
1039.365385,-0.007889,0.001000,0.001000,0.001000,0.001000,0.001000
1039.384615,-0.006629,0.001000,0.001000,0.001000,0.001000,0.001000
1039.403846,-0.005364,0.001000,0.001000,0.001000,0.001000,0.001000
1039.423077,-0.004096,0.001000,0.001000,0.001000,0.001000,0.001000
1039.442308,-0.002825,0.001000,0.001000,0.001000,0.001000,0.001000
1039.461538,-0.001553,0.001000,0.001000,0.001000,0.001000,0.001000
1039.480769,-0.000279,0.001000,0.001000,0.001000,0.001000,0.001000
1039.500000,0.000995,0.001000,0.001000,0.001000,0.001000,0.001000
1039.519231,0.002268,0.001000,0.001000,0.001000,0.001000,0.001000
1039.538462,0.003540,0.001000,0.001000,0.001000,0.001000,0.001000
1039.557692,0.004809,0.001000,0.001000,0.001000,0.001000,0.001000
1039.576923,0.006075,0.001000,0.001000,0.001000,0.001000,0.001000
1039.596154,0.007338,0.001000,0.001000,0.001000,0.001000,0.001000
1039.615385,0.008595,0.001000,0.001000,0.001000,0.001000,0.001000
1039.634615,0.009847,0.001000,0.001000,0.001000,0.001000,0.001000
1039.653846,0.011093,0.001000,0.001000,0.001000,0.001000,0.001000
1039.673077,0.012332,0.001000,0.001000,0.001000,0.001000,0.001000
1039.692308,0.013562,0.001000,0.001000,0.001000,0.001000,0.001000
1039.711538,0.014784,0.001000,0.001000,0.001000,0.001000,0.001000
1039.730769,0.015996,0.001000,0.001000,0.001000,0.001000,0.001000
1039.750000,0.017197,0.001000,0.001000,0.001000,0.001000,0.001000
1039.769231,0.018388,0.001000,0.001000,0.001000,0.001000,0.001000
1039.788462,0.019566,0.001000,0.001000,0.001000,0.001000,0.001000
1039.807692,0.020732,0.001000,0.001000,0.001000,0.001000,0.001000
1039.826923,0.021884,0.001000,0.001000,0.001000,0.001000,0.001000
1039.846154,0.023023,0.001000,0.001000,0.001000,0.001000,0.001000
1039.865385,0.024146,0.001000,0.001000,0.001000,0.001000,0.001000
1039.884615,0.025253,0.001000,0.001000,0.001000,0.001000,0.001000
1039.903846,0.026345,0.001000,0.001000,0.001000,0.001000,0.001000
1039.923077,0.027419,0.001000,0.001000,0.001000,0.001000,0.001000
1039.942308,0.028475,0.001000,0.001000,0.001000,0.001000,0.001000
1039.961538,0.029513,0.001000,0.001000,0.001000,0.001000,0.001000
1039.980769,0.030531,0.001000,0.001000,0.001000,0.001000,0.001000
1040.000000,0.031530,0.001000,0.001000,0.001000,0.001000,0.001000
1040.019231,0.032509,0.001000,0.001000,0.001000,0.001000,0.001000
1040.038462,0.033466,0.001000,0.001000,0.001000,0.001000,0.001000
1040.057692,0.034401,0.001000,0.001000,0.001000,0.001000,0.001000
1040.076923,0.035315,0.001000,0.001000,0.001000,0.001000,0.001000
1040.096154,0.036205,0.001000,0.001000,0.001000,0.001000,0.001000
1040.115385,0.037072,0.001000,0.001000,0.001000,0.001000,0.001000
1040.134615,0.037914,0.001000,0.001000,0.001000,0.001000,0.001000
1040.153846,0.038732,0.001000,0.001000,0.001000,0.001000,0.001000
1040.173077,0.039525,0.001000,0.001000,0.001000,0.001000,0.001000
1040.192308,0.040293,0.001000,0.001000,0.001000,0.001000,0.001000
1040.211538,0.041034,0.001000,0.001000,0.001000,0.001000,0.001000
1040.230769,0.041748,0.001000,0.001000,0.001000,0.001000,0.001000
1040.250000,0.042436,0.001000,0.001000,0.001000,0.001000,0.001000
1040.269231,0.043096,0.001000,0.001000,0.001000,0.001000,0.001000
1040.288462,0.043727,0.001000,0.001000,0.001000,0.001000,0.001000
1040.307692,0.044331,0.001000,0.001000,0.001000,0.001000,0.001000
1040.326923,0.044906,0.001000,0.001000,0.001000,0.001000,0.001000
1040.346154,0.045451,0.001000,0.001000,0.001000,0.001000,0.001000
1040.365385,0.045967,0.001000,0.001000,0.001000,0.001000,0.001000
1040.384615,0.046454,0.001000,0.001000,0.001000,0.001000,0.001000
1040.403846,0.046910,0.001000,0.001000,0.001000,0.001000,0.001000
1040.423077,0.047335,0.001000,0.001000,0.001000,0.001000,0.001000
1040.442308,0.047730,0.001000,0.001000,0.001000,0.001000,0.001000
1040.461538,0.048094,0.001000,0.001000,0.001000,0.001000,0.001000
1040.480769,0.048427,0.001000,0.001000,0.001000,0.001000,0.001000
1040.500000,0.048728,0.001000,0.001000,0.001000,0.001000,0.001000
1040.519231,0.048998,0.001000,0.001000,0.001000,0.001000,0.001000
1040.538462,0.049236,0.001000,0.001000,0.001000,0.001000,0.001000
1040.557692,0.049442,0.001000,0.001000,0.001000,0.001000,0.001000
1040.576923,0.049615,0.001000,0.001000,0.001000,0.001000,0.001000
1040.596154,0.049757,0.001000,0.001000,0.001000,0.001000,0.001000
1040.615385,0.049866,0.001000,0.001000,0.001000,0.001000,0.001000
1040.634615,0.049943,0.001000,0.001000,0.001000,0.001000,0.001000
1040.653846,0.049988,0.001000,0.001000,0.001000,0.001000,0.001000
1040.673077,0.050000,0.001000,0.001000,0.001000,0.001000,0.001000
1040.692308,0.049979,0.001000,0.001000,0.001000,0.001000,0.001000
1040.711538,0.049926,0.001000,0.001000,0.001000,0.001000,0.001000
1040.730769,0.049841,0.001000,0.001000,0.001000,0.001000,0.001000
1040.750000,0.049724,0.001000,0.001000,0.001000,0.001000,0.001000
1040.769231,0.049574,0.001000,0.001000,0.001000,0.001000,0.001000
1040.788462,0.049392,0.001000,0.001000,0.001000,0.001000,0.001000
1040.807692,0.049178,0.001000,0.001000,0.001000,0.001000,0.001000
1040.826923,0.048932,0.001000,0.001000,0.001000,0.001000,0.001000
1040.846154,0.048654,0.001000,0.001000,0.001000,0.001000,0.001000
1040.865385,0.048344,0.001000,0.001000,0.001000,0.001000,0.001000
1040.884615,0.048004,0.001000,0.001000,0.001000,0.001000,0.001000
1040.903846,0.047632,0.001000,0.001000,0.001000,0.001000,0.001000
1040.923077,0.047229,0.001000,0.001000,0.001000,0.001000,0.001000
1040.942308,0.046795,0.001000,0.001000,0.001000,0.001000,0.001000
1040.961538,0.046331,0.001000,0.001000,0.001000,0.001000,0.001000
1040.980769,0.045838,0.001000,0.001000,0.001000,0.001000,0.001000
1041.000000,0.045314,0.001000,0.001000,0.001000,0.001000,0.001000
1041.019231,0.044761,0.001000,0.001000,0.001000,0.001000,0.001000
1041.038462,0.044179,0.001000,0.001000,0.001000,0.001000,0.001000
1041.057692,0.043568,0.001000,0.001000,0.001000,0.001000,0.001000
1041.076923,0.042929,0.001000,0.001000,0.001000,0.001000,0.001000
1041.096154,0.042262,0.001000,0.001000,0.001000,0.001000,0.001000
1041.115385,0.041567,0.001000,0.001000,0.001000,0.001000,0.001000
1041.134615,0.040846,0.001000,0.001000,0.001000,0.001000,0.001000
1041.153846,0.040098,0.001000,0.001000,0.001000,0.001000,0.001000
1041.173077,0.039324,0.001000,0.001000,0.001000,0.001000,0.001000
1041.192308,0.038524,0.001000,0.001000,0.001000,0.001000,0.001000
1041.211538,0.037700,0.001000,0.001000,0.001000,0.001000,0.001000
1041.230769,0.036851,0.001000,0.001000,0.001000,0.001000,0.001000
1041.250000,0.035978,0.001000,0.001000,0.001000,0.001000,0.001000
1041.269231,0.035082,0.001000,0.001000,0.001000,0.001000,0.001000
1041.288462,0.034163,0.001000,0.001000,0.001000,0.001000,0.001000
1041.307692,0.033222,0.001000,0.001000,0.001000,0.001000,0.001000
1041.326923,0.032259,0.001000,0.001000,0.001000,0.001000,0.001000
1041.346154,0.031275,0.001000,0.001000,0.001000,0.001000,0.001000
1041.365385,0.030271,0.001000,0.001000,0.001000,0.001000,0.001000
1041.384615,0.029248,0.001000,0.001000,0.001000,0.001000,0.001000
1041.403846,0.028205,0.001000,0.001000,0.001000,0.001000,0.001000
1041.423077,0.027144,0.001000,0.001000,0.001000,0.001000,0.001000
1041.442308,0.026066,0.001000,0.001000,0.001000,0.001000,0.001000
1041.461538,0.024970,0.001000,0.001000,0.001000,0.001000,0.001000
1041.480769,0.023859,0.001000,0.001000,0.001000,0.001000,0.001000
1041.500000,0.022731,0.001000,0.001000,0.001000,0.001000,0.001000
1041.519231,0.021590,0.001000,0.001000,0.001000,0.001000,0.001000
1041.538462,0.020434,0.001000,0.001000,0.001000,0.001000,0.001000
1041.557692,0.019264,0.001000,0.001000,0.001000,0.001000,0.001000
1041.576923,0.018083,0.001000,0.001000,0.001000,0.001000,0.001000
1041.596154,0.016889,0.001000,0.001000,0.001000,0.001000,0.001000
1041.615385,0.015685,0.001000,0.001000,0.001000,0.001000,0.001000
1041.634615,0.014470,0.001000,0.001000,0.001000,0.001000,0.001000
1041.653846,0.013246,0.001000,0.001000,0.001000,0.001000,0.001000
1041.673077,0.012014,0.001000,0.001000,0.001000,0.001000,0.001000
1041.692308,0.010773,0.001000,0.001000,0.001000,0.001000,0.001000
1041.711538,0.009526,0.001000,0.001000,0.001000,0.001000,0.001000
1041.730769,0.008273,0.001000,0.001000,0.001000,0.001000,0.001000
1041.750000,0.007014,0.001000,0.001000,0.001000,0.001000,0.001000
1041.769231,0.005750,0.001000,0.001000,0.001000,0.001000,0.001000
1041.788462,0.004483,0.001000,0.001000,0.001000,0.001000,0.001000
1041.807692,0.003213,0.001000,0.001000,0.001000,0.001000,0.001000
1041.826923,0.001941,0.001000,0.001000,0.001000,0.001000,0.001000
1041.846154,0.000667,0.001000,0.001000,0.001000,0.001000,0.001000
1041.865385,-0.000607,0.001000,0.001000,0.001000,0.001000,0.001000
1041.884615,-0.001880,0.001000,0.001000,0.001000,0.001000,0.001000
1041.903846,-0.003152,0.001000,0.001000,0.001000,0.001000,0.001000
1041.923077,-0.004423,0.001000,0.001000,0.001000,0.001000,0.001000
1041.942308,-0.005690,0.001000,0.001000,0.001000,0.001000,0.001000
1041.961538,-0.006954,0.001000,0.001000,0.001000,0.001000,0.001000
1041.980769,-0.008213,0.001000,0.001000,0.001000,0.001000,0.001000
1042.000000,-0.009467,0.001000,0.001000,0.001000,0.001000,0.001000
1042.019231,-0.010714,0.001000,0.001000,0.001000,0.001000,0.001000
1042.038462,-0.011955,0.001000,0.001000,0.001000,0.001000,0.001000
1042.057692,-0.013188,0.001000,0.001000,0.001000,0.001000,0.001000
1042.076923,-0.014412,0.001000,0.001000,0.001000,0.001000,0.001000
1042.096154,-0.015627,0.001000,0.001000,0.001000,0.001000,0.001000
1042.115385,-0.016832,0.001000,0.001000,0.001000,0.001000,0.001000
1042.134615,-0.018026,0.001000,0.001000,0.001000,0.001000,0.001000
1042.153846,-0.019208,0.001000,0.001000,0.001000,0.001000,0.001000
1042.173077,-0.020378,0.001000,0.001000,0.001000,0.001000,0.001000
1042.192308,-0.021535,0.001000,0.001000,0.001000,0.001000,0.001000
1042.211538,-0.022677,0.001000,0.001000,0.001000,0.001000,0.001000
1042.230769,-0.023805,0.001000,0.001000,0.001000,0.001000,0.001000
1042.250000,-0.024918,0.001000,0.001000,0.001000,0.001000,0.001000
1042.269231,-0.026014,0.001000,0.001000,0.001000,0.001000,0.001000
1042.288462,-0.027093,0.001000,0.001000,0.001000,0.001000,0.001000
1042.307692,-0.028155,0.001000,0.001000,0.001000,0.001000,0.001000
1042.326923,-0.029199,0.001000,0.001000,0.001000,0.001000,0.001000
1042.346154,-0.030223,0.001000,0.001000,0.001000,0.001000,0.001000
1042.365385,-0.031228,0.001000,0.001000,0.001000,0.001000,0.001000
1042.384615,-0.032213,0.001000,0.001000,0.001000,0.001000,0.001000
1042.403846,-0.033176,0.001000,0.001000,0.001000,0.001000,0.001000
1042.423077,-0.034119,0.001000,0.001000,0.001000,0.001000,0.001000
1042.442308,-0.035039,0.001000,0.001000,0.001000,0.001000,0.001000
1042.461538,-0.035936,0.001000,0.001000,0.001000,0.001000,0.001000
1042.480769,-0.036810,0.001000,0.001000,0.001000,0.001000,0.001000
1042.500000,-0.037660,0.001000,0.001000,0.001000,0.001000,0.001000
1042.519231,-0.038486,0.001000,0.001000,0.001000,0.001000,0.001000
1042.538462,-0.039286,0.001000,0.001000,0.001000,0.001000,0.001000
1042.557692,-0.040062,0.001000,0.001000,0.001000,0.001000,0.001000
1042.576923,-0.040811,0.001000,0.001000,0.001000,0.001000,0.001000
1042.596154,-0.041533,0.001000,0.001000,0.001000,0.001000,0.001000
1042.615385,-0.042229,0.001000,0.001000,0.001000,0.001000,0.001000
1042.634615,-0.042897,0.001000,0.001000,0.001000,0.001000,0.001000
1042.653846,-0.043538,0.001000,0.001000,0.001000,0.001000,0.001000
1042.673077,-0.044150,0.001000,0.001000,0.001000,0.001000,0.001000
1042.692308,-0.044734,0.001000,0.001000,0.001000,0.001000,0.001000
1042.711538,-0.045288,0.001000,0.001000,0.001000,0.001000,0.001000
1042.730769,-0.045813,0.001000,0.001000,0.001000,0.001000,0.001000
1042.750000,-0.046309,0.001000,0.001000,0.001000,0.001000,0.001000
1042.769231,-0.046774,0.001000,0.001000,0.001000,0.001000,0.001000
1042.788462,-0.047209,0.001000,0.001000,0.001000,0.001000,0.001000
1042.807692,-0.047613,0.001000,0.001000,0.001000,0.001000,0.001000
1042.826923,-0.047987,0.001000,0.001000,0.001000,0.001000,0.001000
1042.846154,-0.048329,0.001000,0.001000,0.001000,0.001000,0.001000
1042.865385,-0.048640,0.001000,0.001000,0.001000,0.001000,0.001000
1042.884615,-0.048919,0.001000,0.001000,0.001000,0.001000,0.001000
1042.903846,-0.049167,0.001000,0.001000,0.001000,0.001000,0.001000
1042.923077,-0.049382,0.001000,0.001000,0.001000,0.001000,0.001000
1042.942308,-0.049566,0.001000,0.001000,0.001000,0.001000,0.001000
1042.961538,-0.049717,0.001000,0.001000,0.001000,0.001000,0.001000
1042.980769,-0.049836,0.001000,0.001000,0.001000,0.001000,0.001000
1043.000000,-0.049923,0.001000,0.001000,0.001000,0.001000,0.001000
1043.019231,-0.049978,0.001000,0.001000,0.001000,0.001000,0.001000
1043.038462,-0.049999,0.001000,0.001000,0.001000,0.001000,0.001000
1043.057692,-0.049989,0.001000,0.001000,0.001000,0.001000,0.001000
1043.076923,-0.049946,0.001000,0.001000,0.001000,0.001000,0.001000
1043.096154,-0.049871,0.001000,0.001000,0.001000,0.001000,0.001000
1043.115385,-0.049763,0.001000,0.001000,0.001000,0.001000,0.001000
1043.134615,-0.049623,0.001000,0.001000,0.001000,0.001000,0.001000
1043.153846,-0.049451,0.001000,0.001000,0.001000,0.001000,0.001000
1043.173077,-0.049246,0.001000,0.001000,0.001000,0.001000,0.001000
1043.192308,-0.049010,0.001000,0.001000,0.001000,0.001000,0.001000
1043.211538,-0.048742,0.001000,0.001000,0.001000,0.001000,0.001000
1043.230769,-0.048442,0.001000,0.001000,0.001000,0.001000,0.001000
1043.250000,-0.048111,0.001000,0.001000,0.001000,0.001000,0.001000
1043.269231,-0.047748,0.001000,0.001000,0.001000,0.001000,0.001000
1043.288462,-0.047355,0.001000,0.001000,0.001000,0.001000,0.001000
1043.307692,-0.046931,0.001000,0.001000,0.001000,0.001000,0.001000
1043.326923,-0.046476,0.001000,0.001000,0.001000,0.001000,0.001000
1043.346154,-0.045991,0.001000,0.001000,0.001000,0.001000,0.001000
1043.365385,-0.045477,0.001000,0.001000,0.001000,0.001000,0.001000
1043.384615,-0.044932,0.001000,0.001000,0.001000,0.001000,0.001000
1043.403846,-0.044359,0.001000,0.001000,0.001000,0.001000,0.001000
1043.423077,-0.043757,0.001000,0.001000,0.001000,0.001000,0.001000
1043.442308,-0.043126,0.001000,0.001000,0.001000,0.001000,0.001000
1043.461538,-0.042468,0.001000,0.001000,0.001000,0.001000,0.001000
1043.480769,-0.041782,0.001000,0.001000,0.001000,0.001000,0.001000
1043.500000,-0.041068,0.001000,0.001000,0.001000,0.001000,0.001000
1043.519231,-0.040329,0.001000,0.001000,0.001000,0.001000,0.001000
1043.538462,-0.039563,0.001000,0.001000,0.001000,0.001000,0.001000
1043.557692,-0.038771,0.001000,0.001000,0.001000,0.001000,0.001000
1043.576923,-0.037954,0.001000,0.001000,0.001000,0.001000,0.001000
1043.596154,-0.037112,0.001000,0.001000,0.001000,0.001000,0.001000
1043.615385,-0.036247,0.001000,0.001000,0.001000,0.001000,0.001000
1043.634615,-0.035357,0.001000,0.001000,0.001000,0.001000,0.001000
1043.653846,-0.034445,0.001000,0.001000,0.001000,0.001000,0.001000
1043.673077,-0.033511,0.001000,0.001000,0.001000,0.001000,0.001000
1043.692308,-0.032555,0.001000,0.001000,0.001000,0.001000,0.001000
1043.711538,-0.031577,0.001000,0.001000,0.001000,0.001000,0.001000
1043.730769,-0.030579,0.001000,0.001000,0.001000,0.001000,0.001000
1043.750000,-0.029562,0.001000,0.001000,0.001000,0.001000,0.001000
1043.769231,-0.028525,0.001000,0.001000,0.001000,0.001000,0.001000
1043.788462,-0.027469,0.001000,0.001000,0.001000,0.001000,0.001000
1043.807692,-0.026396,0.001000,0.001000,0.001000,0.001000,0.001000
1043.826923,-0.025306,0.001000,0.001000,0.001000,0.001000,0.001000
1043.846154,-0.024199,0.001000,0.001000,0.001000,0.001000,0.001000
1043.865385,-0.023077,0.001000,0.001000,0.001000,0.001000,0.001000
1043.884615,-0.021939,0.001000,0.001000,0.001000,0.001000,0.001000
1043.903846,-0.020787,0.001000,0.001000,0.001000,0.001000,0.001000
1043.923077,-0.019622,0.001000,0.001000,0.001000,0.001000,0.001000
1043.942308,-0.018444,0.001000,0.001000,0.001000,0.001000,0.001000
1043.961538,-0.017254,0.001000,0.001000,0.001000,0.001000,0.001000
1043.980769,-0.016053,0.001000,0.001000,0.001000,0.001000,0.001000
1044.000000,-0.014842,0.001000,0.001000,0.001000,0.001000,0.001000
1044.019231,-0.013620,0.001000,0.001000,0.001000,0.001000,0.001000
1044.038462,-0.012390,0.001000,0.001000,0.001000,0.001000,0.001000
1044.057692,-0.011152,0.001000,0.001000,0.001000,0.001000,0.001000
1044.076923,-0.009907,0.001000,0.001000,0.001000,0.001000,0.001000
1044.096154,-0.008655,0.001000,0.001000,0.001000,0.001000,0.001000
1044.115385,-0.007398,0.001000,0.001000,0.001000,0.001000,0.001000
1044.134615,-0.006136,0.001000,0.001000,0.001000,0.001000,0.001000
1044.153846,-0.004870,0.001000,0.001000,0.001000,0.001000,0.001000
1044.173077,-0.003600,0.001000,0.001000,0.001000,0.001000,0.001000
1044.192308,-0.002329,0.001000,0.001000,0.001000,0.001000,0.001000
1044.211538,-0.001055,0.001000,0.001000,0.001000,0.001000,0.001000
1044.230769,0.000218,0.001000,0.001000,0.001000,0.001000,0.001000
1044.250000,0.001492,0.001000,0.001000,0.001000,0.001000,0.001000
1044.269231,0.002765,0.001000,0.001000,0.001000,0.001000,0.001000
1044.288462,0.004036,0.001000,0.001000,0.001000,0.001000,0.001000
1044.307692,0.005304,0.001000,0.001000,0.001000,0.001000,0.001000
1044.326923,0.006569,0.001000,0.001000,0.001000,0.001000,0.001000
1044.346154,0.007829,0.001000,0.001000,0.001000,0.001000,0.001000
1044.365385,0.009085,0.001000,0.001000,0.001000,0.001000,0.001000
1044.384615,0.010335,0.001000,0.001000,0.001000,0.001000,0.001000
1044.403846,0.011578,0.001000,0.001000,0.001000,0.001000,0.001000
1044.423077,0.012813,0.001000,0.001000,0.001000,0.001000,0.001000
1044.442308,0.014040,0.001000,0.001000,0.001000,0.001000,0.001000
1044.461538,0.015258,0.001000,0.001000,0.001000,0.001000,0.001000
1044.480769,0.016466,0.001000,0.001000,0.001000,0.001000,0.001000
1044.500000,0.017663,0.001000,0.001000,0.001000,0.001000,0.001000
1044.519231,0.018849,0.001000,0.001000,0.001000,0.001000,0.001000
1044.538462,0.020023,0.001000,0.001000,0.001000,0.001000,0.001000
1044.557692,0.021184,0.001000,0.001000,0.001000,0.001000,0.001000
1044.576923,0.022331,0.001000,0.001000,0.001000,0.001000,0.001000
1044.596154,0.023463,0.001000,0.001000,0.001000,0.001000,0.001000
1044.615385,0.024580,0.001000,0.001000,0.001000,0.001000,0.001000
1044.634615,0.025682,0.001000,0.001000,0.001000,0.001000,0.001000
1044.653846,0.026766,0.001000,0.001000,0.001000,0.001000,0.001000
1044.673077,0.027833,0.001000,0.001000,0.001000,0.001000,0.001000
1044.692308,0.028882,0.001000,0.001000,0.001000,0.001000,0.001000
1044.711538,0.029913,0.001000,0.001000,0.001000,0.001000,0.001000
1044.730769,0.030924,0.001000,0.001000,0.001000,0.001000,0.001000
1044.750000,0.031915,0.001000,0.001000,0.001000,0.001000,0.001000
1044.769231,0.032885,0.001000,0.001000,0.001000,0.001000,0.001000
1044.788462,0.033834,0.001000,0.001000,0.001000,0.001000,0.001000
1044.807692,0.034761,0.001000,0.001000,0.001000,0.001000,0.001000
1044.826923,0.035665,0.001000,0.001000,0.001000,0.001000,0.001000
1044.846154,0.036546,0.001000,0.001000,0.001000,0.001000,0.001000
1044.865385,0.037404,0.001000,0.001000,0.001000,0.001000,0.001000
1044.884615,0.038237,0.001000,0.001000,0.001000,0.001000,0.001000
1044.903846,0.039045,0.001000,0.001000,0.001000,0.001000,0.001000
1044.923077,0.039828,0.001000,0.001000,0.001000,0.001000,0.001000
1044.942308,0.040585,0.001000,0.001000,0.001000,0.001000,0.001000
1044.961538,0.041316,0.001000,0.001000,0.001000,0.001000,0.001000
1044.980769,0.042020,0.001000,0.001000,0.001000,0.001000,0.001000
1045.000000,0.042697,0.001000,0.001000,0.001000,0.001000,0.001000
1045.019231,0.043346,0.001000,0.001000,0.001000,0.001000,0.001000
1045.038462,0.043967,0.001000,0.001000,0.001000,0.001000,0.001000
1045.057692,0.044559,0.001000,0.001000,0.001000,0.001000,0.001000
1045.076923,0.045122,0.001000,0.001000,0.001000,0.001000,0.001000
1045.096154,0.045656,0.001000,0.001000,0.001000,0.001000,0.001000
1045.115385,0.046161,0.001000,0.001000,0.001000,0.001000,0.001000
1045.134615,0.046635,0.001000,0.001000,0.001000,0.001000,0.001000
1045.153846,0.047080,0.001000,0.001000,0.001000,0.001000,0.001000
1045.173077,0.047493,0.001000,0.001000,0.001000,0.001000,0.001000
1045.192308,0.047876,0.001000,0.001000,0.001000,0.001000,0.001000
1045.211538,0.048228,0.001000,0.001000,0.001000,0.001000,0.001000
1045.230769,0.048548,0.001000,0.001000,0.001000,0.001000,0.001000
1045.250000,0.048837,0.001000,0.001000,0.001000,0.001000,0.001000
1045.269231,0.049095,0.001000,0.001000,0.001000,0.001000,0.001000
1045.288462,0.049320,0.001000,0.001000,0.001000,0.001000,0.001000
1045.307692,0.049513,0.001000,0.001000,0.001000,0.001000,0.001000
1045.326923,0.049674,0.001000,0.001000,0.001000,0.001000,0.001000
1045.346154,0.049803,0.001000,0.001000,0.001000,0.001000,0.001000
1045.365385,0.049900,0.001000,0.001000,0.001000,0.001000,0.001000
1045.384615,0.049964,0.001000,0.001000,0.001000,0.001000,0.001000
1045.403846,0.049996,0.001000,0.001000,0.001000,0.001000,0.001000
1045.423077,0.049996,0.001000,0.001000,0.001000,0.001000,0.001000
1045.442308,0.049963,0.001000,0.001000,0.001000,0.001000,0.001000
1045.461538,0.049897,0.001000,0.001000,0.001000,0.001000,0.001000
1045.480769,0.049799,0.001000,0.001000,0.001000,0.001000,0.001000
1045.500000,0.049669,0.001000,0.001000,0.001000,0.001000,0.001000
1045.519231,0.049506,0.001000,0.001000,0.001000,0.001000,0.001000
1045.538462,0.049312,0.001000,0.001000,0.001000,0.001000,0.001000
1045.557692,0.049085,0.001000,0.001000,0.001000,0.001000,0.001000
1045.576923,0.048827,0.001000,0.001000,0.001000,0.001000,0.001000
1045.596154,0.048537,0.001000,0.001000,0.001000,0.001000,0.001000
1045.615385,0.048215,0.001000,0.001000,0.001000,0.001000,0.001000
1045.634615,0.047862,0.001000,0.001000,0.001000,0.001000,0.001000
1045.653846,0.047478,0.001000,0.001000,0.001000,0.001000,0.001000
1045.673077,0.047063,0.001000,0.001000,0.001000,0.001000,0.001000
1045.692308,0.046618,0.001000,0.001000,0.001000,0.001000,0.001000
1045.711538,0.046142,0.001000,0.001000,0.001000,0.001000,0.001000
1045.730769,0.045637,0.001000,0.001000,0.001000,0.001000,0.001000
1045.750000,0.045101,0.001000,0.001000,0.001000,0.001000,0.001000
1045.769231,0.044537,0.001000,0.001000,0.001000,0.001000,0.001000
1045.788462,0.043943,0.001000,0.001000,0.001000,0.001000,0.001000
1045.807692,0.043321,0.001000,0.001000,0.001000,0.001000,0.001000
1045.826923,0.042671,0.001000,0.001000,0.001000,0.001000,0.001000
1045.846154,0.041994,0.001000,0.001000,0.001000,0.001000,0.001000
1045.865385,0.041289,0.001000,0.001000,0.001000,0.001000,0.001000
1045.884615,0.040557,0.001000,0.001000,0.001000,0.001000,0.001000
1045.903846,0.039799,0.001000,0.001000,0.001000,0.001000,0.001000
1045.923077,0.039015,0.001000,0.001000,0.001000,0.001000,0.001000
1045.942308,0.038205,0.001000,0.001000,0.001000,0.001000,0.001000
1045.961538,0.037371,0.001000,0.001000,0.001000,0.001000,0.001000
1045.980769,0.036513,0.001000,0.001000,0.001000,0.001000,0.001000
1046.000000,0.035631,0.001000,0.001000,0.001000,0.001000,0.001000
1046.019231,0.034726,0.001000,0.001000,0.001000,0.001000,0.001000
1046.038462,0.033798,0.001000,0.001000,0.001000,0.001000,0.001000
1046.057692,0.032848,0.001000,0.001000,0.001000,0.001000,0.001000
1046.076923,0.031877,0.001000,0.001000,0.001000,0.001000,0.001000
1046.096154,0.030886,0.001000,0.001000,0.001000,0.001000,0.001000
1046.115385,0.029874,0.001000,0.001000,0.001000,0.001000,0.001000
1046.134615,0.028843,0.001000,0.001000,0.001000,0.001000,0.001000
1046.153846,0.027793,0.001000,0.001000,0.001000,0.001000,0.001000
1046.173077,0.026725,0.001000,0.001000,0.001000,0.001000,0.001000
1046.192308,0.025640,0.001000,0.001000,0.001000,0.001000,0.001000
1046.211538,0.024538,0.001000,0.001000,0.001000,0.001000,0.001000
1046.230769,0.023420,0.001000,0.001000,0.001000,0.001000,0.001000
1046.250000,0.022287,0.001000,0.001000,0.001000,0.001000,0.001000
1046.269231,0.021140,0.001000,0.001000,0.001000,0.001000,0.001000
1046.288462,0.019979,0.001000,0.001000,0.001000,0.001000,0.001000
1046.307692,0.018804,0.001000,0.001000,0.001000,0.001000,0.001000
1046.326923,0.017618,0.001000,0.001000,0.001000,0.001000,0.001000
1046.346154,0.016420,0.001000,0.001000,0.001000,0.001000,0.001000
1046.365385,0.015212,0.001000,0.001000,0.001000,0.001000,0.001000
1046.384615,0.013993,0.001000,0.001000,0.001000,0.001000,0.001000
1046.403846,0.012766,0.001000,0.001000,0.001000,0.001000,0.001000
1046.423077,0.011530,0.001000,0.001000,0.001000,0.001000,0.001000
1046.442308,0.010287,0.001000,0.001000,0.001000,0.001000,0.001000
1046.461538,0.009037,0.001000,0.001000,0.001000,0.001000,0.001000
1046.480769,0.007782,0.001000,0.001000,0.001000,0.001000,0.001000
1046.500000,0.006521,0.001000,0.001000,0.001000,0.001000,0.001000
1046.519231,0.005256,0.001000,0.001000,0.001000,0.001000,0.001000
1046.538462,0.003987,0.001000,0.001000,0.001000,0.001000,0.001000
1046.557692,0.002716,0.001000,0.001000,0.001000,0.001000,0.001000
1046.576923,0.001444,0.001000,0.001000,0.001000,0.001000,0.001000
1046.596154,0.000170,0.001000,0.001000,0.001000,0.001000,0.001000
1046.615385,-0.001104,0.001000,0.001000,0.001000,0.001000,0.001000
1046.634615,-0.002377,0.001000,0.001000,0.001000,0.001000,0.001000
1046.653846,-0.003649,0.001000,0.001000,0.001000,0.001000,0.001000
1046.673077,-0.004918,0.001000,0.001000,0.001000,0.001000,0.001000
1046.692308,-0.006184,0.001000,0.001000,0.001000,0.001000,0.001000
1046.711538,-0.007446,0.001000,0.001000,0.001000,0.001000,0.001000
1046.730769,-0.008703,0.001000,0.001000,0.001000,0.001000,0.001000
1046.750000,-0.009954,0.001000,0.001000,0.001000,0.001000,0.001000
1046.769231,-0.011200,0.001000,0.001000,0.001000,0.001000,0.001000
1046.788462,-0.012437,0.001000,0.001000,0.001000,0.001000,0.001000
1046.807692,-0.013667,0.001000,0.001000,0.001000,0.001000,0.001000
1046.826923,-0.014888,0.001000,0.001000,0.001000,0.001000,0.001000
1046.846154,-0.016099,0.001000,0.001000,0.001000,0.001000,0.001000
1046.865385,-0.017300,0.001000,0.001000,0.001000,0.001000,0.001000
1046.884615,-0.018489,0.001000,0.001000,0.001000,0.001000,0.001000
1046.903846,-0.019667,0.001000,0.001000,0.001000,0.001000,0.001000
1046.923077,-0.020831,0.001000,0.001000,0.001000,0.001000,0.001000
1046.942308,-0.021983,0.001000,0.001000,0.001000,0.001000,0.001000
1046.961538,-0.023120,0.001000,0.001000,0.001000,0.001000,0.001000
1046.980769,-0.024241,0.001000,0.001000,0.001000,0.001000,0.001000
1047.000000,-0.025348,0.001000,0.001000,0.001000,0.001000,0.001000
1047.019231,-0.026437,0.001000,0.001000,0.001000,0.001000,0.001000
1047.038462,-0.027510,0.001000,0.001000,0.001000,0.001000,0.001000
1047.057692,-0.028565,0.001000,0.001000,0.001000,0.001000,0.001000
1047.076923,-0.029601,0.001000,0.001000,0.001000,0.001000,0.001000
1047.096154,-0.030618,0.001000,0.001000,0.001000,0.001000,0.001000
1047.115385,-0.031615,0.001000,0.001000,0.001000,0.001000,0.001000
1047.134615,-0.032591,0.001000,0.001000,0.001000,0.001000,0.001000
1047.153846,-0.033547,0.001000,0.001000,0.001000,0.001000,0.001000
1047.173077,-0.034481,0.001000,0.001000,0.001000,0.001000,0.001000
1047.192308,-0.035392,0.001000,0.001000,0.001000,0.001000,0.001000
1047.211538,-0.036280,0.001000,0.001000,0.001000,0.001000,0.001000
1047.230769,-0.037145,0.001000,0.001000,0.001000,0.001000,0.001000
1047.250000,-0.037985,0.001000,0.001000,0.001000,0.001000,0.001000
1047.269231,-0.038801,0.001000,0.001000,0.001000,0.001000,0.001000
1047.288462,-0.039592,0.001000,0.001000,0.001000,0.001000,0.001000
1047.307692,-0.040357,0.001000,0.001000,0.001000,0.001000,0.001000
1047.326923,-0.041096,0.001000,0.001000,0.001000,0.001000,0.001000
1047.346154,-0.041808,0.001000,0.001000,0.001000,0.001000,0.001000
1047.365385,-0.042493,0.001000,0.001000,0.001000,0.001000,0.001000
1047.384615,-0.043151,0.001000,0.001000,0.001000,0.001000,0.001000
1047.403846,-0.043780,0.001000,0.001000,0.001000,0.001000,0.001000
1047.423077,-0.044381,0.001000,0.001000,0.001000,0.001000,0.001000
1047.442308,-0.044954,0.001000,0.001000,0.001000,0.001000,0.001000
1047.461538,-0.045497,0.001000,0.001000,0.001000,0.001000,0.001000
1047.480769,-0.046010,0.001000,0.001000,0.001000,0.001000,0.001000
1047.500000,-0.046494,0.001000,0.001000,0.001000,0.001000,0.001000
1047.519231,-0.046947,0.001000,0.001000,0.001000,0.001000,0.001000
1047.538462,-0.047370,0.001000,0.001000,0.001000,0.001000,0.001000
1047.557692,-0.047763,0.001000,0.001000,0.001000,0.001000,0.001000
1047.576923,-0.048124,0.001000,0.001000,0.001000,0.001000,0.001000
1047.596154,-0.048454,0.001000,0.001000,0.001000,0.001000,0.001000
1047.615385,-0.048753,0.001000,0.001000,0.001000,0.001000,0.001000
1047.634615,-0.049019,0.001000,0.001000,0.001000,0.001000,0.001000
1047.653846,-0.049255,0.001000,0.001000,0.001000,0.001000,0.001000
1047.673077,-0.049458,0.001000,0.001000,0.001000,0.001000,0.001000
1047.692308,-0.049629,0.001000,0.001000,0.001000,0.001000,0.001000
1047.711538,-0.049768,0.001000,0.001000,0.001000,0.001000,0.001000
1047.730769,-0.049874,0.001000,0.001000,0.001000,0.001000,0.001000
1047.750000,-0.049948,0.001000,0.001000,0.001000,0.001000,0.001000
1047.769231,-0.049990,0.001000,0.001000,0.001000,0.001000,0.001000
1047.788462,-0.049999,0.001000,0.001000,0.001000,0.001000,0.001000
1047.807692,-0.049976,0.001000,0.001000,0.001000,0.001000,0.001000
1047.826923,-0.049920,0.001000,0.001000,0.001000,0.001000,0.001000
1047.846154,-0.049832,0.001000,0.001000,0.001000,0.001000,0.001000
1047.865385,-0.049712,0.001000,0.001000,0.001000,0.001000,0.001000
1047.884615,-0.049559,0.001000,0.001000,0.001000,0.001000,0.001000
1047.903846,-0.049375,0.001000,0.001000,0.001000,0.001000,0.001000
1047.923077,-0.049158,0.001000,0.001000,0.001000,0.001000,0.001000
1047.942308,-0.048909,0.001000,0.001000,0.001000,0.001000,0.001000
1047.961538,-0.048628,0.001000,0.001000,0.001000,0.001000,0.001000
1047.980769,-0.048316,0.001000,0.001000,0.001000,0.001000,0.001000
1048.000000,-0.047973,0.001000,0.001000,0.001000,0.001000,0.001000
1048.019231,-0.047598,0.001000,0.001000,0.001000,0.001000,0.001000
1048.038462,-0.047193,0.001000,0.001000,0.001000,0.001000,0.001000
1048.057692,-0.046757,0.001000,0.001000,0.001000,0.001000,0.001000
1048.076923,-0.046290,0.001000,0.001000,0.001000,0.001000,0.001000
1048.096154,-0.045794,0.001000,0.001000,0.001000,0.001000,0.001000
1048.115385,-0.045268,0.001000,0.001000,0.001000,0.001000,0.001000
1048.134615,-0.044712,0.001000,0.001000,0.001000,0.001000,0.001000
1048.153846,-0.044127,0.001000,0.001000,0.001000,0.001000,0.001000
1048.173077,-0.043514,0.001000,0.001000,0.001000,0.001000,0.001000
1048.192308,-0.042872,0.001000,0.001000,0.001000,0.001000,0.001000
1048.211538,-0.042203,0.001000,0.001000,0.001000,0.001000,0.001000
1048.230769,-0.041506,0.001000,0.001000,0.001000,0.001000,0.001000
1048.250000,-0.040783,0.001000,0.001000,0.001000,0.001000,0.001000
1048.269231,-0.040033,0.001000,0.001000,0.001000,0.001000,0.001000
1048.288462,-0.039256,0.001000,0.001000,0.001000,0.001000,0.001000
1048.307692,-0.038455,0.001000,0.001000,0.001000,0.001000,0.001000
1048.326923,-0.037628,0.001000,0.001000,0.001000,0.001000,0.001000
1048.346154,-0.036777,0.001000,0.001000,0.001000,0.001000,0.001000
1048.365385,-0.035902,0.001000,0.001000,0.001000,0.001000,0.001000
1048.384615,-0.035004,0.001000,0.001000,0.001000,0.001000,0.001000
1048.403846,-0.034083,0.001000,0.001000,0.001000,0.001000,0.001000
1048.423077,-0.033140,0.001000,0.001000,0.001000,0.001000,0.001000
1048.442308,-0.032176,0.001000,0.001000,0.001000,0.001000,0.001000
1048.461538,-0.031190,0.001000,0.001000,0.001000,0.001000,0.001000
1048.480769,-0.030184,0.001000,0.001000,0.001000,0.001000,0.001000
1048.500000,-0.029159,0.001000,0.001000,0.001000,0.001000,0.001000
1048.519231,-0.028115,0.001000,0.001000,0.001000,0.001000,0.001000
1048.538462,-0.027052,0.001000,0.001000,0.001000,0.001000,0.001000
1048.557692,-0.025972,0.001000,0.001000,0.001000,0.001000,0.001000
1048.576923,-0.024876,0.001000,0.001000,0.001000,0.001000,0.001000
1048.596154,-0.023763,0.001000,0.001000,0.001000,0.001000,0.001000
1048.615385,-0.022634,0.001000,0.001000,0.001000,0.001000,0.001000
1048.634615,-0.021491,0.001000,0.001000,0.001000,0.001000,0.001000
1048.653846,-0.020334,0.001000,0.001000,0.001000,0.001000,0.001000
1048.673077,-0.019164,0.001000,0.001000,0.001000,0.001000,0.001000
1048.692308,-0.017981,0.001000,0.001000,0.001000,0.001000,0.001000
1048.711538,-0.016786,0.001000,0.001000,0.001000,0.001000,0.001000
1048.730769,-0.015581,0.001000,0.001000,0.001000,0.001000,0.001000
1048.750000,-0.014366,0.001000,0.001000,0.001000,0.001000,0.001000
1048.769231,-0.013141,0.001000,0.001000,0.001000,0.001000,0.001000
1048.788462,-0.011908,0.001000,0.001000,0.001000,0.001000,0.001000
1048.807692,-0.010667,0.001000,0.001000,0.001000,0.001000,0.001000
1048.826923,-0.009419,0.001000,0.001000,0.001000,0.001000,0.001000
1048.846154,-0.008165,0.001000,0.001000,0.001000,0.001000,0.001000
1048.865385,-0.006906,0.001000,0.001000,0.001000,0.001000,0.001000
1048.884615,-0.005642,0.001000,0.001000,0.001000,0.001000,0.001000
1048.903846,-0.004374,0.001000,0.001000,0.001000,0.001000,0.001000
1048.923077,-0.003104,0.001000,0.001000,0.001000,0.001000,0.001000
1048.942308,-0.001832,0.001000,0.001000,0.001000,0.001000,0.001000
1048.961538,-0.000558,0.001000,0.001000,0.001000,0.001000,0.001000
1048.980769,0.000716,0.001000,0.001000,0.001000,0.001000,0.001000
1049.000000,0.001989,0.001000,0.001000,0.001000,0.001000,0.001000
1049.019231,0.003261,0.001000,0.001000,0.001000,0.001000,0.001000
1049.038462,0.004531,0.001000,0.001000,0.001000,0.001000,0.001000
1049.057692,0.005798,0.001000,0.001000,0.001000,0.001000,0.001000
1049.076923,0.007062,0.001000,0.001000,0.001000,0.001000,0.001000
1049.096154,0.008320,0.001000,0.001000,0.001000,0.001000,0.001000
1049.115385,0.009574,0.001000,0.001000,0.001000,0.001000,0.001000
1049.134615,0.010821,0.001000,0.001000,0.001000,0.001000,0.001000
1049.153846,0.012061,0.001000,0.001000,0.001000,0.001000,0.001000
1049.173077,0.013293,0.001000,0.001000,0.001000,0.001000,0.001000
1049.192308,0.014517,0.001000,0.001000,0.001000,0.001000,0.001000
1049.211538,0.015731,0.001000,0.001000,0.001000,0.001000,0.001000
1049.230769,0.016935,0.001000,0.001000,0.001000,0.001000,0.001000
1049.250000,0.018128,0.001000,0.001000,0.001000,0.001000,0.001000
1049.269231,0.019309,0.001000,0.001000,0.001000,0.001000,0.001000
1049.288462,0.020478,0.001000,0.001000,0.001000,0.001000,0.001000
1049.307692,0.021633,0.001000,0.001000,0.001000,0.001000,0.001000
1049.326923,0.022775,0.001000,0.001000,0.001000,0.001000,0.001000
1049.346154,0.023901,0.001000,0.001000,0.001000,0.001000,0.001000
1049.365385,0.025012,0.001000,0.001000,0.001000,0.001000,0.001000
1049.384615,0.026107,0.001000,0.001000,0.001000,0.001000,0.001000
1049.403846,0.027185,0.001000,0.001000,0.001000,0.001000,0.001000
1049.423077,0.028245,0.001000,0.001000,0.001000,0.001000,0.001000
1049.442308,0.029287,0.001000,0.001000,0.001000,0.001000,0.001000
1049.461538,0.030310,0.001000,0.001000,0.001000,0.001000,0.001000
1049.480769,0.031313,0.001000,0.001000,0.001000,0.001000,0.001000
1049.500000,0.032296,0.001000,0.001000,0.001000,0.001000,0.001000
1049.519231,0.033258,0.001000,0.001000,0.001000,0.001000,0.001000
1049.538462,0.034198,0.001000,0.001000,0.001000,0.001000,0.001000
1049.557692,0.035116,0.001000,0.001000,0.001000,0.001000,0.001000
1049.576923,0.036012,0.001000,0.001000,0.001000,0.001000,0.001000
1049.596154,0.036884,0.001000,0.001000,0.001000,0.001000,0.001000
1049.615385,0.037732,0.001000,0.001000,0.001000,0.001000,0.001000
1049.634615,0.038555,0.001000,0.001000,0.001000,0.001000,0.001000
1049.653846,0.039354,0.001000,0.001000,0.001000,0.001000,0.001000
1049.673077,0.040127,0.001000,0.001000,0.001000,0.001000,0.001000
1049.692308,0.040874,0.001000,0.001000,0.001000,0.001000,0.001000
1049.711538,0.041594,0.001000,0.001000,0.001000,0.001000,0.001000
1049.730769,0.042287,0.001000,0.001000,0.001000,0.001000,0.001000
1049.750000,0.042953,0.001000,0.001000,0.001000,0.001000,0.001000
1049.769231,0.043591,0.001000,0.001000,0.001000,0.001000,0.001000
1049.788462,0.044201,0.001000,0.001000,0.001000,0.001000,0.001000
1049.807692,0.044782,0.001000,0.001000,0.001000,0.001000,0.001000
1049.826923,0.045334,0.001000,0.001000,0.001000,0.001000,0.001000
1049.846154,0.045857,0.001000,0.001000,0.001000,0.001000,0.001000
1049.865385,0.046350,0.001000,0.001000,0.001000,0.001000,0.001000
1049.884615,0.046812,0.001000,0.001000,0.001000,0.001000,0.001000
1049.903846,0.047245,0.001000,0.001000,0.001000,0.001000,0.001000
1049.923077,0.047646,0.001000,0.001000,0.001000,0.001000,0.001000
1049.942308,0.048017,0.001000,0.001000,0.001000,0.001000,0.001000
1049.961538,0.048357,0.001000,0.001000,0.001000,0.001000,0.001000
1049.980769,0.048665,0.001000,0.001000,0.001000,0.001000,0.001000
1050.000000,0.048941,0.001000,0.001000,0.001000,0.001000,0.001000
1050.019231,0.049186,0.001000,0.001000,0.001000,0.001000,0.001000
1050.038462,0.049399,0.001000,0.001000,0.001000,0.001000,0.001000
1050.057692,0.049580,0.001000,0.001000,0.001000,0.001000,0.001000
1050.076923,0.049729,0.001000,0.001000,0.001000,0.001000,0.001000
1050.096154,0.049845,0.001000,0.001000,0.001000,0.001000,0.001000
1050.115385,0.049929,0.001000,0.001000,0.001000,0.001000,0.001000
1050.134615,0.049981,0.001000,0.001000,0.001000,0.001000,0.001000
1050.153846,0.050000,0.001000,0.001000,0.001000,0.001000,0.001000
1050.173077,0.049987,0.001000,0.001000,0.001000,0.001000,0.001000
1050.192308,0.049941,0.001000,0.001000,0.001000,0.001000,0.001000
1050.211538,0.049863,0.001000,0.001000,0.001000,0.001000,0.001000
1050.230769,0.049752,0.001000,0.001000,0.001000,0.001000,0.001000
1050.250000,0.049609,0.001000,0.001000,0.001000,0.001000,0.001000
1050.269231,0.049434,0.001000,0.001000,0.001000,0.001000,0.001000
1050.288462,0.049227,0.001000,0.001000,0.001000,0.001000,0.001000
1050.307692,0.048988,0.001000,0.001000,0.001000,0.001000,0.001000
1050.326923,0.048717,0.001000,0.001000,0.001000,0.001000,0.001000
1050.346154,0.048415,0.001000,0.001000,0.001000,0.001000,0.001000
1050.365385,0.048081,0.001000,0.001000,0.001000,0.001000,0.001000
1050.384615,0.047716,0.001000,0.001000,0.001000,0.001000,0.001000
1050.403846,0.047320,0.001000,0.001000,0.001000,0.001000,0.001000
1050.423077,0.046893,0.001000,0.001000,0.001000,0.001000,0.001000
1050.442308,0.046436,0.001000,0.001000,0.001000,0.001000,0.001000
1050.461538,0.045948,0.001000,0.001000,0.001000,0.001000,0.001000
1050.480769,0.045431,0.001000,0.001000,0.001000,0.001000,0.001000
1050.500000,0.044884,0.001000,0.001000,0.001000,0.001000,0.001000
1050.519231,0.044309,0.001000,0.001000,0.001000,0.001000,0.001000
1050.538462,0.043704,0.001000,0.001000,0.001000,0.001000,0.001000
1050.557692,0.043071,0.001000,0.001000,0.001000,0.001000,0.001000
1050.576923,0.042410,0.001000,0.001000,0.001000,0.001000,0.001000
1050.596154,0.041722,0.001000,0.001000,0.001000,0.001000,0.001000
1050.615385,0.041006,0.001000,0.001000,0.001000,0.001000,0.001000
1050.634615,0.040264,0.001000,0.001000,0.001000,0.001000,0.001000
1050.653846,0.039496,0.001000,0.001000,0.001000,0.001000,0.001000
1050.673077,0.038702,0.001000,0.001000,0.001000,0.001000,0.001000
1050.692308,0.037883,0.001000,0.001000,0.001000,0.001000,0.001000
1050.711538,0.037039,0.001000,0.001000,0.001000,0.001000,0.001000
1050.730769,0.036171,0.001000,0.001000,0.001000,0.001000,0.001000
1050.750000,0.035280,0.001000,0.001000,0.001000,0.001000,0.001000
1050.769231,0.034366,0.001000,0.001000,0.001000,0.001000,0.001000
1050.788462,0.033430,0.001000,0.001000,0.001000,0.001000,0.001000
1050.807692,0.032472,0.001000,0.001000,0.001000,0.001000,0.001000
1050.826923,0.031493,0.001000,0.001000,0.001000,0.001000,0.001000
1050.846154,0.030493,0.001000,0.001000,0.001000,0.001000,0.001000
1050.865385,0.029474,0.001000,0.001000,0.001000,0.001000,0.001000
1050.884615,0.028435,0.001000,0.001000,0.001000,0.001000,0.001000
1050.903846,0.027378,0.001000,0.001000,0.001000,0.001000,0.001000
1050.923077,0.026303,0.001000,0.001000,0.001000,0.001000,0.001000
1050.942308,0.025212,0.001000,0.001000,0.001000,0.001000,0.001000
1050.961538,0.024103,0.001000,0.001000,0.001000,0.001000,0.001000
1050.980769,0.022980,0.001000,0.001000,0.001000,0.001000,0.001000
1051.000000,0.021841,0.001000,0.001000,0.001000,0.001000,0.001000
1051.019231,0.020688,0.001000,0.001000,0.001000,0.001000,0.001000
1051.038462,0.019522,0.001000,0.001000,0.001000,0.001000,0.001000
1051.057692,0.018343,0.001000,0.001000,0.001000,0.001000,0.001000
1051.076923,0.017152,0.001000,0.001000,0.001000,0.001000,0.001000
1051.096154,0.015950,0.001000,0.001000,0.001000,0.001000,0.001000
1051.115385,0.014737,0.001000,0.001000,0.001000,0.001000,0.001000
1051.134615,0.013515,0.001000,0.001000,0.001000,0.001000,0.001000
1051.153846,0.012285,0.001000,0.001000,0.001000,0.001000,0.001000
1051.173077,0.011046,0.001000,0.001000,0.001000,0.001000,0.001000
1051.192308,0.009800,0.001000,0.001000,0.001000,0.001000,0.001000
1051.211538,0.008548,0.001000,0.001000,0.001000,0.001000,0.001000
1051.230769,0.007290,0.001000,0.001000,0.001000,0.001000,0.001000
1051.250000,0.006027,0.001000,0.001000,0.001000,0.001000,0.001000
1051.269231,0.004761,0.001000,0.001000,0.001000,0.001000,0.001000
1051.288462,0.003491,0.001000,0.001000,0.001000,0.001000,0.001000
1051.307692,0.002220,0.001000,0.001000,0.001000,0.001000,0.001000
1051.326923,0.000946,0.001000,0.001000,0.001000,0.001000,0.001000
1051.346154,-0.000328,0.001000,0.001000,0.001000,0.001000,0.001000
1051.365385,-0.001601,0.001000,0.001000,0.001000,0.001000,0.001000
1051.384615,-0.002874,0.001000,0.001000,0.001000,0.001000,0.001000
1051.403846,-0.004145,0.001000,0.001000,0.001000,0.001000,0.001000
1051.423077,-0.005413,0.001000,0.001000,0.001000,0.001000,0.001000
1051.442308,-0.006677,0.001000,0.001000,0.001000,0.001000,0.001000
1051.461538,-0.007937,0.001000,0.001000,0.001000,0.001000,0.001000
1051.480769,-0.009192,0.001000,0.001000,0.001000,0.001000,0.001000
1051.500000,-0.010441,0.001000,0.001000,0.001000,0.001000,0.001000
1051.519231,-0.011684,0.001000,0.001000,0.001000,0.001000,0.001000
1051.538462,-0.012918,0.001000,0.001000,0.001000,0.001000,0.001000
1051.557692,-0.014145,0.001000,0.001000,0.001000,0.001000,0.001000
1051.576923,-0.015362,0.001000,0.001000,0.001000,0.001000,0.001000
1051.596154,-0.016569,0.001000,0.001000,0.001000,0.001000,0.001000
1051.615385,-0.017766,0.001000,0.001000,0.001000,0.001000,0.001000
1051.634615,-0.018950,0.001000,0.001000,0.001000,0.001000,0.001000
1051.653846,-0.020123,0.001000,0.001000,0.001000,0.001000,0.001000
1051.673077,-0.021283,0.001000,0.001000,0.001000,0.001000,0.001000
1051.692308,-0.022428,0.001000,0.001000,0.001000,0.001000,0.001000
1051.711538,-0.023559,0.001000,0.001000,0.001000,0.001000,0.001000
1051.730769,-0.024675,0.001000,0.001000,0.001000,0.001000,0.001000
1051.750000,-0.025775,0.001000,0.001000,0.001000,0.001000,0.001000
1051.769231,-0.026858,0.001000,0.001000,0.001000,0.001000,0.001000
1051.788462,-0.027924,0.001000,0.001000,0.001000,0.001000,0.001000
1051.807692,-0.028972,0.001000,0.001000,0.001000,0.001000,0.001000
1051.826923,-0.030000,0.001000,0.001000,0.001000,0.001000,0.001000
1051.846154,-0.031010,0.001000,0.001000,0.001000,0.001000,0.001000
1051.865385,-0.031999,0.001000,0.001000,0.001000,0.001000,0.001000
1051.884615,-0.032967,0.001000,0.001000,0.001000,0.001000,0.001000
1051.903846,-0.033914,0.001000,0.001000,0.001000,0.001000,0.001000
1051.923077,-0.034839,0.001000,0.001000,0.001000,0.001000,0.001000
1051.942308,-0.035741,0.001000,0.001000,0.001000,0.001000,0.001000
1051.961538,-0.036621,0.001000,0.001000,0.001000,0.001000,0.001000
1051.980769,-0.037476,0.001000,0.001000,0.001000,0.001000,0.001000
1052.000000,-0.038307,0.001000,0.001000,0.001000,0.001000,0.001000
1052.019231,-0.039113,0.001000,0.001000,0.001000,0.001000,0.001000
1052.038462,-0.039894,0.001000,0.001000,0.001000,0.001000,0.001000
1052.057692,-0.040649,0.001000,0.001000,0.001000,0.001000,0.001000
1052.076923,-0.041377,0.001000,0.001000,0.001000,0.001000,0.001000
1052.096154,-0.042079,0.001000,0.001000,0.001000,0.001000,0.001000
1052.115385,-0.042753,0.001000,0.001000,0.001000,0.001000,0.001000
1052.134615,-0.043400,0.001000,0.001000,0.001000,0.001000,0.001000
1052.153846,-0.044018,0.001000,0.001000,0.001000,0.001000,0.001000
1052.173077,-0.044608,0.001000,0.001000,0.001000,0.001000,0.001000
1052.192308,-0.045169,0.001000,0.001000,0.001000,0.001000,0.001000
1052.211538,-0.045701,0.001000,0.001000,0.001000,0.001000,0.001000
1052.230769,-0.046203,0.001000,0.001000,0.001000,0.001000,0.001000
1052.250000,-0.046675,0.001000,0.001000,0.001000,0.001000,0.001000
1052.269231,-0.047116,0.001000,0.001000,0.001000,0.001000,0.001000
1052.288462,-0.047527,0.001000,0.001000,0.001000,0.001000,0.001000
1052.307692,-0.047907,0.001000,0.001000,0.001000,0.001000,0.001000
1052.326923,-0.048257,0.001000,0.001000,0.001000,0.001000,0.001000
1052.346154,-0.048574,0.001000,0.001000,0.001000,0.001000,0.001000
1052.365385,-0.048861,0.001000,0.001000,0.001000,0.001000,0.001000
1052.384615,-0.049115,0.001000,0.001000,0.001000,0.001000,0.001000
1052.403846,-0.049338,0.001000,0.001000,0.001000,0.001000,0.001000
1052.423077,-0.049528,0.001000,0.001000,0.001000,0.001000,0.001000
1052.442308,-0.049687,0.001000,0.001000,0.001000,0.001000,0.001000
1052.461538,-0.049813,0.001000,0.001000,0.001000,0.001000,0.001000
1052.480769,-0.049907,0.001000,0.001000,0.001000,0.001000,0.001000
1052.500000,-0.049968,0.001000,0.001000,0.001000,0.001000,0.001000
1052.519231,-0.049997,0.001000,0.001000,0.001000,0.001000,0.001000
1052.538462,-0.049994,0.001000,0.001000,0.001000,0.001000,0.001000
1052.557692,-0.049958,0.001000,0.001000,0.001000,0.001000,0.001000
1052.576923,-0.049890,0.001000,0.001000,0.001000,0.001000,0.001000
1052.596154,-0.049789,0.001000,0.001000,0.001000,0.001000,0.001000
1052.615385,-0.049656,0.001000,0.001000,0.001000,0.001000,0.001000
1052.634615,-0.049491,0.001000,0.001000,0.001000,0.001000,0.001000
1052.653846,-0.049294,0.001000,0.001000,0.001000,0.001000,0.001000
1052.673077,-0.049064,0.001000,0.001000,0.001000,0.001000,0.001000
1052.692308,-0.048803,0.001000,0.001000,0.001000,0.001000,0.001000
1052.711538,-0.048510,0.001000,0.001000,0.001000,0.001000,0.001000
1052.730769,-0.048186,0.001000,0.001000,0.001000,0.001000,0.001000
1052.750000,-0.047830,0.001000,0.001000,0.001000,0.001000,0.001000
1052.769231,-0.047444,0.001000,0.001000,0.001000,0.001000,0.001000
1052.788462,-0.047026,0.001000,0.001000,0.001000,0.001000,0.001000
1052.807692,-0.046578,0.001000,0.001000,0.001000,0.001000,0.001000
1052.826923,-0.046100,0.001000,0.001000,0.001000,0.001000,0.001000
1052.846154,-0.045592,0.001000,0.001000,0.001000,0.001000,0.001000
1052.865385,-0.045054,0.001000,0.001000,0.001000,0.001000,0.001000
1052.884615,-0.044487,0.001000,0.001000,0.001000,0.001000,0.001000
1052.903846,-0.043891,0.001000,0.001000,0.001000,0.001000,0.001000
1052.923077,-0.043267,0.001000,0.001000,0.001000,0.001000,0.001000
1052.942308,-0.042614,0.001000,0.001000,0.001000,0.001000,0.001000
1052.961538,-0.041934,0.001000,0.001000,0.001000,0.001000,0.001000
1052.980769,-0.041227,0.001000,0.001000,0.001000,0.001000,0.001000
1053.000000,-0.040493,0.001000,0.001000,0.001000,0.001000,0.001000
1053.019231,-0.039733,0.001000,0.001000,0.001000,0.001000,0.001000
1053.038462,-0.038946,0.001000,0.001000,0.001000,0.001000,0.001000
1053.057692,-0.038135,0.001000,0.001000,0.001000,0.001000,0.001000
1053.076923,-0.037299,0.001000,0.001000,0.001000,0.001000,0.001000
1053.096154,-0.036438,0.001000,0.001000,0.001000,0.001000,0.001000
1053.115385,-0.035554,0.001000,0.001000,0.001000,0.001000,0.001000
1053.134615,-0.034647,0.001000,0.001000,0.001000,0.001000,0.001000
1053.153846,-0.033717,0.001000,0.001000,0.001000,0.001000,0.001000
1053.173077,-0.032766,0.001000,0.001000,0.001000,0.001000,0.001000
1053.192308,-0.031793,0.001000,0.001000,0.001000,0.001000,0.001000
1053.211538,-0.030800,0.001000,0.001000,0.001000,0.001000,0.001000
1053.230769,-0.029786,0.001000,0.001000,0.001000,0.001000,0.001000
1053.250000,-0.028754,0.001000,0.001000,0.001000,0.001000,0.001000
1053.269231,-0.027702,0.001000,0.001000,0.001000,0.001000,0.001000
1053.288462,-0.026633,0.001000,0.001000,0.001000,0.001000,0.001000
1053.307692,-0.025546,0.001000,0.001000,0.001000,0.001000,0.001000
1053.326923,-0.024443,0.001000,0.001000,0.001000,0.001000,0.001000
1053.346154,-0.023324,0.001000,0.001000,0.001000,0.001000,0.001000
1053.365385,-0.022189,0.001000,0.001000,0.001000,0.001000,0.001000
1053.384615,-0.021041,0.001000,0.001000,0.001000,0.001000,0.001000
1053.403846,-0.019878,0.001000,0.001000,0.001000,0.001000,0.001000
1053.423077,-0.018703,0.001000,0.001000,0.001000,0.001000,0.001000
1053.442308,-0.017516,0.001000,0.001000,0.001000,0.001000,0.001000
1053.461538,-0.016317,0.001000,0.001000,0.001000,0.001000,0.001000
1053.480769,-0.015108,0.001000,0.001000,0.001000,0.001000,0.001000
1053.500000,-0.013889,0.001000,0.001000,0.001000,0.001000,0.001000
1053.519231,-0.012660,0.001000,0.001000,0.001000,0.001000,0.001000
1053.538462,-0.011424,0.001000,0.001000,0.001000,0.001000,0.001000
1053.557692,-0.010180,0.001000,0.001000,0.001000,0.001000,0.001000
1053.576923,-0.008930,0.001000,0.001000,0.001000,0.001000,0.001000
1053.596154,-0.007674,0.001000,0.001000,0.001000,0.001000,0.001000
1053.615385,-0.006413,0.001000,0.001000,0.001000,0.001000,0.001000
1053.634615,-0.005147,0.001000,0.001000,0.001000,0.001000,0.001000
1053.653846,-0.003879,0.001000,0.001000,0.001000,0.001000,0.001000
1053.673077,-0.002607,0.001000,0.001000,0.001000,0.001000,0.001000
1053.692308,-0.001334,0.001000,0.001000,0.001000,0.001000,0.001000
1053.711538,-0.000061,0.001000,0.001000,0.001000,0.001000,0.001000
1053.730769,0.001213,0.001000,0.001000,0.001000,0.001000,0.001000
1053.750000,0.002486,0.001000,0.001000,0.001000,0.001000,0.001000
1053.769231,0.003758,0.001000,0.001000,0.001000,0.001000,0.001000
1053.788462,0.005026,0.001000,0.001000,0.001000,0.001000,0.001000
1053.807692,0.006292,0.001000,0.001000,0.001000,0.001000,0.001000
1053.826923,0.007554,0.001000,0.001000,0.001000,0.001000,0.001000
1053.846154,0.008810,0.001000,0.001000,0.001000,0.001000,0.001000
1053.865385,0.010061,0.001000,0.001000,0.001000,0.001000,0.001000
1053.884615,0.011306,0.001000,0.001000,0.001000,0.001000,0.001000
1053.903846,0.012543,0.001000,0.001000,0.001000,0.001000,0.001000
1053.923077,0.013772,0.001000,0.001000,0.001000,0.001000,0.001000
1053.942308,0.014992,0.001000,0.001000,0.001000,0.001000,0.001000
1053.961538,0.016202,0.001000,0.001000,0.001000,0.001000,0.001000
1053.980769,0.017402,0.001000,0.001000,0.001000,0.001000,0.001000
1054.000000,0.018591,0.001000,0.001000,0.001000,0.001000,0.001000
1054.019231,0.019767,0.001000,0.001000,0.001000,0.001000,0.001000
1054.038462,0.020931,0.001000,0.001000,0.001000,0.001000,0.001000
1054.057692,0.022081,0.001000,0.001000,0.001000,0.001000,0.001000
1054.076923,0.023216,0.001000,0.001000,0.001000,0.001000,0.001000
1054.096154,0.024337,0.001000,0.001000,0.001000,0.001000,0.001000
1054.115385,0.025442,0.001000,0.001000,0.001000,0.001000,0.001000
1054.134615,0.026530,0.001000,0.001000,0.001000,0.001000,0.001000
1054.153846,0.027601,0.001000,0.001000,0.001000,0.001000,0.001000
1054.173077,0.028654,0.001000,0.001000,0.001000,0.001000,0.001000
1054.192308,0.029689,0.001000,0.001000,0.001000,0.001000,0.001000
1054.211538,0.030704,0.001000,0.001000,0.001000,0.001000,0.001000
1054.230769,0.031699,0.001000,0.001000,0.001000,0.001000,0.001000
1054.250000,0.032674,0.001000,0.001000,0.001000,0.001000,0.001000
1054.269231,0.033628,0.001000,0.001000,0.001000,0.001000,0.001000
1054.288462,0.034560,0.001000,0.001000,0.001000,0.001000,0.001000
1054.307692,0.035469,0.001000,0.001000,0.001000,0.001000,0.001000
1054.326923,0.036355,0.001000,0.001000,0.001000,0.001000,0.001000
1054.346154,0.037218,0.001000,0.001000,0.001000,0.001000,0.001000
1054.365385,0.038056,0.001000,0.001000,0.001000,0.001000,0.001000
1054.384615,0.038870,0.001000,0.001000,0.001000,0.001000,0.001000
1054.403846,0.039659,0.001000,0.001000,0.001000,0.001000,0.001000
1054.423077,0.040422,0.001000,0.001000,0.001000,0.001000,0.001000
1054.442308,0.041158,0.001000,0.001000,0.001000,0.001000,0.001000
1054.461538,0.041868,0.001000,0.001000,0.001000,0.001000,0.001000
1054.480769,0.042551,0.001000,0.001000,0.001000,0.001000,0.001000
1054.500000,0.043206,0.001000,0.001000,0.001000,0.001000,0.001000
1054.519231,0.043833,0.001000,0.001000,0.001000,0.001000,0.001000
1054.538462,0.044432,0.001000,0.001000,0.001000,0.001000,0.001000
1054.557692,0.045001,0.001000,0.001000,0.001000,0.001000,0.001000
1054.576923,0.045542,0.001000,0.001000,0.001000,0.001000,0.001000
1054.596154,0.046053,0.001000,0.001000,0.001000,0.001000,0.001000
1054.615385,0.046534,0.001000,0.001000,0.001000,0.001000,0.001000
1054.634615,0.046985,0.001000,0.001000,0.001000,0.001000,0.001000
1054.653846,0.047405,0.001000,0.001000,0.001000,0.001000,0.001000
1054.673077,0.047795,0.001000,0.001000,0.001000,0.001000,0.001000
1054.692308,0.048153,0.001000,0.001000,0.001000,0.001000,0.001000
1054.711538,0.048481,0.001000,0.001000,0.001000,0.001000,0.001000
1054.730769,0.048777,0.001000,0.001000,0.001000,0.001000,0.001000
1054.750000,0.049041,0.001000,0.001000,0.001000,0.001000,0.001000
1054.769231,0.049273,0.001000,0.001000,0.001000,0.001000,0.001000
1054.788462,0.049474,0.001000,0.001000,0.001000,0.001000,0.001000
1054.807692,0.049642,0.001000,0.001000,0.001000,0.001000,0.001000
1054.826923,0.049778,0.001000,0.001000,0.001000,0.001000,0.001000
1054.846154,0.049882,0.001000,0.001000,0.001000,0.001000,0.001000
1054.865385,0.049953,0.001000,0.001000,0.001000,0.001000,0.001000
1054.884615,0.049992,0.001000,0.001000,0.001000,0.001000,0.001000
1054.903846,0.049999,0.001000,0.001000,0.001000,0.001000,0.001000
1054.923077,0.049973,0.001000,0.001000,0.001000,0.001000,0.001000
1054.942308,0.049914,0.001000,0.001000,0.001000,0.001000,0.001000
1054.961538,0.049823,0.001000,0.001000,0.001000,0.001000,0.001000
1054.980769,0.049700,0.001000,0.001000,0.001000,0.001000,0.001000
1055.000000,0.049545,0.001000,0.001000,0.001000,0.001000,0.001000
1055.019231,0.049357,0.001000,0.001000,0.001000,0.001000,0.001000
1055.038462,0.049138,0.001000,0.001000,0.001000,0.001000,0.001000
1055.057692,0.048886,0.001000,0.001000,0.001000,0.001000,0.001000
1055.076923,0.048603,0.001000,0.001000,0.001000,0.001000,0.001000
1055.096154,0.048288,0.001000,0.001000,0.001000,0.001000,0.001000
1055.115385,0.047942,0.001000,0.001000,0.001000,0.001000,0.001000
1055.134615,0.047565,0.001000,0.001000,0.001000,0.001000,0.001000
1055.153846,0.047157,0.001000,0.001000,0.001000,0.001000,0.001000
1055.173077,0.046718,0.001000,0.001000,0.001000,0.001000,0.001000
1055.192308,0.046249,0.001000,0.001000,0.001000,0.001000,0.001000
1055.211538,0.045750,0.001000,0.001000,0.001000,0.001000,0.001000
1055.230769,0.045221,0.001000,0.001000,0.001000,0.001000,0.001000
1055.250000,0.044663,0.001000,0.001000,0.001000,0.001000,0.001000
1055.269231,0.044076,0.001000,0.001000,0.001000,0.001000,0.001000
1055.288462,0.043460,0.001000,0.001000,0.001000,0.001000,0.001000
1055.307692,0.042816,0.001000,0.001000,0.001000,0.001000,0.001000
1055.326923,0.042144,0.001000,0.001000,0.001000,0.001000,0.001000
1055.346154,0.041445,0.001000,0.001000,0.001000,0.001000,0.001000
1055.365385,0.040719,0.001000,0.001000,0.001000,0.001000,0.001000
1055.384615,0.039967,0.001000,0.001000,0.001000,0.001000,0.001000
1055.403846,0.039189,0.001000,0.001000,0.001000,0.001000,0.001000
1055.423077,0.038385,0.001000,0.001000,0.001000,0.001000,0.001000
1055.442308,0.037556,0.001000,0.001000,0.001000,0.001000,0.001000
1055.461538,0.036703,0.001000,0.001000,0.001000,0.001000,0.001000
1055.480769,0.035826,0.001000,0.001000,0.001000,0.001000,0.001000
1055.500000,0.034926,0.001000,0.001000,0.001000,0.001000,0.001000
1055.519231,0.034003,0.001000,0.001000,0.001000,0.001000,0.001000
1055.538462,0.033058,0.001000,0.001000,0.001000,0.001000,0.001000
1055.557692,0.032092,0.001000,0.001000,0.001000,0.001000,0.001000
1055.576923,0.031105,0.001000,0.001000,0.001000,0.001000,0.001000
1055.596154,0.030097,0.001000,0.001000,0.001000,0.001000,0.001000
1055.615385,0.029070,0.001000,0.001000,0.001000,0.001000,0.001000
1055.634615,0.028025,0.001000,0.001000,0.001000,0.001000,0.001000
1055.653846,0.026961,0.001000,0.001000,0.001000,0.001000,0.001000
1055.673077,0.025879,0.001000,0.001000,0.001000,0.001000,0.001000
1055.692308,0.024781,0.001000,0.001000,0.001000,0.001000,0.001000
1055.711538,0.023666,0.001000,0.001000,0.001000,0.001000,0.001000
1055.730769,0.022537,0.001000,0.001000,0.001000,0.001000,0.001000
1055.750000,0.021392,0.001000,0.001000,0.001000,0.001000,0.001000
1055.769231,0.020234,0.001000,0.001000,0.001000,0.001000,0.001000
1055.788462,0.019063,0.001000,0.001000,0.001000,0.001000,0.001000
1055.807692,0.017879,0.001000,0.001000,0.001000,0.001000,0.001000
1055.826923,0.016684,0.001000,0.001000,0.001000,0.001000,0.001000
1055.846154,0.015477,0.001000,0.001000,0.001000,0.001000,0.001000
1055.865385,0.014261,0.001000,0.001000,0.001000,0.001000,0.001000
1055.884615,0.013036,0.001000,0.001000,0.001000,0.001000,0.001000
1055.903846,0.011802,0.001000,0.001000,0.001000,0.001000,0.001000
1055.923077,0.010560,0.001000,0.001000,0.001000,0.001000,0.001000
1055.942308,0.009312,0.001000,0.001000,0.001000,0.001000,0.001000
1055.961538,0.008057,0.001000,0.001000,0.001000,0.001000,0.001000
1055.980769,0.006797,0.001000,0.001000,0.001000,0.001000,0.001000
1056.000000,0.005533,0.001000,0.001000,0.001000,0.001000,0.001000
1056.019231,0.004265,0.001000,0.001000,0.001000,0.001000,0.001000
1056.038462,0.002995,0.001000,0.001000,0.001000,0.001000,0.001000
1056.057692,0.001723,0.001000,0.001000,0.001000,0.001000,0.001000
1056.076923,0.000449,0.001000,0.001000,0.001000,0.001000,0.001000
1056.096154,-0.000825,0.001000,0.001000,0.001000,0.001000,0.001000
1056.115385,-0.002098,0.001000,0.001000,0.001000,0.001000,0.001000
1056.134615,-0.003370,0.001000,0.001000,0.001000,0.001000,0.001000
1056.153846,-0.004640,0.001000,0.001000,0.001000,0.001000,0.001000
1056.173077,-0.005907,0.001000,0.001000,0.001000,0.001000,0.001000
1056.192308,-0.007170,0.001000,0.001000,0.001000,0.001000,0.001000
1056.211538,-0.008428,0.001000,0.001000,0.001000,0.001000,0.001000
1056.230769,-0.009681,0.001000,0.001000,0.001000,0.001000,0.001000
1056.250000,-0.010927,0.001000,0.001000,0.001000,0.001000,0.001000
1056.269231,-0.012167,0.001000,0.001000,0.001000,0.001000,0.001000
1056.288462,-0.013398,0.001000,0.001000,0.001000,0.001000,0.001000
1056.307692,-0.014621,0.001000,0.001000,0.001000,0.001000,0.001000
1056.326923,-0.015835,0.001000,0.001000,0.001000,0.001000,0.001000
1056.346154,-0.017038,0.001000,0.001000,0.001000,0.001000,0.001000
1056.365385,-0.018230,0.001000,0.001000,0.001000,0.001000,0.001000
1056.384615,-0.019410,0.001000,0.001000,0.001000,0.001000,0.001000
1056.403846,-0.020577,0.001000,0.001000,0.001000,0.001000,0.001000
1056.423077,-0.021732,0.001000,0.001000,0.001000,0.001000,0.001000
1056.442308,-0.022872,0.001000,0.001000,0.001000,0.001000,0.001000
1056.461538,-0.023997,0.001000,0.001000,0.001000,0.001000,0.001000
1056.480769,-0.025107,0.001000,0.001000,0.001000,0.001000,0.001000
1056.500000,-0.026200,0.001000,0.001000,0.001000,0.001000,0.001000
1056.519231,-0.027277,0.001000,0.001000,0.001000,0.001000,0.001000
1056.538462,-0.028335,0.001000,0.001000,0.001000,0.001000,0.001000
1056.557692,-0.029375,0.001000,0.001000,0.001000,0.001000,0.001000
1056.576923,-0.030397,0.001000,0.001000,0.001000,0.001000,0.001000
1056.596154,-0.031398,0.001000,0.001000,0.001000,0.001000,0.001000
1056.615385,-0.032379,0.001000,0.001000,0.001000,0.001000,0.001000
1056.634615,-0.033339,0.001000,0.001000,0.001000,0.001000,0.001000
1056.653846,-0.034278,0.001000,0.001000,0.001000,0.001000,0.001000
1056.673077,-0.035194,0.001000,0.001000,0.001000,0.001000,0.001000
1056.692308,-0.036087,0.001000,0.001000,0.001000,0.001000,0.001000
1056.711538,-0.036957,0.001000,0.001000,0.001000,0.001000,0.001000
1056.730769,-0.037803,0.001000,0.001000,0.001000,0.001000,0.001000
1056.750000,-0.038625,0.001000,0.001000,0.001000,0.001000,0.001000
1056.769231,-0.039421,0.001000,0.001000,0.001000,0.001000,0.001000
1056.788462,-0.040192,0.001000,0.001000,0.001000,0.001000,0.001000
1056.807692,-0.040937,0.001000,0.001000,0.001000,0.001000,0.001000
1056.826923,-0.041655,0.001000,0.001000,0.001000,0.001000,0.001000
1056.846154,-0.042346,0.001000,0.001000,0.001000,0.001000,0.001000
1056.865385,-0.043009,0.001000,0.001000,0.001000,0.001000,0.001000
1056.884615,-0.043645,0.001000,0.001000,0.001000,0.001000,0.001000
1056.903846,-0.044252,0.001000,0.001000,0.001000,0.001000,0.001000
1056.923077,-0.044831,0.001000,0.001000,0.001000,0.001000,0.001000
1056.942308,-0.045380,0.001000,0.001000,0.001000,0.001000,0.001000
1056.961538,-0.045900,0.001000,0.001000,0.001000,0.001000,0.001000
1056.980769,-0.046391,0.001000,0.001000,0.001000,0.001000,0.001000
1057.000000,-0.046851,0.001000,0.001000,0.001000,0.001000,0.001000
1057.019231,-0.047280,0.001000,0.001000,0.001000,0.001000,0.001000
1057.038462,-0.047679,0.001000,0.001000,0.001000,0.001000,0.001000
1057.057692,-0.048047,0.001000,0.001000,0.001000,0.001000,0.001000
1057.076923,-0.048384,0.001000,0.001000,0.001000,0.001000,0.001000
1057.096154,-0.048690,0.001000,0.001000,0.001000,0.001000,0.001000
1057.115385,-0.048964,0.001000,0.001000,0.001000,0.001000,0.001000
1057.134615,-0.049206,0.001000,0.001000,0.001000,0.001000,0.001000
1057.153846,-0.049416,0.001000,0.001000,0.001000,0.001000,0.001000
1057.173077,-0.049594,0.001000,0.001000,0.001000,0.001000,0.001000
1057.192308,-0.049740,0.001000,0.001000,0.001000,0.001000,0.001000
1057.211538,-0.049854,0.001000,0.001000,0.001000,0.001000,0.001000
1057.230769,-0.049935,0.001000,0.001000,0.001000,0.001000,0.001000
1057.250000,-0.049984,0.001000,0.001000,0.001000,0.001000,0.001000
1057.269231,-0.050000,0.001000,0.001000,0.001000,0.001000,0.001000
1057.288462,-0.049984,0.001000,0.001000,0.001000,0.001000,0.001000
1057.307692,-0.049935,0.001000,0.001000,0.001000,0.001000,0.001000
1057.326923,-0.049854,0.001000,0.001000,0.001000,0.001000,0.001000
1057.346154,-0.049741,0.001000,0.001000,0.001000,0.001000,0.001000
1057.365385,-0.049596,0.001000,0.001000,0.001000,0.001000,0.001000
1057.384615,-0.049418,0.001000,0.001000,0.001000,0.001000,0.001000
1057.403846,-0.049208,0.001000,0.001000,0.001000,0.001000,0.001000
1057.423077,-0.048966,0.001000,0.001000,0.001000,0.001000,0.001000
1057.442308,-0.048693,0.001000,0.001000,0.001000,0.001000,0.001000
1057.461538,-0.048387,0.001000,0.001000,0.001000,0.001000,0.001000
1057.480769,-0.048051,0.001000,0.001000,0.001000,0.001000,0.001000
1057.500000,-0.047683,0.001000,0.001000,0.001000,0.001000,0.001000
1057.519231,-0.047284,0.001000,0.001000,0.001000,0.001000,0.001000
1057.538462,-0.046855,0.001000,0.001000,0.001000,0.001000,0.001000
1057.557692,-0.046395,0.001000,0.001000,0.001000,0.001000,0.001000
1057.576923,-0.045905,0.001000,0.001000,0.001000,0.001000,0.001000
1057.596154,-0.045385,0.001000,0.001000,0.001000,0.001000,0.001000
1057.615385,-0.044836,0.001000,0.001000,0.001000,0.001000,0.001000
1057.634615,-0.044258,0.001000,0.001000,0.001000,0.001000,0.001000
1057.653846,-0.043651,0.001000,0.001000,0.001000,0.001000,0.001000
1057.673077,-0.043015,0.001000,0.001000,0.001000,0.001000,0.001000
1057.692308,-0.042352,0.001000,0.001000,0.001000,0.001000,0.001000
1057.711538,-0.041661,0.001000,0.001000,0.001000,0.001000,0.001000
1057.730769,-0.040944,0.001000,0.001000,0.001000,0.001000,0.001000
1057.750000,-0.040199,0.001000,0.001000,0.001000,0.001000,0.001000
1057.769231,-0.039429,0.001000,0.001000,0.001000,0.001000,0.001000
1057.788462,-0.038632,0.001000,0.001000,0.001000,0.001000,0.001000
1057.807692,-0.037811,0.001000,0.001000,0.001000,0.001000,0.001000
1057.826923,-0.036966,0.001000,0.001000,0.001000,0.001000,0.001000
1057.846154,-0.036096,0.001000,0.001000,0.001000,0.001000,0.001000
1057.865385,-0.035203,0.001000,0.001000,0.001000,0.001000,0.001000
1057.884615,-0.034287,0.001000,0.001000,0.001000,0.001000,0.001000
1057.903846,-0.033349,0.001000,0.001000,0.001000,0.001000,0.001000
1057.923077,-0.032389,0.001000,0.001000,0.001000,0.001000,0.001000
1057.942308,-0.031408,0.001000,0.001000,0.001000,0.001000,0.001000
1057.961538,-0.030406,0.001000,0.001000,0.001000,0.001000,0.001000
1057.980769,-0.029385,0.001000,0.001000,0.001000,0.001000,0.001000
1058.000000,-0.028345,0.001000,0.001000,0.001000,0.001000,0.001000
1058.019231,-0.027287,0.001000,0.001000,0.001000,0.001000,0.001000
1058.038462,-0.026211,0.001000,0.001000,0.001000,0.001000,0.001000
1058.057692,-0.025117,0.001000,0.001000,0.001000,0.001000,0.001000
1058.076923,-0.024008,0.001000,0.001000,0.001000,0.001000,0.001000
1058.096154,-0.022883,0.001000,0.001000,0.001000,0.001000,0.001000
1058.115385,-0.021743,0.001000,0.001000,0.001000,0.001000,0.001000
1058.134615,-0.020589,0.001000,0.001000,0.001000,0.001000,0.001000
1058.153846,-0.019421,0.001000,0.001000,0.001000,0.001000,0.001000
1058.173077,-0.018241,0.001000,0.001000,0.001000,0.001000,0.001000
1058.192308,-0.017049,0.001000,0.001000,0.001000,0.001000,0.001000
1058.211538,-0.015846,0.001000,0.001000,0.001000,0.001000,0.001000
1058.230769,-0.014633,0.001000,0.001000,0.001000,0.001000,0.001000
1058.250000,-0.013410,0.001000,0.001000,0.001000,0.001000,0.001000
1058.269231,-0.012179,0.001000,0.001000,0.001000,0.001000,0.001000
1058.288462,-0.010939,0.001000,0.001000,0.001000,0.001000,0.001000
1058.307692,-0.009693,0.001000,0.001000,0.001000,0.001000,0.001000
1058.326923,-0.008440,0.001000,0.001000,0.001000,0.001000,0.001000
1058.346154,-0.007182,0.001000,0.001000,0.001000,0.001000,0.001000
1058.365385,-0.005919,0.001000,0.001000,0.001000,0.001000,0.001000
1058.384615,-0.004652,0.001000,0.001000,0.001000,0.001000,0.001000
1058.403846,-0.003382,0.001000,0.001000,0.001000,0.001000,0.001000
1058.423077,-0.002110,0.001000,0.001000,0.001000,0.001000,0.001000
1058.442308,-0.000837,0.001000,0.001000,0.001000,0.001000,0.001000
1058.461538,0.000437,0.001000,0.001000,0.001000,0.001000,0.001000
1058.480769,0.001710,0.001000,0.001000,0.001000,0.001000,0.001000
1058.500000,0.002983,0.001000,0.001000,0.001000,0.001000,0.001000
1058.519231,0.004253,0.001000,0.001000,0.001000,0.001000,0.001000
1058.538462,0.005521,0.001000,0.001000,0.001000,0.001000,0.001000
1058.557692,0.006785,0.001000,0.001000,0.001000,0.001000,0.001000
1058.576923,0.008045,0.001000,0.001000,0.001000,0.001000,0.001000
1058.596154,0.009300,0.001000,0.001000,0.001000,0.001000,0.001000
1058.615385,0.010548,0.001000,0.001000,0.001000,0.001000,0.001000
1058.634615,0.011790,0.001000,0.001000,0.001000,0.001000,0.001000
1058.653846,0.013024,0.001000,0.001000,0.001000,0.001000,0.001000
1058.673077,0.014249,0.001000,0.001000,0.001000,0.001000,0.001000
1058.692308,0.015466,0.001000,0.001000,0.001000,0.001000,0.001000
1058.711538,0.016672,0.001000,0.001000,0.001000,0.001000,0.001000
1058.730769,0.017868,0.001000,0.001000,0.001000,0.001000,0.001000
1058.750000,0.019051,0.001000,0.001000,0.001000,0.001000,0.001000
1058.769231,0.020223,0.001000,0.001000,0.001000,0.001000,0.001000
1058.788462,0.021381,0.001000,0.001000,0.001000,0.001000,0.001000
1058.807692,0.022526,0.001000,0.001000,0.001000,0.001000,0.001000
1058.826923,0.023656,0.001000,0.001000,0.001000,0.001000,0.001000
1058.846154,0.024770,0.001000,0.001000,0.001000,0.001000,0.001000
1058.865385,0.025869,0.001000,0.001000,0.001000,0.001000,0.001000
1058.884615,0.026950,0.001000,0.001000,0.001000,0.001000,0.001000
1058.903846,0.028014,0.001000,0.001000,0.001000,0.001000,0.001000
1058.923077,0.029060,0.001000,0.001000,0.001000,0.001000,0.001000
1058.942308,0.030088,0.001000,0.001000,0.001000,0.001000,0.001000
1058.961538,0.031095,0.001000,0.001000,0.001000,0.001000,0.001000
1058.980769,0.032083,0.001000,0.001000,0.001000,0.001000,0.001000
1059.000000,0.033049,0.001000,0.001000,0.001000,0.001000,0.001000
1059.019231,0.033994,0.001000,0.001000,0.001000,0.001000,0.001000
1059.038462,0.034917,0.001000,0.001000,0.001000,0.001000,0.001000
1059.057692,0.035818,0.001000,0.001000,0.001000,0.001000,0.001000
1059.076923,0.036695,0.001000,0.001000,0.001000,0.001000,0.001000
1059.096154,0.037548,0.001000,0.001000,0.001000,0.001000,0.001000
1059.115385,0.038377,0.001000,0.001000,0.001000,0.001000,0.001000
1059.134615,0.039181,0.001000,0.001000,0.001000,0.001000,0.001000
1059.153846,0.039960,0.001000,0.001000,0.001000,0.001000,0.001000
1059.173077,0.040712,0.001000,0.001000,0.001000,0.001000,0.001000
1059.192308,0.041439,0.001000,0.001000,0.001000,0.001000,0.001000
1059.211538,0.042138,0.001000,0.001000,0.001000,0.001000,0.001000
1059.230769,0.042810,0.001000,0.001000,0.001000,0.001000,0.001000
1059.250000,0.043454,0.001000,0.001000,0.001000,0.001000,0.001000
1059.269231,0.044070,0.001000,0.001000,0.001000,0.001000,0.001000
1059.288462,0.044657,0.001000,0.001000,0.001000,0.001000,0.001000
1059.307692,0.045216,0.001000,0.001000,0.001000,0.001000,0.001000
1059.326923,0.045745,0.001000,0.001000,0.001000,0.001000,0.001000
1059.346154,0.046244,0.001000,0.001000,0.001000,0.001000,0.001000
1059.365385,0.046714,0.001000,0.001000,0.001000,0.001000,0.001000
1059.384615,0.047153,0.001000,0.001000,0.001000,0.001000,0.001000
1059.403846,0.047561,0.001000,0.001000,0.001000,0.001000,0.001000
1059.423077,0.047939,0.001000,0.001000,0.001000,0.001000,0.001000
1059.442308,0.048285,0.001000,0.001000,0.001000,0.001000,0.001000
1059.461538,0.048600,0.001000,0.001000,0.001000,0.001000,0.001000
1059.480769,0.048884,0.001000,0.001000,0.001000,0.001000,0.001000
1059.500000,0.049135,0.001000,0.001000,0.001000,0.001000,0.001000
1059.519231,0.049355,0.001000,0.001000,0.001000,0.001000,0.001000
1059.538462,0.049543,0.001000,0.001000,0.001000,0.001000,0.001000
1059.557692,0.049699,0.001000,0.001000,0.001000,0.001000,0.001000
1059.576923,0.049822,0.001000,0.001000,0.001000,0.001000,0.001000
1059.596154,0.049913,0.001000,0.001000,0.001000,0.001000,0.001000
1059.615385,0.049972,0.001000,0.001000,0.001000,0.001000,0.001000
1059.634615,0.049998,0.001000,0.001000,0.001000,0.001000,0.001000
1059.653846,0.049992,0.001000,0.001000,0.001000,0.001000,0.001000
1059.673077,0.049954,0.001000,0.001000,0.001000,0.001000,0.001000
1059.692308,0.049883,0.001000,0.001000,0.001000,0.001000,0.001000
1059.711538,0.049779,0.001000,0.001000,0.001000,0.001000,0.001000
1059.730769,0.049643,0.001000,0.001000,0.001000,0.001000,0.001000
1059.750000,0.049475,0.001000,0.001000,0.001000,0.001000,0.001000
1059.769231,0.049275,0.001000,0.001000,0.001000,0.001000,0.001000
1059.788462,0.049043,0.001000,0.001000,0.001000,0.001000,0.001000
1059.807692,0.048779,0.001000,0.001000,0.001000,0.001000,0.001000
1059.826923,0.048484,0.001000,0.001000,0.001000,0.001000,0.001000
1059.846154,0.048157,0.001000,0.001000,0.001000,0.001000,0.001000
1059.865385,0.047798,0.001000,0.001000,0.001000,0.001000,0.001000
1059.884615,0.047409,0.001000,0.001000,0.001000,0.001000,0.001000
1059.903846,0.046989,0.001000,0.001000,0.001000,0.001000,0.001000
1059.923077,0.046538,0.001000,0.001000,0.001000,0.001000,0.001000
1059.942308,0.046058,0.001000,0.001000,0.001000,0.001000,0.001000
1059.961538,0.045547,0.001000,0.001000,0.001000,0.001000,0.001000
1059.980769,0.045007,0.001000,0.001000,0.001000,0.001000,0.001000
1060.000000,0.000000,0.001000,0.001000,0.001000,0.001000,0.001000
1060.019231,0.001246,0.001000,0.001000,0.001000,0.001000,0.001000
1060.038462,0.002491,0.001000,0.001000,0.001000,0.001000,0.001000
1060.057692,0.003735,0.001000,0.001000,0.001000,0.001000,0.001000
1060.076923,0.004976,0.001000,0.001000,0.001000,0.001000,0.001000
1060.096154,0.006214,0.001000,0.001000,0.001000,0.001000,0.001000
1060.115385,0.007449,0.001000,0.001000,0.001000,0.001000,0.001000
1060.134615,0.008679,0.001000,0.001000,0.001000,0.001000,0.001000
1060.153846,0.009903,0.001000,0.001000,0.001000,0.001000,0.001000
1060.173077,0.011121,0.001000,0.001000,0.001000,0.001000,0.001000
1060.192308,0.012333,0.001000,0.001000,0.001000,0.001000,0.001000
1060.211538,0.013536,0.001000,0.001000,0.001000,0.001000,0.001000
1060.230769,0.014731,0.001000,0.001000,0.001000,0.001000,0.001000
1060.250000,0.015918,0.001000,0.001000,0.001000,0.001000,0.001000
1060.269231,0.017094,0.001000,0.001000,0.001000,0.001000,0.001000
1060.288462,0.018259,0.001000,0.001000,0.001000,0.001000,0.001000
1060.307692,0.019414,0.001000,0.001000,0.001000,0.001000,0.001000
1060.326923,0.020556,0.001000,0.001000,0.001000,0.001000,0.001000
1060.346154,0.021685,0.001000,0.001000,0.001000,0.001000,0.001000
1060.365385,0.022801,0.001000,0.001000,0.001000,0.001000,0.001000
1060.384615,0.023903,0.001000,0.001000,0.001000,0.001000,0.001000
1060.403846,0.024990,0.001000,0.001000,0.001000,0.001000,0.001000
1060.423077,0.026061,0.001000,0.001000,0.001000,0.001000,0.001000
1060.442308,0.027117,0.001000,0.001000,0.001000,0.001000,0.001000
1060.461538,0.028155,0.001000,0.001000,0.001000,0.001000,0.001000
1060.480769,0.029176,0.001000,0.001000,0.001000,0.001000,0.001000
1060.500000,0.030179,0.001000,0.001000,0.001000,0.001000,0.001000
1060.519231,0.031163,0.001000,0.001000,0.001000,0.001000,0.001000
1060.538462,0.032128,0.001000,0.001000,0.001000,0.001000,0.001000
1060.557692,0.033072,0.001000,0.001000,0.001000,0.001000,0.001000
1060.576923,0.033997,0.001000,0.001000,0.001000,0.001000,0.001000
1060.596154,0.034900,0.001000,0.001000,0.001000,0.001000,0.001000
1060.615385,0.035781,0.001000,0.001000,0.001000,0.001000,0.001000
1060.634615,0.036640,0.001000,0.001000,0.001000,0.001000,0.001000
1060.653846,0.037477,0.001000,0.001000,0.001000,0.001000,0.001000
1060.673077,0.038290,0.001000,0.001000,0.001000,0.001000,0.001000
1060.692308,0.039079,0.001000,0.001000,0.001000,0.001000,0.001000
1060.711538,0.039844,0.001000,0.001000,0.001000,0.001000,0.001000
1060.730769,0.040585,0.001000,0.001000,0.001000,0.001000,0.001000
1060.750000,0.041300,0.001000,0.001000,0.001000,0.001000,0.001000
1060.769231,0.041989,0.001000,0.001000,0.001000,0.001000,0.001000
1060.788462,0.042653,0.001000,0.001000,0.001000,0.001000,0.001000
1060.807692,0.043290,0.001000,0.001000,0.001000,0.001000,0.001000
1060.826923,0.043900,0.001000,0.001000,0.001000,0.001000,0.001000
1060.846154,0.044483,0.001000,0.001000,0.001000,0.001000,0.001000
1060.865385,0.045038,0.001000,0.001000,0.001000,0.001000,0.001000
1060.884615,0.045565,0.001000,0.001000,0.001000,0.001000,0.001000
1060.903846,0.046064,0.001000,0.001000,0.001000,0.001000,0.001000
1060.923077,0.046534,0.001000,0.001000,0.001000,0.001000,0.001000
1060.942308,0.046975,0.001000,0.001000,0.001000,0.001000,0.001000
1060.961538,0.047388,0.001000,0.001000,0.001000,0.001000,0.001000
1060.980769,0.047770,0.001000,0.001000,0.001000,0.001000,0.001000
1061.000000,0.048123,0.001000,0.001000,0.001000,0.001000,0.001000
1061.019231,0.048447,0.001000,0.001000,0.001000,0.001000,0.001000
1061.038462,0.048740,0.001000,0.001000,0.001000,0.001000,0.001000
1061.057692,0.049003,0.001000,0.001000,0.001000,0.001000,0.001000
1061.076923,0.049235,0.001000,0.001000,0.001000,0.001000,0.001000
1061.096154,0.049437,0.001000,0.001000,0.001000,0.001000,0.001000
1061.115385,0.049608,0.001000,0.001000,0.001000,0.001000,0.001000
1061.134615,0.049748,0.001000,0.001000,0.001000,0.001000,0.001000
1061.153846,0.049858,0.001000,0.001000,0.001000,0.001000,0.001000
1061.173077,0.049936,0.001000,0.001000,0.001000,0.001000,0.001000
1061.192308,0.049984,0.001000,0.001000,0.001000,0.001000,0.001000
1061.211538,0.050000,0.001000,0.001000,0.001000,0.001000,0.001000
1061.230769,0.049985,0.001000,0.001000,0.001000,0.001000,0.001000
1061.250000,0.049940,0.001000,0.001000,0.001000,0.001000,0.001000
1061.269231,0.049863,0.001000,0.001000,0.001000,0.001000,0.001000
1061.288462,0.049755,0.001000,0.001000,0.001000,0.001000,0.001000
1061.307692,0.049617,0.001000,0.001000,0.001000,0.001000,0.001000
1061.326923,0.049447,0.001000,0.001000,0.001000,0.001000,0.001000
1061.346154,0.049247,0.001000,0.001000,0.001000,0.001000,0.001000
1061.365385,0.049016,0.001000,0.001000,0.001000,0.001000,0.001000
1061.384615,0.048755,0.001000,0.001000,0.001000,0.001000,0.001000
1061.403846,0.048464,0.001000,0.001000,0.001000,0.001000,0.001000
1061.423077,0.048142,0.001000,0.001000,0.001000,0.001000,0.001000
1061.442308,0.047791,0.001000,0.001000,0.001000,0.001000,0.001000
1061.461538,0.047410,0.001000,0.001000,0.001000,0.001000,0.001000
1061.480769,0.046999,0.001000,0.001000,0.001000,0.001000,0.001000
1061.500000,0.046559,0.001000,0.001000,0.001000,0.001000,0.001000
1061.519231,0.046091,0.001000,0.001000,0.001000,0.001000,0.001000
1061.538462,0.045593,0.001000,0.001000,0.001000,0.001000,0.001000
1061.557692,0.045068,0.001000,0.001000,0.001000,0.001000,0.001000
1061.576923,0.044514,0.001000,0.001000,0.001000,0.001000,0.001000
1061.596154,0.043933,0.001000,0.001000,0.001000,0.001000,0.001000
1061.615385,0.043324,0.001000,0.001000,0.001000,0.001000,0.001000
1061.634615,0.042689,0.001000,0.001000,0.001000,0.001000,0.001000
1061.653846,0.042027,0.001000,0.001000,0.001000,0.001000,0.001000
1061.673077,0.041339,0.001000,0.001000,0.001000,0.001000,0.001000
1061.692308,0.040625,0.001000,0.001000,0.001000,0.001000,0.001000
1061.711538,0.039886,0.001000,0.001000,0.001000,0.001000,0.001000
1061.730769,0.039122,0.001000,0.001000,0.001000,0.001000,0.001000
1061.750000,0.038334,0.001000,0.001000,0.001000,0.001000,0.001000
1061.769231,0.037523,0.001000,0.001000,0.001000,0.001000,0.001000
1061.788462,0.036687,0.001000,0.001000,0.001000,0.001000,0.001000
1061.807692,0.035829,0.001000,0.001000,0.001000,0.001000,0.001000
1061.826923,0.034949,0.001000,0.001000,0.001000,0.001000,0.001000
1061.846154,0.034047,0.001000,0.001000,0.001000,0.001000,0.001000
1061.865385,0.033124,0.001000,0.001000,0.001000,0.001000,0.001000
1061.884615,0.032181,0.001000,0.001000,0.001000,0.001000,0.001000
1061.903846,0.031217,0.001000,0.001000,0.001000,0.001000,0.001000
1061.923077,0.030234,0.001000,0.001000,0.001000,0.001000,0.001000
1061.942308,0.029232,0.001000,0.001000,0.001000,0.001000,0.001000
1061.961538,0.028212,0.001000,0.001000,0.001000,0.001000,0.001000
1061.980769,0.027175,0.001000,0.001000,0.001000,0.001000,0.001000
1062.000000,0.026121,0.001000,0.001000,0.001000,0.001000,0.001000
1062.019231,0.025050,0.001000,0.001000,0.001000,0.001000,0.001000
1062.038462,0.023964,0.001000,0.001000,0.001000,0.001000,0.001000
1062.057692,0.022863,0.001000,0.001000,0.001000,0.001000,0.001000
1062.076923,0.021748,0.001000,0.001000,0.001000,0.001000,0.001000
1062.096154,0.020619,0.001000,0.001000,0.001000,0.001000,0.001000
1062.115385,0.019478,0.001000,0.001000,0.001000,0.001000,0.001000
1062.134615,0.018324,0.001000,0.001000,0.001000,0.001000,0.001000
1062.153846,0.017159,0.001000,0.001000,0.001000,0.001000,0.001000
1062.173077,0.015983,0.001000,0.001000,0.001000,0.001000,0.001000
1062.192308,0.014798,0.001000,0.001000,0.001000,0.001000,0.001000
1062.211538,0.013603,0.001000,0.001000,0.001000,0.001000,0.001000
1062.230769,0.012400,0.001000,0.001000,0.001000,0.001000,0.001000
1062.250000,0.011189,0.001000,0.001000,0.001000,0.001000,0.001000
1062.269231,0.009971,0.001000,0.001000,0.001000,0.001000,0.001000
1062.288462,0.008747,0.001000,0.001000,0.001000,0.001000,0.001000
1062.307692,0.007517,0.001000,0.001000,0.001000,0.001000,0.001000
1062.326923,0.006283,0.001000,0.001000,0.001000,0.001000,0.001000
1062.346154,0.005045,0.001000,0.001000,0.001000,0.001000,0.001000
1062.365385,0.003804,0.001000,0.001000,0.001000,0.001000,0.001000
1062.384615,0.002561,0.001000,0.001000,0.001000,0.001000,0.001000
1062.403846,0.001315,0.001000,0.001000,0.001000,0.001000,0.001000
1062.423077,0.000069,0.001000,0.001000,0.001000,0.001000,0.001000
1062.442308,-0.001177,0.001000,0.001000,0.001000,0.001000,0.001000
1062.461538,-0.002422,0.001000,0.001000,0.001000,0.001000,0.001000
1062.480769,-0.003666,0.001000,0.001000,0.001000,0.001000,0.001000
1062.500000,-0.004907,0.001000,0.001000,0.001000,0.001000,0.001000
1062.519231,-0.006146,0.001000,0.001000,0.001000,0.001000,0.001000
1062.538462,-0.007380,0.001000,0.001000,0.001000,0.001000,0.001000
1062.557692,-0.008610,0.001000,0.001000,0.001000,0.001000,0.001000
1062.576923,-0.009835,0.001000,0.001000,0.001000,0.001000,0.001000
1062.596154,-0.011054,0.001000,0.001000,0.001000,0.001000,0.001000
1062.615385,-0.012265,0.001000,0.001000,0.001000,0.001000,0.001000
1062.634615,-0.013469,0.001000,0.001000,0.001000,0.001000,0.001000
1062.653846,-0.014665,0.001000,0.001000,0.001000,0.001000,0.001000
1062.673077,-0.015852,0.001000,0.001000,0.001000,0.001000,0.001000
1062.692308,-0.017029,0.001000,0.001000,0.001000,0.001000,0.001000
1062.711538,-0.018195,0.001000,0.001000,0.001000,0.001000,0.001000
1062.730769,-0.019350,0.001000,0.001000,0.001000,0.001000,0.001000
1062.750000,-0.020493,0.001000,0.001000,0.001000,0.001000,0.001000
1062.769231,-0.021623,0.001000,0.001000,0.001000,0.001000,0.001000
1062.788462,-0.022739,0.001000,0.001000,0.001000,0.001000,0.001000
1062.807692,-0.023842,0.001000,0.001000,0.001000,0.001000,0.001000
1062.826923,-0.024930,0.001000,0.001000,0.001000,0.001000,0.001000
1062.846154,-0.026002,0.001000,0.001000,0.001000,0.001000,0.001000
1062.865385,-0.027058,0.001000,0.001000,0.001000,0.001000,0.001000
1062.884615,-0.028098,0.001000,0.001000,0.001000,0.001000,0.001000
1062.903846,-0.029120,0.001000,0.001000,0.001000,0.001000,0.001000
1062.923077,-0.030123,0.001000,0.001000,0.001000,0.001000,0.001000
1062.942308,-0.031109,0.001000,0.001000,0.001000,0.001000,0.001000
1062.961538,-0.032074,0.001000,0.001000,0.001000,0.001000,0.001000
1062.980769,-0.033020,0.001000,0.001000,0.001000,0.001000,0.001000
1063.000000,-0.033946,0.001000,0.001000,0.001000,0.001000,0.001000
1063.019231,-0.034850,0.001000,0.001000,0.001000,0.001000,0.001000
1063.038462,-0.035733,0.001000,0.001000,0.001000,0.001000,0.001000
1063.057692,-0.036593,0.001000,0.001000,0.001000,0.001000,0.001000
1063.076923,-0.037431,0.001000,0.001000,0.001000,0.001000,0.001000
1063.096154,-0.038245,0.001000,0.001000,0.001000,0.001000,0.001000
1063.115385,-0.039036,0.001000,0.001000,0.001000,0.001000,0.001000
1063.134615,-0.039802,0.001000,0.001000,0.001000,0.001000,0.001000
1063.153846,-0.040544,0.001000,0.001000,0.001000,0.001000,0.001000
1063.173077,-0.041261,0.001000,0.001000,0.001000,0.001000,0.001000
1063.192308,-0.041952,0.001000,0.001000,0.001000,0.001000,0.001000
1063.211538,-0.042616,0.001000,0.001000,0.001000,0.001000,0.001000
1063.230769,-0.043255,0.001000,0.001000,0.001000,0.001000,0.001000
1063.250000,-0.043866,0.001000,0.001000,0.001000,0.001000,0.001000
1063.269231,-0.044451,0.001000,0.001000,0.001000,0.001000,0.001000
1063.288462,-0.045007,0.001000,0.001000,0.001000,0.001000,0.001000
1063.307692,-0.045536,0.001000,0.001000,0.001000,0.001000,0.001000
1063.326923,-0.046037,0.001000,0.001000,0.001000,0.001000,0.001000
1063.346154,-0.046509,0.001000,0.001000,0.001000,0.001000,0.001000
1063.365385,-0.046952,0.001000,0.001000,0.001000,0.001000,0.001000
1063.384615,-0.047365,0.001000,0.001000,0.001000,0.001000,0.001000
1063.403846,-0.047750,0.001000,0.001000,0.001000,0.001000,0.001000
1063.423077,-0.048105,0.001000,0.001000,0.001000,0.001000,0.001000
1063.442308,-0.048429,0.001000,0.001000,0.001000,0.001000,0.001000
1063.461538,-0.048724,0.001000,0.001000,0.001000,0.001000,0.001000
1063.480769,-0.048989,0.001000,0.001000,0.001000,0.001000,0.001000
1063.500000,-0.049223,0.001000,0.001000,0.001000,0.001000,0.001000
1063.519231,-0.049426,0.001000,0.001000,0.001000,0.001000,0.001000
1063.538462,-0.049599,0.001000,0.001000,0.001000,0.001000,0.001000
1063.557692,-0.049741,0.001000,0.001000,0.001000,0.001000,0.001000
1063.576923,-0.049852,0.001000,0.001000,0.001000,0.001000,0.001000
1063.596154,-0.049933,0.001000,0.001000,0.001000,0.001000,0.001000
1063.615385,-0.049982,0.001000,0.001000,0.001000,0.001000,0.001000
1063.634615,-0.050000,0.001000,0.001000,0.001000,0.001000,0.001000
1063.653846,-0.049987,0.001000,0.001000,0.001000,0.001000,0.001000
1063.673077,-0.049943,0.001000,0.001000,0.001000,0.001000,0.001000
1063.692308,-0.049868,0.001000,0.001000,0.001000,0.001000,0.001000
1063.711538,-0.049762,0.001000,0.001000,0.001000,0.001000,0.001000
1063.730769,-0.049625,0.001000,0.001000,0.001000,0.001000,0.001000
1063.750000,-0.049457,0.001000,0.001000,0.001000,0.001000,0.001000
1063.769231,-0.049259,0.001000,0.001000,0.001000,0.001000,0.001000
1063.788462,-0.049030,0.001000,0.001000,0.001000,0.001000,0.001000
1063.807692,-0.048771,0.001000,0.001000,0.001000,0.001000,0.001000
1063.826923,-0.048481,0.001000,0.001000,0.001000,0.001000,0.001000
1063.846154,-0.048161,0.001000,0.001000,0.001000,0.001000,0.001000
1063.865385,-0.047811,0.001000,0.001000,0.001000,0.001000,0.001000
1063.884615,-0.047432,0.001000,0.001000,0.001000,0.001000,0.001000
1063.903846,-0.047023,0.001000,0.001000,0.001000,0.001000,0.001000
1063.923077,-0.046585,0.001000,0.001000,0.001000,0.001000,0.001000
1063.942308,-0.046118,0.001000,0.001000,0.001000,0.001000,0.001000
1063.961538,-0.045622,0.001000,0.001000,0.001000,0.001000,0.001000
1063.980769,-0.045098,0.001000,0.001000,0.001000,0.001000,0.001000
1064.000000,-0.044546,0.001000,0.001000,0.001000,0.001000,0.001000
1064.019231,-0.043966,0.001000,0.001000,0.001000,0.001000,0.001000
1064.038462,-0.043359,0.001000,0.001000,0.001000,0.001000,0.001000
1064.057692,-0.042725,0.001000,0.001000,0.001000,0.001000,0.001000
1064.076923,-0.042065,0.001000,0.001000,0.001000,0.001000,0.001000
1064.096154,-0.041378,0.001000,0.001000,0.001000,0.001000,0.001000
1064.115385,-0.040666,0.001000,0.001000,0.001000,0.001000,0.001000
1064.134615,-0.039928,0.001000,0.001000,0.001000,0.001000,0.001000
1064.153846,-0.039166,0.001000,0.001000,0.001000,0.001000,0.001000
1064.173077,-0.038379,0.001000,0.001000,0.001000,0.001000,0.001000
1064.192308,-0.037568,0.001000,0.001000,0.001000,0.001000,0.001000
1064.211538,-0.036735,0.001000,0.001000,0.001000,0.001000,0.001000
1064.230769,-0.035878,0.001000,0.001000,0.001000,0.001000,0.001000
1064.250000,-0.034999,0.001000,0.001000,0.001000,0.001000,0.001000
1064.269231,-0.034098,0.001000,0.001000,0.001000,0.001000,0.001000
1064.288462,-0.033176,0.001000,0.001000,0.001000,0.001000,0.001000
1064.307692,-0.032234,0.001000,0.001000,0.001000,0.001000,0.001000
1064.326923,-0.031271,0.001000,0.001000,0.001000,0.001000,0.001000
1064.346154,-0.030289,0.001000,0.001000,0.001000,0.001000,0.001000
1064.365385,-0.029289,0.001000,0.001000,0.001000,0.001000,0.001000
1064.384615,-0.028270,0.001000,0.001000,0.001000,0.001000,0.001000
1064.403846,-0.027233,0.001000,0.001000,0.001000,0.001000,0.001000
1064.423077,-0.026180,0.001000,0.001000,0.001000,0.001000,0.001000
1064.442308,-0.025110,0.001000,0.001000,0.001000,0.001000,0.001000
1064.461538,-0.024025,0.001000,0.001000,0.001000,0.001000,0.001000
1064.480769,-0.022925,0.001000,0.001000,0.001000,0.001000,0.001000
1064.500000,-0.021810,0.001000,0.001000,0.001000,0.001000,0.001000
1064.519231,-0.020682,0.001000,0.001000,0.001000,0.001000,0.001000
1064.538462,-0.019541,0.001000,0.001000,0.001000,0.001000,0.001000
1064.557692,-0.018389,0.001000,0.001000,0.001000,0.001000,0.001000
1064.576923,-0.017224,0.001000,0.001000,0.001000,0.001000,0.001000
1064.596154,-0.016049,0.001000,0.001000,0.001000,0.001000,0.001000
1064.615385,-0.014864,0.001000,0.001000,0.001000,0.001000,0.001000
1064.634615,-0.013670,0.001000,0.001000,0.001000,0.001000,0.001000
1064.653846,-0.012467,0.001000,0.001000,0.001000,0.001000,0.001000
1064.673077,-0.011257,0.001000,0.001000,0.001000,0.001000,0.001000
1064.692308,-0.010039,0.001000,0.001000,0.001000,0.001000,0.001000
1064.711538,-0.008815,0.001000,0.001000,0.001000,0.001000,0.001000
1064.730769,-0.007586,0.001000,0.001000,0.001000,0.001000,0.001000
1064.750000,-0.006352,0.001000,0.001000,0.001000,0.001000,0.001000
1064.769231,-0.005114,0.001000,0.001000,0.001000,0.001000,0.001000
1064.788462,-0.003873,0.001000,0.001000,0.001000,0.001000,0.001000
1064.807692,-0.002630,0.001000,0.001000,0.001000,0.001000,0.001000
1064.826923,-0.001385,0.001000,0.001000,0.001000,0.001000,0.001000
1064.846154,-0.000139,0.001000,0.001000,0.001000,0.001000,0.001000
1064.865385,0.001107,0.001000,0.001000,0.001000,0.001000,0.001000
1064.884615,0.002353,0.001000,0.001000,0.001000,0.001000,0.001000
1064.903846,0.003596,0.001000,0.001000,0.001000,0.001000,0.001000
1064.923077,0.004838,0.001000,0.001000,0.001000,0.001000,0.001000
1064.942308,0.006077,0.001000,0.001000,0.001000,0.001000,0.001000
1064.961538,0.007312,0.001000,0.001000,0.001000,0.001000,0.001000
1064.980769,0.008542,0.001000,0.001000,0.001000,0.001000,0.001000
1065.000000,0.009767,0.001000,0.001000,0.001000,0.001000,0.001000
1065.019231,0.010986,0.001000,0.001000,0.001000,0.001000,0.001000
1065.038462,0.012198,0.001000,0.001000,0.001000,0.001000,0.001000
1065.057692,0.013402,0.001000,0.001000,0.001000,0.001000,0.001000
1065.076923,0.014599,0.001000,0.001000,0.001000,0.001000,0.001000
1065.096154,0.015786,0.001000,0.001000,0.001000,0.001000,0.001000
1065.115385,0.016963,0.001000,0.001000,0.001000,0.001000,0.001000
1065.134615,0.018130,0.001000,0.001000,0.001000,0.001000,0.001000
1065.153846,0.019286,0.001000,0.001000,0.001000,0.001000,0.001000
1065.173077,0.020429,0.001000,0.001000,0.001000,0.001000,0.001000
1065.192308,0.021560,0.001000,0.001000,0.001000,0.001000,0.001000
1065.211538,0.022678,0.001000,0.001000,0.001000,0.001000,0.001000
1065.230769,0.023781,0.001000,0.001000,0.001000,0.001000,0.001000
1065.250000,0.024870,0.001000,0.001000,0.001000,0.001000,0.001000
1065.269231,0.025943,0.001000,0.001000,0.001000,0.001000,0.001000
1065.288462,0.027000,0.001000,0.001000,0.001000,0.001000,0.001000
1065.307692,0.028040,0.001000,0.001000,0.001000,0.001000,0.001000
1065.326923,0.029063,0.001000,0.001000,0.001000,0.001000,0.001000
1065.346154,0.030068,0.001000,0.001000,0.001000,0.001000,0.001000
1065.365385,0.031054,0.001000,0.001000,0.001000,0.001000,0.001000
1065.384615,0.032021,0.001000,0.001000,0.001000,0.001000,0.001000
1065.403846,0.032968,0.001000,0.001000,0.001000,0.001000,0.001000
1065.423077,0.033895,0.001000,0.001000,0.001000,0.001000,0.001000
1065.442308,0.034800,0.001000,0.001000,0.001000,0.001000,0.001000
1065.461538,0.035684,0.001000,0.001000,0.001000,0.001000,0.001000
1065.480769,0.036546,0.001000,0.001000,0.001000,0.001000,0.001000
1065.500000,0.037385,0.001000,0.001000,0.001000,0.001000,0.001000
1065.519231,0.038200,0.001000,0.001000,0.001000,0.001000,0.001000
1065.538462,0.038992,0.001000,0.001000,0.001000,0.001000,0.001000
1065.557692,0.039760,0.001000,0.001000,0.001000,0.001000,0.001000
1065.576923,0.040503,0.001000,0.001000,0.001000,0.001000,0.001000
1065.596154,0.041221,0.001000,0.001000,0.001000,0.001000,0.001000
1065.615385,0.041914,0.001000,0.001000,0.001000,0.001000,0.001000
1065.634615,0.042580,0.001000,0.001000,0.001000,0.001000,0.001000
1065.653846,0.043220,0.001000,0.001000,0.001000,0.001000,0.001000
1065.673077,0.043833,0.001000,0.001000,0.001000,0.001000,0.001000
1065.692308,0.044419,0.001000,0.001000,0.001000,0.001000,0.001000
1065.711538,0.044977,0.001000,0.001000,0.001000,0.001000,0.001000
1065.730769,0.045508,0.001000,0.001000,0.001000,0.001000,0.001000
1065.750000,0.046010,0.001000,0.001000,0.001000,0.001000,0.001000
1065.769231,0.046483,0.001000,0.001000,0.001000,0.001000,0.001000
1065.788462,0.046928,0.001000,0.001000,0.001000,0.001000,0.001000
1065.807692,0.047343,0.001000,0.001000,0.001000,0.001000,0.001000
1065.826923,0.047729,0.001000,0.001000,0.001000,0.001000,0.001000
1065.846154,0.048086,0.001000,0.001000,0.001000,0.001000,0.001000
1065.865385,0.048412,0.001000,0.001000,0.001000,0.001000,0.001000
1065.884615,0.048709,0.001000,0.001000,0.001000,0.001000,0.001000
1065.903846,0.048975,0.001000,0.001000,0.001000,0.001000,0.001000
1065.923077,0.049211,0.001000,0.001000,0.001000,0.001000,0.001000
1065.942308,0.049416,0.001000,0.001000,0.001000,0.001000,0.001000
1065.961538,0.049590,0.001000,0.001000,0.001000,0.001000,0.001000
1065.980769,0.049734,0.001000,0.001000,0.001000,0.001000,0.001000
1066.000000,0.049847,0.001000,0.001000,0.001000,0.001000,0.001000
1066.019231,0.049929,0.001000,0.001000,0.001000,0.001000,0.001000
1066.038462,0.049980,0.001000,0.001000,0.001000,0.001000,0.001000
1066.057692,0.050000,0.001000,0.001000,0.001000,0.001000,0.001000
1066.076923,0.049988,0.001000,0.001000,0.001000,0.001000,0.001000
1066.096154,0.049946,0.001000,0.001000,0.001000,0.001000,0.001000
1066.115385,0.049873,0.001000,0.001000,0.001000,0.001000,0.001000
1066.134615,0.049769,0.001000,0.001000,0.001000,0.001000,0.001000
1066.153846,0.049634,0.001000,0.001000,0.001000,0.001000,0.001000
1066.173077,0.049468,0.001000,0.001000,0.001000,0.001000,0.001000
1066.192308,0.049271,0.001000,0.001000,0.001000,0.001000,0.001000
1066.211538,0.049044,0.001000,0.001000,0.001000,0.001000,0.001000
1066.230769,0.048786,0.001000,0.001000,0.001000,0.001000,0.001000
1066.250000,0.048498,0.001000,0.001000,0.001000,0.001000,0.001000
1066.269231,0.048180,0.001000,0.001000,0.001000,0.001000,0.001000
1066.288462,0.047831,0.001000,0.001000,0.001000,0.001000,0.001000
1066.307692,0.047454,0.001000,0.001000,0.001000,0.001000,0.001000
1066.326923,0.047046,0.001000,0.001000,0.001000,0.001000,0.001000
1066.346154,0.046610,0.001000,0.001000,0.001000,0.001000,0.001000
1066.365385,0.046144,0.001000,0.001000,0.001000,0.001000,0.001000
1066.384615,0.045650,0.001000,0.001000,0.001000,0.001000,0.001000
1066.403846,0.045128,0.001000,0.001000,0.001000,0.001000,0.001000
1066.423077,0.044577,0.001000,0.001000,0.001000,0.001000,0.001000
1066.442308,0.043999,0.001000,0.001000,0.001000,0.001000,0.001000
1066.461538,0.043394,0.001000,0.001000,0.001000,0.001000,0.001000
1066.480769,0.042761,0.001000,0.001000,0.001000,0.001000,0.001000
1066.500000,0.042102,0.001000,0.001000,0.001000,0.001000,0.001000
1066.519231,0.041417,0.001000,0.001000,0.001000,0.001000,0.001000
1066.538462,0.040706,0.001000,0.001000,0.001000,0.001000,0.001000
1066.557692,0.039970,0.001000,0.001000,0.001000,0.001000,0.001000
1066.576923,0.039209,0.001000,0.001000,0.001000,0.001000,0.001000
1066.596154,0.038423,0.001000,0.001000,0.001000,0.001000,0.001000
1066.615385,0.037614,0.001000,0.001000,0.001000,0.001000,0.001000
1066.634615,0.036782,0.001000,0.001000,0.001000,0.001000,0.001000
1066.653846,0.035926,0.001000,0.001000,0.001000,0.001000,0.001000
1066.673077,0.035048,0.001000,0.001000,0.001000,0.001000,0.001000
1066.692308,0.034149,0.001000,0.001000,0.001000,0.001000,0.001000
1066.711538,0.033228,0.001000,0.001000,0.001000,0.001000,0.001000
1066.730769,0.032287,0.001000,0.001000,0.001000,0.001000,0.001000
1066.750000,0.031325,0.001000,0.001000,0.001000,0.001000,0.001000
1066.769231,0.030345,0.001000,0.001000,0.001000,0.001000,0.001000
1066.788462,0.029345,0.001000,0.001000,0.001000,0.001000,0.001000
1066.807692,0.028327,0.001000,0.001000,0.001000,0.001000,0.001000
1066.826923,0.027291,0.001000,0.001000,0.001000,0.001000,0.001000
1066.846154,0.026239,0.001000,0.001000,0.001000,0.001000,0.001000
1066.865385,0.025170,0.001000,0.001000,0.001000,0.001000,0.001000
1066.884615,0.024086,0.001000,0.001000,0.001000,0.001000,0.001000
1066.903846,0.022986,0.001000,0.001000,0.001000,0.001000,0.001000
1066.923077,0.021873,0.001000,0.001000,0.001000,0.001000,0.001000
1066.942308,0.020745,0.001000,0.001000,0.001000,0.001000,0.001000
1066.961538,0.019605,0.001000,0.001000,0.001000,0.001000,0.001000
1066.980769,0.018453,0.001000,0.001000,0.001000,0.001000,0.001000
1067.000000,0.017289,0.001000,0.001000,0.001000,0.001000,0.001000
1067.019231,0.016115,0.001000,0.001000,0.001000,0.001000,0.001000
1067.038462,0.014930,0.001000,0.001000,0.001000,0.001000,0.001000
1067.057692,0.013737,0.001000,0.001000,0.001000,0.001000,0.001000
1067.076923,0.012534,0.001000,0.001000,0.001000,0.001000,0.001000
1067.096154,0.011324,0.001000,0.001000,0.001000,0.001000,0.001000
1067.115385,0.010107,0.001000,0.001000,0.001000,0.001000,0.001000
1067.134615,0.008884,0.001000,0.001000,0.001000,0.001000,0.001000
1067.153846,0.007655,0.001000,0.001000,0.001000,0.001000,0.001000
1067.173077,0.006421,0.001000,0.001000,0.001000,0.001000,0.001000
1067.192308,0.005183,0.001000,0.001000,0.001000,0.001000,0.001000
1067.211538,0.003943,0.001000,0.001000,0.001000,0.001000,0.001000
1067.230769,0.002699,0.001000,0.001000,0.001000,0.001000,0.001000
1067.250000,0.001454,0.001000,0.001000,0.001000,0.001000,0.001000
1067.269231,0.000208,0.001000,0.001000,0.001000,0.001000,0.001000
1067.288462,-0.001038,0.001000,0.001000,0.001000,0.001000,0.001000
1067.307692,-0.002283,0.001000,0.001000,0.001000,0.001000,0.001000
1067.326923,-0.003527,0.001000,0.001000,0.001000,0.001000,0.001000
1067.346154,-0.004769,0.001000,0.001000,0.001000,0.001000,0.001000
1067.365385,-0.006008,0.001000,0.001000,0.001000,0.001000,0.001000
1067.384615,-0.007243,0.001000,0.001000,0.001000,0.001000,0.001000
1067.403846,-0.008473,0.001000,0.001000,0.001000,0.001000,0.001000
1067.423077,-0.009699,0.001000,0.001000,0.001000,0.001000,0.001000
1067.442308,-0.010918,0.001000,0.001000,0.001000,0.001000,0.001000
1067.461538,-0.012131,0.001000,0.001000,0.001000,0.001000,0.001000
1067.480769,-0.013336,0.001000,0.001000,0.001000,0.001000,0.001000
1067.500000,-0.014532,0.001000,0.001000,0.001000,0.001000,0.001000
1067.519231,-0.015720,0.001000,0.001000,0.001000,0.001000,0.001000
1067.538462,-0.016898,0.001000,0.001000,0.001000,0.001000,0.001000
1067.557692,-0.018065,0.001000,0.001000,0.001000,0.001000,0.001000
1067.576923,-0.019222,0.001000,0.001000,0.001000,0.001000,0.001000
1067.596154,-0.020366,0.001000,0.001000,0.001000,0.001000,0.001000
1067.615385,-0.021497,0.001000,0.001000,0.001000,0.001000,0.001000
1067.634615,-0.022616,0.001000,0.001000,0.001000,0.001000,0.001000
1067.653846,-0.023720,0.001000,0.001000,0.001000,0.001000,0.001000
1067.673077,-0.024809,0.001000,0.001000,0.001000,0.001000,0.001000
1067.692308,-0.025883,0.001000,0.001000,0.001000,0.001000,0.001000
1067.711538,-0.026941,0.001000,0.001000,0.001000,0.001000,0.001000
1067.730769,-0.027983,0.001000,0.001000,0.001000,0.001000,0.001000
1067.750000,-0.029007,0.001000,0.001000,0.001000,0.001000,0.001000
1067.769231,-0.030012,0.001000,0.001000,0.001000,0.001000,0.001000
1067.788462,-0.031000,0.001000,0.001000,0.001000,0.001000,0.001000
1067.807692,-0.031968,0.001000,0.001000,0.001000,0.001000,0.001000
1067.826923,-0.032916,0.001000,0.001000,0.001000,0.001000,0.001000
1067.846154,-0.033844,0.001000,0.001000,0.001000,0.001000,0.001000
1067.865385,-0.034750,0.001000,0.001000,0.001000,0.001000,0.001000
1067.884615,-0.035635,0.001000,0.001000,0.001000,0.001000,0.001000
1067.903846,-0.036498,0.001000,0.001000,0.001000,0.001000,0.001000
1067.923077,-0.037338,0.001000,0.001000,0.001000,0.001000,0.001000
1067.942308,-0.038156,0.001000,0.001000,0.001000,0.001000,0.001000
1067.961538,-0.038949,0.001000,0.001000,0.001000,0.001000,0.001000
1067.980769,-0.039718,0.001000,0.001000,0.001000,0.001000,0.001000
1068.000000,-0.040463,0.001000,0.001000,0.001000,0.001000,0.001000
1068.019231,-0.041182,0.001000,0.001000,0.001000,0.001000,0.001000
1068.038462,-0.041876,0.001000,0.001000,0.001000,0.001000,0.001000
1068.057692,-0.042544,0.001000,0.001000,0.001000,0.001000,0.001000
1068.076923,-0.043185,0.001000,0.001000,0.001000,0.001000,0.001000
1068.096154,-0.043800,0.001000,0.001000,0.001000,0.001000,0.001000
1068.115385,-0.044387,0.001000,0.001000,0.001000,0.001000,0.001000
1068.134615,-0.044947,0.001000,0.001000,0.001000,0.001000,0.001000
1068.153846,-0.045479,0.001000,0.001000,0.001000,0.001000,0.001000
1068.173077,-0.045982,0.001000,0.001000,0.001000,0.001000,0.001000
1068.192308,-0.046457,0.001000,0.001000,0.001000,0.001000,0.001000
1068.211538,-0.046904,0.001000,0.001000,0.001000,0.001000,0.001000
1068.230769,-0.047321,0.001000,0.001000,0.001000,0.001000,0.001000
1068.250000,-0.047708,0.001000,0.001000,0.001000,0.001000,0.001000
1068.269231,-0.048067,0.001000,0.001000,0.001000,0.001000,0.001000
1068.288462,-0.048395,0.001000,0.001000,0.001000,0.001000,0.001000
1068.307692,-0.048693,0.001000,0.001000,0.001000,0.001000,0.001000
1068.326923,-0.048961,0.001000,0.001000,0.001000,0.001000,0.001000
1068.346154,-0.049198,0.001000,0.001000,0.001000,0.001000,0.001000
1068.365385,-0.049405,0.001000,0.001000,0.001000,0.001000,0.001000
1068.384615,-0.049582,0.001000,0.001000,0.001000,0.001000,0.001000
1068.403846,-0.049727,0.001000,0.001000,0.001000,0.001000,0.001000
1068.423077,-0.049842,0.001000,0.001000,0.001000,0.001000,0.001000
1068.442308,-0.049925,0.001000,0.001000,0.001000,0.001000,0.001000
1068.461538,-0.049978,0.001000,0.001000,0.001000,0.001000,0.001000
1068.480769,-0.049999,0.001000,0.001000,0.001000,0.001000,0.001000
1068.500000,-0.049990,0.001000,0.001000,0.001000,0.001000,0.001000
1068.519231,-0.049949,0.001000,0.001000,0.001000,0.001000,0.001000
1068.538462,-0.049878,0.001000,0.001000,0.001000,0.001000,0.001000
1068.557692,-0.049775,0.001000,0.001000,0.001000,0.001000,0.001000
1068.576923,-0.049642,0.001000,0.001000,0.001000,0.001000,0.001000
1068.596154,-0.049478,0.001000,0.001000,0.001000,0.001000,0.001000
1068.615385,-0.049283,0.001000,0.001000,0.001000,0.001000,0.001000
1068.634615,-0.049057,0.001000,0.001000,0.001000,0.001000,0.001000
1068.653846,-0.048801,0.001000,0.001000,0.001000,0.001000,0.001000
1068.673077,-0.048515,0.001000,0.001000,0.001000,0.001000,0.001000
1068.692308,-0.048198,0.001000,0.001000,0.001000,0.001000,0.001000
1068.711538,-0.047852,0.001000,0.001000,0.001000,0.001000,0.001000
1068.730769,-0.047475,0.001000,0.001000,0.001000,0.001000,0.001000
1068.750000,-0.047070,0.001000,0.001000,0.001000,0.001000,0.001000
1068.769231,-0.046635,0.001000,0.001000,0.001000,0.001000,0.001000
1068.788462,-0.046171,0.001000,0.001000,0.001000,0.001000,0.001000
1068.807692,-0.045678,0.001000,0.001000,0.001000,0.001000,0.001000
1068.826923,-0.045158,0.001000,0.001000,0.001000,0.001000,0.001000
1068.846154,-0.044609,0.001000,0.001000,0.001000,0.001000,0.001000
1068.865385,-0.044032,0.001000,0.001000,0.001000,0.001000,0.001000
1068.884615,-0.043428,0.001000,0.001000,0.001000,0.001000,0.001000
1068.903846,-0.042797,0.001000,0.001000,0.001000,0.001000,0.001000
1068.923077,-0.042139,0.001000,0.001000,0.001000,0.001000,0.001000
1068.942308,-0.041456,0.001000,0.001000,0.001000,0.001000,0.001000
1068.961538,-0.040746,0.001000,0.001000,0.001000,0.001000,0.001000
1068.980769,-0.040011,0.001000,0.001000,0.001000,0.001000,0.001000
1069.000000,-0.039252,0.001000,0.001000,0.001000,0.001000,0.001000
1069.019231,-0.038468,0.001000,0.001000,0.001000,0.001000,0.001000
1069.038462,-0.037660,0.001000,0.001000,0.001000,0.001000,0.001000
1069.057692,-0.036829,0.001000,0.001000,0.001000,0.001000,0.001000
1069.076923,-0.035974,0.001000,0.001000,0.001000,0.001000,0.001000
1069.096154,-0.035098,0.001000,0.001000,0.001000,0.001000,0.001000
1069.115385,-0.034200,0.001000,0.001000,0.001000,0.001000,0.001000
1069.134615,-0.033280,0.001000,0.001000,0.001000,0.001000,0.001000
1069.153846,-0.032340,0.001000,0.001000,0.001000,0.001000,0.001000
1069.173077,-0.031380,0.001000,0.001000,0.001000,0.001000,0.001000
1069.192308,-0.030400,0.001000,0.001000,0.001000,0.001000,0.001000
1069.211538,-0.029401,0.001000,0.001000,0.001000,0.001000,0.001000
1069.230769,-0.028384,0.001000,0.001000,0.001000,0.001000,0.001000
1069.250000,-0.027350,0.001000,0.001000,0.001000,0.001000,0.001000
1069.269231,-0.026298,0.001000,0.001000,0.001000,0.001000,0.001000
1069.288462,-0.025230,0.001000,0.001000,0.001000,0.001000,0.001000
1069.307692,-0.024147,0.001000,0.001000,0.001000,0.001000,0.001000
1069.326923,-0.023048,0.001000,0.001000,0.001000,0.001000,0.001000
1069.346154,-0.021935,0.001000,0.001000,0.001000,0.001000,0.001000
1069.365385,-0.020809,0.001000,0.001000,0.001000,0.001000,0.001000
1069.384615,-0.019669,0.001000,0.001000,0.001000,0.001000,0.001000
1069.403846,-0.018518,0.001000,0.001000,0.001000,0.001000,0.001000
1069.423077,-0.017354,0.001000,0.001000,0.001000,0.001000,0.001000
1069.442308,-0.016181,0.001000,0.001000,0.001000,0.001000,0.001000
1069.461538,-0.014997,0.001000,0.001000,0.001000,0.001000,0.001000
1069.480769,-0.013803,0.001000,0.001000,0.001000,0.001000,0.001000
1069.500000,-0.012601,0.001000,0.001000,0.001000,0.001000,0.001000
1069.519231,-0.011392,0.001000,0.001000,0.001000,0.001000,0.001000
1069.538462,-0.010175,0.001000,0.001000,0.001000,0.001000,0.001000
1069.557692,-0.008952,0.001000,0.001000,0.001000,0.001000,0.001000
1069.576923,-0.007723,0.001000,0.001000,0.001000,0.001000,0.001000
1069.596154,-0.006490,0.001000,0.001000,0.001000,0.001000,0.001000
1069.615385,-0.005252,0.001000,0.001000,0.001000,0.001000,0.001000
1069.634615,-0.004012,0.001000,0.001000,0.001000,0.001000,0.001000
1069.653846,-0.002769,0.001000,0.001000,0.001000,0.001000,0.001000
1069.673077,-0.001524,0.001000,0.001000,0.001000,0.001000,0.001000
1069.692308,-0.000278,0.001000,0.001000,0.001000,0.001000,0.001000
1069.711538,0.000968,0.001000,0.001000,0.001000,0.001000,0.001000
1069.730769,0.002214,0.001000,0.001000,0.001000,0.001000,0.001000
1069.750000,0.003458,0.001000,0.001000,0.001000,0.001000,0.001000
1069.769231,0.004700,0.001000,0.001000,0.001000,0.001000,0.001000
1069.788462,0.005939,0.001000,0.001000,0.001000,0.001000,0.001000
1069.807692,0.007174,0.001000,0.001000,0.001000,0.001000,0.001000
1069.826923,0.008405,0.001000,0.001000,0.001000,0.001000,0.001000
1069.846154,0.009631,0.001000,0.001000,0.001000,0.001000,0.001000
1069.865385,0.010850,0.001000,0.001000,0.001000,0.001000,0.001000
1069.884615,0.012063,0.001000,0.001000,0.001000,0.001000,0.001000
1069.903846,0.013269,0.001000,0.001000,0.001000,0.001000,0.001000
1069.923077,0.014466,0.001000,0.001000,0.001000,0.001000,0.001000
1069.942308,0.015654,0.001000,0.001000,0.001000,0.001000,0.001000
1069.961538,0.016833,0.001000,0.001000,0.001000,0.001000,0.001000
1069.980769,0.018001,0.001000,0.001000,0.001000,0.001000,0.001000
1070.000000,0.019157,0.001000,0.001000,0.001000,0.001000,0.001000
1070.019231,0.020302,0.001000,0.001000,0.001000,0.001000,0.001000
1070.038462,0.021435,0.001000,0.001000,0.001000,0.001000,0.001000
1070.057692,0.022554,0.001000,0.001000,0.001000,0.001000,0.001000
1070.076923,0.023659,0.001000,0.001000,0.001000,0.001000,0.001000
1070.096154,0.024749,0.001000,0.001000,0.001000,0.001000,0.001000
1070.115385,0.025824,0.001000,0.001000,0.001000,0.001000,0.001000
1070.134615,0.026883,0.001000,0.001000,0.001000,0.001000,0.001000
1070.153846,0.027925,0.001000,0.001000,0.001000,0.001000,0.001000
1070.173077,0.028950,0.001000,0.001000,0.001000,0.001000,0.001000
1070.192308,0.029957,0.001000,0.001000,0.001000,0.001000,0.001000
1070.211538,0.030945,0.001000,0.001000,0.001000,0.001000,0.001000
1070.230769,0.031914,0.001000,0.001000,0.001000,0.001000,0.001000
1070.250000,0.032864,0.001000,0.001000,0.001000,0.001000,0.001000
1070.269231,0.033792,0.001000,0.001000,0.001000,0.001000,0.001000
1070.288462,0.034700,0.001000,0.001000,0.001000,0.001000,0.001000
1070.307692,0.035587,0.001000,0.001000,0.001000,0.001000,0.001000
1070.326923,0.036451,0.001000,0.001000,0.001000,0.001000,0.001000
1070.346154,0.037292,0.001000,0.001000,0.001000,0.001000,0.001000
1070.365385,0.038111,0.001000,0.001000,0.001000,0.001000,0.001000
1070.384615,0.038905,0.001000,0.001000,0.001000,0.001000,0.001000
1070.403846,0.039676,0.001000,0.001000,0.001000,0.001000,0.001000
1070.423077,0.040422,0.001000,0.001000,0.001000,0.001000,0.001000
1070.442308,0.041143,0.001000,0.001000,0.001000,0.001000,0.001000
1070.461538,0.041838,0.001000,0.001000,0.001000,0.001000,0.001000
1070.480769,0.042507,0.001000,0.001000,0.001000,0.001000,0.001000
1070.500000,0.043150,0.001000,0.001000,0.001000,0.001000,0.001000
1070.519231,0.043766,0.001000,0.001000,0.001000,0.001000,0.001000
1070.538462,0.044355,0.001000,0.001000,0.001000,0.001000,0.001000
1070.557692,0.044916,0.001000,0.001000,0.001000,0.001000,0.001000
1070.576923,0.045450,0.001000,0.001000,0.001000,0.001000,0.001000
1070.596154,0.045955,0.001000,0.001000,0.001000,0.001000,0.001000
1070.615385,0.046432,0.001000,0.001000,0.001000,0.001000,0.001000
1070.634615,0.046880,0.001000,0.001000,0.001000,0.001000,0.001000
1070.653846,0.047298,0.001000,0.001000,0.001000,0.001000,0.001000
1070.673077,0.047688,0.001000,0.001000,0.001000,0.001000,0.001000
1070.692308,0.048047,0.001000,0.001000,0.001000,0.001000,0.001000
1070.711538,0.048377,0.001000,0.001000,0.001000,0.001000,0.001000
1070.730769,0.048677,0.001000,0.001000,0.001000,0.001000,0.001000
1070.750000,0.048947,0.001000,0.001000,0.001000,0.001000,0.001000
1070.769231,0.049186,0.001000,0.001000,0.001000,0.001000,0.001000
1070.788462,0.049395,0.001000,0.001000,0.001000,0.001000,0.001000
1070.807692,0.049573,0.001000,0.001000,0.001000,0.001000,0.001000
1070.826923,0.049720,0.001000,0.001000,0.001000,0.001000,0.001000
1070.846154,0.049836,0.001000,0.001000,0.001000,0.001000,0.001000
1070.865385,0.049921,0.001000,0.001000,0.001000,0.001000,0.001000
1070.884615,0.049976,0.001000,0.001000,0.001000,0.001000,0.001000
1070.903846,0.049999,0.001000,0.001000,0.001000,0.001000,0.001000
1070.923077,0.049991,0.001000,0.001000,0.001000,0.001000,0.001000
1070.942308,0.049952,0.001000,0.001000,0.001000,0.001000,0.001000
1070.961538,0.049883,0.001000,0.001000,0.001000,0.001000,0.001000
1070.980769,0.049782,0.001000,0.001000,0.001000,0.001000,0.001000
1071.000000,0.049650,0.001000,0.001000,0.001000,0.001000,0.001000
1071.019231,0.049488,0.001000,0.001000,0.001000,0.001000,0.001000
1071.038462,0.049294,0.001000,0.001000,0.001000,0.001000,0.001000
1071.057692,0.049070,0.001000,0.001000,0.001000,0.001000,0.001000
1071.076923,0.048816,0.001000,0.001000,0.001000,0.001000,0.001000
1071.096154,0.048531,0.001000,0.001000,0.001000,0.001000,0.001000
1071.115385,0.048216,0.001000,0.001000,0.001000,0.001000,0.001000
1071.134615,0.047872,0.001000,0.001000,0.001000,0.001000,0.001000
1071.153846,0.047497,0.001000,0.001000,0.001000,0.001000,0.001000
1071.173077,0.047093,0.001000,0.001000,0.001000,0.001000,0.001000
1071.192308,0.046660,0.001000,0.001000,0.001000,0.001000,0.001000
1071.211538,0.046198,0.001000,0.001000,0.001000,0.001000,0.001000
1071.230769,0.045707,0.001000,0.001000,0.001000,0.001000,0.001000
1071.250000,0.045187,0.001000,0.001000,0.001000,0.001000,0.001000
1071.269231,0.044640,0.001000,0.001000,0.001000,0.001000,0.001000
1071.288462,0.044065,0.001000,0.001000,0.001000,0.001000,0.001000
1071.307692,0.043462,0.001000,0.001000,0.001000,0.001000,0.001000
1071.326923,0.042833,0.001000,0.001000,0.001000,0.001000,0.001000
1071.346154,0.042177,0.001000,0.001000,0.001000,0.001000,0.001000
1071.365385,0.041494,0.001000,0.001000,0.001000,0.001000,0.001000
1071.384615,0.040786,0.001000,0.001000,0.001000,0.001000,0.001000
1071.403846,0.040053,0.001000,0.001000,0.001000,0.001000,0.001000
1071.423077,0.039295,0.001000,0.001000,0.001000,0.001000,0.001000
1071.442308,0.038512,0.001000,0.001000,0.001000,0.001000,0.001000
1071.461538,0.037706,0.001000,0.001000,0.001000,0.001000,0.001000
1071.480769,0.036876,0.001000,0.001000,0.001000,0.001000,0.001000
1071.500000,0.036023,0.001000,0.001000,0.001000,0.001000,0.001000
1071.519231,0.035147,0.001000,0.001000,0.001000,0.001000,0.001000
1071.538462,0.034250,0.001000,0.001000,0.001000,0.001000,0.001000
1071.557692,0.033332,0.001000,0.001000,0.001000,0.001000,0.001000
1071.576923,0.032393,0.001000,0.001000,0.001000,0.001000,0.001000
1071.596154,0.031434,0.001000,0.001000,0.001000,0.001000,0.001000
1071.615385,0.030455,0.001000,0.001000,0.001000,0.001000,0.001000
1071.634615,0.029457,0.001000,0.001000,0.001000,0.001000,0.001000
1071.653846,0.028441,0.001000,0.001000,0.001000,0.001000,0.001000
1071.673077,0.027408,0.001000,0.001000,0.001000,0.001000,0.001000
1071.692308,0.026357,0.001000,0.001000,0.001000,0.001000,0.001000
1071.711538,0.025290,0.001000,0.001000,0.001000,0.001000,0.001000
1071.730769,0.024207,0.001000,0.001000,0.001000,0.001000,0.001000
1071.750000,0.023110,0.001000,0.001000,0.001000,0.001000,0.001000
1071.769231,0.021997,0.001000,0.001000,0.001000,0.001000,0.001000
1071.788462,0.020872,0.001000,0.001000,0.001000,0.001000,0.001000
1071.807692,0.019733,0.001000,0.001000,0.001000,0.001000,0.001000
1071.826923,0.018582,0.001000,0.001000,0.001000,0.001000,0.001000
1071.846154,0.017420,0.001000,0.001000,0.001000,0.001000,0.001000
1071.865385,0.016246,0.001000,0.001000,0.001000,0.001000,0.001000
1071.884615,0.015063,0.001000,0.001000,0.001000,0.001000,0.001000
1071.903846,0.013870,0.001000,0.001000,0.001000,0.001000,0.001000
1071.923077,0.012669,0.001000,0.001000,0.001000,0.001000,0.001000
1071.942308,0.011459,0.001000,0.001000,0.001000,0.001000,0.001000
1071.961538,0.010243,0.001000,0.001000,0.001000,0.001000,0.001000
1071.980769,0.009020,0.001000,0.001000,0.001000,0.001000,0.001000
1072.000000,0.007792,0.001000,0.001000,0.001000,0.001000,0.001000
1072.019231,0.006559,0.001000,0.001000,0.001000,0.001000,0.001000
1072.038462,0.005321,0.001000,0.001000,0.001000,0.001000,0.001000
1072.057692,0.004081,0.001000,0.001000,0.001000,0.001000,0.001000
1072.076923,0.002838,0.001000,0.001000,0.001000,0.001000,0.001000
1072.096154,0.001593,0.001000,0.001000,0.001000,0.001000,0.001000
1072.115385,0.000347,0.001000,0.001000,0.001000,0.001000,0.001000
1072.134615,-0.000899,0.001000,0.001000,0.001000,0.001000,0.001000
1072.153846,-0.002144,0.001000,0.001000,0.001000,0.001000,0.001000
1072.173077,-0.003389,0.001000,0.001000,0.001000,0.001000,0.001000
1072.192308,-0.004631,0.001000,0.001000,0.001000,0.001000,0.001000
1072.211538,-0.005870,0.001000,0.001000,0.001000,0.001000,0.001000
1072.230769,-0.007105,0.001000,0.001000,0.001000,0.001000,0.001000
1072.250000,-0.008337,0.001000,0.001000,0.001000,0.001000,0.001000
1072.269231,-0.009563,0.001000,0.001000,0.001000,0.001000,0.001000
1072.288462,-0.010783,0.001000,0.001000,0.001000,0.001000,0.001000
1072.307692,-0.011996,0.001000,0.001000,0.001000,0.001000,0.001000
1072.326923,-0.013202,0.001000,0.001000,0.001000,0.001000,0.001000
1072.346154,-0.014399,0.001000,0.001000,0.001000,0.001000,0.001000
1072.365385,-0.015588,0.001000,0.001000,0.001000,0.001000,0.001000
1072.384615,-0.016767,0.001000,0.001000,0.001000,0.001000,0.001000
1072.403846,-0.017936,0.001000,0.001000,0.001000,0.001000,0.001000
1072.423077,-0.019093,0.001000,0.001000,0.001000,0.001000,0.001000
1072.442308,-0.020239,0.001000,0.001000,0.001000,0.001000,0.001000
1072.461538,-0.021372,0.001000,0.001000,0.001000,0.001000,0.001000
1072.480769,-0.022492,0.001000,0.001000,0.001000,0.001000,0.001000
1072.500000,-0.023598,0.001000,0.001000,0.001000,0.001000,0.001000
1072.519231,-0.024689,0.001000,0.001000,0.001000,0.001000,0.001000
1072.538462,-0.025765,0.001000,0.001000,0.001000,0.001000,0.001000
1072.557692,-0.026824,0.001000,0.001000,0.001000,0.001000,0.001000
1072.576923,-0.027868,0.001000,0.001000,0.001000,0.001000,0.001000
1072.596154,-0.028893,0.001000,0.001000,0.001000,0.001000,0.001000
1072.615385,-0.029901,0.001000,0.001000,0.001000,0.001000,0.001000
1072.634615,-0.030891,0.001000,0.001000,0.001000,0.001000,0.001000
1072.653846,-0.031861,0.001000,0.001000,0.001000,0.001000,0.001000
1072.673077,-0.032811,0.001000,0.001000,0.001000,0.001000,0.001000
1072.692308,-0.033741,0.001000,0.001000,0.001000,0.001000,0.001000
1072.711538,-0.034650,0.001000,0.001000,0.001000,0.001000,0.001000
1072.730769,-0.035538,0.001000,0.001000,0.001000,0.001000,0.001000
1072.750000,-0.036403,0.001000,0.001000,0.001000,0.001000,0.001000
1072.769231,-0.037246,0.001000,0.001000,0.001000,0.001000,0.001000
1072.788462,-0.038066,0.001000,0.001000,0.001000,0.001000,0.001000
1072.807692,-0.038862,0.001000,0.001000,0.001000,0.001000,0.001000
1072.826923,-0.039634,0.001000,0.001000,0.001000,0.001000,0.001000
1072.846154,-0.040381,0.001000,0.001000,0.001000,0.001000,0.001000
1072.865385,-0.041103,0.001000,0.001000,0.001000,0.001000,0.001000
1072.884615,-0.041800,0.001000,0.001000,0.001000,0.001000,0.001000
1072.903846,-0.042471,0.001000,0.001000,0.001000,0.001000,0.001000
1072.923077,-0.043115,0.001000,0.001000,0.001000,0.001000,0.001000
1072.942308,-0.043733,0.001000,0.001000,0.001000,0.001000,0.001000
1072.961538,-0.044323,0.001000,0.001000,0.001000,0.001000,0.001000
1072.980769,-0.044886,0.001000,0.001000,0.001000,0.001000,0.001000
1073.000000,-0.045421,0.001000,0.001000,0.001000,0.001000,0.001000
1073.019231,-0.045928,0.001000,0.001000,0.001000,0.001000,0.001000
1073.038462,-0.046406,0.001000,0.001000,0.001000,0.001000,0.001000
1073.057692,-0.046855,0.001000,0.001000,0.001000,0.001000,0.001000
1073.076923,-0.047276,0.001000,0.001000,0.001000,0.001000,0.001000
1073.096154,-0.047667,0.001000,0.001000,0.001000,0.001000,0.001000
1073.115385,-0.048028,0.001000,0.001000,0.001000,0.001000,0.001000
1073.134615,-0.048360,0.001000,0.001000,0.001000,0.001000,0.001000
1073.153846,-0.048661,0.001000,0.001000,0.001000,0.001000,0.001000
1073.173077,-0.048932,0.001000,0.001000,0.001000,0.001000,0.001000
1073.192308,-0.049173,0.001000,0.001000,0.001000,0.001000,0.001000
1073.211538,-0.049384,0.001000,0.001000,0.001000,0.001000,0.001000
1073.230769,-0.049563,0.001000,0.001000,0.001000,0.001000,0.001000
1073.250000,-0.049712,0.001000,0.001000,0.001000,0.001000,0.001000
1073.269231,-0.049830,0.001000,0.001000,0.001000,0.001000,0.001000
1073.288462,-0.049917,0.001000,0.001000,0.001000,0.001000,0.001000
1073.307692,-0.049974,0.001000,0.001000,0.001000,0.001000,0.001000
1073.326923,-0.049999,0.001000,0.001000,0.001000,0.001000,0.001000
1073.346154,-0.049993,0.001000,0.001000,0.001000,0.001000,0.001000
1073.365385,-0.049955,0.001000,0.001000,0.001000,0.001000,0.001000
1073.384615,-0.049887,0.001000,0.001000,0.001000,0.001000,0.001000
1073.403846,-0.049788,0.001000,0.001000,0.001000,0.001000,0.001000
1073.423077,-0.049658,0.001000,0.001000,0.001000,0.001000,0.001000
1073.442308,-0.049497,0.001000,0.001000,0.001000,0.001000,0.001000
1073.461538,-0.049306,0.001000,0.001000,0.001000,0.001000,0.001000
1073.480769,-0.049084,0.001000,0.001000,0.001000,0.001000,0.001000
1073.500000,-0.048831,0.001000,0.001000,0.001000,0.001000,0.001000
1073.519231,-0.048548,0.001000,0.001000,0.001000,0.001000,0.001000
1073.538462,-0.048235,0.001000,0.001000,0.001000,0.001000,0.001000
1073.557692,-0.047892,0.001000,0.001000,0.001000,0.001000,0.001000
1073.576923,-0.047519,0.001000,0.001000,0.001000,0.001000,0.001000
1073.596154,-0.047116,0.001000,0.001000,0.001000,0.001000,0.001000
1073.615385,-0.046685,0.001000,0.001000,0.001000,0.001000,0.001000
1073.634615,-0.046224,0.001000,0.001000,0.001000,0.001000,0.001000
1073.653846,-0.045735,0.001000,0.001000,0.001000,0.001000,0.001000
1073.673077,-0.045217,0.001000,0.001000,0.001000,0.001000,0.001000
1073.692308,-0.044671,0.001000,0.001000,0.001000,0.001000,0.001000
1073.711538,-0.044098,0.001000,0.001000,0.001000,0.001000,0.001000
1073.730769,-0.043497,0.001000,0.001000,0.001000,0.001000,0.001000
1073.750000,-0.042869,0.001000,0.001000,0.001000,0.001000,0.001000
1073.769231,-0.042214,0.001000,0.001000,0.001000,0.001000,0.001000
1073.788462,-0.041533,0.001000,0.001000,0.001000,0.001000,0.001000
1073.807692,-0.040827,0.001000,0.001000,0.001000,0.001000,0.001000
1073.826923,-0.040095,0.001000,0.001000,0.001000,0.001000,0.001000
1073.846154,-0.039338,0.001000,0.001000,0.001000,0.001000,0.001000
1073.865385,-0.038556,0.001000,0.001000,0.001000,0.001000,0.001000
1073.884615,-0.037751,0.001000,0.001000,0.001000,0.001000,0.001000
1073.903846,-0.036922,0.001000,0.001000,0.001000,0.001000,0.001000
1073.923077,-0.036071,0.001000,0.001000,0.001000,0.001000,0.001000
1073.942308,-0.035197,0.001000,0.001000,0.001000,0.001000,0.001000
1073.961538,-0.034301,0.001000,0.001000,0.001000,0.001000,0.001000
1073.980769,-0.033384,0.001000,0.001000,0.001000,0.001000,0.001000
1074.000000,-0.032446,0.001000,0.001000,0.001000,0.001000,0.001000
1074.019231,-0.031488,0.001000,0.001000,0.001000,0.001000,0.001000
1074.038462,-0.030510,0.001000,0.001000,0.001000,0.001000,0.001000
1074.057692,-0.029513,0.001000,0.001000,0.001000,0.001000,0.001000
1074.076923,-0.028498,0.001000,0.001000,0.001000,0.001000,0.001000
1074.096154,-0.027466,0.001000,0.001000,0.001000,0.001000,0.001000
1074.115385,-0.026416,0.001000,0.001000,0.001000,0.001000,0.001000
1074.134615,-0.025350,0.001000,0.001000,0.001000,0.001000,0.001000
1074.153846,-0.024268,0.001000,0.001000,0.001000,0.001000,0.001000
1074.173077,-0.023171,0.001000,0.001000,0.001000,0.001000,0.001000
1074.192308,-0.022060,0.001000,0.001000,0.001000,0.001000,0.001000
1074.211538,-0.020935,0.001000,0.001000,0.001000,0.001000,0.001000
1074.230769,-0.019797,0.001000,0.001000,0.001000,0.001000,0.001000
1074.250000,-0.018646,0.001000,0.001000,0.001000,0.001000,0.001000
1074.269231,-0.017485,0.001000,0.001000,0.001000,0.001000,0.001000
1074.288462,-0.016312,0.001000,0.001000,0.001000,0.001000,0.001000
1074.307692,-0.015129,0.001000,0.001000,0.001000,0.001000,0.001000
1074.326923,-0.013937,0.001000,0.001000,0.001000,0.001000,0.001000
1074.346154,-0.012736,0.001000,0.001000,0.001000,0.001000,0.001000
1074.365385,-0.011527,0.001000,0.001000,0.001000,0.001000,0.001000
1074.384615,-0.010311,0.001000,0.001000,0.001000,0.001000,0.001000
1074.403846,-0.009089,0.001000,0.001000,0.001000,0.001000,0.001000
1074.423077,-0.007860,0.001000,0.001000,0.001000,0.001000,0.001000
1074.442308,-0.006628,0.001000,0.001000,0.001000,0.001000,0.001000
1074.461538,-0.005390,0.001000,0.001000,0.001000,0.001000,0.001000
1074.480769,-0.004150,0.001000,0.001000,0.001000,0.001000,0.001000
1074.500000,-0.002907,0.001000,0.001000,0.001000,0.001000,0.001000
1074.519231,-0.001662,0.001000,0.001000,0.001000,0.001000,0.001000
1074.538462,-0.000417,0.001000,0.001000,0.001000,0.001000,0.001000
1074.557692,0.000830,0.001000,0.001000,0.001000,0.001000,0.001000
1074.576923,0.002075,0.001000,0.001000,0.001000,0.001000,0.001000
1074.596154,0.003319,0.001000,0.001000,0.001000,0.001000,0.001000
1074.615385,0.004562,0.001000,0.001000,0.001000,0.001000,0.001000
1074.634615,0.005801,0.001000,0.001000,0.001000,0.001000,0.001000
1074.653846,0.007037,0.001000,0.001000,0.001000,0.001000,0.001000
1074.673077,0.008268,0.001000,0.001000,0.001000,0.001000,0.001000
1074.692308,0.009494,0.001000,0.001000,0.001000,0.001000,0.001000
1074.711538,0.010715,0.001000,0.001000,0.001000,0.001000,0.001000
1074.730769,0.011928,0.001000,0.001000,0.001000,0.001000,0.001000
1074.750000,0.013135,0.001000,0.001000,0.001000,0.001000,0.001000
1074.769231,0.014333,0.001000,0.001000,0.001000,0.001000,0.001000
1074.788462,0.015522,0.001000,0.001000,0.001000,0.001000,0.001000
1074.807692,0.016702,0.001000,0.001000,0.001000,0.001000,0.001000
1074.826923,0.017871,0.001000,0.001000,0.001000,0.001000,0.001000
1074.846154,0.019029,0.001000,0.001000,0.001000,0.001000,0.001000
1074.865385,0.020175,0.001000,0.001000,0.001000,0.001000,0.001000
1074.884615,0.021309,0.001000,0.001000,0.001000,0.001000,0.001000
1074.903846,0.022430,0.001000,0.001000,0.001000,0.001000,0.001000
1074.923077,0.023536,0.001000,0.001000,0.001000,0.001000,0.001000
1074.942308,0.024628,0.001000,0.001000,0.001000,0.001000,0.001000
1074.961538,0.025705,0.001000,0.001000,0.001000,0.001000,0.001000
1074.980769,0.026766,0.001000,0.001000,0.001000,0.001000,0.001000
1075.000000,0.027810,0.001000,0.001000,0.001000,0.001000,0.001000
1075.019231,0.028837,0.001000,0.001000,0.001000,0.001000,0.001000
1075.038462,0.029846,0.001000,0.001000,0.001000,0.001000,0.001000
1075.057692,0.030836,0.001000,0.001000,0.001000,0.001000,0.001000
1075.076923,0.031807,0.001000,0.001000,0.001000,0.001000,0.001000
1075.096154,0.032759,0.001000,0.001000,0.001000,0.001000,0.001000
1075.115385,0.033690,0.001000,0.001000,0.001000,0.001000,0.001000
1075.134615,0.034600,0.001000,0.001000,0.001000,0.001000,0.001000
1075.153846,0.035489,0.001000,0.001000,0.001000,0.001000,0.001000
1075.173077,0.036356,0.001000,0.001000,0.001000,0.001000,0.001000
1075.192308,0.037200,0.001000,0.001000,0.001000,0.001000,0.001000
1075.211538,0.038021,0.001000,0.001000,0.001000,0.001000,0.001000
1075.230769,0.038818,0.001000,0.001000,0.001000,0.001000,0.001000
1075.250000,0.039591,0.001000,0.001000,0.001000,0.001000,0.001000
1075.269231,0.040340,0.001000,0.001000,0.001000,0.001000,0.001000
1075.288462,0.041064,0.001000,0.001000,0.001000,0.001000,0.001000
1075.307692,0.041762,0.001000,0.001000,0.001000,0.001000,0.001000
1075.326923,0.042434,0.001000,0.001000,0.001000,0.001000,0.001000
1075.346154,0.043080,0.001000,0.001000,0.001000,0.001000,0.001000
1075.365385,0.043699,0.001000,0.001000,0.001000,0.001000,0.001000
1075.384615,0.044291,0.001000,0.001000,0.001000,0.001000,0.001000
1075.403846,0.044855,0.001000,0.001000,0.001000,0.001000,0.001000
1075.423077,0.045392,0.001000,0.001000,0.001000,0.001000,0.001000
1075.442308,0.045900,0.001000,0.001000,0.001000,0.001000,0.001000
1075.461538,0.046380,0.001000,0.001000,0.001000,0.001000,0.001000
1075.480769,0.046831,0.001000,0.001000,0.001000,0.001000,0.001000
1075.500000,0.047253,0.001000,0.001000,0.001000,0.001000,0.001000
1075.519231,0.047646,0.001000,0.001000,0.001000,0.001000,0.001000
1075.538462,0.048009,0.001000,0.001000,0.001000,0.001000,0.001000
1075.557692,0.048342,0.001000,0.001000,0.001000,0.001000,0.001000
1075.576923,0.048645,0.001000,0.001000,0.001000,0.001000,0.001000
1075.596154,0.048918,0.001000,0.001000,0.001000,0.001000,0.001000
1075.615385,0.049161,0.001000,0.001000,0.001000,0.001000,0.001000
1075.634615,0.049373,0.001000,0.001000,0.001000,0.001000,0.001000
1075.653846,0.049554,0.001000,0.001000,0.001000,0.001000,0.001000
1075.673077,0.049705,0.001000,0.001000,0.001000,0.001000,0.001000
1075.692308,0.049825,0.001000,0.001000,0.001000,0.001000,0.001000
1075.711538,0.049913,0.001000,0.001000,0.001000,0.001000,0.001000
1075.730769,0.049971,0.001000,0.001000,0.001000,0.001000,0.001000
1075.750000,0.049998,0.001000,0.001000,0.001000,0.001000,0.001000
1075.769231,0.049994,0.001000,0.001000,0.001000,0.001000,0.001000
1075.788462,0.049958,0.001000,0.001000,0.001000,0.001000,0.001000
1075.807692,0.049892,0.001000,0.001000,0.001000,0.001000,0.001000
1075.826923,0.049795,0.001000,0.001000,0.001000,0.001000,0.001000
1075.846154,0.049666,0.001000,0.001000,0.001000,0.001000,0.001000
1075.865385,0.049507,0.001000,0.001000,0.001000,0.001000,0.001000
1075.884615,0.049317,0.001000,0.001000,0.001000,0.001000,0.001000
1075.903846,0.049097,0.001000,0.001000,0.001000,0.001000,0.001000
1075.923077,0.048846,0.001000,0.001000,0.001000,0.001000,0.001000
1075.942308,0.048565,0.001000,0.001000,0.001000,0.001000,0.001000
1075.961538,0.048253,0.001000,0.001000,0.001000,0.001000,0.001000
1075.980769,0.047912,0.001000,0.001000,0.001000,0.001000,0.001000
1076.000000,0.047540,0.001000,0.001000,0.001000,0.001000,0.001000
1076.019231,0.047140,0.001000,0.001000,0.001000,0.001000,0.001000
1076.038462,0.046710,0.001000,0.001000,0.001000,0.001000,0.001000
1076.057692,0.046251,0.001000,0.001000,0.001000,0.001000,0.001000
1076.076923,0.045763,0.001000,0.001000,0.001000,0.001000,0.001000
1076.096154,0.045247,0.001000,0.001000,0.001000,0.001000,0.001000
1076.115385,0.044702,0.001000,0.001000,0.001000,0.001000,0.001000
1076.134615,0.044130,0.001000,0.001000,0.001000,0.001000,0.001000
1076.153846,0.043531,0.001000,0.001000,0.001000,0.001000,0.001000
1076.173077,0.042904,0.001000,0.001000,0.001000,0.001000,0.001000
1076.192308,0.042251,0.001000,0.001000,0.001000,0.001000,0.001000
1076.211538,0.041572,0.001000,0.001000,0.001000,0.001000,0.001000
1076.230769,0.040867,0.001000,0.001000,0.001000,0.001000,0.001000
1076.250000,0.040136,0.001000,0.001000,0.001000,0.001000,0.001000
1076.269231,0.039380,0.001000,0.001000,0.001000,0.001000,0.001000
1076.288462,0.038601,0.001000,0.001000,0.001000,0.001000,0.001000
1076.307692,0.037797,0.001000,0.001000,0.001000,0.001000,0.001000
1076.326923,0.036969,0.001000,0.001000,0.001000,0.001000,0.001000
1076.346154,0.036119,0.001000,0.001000,0.001000,0.001000,0.001000
1076.365385,0.035246,0.001000,0.001000,0.001000,0.001000,0.001000
1076.384615,0.034351,0.001000,0.001000,0.001000,0.001000,0.001000
1076.403846,0.033435,0.001000,0.001000,0.001000,0.001000,0.001000
1076.423077,0.032498,0.001000,0.001000,0.001000,0.001000,0.001000
1076.442308,0.031541,0.001000,0.001000,0.001000,0.001000,0.001000
1076.461538,0.030565,0.001000,0.001000,0.001000,0.001000,0.001000
1076.480769,0.029569,0.001000,0.001000,0.001000,0.001000,0.001000
1076.500000,0.028555,0.001000,0.001000,0.001000,0.001000,0.001000
1076.519231,0.027524,0.001000,0.001000,0.001000,0.001000,0.001000
1076.538462,0.026475,0.001000,0.001000,0.001000,0.001000,0.001000
1076.557692,0.025410,0.001000,0.001000,0.001000,0.001000,0.001000
1076.576923,0.024329,0.001000,0.001000,0.001000,0.001000,0.001000
1076.596154,0.023233,0.001000,0.001000,0.001000,0.001000,0.001000
1076.615385,0.022122,0.001000,0.001000,0.001000,0.001000,0.001000
1076.634615,0.020998,0.001000,0.001000,0.001000,0.001000,0.001000
1076.653846,0.019861,0.001000,0.001000,0.001000,0.001000,0.001000
1076.673077,0.018711,0.001000,0.001000,0.001000,0.001000,0.001000
1076.692308,0.017550,0.001000,0.001000,0.001000,0.001000,0.001000
1076.711538,0.016377,0.001000,0.001000,0.001000,0.001000,0.001000
1076.730769,0.015195,0.001000,0.001000,0.001000,0.001000,0.001000
1076.750000,0.014003,0.001000,0.001000,0.001000,0.001000,0.001000
1076.769231,0.012803,0.001000,0.001000,0.001000,0.001000,0.001000
1076.788462,0.011594,0.001000,0.001000,0.001000,0.001000,0.001000
1076.807692,0.010379,0.001000,0.001000,0.001000,0.001000,0.001000
1076.826923,0.009157,0.001000,0.001000,0.001000,0.001000,0.001000
1076.846154,0.007929,0.001000,0.001000,0.001000,0.001000,0.001000
1076.865385,0.006696,0.001000,0.001000,0.001000,0.001000,0.001000
1076.884615,0.005460,0.001000,0.001000,0.001000,0.001000,0.001000
1076.903846,0.004219,0.001000,0.001000,0.001000,0.001000,0.001000
1076.923077,0.002976,0.001000,0.001000,0.001000,0.001000,0.001000
1076.942308,0.001732,0.001000,0.001000,0.001000,0.001000,0.001000
1076.961538,0.000486,0.001000,0.001000,0.001000,0.001000,0.001000
1076.980769,-0.000760,0.001000,0.001000,0.001000,0.001000,0.001000
1077.000000,-0.002006,0.001000,0.001000,0.001000,0.001000,0.001000
1077.019231,-0.003250,0.001000,0.001000,0.001000,0.001000,0.001000
1077.038462,-0.004492,0.001000,0.001000,0.001000,0.001000,0.001000
1077.057692,-0.005732,0.001000,0.001000,0.001000,0.001000,0.001000
1077.076923,-0.006968,0.001000,0.001000,0.001000,0.001000,0.001000
1077.096154,-0.008200,0.001000,0.001000,0.001000,0.001000,0.001000
1077.115385,-0.009426,0.001000,0.001000,0.001000,0.001000,0.001000
1077.134615,-0.010647,0.001000,0.001000,0.001000,0.001000,0.001000
1077.153846,-0.011861,0.001000,0.001000,0.001000,0.001000,0.001000
1077.173077,-0.013068,0.001000,0.001000,0.001000,0.001000,0.001000
1077.192308,-0.014266,0.001000,0.001000,0.001000,0.001000,0.001000
1077.211538,-0.015456,0.001000,0.001000,0.001000,0.001000,0.001000
1077.230769,-0.016636,0.001000,0.001000,0.001000,0.001000,0.001000
1077.250000,-0.017806,0.001000,0.001000,0.001000,0.001000,0.001000
1077.269231,-0.018965,0.001000,0.001000,0.001000,0.001000,0.001000
1077.288462,-0.020112,0.001000,0.001000,0.001000,0.001000,0.001000
1077.307692,-0.021246,0.001000,0.001000,0.001000,0.001000,0.001000
1077.326923,-0.022368,0.001000,0.001000,0.001000,0.001000,0.001000
1077.346154,-0.023475,0.001000,0.001000,0.001000,0.001000,0.001000
1077.365385,-0.024568,0.001000,0.001000,0.001000,0.001000,0.001000
1077.384615,-0.025645,0.001000,0.001000,0.001000,0.001000,0.001000
1077.403846,-0.026707,0.001000,0.001000,0.001000,0.001000,0.001000
1077.423077,-0.027752,0.001000,0.001000,0.001000,0.001000,0.001000
1077.442308,-0.028780,0.001000,0.001000,0.001000,0.001000,0.001000
1077.461538,-0.029790,0.001000,0.001000,0.001000,0.001000,0.001000
1077.480769,-0.030781,0.001000,0.001000,0.001000,0.001000,0.001000
1077.500000,-0.031754,0.001000,0.001000,0.001000,0.001000,0.001000
1077.519231,-0.032706,0.001000,0.001000,0.001000,0.001000,0.001000
1077.538462,-0.033639,0.001000,0.001000,0.001000,0.001000,0.001000
1077.557692,-0.034550,0.001000,0.001000,0.001000,0.001000,0.001000
1077.576923,-0.035440,0.001000,0.001000,0.001000,0.001000,0.001000
1077.596154,-0.036308,0.001000,0.001000,0.001000,0.001000,0.001000
1077.615385,-0.037153,0.001000,0.001000,0.001000,0.001000,0.001000
1077.634615,-0.037976,0.001000,0.001000,0.001000,0.001000,0.001000
1077.653846,-0.038774,0.001000,0.001000,0.001000,0.001000,0.001000
1077.673077,-0.039549,0.001000,0.001000,0.001000,0.001000,0.001000
1077.692308,-0.040299,0.001000,0.001000,0.001000,0.001000,0.001000
1077.711538,-0.041024,0.001000,0.001000,0.001000,0.001000,0.001000
1077.730769,-0.041724,0.001000,0.001000,0.001000,0.001000,0.001000
1077.750000,-0.042397,0.001000,0.001000,0.001000,0.001000,0.001000
1077.769231,-0.043044,0.001000,0.001000,0.001000,0.001000,0.001000
1077.788462,-0.043665,0.001000,0.001000,0.001000,0.001000,0.001000
1077.807692,-0.044259,0.001000,0.001000,0.001000,0.001000,0.001000
1077.826923,-0.044824,0.001000,0.001000,0.001000,0.001000,0.001000
1077.846154,-0.045363,0.001000,0.001000,0.001000,0.001000,0.001000
1077.865385,-0.045873,0.001000,0.001000,0.001000,0.001000,0.001000
1077.884615,-0.046354,0.001000,0.001000,0.001000,0.001000,0.001000
1077.903846,-0.046807,0.001000,0.001000,0.001000,0.001000,0.001000
1077.923077,-0.047230,0.001000,0.001000,0.001000,0.001000,0.001000
1077.942308,-0.047625,0.001000,0.001000,0.001000,0.001000,0.001000
1077.961538,-0.047989,0.001000,0.001000,0.001000,0.001000,0.001000
1077.980769,-0.048324,0.001000,0.001000,0.001000,0.001000,0.001000
1078.000000,-0.048629,0.001000,0.001000,0.001000,0.001000,0.001000
1078.019231,-0.048904,0.001000,0.001000,0.001000,0.001000,0.001000
1078.038462,-0.049148,0.001000,0.001000,0.001000,0.001000,0.001000
1078.057692,-0.049362,0.001000,0.001000,0.001000,0.001000,0.001000
1078.076923,-0.049545,0.001000,0.001000,0.001000,0.001000,0.001000
1078.096154,-0.049697,0.001000,0.001000,0.001000,0.001000,0.001000
1078.115385,-0.049819,0.001000,0.001000,0.001000,0.001000,0.001000
1078.134615,-0.049909,0.001000,0.001000,0.001000,0.001000,0.001000
1078.153846,-0.049969,0.001000,0.001000,0.001000,0.001000,0.001000
1078.173077,-0.049997,0.001000,0.001000,0.001000,0.001000,0.001000
1078.192308,-0.049995,0.001000,0.001000,0.001000,0.001000,0.001000
1078.211538,-0.049961,0.001000,0.001000,0.001000,0.001000,0.001000
1078.230769,-0.049897,0.001000,0.001000,0.001000,0.001000,0.001000
1078.250000,-0.049801,0.001000,0.001000,0.001000,0.001000,0.001000
1078.269231,-0.049674,0.001000,0.001000,0.001000,0.001000,0.001000
1078.288462,-0.049517,0.001000,0.001000,0.001000,0.001000,0.001000
1078.307692,-0.049329,0.001000,0.001000,0.001000,0.001000,0.001000
1078.326923,-0.049110,0.001000,0.001000,0.001000,0.001000,0.001000
1078.346154,-0.048861,0.001000,0.001000,0.001000,0.001000,0.001000
1078.365385,-0.048581,0.001000,0.001000,0.001000,0.001000,0.001000
1078.384615,-0.048271,0.001000,0.001000,0.001000,0.001000,0.001000
1078.403846,-0.047931,0.001000,0.001000,0.001000,0.001000,0.001000
1078.423077,-0.047562,0.001000,0.001000,0.001000,0.001000,0.001000
1078.442308,-0.047163,0.001000,0.001000,0.001000,0.001000,0.001000
1078.461538,-0.046734,0.001000,0.001000,0.001000,0.001000,0.001000
1078.480769,-0.046277,0.001000,0.001000,0.001000,0.001000,0.001000
1078.500000,-0.045791,0.001000,0.001000,0.001000,0.001000,0.001000
1078.519231,-0.045276,0.001000,0.001000,0.001000,0.001000,0.001000
1078.538462,-0.044733,0.001000,0.001000,0.001000,0.001000,0.001000
1078.557692,-0.044163,0.001000,0.001000,0.001000,0.001000,0.001000
1078.576923,-0.043565,0.001000,0.001000,0.001000,0.001000,0.001000
1078.596154,-0.042940,0.001000,0.001000,0.001000,0.001000,0.001000
1078.615385,-0.042288,0.001000,0.001000,0.001000,0.001000,0.001000
1078.634615,-0.041610,0.001000,0.001000,0.001000,0.001000,0.001000
1078.653846,-0.040907,0.001000,0.001000,0.001000,0.001000,0.001000
1078.673077,-0.040177,0.001000,0.001000,0.001000,0.001000,0.001000
1078.692308,-0.039423,0.001000,0.001000,0.001000,0.001000,0.001000
1078.711538,-0.038645,0.001000,0.001000,0.001000,0.001000,0.001000
1078.730769,-0.037842,0.001000,0.001000,0.001000,0.001000,0.001000
1078.750000,-0.037016,0.001000,0.001000,0.001000,0.001000,0.001000
1078.769231,-0.036167,0.001000,0.001000,0.001000,0.001000,0.001000
1078.788462,-0.035295,0.001000,0.001000,0.001000,0.001000,0.001000
1078.807692,-0.034402,0.001000,0.001000,0.001000,0.001000,0.001000
1078.826923,-0.033487,0.001000,0.001000,0.001000,0.001000,0.001000
1078.846154,-0.032551,0.001000,0.001000,0.001000,0.001000,0.001000
1078.865385,-0.031595,0.001000,0.001000,0.001000,0.001000,0.001000
1078.884615,-0.030620,0.001000,0.001000,0.001000,0.001000,0.001000
1078.903846,-0.029625,0.001000,0.001000,0.001000,0.001000,0.001000
1078.923077,-0.028612,0.001000,0.001000,0.001000,0.001000,0.001000
1078.942308,-0.027582,0.001000,0.001000,0.001000,0.001000,0.001000
1078.961538,-0.026534,0.001000,0.001000,0.001000,0.001000,0.001000
1078.980769,-0.025469,0.001000,0.001000,0.001000,0.001000,0.001000
1079.000000,-0.024389,0.001000,0.001000,0.001000,0.001000,0.001000
1079.019231,-0.023294,0.001000,0.001000,0.001000,0.001000,0.001000
1079.038462,-0.022184,0.001000,0.001000,0.001000,0.001000,0.001000
1079.057692,-0.021061,0.001000,0.001000,0.001000,0.001000,0.001000
1079.076923,-0.019924,0.001000,0.001000,0.001000,0.001000,0.001000
1079.096154,-0.018775,0.001000,0.001000,0.001000,0.001000,0.001000
1079.115385,-0.017615,0.001000,0.001000,0.001000,0.001000,0.001000
1079.134615,-0.016443,0.001000,0.001000,0.001000,0.001000,0.001000
1079.153846,-0.015261,0.001000,0.001000,0.001000,0.001000,0.001000
1079.173077,-0.014070,0.001000,0.001000,0.001000,0.001000,0.001000
1079.192308,-0.012870,0.001000,0.001000,0.001000,0.001000,0.001000
1079.211538,-0.011662,0.001000,0.001000,0.001000,0.001000,0.001000
1079.230769,-0.010447,0.001000,0.001000,0.001000,0.001000,0.001000
1079.250000,-0.009225,0.001000,0.001000,0.001000,0.001000,0.001000
1079.269231,-0.007998,0.001000,0.001000,0.001000,0.001000,0.001000
1079.288462,-0.006765,0.001000,0.001000,0.001000,0.001000,0.001000
1079.307692,-0.005529,0.001000,0.001000,0.001000,0.001000,0.001000
1079.326923,-0.004288,0.001000,0.001000,0.001000,0.001000,0.001000
1079.346154,-0.003046,0.001000,0.001000,0.001000,0.001000,0.001000
1079.365385,-0.001801,0.001000,0.001000,0.001000,0.001000,0.001000
1079.384615,-0.000555,0.001000,0.001000,0.001000,0.001000,0.001000
1079.403846,0.000691,0.001000,0.001000,0.001000,0.001000,0.001000
1079.423077,0.001936,0.001000,0.001000,0.001000,0.001000,0.001000
1079.442308,0.003181,0.001000,0.001000,0.001000,0.001000,0.001000
1079.461538,0.004423,0.001000,0.001000,0.001000,0.001000,0.001000
1079.480769,0.005663,0.001000,0.001000,0.001000,0.001000,0.001000
1079.500000,0.006899,0.001000,0.001000,0.001000,0.001000,0.001000
1079.519231,0.008131,0.001000,0.001000,0.001000,0.001000,0.001000
1079.538462,0.009358,0.001000,0.001000,0.001000,0.001000,0.001000
1079.557692,0.010579,0.001000,0.001000,0.001000,0.001000,0.001000
1079.576923,0.011794,0.001000,0.001000,0.001000,0.001000,0.001000
1079.596154,0.013001,0.001000,0.001000,0.001000,0.001000,0.001000
1079.615385,0.014200,0.001000,0.001000,0.001000,0.001000,0.001000
1079.634615,0.015390,0.001000,0.001000,0.001000,0.001000,0.001000
1079.653846,0.016571,0.001000,0.001000,0.001000,0.001000,0.001000
1079.673077,0.017741,0.001000,0.001000,0.001000,0.001000,0.001000
1079.692308,0.018901,0.001000,0.001000,0.001000,0.001000,0.001000
1079.711538,0.020048,0.001000,0.001000,0.001000,0.001000,0.001000
1079.730769,0.021183,0.001000,0.001000,0.001000,0.001000,0.001000
1079.750000,0.022306,0.001000,0.001000,0.001000,0.001000,0.001000
1079.769231,0.023414,0.001000,0.001000,0.001000,0.001000,0.001000
1079.788462,0.024507,0.001000,0.001000,0.001000,0.001000,0.001000
1079.807692,0.025586,0.001000,0.001000,0.001000,0.001000,0.001000
1079.826923,0.026648,0.001000,0.001000,0.001000,0.001000,0.001000
1079.846154,0.027694,0.001000,0.001000,0.001000,0.001000,0.001000
1079.865385,0.028723,0.001000,0.001000,0.001000,0.001000,0.001000
1079.884615,0.029734,0.001000,0.001000,0.001000,0.001000,0.001000
1079.903846,0.030727,0.001000,0.001000,0.001000,0.001000,0.001000
1079.923077,0.031700,0.001000,0.001000,0.001000,0.001000,0.001000
1079.942308,0.032654,0.001000,0.001000,0.001000,0.001000,0.001000
1079.961538,0.033587,0.001000,0.001000,0.001000,0.001000,0.001000
1079.980769,0.034500,0.001000,0.001000,0.001000,0.001000,0.001000
1080.000000,0.035391,0.001000,0.001000,0.001000,0.001000,0.001000
1080.019231,0.036260,0.001000,0.001000,0.001000,0.001000,0.001000
1080.038462,0.037107,0.001000,0.001000,0.001000,0.001000,0.001000
1080.057692,0.037930,0.001000,0.001000,0.001000,0.001000,0.001000
1080.076923,0.038730,0.001000,0.001000,0.001000,0.001000,0.001000
1080.096154,0.039506,0.001000,0.001000,0.001000,0.001000,0.001000
1080.115385,0.040258,0.001000,0.001000,0.001000,0.001000,0.001000
1080.134615,0.040984,0.001000,0.001000,0.001000,0.001000,0.001000
1080.153846,0.041685,0.001000,0.001000,0.001000,0.001000,0.001000
1080.173077,0.042360,0.001000,0.001000,0.001000,0.001000,0.001000
1080.192308,0.043009,0.001000,0.001000,0.001000,0.001000,0.001000
1080.211538,0.043631,0.001000,0.001000,0.001000,0.001000,0.001000
1080.230769,0.044226,0.001000,0.001000,0.001000,0.001000,0.001000
1080.250000,0.044794,0.001000,0.001000,0.001000,0.001000,0.001000
1080.269231,0.045333,0.001000,0.001000,0.001000,0.001000,0.001000
1080.288462,0.045845,0.001000,0.001000,0.001000,0.001000,0.001000
1080.307692,0.046328,0.001000,0.001000,0.001000,0.001000,0.001000
1080.326923,0.046782,0.001000,0.001000,0.001000,0.001000,0.001000
1080.346154,0.047207,0.001000,0.001000,0.001000,0.001000,0.001000
1080.365385,0.047603,0.001000,0.001000,0.001000,0.001000,0.001000
1080.384615,0.047970,0.001000,0.001000,0.001000,0.001000,0.001000
1080.403846,0.048306,0.001000,0.001000,0.001000,0.001000,0.001000
1080.423077,0.048613,0.001000,0.001000,0.001000,0.001000,0.001000
1080.442308,0.048889,0.001000,0.001000,0.001000,0.001000,0.001000
1080.461538,0.049135,0.001000,0.001000,0.001000,0.001000,0.001000
1080.480769,0.049351,0.001000,0.001000,0.001000,0.001000,0.001000
1080.500000,0.049536,0.001000,0.001000,0.001000,0.001000,0.001000
1080.519231,0.049690,0.001000,0.001000,0.001000,0.001000,0.001000
1080.538462,0.049813,0.001000,0.001000,0.001000,0.001000,0.001000
1080.557692,0.049905,0.001000,0.001000,0.001000,0.001000,0.001000
1080.576923,0.049966,0.001000,0.001000,0.001000,0.001000,0.001000
1080.596154,0.049997,0.001000,0.001000,0.001000,0.001000,0.001000
1080.615385,0.049996,0.001000,0.001000,0.001000,0.001000,0.001000
1080.634615,0.049964,0.001000,0.001000,0.001000,0.001000,0.001000
1080.653846,0.049901,0.001000,0.001000,0.001000,0.001000,0.001000
1080.673077,0.049807,0.001000,0.001000,0.001000,0.001000,0.001000
1080.692308,0.049682,0.001000,0.001000,0.001000,0.001000,0.001000
1080.711538,0.049526,0.001000,0.001000,0.001000,0.001000,0.001000
1080.730769,0.049340,0.001000,0.001000,0.001000,0.001000,0.001000
1080.750000,0.049123,0.001000,0.001000,0.001000,0.001000,0.001000
1080.769231,0.048875,0.001000,0.001000,0.001000,0.001000,0.001000
1080.788462,0.048597,0.001000,0.001000,0.001000,0.001000,0.001000
1080.807692,0.048289,0.001000,0.001000,0.001000,0.001000,0.001000
1080.826923,0.047951,0.001000,0.001000,0.001000,0.001000,0.001000
1080.846154,0.047583,0.001000,0.001000,0.001000,0.001000,0.001000
1080.865385,0.047186,0.001000,0.001000,0.001000,0.001000,0.001000
1080.884615,0.046759,0.001000,0.001000,0.001000,0.001000,0.001000
1080.903846,0.046303,0.001000,0.001000,0.001000,0.001000,0.001000
1080.923077,0.045819,0.001000,0.001000,0.001000,0.001000,0.001000
1080.942308,0.045306,0.001000,0.001000,0.001000,0.001000,0.001000
1080.961538,0.044764,0.001000,0.001000,0.001000,0.001000,0.001000
1080.980769,0.044195,0.001000,0.001000,0.001000,0.001000,0.001000
1081.000000,0.043599,0.001000,0.001000,0.001000,0.001000,0.001000
1081.019231,0.042975,0.001000,0.001000,0.001000,0.001000,0.001000
1081.038462,0.042325,0.001000,0.001000,0.001000,0.001000,0.001000
1081.057692,0.041649,0.001000,0.001000,0.001000,0.001000,0.001000
1081.076923,0.040946,0.001000,0.001000,0.001000,0.001000,0.001000
1081.096154,0.040219,0.001000,0.001000,0.001000,0.001000,0.001000
1081.115385,0.039466,0.001000,0.001000,0.001000,0.001000,0.001000
1081.134615,0.038689,0.001000,0.001000,0.001000,0.001000,0.001000
1081.153846,0.037887,0.001000,0.001000,0.001000,0.001000,0.001000
1081.173077,0.037062,0.001000,0.001000,0.001000,0.001000,0.001000
1081.192308,0.036215,0.001000,0.001000,0.001000,0.001000,0.001000
1081.211538,0.035344,0.001000,0.001000,0.001000,0.001000,0.001000
1081.230769,0.034452,0.001000,0.001000,0.001000,0.001000,0.001000
1081.250000,0.033538,0.001000,0.001000,0.001000,0.001000,0.001000
1081.269231,0.032604,0.001000,0.001000,0.001000,0.001000,0.001000
1081.288462,0.031649,0.001000,0.001000,0.001000,0.001000,0.001000
1081.307692,0.030675,0.001000,0.001000,0.001000,0.001000,0.001000
1081.326923,0.029681,0.001000,0.001000,0.001000,0.001000,0.001000
1081.346154,0.028669,0.001000,0.001000,0.001000,0.001000,0.001000
1081.365385,0.027639,0.001000,0.001000,0.001000,0.001000,0.001000
1081.384615,0.026593,0.001000,0.001000,0.001000,0.001000,0.001000
1081.403846,0.025529,0.001000,0.001000,0.001000,0.001000,0.001000
1081.423077,0.024450,0.001000,0.001000,0.001000,0.001000,0.001000
1081.442308,0.023355,0.001000,0.001000,0.001000,0.001000,0.001000
1081.461538,0.022247,0.001000,0.001000,0.001000,0.001000,0.001000
1081.480769,0.021124,0.001000,0.001000,0.001000,0.001000,0.001000
1081.500000,0.019988,0.001000,0.001000,0.001000,0.001000,0.001000
1081.519231,0.018840,0.001000,0.001000,0.001000,0.001000,0.001000
1081.538462,0.017680,0.001000,0.001000,0.001000,0.001000,0.001000
1081.557692,0.016509,0.001000,0.001000,0.001000,0.001000,0.001000
1081.576923,0.015327,0.001000,0.001000,0.001000,0.001000,0.001000
1081.596154,0.014137,0.001000,0.001000,0.001000,0.001000,0.001000
1081.615385,0.012937,0.001000,0.001000,0.001000,0.001000,0.001000
1081.634615,0.011729,0.001000,0.001000,0.001000,0.001000,0.001000
1081.653846,0.010515,0.001000,0.001000,0.001000,0.001000,0.001000
1081.673077,0.009293,0.001000,0.001000,0.001000,0.001000,0.001000
1081.692308,0.008066,0.001000,0.001000,0.001000,0.001000,0.001000
1081.711538,0.006834,0.001000,0.001000,0.001000,0.001000,0.001000
1081.730769,0.005598,0.001000,0.001000,0.001000,0.001000,0.001000
1081.750000,0.004358,0.001000,0.001000,0.001000,0.001000,0.001000
1081.769231,0.003115,0.001000,0.001000,0.001000,0.001000,0.001000
1081.788462,0.001870,0.001000,0.001000,0.001000,0.001000,0.001000
1081.807692,0.000625,0.001000,0.001000,0.001000,0.001000,0.001000
1081.826923,-0.000621,0.001000,0.001000,0.001000,0.001000,0.001000
1081.846154,-0.001867,0.001000,0.001000,0.001000,0.001000,0.001000
1081.865385,-0.003112,0.001000,0.001000,0.001000,0.001000,0.001000
1081.884615,-0.004354,0.001000,0.001000,0.001000,0.001000,0.001000
1081.903846,-0.005594,0.001000,0.001000,0.001000,0.001000,0.001000
1081.923077,-0.006830,0.001000,0.001000,0.001000,0.001000,0.001000
1081.942308,-0.008063,0.001000,0.001000,0.001000,0.001000,0.001000
1081.961538,-0.009290,0.001000,0.001000,0.001000,0.001000,0.001000
1081.980769,-0.010511,0.001000,0.001000,0.001000,0.001000,0.001000
1082.000000,-0.011726,0.001000,0.001000,0.001000,0.001000,0.001000
1082.019231,-0.012934,0.001000,0.001000,0.001000,0.001000,0.001000
1082.038462,-0.014133,0.001000,0.001000,0.001000,0.001000,0.001000
1082.057692,-0.015324,0.001000,0.001000,0.001000,0.001000,0.001000
1082.076923,-0.016505,0.001000,0.001000,0.001000,0.001000,0.001000
1082.096154,-0.017676,0.001000,0.001000,0.001000,0.001000,0.001000
1082.115385,-0.018836,0.001000,0.001000,0.001000,0.001000,0.001000
1082.134615,-0.019985,0.001000,0.001000,0.001000,0.001000,0.001000
1082.153846,-0.021121,0.001000,0.001000,0.001000,0.001000,0.001000
1082.173077,-0.022243,0.001000,0.001000,0.001000,0.001000,0.001000
1082.192308,-0.023352,0.001000,0.001000,0.001000,0.001000,0.001000
1082.211538,-0.024447,0.001000,0.001000,0.001000,0.001000,0.001000
1082.230769,-0.025526,0.001000,0.001000,0.001000,0.001000,0.001000
1082.250000,-0.026590,0.001000,0.001000,0.001000,0.001000,0.001000
1082.269231,-0.027637,0.001000,0.001000,0.001000,0.001000,0.001000
1082.288462,-0.028666,0.001000,0.001000,0.001000,0.001000,0.001000
1082.307692,-0.029678,0.001000,0.001000,0.001000,0.001000,0.001000
1082.326923,-0.030672,0.001000,0.001000,0.001000,0.001000,0.001000
1082.346154,-0.031646,0.001000,0.001000,0.001000,0.001000,0.001000
1082.365385,-0.032601,0.001000,0.001000,0.001000,0.001000,0.001000
1082.384615,-0.033536,0.001000,0.001000,0.001000,0.001000,0.001000
1082.403846,-0.034449,0.001000,0.001000,0.001000,0.001000,0.001000
1082.423077,-0.035342,0.001000,0.001000,0.001000,0.001000,0.001000
1082.442308,-0.036212,0.001000,0.001000,0.001000,0.001000,0.001000
1082.461538,-0.037060,0.001000,0.001000,0.001000,0.001000,0.001000
1082.480769,-0.037885,0.001000,0.001000,0.001000,0.001000,0.001000
1082.500000,-0.038686,0.001000,0.001000,0.001000,0.001000,0.001000
1082.519231,-0.039464,0.001000,0.001000,0.001000,0.001000,0.001000
1082.538462,-0.040217,0.001000,0.001000,0.001000,0.001000,0.001000
1082.557692,-0.040944,0.001000,0.001000,0.001000,0.001000,0.001000
1082.576923,-0.041647,0.001000,0.001000,0.001000,0.001000,0.001000
1082.596154,-0.042323,0.001000,0.001000,0.001000,0.001000,0.001000
1082.615385,-0.042974,0.001000,0.001000,0.001000,0.001000,0.001000
1082.634615,-0.043597,0.001000,0.001000,0.001000,0.001000,0.001000
1082.653846,-0.044194,0.001000,0.001000,0.001000,0.001000,0.001000
1082.673077,-0.044763,0.001000,0.001000,0.001000,0.001000,0.001000
1082.692308,-0.045304,0.001000,0.001000,0.001000,0.001000,0.001000
1082.711538,-0.045817,0.001000,0.001000,0.001000,0.001000,0.001000
1082.730769,-0.046302,0.001000,0.001000,0.001000,0.001000,0.001000
1082.750000,-0.046758,0.001000,0.001000,0.001000,0.001000,0.001000
1082.769231,-0.047185,0.001000,0.001000,0.001000,0.001000,0.001000
1082.788462,-0.047582,0.001000,0.001000,0.001000,0.001000,0.001000
1082.807692,-0.047950,0.001000,0.001000,0.001000,0.001000,0.001000
1082.826923,-0.048288,0.001000,0.001000,0.001000,0.001000,0.001000
1082.846154,-0.048597,0.001000,0.001000,0.001000,0.001000,0.001000
1082.865385,-0.048875,0.001000,0.001000,0.001000,0.001000,0.001000
1082.884615,-0.049122,0.001000,0.001000,0.001000,0.001000,0.001000
1082.903846,-0.049339,0.001000,0.001000,0.001000,0.001000,0.001000
1082.923077,-0.049526,0.001000,0.001000,0.001000,0.001000,0.001000
1082.942308,-0.049682,0.001000,0.001000,0.001000,0.001000,0.001000
1082.961538,-0.049807,0.001000,0.001000,0.001000,0.001000,0.001000
1082.980769,-0.049901,0.001000,0.001000,0.001000,0.001000,0.001000
1083.000000,-0.049964,0.001000,0.001000,0.001000,0.001000,0.001000
1083.019231,-0.049996,0.001000,0.001000,0.001000,0.001000,0.001000
1083.038462,-0.049997,0.001000,0.001000,0.001000,0.001000,0.001000
1083.057692,-0.049966,0.001000,0.001000,0.001000,0.001000,0.001000
1083.076923,-0.049905,0.001000,0.001000,0.001000,0.001000,0.001000
1083.096154,-0.049813,0.001000,0.001000,0.001000,0.001000,0.001000
1083.115385,-0.049690,0.001000,0.001000,0.001000,0.001000,0.001000
1083.134615,-0.049536,0.001000,0.001000,0.001000,0.001000,0.001000
1083.153846,-0.049351,0.001000,0.001000,0.001000,0.001000,0.001000
1083.173077,-0.049136,0.001000,0.001000,0.001000,0.001000,0.001000
1083.192308,-0.048890,0.001000,0.001000,0.001000,0.001000,0.001000
1083.211538,-0.048614,0.001000,0.001000,0.001000,0.001000,0.001000
1083.230769,-0.048307,0.001000,0.001000,0.001000,0.001000,0.001000
1083.250000,-0.047971,0.001000,0.001000,0.001000,0.001000,0.001000
1083.269231,-0.047604,0.001000,0.001000,0.001000,0.001000,0.001000
1083.288462,-0.047209,0.001000,0.001000,0.001000,0.001000,0.001000
1083.307692,-0.046783,0.001000,0.001000,0.001000,0.001000,0.001000
1083.326923,-0.046329,0.001000,0.001000,0.001000,0.001000,0.001000
1083.346154,-0.045846,0.001000,0.001000,0.001000,0.001000,0.001000
1083.365385,-0.045335,0.001000,0.001000,0.001000,0.001000,0.001000
1083.384615,-0.044795,0.001000,0.001000,0.001000,0.001000,0.001000
1083.403846,-0.044228,0.001000,0.001000,0.001000,0.001000,0.001000
1083.423077,-0.043633,0.001000,0.001000,0.001000,0.001000,0.001000
1083.442308,-0.043011,0.001000,0.001000,0.001000,0.001000,0.001000
1083.461538,-0.042362,0.001000,0.001000,0.001000,0.001000,0.001000
1083.480769,-0.041687,0.001000,0.001000,0.001000,0.001000,0.001000
1083.500000,-0.040986,0.001000,0.001000,0.001000,0.001000,0.001000
1083.519231,-0.040260,0.001000,0.001000,0.001000,0.001000,0.001000
1083.538462,-0.039508,0.001000,0.001000,0.001000,0.001000,0.001000
1083.557692,-0.038733,0.001000,0.001000,0.001000,0.001000,0.001000
1083.576923,-0.037933,0.001000,0.001000,0.001000,0.001000,0.001000
1083.596154,-0.037109,0.001000,0.001000,0.001000,0.001000,0.001000
1083.615385,-0.036262,0.001000,0.001000,0.001000,0.001000,0.001000
1083.634615,-0.035393,0.001000,0.001000,0.001000,0.001000,0.001000
1083.653846,-0.034502,0.001000,0.001000,0.001000,0.001000,0.001000
1083.673077,-0.033590,0.001000,0.001000,0.001000,0.001000,0.001000
1083.692308,-0.032656,0.001000,0.001000,0.001000,0.001000,0.001000
1083.711538,-0.031703,0.001000,0.001000,0.001000,0.001000,0.001000
1083.730769,-0.030729,0.001000,0.001000,0.001000,0.001000,0.001000
1083.750000,-0.029737,0.001000,0.001000,0.001000,0.001000,0.001000
1083.769231,-0.028726,0.001000,0.001000,0.001000,0.001000,0.001000
1083.788462,-0.027697,0.001000,0.001000,0.001000,0.001000,0.001000
1083.807692,-0.026651,0.001000,0.001000,0.001000,0.001000,0.001000
1083.826923,-0.025589,0.001000,0.001000,0.001000,0.001000,0.001000
1083.846154,-0.024510,0.001000,0.001000,0.001000,0.001000,0.001000
1083.865385,-0.023417,0.001000,0.001000,0.001000,0.001000,0.001000
1083.884615,-0.022309,0.001000,0.001000,0.001000,0.001000,0.001000
1083.903846,-0.021187,0.001000,0.001000,0.001000,0.001000,0.001000
1083.923077,-0.020051,0.001000,0.001000,0.001000,0.001000,0.001000
1083.942308,-0.018904,0.001000,0.001000,0.001000,0.001000,0.001000
1083.961538,-0.017744,0.001000,0.001000,0.001000,0.001000,0.001000
1083.980769,-0.016574,0.001000,0.001000,0.001000,0.001000,0.001000
1084.000000,-0.015393,0.001000,0.001000,0.001000,0.001000,0.001000
1084.019231,-0.014203,0.001000,0.001000,0.001000,0.001000,0.001000
1084.038462,-0.013004,0.001000,0.001000,0.001000,0.001000,0.001000
1084.057692,-0.011797,0.001000,0.001000,0.001000,0.001000,0.001000
1084.076923,-0.010582,0.001000,0.001000,0.001000,0.001000,0.001000
1084.096154,-0.009361,0.001000,0.001000,0.001000,0.001000,0.001000
1084.115385,-0.008135,0.001000,0.001000,0.001000,0.001000,0.001000
1084.134615,-0.006903,0.001000,0.001000,0.001000,0.001000,0.001000
1084.153846,-0.005666,0.001000,0.001000,0.001000,0.001000,0.001000
1084.173077,-0.004427,0.001000,0.001000,0.001000,0.001000,0.001000
1084.192308,-0.003184,0.001000,0.001000,0.001000,0.001000,0.001000
1084.211538,-0.001940,0.001000,0.001000,0.001000,0.001000,0.001000
1084.230769,-0.000694,0.001000,0.001000,0.001000,0.001000,0.001000
1084.250000,0.000552,0.001000,0.001000,0.001000,0.001000,0.001000
1084.269231,0.001798,0.001000,0.001000,0.001000,0.001000,0.001000
1084.288462,0.003042,0.001000,0.001000,0.001000,0.001000,0.001000
1084.307692,0.004285,0.001000,0.001000,0.001000,0.001000,0.001000
1084.326923,0.005525,0.001000,0.001000,0.001000,0.001000,0.001000
1084.346154,0.006762,0.001000,0.001000,0.001000,0.001000,0.001000
1084.365385,0.007994,0.001000,0.001000,0.001000,0.001000,0.001000
1084.384615,0.009222,0.001000,0.001000,0.001000,0.001000,0.001000
1084.403846,0.010443,0.001000,0.001000,0.001000,0.001000,0.001000
1084.423077,0.011659,0.001000,0.001000,0.001000,0.001000,0.001000
1084.442308,0.012867,0.001000,0.001000,0.001000,0.001000,0.001000
1084.461538,0.014067,0.001000,0.001000,0.001000,0.001000,0.001000
1084.480769,0.015258,0.001000,0.001000,0.001000,0.001000,0.001000
1084.500000,0.016440,0.001000,0.001000,0.001000,0.001000,0.001000
1084.519231,0.017611,0.001000,0.001000,0.001000,0.001000,0.001000
1084.538462,0.018772,0.001000,0.001000,0.001000,0.001000,0.001000
1084.557692,0.019921,0.001000,0.001000,0.001000,0.001000,0.001000
1084.576923,0.021058,0.001000,0.001000,0.001000,0.001000,0.001000
1084.596154,0.022181,0.001000,0.001000,0.001000,0.001000,0.001000
1084.615385,0.023291,0.001000,0.001000,0.001000,0.001000,0.001000
1084.634615,0.024386,0.001000,0.001000,0.001000,0.001000,0.001000
1084.653846,0.025466,0.001000,0.001000,0.001000,0.001000,0.001000
1084.673077,0.026531,0.001000,0.001000,0.001000,0.001000,0.001000
1084.692308,0.027579,0.001000,0.001000,0.001000,0.001000,0.001000
1084.711538,0.028609,0.001000,0.001000,0.001000,0.001000,0.001000
1084.730769,0.029622,0.001000,0.001000,0.001000,0.001000,0.001000
1084.750000,0.030617,0.001000,0.001000,0.001000,0.001000,0.001000
1084.769231,0.031593,0.001000,0.001000,0.001000,0.001000,0.001000
1084.788462,0.032548,0.001000,0.001000,0.001000,0.001000,0.001000
1084.807692,0.033484,0.001000,0.001000,0.001000,0.001000,0.001000
1084.826923,0.034399,0.001000,0.001000,0.001000,0.001000,0.001000
1084.846154,0.035293,0.001000,0.001000,0.001000,0.001000,0.001000
1084.865385,0.036164,0.001000,0.001000,0.001000,0.001000,0.001000
1084.884615,0.037014,0.001000,0.001000,0.001000,0.001000,0.001000
1084.903846,0.037840,0.001000,0.001000,0.001000,0.001000,0.001000
1084.923077,0.038642,0.001000,0.001000,0.001000,0.001000,0.001000
1084.942308,0.039421,0.001000,0.001000,0.001000,0.001000,0.001000
1084.961538,0.040175,0.001000,0.001000,0.001000,0.001000,0.001000
1084.980769,0.040905,0.001000,0.001000,0.001000,0.001000,0.001000
1085.000000,0.041608,0.001000,0.001000,0.001000,0.001000,0.001000
1085.019231,0.042286,0.001000,0.001000,0.001000,0.001000,0.001000
1085.038462,0.042938,0.001000,0.001000,0.001000,0.001000,0.001000
1085.057692,0.043563,0.001000,0.001000,0.001000,0.001000,0.001000
1085.076923,0.044161,0.001000,0.001000,0.001000,0.001000,0.001000
1085.096154,0.044732,0.001000,0.001000,0.001000,0.001000,0.001000
1085.115385,0.045275,0.001000,0.001000,0.001000,0.001000,0.001000
1085.134615,0.045789,0.001000,0.001000,0.001000,0.001000,0.001000
1085.153846,0.046276,0.001000,0.001000,0.001000,0.001000,0.001000
1085.173077,0.046733,0.001000,0.001000,0.001000,0.001000,0.001000
1085.192308,0.047162,0.001000,0.001000,0.001000,0.001000,0.001000
1085.211538,0.047561,0.001000,0.001000,0.001000,0.001000,0.001000
1085.230769,0.047930,0.001000,0.001000,0.001000,0.001000,0.001000
1085.250000,0.048270,0.001000,0.001000,0.001000,0.001000,0.001000
1085.269231,0.048580,0.001000,0.001000,0.001000,0.001000,0.001000
1085.288462,0.048860,0.001000,0.001000,0.001000,0.001000,0.001000
1085.307692,0.049109,0.001000,0.001000,0.001000,0.001000,0.001000
1085.326923,0.049328,0.001000,0.001000,0.001000,0.001000,0.001000
1085.346154,0.049516,0.001000,0.001000,0.001000,0.001000,0.001000
1085.365385,0.049674,0.001000,0.001000,0.001000,0.001000,0.001000
1085.384615,0.049801,0.001000,0.001000,0.001000,0.001000,0.001000
1085.403846,0.049896,0.001000,0.001000,0.001000,0.001000,0.001000
1085.423077,0.049961,0.001000,0.001000,0.001000,0.001000,0.001000
1085.442308,0.049995,0.001000,0.001000,0.001000,0.001000,0.001000
1085.461538,0.049997,0.001000,0.001000,0.001000,0.001000,0.001000
1085.480769,0.049969,0.001000,0.001000,0.001000,0.001000,0.001000
1085.500000,0.049909,0.001000,0.001000,0.001000,0.001000,0.001000
1085.519231,0.049819,0.001000,0.001000,0.001000,0.001000,0.001000
1085.538462,0.049698,0.001000,0.001000,0.001000,0.001000,0.001000
1085.557692,0.049545,0.001000,0.001000,0.001000,0.001000,0.001000
1085.576923,0.049362,0.001000,0.001000,0.001000,0.001000,0.001000
1085.596154,0.049149,0.001000,0.001000,0.001000,0.001000,0.001000
1085.615385,0.048904,0.001000,0.001000,0.001000,0.001000,0.001000
1085.634615,0.048630,0.001000,0.001000,0.001000,0.001000,0.001000
1085.653846,0.048325,0.001000,0.001000,0.001000,0.001000,0.001000
1085.673077,0.047990,0.001000,0.001000,0.001000,0.001000,0.001000
1085.692308,0.047626,0.001000,0.001000,0.001000,0.001000,0.001000
1085.711538,0.047231,0.001000,0.001000,0.001000,0.001000,0.001000
1085.730769,0.046808,0.001000,0.001000,0.001000,0.001000,0.001000
1085.750000,0.046355,0.001000,0.001000,0.001000,0.001000,0.001000
1085.769231,0.045874,0.001000,0.001000,0.001000,0.001000,0.001000
1085.788462,0.045364,0.001000,0.001000,0.001000,0.001000,0.001000
1085.807692,0.044826,0.001000,0.001000,0.001000,0.001000,0.001000
1085.826923,0.044260,0.001000,0.001000,0.001000,0.001000,0.001000
1085.846154,0.043667,0.001000,0.001000,0.001000,0.001000,0.001000
1085.865385,0.043046,0.001000,0.001000,0.001000,0.001000,0.001000
1085.884615,0.042399,0.001000,0.001000,0.001000,0.001000,0.001000
1085.903846,0.041725,0.001000,0.001000,0.001000,0.001000,0.001000
1085.923077,0.041026,0.001000,0.001000,0.001000,0.001000,0.001000
1085.942308,0.040301,0.001000,0.001000,0.001000,0.001000,0.001000
1085.961538,0.039551,0.001000,0.001000,0.001000,0.001000,0.001000
1085.980769,0.038776,0.001000,0.001000,0.001000,0.001000,0.001000
1086.000000,0.037978,0.001000,0.001000,0.001000,0.001000,0.001000
1086.019231,0.037156,0.001000,0.001000,0.001000,0.001000,0.001000
1086.038462,0.036310,0.001000,0.001000,0.001000,0.001000,0.001000
1086.057692,0.035442,0.001000,0.001000,0.001000,0.001000,0.001000
1086.076923,0.034553,0.001000,0.001000,0.001000,0.001000,0.001000
1086.096154,0.033641,0.001000,0.001000,0.001000,0.001000,0.001000
1086.115385,0.032709,0.001000,0.001000,0.001000,0.001000,0.001000
1086.134615,0.031756,0.001000,0.001000,0.001000,0.001000,0.001000
1086.153846,0.030784,0.001000,0.001000,0.001000,0.001000,0.001000
1086.173077,0.029793,0.001000,0.001000,0.001000,0.001000,0.001000
1086.192308,0.028783,0.001000,0.001000,0.001000,0.001000,0.001000
1086.211538,0.027755,0.001000,0.001000,0.001000,0.001000,0.001000
1086.230769,0.026710,0.001000,0.001000,0.001000,0.001000,0.001000
1086.250000,0.025648,0.001000,0.001000,0.001000,0.001000,0.001000
1086.269231,0.024571,0.001000,0.001000,0.001000,0.001000,0.001000
1086.288462,0.023478,0.001000,0.001000,0.001000,0.001000,0.001000
1086.307692,0.022371,0.001000,0.001000,0.001000,0.001000,0.001000
1086.326923,0.021250,0.001000,0.001000,0.001000,0.001000,0.001000
1086.346154,0.020115,0.001000,0.001000,0.001000,0.001000,0.001000
1086.365385,0.018968,0.001000,0.001000,0.001000,0.001000,0.001000
1086.384615,0.017809,0.001000,0.001000,0.001000,0.001000,0.001000
1086.403846,0.016640,0.001000,0.001000,0.001000,0.001000,0.001000
1086.423077,0.015459,0.001000,0.001000,0.001000,0.001000,0.001000
1086.442308,0.014270,0.001000,0.001000,0.001000,0.001000,0.001000
1086.461538,0.013071,0.001000,0.001000,0.001000,0.001000,0.001000
1086.480769,0.011864,0.001000,0.001000,0.001000,0.001000,0.001000
1086.500000,0.010650,0.001000,0.001000,0.001000,0.001000,0.001000
1086.519231,0.009430,0.001000,0.001000,0.001000,0.001000,0.001000
1086.538462,0.008203,0.001000,0.001000,0.001000,0.001000,0.001000
1086.557692,0.006971,0.001000,0.001000,0.001000,0.001000,0.001000
1086.576923,0.005735,0.001000,0.001000,0.001000,0.001000,0.001000
1086.596154,0.004496,0.001000,0.001000,0.001000,0.001000,0.001000
1086.615385,0.003254,0.001000,0.001000,0.001000,0.001000,0.001000
1086.634615,0.002009,0.001000,0.001000,0.001000,0.001000,0.001000
1086.653846,0.000764,0.001000,0.001000,0.001000,0.001000,0.001000
1086.673077,-0.000482,0.001000,0.001000,0.001000,0.001000,0.001000
1086.692308,-0.001728,0.001000,0.001000,0.001000,0.001000,0.001000
1086.711538,-0.002973,0.001000,0.001000,0.001000,0.001000,0.001000
1086.730769,-0.004216,0.001000,0.001000,0.001000,0.001000,0.001000
1086.750000,-0.005456,0.001000,0.001000,0.001000,0.001000,0.001000
1086.769231,-0.006693,0.001000,0.001000,0.001000,0.001000,0.001000
1086.788462,-0.007926,0.001000,0.001000,0.001000,0.001000,0.001000
1086.807692,-0.009153,0.001000,0.001000,0.001000,0.001000,0.001000
1086.826923,-0.010375,0.001000,0.001000,0.001000,0.001000,0.001000
1086.846154,-0.011591,0.001000,0.001000,0.001000,0.001000,0.001000
1086.865385,-0.012799,0.001000,0.001000,0.001000,0.001000,0.001000
1086.884615,-0.014000,0.001000,0.001000,0.001000,0.001000,0.001000
1086.903846,-0.015192,0.001000,0.001000,0.001000,0.001000,0.001000
1086.923077,-0.016374,0.001000,0.001000,0.001000,0.001000,0.001000
1086.942308,-0.017546,0.001000,0.001000,0.001000,0.001000,0.001000
1086.961538,-0.018708,0.001000,0.001000,0.001000,0.001000,0.001000
1086.980769,-0.019857,0.001000,0.001000,0.001000,0.001000,0.001000
1087.000000,-0.020995,0.001000,0.001000,0.001000,0.001000,0.001000
1087.019231,-0.022119,0.001000,0.001000,0.001000,0.001000,0.001000
1087.038462,-0.023230,0.001000,0.001000,0.001000,0.001000,0.001000
1087.057692,-0.024326,0.001000,0.001000,0.001000,0.001000,0.001000
1087.076923,-0.025407,0.001000,0.001000,0.001000,0.001000,0.001000
1087.096154,-0.026472,0.001000,0.001000,0.001000,0.001000,0.001000
1087.115385,-0.027521,0.001000,0.001000,0.001000,0.001000,0.001000
1087.134615,-0.028552,0.001000,0.001000,0.001000,0.001000,0.001000
1087.153846,-0.029566,0.001000,0.001000,0.001000,0.001000,0.001000
1087.173077,-0.030562,0.001000,0.001000,0.001000,0.001000,0.001000
1087.192308,-0.031539,0.001000,0.001000,0.001000,0.001000,0.001000
1087.211538,-0.032496,0.001000,0.001000,0.001000,0.001000,0.001000
1087.230769,-0.033433,0.001000,0.001000,0.001000,0.001000,0.001000
1087.250000,-0.034349,0.001000,0.001000,0.001000,0.001000,0.001000
1087.269231,-0.035243,0.001000,0.001000,0.001000,0.001000,0.001000
1087.288462,-0.036116,0.001000,0.001000,0.001000,0.001000,0.001000
1087.307692,-0.036967,0.001000,0.001000,0.001000,0.001000,0.001000
1087.326923,-0.037794,0.001000,0.001000,0.001000,0.001000,0.001000
1087.346154,-0.038598,0.001000,0.001000,0.001000,0.001000,0.001000
1087.365385,-0.039378,0.001000,0.001000,0.001000,0.001000,0.001000
1087.384615,-0.040134,0.001000,0.001000,0.001000,0.001000,0.001000
1087.403846,-0.040865,0.001000,0.001000,0.001000,0.001000,0.001000
1087.423077,-0.041570,0.001000,0.001000,0.001000,0.001000,0.001000
1087.442308,-0.042249,0.001000,0.001000,0.001000,0.001000,0.001000
1087.461538,-0.042903,0.001000,0.001000,0.001000,0.001000,0.001000
1087.480769,-0.043529,0.001000,0.001000,0.001000,0.001000,0.001000
1087.500000,-0.044129,0.001000,0.001000,0.001000,0.001000,0.001000
1087.519231,-0.044701,0.001000,0.001000,0.001000,0.001000,0.001000
1087.538462,-0.045245,0.001000,0.001000,0.001000,0.001000,0.001000
1087.557692,-0.045761,0.001000,0.001000,0.001000,0.001000,0.001000
1087.576923,-0.046249,0.001000,0.001000,0.001000,0.001000,0.001000
1087.596154,-0.046708,0.001000,0.001000,0.001000,0.001000,0.001000
1087.615385,-0.047138,0.001000,0.001000,0.001000,0.001000,0.001000
1087.634615,-0.047539,0.001000,0.001000,0.001000,0.001000,0.001000
1087.653846,-0.047911,0.001000,0.001000,0.001000,0.001000,0.001000
1087.673077,-0.048252,0.001000,0.001000,0.001000,0.001000,0.001000
1087.692308,-0.048564,0.001000,0.001000,0.001000,0.001000,0.001000
1087.711538,-0.048845,0.001000,0.001000,0.001000,0.001000,0.001000
1087.730769,-0.049096,0.001000,0.001000,0.001000,0.001000,0.001000
1087.750000,-0.049317,0.001000,0.001000,0.001000,0.001000,0.001000
1087.769231,-0.049507,0.001000,0.001000,0.001000,0.001000,0.001000
1087.788462,-0.049666,0.001000,0.001000,0.001000,0.001000,0.001000
1087.807692,-0.049794,0.001000,0.001000,0.001000,0.001000,0.001000
1087.826923,-0.049892,0.001000,0.001000,0.001000,0.001000,0.001000
1087.846154,-0.049958,0.001000,0.001000,0.001000,0.001000,0.001000
1087.865385,-0.049994,0.001000,0.001000,0.001000,0.001000,0.001000
1087.884615,-0.049998,0.001000,0.001000,0.001000,0.001000,0.001000
1087.903846,-0.049971,0.001000,0.001000,0.001000,0.001000,0.001000
1087.923077,-0.049914,0.001000,0.001000,0.001000,0.001000,0.001000
1087.942308,-0.049825,0.001000,0.001000,0.001000,0.001000,0.001000
1087.961538,-0.049705,0.001000,0.001000,0.001000,0.001000,0.001000
1087.980769,-0.049555,0.001000,0.001000,0.001000,0.001000,0.001000
1088.000000,-0.049373,0.001000,0.001000,0.001000,0.001000,0.001000
1088.019231,-0.049161,0.001000,0.001000,0.001000,0.001000,0.001000
1088.038462,-0.048919,0.001000,0.001000,0.001000,0.001000,0.001000
1088.057692,-0.048646,0.001000,0.001000,0.001000,0.001000,0.001000
1088.076923,-0.048343,0.001000,0.001000,0.001000,0.001000,0.001000
1088.096154,-0.048010,0.001000,0.001000,0.001000,0.001000,0.001000
1088.115385,-0.047647,0.001000,0.001000,0.001000,0.001000,0.001000
1088.134615,-0.047254,0.001000,0.001000,0.001000,0.001000,0.001000
1088.153846,-0.046832,0.001000,0.001000,0.001000,0.001000,0.001000
1088.173077,-0.046381,0.001000,0.001000,0.001000,0.001000,0.001000
1088.192308,-0.045902,0.001000,0.001000,0.001000,0.001000,0.001000
1088.211538,-0.045393,0.001000,0.001000,0.001000,0.001000,0.001000
1088.230769,-0.044857,0.001000,0.001000,0.001000,0.001000,0.001000
1088.250000,-0.044292,0.001000,0.001000,0.001000,0.001000,0.001000
1088.269231,-0.043701,0.001000,0.001000,0.001000,0.001000,0.001000
1088.288462,-0.043082,0.001000,0.001000,0.001000,0.001000,0.001000
1088.307692,-0.042436,0.001000,0.001000,0.001000,0.001000,0.001000
1088.326923,-0.041764,0.001000,0.001000,0.001000,0.001000,0.001000
1088.346154,-0.041066,0.001000,0.001000,0.001000,0.001000,0.001000
1088.365385,-0.040342,0.001000,0.001000,0.001000,0.001000,0.001000
1088.384615,-0.039593,0.001000,0.001000,0.001000,0.001000,0.001000
1088.403846,-0.038820,0.001000,0.001000,0.001000,0.001000,0.001000
1088.423077,-0.038023,0.001000,0.001000,0.001000,0.001000,0.001000
1088.442308,-0.037202,0.001000,0.001000,0.001000,0.001000,0.001000
1088.461538,-0.036358,0.001000,0.001000,0.001000,0.001000,0.001000
1088.480769,-0.035491,0.001000,0.001000,0.001000,0.001000,0.001000
1088.500000,-0.034603,0.001000,0.001000,0.001000,0.001000,0.001000
1088.519231,-0.033692,0.001000,0.001000,0.001000,0.001000,0.001000
1088.538462,-0.032761,0.001000,0.001000,0.001000,0.001000,0.001000
1088.557692,-0.031810,0.001000,0.001000,0.001000,0.001000,0.001000
1088.576923,-0.030839,0.001000,0.001000,0.001000,0.001000,0.001000
1088.596154,-0.029848,0.001000,0.001000,0.001000,0.001000,0.001000
1088.615385,-0.028840,0.001000,0.001000,0.001000,0.001000,0.001000
1088.634615,-0.027813,0.001000,0.001000,0.001000,0.001000,0.001000
1088.653846,-0.026769,0.001000,0.001000,0.001000,0.001000,0.001000
1088.673077,-0.025708,0.001000,0.001000,0.001000,0.001000,0.001000
1088.692308,-0.024631,0.001000,0.001000,0.001000,0.001000,0.001000
1088.711538,-0.023539,0.001000,0.001000,0.001000,0.001000,0.001000
1088.730769,-0.022433,0.001000,0.001000,0.001000,0.001000,0.001000
1088.750000,-0.021312,0.001000,0.001000,0.001000,0.001000,0.001000
1088.769231,-0.020179,0.001000,0.001000,0.001000,0.001000,0.001000
1088.788462,-0.019032,0.001000,0.001000,0.001000,0.001000,0.001000
1088.807692,-0.017874,0.001000,0.001000,0.001000,0.001000,0.001000
1088.826923,-0.016705,0.001000,0.001000,0.001000,0.001000,0.001000
1088.846154,-0.015525,0.001000,0.001000,0.001000,0.001000,0.001000
1088.865385,-0.014336,0.001000,0.001000,0.001000,0.001000,0.001000
1088.884615,-0.013138,0.001000,0.001000,0.001000,0.001000,0.001000
1088.903846,-0.011932,0.001000,0.001000,0.001000,0.001000,0.001000
1088.923077,-0.010718,0.001000,0.001000,0.001000,0.001000,0.001000
1088.942308,-0.009498,0.001000,0.001000,0.001000,0.001000,0.001000
1088.961538,-0.008272,0.001000,0.001000,0.001000,0.001000,0.001000
1088.980769,-0.007040,0.001000,0.001000,0.001000,0.001000,0.001000
1089.000000,-0.005804,0.001000,0.001000,0.001000,0.001000,0.001000
1089.019231,-0.004565,0.001000,0.001000,0.001000,0.001000,0.001000
1089.038462,-0.003323,0.001000,0.001000,0.001000,0.001000,0.001000
1089.057692,-0.002079,0.001000,0.001000,0.001000,0.001000,0.001000
1089.076923,-0.000833,0.001000,0.001000,0.001000,0.001000,0.001000
1089.096154,0.000413,0.001000,0.001000,0.001000,0.001000,0.001000
1089.115385,0.001659,0.001000,0.001000,0.001000,0.001000,0.001000
1089.134615,0.002904,0.001000,0.001000,0.001000,0.001000,0.001000
1089.153846,0.004147,0.001000,0.001000,0.001000,0.001000,0.001000
1089.173077,0.005387,0.001000,0.001000,0.001000,0.001000,0.001000
1089.192308,0.006624,0.001000,0.001000,0.001000,0.001000,0.001000
1089.211538,0.007857,0.001000,0.001000,0.001000,0.001000,0.001000
1089.230769,0.009085,0.001000,0.001000,0.001000,0.001000,0.001000
1089.250000,0.010307,0.001000,0.001000,0.001000,0.001000,0.001000
1089.269231,0.011524,0.001000,0.001000,0.001000,0.001000,0.001000
1089.288462,0.012732,0.001000,0.001000,0.001000,0.001000,0.001000
1089.307692,0.013933,0.001000,0.001000,0.001000,0.001000,0.001000
1089.326923,0.015126,0.001000,0.001000,0.001000,0.001000,0.001000
1089.346154,0.016309,0.001000,0.001000,0.001000,0.001000,0.001000
1089.365385,0.017481,0.001000,0.001000,0.001000,0.001000,0.001000
1089.384615,0.018643,0.001000,0.001000,0.001000,0.001000,0.001000
1089.403846,0.019794,0.001000,0.001000,0.001000,0.001000,0.001000
1089.423077,0.020932,0.001000,0.001000,0.001000,0.001000,0.001000
1089.442308,0.022057,0.001000,0.001000,0.001000,0.001000,0.001000
1089.461538,0.023168,0.001000,0.001000,0.001000,0.001000,0.001000
1089.480769,0.024265,0.001000,0.001000,0.001000,0.001000,0.001000
1089.500000,0.025347,0.001000,0.001000,0.001000,0.001000,0.001000
1089.519231,0.026413,0.001000,0.001000,0.001000,0.001000,0.001000
1089.538462,0.027463,0.001000,0.001000,0.001000,0.001000,0.001000
1089.557692,0.028495,0.001000,0.001000,0.001000,0.001000,0.001000
1089.576923,0.029510,0.001000,0.001000,0.001000,0.001000,0.001000
1089.596154,0.030507,0.001000,0.001000,0.001000,0.001000,0.001000
1089.615385,0.031485,0.001000,0.001000,0.001000,0.001000,0.001000
1089.634615,0.032443,0.001000,0.001000,0.001000,0.001000,0.001000
1089.653846,0.033381,0.001000,0.001000,0.001000,0.001000,0.001000
1089.673077,0.034298,0.001000,0.001000,0.001000,0.001000,0.001000
1089.692308,0.035194,0.001000,0.001000,0.001000,0.001000,0.001000
1089.711538,0.036068,0.001000,0.001000,0.001000,0.001000,0.001000
1089.730769,0.036920,0.001000,0.001000,0.001000,0.001000,0.001000
1089.750000,0.037749,0.001000,0.001000,0.001000,0.001000,0.001000
1089.769231,0.038554,0.001000,0.001000,0.001000,0.001000,0.001000
1089.788462,0.039336,0.001000,0.001000,0.001000,0.001000,0.001000
1089.807692,0.040092,0.001000,0.001000,0.001000,0.001000,0.001000
1089.826923,0.040825,0.001000,0.001000,0.001000,0.001000,0.001000
1089.846154,0.041531,0.001000,0.001000,0.001000,0.001000,0.001000
1089.865385,0.042212,0.001000,0.001000,0.001000,0.001000,0.001000
1089.884615,0.042867,0.001000,0.001000,0.001000,0.001000,0.001000
1089.903846,0.043495,0.001000,0.001000,0.001000,0.001000,0.001000
1089.923077,0.044096,0.001000,0.001000,0.001000,0.001000,0.001000
1089.942308,0.044670,0.001000,0.001000,0.001000,0.001000,0.001000
1089.961538,0.045216,0.001000,0.001000,0.001000,0.001000,0.001000
1089.980769,0.045733,0.001000,0.001000,0.001000,0.001000,0.001000
