timestamp,ax,ay,az,gx,gy,gz
1000.000000,0.000000,0.001000,0.001000,0.001000,0.001000,0.001000
1000.019231,0.001401,0.001000,0.001000,0.001000,0.001000,0.001000
1000.038462,0.002801,0.001000,0.001000,0.001000,0.001000,0.001000
1000.057692,0.004199,0.001000,0.001000,0.001000,0.001000,0.001000
1000.076923,0.005593,0.001000,0.001000,0.001000,0.001000,0.001000
1000.096154,0.006983,0.001000,0.001000,0.001000,0.001000,0.001000
1000.115385,0.008368,0.001000,0.001000,0.001000,0.001000,0.001000
1000.134615,0.009746,0.001000,0.001000,0.001000,0.001000,0.001000
1000.153846,0.011116,0.001000,0.001000,0.001000,0.001000,0.001000
1000.173077,0.012478,0.001000,0.001000,0.001000,0.001000,0.001000
1000.192308,0.013829,0.001000,0.001000,0.001000,0.001000,0.001000
1000.211538,0.015170,0.001000,0.001000,0.001000,0.001000,0.001000
1000.230769,0.016499,0.001000,0.001000,0.001000,0.001000,0.001000
1000.250000,0.017815,0.001000,0.001000,0.001000,0.001000,0.001000
1000.269231,0.019117,0.001000,0.001000,0.001000,0.001000,0.001000
1000.288462,0.020404,0.001000,0.001000,0.001000,0.001000,0.001000
1000.307692,0.021676,0.001000,0.001000,0.001000,0.001000,0.001000
1000.326923,0.022930,0.001000,0.001000,0.001000,0.001000,0.001000
1000.346154,0.024166,0.001000,0.001000,0.001000,0.001000,0.001000
1000.365385,0.025383,0.001000,0.001000,0.001000,0.001000,0.001000
1000.384615,0.026580,0.001000,0.001000,0.001000,0.001000,0.001000
1000.403846,0.027756,0.001000,0.001000,0.001000,0.001000,0.001000
1000.423077,0.028910,0.001000,0.001000,0.001000,0.001000,0.001000
1000.442308,0.030042,0.001000,0.001000,0.001000,0.001000,0.001000
1000.461538,0.031150,0.001000,0.001000,0.001000,0.001000,0.001000
1000.480769,0.032234,0.001000,0.001000,0.001000,0.001000,0.001000
1000.500000,0.033292,0.001000,0.001000,0.001000,0.001000,0.001000
1000.519231,0.034324,0.001000,0.001000,0.001000,0.001000,0.001000
1000.538462,0.035330,0.001000,0.001000,0.001000,0.001000,0.001000
1000.557692,0.036307,0.001000,0.001000,0.001000,0.001000,0.001000
1000.576923,0.037256,0.001000,0.001000,0.001000,0.001000,0.001000
1000.596154,0.038176,0.001000,0.001000,0.001000,0.001000,0.001000
1000.615385,0.039066,0.001000,0.001000,0.001000,0.001000,0.001000
1000.634615,0.039925,0.001000,0.001000,0.001000,0.001000,0.001000
1000.653846,0.040753,0.001000,0.001000,0.001000,0.001000,0.001000
1000.673077,0.041548,0.001000,0.001000,0.001000,0.001000,0.001000
1000.692308,0.042311,0.001000,0.001000,0.001000,0.001000,0.001000
1000.711538,0.043041,0.001000,0.001000,0.001000,0.001000,0.001000
1000.730769,0.043737,0.001000,0.001000,0.001000,0.001000,0.001000
1000.750000,0.044399,0.001000,0.001000,0.001000,0.001000,0.001000
1000.769231,0.045026,0.001000,0.001000,0.001000,0.001000,0.001000
1000.788462,0.045617,0.001000,0.001000,0.001000,0.001000,0.001000
1000.807692,0.046173,0.001000,0.001000,0.001000,0.001000,0.001000
1000.826923,0.046693,0.001000,0.001000,0.001000,0.001000,0.001000
1000.846154,0.047175,0.001000,0.001000,0.001000,0.001000,0.001000
1000.865385,0.047621,0.001000,0.001000,0.001000,0.001000,0.001000
1000.884615,0.048029,0.001000,0.001000,0.001000,0.001000,0.001000
1000.903846,0.048400,0.001000,0.001000,0.001000,0.001000,0.001000
1000.923077,0.048733,0.001000,0.001000,0.001000,0.001000,0.001000
1000.942308,0.049027,0.001000,0.001000,0.001000,0.001000,0.001000
1000.961538,0.049283,0.001000,0.001000,0.001000,0.001000,0.001000
1000.980769,0.049500,0.001000,0.001000,0.001000,0.001000,0.001000
1001.000000,0.049678,0.001000,0.001000,0.001000,0.001000,0.001000
1001.019231,0.049817,0.001000,0.001000,0.001000,0.001000,0.001000
1001.038462,0.049917,0.001000,0.001000,0.001000,0.001000,0.001000
1001.057692,0.049978,0.001000,0.001000,0.001000,0.001000,0.001000
1001.076923,0.050000,0.001000,0.001000,0.001000,0.001000,0.001000
1001.096154,0.049982,0.001000,0.001000,0.001000,0.001000,0.001000
1001.115385,0.049925,0.001000,0.001000,0.001000,0.001000,0.001000
1001.134615,0.049829,0.001000,0.001000,0.001000,0.001000,0.001000
1001.153846,0.049694,0.001000,0.001000,0.001000,0.001000,0.001000
1001.173077,0.049520,0.001000,0.001000,0.001000,0.001000,0.001000
1001.192308,0.049307,0.001000,0.001000,0.001000,0.001000,0.001000
1001.211538,0.049055,0.001000,0.001000,0.001000,0.001000,0.001000
1001.230769,0.048765,0.001000,0.001000,0.001000,0.001000,0.001000
1001.250000,0.048436,0.001000,0.001000,0.001000,0.001000,0.001000
1001.269231,0.048069,0.001000,0.001000,0.001000,0.001000,0.001000
1001.288462,0.047665,0.001000,0.001000,0.001000,0.001000,0.001000
1001.307692,0.047223,0.001000,0.001000,0.001000,0.001000,0.001000
1001.326923,0.046744,0.001000,0.001000,0.001000,0.001000,0.001000
1001.346154,0.046229,0.001000,0.001000,0.001000,0.001000,0.001000
1001.365385,0.045677,0.001000,0.001000,0.001000,0.001000,0.001000
1001.384615,0.045089,0.001000,0.001000,0.001000,0.001000,0.001000
1001.403846,0.044466,0.001000,0.001000,0.001000,0.001000,0.001000
1001.423077,0.043807,0.001000,0.001000,0.001000,0.001000,0.001000
1001.442308,0.043115,0.001000,0.001000,0.001000,0.001000,0.001000
1001.461538,0.042389,0.001000,0.001000,0.001000,0.001000,0.001000
1001.480769,0.041629,0.001000,0.001000,0.001000,0.001000,0.001000
1001.500000,0.040836,0.001000,0.001000,0.001000,0.001000,0.001000
1001.519231,0.040012,0.001000,0.001000,0.001000,0.001000,0.001000
1001.538462,0.039156,0.001000,0.001000,0.001000,0.001000,0.001000
1001.557692,0.038269,0.001000,0.001000,0.001000,0.001000,0.001000
1001.576923,0.037353,0.001000,0.001000,0.001000,0.001000,0.001000
1001.596154,0.036407,0.001000,0.001000,0.001000,0.001000,0.001000
1001.615385,0.035432,0.001000,0.001000,0.001000,0.001000,0.001000
1001.634615,0.034430,0.001000,0.001000,0.001000,0.001000,0.001000
1001.653846,0.033400,0.001000,0.001000,0.001000,0.001000,0.001000
1001.673077,0.032345,0.001000,0.001000,0.001000,0.001000,0.001000
1001.692308,0.031264,0.001000,0.001000,0.001000,0.001000,0.001000
1001.711538,0.030158,0.001000,0.001000,0.001000,0.001000,0.001000
1001.730769,0.029029,0.001000,0.001000,0.001000,0.001000,0.001000
1001.750000,0.027876,0.001000,0.001000,0.001000,0.001000,0.001000
1001.769231,0.026702,0.001000,0.001000,0.001000,0.001000,0.001000
1001.788462,0.025507,0.001000,0.001000,0.001000,0.001000,0.001000
1001.807692,0.024292,0.001000,0.001000,0.001000,0.001000,0.001000
1001.826923,0.023058,0.001000,0.001000,0.001000,0.001000,0.001000
1001.846154,0.021806,0.001000,0.001000,0.001000,0.001000,0.001000
1001.865385,0.020537,0.001000,0.001000,0.001000,0.001000,0.001000
1001.884615,0.019251,0.001000,0.001000,0.001000,0.001000,0.001000
1001.903846,0.017951,0.001000,0.001000,0.001000,0.001000,0.001000
1001.923077,0.016636,0.001000,0.001000,0.001000,0.001000,0.001000
1001.942308,0.015308,0.001000,0.001000,0.001000,0.001000,0.001000
1001.961538,0.013969,0.001000,0.001000,0.001000,0.001000,0.001000
1001.980769,0.012618,0.001000,0.001000,0.001000,0.001000,0.001000
1002.000000,0.011257,0.001000,0.001000,0.001000,0.001000,0.001000
1002.019231,0.009888,0.001000,0.001000,0.001000,0.001000,0.001000
1002.038462,0.008511,0.001000,0.001000,0.001000,0.001000,0.001000
1002.057692,0.007127,0.001000,0.001000,0.001000,0.001000,0.001000
1002.076923,0.005737,0.001000,0.001000,0.001000,0.001000,0.001000
1002.096154,0.004343,0.001000,0.001000,0.001000,0.001000,0.001000
1002.115385,0.002946,0.001000,0.001000,0.001000,0.001000,0.001000
1002.134615,0.001546,0.001000,0.001000,0.001000,0.001000,0.001000
1002.153846,0.000145,0.001000,0.001000,0.001000,0.001000,0.001000
1002.173077,-0.001256,0.001000,0.001000,0.001000,0.001000,0.001000
1002.192308,-0.002656,0.001000,0.001000,0.001000,0.001000,0.001000
1002.211538,-0.004054,0.001000,0.001000,0.001000,0.001000,0.001000
1002.230769,-0.005449,0.001000,0.001000,0.001000,0.001000,0.001000
1002.250000,-0.006839,0.001000,0.001000,0.001000,0.001000,0.001000
1002.269231,-0.008225,0.001000,0.001000,0.001000,0.001000,0.001000
1002.288462,-0.009603,0.001000,0.001000,0.001000,0.001000,0.001000
1002.307692,-0.010974,0.001000,0.001000,0.001000,0.001000,0.001000
1002.326923,-0.012337,0.001000,0.001000,0.001000,0.001000,0.001000
1002.346154,-0.013690,0.001000,0.001000,0.001000,0.001000,0.001000
1002.365385,-0.015032,0.001000,0.001000,0.001000,0.001000,0.001000
1002.384615,-0.016362,0.001000,0.001000,0.001000,0.001000,0.001000
1002.403846,-0.017680,0.001000,0.001000,0.001000,0.001000,0.001000
1002.423077,-0.018983,0.001000,0.001000,0.001000,0.001000,0.001000
1002.442308,-0.020272,0.001000,0.001000,0.001000,0.001000,0.001000
1002.461538,-0.021545,0.001000,0.001000,0.001000,0.001000,0.001000
1002.480769,-0.022800,0.001000,0.001000,0.001000,0.001000,0.001000
1002.500000,-0.024038,0.001000,0.001000,0.001000,0.001000,0.001000
1002.519231,-0.025257,0.001000,0.001000,0.001000,0.001000,0.001000
1002.538462,-0.026457,0.001000,0.001000,0.001000,0.001000,0.001000
1002.557692,-0.027635,0.001000,0.001000,0.001000,0.001000,0.001000
1002.576923,-0.028792,0.001000,0.001000,0.001000,0.001000,0.001000
1002.596154,-0.029926,0.001000,0.001000,0.001000,0.001000,0.001000
1002.615385,-0.031037,0.001000,0.001000,0.001000,0.001000,0.001000
1002.634615,-0.032123,0.001000,0.001000,0.001000,0.001000,0.001000
1002.653846,-0.033184,0.001000,0.001000,0.001000,0.001000,0.001000
1002.673077,-0.034219,0.001000,0.001000,0.001000,0.001000,0.001000
1002.692308,-0.035227,0.001000,0.001000,0.001000,0.001000,0.001000
1002.711538,-0.036207,0.001000,0.001000,0.001000,0.001000,0.001000
1002.730769,-0.037159,0.001000,0.001000,0.001000,0.001000,0.001000
1002.750000,-0.038082,0.001000,0.001000,0.001000,0.001000,0.001000
1002.769231,-0.038975,0.001000,0.001000,0.001000,0.001000,0.001000
1002.788462,-0.039837,0.001000,0.001000,0.001000,0.001000,0.001000
1002.807692,-0.040668,0.001000,0.001000,0.001000,0.001000,0.001000
1002.826923,-0.041467,0.001000,0.001000,0.001000,0.001000,0.001000
1002.846154,-0.042234,0.001000,0.001000,0.001000,0.001000,0.001000
1002.865385,-0.042967,0.001000,0.001000,0.001000,0.001000,0.001000
1002.884615,-0.043667,0.001000,0.001000,0.001000,0.001000,0.001000
1002.903846,-0.044332,0.001000,0.001000,0.001000,0.001000,0.001000
1002.923077,-0.044963,0.001000,0.001000,0.001000,0.001000,0.001000
1002.942308,-0.045558,0.001000,0.001000,0.001000,0.001000,0.001000
1002.961538,-0.046117,0.001000,0.001000,0.001000,0.001000,0.001000
1002.980769,-0.046640,0.001000,0.001000,0.001000,0.001000,0.001000
1003.000000,-0.047127,0.001000,0.001000,0.001000,0.001000,0.001000
1003.019231,-0.047577,0.001000,0.001000,0.001000,0.001000,0.001000
1003.038462,-0.047989,0.001000,0.001000,0.001000,0.001000,0.001000
1003.057692,-0.048363,0.001000,0.001000,0.001000,0.001000,0.001000
1003.076923,-0.048700,0.001000,0.001000,0.001000,0.001000,0.001000
1003.096154,-0.048998,0.001000,0.001000,0.001000,0.001000,0.001000
1003.115385,-0.049258,0.001000,0.001000,0.001000,0.001000,0.001000
1003.134615,-0.049479,0.001000,0.001000,0.001000,0.001000,0.001000
1003.153846,-0.049661,0.001000,0.001000,0.001000,0.001000,0.001000
1003.173077,-0.049805,0.001000,0.001000,0.001000,0.001000,0.001000
1003.192308,-0.049909,0.001000,0.001000,0.001000,0.001000,0.001000
1003.211538,-0.049974,0.001000,0.001000,0.001000,0.001000,0.001000
1003.230769,-0.050000,0.001000,0.001000,0.001000,0.001000,0.001000
1003.250000,-0.049986,0.001000,0.001000,0.001000,0.001000,0.001000
1003.269231,-0.049933,0.001000,0.001000,0.001000,0.001000,0.001000
1003.288462,-0.049841,0.001000,0.001000,0.001000,0.001000,0.001000
1003.307692,-0.049710,0.001000,0.001000,0.001000,0.001000,0.001000
1003.326923,-0.049540,0.001000,0.001000,0.001000,0.001000,0.001000
1003.346154,-0.049331,0.001000,0.001000,0.001000,0.001000,0.001000
1003.365385,-0.049083,0.001000,0.001000,0.001000,0.001000,0.001000
1003.384615,-0.048797,0.001000,0.001000,0.001000,0.001000,0.001000
1003.403846,-0.048472,0.001000,0.001000,0.001000,0.001000,0.001000
1003.423077,-0.048109,0.001000,0.001000,0.001000,0.001000,0.001000
1003.442308,-0.047709,0.001000,0.001000,0.001000,0.001000,0.001000
1003.461538,-0.047271,0.001000,0.001000,0.001000,0.001000,0.001000
1003.480769,-0.046796,0.001000,0.001000,0.001000,0.001000,0.001000
1003.500000,-0.046284,0.001000,0.001000,0.001000,0.001000,0.001000
1003.519231,-0.045735,0.001000,0.001000,0.001000,0.001000,0.001000
1003.538462,-0.045151,0.001000,0.001000,0.001000,0.001000,0.001000
1003.557692,-0.044532,0.001000,0.001000,0.001000,0.001000,0.001000
1003.576923,-0.043877,0.001000,0.001000,0.001000,0.001000,0.001000
1003.596154,-0.043188,0.001000,0.001000,0.001000,0.001000,0.001000
1003.615385,-0.042465,0.001000,0.001000,0.001000,0.001000,0.001000
1003.634615,-0.041709,0.001000,0.001000,0.001000,0.001000,0.001000
1003.653846,-0.040920,0.001000,0.001000,0.001000,0.001000,0.001000
1003.673077,-0.040099,0.001000,0.001000,0.001000,0.001000,0.001000
1003.692308,-0.039246,0.001000,0.001000,0.001000,0.001000,0.001000
1003.711538,-0.038363,0.001000,0.001000,0.001000,0.001000,0.001000
1003.730769,-0.037449,0.001000,0.001000,0.001000,0.001000,0.001000
1003.750000,-0.036506,0.001000,0.001000,0.001000,0.001000,0.001000
1003.769231,-0.035534,0.001000,0.001000,0.001000,0.001000,0.001000
1003.788462,-0.034535,0.001000,0.001000,0.001000,0.001000,0.001000
1003.807692,-0.033508,0.001000,0.001000,0.001000,0.001000,0.001000
1003.826923,-0.032455,0.001000,0.001000,0.001000,0.001000,0.001000
1003.846154,-0.031377,0.001000,0.001000,0.001000,0.001000,0.001000
1003.865385,-0.030273,0.001000,0.001000,0.001000,0.001000,0.001000
1003.884615,-0.029147,0.001000,0.001000,0.001000,0.001000,0.001000
1003.903846,-0.027997,0.001000,0.001000,0.001000,0.001000,0.001000
1003.923077,-0.026825,0.001000,0.001000,0.001000,0.001000,0.001000
1003.942308,-0.025632,0.001000,0.001000,0.001000,0.001000,0.001000
1003.961538,-0.024419,0.001000,0.001000,0.001000,0.001000,0.001000
1003.980769,-0.023187,0.001000,0.001000,0.001000,0.001000,0.001000
1004.000000,-0.021937,0.001000,0.001000,0.001000,0.001000,0.001000
1004.019231,-0.020669,0.001000,0.001000,0.001000,0.001000,0.001000
1004.038462,-0.019385,0.001000,0.001000,0.001000,0.001000,0.001000
1004.057692,-0.018086,0.001000,0.001000,0.001000,0.001000,0.001000
1004.076923,-0.016773,0.001000,0.001000,0.001000,0.001000,0.001000
1004.096154,-0.015447,0.001000,0.001000,0.001000,0.001000,0.001000
1004.115385,-0.014108,0.001000,0.001000,0.001000,0.001000,0.001000
1004.134615,-0.012758,0.001000,0.001000,0.001000,0.001000,0.001000
1004.153846,-0.011399,0.001000,0.001000,0.001000,0.001000,0.001000
1004.173077,-0.010030,0.001000,0.001000,0.001000,0.001000,0.001000
1004.192308,-0.008654,0.001000,0.001000,0.001000,0.001000,0.001000
1004.211538,-0.007270,0.001000,0.001000,0.001000,0.001000,0.001000
1004.230769,-0.005881,0.001000,0.001000,0.001000,0.001000,0.001000
1004.250000,-0.004488,0.001000,0.001000,0.001000,0.001000,0.001000
1004.269231,-0.003091,0.001000,0.001000,0.001000,0.001000,0.001000
1004.288462,-0.001691,0.001000,0.001000,0.001000,0.001000,0.001000
1004.307692,-0.000290,0.001000,0.001000,0.001000,0.001000,0.001000
1004.326923,0.001111,0.001000,0.001000,0.001000,0.001000,0.001000
1004.346154,0.002511,0.001000,0.001000,0.001000,0.001000,0.001000
1004.365385,0.003909,0.001000,0.001000,0.001000,0.001000,0.001000
1004.384615,0.005305,0.001000,0.001000,0.001000,0.001000,0.001000
1004.403846,0.006696,0.001000,0.001000,0.001000,0.001000,0.001000
1004.423077,0.008081,0.001000,0.001000,0.001000,0.001000,0.001000
1004.442308,0.009461,0.001000,0.001000,0.001000,0.001000,0.001000
1004.461538,0.010833,0.001000,0.001000,0.001000,0.001000,0.001000
1004.480769,0.012196,0.001000,0.001000,0.001000,0.001000,0.001000
1004.500000,0.013550,0.001000,0.001000,0.001000,0.001000,0.001000
1004.519231,0.014894,0.001000,0.001000,0.001000,0.001000,0.001000
1004.538462,0.016225,0.001000,0.001000,0.001000,0.001000,0.001000
1004.557692,0.017544,0.001000,0.001000,0.001000,0.001000,0.001000
1004.576923,0.018849,0.001000,0.001000,0.001000,0.001000,0.001000
1004.596154,0.020139,0.001000,0.001000,0.001000,0.001000,0.001000
1004.615385,0.021414,0.001000,0.001000,0.001000,0.001000,0.001000
1004.634615,0.022671,0.001000,0.001000,0.001000,0.001000,0.001000
1004.653846,0.023911,0.001000,0.001000,0.001000,0.001000,0.001000
1004.673077,0.025132,0.001000,0.001000,0.001000,0.001000,0.001000
1004.692308,0.026333,0.001000,0.001000,0.001000,0.001000,0.001000
1004.711538,0.027514,0.001000,0.001000,0.001000,0.001000,0.001000
1004.730769,0.028673,0.001000,0.001000,0.001000,0.001000,0.001000
1004.750000,0.029810,0.001000,0.001000,0.001000,0.001000,0.001000
1004.769231,0.030923,0.001000,0.001000,0.001000,0.001000,0.001000
1004.788462,0.032011,0.001000,0.001000,0.001000,0.001000,0.001000
1004.807692,0.033075,0.001000,0.001000,0.001000,0.001000,0.001000
1004.826923,0.034113,0.001000,0.001000,0.001000,0.001000,0.001000
1004.846154,0.035124,0.001000,0.001000,0.001000,0.001000,0.001000
1004.865385,0.036107,0.001000,0.001000,0.001000,0.001000,0.001000
1004.884615,0.037062,0.001000,0.001000,0.001000,0.001000,0.001000
1004.903846,0.037988,0.001000,0.001000,0.001000,0.001000,0.001000
1004.923077,0.038884,0.001000,0.001000,0.001000,0.001000,0.001000
1004.942308,0.039749,0.001000,0.001000,0.001000,0.001000,0.001000
1004.961538,0.040584,0.001000,0.001000,0.001000,0.001000,0.001000
1004.980769,0.041386,0.001000,0.001000,0.001000,0.001000,0.001000
1005.000000,0.042156,0.001000,0.001000,0.001000,0.001000,0.001000
1005.019231,0.042893,0.001000,0.001000,0.001000,0.001000,0.001000
1005.038462,0.043596,0.001000,0.001000,0.001000,0.001000,0.001000
1005.057692,0.044265,0.001000,0.001000,0.001000,0.001000,0.001000
1005.076923,0.044899,0.001000,0.001000,0.001000,0.001000,0.001000
1005.096154,0.045498,0.001000,0.001000,0.001000,0.001000,0.001000
1005.115385,0.046061,0.001000,0.001000,0.001000,0.001000,0.001000
1005.134615,0.046588,0.001000,0.001000,0.001000,0.001000,0.001000
1005.153846,0.047078,0.001000,0.001000,0.001000,0.001000,0.001000
1005.173077,0.047532,0.001000,0.001000,0.001000,0.001000,0.001000
1005.192308,0.047948,0.001000,0.001000,0.001000,0.001000,0.001000
1005.211538,0.048326,0.001000,0.001000,0.001000,0.001000,0.001000
1005.230769,0.048667,0.001000,0.001000,0.001000,0.001000,0.001000
1005.250000,0.048969,0.001000,0.001000,0.001000,0.001000,0.001000
1005.269231,0.049233,0.001000,0.001000,0.001000,0.001000,0.001000
1005.288462,0.049458,0.001000,0.001000,0.001000,0.001000,0.001000
1005.307692,0.049644,0.001000,0.001000,0.001000,0.001000,0.001000
1005.326923,0.049792,0.001000,0.001000,0.001000,0.001000,0.001000
1005.346154,0.049900,0.001000,0.001000,0.001000,0.001000,0.001000
1005.365385,0.049969,0.001000,0.001000,0.001000,0.001000,0.001000
1005.384615,0.049999,0.001000,0.001000,0.001000,0.001000,0.001000
1005.403846,0.049989,0.001000,0.001000,0.001000,0.001000,0.001000
1005.423077,0.049940,0.001000,0.001000,0.001000,0.001000,0.001000
1005.442308,0.049853,0.001000,0.001000,0.001000,0.001000,0.001000
1005.461538,0.049725,0.001000,0.001000,0.001000,0.001000,0.001000
1005.480769,0.049559,0.001000,0.001000,0.001000,0.001000,0.001000
1005.500000,0.049354,0.001000,0.001000,0.001000,0.001000,0.001000
1005.519231,0.049110,0.001000,0.001000,0.001000,0.001000,0.001000
1005.538462,0.048828,0.001000,0.001000,0.001000,0.001000,0.001000
1005.557692,0.048507,0.001000,0.001000,0.001000,0.001000,0.001000
1005.576923,0.048149,0.001000,0.001000,0.001000,0.001000,0.001000
1005.596154,0.047752,0.001000,0.001000,0.001000,0.001000,0.001000
1005.615385,0.047318,0.001000,0.001000,0.001000,0.001000,0.001000
1005.634615,0.046846,0.001000,0.001000,0.001000,0.001000,0.001000
1005.653846,0.046338,0.001000,0.001000,0.001000,0.001000,0.001000
1005.673077,0.045794,0.001000,0.001000,0.001000,0.001000,0.001000
1005.692308,0.045213,0.001000,0.001000,0.001000,0.001000,0.001000
1005.711538,0.044598,0.001000,0.001000,0.001000,0.001000,0.001000
1005.730769,0.043947,0.001000,0.001000,0.001000,0.001000,0.001000
1005.750000,0.043261,0.001000,0.001000,0.001000,0.001000,0.001000
1005.769231,0.042542,0.001000,0.001000,0.001000,0.001000,0.001000
1005.788462,0.041789,0.001000,0.001000,0.001000,0.001000,0.001000
1005.807692,0.041003,0.001000,0.001000,0.001000,0.001000,0.001000
1005.826923,0.040185,0.001000,0.001000,0.001000,0.001000,0.001000
1005.846154,0.039336,0.001000,0.001000,0.001000,0.001000,0.001000
1005.865385,0.038456,0.001000,0.001000,0.001000,0.001000,0.001000
1005.884615,0.037545,0.001000,0.001000,0.001000,0.001000,0.001000
1005.903846,0.036605,0.001000,0.001000,0.001000,0.001000,0.001000
1005.923077,0.035636,0.001000,0.001000,0.001000,0.001000,0.001000
1005.942308,0.034640,0.001000,0.001000,0.001000,0.001000,0.001000
1005.961538,0.033616,0.001000,0.001000,0.001000,0.001000,0.001000
1005.980769,0.032565,0.001000,0.001000,0.001000,0.001000,0.001000
1006.000000,0.031489,0.001000,0.001000,0.001000,0.001000,0.001000
1006.019231,0.030389,0.001000,0.001000,0.001000,0.001000,0.001000
1006.038462,0.029264,0.001000,0.001000,0.001000,0.001000,0.001000
1006.057692,0.028117,0.001000,0.001000,0.001000,0.001000,0.001000
1006.076923,0.026947,0.001000,0.001000,0.001000,0.001000,0.001000
1006.096154,0.025757,0.001000,0.001000,0.001000,0.001000,0.001000
1006.115385,0.024546,0.001000,0.001000,0.001000,0.001000,0.001000
1006.134615,0.023315,0.001000,0.001000,0.001000,0.001000,0.001000
1006.153846,0.022067,0.001000,0.001000,0.001000,0.001000,0.001000
1006.173077,0.020801,0.001000,0.001000,0.001000,0.001000,0.001000
1006.192308,0.019519,0.001000,0.001000,0.001000,0.001000,0.001000
1006.211538,0.018221,0.001000,0.001000,0.001000,0.001000,0.001000
1006.230769,0.016910,0.001000,0.001000,0.001000,0.001000,0.001000
1006.250000,0.015584,0.001000,0.001000,0.001000,0.001000,0.001000
1006.269231,0.014247,0.001000,0.001000,0.001000,0.001000,0.001000
1006.288462,0.012899,0.001000,0.001000,0.001000,0.001000,0.001000
1006.307692,0.011540,0.001000,0.001000,0.001000,0.001000,0.001000
1006.326923,0.010172,0.001000,0.001000,0.001000,0.001000,0.001000
1006.346154,0.008796,0.001000,0.001000,0.001000,0.001000,0.001000
1006.365385,0.007414,0.001000,0.001000,0.001000,0.001000,0.001000
1006.384615,0.006025,0.001000,0.001000,0.001000,0.001000,0.001000
1006.403846,0.004632,0.001000,0.001000,0.001000,0.001000,0.001000
1006.423077,0.003235,0.001000,0.001000,0.001000,0.001000,0.001000
1006.442308,0.001836,0.001000,0.001000,0.001000,0.001000,0.001000
1006.461538,0.000435,0.001000,0.001000,0.001000,0.001000,0.001000
1006.480769,-0.000966,0.001000,0.001000,0.001000,0.001000,0.001000
1006.500000,-0.002366,0.001000,0.001000,0.001000,0.001000,0.001000
1006.519231,-0.003765,0.001000,0.001000,0.001000,0.001000,0.001000
1006.538462,-0.005160,0.001000,0.001000,0.001000,0.001000,0.001000
1006.557692,-0.006552,0.001000,0.001000,0.001000,0.001000,0.001000
1006.576923,-0.007938,0.001000,0.001000,0.001000,0.001000,0.001000
1006.596154,-0.009318,0.001000,0.001000,0.001000,0.001000,0.001000
1006.615385,-0.010691,0.001000,0.001000,0.001000,0.001000,0.001000
1006.634615,-0.012056,0.001000,0.001000,0.001000,0.001000,0.001000
1006.653846,-0.013411,0.001000,0.001000,0.001000,0.001000,0.001000
1006.673077,-0.014755,0.001000,0.001000,0.001000,0.001000,0.001000
1006.692308,-0.016088,0.001000,0.001000,0.001000,0.001000,0.001000
1006.711538,-0.017408,0.001000,0.001000,0.001000,0.001000,0.001000
1006.730769,-0.018714,0.001000,0.001000,0.001000,0.001000,0.001000
1006.750000,-0.020006,0.001000,0.001000,0.001000,0.001000,0.001000
1006.769231,-0.021282,0.001000,0.001000,0.001000,0.001000,0.001000
1006.788462,-0.022542,0.001000,0.001000,0.001000,0.001000,0.001000
1006.807692,-0.023784,0.001000,0.001000,0.001000,0.001000,0.001000
1006.826923,-0.025007,0.001000,0.001000,0.001000,0.001000,0.001000
1006.846154,-0.026210,0.001000,0.001000,0.001000,0.001000,0.001000
1006.865385,-0.027393,0.001000,0.001000,0.001000,0.001000,0.001000
1006.884615,-0.028554,0.001000,0.001000,0.001000,0.001000,0.001000
1006.903846,-0.029693,0.001000,0.001000,0.001000,0.001000,0.001000
1006.923077,-0.030809,0.001000,0.001000,0.001000,0.001000,0.001000
1006.942308,-0.031900,0.001000,0.001000,0.001000,0.001000,0.001000
1006.961538,-0.032966,0.001000,0.001000,0.001000,0.001000,0.001000
1006.980769,-0.034007,0.001000,0.001000,0.001000,0.001000,0.001000
1007.000000,-0.035020,0.001000,0.001000,0.001000,0.001000,0.001000
1007.019231,-0.036007,0.001000,0.001000,0.001000,0.001000,0.001000
1007.038462,-0.036964,0.001000,0.001000,0.001000,0.001000,0.001000
1007.057692,-0.037893,0.001000,0.001000,0.001000,0.001000,0.001000
1007.076923,-0.038793,0.001000,0.001000,0.001000,0.001000,0.001000
1007.096154,-0.039661,0.001000,0.001000,0.001000,0.001000,0.001000
1007.115385,-0.040499,0.001000,0.001000,0.001000,0.001000,0.001000
1007.134615,-0.041305,0.001000,0.001000,0.001000,0.001000,0.001000
1007.153846,-0.042078,0.001000,0.001000,0.001000,0.001000,0.001000
1007.173077,-0.042818,0.001000,0.001000,0.001000,0.001000,0.001000
1007.192308,-0.043525,0.001000,0.001000,0.001000,0.001000,0.001000
1007.211538,-0.044197,0.001000,0.001000,0.001000,0.001000,0.001000
1007.230769,-0.044835,0.001000,0.001000,0.001000,0.001000,0.001000
1007.250000,-0.045438,0.001000,0.001000,0.001000,0.001000,0.001000
1007.269231,-0.046004,0.001000,0.001000,0.001000,0.001000,0.001000
1007.288462,-0.046535,0.001000,0.001000,0.001000,0.001000,0.001000
1007.307692,-0.047029,0.001000,0.001000,0.001000,0.001000,0.001000
1007.326923,-0.047487,0.001000,0.001000,0.001000,0.001000,0.001000
1007.346154,-0.047907,0.001000,0.001000,0.001000,0.001000,0.001000
1007.365385,-0.048289,0.001000,0.001000,0.001000,0.001000,0.001000
1007.384615,-0.048633,0.001000,0.001000,0.001000,0.001000,0.001000
1007.403846,-0.048940,0.001000,0.001000,0.001000,0.001000,0.001000
1007.423077,-0.049207,0.001000,0.001000,0.001000,0.001000,0.001000
1007.442308,-0.049436,0.001000,0.001000,0.001000,0.001000,0.001000
1007.461538,-0.049627,0.001000,0.001000,0.001000,0.001000,0.001000
1007.480769,-0.049778,0.001000,0.001000,0.001000,0.001000,0.001000
1007.500000,-0.049890,0.001000,0.001000,0.001000,0.001000,0.001000
1007.519231,-0.049964,0.001000,0.001000,0.001000,0.001000,0.001000
1007.538462,-0.049997,0.001000,0.001000,0.001000,0.001000,0.001000
1007.557692,-0.049992,0.001000,0.001000,0.001000,0.001000,0.001000
1007.576923,-0.049947,0.001000,0.001000,0.001000,0.001000,0.001000
1007.596154,-0.049863,0.001000,0.001000,0.001000,0.001000,0.001000
1007.615385,-0.049740,0.001000,0.001000,0.001000,0.001000,0.001000
1007.634615,-0.049578,0.001000,0.001000,0.001000,0.001000,0.001000
1007.653846,-0.049377,0.001000,0.001000,0.001000,0.001000,0.001000
1007.673077,-0.049137,0.001000,0.001000,0.001000,0.001000,0.001000
1007.692308,-0.048859,0.001000,0.001000,0.001000,0.001000,0.001000
1007.711538,-0.048542,0.001000,0.001000,0.001000,0.001000,0.001000
1007.730769,-0.048187,0.001000,0.001000,0.001000,0.001000,0.001000
1007.750000,-0.047795,0.001000,0.001000,0.001000,0.001000,0.001000
1007.769231,-0.047364,0.001000,0.001000,0.001000,0.001000,0.001000
1007.788462,-0.046897,0.001000,0.001000,0.001000,0.001000,0.001000
1007.807692,-0.046393,0.001000,0.001000,0.001000,0.001000,0.001000
1007.826923,-0.045852,0.001000,0.001000,0.001000,0.001000,0.001000
1007.846154,-0.045275,0.001000,0.001000,0.001000,0.001000,0.001000
1007.865385,-0.044663,0.001000,0.001000,0.001000,0.001000,0.001000
1007.884615,-0.044016,0.001000,0.001000,0.001000,0.001000,0.001000
1007.903846,-0.043334,0.001000,0.001000,0.001000,0.001000,0.001000
1007.923077,-0.042618,0.001000,0.001000,0.001000,0.001000,0.001000
1007.942308,-0.041868,0.001000,0.001000,0.001000,0.001000,0.001000
1007.961538,-0.041086,0.001000,0.001000,0.001000,0.001000,0.001000
1007.980769,-0.040271,0.001000,0.001000,0.001000,0.001000,0.001000
1008.000000,-0.039425,0.001000,0.001000,0.001000,0.001000,0.001000
1008.019231,-0.038548,0.001000,0.001000,0.001000,0.001000,0.001000
1008.038462,-0.037641,0.001000,0.001000,0.001000,0.001000,0.001000
1008.057692,-0.036704,0.001000,0.001000,0.001000,0.001000,0.001000
1008.076923,-0.035738,0.001000,0.001000,0.001000,0.001000,0.001000
1008.096154,-0.034744,0.001000,0.001000,0.001000,0.001000,0.001000
1008.115385,-0.033723,0.001000,0.001000,0.001000,0.001000,0.001000
1008.134615,-0.032675,0.001000,0.001000,0.001000,0.001000,0.001000
1008.153846,-0.031602,0.001000,0.001000,0.001000,0.001000,0.001000
1008.173077,-0.030504,0.001000,0.001000,0.001000,0.001000,0.001000
1008.192308,-0.029382,0.001000,0.001000,0.001000,0.001000,0.001000
1008.211538,-0.028237,0.001000,0.001000,0.001000,0.001000,0.001000
1008.230769,-0.027069,0.001000,0.001000,0.001000,0.001000,0.001000
1008.250000,-0.025881,0.001000,0.001000,0.001000,0.001000,0.001000
1008.269231,-0.024672,0.001000,0.001000,0.001000,0.001000,0.001000
1008.288462,-0.023444,0.001000,0.001000,0.001000,0.001000,0.001000
1008.307692,-0.022197,0.001000,0.001000,0.001000,0.001000,0.001000
1008.326923,-0.020933,0.001000,0.001000,0.001000,0.001000,0.001000
1008.346154,-0.019652,0.001000,0.001000,0.001000,0.001000,0.001000
1008.365385,-0.018356,0.001000,0.001000,0.001000,0.001000,0.001000
1008.384615,-0.017046,0.001000,0.001000,0.001000,0.001000,0.001000
1008.403846,-0.015722,0.001000,0.001000,0.001000,0.001000,0.001000
1008.423077,-0.014386,0.001000,0.001000,0.001000,0.001000,0.001000
1008.442308,-0.013039,0.001000,0.001000,0.001000,0.001000,0.001000
1008.461538,-0.011681,0.001000,0.001000,0.001000,0.001000,0.001000
1008.480769,-0.010314,0.001000,0.001000,0.001000,0.001000,0.001000
1008.500000,-0.008939,0.001000,0.001000,0.001000,0.001000,0.001000
1008.519231,-0.007557,0.001000,0.001000,0.001000,0.001000,0.001000
1008.538462,-0.006169,0.001000,0.001000,0.001000,0.001000,0.001000
1008.557692,-0.004777,0.001000,0.001000,0.001000,0.001000,0.001000
1008.576923,-0.003380,0.001000,0.001000,0.001000,0.001000,0.001000
1008.596154,-0.001981,0.001000,0.001000,0.001000,0.001000,0.001000
1008.615385,-0.000580,0.001000,0.001000,0.001000,0.001000,0.001000
1008.634615,0.000821,0.001000,0.001000,0.001000,0.001000,0.001000
1008.653846,0.002221,0.001000,0.001000,0.001000,0.001000,0.001000
1008.673077,0.003620,0.001000,0.001000,0.001000,0.001000,0.001000
1008.692308,0.005016,0.001000,0.001000,0.001000,0.001000,0.001000
1008.711538,0.006408,0.001000,0.001000,0.001000,0.001000,0.001000
1008.730769,0.007795,0.001000,0.001000,0.001000,0.001000,0.001000
1008.750000,0.009176,0.001000,0.001000,0.001000,0.001000,0.001000
1008.769231,0.010549,0.001000,0.001000,0.001000,0.001000,0.001000
1008.788462,0.011915,0.001000,0.001000,0.001000,0.001000,0.001000
1008.807692,0.013271,0.001000,0.001000,0.001000,0.001000,0.001000
1008.826923,0.014616,0.001000,0.001000,0.001000,0.001000,0.001000
1008.846154,0.015950,0.001000,0.001000,0.001000,0.001000,0.001000
1008.865385,0.017272,0.001000,0.001000,0.001000,0.001000,0.001000
1008.884615,0.018580,0.001000,0.001000,0.001000,0.001000,0.001000
1008.903846,0.019873,0.001000,0.001000,0.001000,0.001000,0.001000
1008.923077,0.021151,0.001000,0.001000,0.001000,0.001000,0.001000
1008.942308,0.022412,0.001000,0.001000,0.001000,0.001000,0.001000
1008.961538,0.023656,0.001000,0.001000,0.001000,0.001000,0.001000
1008.980769,0.024881,0.001000,0.001000,0.001000,0.001000,0.001000
1009.000000,0.026086,0.001000,0.001000,0.001000,0.001000,0.001000
1009.019231,0.027271,0.001000,0.001000,0.001000,0.001000,0.001000
1009.038462,0.028435,0.001000,0.001000,0.001000,0.001000,0.001000
1009.057692,0.029576,0.001000,0.001000,0.001000,0.001000,0.001000
1009.076923,0.030694,0.001000,0.001000,0.001000,0.001000,0.001000
1009.096154,0.031788,0.001000,0.001000,0.001000,0.001000,0.001000
1009.115385,0.032857,0.001000,0.001000,0.001000,0.001000,0.001000
1009.134615,0.033900,0.001000,0.001000,0.001000,0.001000,0.001000
1009.153846,0.034917,0.001000,0.001000,0.001000,0.001000,0.001000
1009.173077,0.035906,0.001000,0.001000,0.001000,0.001000,0.001000
1009.192308,0.036867,0.001000,0.001000,0.001000,0.001000,0.001000
1009.211538,0.037799,0.001000,0.001000,0.001000,0.001000,0.001000
1009.230769,0.038701,0.001000,0.001000,0.001000,0.001000,0.001000
1009.250000,0.039573,0.001000,0.001000,0.001000,0.001000,0.001000
1009.269231,0.040414,0.001000,0.001000,0.001000,0.001000,0.001000
1009.288462,0.041223,0.001000,0.001000,0.001000,0.001000,0.001000
1009.307692,0.041999,0.001000,0.001000,0.001000,0.001000,0.001000
1009.326923,0.042743,0.001000,0.001000,0.001000,0.001000,0.001000
1009.346154,0.043453,0.001000,0.001000,0.001000,0.001000,0.001000
1009.365385,0.044129,0.001000,0.001000,0.001000,0.001000,0.001000
1009.384615,0.044771,0.001000,0.001000,0.001000,0.001000,0.001000
1009.403846,0.045377,0.001000,0.001000,0.001000,0.001000,0.001000
1009.423077,0.045947,0.001000,0.001000,0.001000,0.001000,0.001000
1009.442308,0.046482,0.001000,0.001000,0.001000,0.001000,0.001000
1009.461538,0.046980,0.001000,0.001000,0.001000,0.001000,0.001000
1009.480769,0.047441,0.001000,0.001000,0.001000,0.001000,0.001000
1009.500000,0.047865,0.001000,0.001000,0.001000,0.001000,0.001000
1009.519231,0.048251,0.001000,0.001000,0.001000,0.001000,0.001000
1009.538462,0.048599,0.001000,0.001000,0.001000,0.001000,0.001000
1009.557692,0.048910,0.001000,0.001000,0.001000,0.001000,0.001000
1009.576923,0.049181,0.001000,0.001000,0.001000,0.001000,0.001000
1009.596154,0.049415,0.001000,0.001000,0.001000,0.001000,0.001000
1009.615385,0.049609,0.001000,0.001000,0.001000,0.001000,0.001000
1009.634615,0.049764,0.001000,0.001000,0.001000,0.001000,0.001000
1009.653846,0.049881,0.001000,0.001000,0.001000,0.001000,0.001000
1009.673077,0.049958,0.001000,0.001000,0.001000,0.001000,0.001000
1009.692308,0.049996,0.001000,0.001000,0.001000,0.001000,0.001000
1009.711538,0.049994,0.001000,0.001000,0.001000,0.001000,0.001000
1009.730769,0.049954,0.001000,0.001000,0.001000,0.001000,0.001000
1009.750000,0.049874,0.001000,0.001000,0.001000,0.001000,0.001000
1009.769231,0.049755,0.001000,0.001000,0.001000,0.001000,0.001000
1009.788462,0.049597,0.001000,0.001000,0.001000,0.001000,0.001000
1009.807692,0.049400,0.001000,0.001000,0.001000,0.001000,0.001000
1009.826923,0.049164,0.001000,0.001000,0.001000,0.001000,0.001000
1009.846154,0.048890,0.001000,0.001000,0.001000,0.001000,0.001000
1009.865385,0.048577,0.001000,0.001000,0.001000,0.001000,0.001000
1009.884615,0.048226,0.001000,0.001000,0.001000,0.001000,0.001000
1009.903846,0.047837,0.001000,0.001000,0.001000,0.001000,0.001000
1009.923077,0.047411,0.001000,0.001000,0.001000,0.001000,0.001000
1009.942308,0.046947,0.001000,0.001000,0.001000,0.001000,0.001000
1009.961538,0.046447,0.001000,0.001000,0.001000,0.001000,0.001000
1009.980769,0.045910,0.001000,0.001000,0.001000,0.001000,0.001000
1010.000000,0.045337,0.001000,0.001000,0.001000,0.001000,0.001000
1010.019231,0.044728,0.001000,0.001000,0.001000,0.001000,0.001000
1010.038462,0.044084,0.001000,0.001000,0.001000,0.001000,0.001000
1010.057692,0.043406,0.001000,0.001000,0.001000,0.001000,0.001000
1010.076923,0.042693,0.001000,0.001000,0.001000,0.001000,0.001000
1010.096154,0.041947,0.001000,0.001000,0.001000,0.001000,0.001000
1010.115385,0.041169,0.001000,0.001000,0.001000,0.001000,0.001000
1010.134615,0.040357,0.001000,0.001000,0.001000,0.001000,0.001000
1010.153846,0.039514,0.001000,0.001000,0.001000,0.001000,0.001000
1010.173077,0.038640,0.001000,0.001000,0.001000,0.001000,0.001000
1010.192308,0.037736,0.001000,0.001000,0.001000,0.001000,0.001000
1010.211538,0.036802,0.001000,0.001000,0.001000,0.001000,0.001000
1010.230769,0.035839,0.001000,0.001000,0.001000,0.001000,0.001000
1010.250000,0.034848,0.001000,0.001000,0.001000,0.001000,0.001000
1010.269231,0.033830,0.001000,0.001000,0.001000,0.001000,0.001000
1010.288462,0.032785,0.001000,0.001000,0.001000,0.001000,0.001000
1010.307692,0.031714,0.001000,0.001000,0.001000,0.001000,0.001000
1010.326923,0.030619,0.001000,0.001000,0.001000,0.001000,0.001000
1010.346154,0.029499,0.001000,0.001000,0.001000,0.001000,0.001000
1010.365385,0.028356,0.001000,0.001000,0.001000,0.001000,0.001000
1010.384615,0.027191,0.001000,0.001000,0.001000,0.001000,0.001000
1010.403846,0.026005,0.001000,0.001000,0.001000,0.001000,0.001000
1010.423077,0.024798,0.001000,0.001000,0.001000,0.001000,0.001000
1010.442308,0.023572,0.001000,0.001000,0.001000,0.001000,0.001000
1010.461538,0.022327,0.001000,0.001000,0.001000,0.001000,0.001000
1010.480769,0.021065,0.001000,0.001000,0.001000,0.001000,0.001000
1010.500000,0.019786,0.001000,0.001000,0.001000,0.001000,0.001000
1010.519231,0.018491,0.001000,0.001000,0.001000,0.001000,0.001000
1010.538462,0.017182,0.001000,0.001000,0.001000,0.001000,0.001000
1010.557692,0.015860,0.001000,0.001000,0.001000,0.001000,0.001000
1010.576923,0.014525,0.001000,0.001000,0.001000,0.001000,0.001000
1010.596154,0.013179,0.001000,0.001000,0.001000,0.001000,0.001000
1010.615385,0.011822,0.001000,0.001000,0.001000,0.001000,0.001000
1010.634615,0.010456,0.001000,0.001000,0.001000,0.001000,0.001000
1010.653846,0.009082,0.001000,0.001000,0.001000,0.001000,0.001000
1010.673077,0.007701,0.001000,0.001000,0.001000,0.001000,0.001000
1010.692308,0.006313,0.001000,0.001000,0.001000,0.001000,0.001000
1010.711538,0.004921,0.001000,0.001000,0.001000,0.001000,0.001000
1010.730769,0.003525,0.001000,0.001000,0.001000,0.001000,0.001000
1010.750000,0.002126,0.001000,0.001000,0.001000,0.001000,0.001000
1010.769231,0.000725,0.001000,0.001000,0.001000,0.001000,0.001000
1010.788462,-0.000676,0.001000,0.001000,0.001000,0.001000,0.001000
1010.807692,-0.002076,0.001000,0.001000,0.001000,0.001000,0.001000
1010.826923,-0.003475,0.001000,0.001000,0.001000,0.001000,0.001000
1010.846154,-0.004872,0.001000,0.001000,0.001000,0.001000,0.001000
1010.865385,-0.006264,0.001000,0.001000,0.001000,0.001000,0.001000
1010.884615,-0.007652,0.001000,0.001000,0.001000,0.001000,0.001000
1010.903846,-0.009033,0.001000,0.001000,0.001000,0.001000,0.001000
1010.923077,-0.010407,0.001000,0.001000,0.001000,0.001000,0.001000
1010.942308,-0.011774,0.001000,0.001000,0.001000,0.001000,0.001000
1010.961538,-0.013131,0.001000,0.001000,0.001000,0.001000,0.001000
1010.980769,-0.014477,0.001000,0.001000,0.001000,0.001000,0.001000
1011.000000,-0.015813,0.001000,0.001000,0.001000,0.001000,0.001000
1011.019231,-0.017136,0.001000,0.001000,0.001000,0.001000,0.001000
1011.038462,-0.018445,0.001000,0.001000,0.001000,0.001000,0.001000
1011.057692,-0.019740,0.001000,0.001000,0.001000,0.001000,0.001000
1011.076923,-0.021020,0.001000,0.001000,0.001000,0.001000,0.001000
1011.096154,-0.022282,0.001000,0.001000,0.001000,0.001000,0.001000
1011.115385,-0.023528,0.001000,0.001000,0.001000,0.001000,0.001000
1011.134615,-0.024755,0.001000,0.001000,0.001000,0.001000,0.001000
1011.153846,-0.025962,0.001000,0.001000,0.001000,0.001000,0.001000
1011.173077,-0.027150,0.001000,0.001000,0.001000,0.001000,0.001000
1011.192308,-0.028315,0.001000,0.001000,0.001000,0.001000,0.001000
1011.211538,-0.029459,0.001000,0.001000,0.001000,0.001000,0.001000
1011.230769,-0.030579,0.001000,0.001000,0.001000,0.001000,0.001000
1011.250000,-0.031676,0.001000,0.001000,0.001000,0.001000,0.001000
1011.269231,-0.032747,0.001000,0.001000,0.001000,0.001000,0.001000
1011.288462,-0.033793,0.001000,0.001000,0.001000,0.001000,0.001000
1011.307692,-0.034813,0.001000,0.001000,0.001000,0.001000,0.001000
1011.326923,-0.035805,0.001000,0.001000,0.001000,0.001000,0.001000
1011.346154,-0.036768,0.001000,0.001000,0.001000,0.001000,0.001000
1011.365385,-0.037703,0.001000,0.001000,0.001000,0.001000,0.001000
1011.384615,-0.038609,0.001000,0.001000,0.001000,0.001000,0.001000
1011.403846,-0.039484,0.001000,0.001000,0.001000,0.001000,0.001000
1011.423077,-0.040328,0.001000,0.001000,0.001000,0.001000,0.001000
1011.442308,-0.041140,0.001000,0.001000,0.001000,0.001000,0.001000
1011.461538,-0.041920,0.001000,0.001000,0.001000,0.001000,0.001000
1011.480769,-0.042668,0.001000,0.001000,0.001000,0.001000,0.001000
1011.500000,-0.043381,0.001000,0.001000,0.001000,0.001000,0.001000
1011.519231,-0.044061,0.001000,0.001000,0.001000,0.001000,0.001000
1011.538462,-0.044706,0.001000,0.001000,0.001000,0.001000,0.001000
1011.557692,-0.045316,0.001000,0.001000,0.001000,0.001000,0.001000
1011.576923,-0.045890,0.001000,0.001000,0.001000,0.001000,0.001000
1011.596154,-0.046428,0.001000,0.001000,0.001000,0.001000,0.001000
1011.615385,-0.046930,0.001000,0.001000,0.001000,0.001000,0.001000
1011.634615,-0.047395,0.001000,0.001000,0.001000,0.001000,0.001000
1011.653846,-0.047823,0.001000,0.001000,0.001000,0.001000,0.001000
1011.673077,-0.048213,0.001000,0.001000,0.001000,0.001000,0.001000
1011.692308,-0.048565,0.001000,0.001000,0.001000,0.001000,0.001000
1011.711538,-0.048879,0.001000,0.001000,0.001000,0.001000,0.001000
1011.730769,-0.049155,0.001000,0.001000,0.001000,0.001000,0.001000
1011.750000,-0.049392,0.001000,0.001000,0.001000,0.001000,0.001000
1011.769231,-0.049591,0.001000,0.001000,0.001000,0.001000,0.001000
1011.788462,-0.049750,0.001000,0.001000,0.001000,0.001000,0.001000
1011.807692,-0.049870,0.001000,0.001000,0.001000,0.001000,0.001000
1011.826923,-0.049952,0.001000,0.001000,0.001000,0.001000,0.001000
1011.846154,-0.049994,0.001000,0.001000,0.001000,0.001000,0.001000
1011.865385,-0.049996,0.001000,0.001000,0.001000,0.001000,0.001000
1011.884615,-0.049960,0.001000,0.001000,0.001000,0.001000,0.001000
1011.903846,-0.049884,0.001000,0.001000,0.001000,0.001000,0.001000
1011.923077,-0.049769,0.001000,0.001000,0.001000,0.001000,0.001000
1011.942308,-0.049615,0.001000,0.001000,0.001000,0.001000,0.001000
1011.961538,-0.049422,0.001000,0.001000,0.001000,0.001000,0.001000
1011.980769,-0.049190,0.001000,0.001000,0.001000,0.001000,0.001000
1012.000000,-0.048920,0.001000,0.001000,0.001000,0.001000,0.001000
1012.019231,-0.048611,0.001000,0.001000,0.001000,0.001000,0.001000
1012.038462,-0.048264,0.001000,0.001000,0.001000,0.001000,0.001000
1012.057692,-0.047879,0.001000,0.001000,0.001000,0.001000,0.001000
1012.076923,-0.047457,0.001000,0.001000,0.001000,0.001000,0.001000
1012.096154,-0.046997,0.001000,0.001000,0.001000,0.001000,0.001000
1012.115385,-0.046500,0.001000,0.001000,0.001000,0.001000,0.001000
1012.134615,-0.045967,0.001000,0.001000,0.001000,0.001000,0.001000
1012.153846,-0.045398,0.001000,0.001000,0.001000,0.001000,0.001000
1012.173077,-0.044793,0.001000,0.001000,0.001000,0.001000,0.001000
1012.192308,-0.044153,0.001000,0.001000,0.001000,0.001000,0.001000
1012.211538,-0.043478,0.001000,0.001000,0.001000,0.001000,0.001000
1012.230769,-0.042769,0.001000,0.001000,0.001000,0.001000,0.001000
1012.250000,-0.042026,0.001000,0.001000,0.001000,0.001000,0.001000
1012.269231,-0.041251,0.001000,0.001000,0.001000,0.001000,0.001000
1012.288462,-0.040443,0.001000,0.001000,0.001000,0.001000,0.001000
1012.307692,-0.039603,0.001000,0.001000,0.001000,0.001000,0.001000
1012.326923,-0.038732,0.001000,0.001000,0.001000,0.001000,0.001000
1012.346154,-0.037831,0.001000,0.001000,0.001000,0.001000,0.001000
1012.365385,-0.036900,0.001000,0.001000,0.001000,0.001000,0.001000
1012.384615,-0.035940,0.001000,0.001000,0.001000,0.001000,0.001000
1012.403846,-0.034952,0.001000,0.001000,0.001000,0.001000,0.001000
1012.423077,-0.033937,0.001000,0.001000,0.001000,0.001000,0.001000
1012.442308,-0.032894,0.001000,0.001000,0.001000,0.001000,0.001000
1012.461538,-0.031826,0.001000,0.001000,0.001000,0.001000,0.001000
1012.480769,-0.030733,0.001000,0.001000,0.001000,0.001000,0.001000
1012.500000,-0.029616,0.001000,0.001000,0.001000,0.001000,0.001000
1012.519231,-0.028476,0.001000,0.001000,0.001000,0.001000,0.001000
1012.538462,-0.027313,0.001000,0.001000,0.001000,0.001000,0.001000
1012.557692,-0.026129,0.001000,0.001000,0.001000,0.001000,0.001000
1012.576923,-0.024924,0.001000,0.001000,0.001000,0.001000,0.001000
1012.596154,-0.023700,0.001000,0.001000,0.001000,0.001000,0.001000
1012.615385,-0.022457,0.001000,0.001000,0.001000,0.001000,0.001000
1012.634615,-0.021196,0.001000,0.001000,0.001000,0.001000,0.001000
1012.653846,-0.019919,0.001000,0.001000,0.001000,0.001000,0.001000
1012.673077,-0.018626,0.001000,0.001000,0.001000,0.001000,0.001000
1012.692308,-0.017319,0.001000,0.001000,0.001000,0.001000,0.001000
1012.711538,-0.015997,0.001000,0.001000,0.001000,0.001000,0.001000
1012.730769,-0.014664,0.001000,0.001000,0.001000,0.001000,0.001000
1012.750000,-0.013319,0.001000,0.001000,0.001000,0.001000,0.001000
1012.769231,-0.011963,0.001000,0.001000,0.001000,0.001000,0.001000
1012.788462,-0.010598,0.001000,0.001000,0.001000,0.001000,0.001000
1012.807692,-0.009225,0.001000,0.001000,0.001000,0.001000,0.001000
1012.826923,-0.007844,0.001000,0.001000,0.001000,0.001000,0.001000
1012.846154,-0.006457,0.001000,0.001000,0.001000,0.001000,0.001000
1012.865385,-0.005065,0.001000,0.001000,0.001000,0.001000,0.001000
1012.884615,-0.003670,0.001000,0.001000,0.001000,0.001000,0.001000
1012.903846,-0.002271,0.001000,0.001000,0.001000,0.001000,0.001000
1012.923077,-0.000871,0.001000,0.001000,0.001000,0.001000,0.001000
1012.942308,0.000531,0.001000,0.001000,0.001000,0.001000,0.001000
1012.961538,0.001931,0.001000,0.001000,0.001000,0.001000,0.001000
1012.980769,0.003331,0.001000,0.001000,0.001000,0.001000,0.001000
1013.000000,0.004727,0.001000,0.001000,0.001000,0.001000,0.001000
1013.019231,0.006120,0.001000,0.001000,0.001000,0.001000,0.001000
1013.038462,0.007508,0.001000,0.001000,0.001000,0.001000,0.001000
1013.057692,0.008890,0.001000,0.001000,0.001000,0.001000,0.001000
1013.076923,0.010266,0.001000,0.001000,0.001000,0.001000,0.001000
1013.096154,0.011633,0.001000,0.001000,0.001000,0.001000,0.001000
1013.115385,0.012991,0.001000,0.001000,0.001000,0.001000,0.001000
1013.134615,0.014338,0.001000,0.001000,0.001000,0.001000,0.001000
1013.153846,0.015675,0.001000,0.001000,0.001000,0.001000,0.001000
1013.173077,0.016999,0.001000,0.001000,0.001000,0.001000,0.001000
1013.192308,0.018310,0.001000,0.001000,0.001000,0.001000,0.001000
1013.211538,0.019607,0.001000,0.001000,0.001000,0.001000,0.001000
1013.230769,0.020888,0.001000,0.001000,0.001000,0.001000,0.001000
1013.250000,0.022152,0.001000,0.001000,0.001000,0.001000,0.001000
1013.269231,0.023400,0.001000,0.001000,0.001000,0.001000,0.001000
1013.288462,0.024629,0.001000,0.001000,0.001000,0.001000,0.001000
1013.307692,0.025838,0.001000,0.001000,0.001000,0.001000,0.001000
1013.326923,0.027028,0.001000,0.001000,0.001000,0.001000,0.001000
1013.346154,0.028196,0.001000,0.001000,0.001000,0.001000,0.001000
1013.365385,0.029342,0.001000,0.001000,0.001000,0.001000,0.001000
1013.384615,0.030465,0.001000,0.001000,0.001000,0.001000,0.001000
1013.403846,0.031564,0.001000,0.001000,0.001000,0.001000,0.001000
1013.423077,0.032638,0.001000,0.001000,0.001000,0.001000,0.001000
1013.442308,0.033686,0.001000,0.001000,0.001000,0.001000,0.001000
1013.461538,0.034708,0.001000,0.001000,0.001000,0.001000,0.001000
1013.480769,0.035703,0.001000,0.001000,0.001000,0.001000,0.001000
1013.500000,0.036670,0.001000,0.001000,0.001000,0.001000,0.001000
1013.519231,0.037608,0.001000,0.001000,0.001000,0.001000,0.001000
1013.538462,0.038516,0.001000,0.001000,0.001000,0.001000,0.001000
1013.557692,0.039395,0.001000,0.001000,0.001000,0.001000,0.001000
1013.576923,0.040242,0.001000,0.001000,0.001000,0.001000,0.001000
1013.596154,0.041058,0.001000,0.001000,0.001000,0.001000,0.001000
1013.615385,0.041841,0.001000,0.001000,0.001000,0.001000,0.001000
1013.634615,0.042592,0.001000,0.001000,0.001000,0.001000,0.001000
1013.653846,0.043309,0.001000,0.001000,0.001000,0.001000,0.001000
1013.673077,0.043992,0.001000,0.001000,0.001000,0.001000,0.001000
1013.692308,0.044641,0.001000,0.001000,0.001000,0.001000,0.001000
1013.711538,0.045254,0.001000,0.001000,0.001000,0.001000,0.001000
1013.730769,0.045832,0.001000,0.001000,0.001000,0.001000,0.001000
1013.750000,0.046374,0.001000,0.001000,0.001000,0.001000,0.001000
1013.769231,0.046880,0.001000,0.001000,0.001000,0.001000,0.001000
1013.788462,0.047348,0.001000,0.001000,0.001000,0.001000,0.001000
1013.807692,0.047780,0.001000,0.001000,0.001000,0.001000,0.001000
1013.826923,0.048174,0.001000,0.001000,0.001000,0.001000,0.001000
1013.846154,0.048530,0.001000,0.001000,0.001000,0.001000,0.001000
1013.865385,0.048848,0.001000,0.001000,0.001000,0.001000,0.001000
1013.884615,0.049128,0.001000,0.001000,0.001000,0.001000,0.001000
1013.903846,0.049369,0.001000,0.001000,0.001000,0.001000,0.001000
1013.923077,0.049572,0.001000,0.001000,0.001000,0.001000,0.001000
1013.942308,0.049735,0.001000,0.001000,0.001000,0.001000,0.001000
1013.961538,0.049860,0.001000,0.001000,0.001000,0.001000,0.001000
1013.980769,0.049945,0.001000,0.001000,0.001000,0.001000,0.001000
1014.000000,0.049991,0.001000,0.001000,0.001000,0.001000,0.001000
1014.019231,0.049998,0.001000,0.001000,0.001000,0.001000,0.001000
1014.038462,0.049965,0.001000,0.001000,0.001000,0.001000,0.001000
1014.057692,0.049894,0.001000,0.001000,0.001000,0.001000,0.001000
1014.076923,0.049783,0.001000,0.001000,0.001000,0.001000,0.001000
1014.096154,0.049633,0.001000,0.001000,0.001000,0.001000,0.001000
1014.115385,0.049444,0.001000,0.001000,0.001000,0.001000,0.001000
1014.134615,0.049216,0.001000,0.001000,0.001000,0.001000,0.001000
1014.153846,0.048950,0.001000,0.001000,0.001000,0.001000,0.001000
1014.173077,0.048645,0.001000,0.001000,0.001000,0.001000,0.001000
1014.192308,0.048302,0.001000,0.001000,0.001000,0.001000,0.001000
1014.211538,0.047921,0.001000,0.001000,0.001000,0.001000,0.001000
1014.230769,0.047502,0.001000,0.001000,0.001000,0.001000,0.001000
1014.250000,0.047046,0.001000,0.001000,0.001000,0.001000,0.001000
1014.269231,0.046553,0.001000,0.001000,0.001000,0.001000,0.001000
1014.288462,0.046024,0.001000,0.001000,0.001000,0.001000,0.001000
1014.307692,0.045458,0.001000,0.001000,0.001000,0.001000,0.001000
1014.326923,0.044857,0.001000,0.001000,0.001000,0.001000,0.001000
1014.346154,0.044220,0.001000,0.001000,0.001000,0.001000,0.001000
1014.365385,0.043549,0.001000,0.001000,0.001000,0.001000,0.001000
1014.384615,0.042844,0.001000,0.001000,0.001000,0.001000,0.001000
1014.403846,0.042105,0.001000,0.001000,0.001000,0.001000,0.001000
1014.423077,0.041333,0.001000,0.001000,0.001000,0.001000,0.001000
1014.442308,0.040528,0.001000,0.001000,0.001000,0.001000,0.001000
1014.461538,0.039692,0.001000,0.001000,0.001000,0.001000,0.001000
1014.480769,0.038824,0.001000,0.001000,0.001000,0.001000,0.001000
1014.500000,0.037926,0.001000,0.001000,0.001000,0.001000,0.001000
1014.519231,0.036998,0.001000,0.001000,0.001000,0.001000,0.001000
1014.538462,0.036041,0.001000,0.001000,0.001000,0.001000,0.001000
1014.557692,0.035056,0.001000,0.001000,0.001000,0.001000,0.001000
1014.576923,0.034043,0.001000,0.001000,0.001000,0.001000,0.001000
1014.596154,0.033004,0.001000,0.001000,0.001000,0.001000,0.001000
1014.615385,0.031938,0.001000,0.001000,0.001000,0.001000,0.001000
1014.634615,0.030848,0.001000,0.001000,0.001000,0.001000,0.001000
1014.653846,0.029733,0.001000,0.001000,0.001000,0.001000,0.001000
1014.673077,0.028595,0.001000,0.001000,0.001000,0.001000,0.001000
1014.692308,0.027434,0.001000,0.001000,0.001000,0.001000,0.001000
1014.711538,0.026252,0.001000,0.001000,0.001000,0.001000,0.001000
1014.730769,0.025050,0.001000,0.001000,0.001000,0.001000,0.001000
1014.750000,0.023827,0.001000,0.001000,0.001000,0.001000,0.001000
1014.769231,0.022586,0.001000,0.001000,0.001000,0.001000,0.001000
1014.788462,0.021327,0.001000,0.001000,0.001000,0.001000,0.001000
1014.807692,0.020052,0.001000,0.001000,0.001000,0.001000,0.001000
1014.826923,0.018761,0.001000,0.001000,0.001000,0.001000,0.001000
1014.846154,0.017455,0.001000,0.001000,0.001000,0.001000,0.001000
1014.865385,0.016135,0.001000,0.001000,0.001000,0.001000,0.001000
1014.884615,0.014802,0.001000,0.001000,0.001000,0.001000,0.001000
1014.903846,0.013458,0.001000,0.001000,0.001000,0.001000,0.001000
1014.923077,0.012104,0.001000,0.001000,0.001000,0.001000,0.001000
1014.942308,0.010740,0.001000,0.001000,0.001000,0.001000,0.001000
1014.961538,0.009367,0.001000,0.001000,0.001000,0.001000,0.001000
1014.980769,0.007987,0.001000,0.001000,0.001000,0.001000,0.001000
1015.000000,0.006601,0.001000,0.001000,0.001000,0.001000,0.001000
1015.019231,0.005210,0.001000,0.001000,0.001000,0.001000,0.001000
1015.038462,0.003814,0.001000,0.001000,0.001000,0.001000,0.001000
1015.057692,0.002416,0.001000,0.001000,0.001000,0.001000,0.001000
1015.076923,0.001016,0.001000,0.001000,0.001000,0.001000,0.001000
1015.096154,-0.000386,0.001000,0.001000,0.001000,0.001000,0.001000
1015.115385,-0.001786,0.001000,0.001000,0.001000,0.001000,0.001000
1015.134615,-0.003186,0.001000,0.001000,0.001000,0.001000,0.001000
1015.153846,-0.004583,0.001000,0.001000,0.001000,0.001000,0.001000
1015.173077,-0.005976,0.001000,0.001000,0.001000,0.001000,0.001000
1015.192308,-0.007365,0.001000,0.001000,0.001000,0.001000,0.001000
1015.211538,-0.008748,0.001000,0.001000,0.001000,0.001000,0.001000
1015.230769,-0.010123,0.001000,0.001000,0.001000,0.001000,0.001000
1015.250000,-0.011492,0.001000,0.001000,0.001000,0.001000,0.001000
1015.269231,-0.012851,0.001000,0.001000,0.001000,0.001000,0.001000
1015.288462,-0.014199,0.001000,0.001000,0.001000,0.001000,0.001000
1015.307692,-0.015537,0.001000,0.001000,0.001000,0.001000,0.001000
1015.326923,-0.016863,0.001000,0.001000,0.001000,0.001000,0.001000
1015.346154,-0.018175,0.001000,0.001000,0.001000,0.001000,0.001000
1015.365385,-0.019473,0.001000,0.001000,0.001000,0.001000,0.001000
1015.384615,-0.020756,0.001000,0.001000,0.001000,0.001000,0.001000
1015.403846,-0.022022,0.001000,0.001000,0.001000,0.001000,0.001000
1015.423077,-0.023271,0.001000,0.001000,0.001000,0.001000,0.001000
1015.442308,-0.024502,0.001000,0.001000,0.001000,0.001000,0.001000
1015.461538,-0.025714,0.001000,0.001000,0.001000,0.001000,0.001000
1015.480769,-0.026905,0.001000,0.001000,0.001000,0.001000,0.001000
1015.500000,-0.028076,0.001000,0.001000,0.001000,0.001000,0.001000
1015.519231,-0.029224,0.001000,0.001000,0.001000,0.001000,0.001000
1015.538462,-0.030349,0.001000,0.001000,0.001000,0.001000,0.001000
1015.557692,-0.031451,0.001000,0.001000,0.001000,0.001000,0.001000
1015.576923,-0.032528,0.001000,0.001000,0.001000,0.001000,0.001000
1015.596154,-0.033579,0.001000,0.001000,0.001000,0.001000,0.001000
1015.615385,-0.034604,0.001000,0.001000,0.001000,0.001000,0.001000
1015.634615,-0.035601,0.001000,0.001000,0.001000,0.001000,0.001000
1015.653846,-0.036571,0.001000,0.001000,0.001000,0.001000,0.001000
1015.673077,-0.037512,0.001000,0.001000,0.001000,0.001000,0.001000
1015.692308,-0.038424,0.001000,0.001000,0.001000,0.001000,0.001000
1015.711538,-0.039305,0.001000,0.001000,0.001000,0.001000,0.001000
1015.730769,-0.040156,0.001000,0.001000,0.001000,0.001000,0.001000
1015.750000,-0.040975,0.001000,0.001000,0.001000,0.001000,0.001000
1015.769231,-0.041762,0.001000,0.001000,0.001000,0.001000,0.001000
1015.788462,-0.042516,0.001000,0.001000,0.001000,0.001000,0.001000
1015.807692,-0.043236,0.001000,0.001000,0.001000,0.001000,0.001000
1015.826923,-0.043923,0.001000,0.001000,0.001000,0.001000,0.001000
1015.846154,-0.044575,0.001000,0.001000,0.001000,0.001000,0.001000
1015.865385,-0.045192,0.001000,0.001000,0.001000,0.001000,0.001000
1015.884615,-0.045774,0.001000,0.001000,0.001000,0.001000,0.001000
1015.903846,-0.046320,0.001000,0.001000,0.001000,0.001000,0.001000
1015.923077,-0.046829,0.001000,0.001000,0.001000,0.001000,0.001000
1015.942308,-0.047302,0.001000,0.001000,0.001000,0.001000,0.001000
1015.961538,-0.047737,0.001000,0.001000,0.001000,0.001000,0.001000
1015.980769,-0.048135,0.001000,0.001000,0.001000,0.001000,0.001000
1016.000000,-0.048495,0.001000,0.001000,0.001000,0.001000,0.001000
1016.019231,-0.048817,0.001000,0.001000,0.001000,0.001000,0.001000
1016.038462,-0.049101,0.001000,0.001000,0.001000,0.001000,0.001000
1016.057692,-0.049346,0.001000,0.001000,0.001000,0.001000,0.001000
1016.076923,-0.049553,0.001000,0.001000,0.001000,0.001000,0.001000
1016.096154,-0.049720,0.001000,0.001000,0.001000,0.001000,0.001000
1016.115385,-0.049849,0.001000,0.001000,0.001000,0.001000,0.001000
1016.134615,-0.049938,0.001000,0.001000,0.001000,0.001000,0.001000
1016.153846,-0.049988,0.001000,0.001000,0.001000,0.001000,0.001000
1016.173077,-0.049999,0.001000,0.001000,0.001000,0.001000,0.001000
1016.192308,-0.049971,0.001000,0.001000,0.001000,0.001000,0.001000
1016.211538,-0.049903,0.001000,0.001000,0.001000,0.001000,0.001000
1016.230769,-0.049796,0.001000,0.001000,0.001000,0.001000,0.001000
1016.250000,-0.049650,0.001000,0.001000,0.001000,0.001000,0.001000
1016.269231,-0.049465,0.001000,0.001000,0.001000,0.001000,0.001000
1016.288462,-0.049242,0.001000,0.001000,0.001000,0.001000,0.001000
1016.307692,-0.048979,0.001000,0.001000,0.001000,0.001000,0.001000
1016.326923,-0.048678,0.001000,0.001000,0.001000,0.001000,0.001000
1016.346154,-0.048339,0.001000,0.001000,0.001000,0.001000,0.001000
1016.365385,-0.047962,0.001000,0.001000,0.001000,0.001000,0.001000
1016.384615,-0.047547,0.001000,0.001000,0.001000,0.001000,0.001000
1016.403846,-0.047095,0.001000,0.001000,0.001000,0.001000,0.001000
1016.423077,-0.046606,0.001000,0.001000,0.001000,0.001000,0.001000
1016.442308,-0.046080,0.001000,0.001000,0.001000,0.001000,0.001000
1016.461538,-0.045518,0.001000,0.001000,0.001000,0.001000,0.001000
1016.480769,-0.044921,0.001000,0.001000,0.001000,0.001000,0.001000
1016.500000,-0.044288,0.001000,0.001000,0.001000,0.001000,0.001000
1016.519231,-0.043620,0.001000,0.001000,0.001000,0.001000,0.001000
1016.538462,-0.042918,0.001000,0.001000,0.001000,0.001000,0.001000
1016.557692,-0.042183,0.001000,0.001000,0.001000,0.001000,0.001000
1016.576923,-0.041414,0.001000,0.001000,0.001000,0.001000,0.001000
1016.596154,-0.040613,0.001000,0.001000,0.001000,0.001000,0.001000
1016.615385,-0.039780,0.001000,0.001000,0.001000,0.001000,0.001000
1016.634615,-0.038915,0.001000,0.001000,0.001000,0.001000,0.001000
1016.653846,-0.038020,0.001000,0.001000,0.001000,0.001000,0.001000
1016.673077,-0.037095,0.001000,0.001000,0.001000,0.001000,0.001000
1016.692308,-0.036141,0.001000,0.001000,0.001000,0.001000,0.001000
1016.711538,-0.035159,0.001000,0.001000,0.001000,0.001000,0.001000
1016.730769,-0.034149,0.001000,0.001000,0.001000,0.001000,0.001000
1016.750000,-0.033112,0.001000,0.001000,0.001000,0.001000,0.001000
1016.769231,-0.032050,0.001000,0.001000,0.001000,0.001000,0.001000
1016.788462,-0.030962,0.001000,0.001000,0.001000,0.001000,0.001000
1016.807692,-0.029849,0.001000,0.001000,0.001000,0.001000,0.001000
1016.826923,-0.028714,0.001000,0.001000,0.001000,0.001000,0.001000
1016.846154,-0.027556,0.001000,0.001000,0.001000,0.001000,0.001000
1016.865385,-0.026376,0.001000,0.001000,0.001000,0.001000,0.001000
1016.884615,-0.025175,0.001000,0.001000,0.001000,0.001000,0.001000
1016.903846,-0.023955,0.001000,0.001000,0.001000,0.001000,0.001000
1016.923077,-0.022716,0.001000,0.001000,0.001000,0.001000,0.001000
1016.942308,-0.021459,0.001000,0.001000,0.001000,0.001000,0.001000
1016.961538,-0.020185,0.001000,0.001000,0.001000,0.001000,0.001000
1016.980769,-0.018895,0.001000,0.001000,0.001000,0.001000,0.001000
1017.000000,-0.017590,0.001000,0.001000,0.001000,0.001000,0.001000
1017.019231,-0.016272,0.001000,0.001000,0.001000,0.001000,0.001000
1017.038462,-0.014941,0.001000,0.001000,0.001000,0.001000,0.001000
1017.057692,-0.013598,0.001000,0.001000,0.001000,0.001000,0.001000
1017.076923,-0.012245,0.001000,0.001000,0.001000,0.001000,0.001000
1017.096154,-0.010881,0.001000,0.001000,0.001000,0.001000,0.001000
1017.115385,-0.009510,0.001000,0.001000,0.001000,0.001000,0.001000
1017.134615,-0.008130,0.001000,0.001000,0.001000,0.001000,0.001000
1017.153846,-0.006745,0.001000,0.001000,0.001000,0.001000,0.001000
1017.173077,-0.005354,0.001000,0.001000,0.001000,0.001000,0.001000
1017.192308,-0.003959,0.001000,0.001000,0.001000,0.001000,0.001000
1017.211538,-0.002561,0.001000,0.001000,0.001000,0.001000,0.001000
1017.230769,-0.001161,0.001000,0.001000,0.001000,0.001000,0.001000
1017.250000,0.000240,0.001000,0.001000,0.001000,0.001000,0.001000
1017.269231,0.001641,0.001000,0.001000,0.001000,0.001000,0.001000
1017.288462,0.003041,0.001000,0.001000,0.001000,0.001000,0.001000
1017.307692,0.004438,0.001000,0.001000,0.001000,0.001000,0.001000
1017.326923,0.005832,0.001000,0.001000,0.001000,0.001000,0.001000
1017.346154,0.007221,0.001000,0.001000,0.001000,0.001000,0.001000
1017.365385,0.008605,0.001000,0.001000,0.001000,0.001000,0.001000
1017.384615,0.009981,0.001000,0.001000,0.001000,0.001000,0.001000
1017.403846,0.011350,0.001000,0.001000,0.001000,0.001000,0.001000
1017.423077,0.012710,0.001000,0.001000,0.001000,0.001000,0.001000
1017.442308,0.014060,0.001000,0.001000,0.001000,0.001000,0.001000
1017.461538,0.015399,0.001000,0.001000,0.001000,0.001000,0.001000
1017.480769,0.016726,0.001000,0.001000,0.001000,0.001000,0.001000
1017.500000,0.018040,0.001000,0.001000,0.001000,0.001000,0.001000
1017.519231,0.019339,0.001000,0.001000,0.001000,0.001000,0.001000
1017.538462,0.020624,0.001000,0.001000,0.001000,0.001000,0.001000
1017.557692,0.021892,0.001000,0.001000,0.001000,0.001000,0.001000
1017.576923,0.023143,0.001000,0.001000,0.001000,0.001000,0.001000
1017.596154,0.024376,0.001000,0.001000,0.001000,0.001000,0.001000
1017.615385,0.025589,0.001000,0.001000,0.001000,0.001000,0.001000
1017.634615,0.026783,0.001000,0.001000,0.001000,0.001000,0.001000
1017.653846,0.027956,0.001000,0.001000,0.001000,0.001000,0.001000
1017.673077,0.029106,0.001000,0.001000,0.001000,0.001000,0.001000
1017.692308,0.030234,0.001000,0.001000,0.001000,0.001000,0.001000
1017.711538,0.031338,0.001000,0.001000,0.001000,0.001000,0.001000
1017.730769,0.032417,0.001000,0.001000,0.001000,0.001000,0.001000
1017.750000,0.033471,0.001000,0.001000,0.001000,0.001000,0.001000
1017.769231,0.034499,0.001000,0.001000,0.001000,0.001000,0.001000
1017.788462,0.035499,0.001000,0.001000,0.001000,0.001000,0.001000
1017.807692,0.036472,0.001000,0.001000,0.001000,0.001000,0.001000
1017.826923,0.037416,0.001000,0.001000,0.001000,0.001000,0.001000
1017.846154,0.038331,0.001000,0.001000,0.001000,0.001000,0.001000
1017.865385,0.039215,0.001000,0.001000,0.001000,0.001000,0.001000
1017.884615,0.040069,0.001000,0.001000,0.001000,0.001000,0.001000
1017.903846,0.040891,0.001000,0.001000,0.001000,0.001000,0.001000
1017.923077,0.041682,0.001000,0.001000,0.001000,0.001000,0.001000
1017.942308,0.042439,0.001000,0.001000,0.001000,0.001000,0.001000
1017.961538,0.043163,0.001000,0.001000,0.001000,0.001000,0.001000
1017.980769,0.043853,0.001000,0.001000,0.001000,0.001000,0.001000
1018.000000,0.044509,0.001000,0.001000,0.001000,0.001000,0.001000
1018.019231,0.045130,0.001000,0.001000,0.001000,0.001000,0.001000
1018.038462,0.045715,0.001000,0.001000,0.001000,0.001000,0.001000
1018.057692,0.046265,0.001000,0.001000,0.001000,0.001000,0.001000
1018.076923,0.046778,0.001000,0.001000,0.001000,0.001000,0.001000
1018.096154,0.047254,0.001000,0.001000,0.001000,0.001000,0.001000
1018.115385,0.047694,0.001000,0.001000,0.001000,0.001000,0.001000
1018.134615,0.048096,0.001000,0.001000,0.001000,0.001000,0.001000
1018.153846,0.048460,0.001000,0.001000,0.001000,0.001000,0.001000
1018.173077,0.048786,0.001000,0.001000,0.001000,0.001000,0.001000
1018.192308,0.049073,0.001000,0.001000,0.001000,0.001000,0.001000
1018.211538,0.049323,0.001000,0.001000,0.001000,0.001000,0.001000
1018.230769,0.049533,0.001000,0.001000,0.001000,0.001000,0.001000
1018.250000,0.049705,0.001000,0.001000,0.001000,0.001000,0.001000
1018.269231,0.049837,0.001000,0.001000,0.001000,0.001000,0.001000
1018.288462,0.049931,0.001000,0.001000,0.001000,0.001000,0.001000
1018.307692,0.049985,0.001000,0.001000,0.001000,0.001000,0.001000
1018.326923,0.050000,0.001000,0.001000,0.001000,0.001000,0.001000
1018.346154,0.049975,0.001000,0.001000,0.001000,0.001000,0.001000
1018.365385,0.049912,0.001000,0.001000,0.001000,0.001000,0.001000
1018.384615,0.049809,0.001000,0.001000,0.001000,0.001000,0.001000
1018.403846,0.049667,0.001000,0.001000,0.001000,0.001000,0.001000
1018.423077,0.049486,0.001000,0.001000,0.001000,0.001000,0.001000
1018.442308,0.049266,0.001000,0.001000,0.001000,0.001000,0.001000
1018.461538,0.049008,0.001000,0.001000,0.001000,0.001000,0.001000
1018.480769,0.048711,0.001000,0.001000,0.001000,0.001000,0.001000
1018.500000,0.048376,0.001000,0.001000,0.001000,0.001000,0.001000
1018.519231,0.048003,0.001000,0.001000,0.001000,0.001000,0.001000
1018.538462,0.047592,0.001000,0.001000,0.001000,0.001000,0.001000
1018.557692,0.047144,0.001000,0.001000,0.001000,0.001000,0.001000
1018.576923,0.046658,0.001000,0.001000,0.001000,0.001000,0.001000
1018.596154,0.046136,0.001000,0.001000,0.001000,0.001000,0.001000
1018.615385,0.045578,0.001000,0.001000,0.001000,0.001000,0.001000
1018.634615,0.044984,0.001000,0.001000,0.001000,0.001000,0.001000
1018.653846,0.044355,0.001000,0.001000,0.001000,0.001000,0.001000
1018.673077,0.043691,0.001000,0.001000,0.001000,0.001000,0.001000
1018.692308,0.042993,0.001000,0.001000,0.001000,0.001000,0.001000
1018.711538,0.042260,0.001000,0.001000,0.001000,0.001000,0.001000
1018.730769,0.041495,0.001000,0.001000,0.001000,0.001000,0.001000
1018.750000,0.040697,0.001000,0.001000,0.001000,0.001000,0.001000
1018.769231,0.039867,0.001000,0.001000,0.001000,0.001000,0.001000
1018.788462,0.039006,0.001000,0.001000,0.001000,0.001000,0.001000
1018.807692,0.038114,0.001000,0.001000,0.001000,0.001000,0.001000
1018.826923,0.037193,0.001000,0.001000,0.001000,0.001000,0.001000
1018.846154,0.036242,0.001000,0.001000,0.001000,0.001000,0.001000
1018.865385,0.035262,0.001000,0.001000,0.001000,0.001000,0.001000
1018.884615,0.034255,0.001000,0.001000,0.001000,0.001000,0.001000
1018.903846,0.033221,0.001000,0.001000,0.001000,0.001000,0.001000
1018.923077,0.032161,0.001000,0.001000,0.001000,0.001000,0.001000
1018.942308,0.031076,0.001000,0.001000,0.001000,0.001000,0.001000
1018.961538,0.029966,0.001000,0.001000,0.001000,0.001000,0.001000
1018.980769,0.028832,0.001000,0.001000,0.001000,0.001000,0.001000
1019.000000,0.027677,0.001000,0.001000,0.001000,0.001000,0.001000
1019.019231,0.026499,0.001000,0.001000,0.001000,0.001000,0.001000
1019.038462,0.025300,0.001000,0.001000,0.001000,0.001000,0.001000
1019.057692,0.024082,0.001000,0.001000,0.001000,0.001000,0.001000
1019.076923,0.022845,0.001000,0.001000,0.001000,0.001000,0.001000
1019.096154,0.021590,0.001000,0.001000,0.001000,0.001000,0.001000
1019.115385,0.020317,0.001000,0.001000,0.001000,0.001000,0.001000
1019.134615,0.019029,0.001000,0.001000,0.001000,0.001000,0.001000
1019.153846,0.017726,0.001000,0.001000,0.001000,0.001000,0.001000
1019.173077,0.016409,0.001000,0.001000,0.001000,0.001000,0.001000
1019.192308,0.015079,0.001000,0.001000,0.001000,0.001000,0.001000
1019.211538,0.013738,0.001000,0.001000,0.001000,0.001000,0.001000
1019.230769,0.012385,0.001000,0.001000,0.001000,0.001000,0.001000
1019.250000,0.011023,0.001000,0.001000,0.001000,0.001000,0.001000
1019.269231,0.009652,0.001000,0.001000,0.001000,0.001000,0.001000
1019.288462,0.008274,0.001000,0.001000,0.001000,0.001000,0.001000
1019.307692,0.006889,0.001000,0.001000,0.001000,0.001000,0.001000
1019.326923,0.005498,0.001000,0.001000,0.001000,0.001000,0.001000
1019.346154,0.004104,0.001000,0.001000,0.001000,0.001000,0.001000
1019.365385,0.002706,0.001000,0.001000,0.001000,0.001000,0.001000
1019.384615,0.001306,0.001000,0.001000,0.001000,0.001000,0.001000
1019.403846,-0.000095,0.001000,0.001000,0.001000,0.001000,0.001000
1019.423077,-0.001496,0.001000,0.001000,0.001000,0.001000,0.001000
1019.442308,-0.002896,0.001000,0.001000,0.001000,0.001000,0.001000
1019.461538,-0.004294,0.001000,0.001000,0.001000,0.001000,0.001000
1019.480769,-0.005688,0.001000,0.001000,0.001000,0.001000,0.001000
1019.500000,-0.007078,0.001000,0.001000,0.001000,0.001000,0.001000
1019.519231,-0.008462,0.001000,0.001000,0.001000,0.001000,0.001000
1019.538462,-0.009839,0.001000,0.001000,0.001000,0.001000,0.001000
1019.557692,-0.011209,0.001000,0.001000,0.001000,0.001000,0.001000
1019.576923,-0.012570,0.001000,0.001000,0.001000,0.001000,0.001000
1019.596154,-0.013921,0.001000,0.001000,0.001000,0.001000,0.001000
1019.615385,-0.015261,0.001000,0.001000,0.001000,0.001000,0.001000
1019.634615,-0.016589,0.001000,0.001000,0.001000,0.001000,0.001000
1019.653846,-0.017904,0.001000,0.001000,0.001000,0.001000,0.001000
1019.673077,-0.019206,0.001000,0.001000,0.001000,0.001000,0.001000
1019.692308,-0.020492,0.001000,0.001000,0.001000,0.001000,0.001000
1019.711538,-0.021761,0.001000,0.001000,0.001000,0.001000,0.001000
1019.730769,-0.023014,0.001000,0.001000,0.001000,0.001000,0.001000
1019.750000,-0.024249,0.001000,0.001000,0.001000,0.001000,0.001000
1019.769231,-0.025465,0.001000,0.001000,0.001000,0.001000,0.001000
1019.788462,-0.026660,0.001000,0.001000,0.001000,0.001000,0.001000
1019.807692,-0.027835,0.001000,0.001000,0.001000,0.001000,0.001000
1019.826923,-0.028988,0.001000,0.001000,0.001000,0.001000,0.001000
1019.846154,-0.030118,0.001000,0.001000,0.001000,0.001000,0.001000
1019.865385,-0.031225,0.001000,0.001000,0.001000,0.001000,0.001000
1019.884615,-0.032307,0.001000,0.001000,0.001000,0.001000,0.001000
1019.903846,-0.033363,0.001000,0.001000,0.001000,0.001000,0.001000
1019.923077,-0.034394,0.001000,0.001000,0.001000,0.001000,0.001000
1019.942308,-0.035397,0.001000,0.001000,0.001000,0.001000,0.001000
1019.961538,-0.036373,0.001000,0.001000,0.001000,0.001000,0.001000
1019.980769,-0.037320,0.001000,0.001000,0.001000,0.001000,0.001000
1020.000000,-0.038237,0.001000,0.001000,0.001000,0.001000,0.001000
1020.019231,-0.039125,0.001000,0.001000,0.001000,0.001000,0.001000
1020.038462,-0.039982,0.001000,0.001000,0.001000,0.001000,0.001000
1020.057692,-0.040808,0.001000,0.001000,0.001000,0.001000,0.001000
1020.076923,-0.041601,0.001000,0.001000,0.001000,0.001000,0.001000
1020.096154,-0.042362,0.001000,0.001000,0.001000,0.001000,0.001000
1020.115385,-0.043090,0.001000,0.001000,0.001000,0.001000,0.001000
1020.134615,-0.043783,0.001000,0.001000,0.001000,0.001000,0.001000
1020.153846,-0.044443,0.001000,0.001000,0.001000,0.001000,0.001000
1020.173077,-0.045067,0.001000,0.001000,0.001000,0.001000,0.001000
1020.192308,-0.045656,0.001000,0.001000,0.001000,0.001000,0.001000
1020.211538,-0.046210,0.001000,0.001000,0.001000,0.001000,0.001000
1020.230769,-0.046727,0.001000,0.001000,0.001000,0.001000,0.001000
1020.250000,-0.047207,0.001000,0.001000,0.001000,0.001000,0.001000
1020.269231,-0.047650,0.001000,0.001000,0.001000,0.001000,0.001000
1020.288462,-0.048056,0.001000,0.001000,0.001000,0.001000,0.001000
1020.307692,-0.048424,0.001000,0.001000,0.001000,0.001000,0.001000
1020.326923,-0.048754,0.001000,0.001000,0.001000,0.001000,0.001000
1020.346154,-0.049045,0.001000,0.001000,0.001000,0.001000,0.001000
1020.365385,-0.049299,0.001000,0.001000,0.001000,0.001000,0.001000
1020.384615,-0.049513,0.001000,0.001000,0.001000,0.001000,0.001000
1020.403846,-0.049689,0.001000,0.001000,0.001000,0.001000,0.001000
1020.423077,-0.049825,0.001000,0.001000,0.001000,0.001000,0.001000
1020.442308,-0.049923,0.001000,0.001000,0.001000,0.001000,0.001000
1020.461538,-0.049981,0.001000,0.001000,0.001000,0.001000,0.001000
1020.480769,-0.050000,0.001000,0.001000,0.001000,0.001000,0.001000
1020.500000,-0.049980,0.001000,0.001000,0.001000,0.001000,0.001000
1020.519231,-0.049920,0.001000,0.001000,0.001000,0.001000,0.001000
1020.538462,-0.049821,0.001000,0.001000,0.001000,0.001000,0.001000
1020.557692,-0.049684,0.001000,0.001000,0.001000,0.001000,0.001000
1020.576923,-0.049507,0.001000,0.001000,0.001000,0.001000,0.001000
1020.596154,-0.049291,0.001000,0.001000,0.001000,0.001000,0.001000
1020.615385,-0.049037,0.001000,0.001000,0.001000,0.001000,0.001000
1020.634615,-0.048744,0.001000,0.001000,0.001000,0.001000,0.001000
1020.653846,-0.048412,0.001000,0.001000,0.001000,0.001000,0.001000
1020.673077,-0.048043,0.001000,0.001000,0.001000,0.001000,0.001000
1020.692308,-0.047636,0.001000,0.001000,0.001000,0.001000,0.001000
1020.711538,-0.047192,0.001000,0.001000,0.001000,0.001000,0.001000
1020.730769,-0.046710,0.001000,0.001000,0.001000,0.001000,0.001000
1020.750000,-0.046192,0.001000,0.001000,0.001000,0.001000,0.001000
1020.769231,-0.045638,0.001000,0.001000,0.001000,0.001000,0.001000
1020.788462,-0.045048,0.001000,0.001000,0.001000,0.001000,0.001000
1020.807692,-0.044422,0.001000,0.001000,0.001000,0.001000,0.001000
1020.826923,-0.043761,0.001000,0.001000,0.001000,0.001000,0.001000
1020.846154,-0.043067,0.001000,0.001000,0.001000,0.001000,0.001000
1020.865385,-0.042338,0.001000,0.001000,0.001000,0.001000,0.001000
1020.884615,-0.041576,0.001000,0.001000,0.001000,0.001000,0.001000
1020.903846,-0.040781,0.001000,0.001000,0.001000,0.001000,0.001000
1020.923077,-0.039955,0.001000,0.001000,0.001000,0.001000,0.001000
1020.942308,-0.039097,0.001000,0.001000,0.001000,0.001000,0.001000
1020.961538,-0.038208,0.001000,0.001000,0.001000,0.001000,0.001000
1020.980769,-0.037289,0.001000,0.001000,0.001000,0.001000,0.001000
1021.000000,-0.036341,0.001000,0.001000,0.001000,0.001000,0.001000
1021.019231,-0.035365,0.001000,0.001000,0.001000,0.001000,0.001000
1021.038462,-0.034361,0.001000,0.001000,0.001000,0.001000,0.001000
1021.057692,-0.033329,0.001000,0.001000,0.001000,0.001000,0.001000
1021.076923,-0.032272,0.001000,0.001000,0.001000,0.001000,0.001000
1021.096154,-0.031189,0.001000,0.001000,0.001000,0.001000,0.001000
1021.115385,-0.030082,0.001000,0.001000,0.001000,0.001000,0.001000
1021.134615,-0.028951,0.001000,0.001000,0.001000,0.001000,0.001000
1021.153846,-0.027797,0.001000,0.001000,0.001000,0.001000,0.001000
1021.173077,-0.026622,0.001000,0.001000,0.001000,0.001000,0.001000
1021.192308,-0.025425,0.001000,0.001000,0.001000,0.001000,0.001000
1021.211538,-0.024209,0.001000,0.001000,0.001000,0.001000,0.001000
1021.230769,-0.022974,0.001000,0.001000,0.001000,0.001000,0.001000
1021.250000,-0.021720,0.001000,0.001000,0.001000,0.001000,0.001000
1021.269231,-0.020450,0.001000,0.001000,0.001000,0.001000,0.001000
1021.288462,-0.019163,0.001000,0.001000,0.001000,0.001000,0.001000
1021.307692,-0.017862,0.001000,0.001000,0.001000,0.001000,0.001000
1021.326923,-0.016546,0.001000,0.001000,0.001000,0.001000,0.001000
1021.346154,-0.015218,0.001000,0.001000,0.001000,0.001000,0.001000
1021.365385,-0.013877,0.001000,0.001000,0.001000,0.001000,0.001000
1021.384615,-0.012526,0.001000,0.001000,0.001000,0.001000,0.001000
1021.403846,-0.011164,0.001000,0.001000,0.001000,0.001000,0.001000
1021.423077,-0.009794,0.001000,0.001000,0.001000,0.001000,0.001000
1021.442308,-0.008417,0.001000,0.001000,0.001000,0.001000,0.001000
1021.461538,-0.007032,0.001000,0.001000,0.001000,0.001000,0.001000
1021.480769,-0.005642,0.001000,0.001000,0.001000,0.001000,0.001000
1021.500000,-0.004248,0.001000,0.001000,0.001000,0.001000,0.001000
1021.519231,-0.002851,0.001000,0.001000,0.001000,0.001000,0.001000
1021.538462,-0.001451,0.001000,0.001000,0.001000,0.001000,0.001000
1021.557692,-0.000050,0.001000,0.001000,0.001000,0.001000,0.001000
1021.576923,0.001351,0.001000,0.001000,0.001000,0.001000,0.001000
1021.596154,0.002751,0.001000,0.001000,0.001000,0.001000,0.001000
1021.615385,0.004149,0.001000,0.001000,0.001000,0.001000,0.001000
1021.634615,0.005544,0.001000,0.001000,0.001000,0.001000,0.001000
1021.653846,0.006934,0.001000,0.001000,0.001000,0.001000,0.001000
1021.673077,0.008319,0.001000,0.001000,0.001000,0.001000,0.001000
1021.692308,0.009697,0.001000,0.001000,0.001000,0.001000,0.001000
1021.711538,0.011067,0.001000,0.001000,0.001000,0.001000,0.001000
1021.730769,0.012429,0.001000,0.001000,0.001000,0.001000,0.001000
1021.750000,0.013782,0.001000,0.001000,0.001000,0.001000,0.001000
1021.769231,0.015123,0.001000,0.001000,0.001000,0.001000,0.001000
1021.788462,0.016452,0.001000,0.001000,0.001000,0.001000,0.001000
1021.807692,0.017769,0.001000,0.001000,0.001000,0.001000,0.001000
1021.826923,0.019071,0.001000,0.001000,0.001000,0.001000,0.001000
1021.846154,0.020359,0.001000,0.001000,0.001000,0.001000,0.001000
1021.865385,0.021631,0.001000,0.001000,0.001000,0.001000,0.001000
1021.884615,0.022885,0.001000,0.001000,0.001000,0.001000,0.001000
1021.903846,0.024122,0.001000,0.001000,0.001000,0.001000,0.001000
1021.923077,0.025340,0.001000,0.001000,0.001000,0.001000,0.001000
1021.942308,0.026538,0.001000,0.001000,0.001000,0.001000,0.001000
1021.961538,0.027715,0.001000,0.001000,0.001000,0.001000,0.001000
1021.980769,0.028870,0.001000,0.001000,0.001000,0.001000,0.001000
1022.000000,0.030002,0.001000,0.001000,0.001000,0.001000,0.001000
1022.019231,0.031111,0.001000,0.001000,0.001000,0.001000,0.001000
1022.038462,0.032196,0.001000,0.001000,0.001000,0.001000,0.001000
1022.057692,0.033255,0.001000,0.001000,0.001000,0.001000,0.001000
1022.076923,0.034288,0.001000,0.001000,0.001000,0.001000,0.001000
1022.096154,0.035294,0.001000,0.001000,0.001000,0.001000,0.001000
1022.115385,0.036273,0.001000,0.001000,0.001000,0.001000,0.001000
1022.134615,0.037223,0.001000,0.001000,0.001000,0.001000,0.001000
1022.153846,0.038144,0.001000,0.001000,0.001000,0.001000,0.001000
1022.173077,0.039035,0.001000,0.001000,0.001000,0.001000,0.001000
1022.192308,0.039895,0.001000,0.001000,0.001000,0.001000,0.001000
1022.211538,0.040724,0.001000,0.001000,0.001000,0.001000,0.001000
1022.230769,0.041521,0.001000,0.001000,0.001000,0.001000,0.001000
1022.250000,0.042285,0.001000,0.001000,0.001000,0.001000,0.001000
1022.269231,0.043016,0.001000,0.001000,0.001000,0.001000,0.001000
1022.288462,0.043713,0.001000,0.001000,0.001000,0.001000,0.001000
1022.307692,0.044376,0.001000,0.001000,0.001000,0.001000,0.001000
1022.326923,0.045004,0.001000,0.001000,0.001000,0.001000,0.001000
1022.346154,0.045597,0.001000,0.001000,0.001000,0.001000,0.001000
1022.365385,0.046154,0.001000,0.001000,0.001000,0.001000,0.001000
1022.384615,0.046675,0.001000,0.001000,0.001000,0.001000,0.001000
1022.403846,0.047159,0.001000,0.001000,0.001000,0.001000,0.001000
1022.423077,0.047606,0.001000,0.001000,0.001000,0.001000,0.001000
1022.442308,0.048015,0.001000,0.001000,0.001000,0.001000,0.001000
1022.461538,0.048387,0.001000,0.001000,0.001000,0.001000,0.001000
1022.480769,0.048721,0.001000,0.001000,0.001000,0.001000,0.001000
1022.500000,0.049017,0.001000,0.001000,0.001000,0.001000,0.001000
1022.519231,0.049274,0.001000,0.001000,0.001000,0.001000,0.001000
1022.538462,0.049493,0.001000,0.001000,0.001000,0.001000,0.001000
1022.557692,0.049672,0.001000,0.001000,0.001000,0.001000,0.001000
1022.576923,0.049813,0.001000,0.001000,0.001000,0.001000,0.001000
1022.596154,0.049914,0.001000,0.001000,0.001000,0.001000,0.001000
1022.615385,0.049977,0.001000,0.001000,0.001000,0.001000,0.001000
1022.634615,0.050000,0.001000,0.001000,0.001000,0.001000,0.001000
1022.653846,0.049984,0.001000,0.001000,0.001000,0.001000,0.001000
1022.673077,0.049928,0.001000,0.001000,0.001000,0.001000,0.001000
1022.692308,0.049834,0.001000,0.001000,0.001000,0.001000,0.001000
1022.711538,0.049700,0.001000,0.001000,0.001000,0.001000,0.001000
1022.730769,0.049527,0.001000,0.001000,0.001000,0.001000,0.001000
1022.750000,0.049315,0.001000,0.001000,0.001000,0.001000,0.001000
1022.769231,0.049065,0.001000,0.001000,0.001000,0.001000,0.001000
1022.788462,0.048776,0.001000,0.001000,0.001000,0.001000,0.001000
1022.807692,0.048448,0.001000,0.001000,0.001000,0.001000,0.001000
1022.826923,0.048083,0.001000,0.001000,0.001000,0.001000,0.001000
1022.846154,0.047680,0.001000,0.001000,0.001000,0.001000,0.001000
1022.865385,0.047240,0.001000,0.001000,0.001000,0.001000,0.001000
1022.884615,0.046762,0.001000,0.001000,0.001000,0.001000,0.001000
1022.903846,0.046248,0.001000,0.001000,0.001000,0.001000,0.001000
1022.923077,0.045697,0.001000,0.001000,0.001000,0.001000,0.001000
1022.942308,0.045110,0.001000,0.001000,0.001000,0.001000,0.001000
1022.961538,0.044488,0.001000,0.001000,0.001000,0.001000,0.001000
1022.980769,0.043831,0.001000,0.001000,0.001000,0.001000,0.001000
1023.000000,0.043140,0.001000,0.001000,0.001000,0.001000,0.001000
1023.019231,0.042415,0.001000,0.001000,0.001000,0.001000,0.001000
1023.038462,0.041656,0.001000,0.001000,0.001000,0.001000,0.001000
1023.057692,0.040865,0.001000,0.001000,0.001000,0.001000,0.001000
1023.076923,0.040042,0.001000,0.001000,0.001000,0.001000,0.001000
1023.096154,0.039187,0.001000,0.001000,0.001000,0.001000,0.001000
1023.115385,0.038301,0.001000,0.001000,0.001000,0.001000,0.001000
1023.134615,0.037386,0.001000,0.001000,0.001000,0.001000,0.001000
1023.153846,0.036441,0.001000,0.001000,0.001000,0.001000,0.001000
1023.173077,0.035467,0.001000,0.001000,0.001000,0.001000,0.001000
1023.192308,0.034466,0.001000,0.001000,0.001000,0.001000,0.001000
1023.211538,0.033437,0.001000,0.001000,0.001000,0.001000,0.001000
1023.230769,0.032383,0.001000,0.001000,0.001000,0.001000,0.001000
1023.250000,0.031302,0.001000,0.001000,0.001000,0.001000,0.001000
1023.269231,0.030198,0.001000,0.001000,0.001000,0.001000,0.001000
1023.288462,0.029069,0.001000,0.001000,0.001000,0.001000,0.001000
1023.307692,0.027918,0.001000,0.001000,0.001000,0.001000,0.001000
1023.326923,0.026744,0.001000,0.001000,0.001000,0.001000,0.001000
1023.346154,0.025550,0.001000,0.001000,0.001000,0.001000,0.001000
1023.365385,0.024336,0.001000,0.001000,0.001000,0.001000,0.001000
1023.384615,0.023102,0.001000,0.001000,0.001000,0.001000,0.001000
1023.403846,0.021851,0.001000,0.001000,0.001000,0.001000,0.001000
1023.423077,0.020582,0.001000,0.001000,0.001000,0.001000,0.001000
1023.442308,0.019297,0.001000,0.001000,0.001000,0.001000,0.001000
1023.461538,0.017997,0.001000,0.001000,0.001000,0.001000,0.001000
1023.480769,0.016683,0.001000,0.001000,0.001000,0.001000,0.001000
1023.500000,0.015356,0.001000,0.001000,0.001000,0.001000,0.001000
1023.519231,0.014016,0.001000,0.001000,0.001000,0.001000,0.001000
1023.538462,0.012666,0.001000,0.001000,0.001000,0.001000,0.001000
1023.557692,0.011306,0.001000,0.001000,0.001000,0.001000,0.001000
1023.576923,0.009937,0.001000,0.001000,0.001000,0.001000,0.001000
1023.596154,0.008560,0.001000,0.001000,0.001000,0.001000,0.001000
1023.615385,0.007176,0.001000,0.001000,0.001000,0.001000,0.001000
1023.634615,0.005787,0.001000,0.001000,0.001000,0.001000,0.001000
1023.653846,0.004393,0.001000,0.001000,0.001000,0.001000,0.001000
1023.673077,0.002995,0.001000,0.001000,0.001000,0.001000,0.001000
1023.692308,0.001596,0.001000,0.001000,0.001000,0.001000,0.001000
1023.711538,0.000195,0.001000,0.001000,0.001000,0.001000,0.001000
1023.730769,-0.001206,0.001000,0.001000,0.001000,0.001000,0.001000
1023.750000,-0.002606,0.001000,0.001000,0.001000,0.001000,0.001000
1023.769231,-0.004005,0.001000,0.001000,0.001000,0.001000,0.001000
1023.788462,-0.005399,0.001000,0.001000,0.001000,0.001000,0.001000
1023.807692,-0.006790,0.001000,0.001000,0.001000,0.001000,0.001000
1023.826923,-0.008176,0.001000,0.001000,0.001000,0.001000,0.001000
1023.846154,-0.009554,0.001000,0.001000,0.001000,0.001000,0.001000
1023.865385,-0.010926,0.001000,0.001000,0.001000,0.001000,0.001000
1023.884615,-0.012289,0.001000,0.001000,0.001000,0.001000,0.001000
1023.903846,-0.013642,0.001000,0.001000,0.001000,0.001000,0.001000
1023.923077,-0.014985,0.001000,0.001000,0.001000,0.001000,0.001000
1023.942308,-0.016315,0.001000,0.001000,0.001000,0.001000,0.001000
1023.961538,-0.017633,0.001000,0.001000,0.001000,0.001000,0.001000
1023.980769,-0.018937,0.001000,0.001000,0.001000,0.001000,0.001000
1024.000000,-0.020226,0.001000,0.001000,0.001000,0.001000,0.001000
1024.019231,-0.021500,0.001000,0.001000,0.001000,0.001000,0.001000
1024.038462,-0.022756,0.001000,0.001000,0.001000,0.001000,0.001000
1024.057692,-0.023995,0.001000,0.001000,0.001000,0.001000,0.001000
1024.076923,-0.025215,0.001000,0.001000,0.001000,0.001000,0.001000
1024.096154,-0.026414,0.001000,0.001000,0.001000,0.001000,0.001000
1024.115385,-0.027594,0.001000,0.001000,0.001000,0.001000,0.001000
1024.134615,-0.028751,0.001000,0.001000,0.001000,0.001000,0.001000
1024.153846,-0.029886,0.001000,0.001000,0.001000,0.001000,0.001000
1024.173077,-0.030998,0.001000,0.001000,0.001000,0.001000,0.001000
1024.192308,-0.032085,0.001000,0.001000,0.001000,0.001000,0.001000
1024.211538,-0.033147,0.001000,0.001000,0.001000,0.001000,0.001000
1024.230769,-0.034183,0.001000,0.001000,0.001000,0.001000,0.001000
1024.250000,-0.035192,0.001000,0.001000,0.001000,0.001000,0.001000
1024.269231,-0.036173,0.001000,0.001000,0.001000,0.001000,0.001000
1024.288462,-0.037126,0.001000,0.001000,0.001000,0.001000,0.001000
1024.307692,-0.038050,0.001000,0.001000,0.001000,0.001000,0.001000
1024.326923,-0.038944,0.001000,0.001000,0.001000,0.001000,0.001000
1024.346154,-0.039807,0.001000,0.001000,0.001000,0.001000,0.001000
1024.365385,-0.040639,0.001000,0.001000,0.001000,0.001000,0.001000
1024.384615,-0.041440,0.001000,0.001000,0.001000,0.001000,0.001000
1024.403846,-0.042207,0.001000,0.001000,0.001000,0.001000,0.001000
1024.423077,-0.042942,0.001000,0.001000,0.001000,0.001000,0.001000
1024.442308,-0.043643,0.001000,0.001000,0.001000,0.001000,0.001000
1024.461538,-0.044309,0.001000,0.001000,0.001000,0.001000,0.001000
1024.480769,-0.044941,0.001000,0.001000,0.001000,0.001000,0.001000
1024.500000,-0.045537,0.001000,0.001000,0.001000,0.001000,0.001000
1024.519231,-0.046098,0.001000,0.001000,0.001000,0.001000,0.001000
1024.538462,-0.046623,0.001000,0.001000,0.001000,0.001000,0.001000
1024.557692,-0.047110,0.001000,0.001000,0.001000,0.001000,0.001000
1024.576923,-0.047561,0.001000,0.001000,0.001000,0.001000,0.001000
1024.596154,-0.047975,0.001000,0.001000,0.001000,0.001000,0.001000
1024.615385,-0.048351,0.001000,0.001000,0.001000,0.001000,0.001000
1024.634615,-0.048689,0.001000,0.001000,0.001000,0.001000,0.001000
1024.653846,-0.048988,0.001000,0.001000,0.001000,0.001000,0.001000
1024.673077,-0.049249,0.001000,0.001000,0.001000,0.001000,0.001000
1024.692308,-0.049472,0.001000,0.001000,0.001000,0.001000,0.001000
1024.711538,-0.049656,0.001000,0.001000,0.001000,0.001000,0.001000
1024.730769,-0.049800,0.001000,0.001000,0.001000,0.001000,0.001000
1024.750000,-0.049906,0.001000,0.001000,0.001000,0.001000,0.001000
1024.769231,-0.049972,0.001000,0.001000,0.001000,0.001000,0.001000
1024.788462,-0.049999,0.001000,0.001000,0.001000,0.001000,0.001000
1024.807692,-0.049987,0.001000,0.001000,0.001000,0.001000,0.001000
1024.826923,-0.049936,0.001000,0.001000,0.001000,0.001000,0.001000
1024.846154,-0.049845,0.001000,0.001000,0.001000,0.001000,0.001000
1024.865385,-0.049715,0.001000,0.001000,0.001000,0.001000,0.001000
1024.884615,-0.049547,0.001000,0.001000,0.001000,0.001000,0.001000
1024.903846,-0.049339,0.001000,0.001000,0.001000,0.001000,0.001000
1024.923077,-0.049092,0.001000,0.001000,0.001000,0.001000,0.001000
1024.942308,-0.048807,0.001000,0.001000,0.001000,0.001000,0.001000
1024.961538,-0.048484,0.001000,0.001000,0.001000,0.001000,0.001000
1024.980769,-0.048123,0.001000,0.001000,0.001000,0.001000,0.001000
1025.000000,-0.047724,0.001000,0.001000,0.001000,0.001000,0.001000
1025.019231,-0.047287,0.001000,0.001000,0.001000,0.001000,0.001000
1025.038462,-0.046813,0.001000,0.001000,0.001000,0.001000,0.001000
1025.057692,-0.046302,0.001000,0.001000,0.001000,0.001000,0.001000
1025.076923,-0.045756,0.001000,0.001000,0.001000,0.001000,0.001000
1025.096154,-0.045173,0.001000,0.001000,0.001000,0.001000,0.001000
1025.115385,-0.044554,0.001000,0.001000,0.001000,0.001000,0.001000
1025.134615,-0.043901,0.001000,0.001000,0.001000,0.001000,0.001000
1025.153846,-0.043213,0.001000,0.001000,0.001000,0.001000,0.001000
1025.173077,-0.042492,0.001000,0.001000,0.001000,0.001000,0.001000
1025.192308,-0.041736,0.001000,0.001000,0.001000,0.001000,0.001000
1025.211538,-0.040949,0.001000,0.001000,0.001000,0.001000,0.001000
1025.230769,-0.040128,0.001000,0.001000,0.001000,0.001000,0.001000
1025.250000,-0.039277,0.001000,0.001000,0.001000,0.001000,0.001000
1025.269231,-0.038395,0.001000,0.001000,0.001000,0.001000,0.001000
1025.288462,-0.037482,0.001000,0.001000,0.001000,0.001000,0.001000
1025.307692,-0.036540,0.001000,0.001000,0.001000,0.001000,0.001000
1025.326923,-0.035569,0.001000,0.001000,0.001000,0.001000,0.001000
1025.346154,-0.034571,0.001000,0.001000,0.001000,0.001000,0.001000
1025.365385,-0.033545,0.001000,0.001000,0.001000,0.001000,0.001000
1025.384615,-0.032493,0.001000,0.001000,0.001000,0.001000,0.001000
1025.403846,-0.031415,0.001000,0.001000,0.001000,0.001000,0.001000
1025.423077,-0.030313,0.001000,0.001000,0.001000,0.001000,0.001000
1025.442308,-0.029187,0.001000,0.001000,0.001000,0.001000,0.001000
1025.461538,-0.028038,0.001000,0.001000,0.001000,0.001000,0.001000
1025.480769,-0.026867,0.001000,0.001000,0.001000,0.001000,0.001000
1025.500000,-0.025675,0.001000,0.001000,0.001000,0.001000,0.001000
1025.519231,-0.024463,0.001000,0.001000,0.001000,0.001000,0.001000
1025.538462,-0.023231,0.001000,0.001000,0.001000,0.001000,0.001000
1025.557692,-0.021981,0.001000,0.001000,0.001000,0.001000,0.001000
1025.576923,-0.020714,0.001000,0.001000,0.001000,0.001000,0.001000
1025.596154,-0.019431,0.001000,0.001000,0.001000,0.001000,0.001000
1025.615385,-0.018133,0.001000,0.001000,0.001000,0.001000,0.001000
1025.634615,-0.016820,0.001000,0.001000,0.001000,0.001000,0.001000
1025.653846,-0.015494,0.001000,0.001000,0.001000,0.001000,0.001000
1025.673077,-0.014156,0.001000,0.001000,0.001000,0.001000,0.001000
1025.692308,-0.012806,0.001000,0.001000,0.001000,0.001000,0.001000
1025.711538,-0.011447,0.001000,0.001000,0.001000,0.001000,0.001000
1025.730769,-0.010079,0.001000,0.001000,0.001000,0.001000,0.001000
1025.750000,-0.008703,0.001000,0.001000,0.001000,0.001000,0.001000
1025.769231,-0.007320,0.001000,0.001000,0.001000,0.001000,0.001000
1025.788462,-0.005931,0.001000,0.001000,0.001000,0.001000,0.001000
1025.807692,-0.004537,0.001000,0.001000,0.001000,0.001000,0.001000
1025.826923,-0.003140,0.001000,0.001000,0.001000,0.001000,0.001000
1025.846154,-0.001741,0.001000,0.001000,0.001000,0.001000,0.001000
1025.865385,-0.000340,0.001000,0.001000,0.001000,0.001000,0.001000
1025.884615,0.001061,0.001000,0.001000,0.001000,0.001000,0.001000
1025.903846,0.002462,0.001000,0.001000,0.001000,0.001000,0.001000
1025.923077,0.003860,0.001000,0.001000,0.001000,0.001000,0.001000
1025.942308,0.005255,0.001000,0.001000,0.001000,0.001000,0.001000
1025.961538,0.006646,0.001000,0.001000,0.001000,0.001000,0.001000
1025.980769,0.008032,0.001000,0.001000,0.001000,0.001000,0.001000
1026.000000,0.009412,0.001000,0.001000,0.001000,0.001000,0.001000
1026.019231,0.010784,0.001000,0.001000,0.001000,0.001000,0.001000
1026.038462,0.012148,0.001000,0.001000,0.001000,0.001000,0.001000
1026.057692,0.013502,0.001000,0.001000,0.001000,0.001000,0.001000
1026.076923,0.014846,0.001000,0.001000,0.001000,0.001000,0.001000
1026.096154,0.016178,0.001000,0.001000,0.001000,0.001000,0.001000
1026.115385,0.017497,0.001000,0.001000,0.001000,0.001000,0.001000
1026.134615,0.018803,0.001000,0.001000,0.001000,0.001000,0.001000
1026.153846,0.020094,0.001000,0.001000,0.001000,0.001000,0.001000
1026.173077,0.021369,0.001000,0.001000,0.001000,0.001000,0.001000
1026.192308,0.022627,0.001000,0.001000,0.001000,0.001000,0.001000
1026.211538,0.023867,0.001000,0.001000,0.001000,0.001000,0.001000
1026.230769,0.025089,0.001000,0.001000,0.001000,0.001000,0.001000
1026.250000,0.026291,0.001000,0.001000,0.001000,0.001000,0.001000
1026.269231,0.027473,0.001000,0.001000,0.001000,0.001000,0.001000
1026.288462,0.028632,0.001000,0.001000,0.001000,0.001000,0.001000
1026.307692,0.029770,0.001000,0.001000,0.001000,0.001000,0.001000
1026.326923,0.030884,0.001000,0.001000,0.001000,0.001000,0.001000
1026.346154,0.031973,0.001000,0.001000,0.001000,0.001000,0.001000
1026.365385,0.033038,0.001000,0.001000,0.001000,0.001000,0.001000
1026.384615,0.034076,0.001000,0.001000,0.001000,0.001000,0.001000
1026.403846,0.035088,0.001000,0.001000,0.001000,0.001000,0.001000
1026.423077,0.036073,0.001000,0.001000,0.001000,0.001000,0.001000
1026.442308,0.037029,0.001000,0.001000,0.001000,0.001000,0.001000
1026.461538,0.037956,0.001000,0.001000,0.001000,0.001000,0.001000
1026.480769,0.038853,0.001000,0.001000,0.001000,0.001000,0.001000
1026.500000,0.039719,0.001000,0.001000,0.001000,0.001000,0.001000
1026.519231,0.040555,0.001000,0.001000,0.001000,0.001000,0.001000
1026.538462,0.041358,0.001000,0.001000,0.001000,0.001000,0.001000
1026.557692,0.042129,0.001000,0.001000,0.001000,0.001000,0.001000
1026.576923,0.042867,0.001000,0.001000,0.001000,0.001000,0.001000
1026.596154,0.043572,0.001000,0.001000,0.001000,0.001000,0.001000
1026.615385,0.044242,0.001000,0.001000,0.001000,0.001000,0.001000
1026.634615,0.044877,0.001000,0.001000,0.001000,0.001000,0.001000
1026.653846,0.045477,0.001000,0.001000,0.001000,0.001000,0.001000
1026.673077,0.046042,0.001000,0.001000,0.001000,0.001000,0.001000
1026.692308,0.046570,0.001000,0.001000,0.001000,0.001000,0.001000
1026.711538,0.047062,0.001000,0.001000,0.001000,0.001000,0.001000
1026.730769,0.047516,0.001000,0.001000,0.001000,0.001000,0.001000
1026.750000,0.047934,0.001000,0.001000,0.001000,0.001000,0.001000
1026.769231,0.048314,0.001000,0.001000,0.001000,0.001000,0.001000
1026.788462,0.048655,0.001000,0.001000,0.001000,0.001000,0.001000
1026.807692,0.048959,0.001000,0.001000,0.001000,0.001000,0.001000
1026.826923,0.049224,0.001000,0.001000,0.001000,0.001000,0.001000
1026.846154,0.049451,0.001000,0.001000,0.001000,0.001000,0.001000
1026.865385,0.049638,0.001000,0.001000,0.001000,0.001000,0.001000
1026.884615,0.049787,0.001000,0.001000,0.001000,0.001000,0.001000
1026.903846,0.049897,0.001000,0.001000,0.001000,0.001000,0.001000
1026.923077,0.049967,0.001000,0.001000,0.001000,0.001000,0.001000
1026.942308,0.049998,0.001000,0.001000,0.001000,0.001000,0.001000
1026.961538,0.049990,0.001000,0.001000,0.001000,0.001000,0.001000
1026.980769,0.049943,0.001000,0.001000,0.001000,0.001000,0.001000
1027.000000,0.049856,0.001000,0.001000,0.001000,0.001000,0.001000
1027.019231,0.049731,0.001000,0.001000,0.001000,0.001000,0.001000
1027.038462,0.049566,0.001000,0.001000,0.001000,0.001000,0.001000
1027.057692,0.049362,0.001000,0.001000,0.001000,0.001000,0.001000
1027.076923,0.049120,0.001000,0.001000,0.001000,0.001000,0.001000
1027.096154,0.048839,0.001000,0.001000,0.001000,0.001000,0.001000
1027.115385,0.048519,0.001000,0.001000,0.001000,0.001000,0.001000
1027.134615,0.048162,0.001000,0.001000,0.001000,0.001000,0.001000
1027.153846,0.047767,0.001000,0.001000,0.001000,0.001000,0.001000
1027.173077,0.047334,0.001000,0.001000,0.001000,0.001000,0.001000
1027.192308,0.046864,0.001000,0.001000,0.001000,0.001000,0.001000
1027.211538,0.046357,0.001000,0.001000,0.001000,0.001000,0.001000
1027.230769,0.045814,0.001000,0.001000,0.001000,0.001000,0.001000
1027.250000,0.045235,0.001000,0.001000,0.001000,0.001000,0.001000
1027.269231,0.044620,0.001000,0.001000,0.001000,0.001000,0.001000
1027.288462,0.043970,0.001000,0.001000,0.001000,0.001000,0.001000
1027.307692,0.043286,0.001000,0.001000,0.001000,0.001000,0.001000
1027.326923,0.042568,0.001000,0.001000,0.001000,0.001000,0.001000
1027.346154,0.041816,0.001000,0.001000,0.001000,0.001000,0.001000
1027.365385,0.041032,0.001000,0.001000,0.001000,0.001000,0.001000
1027.384615,0.040215,0.001000,0.001000,0.001000,0.001000,0.001000
1027.403846,0.039367,0.001000,0.001000,0.001000,0.001000,0.001000
1027.423077,0.038487,0.001000,0.001000,0.001000,0.001000,0.001000
1027.442308,0.037578,0.001000,0.001000,0.001000,0.001000,0.001000
1027.461538,0.036639,0.001000,0.001000,0.001000,0.001000,0.001000
1027.480769,0.035671,0.001000,0.001000,0.001000,0.001000,0.001000
1027.500000,0.034675,0.001000,0.001000,0.001000,0.001000,0.001000
1027.519231,0.033652,0.001000,0.001000,0.001000,0.001000,0.001000
1027.538462,0.032603,0.001000,0.001000,0.001000,0.001000,0.001000
1027.557692,0.031528,0.001000,0.001000,0.001000,0.001000,0.001000
1027.576923,0.030428,0.001000,0.001000,0.001000,0.001000,0.001000
1027.596154,0.029305,0.001000,0.001000,0.001000,0.001000,0.001000
1027.615385,0.028158,0.001000,0.001000,0.001000,0.001000,0.001000
1027.634615,0.026989,0.001000,0.001000,0.001000,0.001000,0.001000
1027.653846,0.025799,0.001000,0.001000,0.001000,0.001000,0.001000
1027.673077,0.024589,0.001000,0.001000,0.001000,0.001000,0.001000
1027.692308,0.023359,0.001000,0.001000,0.001000,0.001000,0.001000
1027.711538,0.022112,0.001000,0.001000,0.001000,0.001000,0.001000
1027.730769,0.020846,0.001000,0.001000,0.001000,0.001000,0.001000
1027.750000,0.019565,0.001000,0.001000,0.001000,0.001000,0.001000
1027.769231,0.018268,0.001000,0.001000,0.001000,0.001000,0.001000
1027.788462,0.016956,0.001000,0.001000,0.001000,0.001000,0.001000
1027.807692,0.015632,0.001000,0.001000,0.001000,0.001000,0.001000
1027.826923,0.014295,0.001000,0.001000,0.001000,0.001000,0.001000
1027.846154,0.012947,0.001000,0.001000,0.001000,0.001000,0.001000
1027.865385,0.011588,0.001000,0.001000,0.001000,0.001000,0.001000
1027.884615,0.010221,0.001000,0.001000,0.001000,0.001000,0.001000
1027.903846,0.008845,0.001000,0.001000,0.001000,0.001000,0.001000
1027.923077,0.007463,0.001000,0.001000,0.001000,0.001000,0.001000
1027.942308,0.006075,0.001000,0.001000,0.001000,0.001000,0.001000
1027.961538,0.004682,0.001000,0.001000,0.001000,0.001000,0.001000
1027.980769,0.003285,0.001000,0.001000,0.001000,0.001000,0.001000
1028.000000,0.001886,0.001000,0.001000,0.001000,0.001000,0.001000
1028.019231,0.000485,0.001000,0.001000,0.001000,0.001000,0.001000
1028.038462,-0.000916,0.001000,0.001000,0.001000,0.001000,0.001000
1028.057692,-0.002317,0.001000,0.001000,0.001000,0.001000,0.001000
1028.076923,-0.003715,0.001000,0.001000,0.001000,0.001000,0.001000
1028.096154,-0.005111,0.001000,0.001000,0.001000,0.001000,0.001000
1028.115385,-0.006503,0.001000,0.001000,0.001000,0.001000,0.001000
1028.134615,-0.007889,0.001000,0.001000,0.001000,0.001000,0.001000
1028.153846,-0.009269,0.001000,0.001000,0.001000,0.001000,0.001000
1028.173077,-0.010643,0.001000,0.001000,0.001000,0.001000,0.001000
1028.192308,-0.012007,0.001000,0.001000,0.001000,0.001000,0.001000
1028.211538,-0.013363,0.001000,0.001000,0.001000,0.001000,0.001000
1028.230769,-0.014707,0.001000,0.001000,0.001000,0.001000,0.001000
1028.250000,-0.016041,0.001000,0.001000,0.001000,0.001000,0.001000
1028.269231,-0.017361,0.001000,0.001000,0.001000,0.001000,0.001000
1028.288462,-0.018668,0.001000,0.001000,0.001000,0.001000,0.001000
1028.307692,-0.019961,0.001000,0.001000,0.001000,0.001000,0.001000
1028.326923,-0.021237,0.001000,0.001000,0.001000,0.001000,0.001000
1028.346154,-0.022497,0.001000,0.001000,0.001000,0.001000,0.001000
1028.365385,-0.023740,0.001000,0.001000,0.001000,0.001000,0.001000
1028.384615,-0.024964,0.001000,0.001000,0.001000,0.001000,0.001000
1028.403846,-0.026168,0.001000,0.001000,0.001000,0.001000,0.001000
1028.423077,-0.027351,0.001000,0.001000,0.001000,0.001000,0.001000
1028.442308,-0.028513,0.001000,0.001000,0.001000,0.001000,0.001000
1028.461538,-0.029653,0.001000,0.001000,0.001000,0.001000,0.001000
1028.480769,-0.030769,0.001000,0.001000,0.001000,0.001000,0.001000
1028.500000,-0.031862,0.001000,0.001000,0.001000,0.001000,0.001000
1028.519231,-0.032929,0.001000,0.001000,0.001000,0.001000,0.001000
1028.538462,-0.033970,0.001000,0.001000,0.001000,0.001000,0.001000
1028.557692,-0.034985,0.001000,0.001000,0.001000,0.001000,0.001000
1028.576923,-0.035972,0.001000,0.001000,0.001000,0.001000,0.001000
1028.596154,-0.036931,0.001000,0.001000,0.001000,0.001000,0.001000
1028.615385,-0.037861,0.001000,0.001000,0.001000,0.001000,0.001000
1028.634615,-0.038761,0.001000,0.001000,0.001000,0.001000,0.001000
1028.653846,-0.039631,0.001000,0.001000,0.001000,0.001000,0.001000
1028.673077,-0.040470,0.001000,0.001000,0.001000,0.001000,0.001000
1028.692308,-0.041277,0.001000,0.001000,0.001000,0.001000,0.001000
1028.711538,-0.042051,0.001000,0.001000,0.001000,0.001000,0.001000
1028.730769,-0.042792,0.001000,0.001000,0.001000,0.001000,0.001000
1028.750000,-0.043500,0.001000,0.001000,0.001000,0.001000,0.001000
1028.769231,-0.044174,0.001000,0.001000,0.001000,0.001000,0.001000
1028.788462,-0.044813,0.001000,0.001000,0.001000,0.001000,0.001000
1028.807692,-0.045417,0.001000,0.001000,0.001000,0.001000,0.001000
1028.826923,-0.045985,0.001000,0.001000,0.001000,0.001000,0.001000
1028.846154,-0.046517,0.001000,0.001000,0.001000,0.001000,0.001000
1028.865385,-0.047012,0.001000,0.001000,0.001000,0.001000,0.001000
1028.884615,-0.047471,0.001000,0.001000,0.001000,0.001000,0.001000
1028.903846,-0.047892,0.001000,0.001000,0.001000,0.001000,0.001000
1028.923077,-0.048276,0.001000,0.001000,0.001000,0.001000,0.001000
1028.942308,-0.048622,0.001000,0.001000,0.001000,0.001000,0.001000
1028.961538,-0.048929,0.001000,0.001000,0.001000,0.001000,0.001000
1028.980769,-0.049198,0.001000,0.001000,0.001000,0.001000,0.001000
1029.000000,-0.049429,0.001000,0.001000,0.001000,0.001000,0.001000
1029.019231,-0.049621,0.001000,0.001000,0.001000,0.001000,0.001000
1029.038462,-0.049773,0.001000,0.001000,0.001000,0.001000,0.001000
1029.057692,-0.049887,0.001000,0.001000,0.001000,0.001000,0.001000
1029.076923,-0.049962,0.001000,0.001000,0.001000,0.001000,0.001000
1029.096154,-0.049997,0.001000,0.001000,0.001000,0.001000,0.001000
1029.115385,-0.049993,0.001000,0.001000,0.001000,0.001000,0.001000
1029.134615,-0.049950,0.001000,0.001000,0.001000,0.001000,0.001000
1029.153846,-0.049867,0.001000,0.001000,0.001000,0.001000,0.001000
1029.173077,-0.049745,0.001000,0.001000,0.001000,0.001000,0.001000
1029.192308,-0.049585,0.001000,0.001000,0.001000,0.001000,0.001000
1029.211538,-0.049385,0.001000,0.001000,0.001000,0.001000,0.001000
1029.230769,-0.049147,0.001000,0.001000,0.001000,0.001000,0.001000
1029.250000,-0.048870,0.001000,0.001000,0.001000,0.001000,0.001000
1029.269231,-0.048554,0.001000,0.001000,0.001000,0.001000,0.001000
1029.288462,-0.048201,0.001000,0.001000,0.001000,0.001000,0.001000
1029.307692,-0.047809,0.001000,0.001000,0.001000,0.001000,0.001000
1029.326923,-0.047380,0.001000,0.001000,0.001000,0.001000,0.001000
1029.346154,-0.046914,0.001000,0.001000,0.001000,0.001000,0.001000
1029.365385,-0.046411,0.001000,0.001000,0.001000,0.001000,0.001000
1029.384615,-0.045872,0.001000,0.001000,0.001000,0.001000,0.001000
1029.403846,-0.045296,0.001000,0.001000,0.001000,0.001000,0.001000
1029.423077,-0.044685,0.001000,0.001000,0.001000,0.001000,0.001000
1029.442308,-0.044039,0.001000,0.001000,0.001000,0.001000,0.001000
1029.461538,-0.043358,0.001000,0.001000,0.001000,0.001000,0.001000
1029.480769,-0.042644,0.001000,0.001000,0.001000,0.001000,0.001000
1029.500000,-0.041895,0.001000,0.001000,0.001000,0.001000,0.001000
1029.519231,-0.041114,0.001000,0.001000,0.001000,0.001000,0.001000
1029.538462,-0.040301,0.001000,0.001000,0.001000,0.001000,0.001000
1029.557692,-0.039456,0.001000,0.001000,0.001000,0.001000,0.001000
1029.576923,-0.038580,0.001000,0.001000,0.001000,0.001000,0.001000
1029.596154,-0.037673,0.001000,0.001000,0.001000,0.001000,0.001000
1029.615385,-0.036738,0.001000,0.001000,0.001000,0.001000,0.001000
1029.634615,-0.035773,0.001000,0.001000,0.001000,0.001000,0.001000
1029.653846,-0.034780,0.001000,0.001000,0.001000,0.001000,0.001000
1029.673077,-0.033760,0.001000,0.001000,0.001000,0.001000,0.001000
1029.692308,-0.032713,0.001000,0.001000,0.001000,0.001000,0.001000
1029.711538,-0.031641,0.001000,0.001000,0.001000,0.001000,0.001000
1029.730769,-0.030543,0.001000,0.001000,0.001000,0.001000,0.001000
1029.750000,-0.029422,0.001000,0.001000,0.001000,0.001000,0.001000
1029.769231,-0.028278,0.001000,0.001000,0.001000,0.001000,0.001000
1029.788462,-0.027111,0.001000,0.001000,0.001000,0.001000,0.001000
1029.807692,-0.025923,0.001000,0.001000,0.001000,0.001000,0.001000
1029.826923,-0.024715,0.001000,0.001000,0.001000,0.001000,0.001000
1029.846154,-0.023488,0.001000,0.001000,0.001000,0.001000,0.001000
1029.865385,-0.022242,0.001000,0.001000,0.001000,0.001000,0.001000
1029.884615,-0.020978,0.001000,0.001000,0.001000,0.001000,0.001000
1029.903846,-0.019698,0.001000,0.001000,0.001000,0.001000,0.001000
1029.923077,-0.018403,0.001000,0.001000,0.001000,0.001000,0.001000
1029.942308,-0.017093,0.001000,0.001000,0.001000,0.001000,0.001000
1029.961538,-0.015769,0.001000,0.001000,0.001000,0.001000,0.001000
1029.980769,-0.014434,0.001000,0.001000,0.001000,0.001000,0.001000
1030.000000,0.000000,0.001000,0.001000,0.001000,0.001000,0.001000
1030.019231,0.001408,0.001000,0.001000,0.001000,0.001000,0.001000
1030.038462,0.002814,0.001000,0.001000,0.001000,0.001000,0.001000
1030.057692,0.004219,0.001000,0.001000,0.001000,0.001000,0.001000
1030.076923,0.005620,0.001000,0.001000,0.001000,0.001000,0.001000
1030.096154,0.007016,0.001000,0.001000,0.001000,0.001000,0.001000
1030.115385,0.008407,0.001000,0.001000,0.001000,0.001000,0.001000
1030.134615,0.009792,0.001000,0.001000,0.001000,0.001000,0.001000
1030.153846,0.011168,0.001000,0.001000,0.001000,0.001000,0.001000
1030.173077,0.012536,0.001000,0.001000,0.001000,0.001000,0.001000
1030.192308,0.013894,0.001000,0.001000,0.001000,0.001000,0.001000
1030.211538,0.015241,0.001000,0.001000,0.001000,0.001000,0.001000
1030.230769,0.016576,0.001000,0.001000,0.001000,0.001000,0.001000
1030.250000,0.017897,0.001000,0.001000,0.001000,0.001000,0.001000
1030.269231,0.019204,0.001000,0.001000,0.001000,0.001000,0.001000
1030.288462,0.020497,0.001000,0.001000,0.001000,0.001000,0.001000
1030.307692,0.021773,0.001000,0.001000,0.001000,0.001000,0.001000
1030.326923,0.023031,0.001000,0.001000,0.001000,0.001000,0.001000
1030.346154,0.024272,0.001000,0.001000,0.001000,0.001000,0.001000
1030.365385,0.025493,0.001000,0.001000,0.001000,0.001000,0.001000
1030.384615,0.026694,0.001000,0.001000,0.001000,0.001000,0.001000
1030.403846,0.027873,0.001000,0.001000,0.001000,0.001000,0.001000
1030.423077,0.029031,0.001000,0.001000,0.001000,0.001000,0.001000
1030.442308,0.030166,0.001000,0.001000,0.001000,0.001000,0.001000
1030.461538,0.031276,0.001000,0.001000,0.001000,0.001000,0.001000
1030.480769,0.032362,0.001000,0.001000,0.001000,0.001000,0.001000
1030.500000,0.033423,0.001000,0.001000,0.001000,0.001000,0.001000
1030.519231,0.034456,0.001000,0.001000,0.001000,0.001000,0.001000
1030.538462,0.035463,0.001000,0.001000,0.001000,0.001000,0.001000
1030.557692,0.036441,0.001000,0.001000,0.001000,0.001000,0.001000
1030.576923,0.037391,0.001000,0.001000,0.001000,0.001000,0.001000
1030.596154,0.038310,0.001000,0.001000,0.001000,0.001000,0.001000
1030.615385,0.039200,0.001000,0.001000,0.001000,0.001000,0.001000
1030.634615,0.040058,0.001000,0.001000,0.001000,0.001000,0.001000
1030.653846,0.040885,0.001000,0.001000,0.001000,0.001000,0.001000
1030.673077,0.041679,0.001000,0.001000,0.001000,0.001000,0.001000
1030.692308,0.042440,0.001000,0.001000,0.001000,0.001000,0.001000
1030.711538,0.043167,0.001000,0.001000,0.001000,0.001000,0.001000
1030.730769,0.043861,0.001000,0.001000,0.001000,0.001000,0.001000
1030.750000,0.044519,0.001000,0.001000,0.001000,0.001000,0.001000
1030.769231,0.045142,0.001000,0.001000,0.001000,0.001000,0.001000
1030.788462,0.045730,0.001000,0.001000,0.001000,0.001000,0.001000
1030.807692,0.046281,0.001000,0.001000,0.001000,0.001000,0.001000
1030.826923,0.046795,0.001000,0.001000,0.001000,0.001000,0.001000
1030.846154,0.047273,0.001000,0.001000,0.001000,0.001000,0.001000
1030.865385,0.047712,0.001000,0.001000,0.001000,0.001000,0.001000
1030.884615,0.048114,0.001000,0.001000,0.001000,0.001000,0.001000
1030.903846,0.048478,0.001000,0.001000,0.001000,0.001000,0.001000
1030.923077,0.048804,0.001000,0.001000,0.001000,0.001000,0.001000
1030.942308,0.049091,0.001000,0.001000,0.001000,0.001000,0.001000
1030.961538,0.049338,0.001000,0.001000,0.001000,0.001000,0.001000
1030.980769,0.049547,0.001000,0.001000,0.001000,0.001000,0.001000
1031.000000,0.049716,0.001000,0.001000,0.001000,0.001000,0.001000
1031.019231,0.049846,0.001000,0.001000,0.001000,0.001000,0.001000
1031.038462,0.049937,0.001000,0.001000,0.001000,0.001000,0.001000
1031.057692,0.049988,0.001000,0.001000,0.001000,0.001000,0.001000
1031.076923,0.049999,0.001000,0.001000,0.001000,0.001000,0.001000
1031.096154,0.049971,0.001000,0.001000,0.001000,0.001000,0.001000
1031.115385,0.049903,0.001000,0.001000,0.001000,0.001000,0.001000
1031.134615,0.049795,0.001000,0.001000,0.001000,0.001000,0.001000
1031.153846,0.049648,0.001000,0.001000,0.001000,0.001000,0.001000
1031.173077,0.049462,0.001000,0.001000,0.001000,0.001000,0.001000
1031.192308,0.049236,0.001000,0.001000,0.001000,0.001000,0.001000
1031.211538,0.048971,0.001000,0.001000,0.001000,0.001000,0.001000
1031.230769,0.048668,0.001000,0.001000,0.001000,0.001000,0.001000
1031.250000,0.048326,0.001000,0.001000,0.001000,0.001000,0.001000
1031.269231,0.047945,0.001000,0.001000,0.001000,0.001000,0.001000
1031.288462,0.047527,0.001000,0.001000,0.001000,0.001000,0.001000
1031.307692,0.047071,0.001000,0.001000,0.001000,0.001000,0.001000
1031.326923,0.046577,0.001000,0.001000,0.001000,0.001000,0.001000
1031.346154,0.046047,0.001000,0.001000,0.001000,0.001000,0.001000
1031.365385,0.045480,0.001000,0.001000,0.001000,0.001000,0.001000
1031.384615,0.044877,0.001000,0.001000,0.001000,0.001000,0.001000
1031.403846,0.044239,0.001000,0.001000,0.001000,0.001000,0.001000
1031.423077,0.043565,0.001000,0.001000,0.001000,0.001000,0.001000
1031.442308,0.042857,0.001000,0.001000,0.001000,0.001000,0.001000
1031.461538,0.042115,0.001000,0.001000,0.001000,0.001000,0.001000
1031.480769,0.041340,0.001000,0.001000,0.001000,0.001000,0.001000
1031.500000,0.040531,0.001000,0.001000,0.001000,0.001000,0.001000
1031.519231,0.039691,0.001000,0.001000,0.001000,0.001000,0.001000
1031.538462,0.038819,0.001000,0.001000,0.001000,0.001000,0.001000
1031.557692,0.037916,0.001000,0.001000,0.001000,0.001000,0.001000
1031.576923,0.036984,0.001000,0.001000,0.001000,0.001000,0.001000
1031.596154,0.036022,0.001000,0.001000,0.001000,0.001000,0.001000
1031.615385,0.035031,0.001000,0.001000,0.001000,0.001000,0.001000
1031.634615,0.034013,0.001000,0.001000,0.001000,0.001000,0.001000
1031.653846,0.032967,0.001000,0.001000,0.001000,0.001000,0.001000
1031.673077,0.031896,0.001000,0.001000,0.001000,0.001000,0.001000
1031.692308,0.030799,0.001000,0.001000,0.001000,0.001000,0.001000
1031.711538,0.029678,0.001000,0.001000,0.001000,0.001000,0.001000
1031.730769,0.028533,0.001000,0.001000,0.001000,0.001000,0.001000
1031.750000,0.027366,0.001000,0.001000,0.001000,0.001000,0.001000
1031.769231,0.026177,0.001000,0.001000,0.001000,0.001000,0.001000
1031.788462,0.024967,0.001000,0.001000,0.001000,0.001000,0.001000
1031.807692,0.023738,0.001000,0.001000,0.001000,0.001000,0.001000
1031.826923,0.022489,0.001000,0.001000,0.001000,0.001000,0.001000
1031.846154,0.021223,0.001000,0.001000,0.001000,0.001000,0.001000
1031.865385,0.019940,0.001000,0.001000,0.001000,0.001000,0.001000
1031.884615,0.018641,0.001000,0.001000,0.001000,0.001000,0.001000
1031.903846,0.017327,0.001000,0.001000,0.001000,0.001000,0.001000
1031.923077,0.016000,0.001000,0.001000,0.001000,0.001000,0.001000
1031.942308,0.014660,0.001000,0.001000,0.001000,0.001000,0.001000
1031.961538,0.013308,0.001000,0.001000,0.001000,0.001000,0.001000
1031.980769,0.011946,0.001000,0.001000,0.001000,0.001000,0.001000
1032.000000,0.010574,0.001000,0.001000,0.001000,0.001000,0.001000
1032.019231,0.009194,0.001000,0.001000,0.001000,0.001000,0.001000
1032.038462,0.007807,0.001000,0.001000,0.001000,0.001000,0.001000
1032.057692,0.006413,0.001000,0.001000,0.001000,0.001000,0.001000
1032.076923,0.005015,0.001000,0.001000,0.001000,0.001000,0.001000
1032.096154,0.003612,0.001000,0.001000,0.001000,0.001000,0.001000
1032.115385,0.002206,0.001000,0.001000,0.001000,0.001000,0.001000
1032.134615,0.000799,0.001000,0.001000,0.001000,0.001000,0.001000
1032.153846,-0.000609,0.001000,0.001000,0.001000,0.001000,0.001000
1032.173077,-0.002016,0.001000,0.001000,0.001000,0.001000,0.001000
1032.192308,-0.003422,0.001000,0.001000,0.001000,0.001000,0.001000
1032.211538,-0.004825,0.001000,0.001000,0.001000,0.001000,0.001000
1032.230769,-0.006224,0.001000,0.001000,0.001000,0.001000,0.001000
1032.250000,-0.007619,0.001000,0.001000,0.001000,0.001000,0.001000
1032.269231,-0.009007,0.001000,0.001000,0.001000,0.001000,0.001000
1032.288462,-0.010388,0.001000,0.001000,0.001000,0.001000,0.001000
1032.307692,-0.011761,0.001000,0.001000,0.001000,0.001000,0.001000
1032.326923,-0.013125,0.001000,0.001000,0.001000,0.001000,0.001000
1032.346154,-0.014478,0.001000,0.001000,0.001000,0.001000,0.001000
1032.365385,-0.015819,0.001000,0.001000,0.001000,0.001000,0.001000
1032.384615,-0.017149,0.001000,0.001000,0.001000,0.001000,0.001000
1032.403846,-0.018464,0.001000,0.001000,0.001000,0.001000,0.001000
1032.423077,-0.019765,0.001000,0.001000,0.001000,0.001000,0.001000
1032.442308,-0.021050,0.001000,0.001000,0.001000,0.001000,0.001000
1032.461538,-0.022319,0.001000,0.001000,0.001000,0.001000,0.001000
1032.480769,-0.023570,0.001000,0.001000,0.001000,0.001000,0.001000
1032.500000,-0.024802,0.001000,0.001000,0.001000,0.001000,0.001000
1032.519231,-0.026014,0.001000,0.001000,0.001000,0.001000,0.001000
1032.538462,-0.027206,0.001000,0.001000,0.001000,0.001000,0.001000
1032.557692,-0.028377,0.001000,0.001000,0.001000,0.001000,0.001000
1032.576923,-0.029524,0.001000,0.001000,0.001000,0.001000,0.001000
1032.596154,-0.030649,0.001000,0.001000,0.001000,0.001000,0.001000
1032.615385,-0.031749,0.001000,0.001000,0.001000,0.001000,0.001000
1032.634615,-0.032824,0.001000,0.001000,0.001000,0.001000,0.001000
1032.653846,-0.033873,0.001000,0.001000,0.001000,0.001000,0.001000
1032.673077,-0.034895,0.001000,0.001000,0.001000,0.001000,0.001000
1032.692308,-0.035889,0.001000,0.001000,0.001000,0.001000,0.001000
1032.711538,-0.036855,0.001000,0.001000,0.001000,0.001000,0.001000
1032.730769,-0.037792,0.001000,0.001000,0.001000,0.001000,0.001000
1032.750000,-0.038699,0.001000,0.001000,0.001000,0.001000,0.001000
1032.769231,-0.039575,0.001000,0.001000,0.001000,0.001000,0.001000
1032.788462,-0.040419,0.001000,0.001000,0.001000,0.001000,0.001000
1032.807692,-0.041232,0.001000,0.001000,0.001000,0.001000,0.001000
1032.826923,-0.042012,0.001000,0.001000,0.001000,0.001000,0.001000
1032.846154,-0.042759,0.001000,0.001000,0.001000,0.001000,0.001000
1032.865385,-0.043471,0.001000,0.001000,0.001000,0.001000,0.001000
1032.884615,-0.044150,0.001000,0.001000,0.001000,0.001000,0.001000
1032.903846,-0.044793,0.001000,0.001000,0.001000,0.001000,0.001000
1032.923077,-0.045401,0.001000,0.001000,0.001000,0.001000,0.001000
1032.942308,-0.045973,0.001000,0.001000,0.001000,0.001000,0.001000
1032.961538,-0.046508,0.001000,0.001000,0.001000,0.001000,0.001000
1032.980769,-0.047006,0.001000,0.001000,0.001000,0.001000,0.001000
1033.000000,-0.047467,0.001000,0.001000,0.001000,0.001000,0.001000
1033.019231,-0.047891,0.001000,0.001000,0.001000,0.001000,0.001000
1033.038462,-0.048277,0.001000,0.001000,0.001000,0.001000,0.001000
1033.057692,-0.048624,0.001000,0.001000,0.001000,0.001000,0.001000
1033.076923,-0.048933,0.001000,0.001000,0.001000,0.001000,0.001000
1033.096154,-0.049202,0.001000,0.001000,0.001000,0.001000,0.001000
1033.115385,-0.049433,0.001000,0.001000,0.001000,0.001000,0.001000
1033.134615,-0.049625,0.001000,0.001000,0.001000,0.001000,0.001000
1033.153846,-0.049778,0.001000,0.001000,0.001000,0.001000,0.001000
1033.173077,-0.049890,0.001000,0.001000,0.001000,0.001000,0.001000
1033.192308,-0.049964,0.001000,0.001000,0.001000,0.001000,0.001000
1033.211538,-0.049998,0.001000,0.001000,0.001000,0.001000,0.001000
1033.230769,-0.049992,0.001000,0.001000,0.001000,0.001000,0.001000
1033.250000,-0.049946,0.001000,0.001000,0.001000,0.001000,0.001000
1033.269231,-0.049861,0.001000,0.001000,0.001000,0.001000,0.001000
1033.288462,-0.049736,0.001000,0.001000,0.001000,0.001000,0.001000
1033.307692,-0.049572,0.001000,0.001000,0.001000,0.001000,0.001000
1033.326923,-0.049369,0.001000,0.001000,0.001000,0.001000,0.001000
1033.346154,-0.049126,0.001000,0.001000,0.001000,0.001000,0.001000
1033.365385,-0.048845,0.001000,0.001000,0.001000,0.001000,0.001000
1033.384615,-0.048525,0.001000,0.001000,0.001000,0.001000,0.001000
1033.403846,-0.048166,0.001000,0.001000,0.001000,0.001000,0.001000
1033.423077,-0.047769,0.001000,0.001000,0.001000,0.001000,0.001000
1033.442308,-0.047334,0.001000,0.001000,0.001000,0.001000,0.001000
1033.461538,-0.046862,0.001000,0.001000,0.001000,0.001000,0.001000
1033.480769,-0.046353,0.001000,0.001000,0.001000,0.001000,0.001000
1033.500000,-0.045806,0.001000,0.001000,0.001000,0.001000,0.001000
1033.519231,-0.045224,0.001000,0.001000,0.001000,0.001000,0.001000
1033.538462,-0.044606,0.001000,0.001000,0.001000,0.001000,0.001000
1033.557692,-0.043952,0.001000,0.001000,0.001000,0.001000,0.001000
1033.576923,-0.043263,0.001000,0.001000,0.001000,0.001000,0.001000
1033.596154,-0.042540,0.001000,0.001000,0.001000,0.001000,0.001000
1033.615385,-0.041784,0.001000,0.001000,0.001000,0.001000,0.001000
1033.634615,-0.040994,0.001000,0.001000,0.001000,0.001000,0.001000
1033.653846,-0.040172,0.001000,0.001000,0.001000,0.001000,0.001000
1033.673077,-0.039318,0.001000,0.001000,0.001000,0.001000,0.001000
1033.692308,-0.038432,0.001000,0.001000,0.001000,0.001000,0.001000
1033.711538,-0.037517,0.001000,0.001000,0.001000,0.001000,0.001000
1033.730769,-0.036571,0.001000,0.001000,0.001000,0.001000,0.001000
1033.750000,-0.035597,0.001000,0.001000,0.001000,0.001000,0.001000
1033.769231,-0.034594,0.001000,0.001000,0.001000,0.001000,0.001000
1033.788462,-0.033564,0.001000,0.001000,0.001000,0.001000,0.001000
1033.807692,-0.032507,0.001000,0.001000,0.001000,0.001000,0.001000
1033.826923,-0.031425,0.001000,0.001000,0.001000,0.001000,0.001000
1033.846154,-0.030317,0.001000,0.001000,0.001000,0.001000,0.001000
1033.865385,-0.029186,0.001000,0.001000,0.001000,0.001000,0.001000
1033.884615,-0.028031,0.001000,0.001000,0.001000,0.001000,0.001000
1033.903846,-0.026854,0.001000,0.001000,0.001000,0.001000,0.001000
1033.923077,-0.025656,0.001000,0.001000,0.001000,0.001000,0.001000
1033.942308,-0.024438,0.001000,0.001000,0.001000,0.001000,0.001000
1033.961538,-0.023200,0.001000,0.001000,0.001000,0.001000,0.001000
1033.980769,-0.021944,0.001000,0.001000,0.001000,0.001000,0.001000
1034.000000,-0.020670,0.001000,0.001000,0.001000,0.001000,0.001000
1034.019231,-0.019380,0.001000,0.001000,0.001000,0.001000,0.001000
1034.038462,-0.018075,0.001000,0.001000,0.001000,0.001000,0.001000
1034.057692,-0.016755,0.001000,0.001000,0.001000,0.001000,0.001000
1034.076923,-0.015422,0.001000,0.001000,0.001000,0.001000,0.001000
1034.096154,-0.014077,0.001000,0.001000,0.001000,0.001000,0.001000
1034.115385,-0.012720,0.001000,0.001000,0.001000,0.001000,0.001000
1034.134615,-0.011354,0.001000,0.001000,0.001000,0.001000,0.001000
1034.153846,-0.009978,0.001000,0.001000,0.001000,0.001000,0.001000
1034.173077,-0.008595,0.001000,0.001000,0.001000,0.001000,0.001000
1034.192308,-0.007205,0.001000,0.001000,0.001000,0.001000,0.001000
1034.211538,-0.005809,0.001000,0.001000,0.001000,0.001000,0.001000
1034.230769,-0.004408,0.001000,0.001000,0.001000,0.001000,0.001000
1034.250000,-0.003004,0.001000,0.001000,0.001000,0.001000,0.001000
1034.269231,-0.001598,0.001000,0.001000,0.001000,0.001000,0.001000
1034.288462,-0.000190,0.001000,0.001000,0.001000,0.001000,0.001000
1034.307692,0.001217,0.001000,0.001000,0.001000,0.001000,0.001000
1034.326923,0.002624,0.001000,0.001000,0.001000,0.001000,0.001000
1034.346154,0.004029,0.001000,0.001000,0.001000,0.001000,0.001000
1034.365385,0.005431,0.001000,0.001000,0.001000,0.001000,0.001000
1034.384615,0.006828,0.001000,0.001000,0.001000,0.001000,0.001000
1034.403846,0.008220,0.001000,0.001000,0.001000,0.001000,0.001000
1034.423077,0.009605,0.001000,0.001000,0.001000,0.001000,0.001000
1034.442308,0.010983,0.001000,0.001000,0.001000,0.001000,0.001000
1034.461538,0.012352,0.001000,0.001000,0.001000,0.001000,0.001000
1034.480769,0.013711,0.001000,0.001000,0.001000,0.001000,0.001000
1034.500000,0.015059,0.001000,0.001000,0.001000,0.001000,0.001000
1034.519231,0.016396,0.001000,0.001000,0.001000,0.001000,0.001000
1034.538462,0.017719,0.001000,0.001000,0.001000,0.001000,0.001000
1034.557692,0.019029,0.001000,0.001000,0.001000,0.001000,0.001000
1034.576923,0.020323,0.001000,0.001000,0.001000,0.001000,0.001000
1034.596154,0.021601,0.001000,0.001000,0.001000,0.001000,0.001000
1034.615385,0.022862,0.001000,0.001000,0.001000,0.001000,0.001000
1034.634615,0.024105,0.001000,0.001000,0.001000,0.001000,0.001000
1034.653846,0.025329,0.001000,0.001000,0.001000,0.001000,0.001000
1034.673077,0.026532,0.001000,0.001000,0.001000,0.001000,0.001000
1034.692308,0.027715,0.001000,0.001000,0.001000,0.001000,0.001000
1034.711538,0.028876,0.001000,0.001000,0.001000,0.001000,0.001000
1034.730769,0.030014,0.001000,0.001000,0.001000,0.001000,0.001000
1034.750000,0.031128,0.001000,0.001000,0.001000,0.001000,0.001000
1034.769231,0.032217,0.001000,0.001000,0.001000,0.001000,0.001000
1034.788462,0.033281,0.001000,0.001000,0.001000,0.001000,0.001000
1034.807692,0.034318,0.001000,0.001000,0.001000,0.001000,0.001000
1034.826923,0.035328,0.001000,0.001000,0.001000,0.001000,0.001000
1034.846154,0.036310,0.001000,0.001000,0.001000,0.001000,0.001000
1034.865385,0.037264,0.001000,0.001000,0.001000,0.001000,0.001000
1034.884615,0.038188,0.001000,0.001000,0.001000,0.001000,0.001000
1034.903846,0.039081,0.001000,0.001000,0.001000,0.001000,0.001000
1034.923077,0.039944,0.001000,0.001000,0.001000,0.001000,0.001000
1034.942308,0.040775,0.001000,0.001000,0.001000,0.001000,0.001000
1034.961538,0.041573,0.001000,0.001000,0.001000,0.001000,0.001000
1034.980769,0.042339,0.001000,0.001000,0.001000,0.001000,0.001000
1035.000000,0.043071,0.001000,0.001000,0.001000,0.001000,0.001000
1035.019231,0.043769,0.001000,0.001000,0.001000,0.001000,0.001000
1035.038462,0.044432,0.001000,0.001000,0.001000,0.001000,0.001000
1035.057692,0.045060,0.001000,0.001000,0.001000,0.001000,0.001000
1035.076923,0.045652,0.001000,0.001000,0.001000,0.001000,0.001000
1035.096154,0.046208,0.001000,0.001000,0.001000,0.001000,0.001000
1035.115385,0.046728,0.001000,0.001000,0.001000,0.001000,0.001000
1035.134615,0.047210,0.001000,0.001000,0.001000,0.001000,0.001000
1035.153846,0.047655,0.001000,0.001000,0.001000,0.001000,0.001000
1035.173077,0.048062,0.001000,0.001000,0.001000,0.001000,0.001000
1035.192308,0.048431,0.001000,0.001000,0.001000,0.001000,0.001000
1035.211538,0.048762,0.001000,0.001000,0.001000,0.001000,0.001000
1035.230769,0.049054,0.001000,0.001000,0.001000,0.001000,0.001000
1035.250000,0.049307,0.001000,0.001000,0.001000,0.001000,0.001000
1035.269231,0.049521,0.001000,0.001000,0.001000,0.001000,0.001000
1035.288462,0.049696,0.001000,0.001000,0.001000,0.001000,0.001000
1035.307692,0.049831,0.001000,0.001000,0.001000,0.001000,0.001000
1035.326923,0.049927,0.001000,0.001000,0.001000,0.001000,0.001000
1035.346154,0.049983,0.001000,0.001000,0.001000,0.001000,0.001000
1035.365385,0.050000,0.001000,0.001000,0.001000,0.001000,0.001000
1035.384615,0.049977,0.001000,0.001000,0.001000,0.001000,0.001000
1035.403846,0.049914,0.001000,0.001000,0.001000,0.001000,0.001000
1035.423077,0.049812,0.001000,0.001000,0.001000,0.001000,0.001000
1035.442308,0.049670,0.001000,0.001000,0.001000,0.001000,0.001000
1035.461538,0.049489,0.001000,0.001000,0.001000,0.001000,0.001000
1035.480769,0.049269,0.001000,0.001000,0.001000,0.001000,0.001000
1035.500000,0.049009,0.001000,0.001000,0.001000,0.001000,0.001000
1035.519231,0.048711,0.001000,0.001000,0.001000,0.001000,0.001000
1035.538462,0.048374,0.001000,0.001000,0.001000,0.001000,0.001000
1035.557692,0.047999,0.001000,0.001000,0.001000,0.001000,0.001000
1035.576923,0.047586,0.001000,0.001000,0.001000,0.001000,0.001000
1035.596154,0.047135,0.001000,0.001000,0.001000,0.001000,0.001000
1035.615385,0.046646,0.001000,0.001000,0.001000,0.001000,0.001000
1035.634615,0.046121,0.001000,0.001000,0.001000,0.001000,0.001000
1035.653846,0.045559,0.001000,0.001000,0.001000,0.001000,0.001000
1035.673077,0.044961,0.001000,0.001000,0.001000,0.001000,0.001000
1035.692308,0.044327,0.001000,0.001000,0.001000,0.001000,0.001000
1035.711538,0.043658,0.001000,0.001000,0.001000,0.001000,0.001000
1035.730769,0.042955,0.001000,0.001000,0.001000,0.001000,0.001000
1035.750000,0.042217,0.001000,0.001000,0.001000,0.001000,0.001000
1035.769231,0.041446,0.001000,0.001000,0.001000,0.001000,0.001000
1035.788462,0.040642,0.001000,0.001000,0.001000,0.001000,0.001000
1035.807692,0.039806,0.001000,0.001000,0.001000,0.001000,0.001000
1035.826923,0.038939,0.001000,0.001000,0.001000,0.001000,0.001000
1035.846154,0.038040,0.001000,0.001000,0.001000,0.001000,0.001000
1035.865385,0.037111,0.001000,0.001000,0.001000,0.001000,0.001000
1035.884615,0.036153,0.001000,0.001000,0.001000,0.001000,0.001000
1035.903846,0.035167,0.001000,0.001000,0.001000,0.001000,0.001000
1035.923077,0.034152,0.001000,0.001000,0.001000,0.001000,0.001000
1035.942308,0.033110,0.001000,0.001000,0.001000,0.001000,0.001000
1035.961538,0.032042,0.001000,0.001000,0.001000,0.001000,0.001000
1035.980769,0.030949,0.001000,0.001000,0.001000,0.001000,0.001000
1036.000000,0.029831,0.001000,0.001000,0.001000,0.001000,0.001000
1036.019231,0.028689,0.001000,0.001000,0.001000,0.001000,0.001000
1036.038462,0.027525,0.001000,0.001000,0.001000,0.001000,0.001000
1036.057692,0.026339,0.001000,0.001000,0.001000,0.001000,0.001000
1036.076923,0.025132,0.001000,0.001000,0.001000,0.001000,0.001000
1036.096154,0.023905,0.001000,0.001000,0.001000,0.001000,0.001000
1036.115385,0.022659,0.001000,0.001000,0.001000,0.001000,0.001000
1036.134615,0.021395,0.001000,0.001000,0.001000,0.001000,0.001000
1036.153846,0.020114,0.001000,0.001000,0.001000,0.001000,0.001000
1036.173077,0.018817,0.001000,0.001000,0.001000,0.001000,0.001000
1036.192308,0.017506,0.001000,0.001000,0.001000,0.001000,0.001000
1036.211538,0.016180,0.001000,0.001000,0.001000,0.001000,0.001000
1036.230769,0.014842,0.001000,0.001000,0.001000,0.001000,0.001000
1036.250000,0.013492,0.001000,0.001000,0.001000,0.001000,0.001000
1036.269231,0.012131,0.001000,0.001000,0.001000,0.001000,0.001000
1036.288462,0.010760,0.001000,0.001000,0.001000,0.001000,0.001000
1036.307692,0.009381,0.001000,0.001000,0.001000,0.001000,0.001000
1036.326923,0.007995,0.001000,0.001000,0.001000,0.001000,0.001000
1036.346154,0.006602,0.001000,0.001000,0.001000,0.001000,0.001000
1036.365385,0.005204,0.001000,0.001000,0.001000,0.001000,0.001000
1036.384615,0.003802,0.001000,0.001000,0.001000,0.001000,0.001000
1036.403846,0.002397,0.001000,0.001000,0.001000,0.001000,0.001000
1036.423077,0.000989,0.001000,0.001000,0.001000,0.001000,0.001000
1036.442308,-0.000418,0.001000,0.001000,0.001000,0.001000,0.001000
1036.461538,-0.001826,0.001000,0.001000,0.001000,0.001000,0.001000
1036.480769,-0.003232,0.001000,0.001000,0.001000,0.001000,0.001000
1036.500000,-0.004636,0.001000,0.001000,0.001000,0.001000,0.001000
1036.519231,-0.006035,0.001000,0.001000,0.001000,0.001000,0.001000
1036.538462,-0.007430,0.001000,0.001000,0.001000,0.001000,0.001000
1036.557692,-0.008820,0.001000,0.001000,0.001000,0.001000,0.001000
1036.576923,-0.010202,0.001000,0.001000,0.001000,0.001000,0.001000
1036.596154,-0.011576,0.001000,0.001000,0.001000,0.001000,0.001000
1036.615385,-0.012941,0.001000,0.001000,0.001000,0.001000,0.001000
1036.634615,-0.014295,0.001000,0.001000,0.001000,0.001000,0.001000
1036.653846,-0.015639,0.001000,0.001000,0.001000,0.001000,0.001000
1036.673077,-0.016970,0.001000,0.001000,0.001000,0.001000,0.001000
1036.692308,-0.018287,0.001000,0.001000,0.001000,0.001000,0.001000
1036.711538,-0.019590,0.001000,0.001000,0.001000,0.001000,0.001000
1036.730769,-0.020877,0.001000,0.001000,0.001000,0.001000,0.001000
1036.750000,-0.022148,0.001000,0.001000,0.001000,0.001000,0.001000
1036.769231,-0.023402,0.001000,0.001000,0.001000,0.001000,0.001000
1036.788462,-0.024636,0.001000,0.001000,0.001000,0.001000,0.001000
1036.807692,-0.025852,0.001000,0.001000,0.001000,0.001000,0.001000
1036.826923,-0.027046,0.001000,0.001000,0.001000,0.001000,0.001000
1036.846154,-0.028220,0.001000,0.001000,0.001000,0.001000,0.001000
1036.865385,-0.029371,0.001000,0.001000,0.001000,0.001000,0.001000
1036.884615,-0.030498,0.001000,0.001000,0.001000,0.001000,0.001000
1036.903846,-0.031602,0.001000,0.001000,0.001000,0.001000,0.001000
1036.923077,-0.032680,0.001000,0.001000,0.001000,0.001000,0.001000
1036.942308,-0.033733,0.001000,0.001000,0.001000,0.001000,0.001000
1036.961538,-0.034758,0.001000,0.001000,0.001000,0.001000,0.001000
1036.980769,-0.035756,0.001000,0.001000,0.001000,0.001000,0.001000
1037.000000,-0.036726,0.001000,0.001000,0.001000,0.001000,0.001000
1037.019231,-0.037667,0.001000,0.001000,0.001000,0.001000,0.001000
1037.038462,-0.038578,0.001000,0.001000,0.001000,0.001000,0.001000
1037.057692,-0.039458,0.001000,0.001000,0.001000,0.001000,0.001000
1037.076923,-0.040307,0.001000,0.001000,0.001000,0.001000,0.001000
1037.096154,-0.041124,0.001000,0.001000,0.001000,0.001000,0.001000
1037.115385,-0.041909,0.001000,0.001000,0.001000,0.001000,0.001000
1037.134615,-0.042660,0.001000,0.001000,0.001000,0.001000,0.001000
1037.153846,-0.043377,0.001000,0.001000,0.001000,0.001000,0.001000
1037.173077,-0.044060,0.001000,0.001000,0.001000,0.001000,0.001000
1037.192308,-0.044708,0.001000,0.001000,0.001000,0.001000,0.001000
1037.211538,-0.045321,0.001000,0.001000,0.001000,0.001000,0.001000
1037.230769,-0.045897,0.001000,0.001000,0.001000,0.001000,0.001000
1037.250000,-0.046438,0.001000,0.001000,0.001000,0.001000,0.001000
1037.269231,-0.046941,0.001000,0.001000,0.001000,0.001000,0.001000
1037.288462,-0.047407,0.001000,0.001000,0.001000,0.001000,0.001000
1037.307692,-0.047836,0.001000,0.001000,0.001000,0.001000,0.001000
1037.326923,-0.048227,0.001000,0.001000,0.001000,0.001000,0.001000
1037.346154,-0.048579,0.001000,0.001000,0.001000,0.001000,0.001000
1037.365385,-0.048893,0.001000,0.001000,0.001000,0.001000,0.001000
1037.384615,-0.049168,0.001000,0.001000,0.001000,0.001000,0.001000
1037.403846,-0.049404,0.001000,0.001000,0.001000,0.001000,0.001000
1037.423077,-0.049601,0.001000,0.001000,0.001000,0.001000,0.001000
1037.442308,-0.049759,0.001000,0.001000,0.001000,0.001000,0.001000
1037.461538,-0.049877,0.001000,0.001000,0.001000,0.001000,0.001000
1037.480769,-0.049956,0.001000,0.001000,0.001000,0.001000,0.001000
1037.500000,-0.049995,0.001000,0.001000,0.001000,0.001000,0.001000
1037.519231,-0.049995,0.001000,0.001000,0.001000,0.001000,0.001000
1037.538462,-0.049955,0.001000,0.001000,0.001000,0.001000,0.001000
1037.557692,-0.049875,0.001000,0.001000,0.001000,0.001000,0.001000
1037.576923,-0.049756,0.001000,0.001000,0.001000,0.001000,0.001000
1037.596154,-0.049597,0.001000,0.001000,0.001000,0.001000,0.001000
1037.615385,-0.049399,0.001000,0.001000,0.001000,0.001000,0.001000
1037.634615,-0.049161,0.001000,0.001000,0.001000,0.001000,0.001000
1037.653846,-0.048885,0.001000,0.001000,0.001000,0.001000,0.001000
1037.673077,-0.048570,0.001000,0.001000,0.001000,0.001000,0.001000
1037.692308,-0.048217,0.001000,0.001000,0.001000,0.001000,0.001000
1037.711538,-0.047825,0.001000,0.001000,0.001000,0.001000,0.001000
1037.730769,-0.047395,0.001000,0.001000,0.001000,0.001000,0.001000
1037.750000,-0.046928,0.001000,0.001000,0.001000,0.001000,0.001000
1037.769231,-0.046424,0.001000,0.001000,0.001000,0.001000,0.001000
1037.788462,-0.045882,0.001000,0.001000,0.001000,0.001000,0.001000
1037.807692,-0.045305,0.001000,0.001000,0.001000,0.001000,0.001000
1037.826923,-0.044691,0.001000,0.001000,0.001000,0.001000,0.001000
1037.846154,-0.044042,0.001000,0.001000,0.001000,0.001000,0.001000
1037.865385,-0.043358,0.001000,0.001000,0.001000,0.001000,0.001000
1037.884615,-0.042640,0.001000,0.001000,0.001000,0.001000,0.001000
1037.903846,-0.041888,0.001000,0.001000,0.001000,0.001000,0.001000
1037.923077,-0.041103,0.001000,0.001000,0.001000,0.001000,0.001000
1037.942308,-0.040285,0.001000,0.001000,0.001000,0.001000,0.001000
1037.961538,-0.039435,0.001000,0.001000,0.001000,0.001000,0.001000
1037.980769,-0.038554,0.001000,0.001000,0.001000,0.001000,0.001000
1038.000000,-0.037642,0.001000,0.001000,0.001000,0.001000,0.001000
1038.019231,-0.036701,0.001000,0.001000,0.001000,0.001000,0.001000
1038.038462,-0.035730,0.001000,0.001000,0.001000,0.001000,0.001000
1038.057692,-0.034731,0.001000,0.001000,0.001000,0.001000,0.001000
1038.076923,-0.033705,0.001000,0.001000,0.001000,0.001000,0.001000
1038.096154,-0.032652,0.001000,0.001000,0.001000,0.001000,0.001000
1038.115385,-0.031573,0.001000,0.001000,0.001000,0.001000,0.001000
1038.134615,-0.030468,0.001000,0.001000,0.001000,0.001000,0.001000
1038.153846,-0.029340,0.001000,0.001000,0.001000,0.001000,0.001000
1038.173077,-0.028189,0.001000,0.001000,0.001000,0.001000,0.001000
1038.192308,-0.027015,0.001000,0.001000,0.001000,0.001000,0.001000
1038.211538,-0.025819,0.001000,0.001000,0.001000,0.001000,0.001000
1038.230769,-0.024604,0.001000,0.001000,0.001000,0.001000,0.001000
1038.250000,-0.023368,0.001000,0.001000,0.001000,0.001000,0.001000
1038.269231,-0.022115,0.001000,0.001000,0.001000,0.001000,0.001000
1038.288462,-0.020843,0.001000,0.001000,0.001000,0.001000,0.001000
1038.307692,-0.019555,0.001000,0.001000,0.001000,0.001000,0.001000
1038.326923,-0.018252,0.001000,0.001000,0.001000,0.001000,0.001000
1038.346154,-0.016934,0.001000,0.001000,0.001000,0.001000,0.001000
1038.365385,-0.015603,0.001000,0.001000,0.001000,0.001000,0.001000
1038.384615,-0.014259,0.001000,0.001000,0.001000,0.001000,0.001000
1038.403846,-0.012904,0.001000,0.001000,0.001000,0.001000,0.001000
1038.423077,-0.011539,0.001000,0.001000,0.001000,0.001000,0.001000
1038.442308,-0.010165,0.001000,0.001000,0.001000,0.001000,0.001000
1038.461538,-0.008783,0.001000,0.001000,0.001000,0.001000,0.001000
1038.480769,-0.007393,0.001000,0.001000,0.001000,0.001000,0.001000
1038.500000,-0.005998,0.001000,0.001000,0.001000,0.001000,0.001000
1038.519231,-0.004598,0.001000,0.001000,0.001000,0.001000,0.001000
1038.538462,-0.003194,0.001000,0.001000,0.001000,0.001000,0.001000
1038.557692,-0.001788,0.001000,0.001000,0.001000,0.001000,0.001000
1038.576923,-0.000381,0.001000,0.001000,0.001000,0.001000,0.001000
1038.596154,0.001027,0.001000,0.001000,0.001000,0.001000,0.001000
1038.615385,0.002434,0.001000,0.001000,0.001000,0.001000,0.001000
1038.634615,0.003839,0.001000,0.001000,0.001000,0.001000,0.001000
1038.653846,0.005241,0.001000,0.001000,0.001000,0.001000,0.001000
1038.673077,0.006639,0.001000,0.001000,0.001000,0.001000,0.001000
1038.692308,0.008032,0.001000,0.001000,0.001000,0.001000,0.001000
1038.711538,0.009418,0.001000,0.001000,0.001000,0.001000,0.001000
1038.730769,0.010797,0.001000,0.001000,0.001000,0.001000,0.001000
1038.750000,0.012167,0.001000,0.001000,0.001000,0.001000,0.001000
1038.769231,0.013528,0.001000,0.001000,0.001000,0.001000,0.001000
1038.788462,0.014878,0.001000,0.001000,0.001000,0.001000,0.001000
1038.807692,0.016216,0.001000,0.001000,0.001000,0.001000,0.001000
1038.826923,0.017541,0.001000,0.001000,0.001000,0.001000,0.001000
1038.846154,0.018852,0.001000,0.001000,0.001000,0.001000,0.001000
1038.865385,0.020149,0.001000,0.001000,0.001000,0.001000,0.001000
1038.884615,0.021429,0.001000,0.001000,0.001000,0.001000,0.001000
1038.903846,0.022693,0.001000,0.001000,0.001000,0.001000,0.001000
1038.923077,0.023938,0.001000,0.001000,0.001000,0.001000,0.001000
1038.942308,0.025164,0.001000,0.001000,0.001000,0.001000,0.001000
1038.961538,0.026371,0.001000,0.001000,0.001000,0.001000,0.001000
1038.980769,0.027556,0.001000,0.001000,0.001000,0.001000,0.001000
1039.000000,0.028720,0.001000,0.001000,0.001000,0.001000,0.001000
1039.019231,0.029861,0.001000,0.001000,0.001000,0.001000,0.001000
1039.038462,0.030978,0.001000,0.001000,0.001000,0.001000,0.001000
1039.057692,0.032071,0.001000,0.001000,0.001000,0.001000,0.001000
1039.076923,0.033138,0.001000,0.001000,0.001000,0.001000,0.001000
1039.096154,0.034179,0.001000,0.001000,0.001000,0.001000,0.001000
1039.115385,0.035193,0.001000,0.001000,0.001000,0.001000,0.001000
1039.134615,0.036179,0.001000,0.001000,0.001000,0.001000,0.001000
1039.153846,0.037137,0.001000,0.001000,0.001000,0.001000,0.001000
1039.173077,0.038065,0.001000,0.001000,0.001000,0.001000,0.001000
1039.192308,0.038962,0.001000,0.001000,0.001000,0.001000,0.001000
1039.211538,0.039829,0.001000,0.001000,0.001000,0.001000,0.001000
1039.230769,0.040664,0.001000,0.001000,0.001000,0.001000,0.001000
1039.250000,0.041467,0.001000,0.001000,0.001000,0.001000,0.001000
1039.269231,0.042237,0.001000,0.001000,0.001000,0.001000,0.001000
1039.288462,0.042974,0.001000,0.001000,0.001000,0.001000,0.001000
1039.307692,0.043677,0.001000,0.001000,0.001000,0.001000,0.001000
1039.326923,0.044345,0.001000,0.001000,0.001000,0.001000,0.001000
1039.346154,0.044977,0.001000,0.001000,0.001000,0.001000,0.001000
1039.365385,0.045574,0.001000,0.001000,0.001000,0.001000,0.001000
1039.384615,0.046135,0.001000,0.001000,0.001000,0.001000,0.001000
1039.403846,0.046660,0.001000,0.001000,0.001000,0.001000,0.001000
1039.423077,0.047147,0.001000,0.001000,0.001000,0.001000,0.001000
1039.442308,0.047597,0.001000,0.001000,0.001000,0.001000,0.001000
1039.461538,0.048010,0.001000,0.001000,0.001000,0.001000,0.001000
1039.480769,0.048384,0.001000,0.001000,0.001000,0.001000,0.001000
1039.500000,0.048720,0.001000,0.001000,0.001000,0.001000,0.001000
1039.519231,0.049017,0.001000,0.001000,0.001000,0.001000,0.001000
1039.538462,0.049275,0.001000,0.001000,0.001000,0.001000,0.001000
1039.557692,0.049494,0.001000,0.001000,0.001000,0.001000,0.001000
1039.576923,0.049675,0.001000,0.001000,0.001000,0.001000,0.001000
1039.596154,0.049815,0.001000,0.001000,0.001000,0.001000,0.001000
1039.615385,0.049916,0.001000,0.001000,0.001000,0.001000,0.001000
1039.634615,0.049978,0.001000,0.001000,0.001000,0.001000,0.001000
1039.653846,0.050000,0.001000,0.001000,0.001000,0.001000,0.001000
1039.673077,0.049982,0.001000,0.001000,0.001000,0.001000,0.001000
1039.692308,0.049925,0.001000,0.001000,0.001000,0.001000,0.001000
1039.711538,0.049828,0.001000,0.001000,0.001000,0.001000,0.001000
1039.730769,0.049692,0.001000,0.001000,0.001000,0.001000,0.001000
1039.750000,0.049516,0.001000,0.001000,0.001000,0.001000,0.001000
1039.769231,0.049301,0.001000,0.001000,0.001000,0.001000,0.001000
1039.788462,0.049047,0.001000,0.001000,0.001000,0.001000,0.001000
1039.807692,0.048754,0.001000,0.001000,0.001000,0.001000,0.001000
1039.826923,0.048422,0.001000,0.001000,0.001000,0.001000,0.001000
1039.846154,0.048052,0.001000,0.001000,0.001000,0.001000,0.001000
1039.865385,0.047644,0.001000,0.001000,0.001000,0.001000,0.001000
1039.884615,0.047198,0.001000,0.001000,0.001000,0.001000,0.001000
1039.903846,0.046714,0.001000,0.001000,0.001000,0.001000,0.001000
1039.923077,0.046194,0.001000,0.001000,0.001000,0.001000,0.001000
1039.942308,0.045637,0.001000,0.001000,0.001000,0.001000,0.001000
1039.961538,0.045044,0.001000,0.001000,0.001000,0.001000,0.001000
1039.980769,0.044415,0.001000,0.001000,0.001000,0.001000,0.001000
1040.000000,0.043751,0.001000,0.001000,0.001000,0.001000,0.001000
1040.019231,0.043052,0.001000,0.001000,0.001000,0.001000,0.001000
1040.038462,0.042319,0.001000,0.001000,0.001000,0.001000,0.001000
1040.057692,0.041552,0.001000,0.001000,0.001000,0.001000,0.001000
1040.076923,0.040753,0.001000,0.001000,0.001000,0.001000,0.001000
1040.096154,0.039921,0.001000,0.001000,0.001000,0.001000,0.001000
1040.115385,0.039058,0.001000,0.001000,0.001000,0.001000,0.001000
1040.134615,0.038163,0.001000,0.001000,0.001000,0.001000,0.001000
1040.153846,0.037239,0.001000,0.001000,0.001000,0.001000,0.001000
1040.173077,0.036285,0.001000,0.001000,0.001000,0.001000,0.001000
1040.192308,0.035302,0.001000,0.001000,0.001000,0.001000,0.001000
1040.211538,0.034291,0.001000,0.001000,0.001000,0.001000,0.001000
1040.230769,0.033253,0.001000,0.001000,0.001000,0.001000,0.001000
1040.250000,0.032188,0.001000,0.001000,0.001000,0.001000,0.001000
1040.269231,0.031098,0.001000,0.001000,0.001000,0.001000,0.001000
1040.288462,0.029984,0.001000,0.001000,0.001000,0.001000,0.001000
1040.307692,0.028845,0.001000,0.001000,0.001000,0.001000,0.001000
1040.326923,0.027684,0.001000,0.001000,0.001000,0.001000,0.001000
1040.346154,0.026501,0.001000,0.001000,0.001000,0.001000,0.001000
1040.365385,0.025296,0.001000,0.001000,0.001000,0.001000,0.001000
1040.384615,0.024072,0.001000,0.001000,0.001000,0.001000,0.001000
1040.403846,0.022829,0.001000,0.001000,0.001000,0.001000,0.001000
1040.423077,0.021567,0.001000,0.001000,0.001000,0.001000,0.001000
1040.442308,0.020288,0.001000,0.001000,0.001000,0.001000,0.001000
1040.461538,0.018994,0.001000,0.001000,0.001000,0.001000,0.001000
1040.480769,0.017684,0.001000,0.001000,0.001000,0.001000,0.001000
1040.500000,0.016360,0.001000,0.001000,0.001000,0.001000,0.001000
1040.519231,0.015023,0.001000,0.001000,0.001000,0.001000,0.001000
1040.538462,0.013675,0.001000,0.001000,0.001000,0.001000,0.001000
1040.557692,0.012315,0.001000,0.001000,0.001000,0.001000,0.001000
1040.576923,0.010946,0.001000,0.001000,0.001000,0.001000,0.001000
1040.596154,0.009568,0.001000,0.001000,0.001000,0.001000,0.001000
1040.615385,0.008183,0.001000,0.001000,0.001000,0.001000,0.001000
1040.634615,0.006791,0.001000,0.001000,0.001000,0.001000,0.001000
1040.653846,0.005393,0.001000,0.001000,0.001000,0.001000,0.001000
1040.673077,0.003992,0.001000,0.001000,0.001000,0.001000,0.001000
1040.692308,0.002587,0.001000,0.001000,0.001000,0.001000,0.001000
1040.711538,0.001180,0.001000,0.001000,0.001000,0.001000,0.001000
1040.730769,-0.000228,0.001000,0.001000,0.001000,0.001000,0.001000
1040.750000,-0.001636,0.001000,0.001000,0.001000,0.001000,0.001000
1040.769231,-0.003042,0.001000,0.001000,0.001000,0.001000,0.001000
1040.788462,-0.004446,0.001000,0.001000,0.001000,0.001000,0.001000
1040.807692,-0.005846,0.001000,0.001000,0.001000,0.001000,0.001000
1040.826923,-0.007242,0.001000,0.001000,0.001000,0.001000,0.001000
1040.846154,-0.008632,0.001000,0.001000,0.001000,0.001000,0.001000
1040.865385,-0.010015,0.001000,0.001000,0.001000,0.001000,0.001000
1040.884615,-0.011391,0.001000,0.001000,0.001000,0.001000,0.001000
1040.903846,-0.012757,0.001000,0.001000,0.001000,0.001000,0.001000
1040.923077,-0.014113,0.001000,0.001000,0.001000,0.001000,0.001000
1040.942308,-0.015458,0.001000,0.001000,0.001000,0.001000,0.001000
1040.961538,-0.016790,0.001000,0.001000,0.001000,0.001000,0.001000
1040.980769,-0.018110,0.001000,0.001000,0.001000,0.001000,0.001000
1041.000000,-0.019415,0.001000,0.001000,0.001000,0.001000,0.001000
1041.019231,-0.020704,0.001000,0.001000,0.001000,0.001000,0.001000
1041.038462,-0.021978,0.001000,0.001000,0.001000,0.001000,0.001000
1041.057692,-0.023233,0.001000,0.001000,0.001000,0.001000,0.001000
1041.076923,-0.024471,0.001000,0.001000,0.001000,0.001000,0.001000
1041.096154,-0.025689,0.001000,0.001000,0.001000,0.001000,0.001000
1041.115385,-0.026886,0.001000,0.001000,0.001000,0.001000,0.001000
1041.134615,-0.028062,0.001000,0.001000,0.001000,0.001000,0.001000
1041.153846,-0.029216,0.001000,0.001000,0.001000,0.001000,0.001000
1041.173077,-0.030347,0.001000,0.001000,0.001000,0.001000,0.001000
1041.192308,-0.031454,0.001000,0.001000,0.001000,0.001000,0.001000
1041.211538,-0.032536,0.001000,0.001000,0.001000,0.001000,0.001000
1041.230769,-0.033592,0.001000,0.001000,0.001000,0.001000,0.001000
1041.250000,-0.034621,0.001000,0.001000,0.001000,0.001000,0.001000
1041.269231,-0.035623,0.001000,0.001000,0.001000,0.001000,0.001000
1041.288462,-0.036597,0.001000,0.001000,0.001000,0.001000,0.001000
1041.307692,-0.037542,0.001000,0.001000,0.001000,0.001000,0.001000
1041.326923,-0.038456,0.001000,0.001000,0.001000,0.001000,0.001000
1041.346154,-0.039341,0.001000,0.001000,0.001000,0.001000,0.001000
1041.365385,-0.040194,0.001000,0.001000,0.001000,0.001000,0.001000
1041.384615,-0.041016,0.001000,0.001000,0.001000,0.001000,0.001000
1041.403846,-0.041804,0.001000,0.001000,0.001000,0.001000,0.001000
1041.423077,-0.042560,0.001000,0.001000,0.001000,0.001000,0.001000
1041.442308,-0.043282,0.001000,0.001000,0.001000,0.001000,0.001000
1041.461538,-0.043970,0.001000,0.001000,0.001000,0.001000,0.001000
1041.480769,-0.044622,0.001000,0.001000,0.001000,0.001000,0.001000
1041.500000,-0.045240,0.001000,0.001000,0.001000,0.001000,0.001000
1041.519231,-0.045821,0.001000,0.001000,0.001000,0.001000,0.001000
1041.538462,-0.046367,0.001000,0.001000,0.001000,0.001000,0.001000
1041.557692,-0.046875,0.001000,0.001000,0.001000,0.001000,0.001000
1041.576923,-0.047346,0.001000,0.001000,0.001000,0.001000,0.001000
1041.596154,-0.047780,0.001000,0.001000,0.001000,0.001000,0.001000
1041.615385,-0.048176,0.001000,0.001000,0.001000,0.001000,0.001000
1041.634615,-0.048534,0.001000,0.001000,0.001000,0.001000,0.001000
1041.653846,-0.048853,0.001000,0.001000,0.001000,0.001000,0.001000
1041.673077,-0.049133,0.001000,0.001000,0.001000,0.001000,0.001000
1041.692308,-0.049375,0.001000,0.001000,0.001000,0.001000,0.001000
1041.711538,-0.049577,0.001000,0.001000,0.001000,0.001000,0.001000
1041.730769,-0.049740,0.001000,0.001000,0.001000,0.001000,0.001000
1041.750000,-0.049864,0.001000,0.001000,0.001000,0.001000,0.001000
1041.769231,-0.049948,0.001000,0.001000,0.001000,0.001000,0.001000
1041.788462,-0.049992,0.001000,0.001000,0.001000,0.001000,0.001000
1041.807692,-0.049997,0.001000,0.001000,0.001000,0.001000,0.001000
1041.826923,-0.049962,0.001000,0.001000,0.001000,0.001000,0.001000
1041.846154,-0.049888,0.001000,0.001000,0.001000,0.001000,0.001000
1041.865385,-0.049774,0.001000,0.001000,0.001000,0.001000,0.001000
1041.884615,-0.049621,0.001000,0.001000,0.001000,0.001000,0.001000
1041.903846,-0.049428,0.001000,0.001000,0.001000,0.001000,0.001000
1041.923077,-0.049196,0.001000,0.001000,0.001000,0.001000,0.001000
1041.942308,-0.048925,0.001000,0.001000,0.001000,0.001000,0.001000
1041.961538,-0.048615,0.001000,0.001000,0.001000,0.001000,0.001000
1041.980769,-0.048267,0.001000,0.001000,0.001000,0.001000,0.001000
1042.000000,-0.047880,0.001000,0.001000,0.001000,0.001000,0.001000
1042.019231,-0.047456,0.001000,0.001000,0.001000,0.001000,0.001000
1042.038462,-0.046993,0.001000,0.001000,0.001000,0.001000,0.001000
1042.057692,-0.046494,0.001000,0.001000,0.001000,0.001000,0.001000
1042.076923,-0.045958,0.001000,0.001000,0.001000,0.001000,0.001000
1042.096154,-0.045385,0.001000,0.001000,0.001000,0.001000,0.001000
1042.115385,-0.044776,0.001000,0.001000,0.001000,0.001000,0.001000
1042.134615,-0.044132,0.001000,0.001000,0.001000,0.001000,0.001000
1042.153846,-0.043453,0.001000,0.001000,0.001000,0.001000,0.001000
1042.173077,-0.042739,0.001000,0.001000,0.001000,0.001000,0.001000
1042.192308,-0.041992,0.001000,0.001000,0.001000,0.001000,0.001000
1042.211538,-0.041211,0.001000,0.001000,0.001000,0.001000,0.001000
1042.230769,-0.040397,0.001000,0.001000,0.001000,0.001000,0.001000
1042.250000,-0.039552,0.001000,0.001000,0.001000,0.001000,0.001000
1042.269231,-0.038675,0.001000,0.001000,0.001000,0.001000,0.001000
1042.288462,-0.037767,0.001000,0.001000,0.001000,0.001000,0.001000
1042.307692,-0.036830,0.001000,0.001000,0.001000,0.001000,0.001000
1042.326923,-0.035863,0.001000,0.001000,0.001000,0.001000,0.001000
1042.346154,-0.034868,0.001000,0.001000,0.001000,0.001000,0.001000
1042.365385,-0.033845,0.001000,0.001000,0.001000,0.001000,0.001000
1042.384615,-0.032796,0.001000,0.001000,0.001000,0.001000,0.001000
1042.403846,-0.031720,0.001000,0.001000,0.001000,0.001000,0.001000
1042.423077,-0.030619,0.001000,0.001000,0.001000,0.001000,0.001000
1042.442308,-0.029494,0.001000,0.001000,0.001000,0.001000,0.001000
1042.461538,-0.028346,0.001000,0.001000,0.001000,0.001000,0.001000
1042.480769,-0.027175,0.001000,0.001000,0.001000,0.001000,0.001000
1042.500000,-0.025982,0.001000,0.001000,0.001000,0.001000,0.001000
1042.519231,-0.024769,0.001000,0.001000,0.001000,0.001000,0.001000
1042.538462,-0.023537,0.001000,0.001000,0.001000,0.001000,0.001000
1042.557692,-0.022285,0.001000,0.001000,0.001000,0.001000,0.001000
1042.576923,-0.021016,0.001000,0.001000,0.001000,0.001000,0.001000
1042.596154,-0.019731,0.001000,0.001000,0.001000,0.001000,0.001000
1042.615385,-0.018429,0.001000,0.001000,0.001000,0.001000,0.001000
1042.634615,-0.017113,0.001000,0.001000,0.001000,0.001000,0.001000
1042.653846,-0.015784,0.001000,0.001000,0.001000,0.001000,0.001000
1042.673077,-0.014442,0.001000,0.001000,0.001000,0.001000,0.001000
1042.692308,-0.013088,0.001000,0.001000,0.001000,0.001000,0.001000
1042.711538,-0.011724,0.001000,0.001000,0.001000,0.001000,0.001000
1042.730769,-0.010351,0.001000,0.001000,0.001000,0.001000,0.001000
1042.750000,-0.008970,0.001000,0.001000,0.001000,0.001000,0.001000
1042.769231,-0.007581,0.001000,0.001000,0.001000,0.001000,0.001000
1042.788462,-0.006187,0.001000,0.001000,0.001000,0.001000,0.001000
1042.807692,-0.004788,0.001000,0.001000,0.001000,0.001000,0.001000
1042.826923,-0.003384,0.001000,0.001000,0.001000,0.001000,0.001000
1042.846154,-0.001979,0.001000,0.001000,0.001000,0.001000,0.001000
1042.865385,-0.000571,0.001000,0.001000,0.001000,0.001000,0.001000
1042.884615,0.000837,0.001000,0.001000,0.001000,0.001000,0.001000
1042.903846,0.002244,0.001000,0.001000,0.001000,0.001000,0.001000
1042.923077,0.003649,0.001000,0.001000,0.001000,0.001000,0.001000
1042.942308,0.005052,0.001000,0.001000,0.001000,0.001000,0.001000
1042.961538,0.006450,0.001000,0.001000,0.001000,0.001000,0.001000
1042.980769,0.007844,0.001000,0.001000,0.001000,0.001000,0.001000
1043.000000,0.009231,0.001000,0.001000,0.001000,0.001000,0.001000
1043.019231,0.010611,0.001000,0.001000,0.001000,0.001000,0.001000
1043.038462,0.011982,0.001000,0.001000,0.001000,0.001000,0.001000
1043.057692,0.013344,0.001000,0.001000,0.001000,0.001000,0.001000
1043.076923,0.014696,0.001000,0.001000,0.001000,0.001000,0.001000
1043.096154,0.016036,0.001000,0.001000,0.001000,0.001000,0.001000
1043.115385,0.017363,0.001000,0.001000,0.001000,0.001000,0.001000
1043.134615,0.018676,0.001000,0.001000,0.001000,0.001000,0.001000
1043.153846,0.019974,0.001000,0.001000,0.001000,0.001000,0.001000
1043.173077,0.021257,0.001000,0.001000,0.001000,0.001000,0.001000
1043.192308,0.022523,0.001000,0.001000,0.001000,0.001000,0.001000
1043.211538,0.023771,0.001000,0.001000,0.001000,0.001000,0.001000
1043.230769,0.025000,0.001000,0.001000,0.001000,0.001000,0.001000
1043.250000,0.026209,0.001000,0.001000,0.001000,0.001000,0.001000
1043.269231,0.027397,0.001000,0.001000,0.001000,0.001000,0.001000
1043.288462,0.028564,0.001000,0.001000,0.001000,0.001000,0.001000
1043.307692,0.029708,0.001000,0.001000,0.001000,0.001000,0.001000
1043.326923,0.030829,0.001000,0.001000,0.001000,0.001000,0.001000
1043.346154,0.031925,0.001000,0.001000,0.001000,0.001000,0.001000
1043.365385,0.032996,0.001000,0.001000,0.001000,0.001000,0.001000
1043.384615,0.034040,0.001000,0.001000,0.001000,0.001000,0.001000
1043.403846,0.035058,0.001000,0.001000,0.001000,0.001000,0.001000
1043.423077,0.036048,0.001000,0.001000,0.001000,0.001000,0.001000
1043.442308,0.037009,0.001000,0.001000,0.001000,0.001000,0.001000
1043.461538,0.037941,0.001000,0.001000,0.001000,0.001000,0.001000
1043.480769,0.038843,0.001000,0.001000,0.001000,0.001000,0.001000
1043.500000,0.039714,0.001000,0.001000,0.001000,0.001000,0.001000
1043.519231,0.040553,0.001000,0.001000,0.001000,0.001000,0.001000
1043.538462,0.041361,0.001000,0.001000,0.001000,0.001000,0.001000
1043.557692,0.042135,0.001000,0.001000,0.001000,0.001000,0.001000
1043.576923,0.042876,0.001000,0.001000,0.001000,0.001000,0.001000
1043.596154,0.043584,0.001000,0.001000,0.001000,0.001000,0.001000
1043.615385,0.044256,0.001000,0.001000,0.001000,0.001000,0.001000
1043.634615,0.044894,0.001000,0.001000,0.001000,0.001000,0.001000
1043.653846,0.045496,0.001000,0.001000,0.001000,0.001000,0.001000
1043.673077,0.046062,0.001000,0.001000,0.001000,0.001000,0.001000
1043.692308,0.046591,0.001000,0.001000,0.001000,0.001000,0.001000
1043.711538,0.047083,0.001000,0.001000,0.001000,0.001000,0.001000
1043.730769,0.047539,0.001000,0.001000,0.001000,0.001000,0.001000
1043.750000,0.047956,0.001000,0.001000,0.001000,0.001000,0.001000
1043.769231,0.048335,0.001000,0.001000,0.001000,0.001000,0.001000
1043.788462,0.048676,0.001000,0.001000,0.001000,0.001000,0.001000
1043.807692,0.048979,0.001000,0.001000,0.001000,0.001000,0.001000
1043.826923,0.049243,0.001000,0.001000,0.001000,0.001000,0.001000
1043.846154,0.049467,0.001000,0.001000,0.001000,0.001000,0.001000
1043.865385,0.049652,0.001000,0.001000,0.001000,0.001000,0.001000
1043.884615,0.049798,0.001000,0.001000,0.001000,0.001000,0.001000
1043.903846,0.049905,0.001000,0.001000,0.001000,0.001000,0.001000
1043.923077,0.049972,0.001000,0.001000,0.001000,0.001000,0.001000
1043.942308,0.049999,0.001000,0.001000,0.001000,0.001000,0.001000
1043.961538,0.049987,0.001000,0.001000,0.001000,0.001000,0.001000
1043.980769,0.049935,0.001000,0.001000,0.001000,0.001000,0.001000
1044.000000,0.049844,0.001000,0.001000,0.001000,0.001000,0.001000
1044.019231,0.049712,0.001000,0.001000,0.001000,0.001000,0.001000
1044.038462,0.049542,0.001000,0.001000,0.001000,0.001000,0.001000
1044.057692,0.049332,0.001000,0.001000,0.001000,0.001000,0.001000
1044.076923,0.049083,0.001000,0.001000,0.001000,0.001000,0.001000
1044.096154,0.048796,0.001000,0.001000,0.001000,0.001000,0.001000
1044.115385,0.048469,0.001000,0.001000,0.001000,0.001000,0.001000
1044.134615,0.048104,0.001000,0.001000,0.001000,0.001000,0.001000
1044.153846,0.047701,0.001000,0.001000,0.001000,0.001000,0.001000
1044.173077,0.047260,0.001000,0.001000,0.001000,0.001000,0.001000
1044.192308,0.046782,0.001000,0.001000,0.001000,0.001000,0.001000
1044.211538,0.046267,0.001000,0.001000,0.001000,0.001000,0.001000
1044.230769,0.045715,0.001000,0.001000,0.001000,0.001000,0.001000
1044.250000,0.045126,0.001000,0.001000,0.001000,0.001000,0.001000
1044.269231,0.044502,0.001000,0.001000,0.001000,0.001000,0.001000
1044.288462,0.043843,0.001000,0.001000,0.001000,0.001000,0.001000
1044.307692,0.043148,0.001000,0.001000,0.001000,0.001000,0.001000
1044.326923,0.042420,0.001000,0.001000,0.001000,0.001000,0.001000
1044.346154,0.041658,0.001000,0.001000,0.001000,0.001000,0.001000
1044.365385,0.040863,0.001000,0.001000,0.001000,0.001000,0.001000
1044.384615,0.040036,0.001000,0.001000,0.001000,0.001000,0.001000
1044.403846,0.039176,0.001000,0.001000,0.001000,0.001000,0.001000
1044.423077,0.038286,0.001000,0.001000,0.001000,0.001000,0.001000
1044.442308,0.037366,0.001000,0.001000,0.001000,0.001000,0.001000
1044.461538,0.036415,0.001000,0.001000,0.001000,0.001000,0.001000
1044.480769,0.035436,0.001000,0.001000,0.001000,0.001000,0.001000
1044.500000,0.034429,0.001000,0.001000,0.001000,0.001000,0.001000
1044.519231,0.033395,0.001000,0.001000,0.001000,0.001000,0.001000
1044.538462,0.032334,0.001000,0.001000,0.001000,0.001000,0.001000
1044.557692,0.031247,0.001000,0.001000,0.001000,0.001000,0.001000
1044.576923,0.030136,0.001000,0.001000,0.001000,0.001000,0.001000
1044.596154,0.029000,0.001000,0.001000,0.001000,0.001000,0.001000
1044.615385,0.027842,0.001000,0.001000,0.001000,0.001000,0.001000
1044.634615,0.026662,0.001000,0.001000,0.001000,0.001000,0.001000
1044.653846,0.025460,0.001000,0.001000,0.001000,0.001000,0.001000
1044.673077,0.024239,0.001000,0.001000,0.001000,0.001000,0.001000
1044.692308,0.022998,0.001000,0.001000,0.001000,0.001000,0.001000
1044.711538,0.021739,0.001000,0.001000,0.001000,0.001000,0.001000
1044.730769,0.020462,0.001000,0.001000,0.001000,0.001000,0.001000
1044.750000,0.019170,0.001000,0.001000,0.001000,0.001000,0.001000
1044.769231,0.017862,0.001000,0.001000,0.001000,0.001000,0.001000
1044.788462,0.016540,0.001000,0.001000,0.001000,0.001000,0.001000
1044.807692,0.015205,0.001000,0.001000,0.001000,0.001000,0.001000
1044.826923,0.013858,0.001000,0.001000,0.001000,0.001000,0.001000
1044.846154,0.012500,0.001000,0.001000,0.001000,0.001000,0.001000
1044.865385,0.011132,0.001000,0.001000,0.001000,0.001000,0.001000
1044.884615,0.009755,0.001000,0.001000,0.001000,0.001000,0.001000
1044.903846,0.008370,0.001000,0.001000,0.001000,0.001000,0.001000
1044.923077,0.006979,0.001000,0.001000,0.001000,0.001000,0.001000
1044.942308,0.005582,0.001000,0.001000,0.001000,0.001000,0.001000
1044.961538,0.004181,0.001000,0.001000,0.001000,0.001000,0.001000
1044.980769,0.002777,0.001000,0.001000,0.001000,0.001000,0.001000
1045.000000,0.001370,0.001000,0.001000,0.001000,0.001000,0.001000
1045.019231,-0.000038,0.001000,0.001000,0.001000,0.001000,0.001000
1045.038462,-0.001445,0.001000,0.001000,0.001000,0.001000,0.001000
1045.057692,-0.002852,0.001000,0.001000,0.001000,0.001000,0.001000
1045.076923,-0.004256,0.001000,0.001000,0.001000,0.001000,0.001000
1045.096154,-0.005657,0.001000,0.001000,0.001000,0.001000,0.001000
1045.115385,-0.007054,0.001000,0.001000,0.001000,0.001000,0.001000
1045.134615,-0.008445,0.001000,0.001000,0.001000,0.001000,0.001000
1045.153846,-0.009829,0.001000,0.001000,0.001000,0.001000,0.001000
1045.173077,-0.011205,0.001000,0.001000,0.001000,0.001000,0.001000
1045.192308,-0.012573,0.001000,0.001000,0.001000,0.001000,0.001000
1045.211538,-0.013930,0.001000,0.001000,0.001000,0.001000,0.001000
1045.230769,-0.015277,0.001000,0.001000,0.001000,0.001000,0.001000
1045.250000,-0.016611,0.001000,0.001000,0.001000,0.001000,0.001000
1045.269231,-0.017932,0.001000,0.001000,0.001000,0.001000,0.001000
1045.288462,-0.019239,0.001000,0.001000,0.001000,0.001000,0.001000
1045.307692,-0.020531,0.001000,0.001000,0.001000,0.001000,0.001000
1045.326923,-0.021806,0.001000,0.001000,0.001000,0.001000,0.001000
1045.346154,-0.023065,0.001000,0.001000,0.001000,0.001000,0.001000
1045.365385,-0.024304,0.001000,0.001000,0.001000,0.001000,0.001000
1045.384615,-0.025525,0.001000,0.001000,0.001000,0.001000,0.001000
1045.403846,-0.026725,0.001000,0.001000,0.001000,0.001000,0.001000
1045.423077,-0.027905,0.001000,0.001000,0.001000,0.001000,0.001000
1045.442308,-0.029062,0.001000,0.001000,0.001000,0.001000,0.001000
1045.461538,-0.030196,0.001000,0.001000,0.001000,0.001000,0.001000
1045.480769,-0.031306,0.001000,0.001000,0.001000,0.001000,0.001000
1045.500000,-0.032391,0.001000,0.001000,0.001000,0.001000,0.001000
1045.519231,-0.033451,0.001000,0.001000,0.001000,0.001000,0.001000
1045.538462,-0.034484,0.001000,0.001000,0.001000,0.001000,0.001000
1045.557692,-0.035489,0.001000,0.001000,0.001000,0.001000,0.001000
1045.576923,-0.036467,0.001000,0.001000,0.001000,0.001000,0.001000
1045.596154,-0.037416,0.001000,0.001000,0.001000,0.001000,0.001000
1045.615385,-0.038335,0.001000,0.001000,0.001000,0.001000,0.001000
1045.634615,-0.039223,0.001000,0.001000,0.001000,0.001000,0.001000
1045.653846,-0.040081,0.001000,0.001000,0.001000,0.001000,0.001000
1045.673077,-0.040906,0.001000,0.001000,0.001000,0.001000,0.001000
1045.692308,-0.041700,0.001000,0.001000,0.001000,0.001000,0.001000
1045.711538,-0.042460,0.001000,0.001000,0.001000,0.001000,0.001000
1045.730769,-0.043186,0.001000,0.001000,0.001000,0.001000,0.001000
1045.750000,-0.043879,0.001000,0.001000,0.001000,0.001000,0.001000
1045.769231,-0.044536,0.001000,0.001000,0.001000,0.001000,0.001000
1045.788462,-0.045159,0.001000,0.001000,0.001000,0.001000,0.001000
1045.807692,-0.045745,0.001000,0.001000,0.001000,0.001000,0.001000
1045.826923,-0.046295,0.001000,0.001000,0.001000,0.001000,0.001000
1045.846154,-0.046809,0.001000,0.001000,0.001000,0.001000,0.001000
1045.865385,-0.047285,0.001000,0.001000,0.001000,0.001000,0.001000
1045.884615,-0.047724,0.001000,0.001000,0.001000,0.001000,0.001000
1045.903846,-0.048125,0.001000,0.001000,0.001000,0.001000,0.001000
1045.923077,-0.048488,0.001000,0.001000,0.001000,0.001000,0.001000
1045.942308,-0.048812,0.001000,0.001000,0.001000,0.001000,0.001000
1045.961538,-0.049098,0.001000,0.001000,0.001000,0.001000,0.001000
1045.980769,-0.049344,0.001000,0.001000,0.001000,0.001000,0.001000
1046.000000,-0.049552,0.001000,0.001000,0.001000,0.001000,0.001000
1046.019231,-0.049720,0.001000,0.001000,0.001000,0.001000,0.001000
1046.038462,-0.049849,0.001000,0.001000,0.001000,0.001000,0.001000
1046.057692,-0.049939,0.001000,0.001000,0.001000,0.001000,0.001000
1046.076923,-0.049989,0.001000,0.001000,0.001000,0.001000,0.001000
1046.096154,-0.049999,0.001000,0.001000,0.001000,0.001000,0.001000
1046.115385,-0.049969,0.001000,0.001000,0.001000,0.001000,0.001000
1046.134615,-0.049900,0.001000,0.001000,0.001000,0.001000,0.001000
1046.153846,-0.049792,0.001000,0.001000,0.001000,0.001000,0.001000
1046.173077,-0.049644,0.001000,0.001000,0.001000,0.001000,0.001000
1046.192308,-0.049456,0.001000,0.001000,0.001000,0.001000,0.001000
1046.211538,-0.049229,0.001000,0.001000,0.001000,0.001000,0.001000
1046.230769,-0.048964,0.001000,0.001000,0.001000,0.001000,0.001000
1046.250000,-0.048659,0.001000,0.001000,0.001000,0.001000,0.001000
1046.269231,-0.048316,0.001000,0.001000,0.001000,0.001000,0.001000
1046.288462,-0.047935,0.001000,0.001000,0.001000,0.001000,0.001000
1046.307692,-0.047515,0.001000,0.001000,0.001000,0.001000,0.001000
1046.326923,-0.047058,0.001000,0.001000,0.001000,0.001000,0.001000
1046.346154,-0.046564,0.001000,0.001000,0.001000,0.001000,0.001000
1046.365385,-0.046032,0.001000,0.001000,0.001000,0.001000,0.001000
1046.384615,-0.045465,0.001000,0.001000,0.001000,0.001000,0.001000
1046.403846,-0.044861,0.001000,0.001000,0.001000,0.001000,0.001000
1046.423077,-0.044221,0.001000,0.001000,0.001000,0.001000,0.001000
1046.442308,-0.043547,0.001000,0.001000,0.001000,0.001000,0.001000
1046.461538,-0.042838,0.001000,0.001000,0.001000,0.001000,0.001000
1046.480769,-0.042095,0.001000,0.001000,0.001000,0.001000,0.001000
1046.500000,-0.041318,0.001000,0.001000,0.001000,0.001000,0.001000
1046.519231,-0.040509,0.001000,0.001000,0.001000,0.001000,0.001000
1046.538462,-0.039668,0.001000,0.001000,0.001000,0.001000,0.001000
1046.557692,-0.038795,0.001000,0.001000,0.001000,0.001000,0.001000
1046.576923,-0.037892,0.001000,0.001000,0.001000,0.001000,0.001000
1046.596154,-0.036958,0.001000,0.001000,0.001000,0.001000,0.001000
1046.615385,-0.035996,0.001000,0.001000,0.001000,0.001000,0.001000
1046.634615,-0.035004,0.001000,0.001000,0.001000,0.001000,0.001000
1046.653846,-0.033985,0.001000,0.001000,0.001000,0.001000,0.001000
1046.673077,-0.032939,0.001000,0.001000,0.001000,0.001000,0.001000
1046.692308,-0.031867,0.001000,0.001000,0.001000,0.001000,0.001000
1046.711538,-0.030769,0.001000,0.001000,0.001000,0.001000,0.001000
1046.730769,-0.029648,0.001000,0.001000,0.001000,0.001000,0.001000
1046.750000,-0.028502,0.001000,0.001000,0.001000,0.001000,0.001000
1046.769231,-0.027334,0.001000,0.001000,0.001000,0.001000,0.001000
1046.788462,-0.026145,0.001000,0.001000,0.001000,0.001000,0.001000
1046.807692,-0.024935,0.001000,0.001000,0.001000,0.001000,0.001000
1046.826923,-0.023704,0.001000,0.001000,0.001000,0.001000,0.001000
1046.846154,-0.022456,0.001000,0.001000,0.001000,0.001000,0.001000
1046.865385,-0.021189,0.001000,0.001000,0.001000,0.001000,0.001000
1046.884615,-0.019905,0.001000,0.001000,0.001000,0.001000,0.001000
1046.903846,-0.018606,0.001000,0.001000,0.001000,0.001000,0.001000
1046.923077,-0.017292,0.001000,0.001000,0.001000,0.001000,0.001000
1046.942308,-0.015964,0.001000,0.001000,0.001000,0.001000,0.001000
1046.961538,-0.014624,0.001000,0.001000,0.001000,0.001000,0.001000
1046.980769,-0.013272,0.001000,0.001000,0.001000,0.001000,0.001000
1047.000000,-0.011909,0.001000,0.001000,0.001000,0.001000,0.001000
1047.019231,-0.010537,0.001000,0.001000,0.001000,0.001000,0.001000
1047.038462,-0.009157,0.001000,0.001000,0.001000,0.001000,0.001000
1047.057692,-0.007770,0.001000,0.001000,0.001000,0.001000,0.001000
1047.076923,-0.006376,0.001000,0.001000,0.001000,0.001000,0.001000
1047.096154,-0.004977,0.001000,0.001000,0.001000,0.001000,0.001000
1047.115385,-0.003574,0.001000,0.001000,0.001000,0.001000,0.001000
1047.134615,-0.002169,0.001000,0.001000,0.001000,0.001000,0.001000
1047.153846,-0.000762,0.001000,0.001000,0.001000,0.001000,0.001000
1047.173077,0.000646,0.001000,0.001000,0.001000,0.001000,0.001000
1047.192308,0.002054,0.001000,0.001000,0.001000,0.001000,0.001000
1047.211538,0.003459,0.001000,0.001000,0.001000,0.001000,0.001000
1047.230769,0.004862,0.001000,0.001000,0.001000,0.001000,0.001000
1047.250000,0.006262,0.001000,0.001000,0.001000,0.001000,0.001000
1047.269231,0.007656,0.001000,0.001000,0.001000,0.001000,0.001000
1047.288462,0.009044,0.001000,0.001000,0.001000,0.001000,0.001000
1047.307692,0.010425,0.001000,0.001000,0.001000,0.001000,0.001000
1047.326923,0.011798,0.001000,0.001000,0.001000,0.001000,0.001000
1047.346154,0.013161,0.001000,0.001000,0.001000,0.001000,0.001000
1047.365385,0.014514,0.001000,0.001000,0.001000,0.001000,0.001000
1047.384615,0.015855,0.001000,0.001000,0.001000,0.001000,0.001000
1047.403846,0.017184,0.001000,0.001000,0.001000,0.001000,0.001000
1047.423077,0.018499,0.001000,0.001000,0.001000,0.001000,0.001000
1047.442308,0.019800,0.001000,0.001000,0.001000,0.001000,0.001000
1047.461538,0.021084,0.001000,0.001000,0.001000,0.001000,0.001000
1047.480769,0.022353,0.001000,0.001000,0.001000,0.001000,0.001000
1047.500000,0.023603,0.001000,0.001000,0.001000,0.001000,0.001000
1047.519231,0.024835,0.001000,0.001000,0.001000,0.001000,0.001000
1047.538462,0.026047,0.001000,0.001000,0.001000,0.001000,0.001000
1047.557692,0.027238,0.001000,0.001000,0.001000,0.001000,0.001000
1047.576923,0.028408,0.001000,0.001000,0.001000,0.001000,0.001000
1047.596154,0.029555,0.001000,0.001000,0.001000,0.001000,0.001000
1047.615385,0.030679,0.001000,0.001000,0.001000,0.001000,0.001000
1047.634615,0.031778,0.001000,0.001000,0.001000,0.001000,0.001000
1047.653846,0.032852,0.001000,0.001000,0.001000,0.001000,0.001000
1047.673077,0.033901,0.001000,0.001000,0.001000,0.001000,0.001000
1047.692308,0.034922,0.001000,0.001000,0.001000,0.001000,0.001000
1047.711538,0.035915,0.001000,0.001000,0.001000,0.001000,0.001000
1047.730769,0.036881,0.001000,0.001000,0.001000,0.001000,0.001000
1047.750000,0.037817,0.001000,0.001000,0.001000,0.001000,0.001000
1047.769231,0.038722,0.001000,0.001000,0.001000,0.001000,0.001000
1047.788462,0.039598,0.001000,0.001000,0.001000,0.001000,0.001000
1047.807692,0.040442,0.001000,0.001000,0.001000,0.001000,0.001000
1047.826923,0.041253,0.001000,0.001000,0.001000,0.001000,0.001000
1047.846154,0.042032,0.001000,0.001000,0.001000,0.001000,0.001000
1047.865385,0.042778,0.001000,0.001000,0.001000,0.001000,0.001000
1047.884615,0.043490,0.001000,0.001000,0.001000,0.001000,0.001000
1047.903846,0.044167,0.001000,0.001000,0.001000,0.001000,0.001000
1047.923077,0.044810,0.001000,0.001000,0.001000,0.001000,0.001000
1047.942308,0.045416,0.001000,0.001000,0.001000,0.001000,0.001000
1047.961538,0.045987,0.001000,0.001000,0.001000,0.001000,0.001000
1047.980769,0.046522,0.001000,0.001000,0.001000,0.001000,0.001000
1048.000000,0.047019,0.001000,0.001000,0.001000,0.001000,0.001000
1048.019231,0.047479,0.001000,0.001000,0.001000,0.001000,0.001000
1048.038462,0.047902,0.001000,0.001000,0.001000,0.001000,0.001000
1048.057692,0.048286,0.001000,0.001000,0.001000,0.001000,0.001000
1048.076923,0.048633,0.001000,0.001000,0.001000,0.001000,0.001000
1048.096154,0.048940,0.001000,0.001000,0.001000,0.001000,0.001000
1048.115385,0.049209,0.001000,0.001000,0.001000,0.001000,0.001000
1048.134615,0.049439,0.001000,0.001000,0.001000,0.001000,0.001000
1048.153846,0.049630,0.001000,0.001000,0.001000,0.001000,0.001000
1048.173077,0.049781,0.001000,0.001000,0.001000,0.001000,0.001000
1048.192308,0.049893,0.001000,0.001000,0.001000,0.001000,0.001000
1048.211538,0.049965,0.001000,0.001000,0.001000,0.001000,0.001000
1048.230769,0.049998,0.001000,0.001000,0.001000,0.001000,0.001000
1048.250000,0.049991,0.001000,0.001000,0.001000,0.001000,0.001000
1048.269231,0.049944,0.001000,0.001000,0.001000,0.001000,0.001000
1048.288462,0.049858,0.001000,0.001000,0.001000,0.001000,0.001000
1048.307692,0.049732,0.001000,0.001000,0.001000,0.001000,0.001000
1048.326923,0.049567,0.001000,0.001000,0.001000,0.001000,0.001000
1048.346154,0.049363,0.001000,0.001000,0.001000,0.001000,0.001000
1048.365385,0.049119,0.001000,0.001000,0.001000,0.001000,0.001000
1048.384615,0.048837,0.001000,0.001000,0.001000,0.001000,0.001000
1048.403846,0.048516,0.001000,0.001000,0.001000,0.001000,0.001000
1048.423077,0.048156,0.001000,0.001000,0.001000,0.001000,0.001000
1048.442308,0.047758,0.001000,0.001000,0.001000,0.001000,0.001000
1048.461538,0.047322,0.001000,0.001000,0.001000,0.001000,0.001000
1048.480769,0.046849,0.001000,0.001000,0.001000,0.001000,0.001000
1048.500000,0.046338,0.001000,0.001000,0.001000,0.001000,0.001000
1048.519231,0.045791,0.001000,0.001000,0.001000,0.001000,0.001000
1048.538462,0.045208,0.001000,0.001000,0.001000,0.001000,0.001000
1048.557692,0.044589,0.001000,0.001000,0.001000,0.001000,0.001000
1048.576923,0.043934,0.001000,0.001000,0.001000,0.001000,0.001000
1048.596154,0.043244,0.001000,0.001000,0.001000,0.001000,0.001000
1048.615385,0.042521,0.001000,0.001000,0.001000,0.001000,0.001000
1048.634615,0.041763,0.001000,0.001000,0.001000,0.001000,0.001000
1048.653846,0.040972,0.001000,0.001000,0.001000,0.001000,0.001000
1048.673077,0.040149,0.001000,0.001000,0.001000,0.001000,0.001000
1048.692308,0.039294,0.001000,0.001000,0.001000,0.001000,0.001000
1048.711538,0.038408,0.001000,0.001000,0.001000,0.001000,0.001000
1048.730769,0.037492,0.001000,0.001000,0.001000,0.001000,0.001000
1048.750000,0.036546,0.001000,0.001000,0.001000,0.001000,0.001000
1048.769231,0.035570,0.001000,0.001000,0.001000,0.001000,0.001000
1048.788462,0.034567,0.001000,0.001000,0.001000,0.001000,0.001000
1048.807692,0.033536,0.001000,0.001000,0.001000,0.001000,0.001000
1048.826923,0.032479,0.001000,0.001000,0.001000,0.001000,0.001000
1048.846154,0.031395,0.001000,0.001000,0.001000,0.001000,0.001000
1048.865385,0.030287,0.001000,0.001000,0.001000,0.001000,0.001000
1048.884615,0.029155,0.001000,0.001000,0.001000,0.001000,0.001000
1048.903846,0.028000,0.001000,0.001000,0.001000,0.001000,0.001000
1048.923077,0.026823,0.001000,0.001000,0.001000,0.001000,0.001000
1048.942308,0.025624,0.001000,0.001000,0.001000,0.001000,0.001000
1048.961538,0.024405,0.001000,0.001000,0.001000,0.001000,0.001000
1048.980769,0.023167,0.001000,0.001000,0.001000,0.001000,0.001000
1049.000000,0.021910,0.001000,0.001000,0.001000,0.001000,0.001000
1049.019231,0.020636,0.001000,0.001000,0.001000,0.001000,0.001000
1049.038462,0.019345,0.001000,0.001000,0.001000,0.001000,0.001000
1049.057692,0.018040,0.001000,0.001000,0.001000,0.001000,0.001000
1049.076923,0.016720,0.001000,0.001000,0.001000,0.001000,0.001000
1049.096154,0.015386,0.001000,0.001000,0.001000,0.001000,0.001000
1049.115385,0.014041,0.001000,0.001000,0.001000,0.001000,0.001000
1049.134615,0.012684,0.001000,0.001000,0.001000,0.001000,0.001000
1049.153846,0.011317,0.001000,0.001000,0.001000,0.001000,0.001000
1049.173077,0.009942,0.001000,0.001000,0.001000,0.001000,0.001000
1049.192308,0.008558,0.001000,0.001000,0.001000,0.001000,0.001000
1049.211538,0.007168,0.001000,0.001000,0.001000,0.001000,0.001000
1049.230769,0.005772,0.001000,0.001000,0.001000,0.001000,0.001000
1049.250000,0.004371,0.001000,0.001000,0.001000,0.001000,0.001000
1049.269231,0.002967,0.001000,0.001000,0.001000,0.001000,0.001000
1049.288462,0.001560,0.001000,0.001000,0.001000,0.001000,0.001000
1049.307692,0.000153,0.001000,0.001000,0.001000,0.001000,0.001000
1049.326923,-0.001255,0.001000,0.001000,0.001000,0.001000,0.001000
1049.346154,-0.002662,0.001000,0.001000,0.001000,0.001000,0.001000
1049.365385,-0.004067,0.001000,0.001000,0.001000,0.001000,0.001000
1049.384615,-0.005468,0.001000,0.001000,0.001000,0.001000,0.001000
1049.403846,-0.006865,0.001000,0.001000,0.001000,0.001000,0.001000
1049.423077,-0.008257,0.001000,0.001000,0.001000,0.001000,0.001000
1049.442308,-0.009642,0.001000,0.001000,0.001000,0.001000,0.001000
1049.461538,-0.011019,0.001000,0.001000,0.001000,0.001000,0.001000
1049.480769,-0.012388,0.001000,0.001000,0.001000,0.001000,0.001000
1049.500000,-0.013747,0.001000,0.001000,0.001000,0.001000,0.001000
1049.519231,-0.015095,0.001000,0.001000,0.001000,0.001000,0.001000
1049.538462,-0.016431,0.001000,0.001000,0.001000,0.001000,0.001000
1049.557692,-0.017754,0.001000,0.001000,0.001000,0.001000,0.001000
1049.576923,-0.019063,0.001000,0.001000,0.001000,0.001000,0.001000
1049.596154,-0.020357,0.001000,0.001000,0.001000,0.001000,0.001000
1049.615385,-0.021635,0.001000,0.001000,0.001000,0.001000,0.001000
1049.634615,-0.022895,0.001000,0.001000,0.001000,0.001000,0.001000
1049.653846,-0.024138,0.001000,0.001000,0.001000,0.001000,0.001000
1049.673077,-0.025361,0.001000,0.001000,0.001000,0.001000,0.001000
1049.692308,-0.026564,0.001000,0.001000,0.001000,0.001000,0.001000
1049.711538,-0.027746,0.001000,0.001000,0.001000,0.001000,0.001000
1049.730769,-0.028906,0.001000,0.001000,0.001000,0.001000,0.001000
1049.750000,-0.030044,0.001000,0.001000,0.001000,0.001000,0.001000
1049.769231,-0.031157,0.001000,0.001000,0.001000,0.001000,0.001000
1049.788462,-0.032246,0.001000,0.001000,0.001000,0.001000,0.001000
1049.807692,-0.033309,0.001000,0.001000,0.001000,0.001000,0.001000
1049.826923,-0.034345,0.001000,0.001000,0.001000,0.001000,0.001000
1049.846154,-0.035355,0.001000,0.001000,0.001000,0.001000,0.001000
1049.865385,-0.036336,0.001000,0.001000,0.001000,0.001000,0.001000
1049.884615,-0.037289,0.001000,0.001000,0.001000,0.001000,0.001000
1049.903846,-0.038212,0.001000,0.001000,0.001000,0.001000,0.001000
1049.923077,-0.039105,0.001000,0.001000,0.001000,0.001000,0.001000
1049.942308,-0.039966,0.001000,0.001000,0.001000,0.001000,0.001000
1049.961538,-0.040797,0.001000,0.001000,0.001000,0.001000,0.001000
1049.980769,-0.041594,0.001000,0.001000,0.001000,0.001000,0.001000
1050.000000,-0.042359,0.001000,0.001000,0.001000,0.001000,0.001000
1050.019231,-0.043090,0.001000,0.001000,0.001000,0.001000,0.001000
1050.038462,-0.043787,0.001000,0.001000,0.001000,0.001000,0.001000
1050.057692,-0.044449,0.001000,0.001000,0.001000,0.001000,0.001000
1050.076923,-0.045076,0.001000,0.001000,0.001000,0.001000,0.001000
1050.096154,-0.045668,0.001000,0.001000,0.001000,0.001000,0.001000
1050.115385,-0.046223,0.001000,0.001000,0.001000,0.001000,0.001000
1050.134615,-0.046741,0.001000,0.001000,0.001000,0.001000,0.001000
1050.153846,-0.047223,0.001000,0.001000,0.001000,0.001000,0.001000
1050.173077,-0.047667,0.001000,0.001000,0.001000,0.001000,0.001000
1050.192308,-0.048073,0.001000,0.001000,0.001000,0.001000,0.001000
1050.211538,-0.048441,0.001000,0.001000,0.001000,0.001000,0.001000
1050.230769,-0.048770,0.001000,0.001000,0.001000,0.001000,0.001000
1050.250000,-0.049061,0.001000,0.001000,0.001000,0.001000,0.001000
1050.269231,-0.049313,0.001000,0.001000,0.001000,0.001000,0.001000
1050.288462,-0.049526,0.001000,0.001000,0.001000,0.001000,0.001000
1050.307692,-0.049700,0.001000,0.001000,0.001000,0.001000,0.001000
1050.326923,-0.049834,0.001000,0.001000,0.001000,0.001000,0.001000
1050.346154,-0.049929,0.001000,0.001000,0.001000,0.001000,0.001000
1050.365385,-0.049984,0.001000,0.001000,0.001000,0.001000,0.001000
1050.384615,-0.050000,0.001000,0.001000,0.001000,0.001000,0.001000
1050.403846,-0.049976,0.001000,0.001000,0.001000,0.001000,0.001000
1050.423077,-0.049912,0.001000,0.001000,0.001000,0.001000,0.001000
1050.442308,-0.049809,0.001000,0.001000,0.001000,0.001000,0.001000
1050.461538,-0.049666,0.001000,0.001000,0.001000,0.001000,0.001000
1050.480769,-0.049484,0.001000,0.001000,0.001000,0.001000,0.001000
1050.500000,-0.049262,0.001000,0.001000,0.001000,0.001000,0.001000
1050.519231,-0.049002,0.001000,0.001000,0.001000,0.001000,0.001000
1050.538462,-0.048703,0.001000,0.001000,0.001000,0.001000,0.001000
1050.557692,-0.048365,0.001000,0.001000,0.001000,0.001000,0.001000
1050.576923,-0.047988,0.001000,0.001000,0.001000,0.001000,0.001000
1050.596154,-0.047574,0.001000,0.001000,0.001000,0.001000,0.001000
1050.615385,-0.047122,0.001000,0.001000,0.001000,0.001000,0.001000
1050.634615,-0.046633,0.001000,0.001000,0.001000,0.001000,0.001000
1050.653846,-0.046106,0.001000,0.001000,0.001000,0.001000,0.001000
1050.673077,-0.045543,0.001000,0.001000,0.001000,0.001000,0.001000
1050.692308,-0.044944,0.001000,0.001000,0.001000,0.001000,0.001000
1050.711538,-0.044310,0.001000,0.001000,0.001000,0.001000,0.001000
1050.730769,-0.043640,0.001000,0.001000,0.001000,0.001000,0.001000
1050.750000,-0.042936,0.001000,0.001000,0.001000,0.001000,0.001000
1050.769231,-0.042197,0.001000,0.001000,0.001000,0.001000,0.001000
1050.788462,-0.041425,0.001000,0.001000,0.001000,0.001000,0.001000
1050.807692,-0.040621,0.001000,0.001000,0.001000,0.001000,0.001000
1050.826923,-0.039784,0.001000,0.001000,0.001000,0.001000,0.001000
1050.846154,-0.038915,0.001000,0.001000,0.001000,0.001000,0.001000
1050.865385,-0.038016,0.001000,0.001000,0.001000,0.001000,0.001000
1050.884615,-0.037086,0.001000,0.001000,0.001000,0.001000,0.001000
1050.903846,-0.036127,0.001000,0.001000,0.001000,0.001000,0.001000
1050.923077,-0.035140,0.001000,0.001000,0.001000,0.001000,0.001000
1050.942308,-0.034124,0.001000,0.001000,0.001000,0.001000,0.001000
1050.961538,-0.033082,0.001000,0.001000,0.001000,0.001000,0.001000
1050.980769,-0.032013,0.001000,0.001000,0.001000,0.001000,0.001000
1051.000000,-0.030919,0.001000,0.001000,0.001000,0.001000,0.001000
1051.019231,-0.029801,0.001000,0.001000,0.001000,0.001000,0.001000
1051.038462,-0.028659,0.001000,0.001000,0.001000,0.001000,0.001000
1051.057692,-0.027494,0.001000,0.001000,0.001000,0.001000,0.001000
1051.076923,-0.026307,0.001000,0.001000,0.001000,0.001000,0.001000
1051.096154,-0.025099,0.001000,0.001000,0.001000,0.001000,0.001000
1051.115385,-0.023872,0.001000,0.001000,0.001000,0.001000,0.001000
1051.134615,-0.022625,0.001000,0.001000,0.001000,0.001000,0.001000
1051.153846,-0.021361,0.001000,0.001000,0.001000,0.001000,0.001000
1051.173077,-0.020080,0.001000,0.001000,0.001000,0.001000,0.001000
1051.192308,-0.018783,0.001000,0.001000,0.001000,0.001000,0.001000
1051.211538,-0.017471,0.001000,0.001000,0.001000,0.001000,0.001000
1051.230769,-0.016145,0.001000,0.001000,0.001000,0.001000,0.001000
1051.250000,-0.014806,0.001000,0.001000,0.001000,0.001000,0.001000
1051.269231,-0.013455,0.001000,0.001000,0.001000,0.001000,0.001000
1051.288462,-0.012094,0.001000,0.001000,0.001000,0.001000,0.001000
1051.307692,-0.010724,0.001000,0.001000,0.001000,0.001000,0.001000
1051.326923,-0.009344,0.001000,0.001000,0.001000,0.001000,0.001000
1051.346154,-0.007958,0.001000,0.001000,0.001000,0.001000,0.001000
1051.365385,-0.006565,0.001000,0.001000,0.001000,0.001000,0.001000
1051.384615,-0.005167,0.001000,0.001000,0.001000,0.001000,0.001000
1051.403846,-0.003764,0.001000,0.001000,0.001000,0.001000,0.001000
1051.423077,-0.002359,0.001000,0.001000,0.001000,0.001000,0.001000
1051.442308,-0.000952,0.001000,0.001000,0.001000,0.001000,0.001000
1051.461538,0.000456,0.001000,0.001000,0.001000,0.001000,0.001000
1051.480769,0.001863,0.001000,0.001000,0.001000,0.001000,0.001000
1051.500000,0.003270,0.001000,0.001000,0.001000,0.001000,0.001000
1051.519231,0.004673,0.001000,0.001000,0.001000,0.001000,0.001000
1051.538462,0.006073,0.001000,0.001000,0.001000,0.001000,0.001000
1051.557692,0.007468,0.001000,0.001000,0.001000,0.001000,0.001000
1051.576923,0.008857,0.001000,0.001000,0.001000,0.001000,0.001000
1051.596154,0.010239,0.001000,0.001000,0.001000,0.001000,0.001000
1051.615385,0.011612,0.001000,0.001000,0.001000,0.001000,0.001000
1051.634615,0.012977,0.001000,0.001000,0.001000,0.001000,0.001000
1051.653846,0.014331,0.001000,0.001000,0.001000,0.001000,0.001000
1051.673077,0.015674,0.001000,0.001000,0.001000,0.001000,0.001000
1051.692308,0.017005,0.001000,0.001000,0.001000,0.001000,0.001000
1051.711538,0.018322,0.001000,0.001000,0.001000,0.001000,0.001000
1051.730769,0.019625,0.001000,0.001000,0.001000,0.001000,0.001000
1051.750000,0.020912,0.001000,0.001000,0.001000,0.001000,0.001000
1051.769231,0.022182,0.001000,0.001000,0.001000,0.001000,0.001000
1051.788462,0.023435,0.001000,0.001000,0.001000,0.001000,0.001000
1051.807692,0.024669,0.001000,0.001000,0.001000,0.001000,0.001000
1051.826923,0.025884,0.001000,0.001000,0.001000,0.001000,0.001000
1051.846154,0.027078,0.001000,0.001000,0.001000,0.001000,0.001000
1051.865385,0.028251,0.001000,0.001000,0.001000,0.001000,0.001000
1051.884615,0.029401,0.001000,0.001000,0.001000,0.001000,0.001000
1051.903846,0.030528,0.001000,0.001000,0.001000,0.001000,0.001000
1051.923077,0.031631,0.001000,0.001000,0.001000,0.001000,0.001000
1051.942308,0.032709,0.001000,0.001000,0.001000,0.001000,0.001000
1051.961538,0.033760,0.001000,0.001000,0.001000,0.001000,0.001000
1051.980769,0.034785,0.001000,0.001000,0.001000,0.001000,0.001000
1052.000000,0.035783,0.001000,0.001000,0.001000,0.001000,0.001000
1052.019231,0.036752,0.001000,0.001000,0.001000,0.001000,0.001000
1052.038462,0.037692,0.001000,0.001000,0.001000,0.001000,0.001000
1052.057692,0.038602,0.001000,0.001000,0.001000,0.001000,0.001000
1052.076923,0.039481,0.001000,0.001000,0.001000,0.001000,0.001000
1052.096154,0.040329,0.001000,0.001000,0.001000,0.001000,0.001000
1052.115385,0.041145,0.001000,0.001000,0.001000,0.001000,0.001000
1052.134615,0.041929,0.001000,0.001000,0.001000,0.001000,0.001000
1052.153846,0.042679,0.001000,0.001000,0.001000,0.001000,0.001000
1052.173077,0.043396,0.001000,0.001000,0.001000,0.001000,0.001000
1052.192308,0.044078,0.001000,0.001000,0.001000,0.001000,0.001000
1052.211538,0.044725,0.001000,0.001000,0.001000,0.001000,0.001000
1052.230769,0.045337,0.001000,0.001000,0.001000,0.001000,0.001000
1052.250000,0.045912,0.001000,0.001000,0.001000,0.001000,0.001000
1052.269231,0.046451,0.001000,0.001000,0.001000,0.001000,0.001000
1052.288462,0.046954,0.001000,0.001000,0.001000,0.001000,0.001000
1052.307692,0.047419,0.001000,0.001000,0.001000,0.001000,0.001000
1052.326923,0.047847,0.001000,0.001000,0.001000,0.001000,0.001000
1052.346154,0.048237,0.001000,0.001000,0.001000,0.001000,0.001000
1052.365385,0.048588,0.001000,0.001000,0.001000,0.001000,0.001000
1052.384615,0.048901,0.001000,0.001000,0.001000,0.001000,0.001000
1052.403846,0.049175,0.001000,0.001000,0.001000,0.001000,0.001000
1052.423077,0.049410,0.001000,0.001000,0.001000,0.001000,0.001000
1052.442308,0.049606,0.001000,0.001000,0.001000,0.001000,0.001000
1052.461538,0.049763,0.001000,0.001000,0.001000,0.001000,0.001000
1052.480769,0.049880,0.001000,0.001000,0.001000,0.001000,0.001000
1052.500000,0.049958,0.001000,0.001000,0.001000,0.001000,0.001000
1052.519231,0.049996,0.001000,0.001000,0.001000,0.001000,0.001000
1052.538462,0.049994,0.001000,0.001000,0.001000,0.001000,0.001000
1052.557692,0.049953,0.001000,0.001000,0.001000,0.001000,0.001000
1052.576923,0.049872,0.001000,0.001000,0.001000,0.001000,0.001000
1052.596154,0.049752,0.001000,0.001000,0.001000,0.001000,0.001000
1052.615385,0.049592,0.001000,0.001000,0.001000,0.001000,0.001000
1052.634615,0.049393,0.001000,0.001000,0.001000,0.001000,0.001000
1052.653846,0.049155,0.001000,0.001000,0.001000,0.001000,0.001000
1052.673077,0.048877,0.001000,0.001000,0.001000,0.001000,0.001000
1052.692308,0.048561,0.001000,0.001000,0.001000,0.001000,0.001000
1052.711538,0.048207,0.001000,0.001000,0.001000,0.001000,0.001000
1052.730769,0.047814,0.001000,0.001000,0.001000,0.001000,0.001000
1052.750000,0.047383,0.001000,0.001000,0.001000,0.001000,0.001000
1052.769231,0.046915,0.001000,0.001000,0.001000,0.001000,0.001000
1052.788462,0.046410,0.001000,0.001000,0.001000,0.001000,0.001000
1052.807692,0.045867,0.001000,0.001000,0.001000,0.001000,0.001000
1052.826923,0.045289,0.001000,0.001000,0.001000,0.001000,0.001000
1052.846154,0.044674,0.001000,0.001000,0.001000,0.001000,0.001000
1052.865385,0.044024,0.001000,0.001000,0.001000,0.001000,0.001000
1052.884615,0.043340,0.001000,0.001000,0.001000,0.001000,0.001000
1052.903846,0.042620,0.001000,0.001000,0.001000,0.001000,0.001000
1052.923077,0.041867,0.001000,0.001000,0.001000,0.001000,0.001000
1052.942308,0.041081,0.001000,0.001000,0.001000,0.001000,0.001000
1052.961538,0.040263,0.001000,0.001000,0.001000,0.001000,0.001000
1052.980769,0.039412,0.001000,0.001000,0.001000,0.001000,0.001000
1053.000000,0.038530,0.001000,0.001000,0.001000,0.001000,0.001000
1053.019231,0.037618,0.001000,0.001000,0.001000,0.001000,0.001000
1053.038462,0.036675,0.001000,0.001000,0.001000,0.001000,0.001000
1053.057692,0.035704,0.001000,0.001000,0.001000,0.001000,0.001000
1053.076923,0.034704,0.001000,0.001000,0.001000,0.001000,0.001000
1053.096154,0.033677,0.001000,0.001000,0.001000,0.001000,0.001000
1053.115385,0.032623,0.001000,0.001000,0.001000,0.001000,0.001000
1053.134615,0.031543,0.001000,0.001000,0.001000,0.001000,0.001000
1053.153846,0.030439,0.001000,0.001000,0.001000,0.001000,0.001000
1053.173077,0.029310,0.001000,0.001000,0.001000,0.001000,0.001000
1053.192308,0.028158,0.001000,0.001000,0.001000,0.001000,0.001000
1053.211538,0.026983,0.001000,0.001000,0.001000,0.001000,0.001000
1053.230769,0.025787,0.001000,0.001000,0.001000,0.001000,0.001000
1053.250000,0.024571,0.001000,0.001000,0.001000,0.001000,0.001000
1053.269231,0.023335,0.001000,0.001000,0.001000,0.001000,0.001000
1053.288462,0.022081,0.001000,0.001000,0.001000,0.001000,0.001000
1053.307692,0.020809,0.001000,0.001000,0.001000,0.001000,0.001000
1053.326923,0.019521,0.001000,0.001000,0.001000,0.001000,0.001000
1053.346154,0.018217,0.001000,0.001000,0.001000,0.001000,0.001000
1053.365385,0.016899,0.001000,0.001000,0.001000,0.001000,0.001000
1053.384615,0.015567,0.001000,0.001000,0.001000,0.001000,0.001000
1053.403846,0.014223,0.001000,0.001000,0.001000,0.001000,0.001000
1053.423077,0.012868,0.001000,0.001000,0.001000,0.001000,0.001000
1053.442308,0.011503,0.001000,0.001000,0.001000,0.001000,0.001000
1053.461538,0.010128,0.001000,0.001000,0.001000,0.001000,0.001000
1053.480769,0.008746,0.001000,0.001000,0.001000,0.001000,0.001000
1053.500000,0.007356,0.001000,0.001000,0.001000,0.001000,0.001000
1053.519231,0.005961,0.001000,0.001000,0.001000,0.001000,0.001000
1053.538462,0.004561,0.001000,0.001000,0.001000,0.001000,0.001000
1053.557692,0.003157,0.001000,0.001000,0.001000,0.001000,0.001000
1053.576923,0.001751,0.001000,0.001000,0.001000,0.001000,0.001000
1053.596154,0.000343,0.001000,0.001000,0.001000,0.001000,0.001000
1053.615385,-0.001065,0.001000,0.001000,0.001000,0.001000,0.001000
1053.634615,-0.002472,0.001000,0.001000,0.001000,0.001000,0.001000
1053.653846,-0.003877,0.001000,0.001000,0.001000,0.001000,0.001000
1053.673077,-0.005279,0.001000,0.001000,0.001000,0.001000,0.001000
1053.692308,-0.006676,0.001000,0.001000,0.001000,0.001000,0.001000
1053.711538,-0.008069,0.001000,0.001000,0.001000,0.001000,0.001000
1053.730769,-0.009455,0.001000,0.001000,0.001000,0.001000,0.001000
1053.750000,-0.010834,0.001000,0.001000,0.001000,0.001000,0.001000
1053.769231,-0.012204,0.001000,0.001000,0.001000,0.001000,0.001000
1053.788462,-0.013564,0.001000,0.001000,0.001000,0.001000,0.001000
1053.807692,-0.014914,0.001000,0.001000,0.001000,0.001000,0.001000
1053.826923,-0.016251,0.001000,0.001000,0.001000,0.001000,0.001000
1053.846154,-0.017576,0.001000,0.001000,0.001000,0.001000,0.001000
1053.865385,-0.018887,0.001000,0.001000,0.001000,0.001000,0.001000
1053.884615,-0.020183,0.001000,0.001000,0.001000,0.001000,0.001000
1053.903846,-0.021463,0.001000,0.001000,0.001000,0.001000,0.001000
1053.923077,-0.022726,0.001000,0.001000,0.001000,0.001000,0.001000
1053.942308,-0.023971,0.001000,0.001000,0.001000,0.001000,0.001000
1053.961538,-0.025197,0.001000,0.001000,0.001000,0.001000,0.001000
1053.980769,-0.026403,0.001000,0.001000,0.001000,0.001000,0.001000
1054.000000,-0.027588,0.001000,0.001000,0.001000,0.001000,0.001000
1054.019231,-0.028751,0.001000,0.001000,0.001000,0.001000,0.001000
1054.038462,-0.029891,0.001000,0.001000,0.001000,0.001000,0.001000
1054.057692,-0.031008,0.001000,0.001000,0.001000,0.001000,0.001000
1054.076923,-0.032100,0.001000,0.001000,0.001000,0.001000,0.001000
1054.096154,-0.033167,0.001000,0.001000,0.001000,0.001000,0.001000
1054.115385,-0.034207,0.001000,0.001000,0.001000,0.001000,0.001000
1054.134615,-0.035220,0.001000,0.001000,0.001000,0.001000,0.001000
1054.153846,-0.036205,0.001000,0.001000,0.001000,0.001000,0.001000
1054.173077,-0.037162,0.001000,0.001000,0.001000,0.001000,0.001000
1054.192308,-0.038089,0.001000,0.001000,0.001000,0.001000,0.001000
1054.211538,-0.038986,0.001000,0.001000,0.001000,0.001000,0.001000
1054.230769,-0.039852,0.001000,0.001000,0.001000,0.001000,0.001000
1054.250000,-0.040686,0.001000,0.001000,0.001000,0.001000,0.001000
1054.269231,-0.041488,0.001000,0.001000,0.001000,0.001000,0.001000
1054.288462,-0.042258,0.001000,0.001000,0.001000,0.001000,0.001000
1054.307692,-0.042993,0.001000,0.001000,0.001000,0.001000,0.001000
1054.326923,-0.043695,0.001000,0.001000,0.001000,0.001000,0.001000
1054.346154,-0.044362,0.001000,0.001000,0.001000,0.001000,0.001000
1054.365385,-0.044994,0.001000,0.001000,0.001000,0.001000,0.001000
1054.384615,-0.045590,0.001000,0.001000,0.001000,0.001000,0.001000
1054.403846,-0.046150,0.001000,0.001000,0.001000,0.001000,0.001000
1054.423077,-0.046673,0.001000,0.001000,0.001000,0.001000,0.001000
1054.442308,-0.047160,0.001000,0.001000,0.001000,0.001000,0.001000
1054.461538,-0.047609,0.001000,0.001000,0.001000,0.001000,0.001000
1054.480769,-0.048020,0.001000,0.001000,0.001000,0.001000,0.001000
1054.500000,-0.048393,0.001000,0.001000,0.001000,0.001000,0.001000
1054.519231,-0.048728,0.001000,0.001000,0.001000,0.001000,0.001000
1054.538462,-0.049024,0.001000,0.001000,0.001000,0.001000,0.001000
1054.557692,-0.049282,0.001000,0.001000,0.001000,0.001000,0.001000
1054.576923,-0.049500,0.001000,0.001000,0.001000,0.001000,0.001000
1054.596154,-0.049679,0.001000,0.001000,0.001000,0.001000,0.001000
1054.615385,-0.049818,0.001000,0.001000,0.001000,0.001000,0.001000
1054.634615,-0.049919,0.001000,0.001000,0.001000,0.001000,0.001000
1054.653846,-0.049979,0.001000,0.001000,0.001000,0.001000,0.001000
1054.673077,-0.050000,0.001000,0.001000,0.001000,0.001000,0.001000
1054.692308,-0.049981,0.001000,0.001000,0.001000,0.001000,0.001000
1054.711538,-0.049923,0.001000,0.001000,0.001000,0.001000,0.001000
1054.730769,-0.049825,0.001000,0.001000,0.001000,0.001000,0.001000
1054.750000,-0.049688,0.001000,0.001000,0.001000,0.001000,0.001000
1054.769231,-0.049511,0.001000,0.001000,0.001000,0.001000,0.001000
1054.788462,-0.049295,0.001000,0.001000,0.001000,0.001000,0.001000
1054.807692,-0.049039,0.001000,0.001000,0.001000,0.001000,0.001000
1054.826923,-0.048745,0.001000,0.001000,0.001000,0.001000,0.001000
1054.846154,-0.048413,0.001000,0.001000,0.001000,0.001000,0.001000
1054.865385,-0.048042,0.001000,0.001000,0.001000,0.001000,0.001000
1054.884615,-0.047632,0.001000,0.001000,0.001000,0.001000,0.001000
1054.903846,-0.047185,0.001000,0.001000,0.001000,0.001000,0.001000
1054.923077,-0.046701,0.001000,0.001000,0.001000,0.001000,0.001000
1054.942308,-0.046180,0.001000,0.001000,0.001000,0.001000,0.001000
1054.961538,-0.045622,0.001000,0.001000,0.001000,0.001000,0.001000
1054.980769,-0.045028,0.001000,0.001000,0.001000,0.001000,0.001000
1055.000000,-0.044398,0.001000,0.001000,0.001000,0.001000,0.001000
1055.019231,-0.043733,0.001000,0.001000,0.001000,0.001000,0.001000
1055.038462,-0.043033,0.001000,0.001000,0.001000,0.001000,0.001000
1055.057692,-0.042299,0.001000,0.001000,0.001000,0.001000,0.001000
1055.076923,-0.041532,0.001000,0.001000,0.001000,0.001000,0.001000
1055.096154,-0.040731,0.001000,0.001000,0.001000,0.001000,0.001000
1055.115385,-0.039899,0.001000,0.001000,0.001000,0.001000,0.001000
1055.134615,-0.039034,0.001000,0.001000,0.001000,0.001000,0.001000
1055.153846,-0.038139,0.001000,0.001000,0.001000,0.001000,0.001000
1055.173077,-0.037214,0.001000,0.001000,0.001000,0.001000,0.001000
1055.192308,-0.036259,0.001000,0.001000,0.001000,0.001000,0.001000
1055.211538,-0.035275,0.001000,0.001000,0.001000,0.001000,0.001000
1055.230769,-0.034263,0.001000,0.001000,0.001000,0.001000,0.001000
1055.250000,-0.033225,0.001000,0.001000,0.001000,0.001000,0.001000
1055.269231,-0.032159,0.001000,0.001000,0.001000,0.001000,0.001000
1055.288462,-0.031069,0.001000,0.001000,0.001000,0.001000,0.001000
1055.307692,-0.029953,0.001000,0.001000,0.001000,0.001000,0.001000
1055.326923,-0.028814,0.001000,0.001000,0.001000,0.001000,0.001000
1055.346154,-0.027652,0.001000,0.001000,0.001000,0.001000,0.001000
1055.365385,-0.026469,0.001000,0.001000,0.001000,0.001000,0.001000
1055.384615,-0.025264,0.001000,0.001000,0.001000,0.001000,0.001000
1055.403846,-0.024039,0.001000,0.001000,0.001000,0.001000,0.001000
1055.423077,-0.022795,0.001000,0.001000,0.001000,0.001000,0.001000
1055.442308,-0.021533,0.001000,0.001000,0.001000,0.001000,0.001000
1055.461538,-0.020254,0.001000,0.001000,0.001000,0.001000,0.001000
1055.480769,-0.018959,0.001000,0.001000,0.001000,0.001000,0.001000
1055.500000,-0.017649,0.001000,0.001000,0.001000,0.001000,0.001000
1055.519231,-0.016325,0.001000,0.001000,0.001000,0.001000,0.001000
1055.538462,-0.014988,0.001000,0.001000,0.001000,0.001000,0.001000
1055.557692,-0.013639,0.001000,0.001000,0.001000,0.001000,0.001000
1055.576923,-0.012279,0.001000,0.001000,0.001000,0.001000,0.001000
1055.596154,-0.010909,0.001000,0.001000,0.001000,0.001000,0.001000
1055.615385,-0.009531,0.001000,0.001000,0.001000,0.001000,0.001000
1055.634615,-0.008146,0.001000,0.001000,0.001000,0.001000,0.001000
1055.653846,-0.006753,0.001000,0.001000,0.001000,0.001000,0.001000
1055.673077,-0.005356,0.001000,0.001000,0.001000,0.001000,0.001000
1055.692308,-0.003954,0.001000,0.001000,0.001000,0.001000,0.001000
1055.711538,-0.002549,0.001000,0.001000,0.001000,0.001000,0.001000
1055.730769,-0.001142,0.001000,0.001000,0.001000,0.001000,0.001000
1055.750000,0.000266,0.001000,0.001000,0.001000,0.001000,0.001000
1055.769231,0.001673,0.001000,0.001000,0.001000,0.001000,0.001000
1055.788462,0.003079,0.001000,0.001000,0.001000,0.001000,0.001000
1055.807692,0.004483,0.001000,0.001000,0.001000,0.001000,0.001000
1055.826923,0.005884,0.001000,0.001000,0.001000,0.001000,0.001000
1055.846154,0.007279,0.001000,0.001000,0.001000,0.001000,0.001000
1055.865385,0.008669,0.001000,0.001000,0.001000,0.001000,0.001000
1055.884615,0.010052,0.001000,0.001000,0.001000,0.001000,0.001000
1055.903846,0.011427,0.001000,0.001000,0.001000,0.001000,0.001000
1055.923077,0.012793,0.001000,0.001000,0.001000,0.001000,0.001000
1055.942308,0.014149,0.001000,0.001000,0.001000,0.001000,0.001000
1055.961538,0.015494,0.001000,0.001000,0.001000,0.001000,0.001000
1055.980769,0.016826,0.001000,0.001000,0.001000,0.001000,0.001000
1056.000000,0.018145,0.001000,0.001000,0.001000,0.001000,0.001000
1056.019231,0.019449,0.001000,0.001000,0.001000,0.001000,0.001000
1056.038462,0.020739,0.001000,0.001000,0.001000,0.001000,0.001000
1056.057692,0.022011,0.001000,0.001000,0.001000,0.001000,0.001000
1056.076923,0.023267,0.001000,0.001000,0.001000,0.001000,0.001000
1056.096154,0.024503,0.001000,0.001000,0.001000,0.001000,0.001000
1056.115385,0.025721,0.001000,0.001000,0.001000,0.001000,0.001000
1056.134615,0.026918,0.001000,0.001000,0.001000,0.001000,0.001000
1056.153846,0.028093,0.001000,0.001000,0.001000,0.001000,0.001000
1056.173077,0.029247,0.001000,0.001000,0.001000,0.001000,0.001000
1056.192308,0.030377,0.001000,0.001000,0.001000,0.001000,0.001000
1056.211538,0.031483,0.001000,0.001000,0.001000,0.001000,0.001000
1056.230769,0.032564,0.001000,0.001000,0.001000,0.001000,0.001000
1056.250000,0.033620,0.001000,0.001000,0.001000,0.001000,0.001000
1056.269231,0.034648,0.001000,0.001000,0.001000,0.001000,0.001000
1056.288462,0.035650,0.001000,0.001000,0.001000,0.001000,0.001000
1056.307692,0.036622,0.001000,0.001000,0.001000,0.001000,0.001000
1056.326923,0.037566,0.001000,0.001000,0.001000,0.001000,0.001000
1056.346154,0.038480,0.001000,0.001000,0.001000,0.001000,0.001000
1056.365385,0.039364,0.001000,0.001000,0.001000,0.001000,0.001000
1056.384615,0.040216,0.001000,0.001000,0.001000,0.001000,0.001000
1056.403846,0.041037,0.001000,0.001000,0.001000,0.001000,0.001000
1056.423077,0.041825,0.001000,0.001000,0.001000,0.001000,0.001000
1056.442308,0.042580,0.001000,0.001000,0.001000,0.001000,0.001000
1056.461538,0.043301,0.001000,0.001000,0.001000,0.001000,0.001000
1056.480769,0.043988,0.001000,0.001000,0.001000,0.001000,0.001000
1056.500000,0.044639,0.001000,0.001000,0.001000,0.001000,0.001000
1056.519231,0.045256,0.001000,0.001000,0.001000,0.001000,0.001000
1056.538462,0.045836,0.001000,0.001000,0.001000,0.001000,0.001000
1056.557692,0.046381,0.001000,0.001000,0.001000,0.001000,0.001000
1056.576923,0.046888,0.001000,0.001000,0.001000,0.001000,0.001000
1056.596154,0.047358,0.001000,0.001000,0.001000,0.001000,0.001000
1056.615385,0.047791,0.001000,0.001000,0.001000,0.001000,0.001000
1056.634615,0.048186,0.001000,0.001000,0.001000,0.001000,0.001000
1056.653846,0.048543,0.001000,0.001000,0.001000,0.001000,0.001000
1056.673077,0.048861,0.001000,0.001000,0.001000,0.001000,0.001000
1056.692308,0.049140,0.001000,0.001000,0.001000,0.001000,0.001000
1056.711538,0.049381,0.001000,0.001000,0.001000,0.001000,0.001000
1056.730769,0.049582,0.001000,0.001000,0.001000,0.001000,0.001000
1056.750000,0.049744,0.001000,0.001000,0.001000,0.001000,0.001000
1056.769231,0.049867,0.001000,0.001000,0.001000,0.001000,0.001000
1056.788462,0.049950,0.001000,0.001000,0.001000,0.001000,0.001000
1056.807692,0.049993,0.001000,0.001000,0.001000,0.001000,0.001000
1056.826923,0.049997,0.001000,0.001000,0.001000,0.001000,0.001000
1056.846154,0.049961,0.001000,0.001000,0.001000,0.001000,0.001000
1056.865385,0.049885,0.001000,0.001000,0.001000,0.001000,0.001000
1056.884615,0.049770,0.001000,0.001000,0.001000,0.001000,0.001000
1056.903846,0.049616,0.001000,0.001000,0.001000,0.001000,0.001000
1056.923077,0.049422,0.001000,0.001000,0.001000,0.001000,0.001000
1056.942308,0.049189,0.001000,0.001000,0.001000,0.001000,0.001000
1056.961538,0.048917,0.001000,0.001000,0.001000,0.001000,0.001000
1056.980769,0.048606,0.001000,0.001000,0.001000,0.001000,0.001000
1057.000000,0.048257,0.001000,0.001000,0.001000,0.001000,0.001000
1057.019231,0.047869,0.001000,0.001000,0.001000,0.001000,0.001000
1057.038462,0.047444,0.001000,0.001000,0.001000,0.001000,0.001000
1057.057692,0.046981,0.001000,0.001000,0.001000,0.001000,0.001000
1057.076923,0.046480,0.001000,0.001000,0.001000,0.001000,0.001000
1057.096154,0.045943,0.001000,0.001000,0.001000,0.001000,0.001000
1057.115385,0.045369,0.001000,0.001000,0.001000,0.001000,0.001000
1057.134615,0.044760,0.001000,0.001000,0.001000,0.001000,0.001000
1057.153846,0.044114,0.001000,0.001000,0.001000,0.001000,0.001000
1057.173077,0.043434,0.001000,0.001000,0.001000,0.001000,0.001000
1057.192308,0.042720,0.001000,0.001000,0.001000,0.001000,0.001000
1057.211538,0.041971,0.001000,0.001000,0.001000,0.001000,0.001000
1057.230769,0.041190,0.001000,0.001000,0.001000,0.001000,0.001000
1057.250000,0.040375,0.001000,0.001000,0.001000,0.001000,0.001000
1057.269231,0.039529,0.001000,0.001000,0.001000,0.001000,0.001000
1057.288462,0.038651,0.001000,0.001000,0.001000,0.001000,0.001000
1057.307692,0.037743,0.001000,0.001000,0.001000,0.001000,0.001000
1057.326923,0.036804,0.001000,0.001000,0.001000,0.001000,0.001000
1057.346154,0.035837,0.001000,0.001000,0.001000,0.001000,0.001000
1057.365385,0.034841,0.001000,0.001000,0.001000,0.001000,0.001000
1057.384615,0.033818,0.001000,0.001000,0.001000,0.001000,0.001000
1057.403846,0.032767,0.001000,0.001000,0.001000,0.001000,0.001000
1057.423077,0.031691,0.001000,0.001000,0.001000,0.001000,0.001000
1057.442308,0.030589,0.001000,0.001000,0.001000,0.001000,0.001000
1057.461538,0.029464,0.001000,0.001000,0.001000,0.001000,0.001000
1057.480769,0.028315,0.001000,0.001000,0.001000,0.001000,0.001000
1057.500000,0.027143,0.001000,0.001000,0.001000,0.001000,0.001000
1057.519231,0.025950,0.001000,0.001000,0.001000,0.001000,0.001000
1057.538462,0.024737,0.001000,0.001000,0.001000,0.001000,0.001000
1057.557692,0.023503,0.001000,0.001000,0.001000,0.001000,0.001000
1057.576923,0.022252,0.001000,0.001000,0.001000,0.001000,0.001000
1057.596154,0.020982,0.001000,0.001000,0.001000,0.001000,0.001000
1057.615385,0.019696,0.001000,0.001000,0.001000,0.001000,0.001000
1057.634615,0.018394,0.001000,0.001000,0.001000,0.001000,0.001000
1057.653846,0.017078,0.001000,0.001000,0.001000,0.001000,0.001000
1057.673077,0.015748,0.001000,0.001000,0.001000,0.001000,0.001000
1057.692308,0.014406,0.001000,0.001000,0.001000,0.001000,0.001000
1057.711538,0.013052,0.001000,0.001000,0.001000,0.001000,0.001000
1057.730769,0.011688,0.001000,0.001000,0.001000,0.001000,0.001000
1057.750000,0.010315,0.001000,0.001000,0.001000,0.001000,0.001000
1057.769231,0.008933,0.001000,0.001000,0.001000,0.001000,0.001000
1057.788462,0.007544,0.001000,0.001000,0.001000,0.001000,0.001000
1057.807692,0.006150,0.001000,0.001000,0.001000,0.001000,0.001000
1057.826923,0.004750,0.001000,0.001000,0.001000,0.001000,0.001000
1057.846154,0.003347,0.001000,0.001000,0.001000,0.001000,0.001000
1057.865385,0.001941,0.001000,0.001000,0.001000,0.001000,0.001000
1057.884615,0.000534,0.001000,0.001000,0.001000,0.001000,0.001000
1057.903846,-0.000874,0.001000,0.001000,0.001000,0.001000,0.001000
1057.923077,-0.002281,0.001000,0.001000,0.001000,0.001000,0.001000
1057.942308,-0.003687,0.001000,0.001000,0.001000,0.001000,0.001000
1057.961538,-0.005089,0.001000,0.001000,0.001000,0.001000,0.001000
1057.980769,-0.006488,0.001000,0.001000,0.001000,0.001000,0.001000
1058.000000,-0.007881,0.001000,0.001000,0.001000,0.001000,0.001000
1058.019231,-0.009268,0.001000,0.001000,0.001000,0.001000,0.001000
1058.038462,-0.010648,0.001000,0.001000,0.001000,0.001000,0.001000
1058.057692,-0.012019,0.001000,0.001000,0.001000,0.001000,0.001000
1058.076923,-0.013381,0.001000,0.001000,0.001000,0.001000,0.001000
1058.096154,-0.014732,0.001000,0.001000,0.001000,0.001000,0.001000
1058.115385,-0.016071,0.001000,0.001000,0.001000,0.001000,0.001000
1058.134615,-0.017398,0.001000,0.001000,0.001000,0.001000,0.001000
1058.153846,-0.018711,0.001000,0.001000,0.001000,0.001000,0.001000
1058.173077,-0.020009,0.001000,0.001000,0.001000,0.001000,0.001000
1058.192308,-0.021291,0.001000,0.001000,0.001000,0.001000,0.001000
1058.211538,-0.022556,0.001000,0.001000,0.001000,0.001000,0.001000
1058.230769,-0.023804,0.001000,0.001000,0.001000,0.001000,0.001000
1058.250000,-0.025032,0.001000,0.001000,0.001000,0.001000,0.001000
1058.269231,-0.026241,0.001000,0.001000,0.001000,0.001000,0.001000
1058.288462,-0.027429,0.001000,0.001000,0.001000,0.001000,0.001000
1058.307692,-0.028595,0.001000,0.001000,0.001000,0.001000,0.001000
1058.326923,-0.029738,0.001000,0.001000,0.001000,0.001000,0.001000
1058.346154,-0.030858,0.001000,0.001000,0.001000,0.001000,0.001000
1058.365385,-0.031954,0.001000,0.001000,0.001000,0.001000,0.001000
1058.384615,-0.033024,0.001000,0.001000,0.001000,0.001000,0.001000
1058.403846,-0.034068,0.001000,0.001000,0.001000,0.001000,0.001000
1058.423077,-0.035085,0.001000,0.001000,0.001000,0.001000,0.001000
1058.442308,-0.036074,0.001000,0.001000,0.001000,0.001000,0.001000
1058.461538,-0.037034,0.001000,0.001000,0.001000,0.001000,0.001000
1058.480769,-0.037965,0.001000,0.001000,0.001000,0.001000,0.001000
1058.500000,-0.038866,0.001000,0.001000,0.001000,0.001000,0.001000
1058.519231,-0.039737,0.001000,0.001000,0.001000,0.001000,0.001000
1058.538462,-0.040575,0.001000,0.001000,0.001000,0.001000,0.001000
1058.557692,-0.041382,0.001000,0.001000,0.001000,0.001000,0.001000
1058.576923,-0.042155,0.001000,0.001000,0.001000,0.001000,0.001000
1058.596154,-0.042896,0.001000,0.001000,0.001000,0.001000,0.001000
1058.615385,-0.043602,0.001000,0.001000,0.001000,0.001000,0.001000
1058.634615,-0.044274,0.001000,0.001000,0.001000,0.001000,0.001000
1058.653846,-0.044910,0.001000,0.001000,0.001000,0.001000,0.001000
1058.673077,-0.045511,0.001000,0.001000,0.001000,0.001000,0.001000
1058.692308,-0.046076,0.001000,0.001000,0.001000,0.001000,0.001000
1058.711538,-0.046605,0.001000,0.001000,0.001000,0.001000,0.001000
1058.730769,-0.047096,0.001000,0.001000,0.001000,0.001000,0.001000
1058.750000,-0.047550,0.001000,0.001000,0.001000,0.001000,0.001000
1058.769231,-0.047967,0.001000,0.001000,0.001000,0.001000,0.001000
1058.788462,-0.048345,0.001000,0.001000,0.001000,0.001000,0.001000
1058.807692,-0.048685,0.001000,0.001000,0.001000,0.001000,0.001000
1058.826923,-0.048986,0.001000,0.001000,0.001000,0.001000,0.001000
1058.846154,-0.049249,0.001000,0.001000,0.001000,0.001000,0.001000
1058.865385,-0.049473,0.001000,0.001000,0.001000,0.001000,0.001000
1058.884615,-0.049657,0.001000,0.001000,0.001000,0.001000,0.001000
1058.903846,-0.049802,0.001000,0.001000,0.001000,0.001000,0.001000
1058.923077,-0.049907,0.001000,0.001000,0.001000,0.001000,0.001000
1058.942308,-0.049973,0.001000,0.001000,0.001000,0.001000,0.001000
1058.961538,-0.049999,0.001000,0.001000,0.001000,0.001000,0.001000
1058.980769,-0.049986,0.001000,0.001000,0.001000,0.001000,0.001000
1059.000000,-0.049933,0.001000,0.001000,0.001000,0.001000,0.001000
1059.019231,-0.049841,0.001000,0.001000,0.001000,0.001000,0.001000
1059.038462,-0.049708,0.001000,0.001000,0.001000,0.001000,0.001000
1059.057692,-0.049537,0.001000,0.001000,0.001000,0.001000,0.001000
1059.076923,-0.049326,0.001000,0.001000,0.001000,0.001000,0.001000
1059.096154,-0.049076,0.001000,0.001000,0.001000,0.001000,0.001000
1059.115385,-0.048787,0.001000,0.001000,0.001000,0.001000,0.001000
1059.134615,-0.048460,0.001000,0.001000,0.001000,0.001000,0.001000
1059.153846,-0.048094,0.001000,0.001000,0.001000,0.001000,0.001000
1059.173077,-0.047690,0.001000,0.001000,0.001000,0.001000,0.001000
1059.192308,-0.047248,0.001000,0.001000,0.001000,0.001000,0.001000
1059.211538,-0.046769,0.001000,0.001000,0.001000,0.001000,0.001000
1059.230769,-0.046252,0.001000,0.001000,0.001000,0.001000,0.001000
1059.250000,-0.045699,0.001000,0.001000,0.001000,0.001000,0.001000
1059.269231,-0.045110,0.001000,0.001000,0.001000,0.001000,0.001000
1059.288462,-0.044485,0.001000,0.001000,0.001000,0.001000,0.001000
1059.307692,-0.043825,0.001000,0.001000,0.001000,0.001000,0.001000
1059.326923,-0.043129,0.001000,0.001000,0.001000,0.001000,0.001000
1059.346154,-0.042400,0.001000,0.001000,0.001000,0.001000,0.001000
1059.365385,-0.041637,0.001000,0.001000,0.001000,0.001000,0.001000
1059.384615,-0.040841,0.001000,0.001000,0.001000,0.001000,0.001000
1059.403846,-0.040013,0.001000,0.001000,0.001000,0.001000,0.001000
1059.423077,-0.039153,0.001000,0.001000,0.001000,0.001000,0.001000
1059.442308,-0.038262,0.001000,0.001000,0.001000,0.001000,0.001000
1059.461538,-0.037341,0.001000,0.001000,0.001000,0.001000,0.001000
1059.480769,-0.036390,0.001000,0.001000,0.001000,0.001000,0.001000
1059.500000,-0.035410,0.001000,0.001000,0.001000,0.001000,0.001000
1059.519231,-0.034402,0.001000,0.001000,0.001000,0.001000,0.001000
1059.538462,-0.033367,0.001000,0.001000,0.001000,0.001000,0.001000
1059.557692,-0.032305,0.001000,0.001000,0.001000,0.001000,0.001000
1059.576923,-0.031218,0.001000,0.001000,0.001000,0.001000,0.001000
1059.596154,-0.030106,0.001000,0.001000,0.001000,0.001000,0.001000
1059.615385,-0.028970,0.001000,0.001000,0.001000,0.001000,0.001000
1059.634615,-0.027811,0.001000,0.001000,0.001000,0.001000,0.001000
1059.653846,-0.026630,0.001000,0.001000,0.001000,0.001000,0.001000
1059.673077,-0.025428,0.001000,0.001000,0.001000,0.001000,0.001000
1059.692308,-0.024206,0.001000,0.001000,0.001000,0.001000,0.001000
1059.711538,-0.022964,0.001000,0.001000,0.001000,0.001000,0.001000
1059.730769,-0.021705,0.001000,0.001000,0.001000,0.001000,0.001000
1059.750000,-0.020428,0.001000,0.001000,0.001000,0.001000,0.001000
1059.769231,-0.019135,0.001000,0.001000,0.001000,0.001000,0.001000
1059.788462,-0.017827,0.001000,0.001000,0.001000,0.001000,0.001000
1059.807692,-0.016505,0.001000,0.001000,0.001000,0.001000,0.001000
1059.826923,-0.015169,0.001000,0.001000,0.001000,0.001000,0.001000
1059.846154,-0.013822,0.001000,0.001000,0.001000,0.001000,0.001000
1059.865385,-0.012463,0.001000,0.001000,0.001000,0.001000,0.001000
1059.884615,-0.011095,0.001000,0.001000,0.001000,0.001000,0.001000
1059.903846,-0.009718,0.001000,0.001000,0.001000,0.001000,0.001000
1059.923077,-0.008333,0.001000,0.001000,0.001000,0.001000,0.001000
1059.942308,-0.006942,0.001000,0.001000,0.001000,0.001000,0.001000
1059.961538,-0.005545,0.001000,0.001000,0.001000,0.001000,0.001000
1059.980769,-0.004144,0.001000,0.001000,0.001000,0.001000,0.001000
1060.000000,0.000000,0.001000,0.001000,0.001000,0.001000,0.001000
1060.019231,0.001367,0.001000,0.001000,0.001000,0.001000,0.001000
1060.038462,0.002733,0.001000,0.001000,0.001000,0.001000,0.001000
1060.057692,0.004097,0.001000,0.001000,0.001000,0.001000,0.001000
1060.076923,0.005458,0.001000,0.001000,0.001000,0.001000,0.001000
1060.096154,0.006814,0.001000,0.001000,0.001000,0.001000,0.001000
1060.115385,0.008166,0.001000,0.001000,0.001000,0.001000,0.001000
1060.134615,0.009511,0.001000,0.001000,0.001000,0.001000,0.001000
1060.153846,0.010850,0.001000,0.001000,0.001000,0.001000,0.001000
1060.173077,0.012180,0.001000,0.001000,0.001000,0.001000,0.001000
1060.192308,0.013501,0.001000,0.001000,0.001000,0.001000,0.001000
1060.211538,0.014813,0.001000,0.001000,0.001000,0.001000,0.001000
1060.230769,0.016113,0.001000,0.001000,0.001000,0.001000,0.001000
1060.250000,0.017401,0.001000,0.001000,0.001000,0.001000,0.001000
1060.269231,0.018676,0.001000,0.001000,0.001000,0.001000,0.001000
1060.288462,0.019937,0.001000,0.001000,0.001000,0.001000,0.001000
1060.307692,0.021183,0.001000,0.001000,0.001000,0.001000,0.001000
1060.326923,0.022413,0.001000,0.001000,0.001000,0.001000,0.001000
1060.346154,0.023627,0.001000,0.001000,0.001000,0.001000,0.001000
1060.365385,0.024822,0.001000,0.001000,0.001000,0.001000,0.001000
1060.384615,0.026000,0.001000,0.001000,0.001000,0.001000,0.001000
1060.403846,0.027158,0.001000,0.001000,0.001000,0.001000,0.001000
1060.423077,0.028295,0.001000,0.001000,0.001000,0.001000,0.001000
1060.442308,0.029412,0.001000,0.001000,0.001000,0.001000,0.001000
1060.461538,0.030506,0.001000,0.001000,0.001000,0.001000,0.001000
1060.480769,0.031578,0.001000,0.001000,0.001000,0.001000,0.001000
1060.500000,0.032626,0.001000,0.001000,0.001000,0.001000,0.001000
1060.519231,0.033649,0.001000,0.001000,0.001000,0.001000,0.001000
1060.538462,0.034648,0.001000,0.001000,0.001000,0.001000,0.001000
1060.557692,0.035620,0.001000,0.001000,0.001000,0.001000,0.001000
1060.576923,0.036566,0.001000,0.001000,0.001000,0.001000,0.001000
1060.596154,0.037485,0.001000,0.001000,0.001000,0.001000,0.001000
1060.615385,0.038376,0.001000,0.001000,0.001000,0.001000,0.001000
1060.634615,0.039238,0.001000,0.001000,0.001000,0.001000,0.001000
1060.653846,0.040070,0.001000,0.001000,0.001000,0.001000,0.001000
1060.673077,0.040873,0.001000,0.001000,0.001000,0.001000,0.001000
1060.692308,0.041645,0.001000,0.001000,0.001000,0.001000,0.001000
1060.711538,0.042386,0.001000,0.001000,0.001000,0.001000,0.001000
1060.730769,0.043095,0.001000,0.001000,0.001000,0.001000,0.001000
1060.750000,0.043772,0.001000,0.001000,0.001000,0.001000,0.001000
1060.769231,0.044416,0.001000,0.001000,0.001000,0.001000,0.001000
1060.788462,0.045027,0.001000,0.001000,0.001000,0.001000,0.001000
1060.807692,0.045605,0.001000,0.001000,0.001000,0.001000,0.001000
1060.826923,0.046148,0.001000,0.001000,0.001000,0.001000,0.001000
1060.846154,0.046657,0.001000,0.001000,0.001000,0.001000,0.001000
1060.865385,0.047131,0.001000,0.001000,0.001000,0.001000,0.001000
1060.884615,0.047570,0.001000,0.001000,0.001000,0.001000,0.001000
1060.903846,0.047973,0.001000,0.001000,0.001000,0.001000,0.001000
1060.923077,0.048340,0.001000,0.001000,0.001000,0.001000,0.001000
1060.942308,0.048672,0.001000,0.001000,0.001000,0.001000,0.001000
1060.961538,0.048966,0.001000,0.001000,0.001000,0.001000,0.001000
1060.980769,0.049225,0.001000,0.001000,0.001000,0.001000,0.001000
1061.000000,0.049446,0.001000,0.001000,0.001000,0.001000,0.001000
1061.019231,0.049630,0.001000,0.001000,0.001000,0.001000,0.001000
1061.038462,0.049778,0.001000,0.001000,0.001000,0.001000,0.001000
1061.057692,0.049888,0.001000,0.001000,0.001000,0.001000,0.001000
1061.076923,0.049961,0.001000,0.001000,0.001000,0.001000,0.001000
1061.096154,0.049996,0.001000,0.001000,0.001000,0.001000,0.001000
1061.115385,0.049994,0.001000,0.001000,0.001000,0.001000,0.001000
1061.134615,0.049955,0.001000,0.001000,0.001000,0.001000,0.001000
1061.153846,0.049878,0.001000,0.001000,0.001000,0.001000,0.001000
1061.173077,0.049765,0.001000,0.001000,0.001000,0.001000,0.001000
1061.192308,0.049613,0.001000,0.001000,0.001000,0.001000,0.001000
1061.211538,0.049425,0.001000,0.001000,0.001000,0.001000,0.001000
1061.230769,0.049200,0.001000,0.001000,0.001000,0.001000,0.001000
1061.250000,0.048938,0.001000,0.001000,0.001000,0.001000,0.001000
1061.269231,0.048640,0.001000,0.001000,0.001000,0.001000,0.001000
1061.288462,0.048305,0.001000,0.001000,0.001000,0.001000,0.001000
1061.307692,0.047934,0.001000,0.001000,0.001000,0.001000,0.001000
1061.326923,0.047527,0.001000,0.001000,0.001000,0.001000,0.001000
1061.346154,0.047085,0.001000,0.001000,0.001000,0.001000,0.001000
1061.365385,0.046607,0.001000,0.001000,0.001000,0.001000,0.001000
1061.384615,0.046095,0.001000,0.001000,0.001000,0.001000,0.001000
1061.403846,0.045548,0.001000,0.001000,0.001000,0.001000,0.001000
1061.423077,0.044967,0.001000,0.001000,0.001000,0.001000,0.001000
1061.442308,0.044353,0.001000,0.001000,0.001000,0.001000,0.001000
1061.461538,0.043705,0.001000,0.001000,0.001000,0.001000,0.001000
1061.480769,0.043025,0.001000,0.001000,0.001000,0.001000,0.001000
1061.500000,0.042312,0.001000,0.001000,0.001000,0.001000,0.001000
1061.519231,0.041568,0.001000,0.001000,0.001000,0.001000,0.001000
1061.538462,0.040793,0.001000,0.001000,0.001000,0.001000,0.001000
1061.557692,0.039987,0.001000,0.001000,0.001000,0.001000,0.001000
1061.576923,0.039152,0.001000,0.001000,0.001000,0.001000,0.001000
1061.596154,0.038287,0.001000,0.001000,0.001000,0.001000,0.001000
1061.615385,0.037393,0.001000,0.001000,0.001000,0.001000,0.001000
1061.634615,0.036472,0.001000,0.001000,0.001000,0.001000,0.001000
1061.653846,0.035523,0.001000,0.001000,0.001000,0.001000,0.001000
1061.673077,0.034548,0.001000,0.001000,0.001000,0.001000,0.001000
1061.692308,0.033547,0.001000,0.001000,0.001000,0.001000,0.001000
1061.711538,0.032521,0.001000,0.001000,0.001000,0.001000,0.001000
1061.730769,0.031470,0.001000,0.001000,0.001000,0.001000,0.001000
1061.750000,0.030396,0.001000,0.001000,0.001000,0.001000,0.001000
1061.769231,0.029300,0.001000,0.001000,0.001000,0.001000,0.001000
1061.788462,0.028181,0.001000,0.001000,0.001000,0.001000,0.001000
1061.807692,0.027041,0.001000,0.001000,0.001000,0.001000,0.001000
1061.826923,0.025881,0.001000,0.001000,0.001000,0.001000,0.001000
1061.846154,0.024702,0.001000,0.001000,0.001000,0.001000,0.001000
1061.865385,0.023505,0.001000,0.001000,0.001000,0.001000,0.001000
1061.884615,0.022289,0.001000,0.001000,0.001000,0.001000,0.001000
1061.903846,0.021057,0.001000,0.001000,0.001000,0.001000,0.001000
1061.923077,0.019810,0.001000,0.001000,0.001000,0.001000,0.001000
1061.942308,0.018547,0.001000,0.001000,0.001000,0.001000,0.001000
1061.961538,0.017271,0.001000,0.001000,0.001000,0.001000,0.001000
1061.980769,0.015982,0.001000,0.001000,0.001000,0.001000,0.001000
1062.000000,0.014680,0.001000,0.001000,0.001000,0.001000,0.001000
1062.019231,0.013368,0.001000,0.001000,0.001000,0.001000,0.001000
1062.038462,0.012046,0.001000,0.001000,0.001000,0.001000,0.001000
1062.057692,0.010715,0.001000,0.001000,0.001000,0.001000,0.001000
1062.076923,0.009376,0.001000,0.001000,0.001000,0.001000,0.001000
1062.096154,0.008029,0.001000,0.001000,0.001000,0.001000,0.001000
1062.115385,0.006677,0.001000,0.001000,0.001000,0.001000,0.001000
1062.134615,0.005320,0.001000,0.001000,0.001000,0.001000,0.001000
1062.153846,0.003959,0.001000,0.001000,0.001000,0.001000,0.001000
1062.173077,0.002595,0.001000,0.001000,0.001000,0.001000,0.001000
1062.192308,0.001229,0.001000,0.001000,0.001000,0.001000,0.001000
1062.211538,-0.000138,0.001000,0.001000,0.001000,0.001000,0.001000
1062.230769,-0.001505,0.001000,0.001000,0.001000,0.001000,0.001000
1062.250000,-0.002871,0.001000,0.001000,0.001000,0.001000,0.001000
1062.269231,-0.004235,0.001000,0.001000,0.001000,0.001000,0.001000
1062.288462,-0.005595,0.001000,0.001000,0.001000,0.001000,0.001000
1062.307692,-0.006951,0.001000,0.001000,0.001000,0.001000,0.001000
1062.326923,-0.008302,0.001000,0.001000,0.001000,0.001000,0.001000
1062.346154,-0.009647,0.001000,0.001000,0.001000,0.001000,0.001000
1062.365385,-0.010985,0.001000,0.001000,0.001000,0.001000,0.001000
1062.384615,-0.012314,0.001000,0.001000,0.001000,0.001000,0.001000
1062.403846,-0.013635,0.001000,0.001000,0.001000,0.001000,0.001000
1062.423077,-0.014945,0.001000,0.001000,0.001000,0.001000,0.001000
1062.442308,-0.016244,0.001000,0.001000,0.001000,0.001000,0.001000
1062.461538,-0.017530,0.001000,0.001000,0.001000,0.001000,0.001000
1062.480769,-0.018804,0.001000,0.001000,0.001000,0.001000,0.001000
1062.500000,-0.020063,0.001000,0.001000,0.001000,0.001000,0.001000
1062.519231,-0.021308,0.001000,0.001000,0.001000,0.001000,0.001000
1062.538462,-0.022537,0.001000,0.001000,0.001000,0.001000,0.001000
1062.557692,-0.023748,0.001000,0.001000,0.001000,0.001000,0.001000
1062.576923,-0.024942,0.001000,0.001000,0.001000,0.001000,0.001000
1062.596154,-0.026118,0.001000,0.001000,0.001000,0.001000,0.001000
1062.615385,-0.027274,0.001000,0.001000,0.001000,0.001000,0.001000
1062.634615,-0.028409,0.001000,0.001000,0.001000,0.001000,0.001000
1062.653846,-0.029523,0.001000,0.001000,0.001000,0.001000,0.001000
1062.673077,-0.030616,0.001000,0.001000,0.001000,0.001000,0.001000
1062.692308,-0.031685,0.001000,0.001000,0.001000,0.001000,0.001000
1062.711538,-0.032730,0.001000,0.001000,0.001000,0.001000,0.001000
1062.730769,-0.033752,0.001000,0.001000,0.001000,0.001000,0.001000
1062.750000,-0.034748,0.001000,0.001000,0.001000,0.001000,0.001000
1062.769231,-0.035717,0.001000,0.001000,0.001000,0.001000,0.001000
1062.788462,-0.036661,0.001000,0.001000,0.001000,0.001000,0.001000
1062.807692,-0.037576,0.001000,0.001000,0.001000,0.001000,0.001000
1062.826923,-0.038464,0.001000,0.001000,0.001000,0.001000,0.001000
1062.846154,-0.039323,0.001000,0.001000,0.001000,0.001000,0.001000
1062.865385,-0.040153,0.001000,0.001000,0.001000,0.001000,0.001000
1062.884615,-0.040952,0.001000,0.001000,0.001000,0.001000,0.001000
1062.903846,-0.041721,0.001000,0.001000,0.001000,0.001000,0.001000
1062.923077,-0.042459,0.001000,0.001000,0.001000,0.001000,0.001000
1062.942308,-0.043165,0.001000,0.001000,0.001000,0.001000,0.001000
1062.961538,-0.043839,0.001000,0.001000,0.001000,0.001000,0.001000
1062.980769,-0.044480,0.001000,0.001000,0.001000,0.001000,0.001000
1063.000000,-0.045087,0.001000,0.001000,0.001000,0.001000,0.001000
1063.019231,-0.045661,0.001000,0.001000,0.001000,0.001000,0.001000
1063.038462,-0.046201,0.001000,0.001000,0.001000,0.001000,0.001000
1063.057692,-0.046707,0.001000,0.001000,0.001000,0.001000,0.001000
1063.076923,-0.047177,0.001000,0.001000,0.001000,0.001000,0.001000
1063.096154,-0.047612,0.001000,0.001000,0.001000,0.001000,0.001000
1063.115385,-0.048012,0.001000,0.001000,0.001000,0.001000,0.001000
1063.134615,-0.048376,0.001000,0.001000,0.001000,0.001000,0.001000
1063.153846,-0.048703,0.001000,0.001000,0.001000,0.001000,0.001000
1063.173077,-0.048994,0.001000,0.001000,0.001000,0.001000,0.001000
1063.192308,-0.049249,0.001000,0.001000,0.001000,0.001000,0.001000
1063.211538,-0.049466,0.001000,0.001000,0.001000,0.001000,0.001000
1063.230769,-0.049647,0.001000,0.001000,0.001000,0.001000,0.001000
1063.250000,-0.049791,0.001000,0.001000,0.001000,0.001000,0.001000
1063.269231,-0.049897,0.001000,0.001000,0.001000,0.001000,0.001000
1063.288462,-0.049966,0.001000,0.001000,0.001000,0.001000,0.001000
1063.307692,-0.049998,0.001000,0.001000,0.001000,0.001000,0.001000
1063.326923,-0.049992,0.001000,0.001000,0.001000,0.001000,0.001000
1063.346154,-0.049949,0.001000,0.001000,0.001000,0.001000,0.001000
1063.365385,-0.049869,0.001000,0.001000,0.001000,0.001000,0.001000
1063.384615,-0.049751,0.001000,0.001000,0.001000,0.001000,0.001000
1063.403846,-0.049596,0.001000,0.001000,0.001000,0.001000,0.001000
1063.423077,-0.049404,0.001000,0.001000,0.001000,0.001000,0.001000
1063.442308,-0.049175,0.001000,0.001000,0.001000,0.001000,0.001000
1063.461538,-0.048910,0.001000,0.001000,0.001000,0.001000,0.001000
1063.480769,-0.048607,0.001000,0.001000,0.001000,0.001000,0.001000
1063.500000,-0.048269,0.001000,0.001000,0.001000,0.001000,0.001000
1063.519231,-0.047894,0.001000,0.001000,0.001000,0.001000,0.001000
1063.538462,-0.047484,0.001000,0.001000,0.001000,0.001000,0.001000
1063.557692,-0.047038,0.001000,0.001000,0.001000,0.001000,0.001000
1063.576923,-0.046557,0.001000,0.001000,0.001000,0.001000,0.001000
1063.596154,-0.046041,0.001000,0.001000,0.001000,0.001000,0.001000
1063.615385,-0.045491,0.001000,0.001000,0.001000,0.001000,0.001000
1063.634615,-0.044907,0.001000,0.001000,0.001000,0.001000,0.001000
1063.653846,-0.044289,0.001000,0.001000,0.001000,0.001000,0.001000
1063.673077,-0.043638,0.001000,0.001000,0.001000,0.001000,0.001000
1063.692308,-0.042954,0.001000,0.001000,0.001000,0.001000,0.001000
1063.711538,-0.042238,0.001000,0.001000,0.001000,0.001000,0.001000
1063.730769,-0.041491,0.001000,0.001000,0.001000,0.001000,0.001000
1063.750000,-0.040713,0.001000,0.001000,0.001000,0.001000,0.001000
1063.769231,-0.039904,0.001000,0.001000,0.001000,0.001000,0.001000
1063.788462,-0.039065,0.001000,0.001000,0.001000,0.001000,0.001000
1063.807692,-0.038198,0.001000,0.001000,0.001000,0.001000,0.001000
1063.826923,-0.037301,0.001000,0.001000,0.001000,0.001000,0.001000
1063.846154,-0.036377,0.001000,0.001000,0.001000,0.001000,0.001000
1063.865385,-0.035426,0.001000,0.001000,0.001000,0.001000,0.001000
1063.884615,-0.034448,0.001000,0.001000,0.001000,0.001000,0.001000
1063.903846,-0.033444,0.001000,0.001000,0.001000,0.001000,0.001000
1063.923077,-0.032416,0.001000,0.001000,0.001000,0.001000,0.001000
1063.942308,-0.031363,0.001000,0.001000,0.001000,0.001000,0.001000
1063.961538,-0.030286,0.001000,0.001000,0.001000,0.001000,0.001000
1063.980769,-0.029187,0.001000,0.001000,0.001000,0.001000,0.001000
1064.000000,-0.028067,0.001000,0.001000,0.001000,0.001000,0.001000
1064.019231,-0.026925,0.001000,0.001000,0.001000,0.001000,0.001000
1064.038462,-0.025763,0.001000,0.001000,0.001000,0.001000,0.001000
1064.057692,-0.024582,0.001000,0.001000,0.001000,0.001000,0.001000
1064.076923,-0.023382,0.001000,0.001000,0.001000,0.001000,0.001000
1064.096154,-0.022165,0.001000,0.001000,0.001000,0.001000,0.001000
1064.115385,-0.020932,0.001000,0.001000,0.001000,0.001000,0.001000
1064.134615,-0.019683,0.001000,0.001000,0.001000,0.001000,0.001000
1064.153846,-0.018419,0.001000,0.001000,0.001000,0.001000,0.001000
1064.173077,-0.017141,0.001000,0.001000,0.001000,0.001000,0.001000
1064.192308,-0.015850,0.001000,0.001000,0.001000,0.001000,0.001000
1064.211538,-0.014548,0.001000,0.001000,0.001000,0.001000,0.001000
1064.230769,-0.013235,0.001000,0.001000,0.001000,0.001000,0.001000
1064.250000,-0.011912,0.001000,0.001000,0.001000,0.001000,0.001000
1064.269231,-0.010580,0.001000,0.001000,0.001000,0.001000,0.001000
1064.288462,-0.009240,0.001000,0.001000,0.001000,0.001000,0.001000
1064.307692,-0.007893,0.001000,0.001000,0.001000,0.001000,0.001000
1064.326923,-0.006540,0.001000,0.001000,0.001000,0.001000,0.001000
1064.346154,-0.005182,0.001000,0.001000,0.001000,0.001000,0.001000
1064.365385,-0.003821,0.001000,0.001000,0.001000,0.001000,0.001000
1064.384615,-0.002457,0.001000,0.001000,0.001000,0.001000,0.001000
1064.403846,-0.001090,0.001000,0.001000,0.001000,0.001000,0.001000
1064.423077,0.000277,0.001000,0.001000,0.001000,0.001000,0.001000
1064.442308,0.001644,0.001000,0.001000,0.001000,0.001000,0.001000
1064.461538,0.003009,0.001000,0.001000,0.001000,0.001000,0.001000
1064.480769,0.004372,0.001000,0.001000,0.001000,0.001000,0.001000
1064.500000,0.005733,0.001000,0.001000,0.001000,0.001000,0.001000
1064.519231,0.007088,0.001000,0.001000,0.001000,0.001000,0.001000
1064.538462,0.008439,0.001000,0.001000,0.001000,0.001000,0.001000
1064.557692,0.009783,0.001000,0.001000,0.001000,0.001000,0.001000
1064.576923,0.011120,0.001000,0.001000,0.001000,0.001000,0.001000
1064.596154,0.012448,0.001000,0.001000,0.001000,0.001000,0.001000
1064.615385,0.013768,0.001000,0.001000,0.001000,0.001000,0.001000
1064.634615,0.015077,0.001000,0.001000,0.001000,0.001000,0.001000
1064.653846,0.016374,0.001000,0.001000,0.001000,0.001000,0.001000
1064.673077,0.017660,0.001000,0.001000,0.001000,0.001000,0.001000
1064.692308,0.018932,0.001000,0.001000,0.001000,0.001000,0.001000
1064.711538,0.020190,0.001000,0.001000,0.001000,0.001000,0.001000
1064.730769,0.021433,0.001000,0.001000,0.001000,0.001000,0.001000
1064.750000,0.022660,0.001000,0.001000,0.001000,0.001000,0.001000
1064.769231,0.023870,0.001000,0.001000,0.001000,0.001000,0.001000
1064.788462,0.025062,0.001000,0.001000,0.001000,0.001000,0.001000
1064.807692,0.026236,0.001000,0.001000,0.001000,0.001000,0.001000
1064.826923,0.027390,0.001000,0.001000,0.001000,0.001000,0.001000
1064.846154,0.028523,0.001000,0.001000,0.001000,0.001000,0.001000
1064.865385,0.029635,0.001000,0.001000,0.001000,0.001000,0.001000
1064.884615,0.030725,0.001000,0.001000,0.001000,0.001000,0.001000
1064.903846,0.031792,0.001000,0.001000,0.001000,0.001000,0.001000
1064.923077,0.032835,0.001000,0.001000,0.001000,0.001000,0.001000
1064.942308,0.033854,0.001000,0.001000,0.001000,0.001000,0.001000
1064.961538,0.034847,0.001000,0.001000,0.001000,0.001000,0.001000
1064.980769,0.035814,0.001000,0.001000,0.001000,0.001000,0.001000
1065.000000,0.036755,0.001000,0.001000,0.001000,0.001000,0.001000
1065.019231,0.037668,0.001000,0.001000,0.001000,0.001000,0.001000
1065.038462,0.038552,0.001000,0.001000,0.001000,0.001000,0.001000
1065.057692,0.039408,0.001000,0.001000,0.001000,0.001000,0.001000
1065.076923,0.040235,0.001000,0.001000,0.001000,0.001000,0.001000
1065.096154,0.041032,0.001000,0.001000,0.001000,0.001000,0.001000
1065.115385,0.041797,0.001000,0.001000,0.001000,0.001000,0.001000
1065.134615,0.042532,0.001000,0.001000,0.001000,0.001000,0.001000
1065.153846,0.043235,0.001000,0.001000,0.001000,0.001000,0.001000
1065.173077,0.043905,0.001000,0.001000,0.001000,0.001000,0.001000
1065.192308,0.044543,0.001000,0.001000,0.001000,0.001000,0.001000
1065.211538,0.045147,0.001000,0.001000,0.001000,0.001000,0.001000
1065.230769,0.045718,0.001000,0.001000,0.001000,0.001000,0.001000
1065.250000,0.046254,0.001000,0.001000,0.001000,0.001000,0.001000
1065.269231,0.046756,0.001000,0.001000,0.001000,0.001000,0.001000
1065.288462,0.047223,0.001000,0.001000,0.001000,0.001000,0.001000
1065.307692,0.047654,0.001000,0.001000,0.001000,0.001000,0.001000
1065.326923,0.048050,0.001000,0.001000,0.001000,0.001000,0.001000
1065.346154,0.048410,0.001000,0.001000,0.001000,0.001000,0.001000
1065.365385,0.048734,0.001000,0.001000,0.001000,0.001000,0.001000
1065.384615,0.049022,0.001000,0.001000,0.001000,0.001000,0.001000
1065.403846,0.049272,0.001000,0.001000,0.001000,0.001000,0.001000
1065.423077,0.049486,0.001000,0.001000,0.001000,0.001000,0.001000
1065.442308,0.049663,0.001000,0.001000,0.001000,0.001000,0.001000
1065.461538,0.049803,0.001000,0.001000,0.001000,0.001000,0.001000
1065.480769,0.049906,0.001000,0.001000,0.001000,0.001000,0.001000
1065.500000,0.049971,0.001000,0.001000,0.001000,0.001000,0.001000
1065.519231,0.049999,0.001000,0.001000,0.001000,0.001000,0.001000
1065.538462,0.049989,0.001000,0.001000,0.001000,0.001000,0.001000
1065.557692,0.049943,0.001000,0.001000,0.001000,0.001000,0.001000
1065.576923,0.049858,0.001000,0.001000,0.001000,0.001000,0.001000
1065.596154,0.049737,0.001000,0.001000,0.001000,0.001000,0.001000
1065.615385,0.049578,0.001000,0.001000,0.001000,0.001000,0.001000
1065.634615,0.049383,0.001000,0.001000,0.001000,0.001000,0.001000
1065.653846,0.049150,0.001000,0.001000,0.001000,0.001000,0.001000
1065.673077,0.048881,0.001000,0.001000,0.001000,0.001000,0.001000
1065.692308,0.048575,0.001000,0.001000,0.001000,0.001000,0.001000
1065.711538,0.048233,0.001000,0.001000,0.001000,0.001000,0.001000
1065.730769,0.047854,0.001000,0.001000,0.001000,0.001000,0.001000
1065.750000,0.047440,0.001000,0.001000,0.001000,0.001000,0.001000
1065.769231,0.046991,0.001000,0.001000,0.001000,0.001000,0.001000
1065.788462,0.046506,0.001000,0.001000,0.001000,0.001000,0.001000
1065.807692,0.045987,0.001000,0.001000,0.001000,0.001000,0.001000
1065.826923,0.045433,0.001000,0.001000,0.001000,0.001000,0.001000
1065.846154,0.044845,0.001000,0.001000,0.001000,0.001000,0.001000
1065.865385,0.044224,0.001000,0.001000,0.001000,0.001000,0.001000
1065.884615,0.043570,0.001000,0.001000,0.001000,0.001000,0.001000
1065.903846,0.042883,0.001000,0.001000,0.001000,0.001000,0.001000
1065.923077,0.042164,0.001000,0.001000,0.001000,0.001000,0.001000
1065.942308,0.041414,0.001000,0.001000,0.001000,0.001000,0.001000
1065.961538,0.040632,0.001000,0.001000,0.001000,0.001000,0.001000
1065.980769,0.039820,0.001000,0.001000,0.001000,0.001000,0.001000
1066.000000,0.038979,0.001000,0.001000,0.001000,0.001000,0.001000
1066.019231,0.038108,0.001000,0.001000,0.001000,0.001000,0.001000
1066.038462,0.037209,0.001000,0.001000,0.001000,0.001000,0.001000
1066.057692,0.036282,0.001000,0.001000,0.001000,0.001000,0.001000
1066.076923,0.035328,0.001000,0.001000,0.001000,0.001000,0.001000
1066.096154,0.034347,0.001000,0.001000,0.001000,0.001000,0.001000
1066.115385,0.033341,0.001000,0.001000,0.001000,0.001000,0.001000
1066.134615,0.032310,0.001000,0.001000,0.001000,0.001000,0.001000
1066.153846,0.031255,0.001000,0.001000,0.001000,0.001000,0.001000
1066.173077,0.030176,0.001000,0.001000,0.001000,0.001000,0.001000
1066.192308,0.029075,0.001000,0.001000,0.001000,0.001000,0.001000
1066.211538,0.027952,0.001000,0.001000,0.001000,0.001000,0.001000
1066.230769,0.026808,0.001000,0.001000,0.001000,0.001000,0.001000
1066.250000,0.025644,0.001000,0.001000,0.001000,0.001000,0.001000
1066.269231,0.024461,0.001000,0.001000,0.001000,0.001000,0.001000
1066.288462,0.023260,0.001000,0.001000,0.001000,0.001000,0.001000
1066.307692,0.022041,0.001000,0.001000,0.001000,0.001000,0.001000
1066.326923,0.020806,0.001000,0.001000,0.001000,0.001000,0.001000
1066.346154,0.019555,0.001000,0.001000,0.001000,0.001000,0.001000
1066.365385,0.018290,0.001000,0.001000,0.001000,0.001000,0.001000
1066.384615,0.017011,0.001000,0.001000,0.001000,0.001000,0.001000
1066.403846,0.015719,0.001000,0.001000,0.001000,0.001000,0.001000
1066.423077,0.014416,0.001000,0.001000,0.001000,0.001000,0.001000
1066.442308,0.013101,0.001000,0.001000,0.001000,0.001000,0.001000
1066.461538,0.011777,0.001000,0.001000,0.001000,0.001000,0.001000
1066.480769,0.010444,0.001000,0.001000,0.001000,0.001000,0.001000
1066.500000,0.009104,0.001000,0.001000,0.001000,0.001000,0.001000
1066.519231,0.007756,0.001000,0.001000,0.001000,0.001000,0.001000
1066.538462,0.006403,0.001000,0.001000,0.001000,0.001000,0.001000
1066.557692,0.005045,0.001000,0.001000,0.001000,0.001000,0.001000
1066.576923,0.003683,0.001000,0.001000,0.001000,0.001000,0.001000
1066.596154,0.002318,0.001000,0.001000,0.001000,0.001000,0.001000
1066.615385,0.000952,0.001000,0.001000,0.001000,0.001000,0.001000
1066.634615,-0.000415,0.001000,0.001000,0.001000,0.001000,0.001000
1066.653846,-0.001782,0.001000,0.001000,0.001000,0.001000,0.001000
1066.673077,-0.003147,0.001000,0.001000,0.001000,0.001000,0.001000
1066.692308,-0.004510,0.001000,0.001000,0.001000,0.001000,0.001000
1066.711538,-0.005870,0.001000,0.001000,0.001000,0.001000,0.001000
1066.730769,-0.007225,0.001000,0.001000,0.001000,0.001000,0.001000
1066.750000,-0.008575,0.001000,0.001000,0.001000,0.001000,0.001000
1066.769231,-0.009919,0.001000,0.001000,0.001000,0.001000,0.001000
1066.788462,-0.011255,0.001000,0.001000,0.001000,0.001000,0.001000
1066.807692,-0.012582,0.001000,0.001000,0.001000,0.001000,0.001000
1066.826923,-0.013901,0.001000,0.001000,0.001000,0.001000,0.001000
1066.846154,-0.015208,0.001000,0.001000,0.001000,0.001000,0.001000
1066.865385,-0.016505,0.001000,0.001000,0.001000,0.001000,0.001000
1066.884615,-0.017789,0.001000,0.001000,0.001000,0.001000,0.001000
1066.903846,-0.019060,0.001000,0.001000,0.001000,0.001000,0.001000
1066.923077,-0.020317,0.001000,0.001000,0.001000,0.001000,0.001000
1066.942308,-0.021558,0.001000,0.001000,0.001000,0.001000,0.001000
1066.961538,-0.022783,0.001000,0.001000,0.001000,0.001000,0.001000
1066.980769,-0.023992,0.001000,0.001000,0.001000,0.001000,0.001000
1067.000000,-0.025182,0.001000,0.001000,0.001000,0.001000,0.001000
1067.019231,-0.026353,0.001000,0.001000,0.001000,0.001000,0.001000
1067.038462,-0.027505,0.001000,0.001000,0.001000,0.001000,0.001000
1067.057692,-0.028636,0.001000,0.001000,0.001000,0.001000,0.001000
1067.076923,-0.029746,0.001000,0.001000,0.001000,0.001000,0.001000
1067.096154,-0.030834,0.001000,0.001000,0.001000,0.001000,0.001000
1067.115385,-0.031898,0.001000,0.001000,0.001000,0.001000,0.001000
1067.134615,-0.032939,0.001000,0.001000,0.001000,0.001000,0.001000
1067.153846,-0.033955,0.001000,0.001000,0.001000,0.001000,0.001000
1067.173077,-0.034946,0.001000,0.001000,0.001000,0.001000,0.001000
1067.192308,-0.035911,0.001000,0.001000,0.001000,0.001000,0.001000
1067.211538,-0.036848,0.001000,0.001000,0.001000,0.001000,0.001000
1067.230769,-0.037758,0.001000,0.001000,0.001000,0.001000,0.001000
1067.250000,-0.038640,0.001000,0.001000,0.001000,0.001000,0.001000
1067.269231,-0.039493,0.001000,0.001000,0.001000,0.001000,0.001000
1067.288462,-0.040317,0.001000,0.001000,0.001000,0.001000,0.001000
1067.307692,-0.041110,0.001000,0.001000,0.001000,0.001000,0.001000
1067.326923,-0.041873,0.001000,0.001000,0.001000,0.001000,0.001000
1067.346154,-0.042604,0.001000,0.001000,0.001000,0.001000,0.001000
1067.365385,-0.043304,0.001000,0.001000,0.001000,0.001000,0.001000
1067.384615,-0.043971,0.001000,0.001000,0.001000,0.001000,0.001000
1067.403846,-0.044605,0.001000,0.001000,0.001000,0.001000,0.001000
1067.423077,-0.045206,0.001000,0.001000,0.001000,0.001000,0.001000
1067.442308,-0.045774,0.001000,0.001000,0.001000,0.001000,0.001000
1067.461538,-0.046306,0.001000,0.001000,0.001000,0.001000,0.001000
1067.480769,-0.046805,0.001000,0.001000,0.001000,0.001000,0.001000
1067.500000,-0.047268,0.001000,0.001000,0.001000,0.001000,0.001000
1067.519231,-0.047696,0.001000,0.001000,0.001000,0.001000,0.001000
1067.538462,-0.048088,0.001000,0.001000,0.001000,0.001000,0.001000
1067.557692,-0.048445,0.001000,0.001000,0.001000,0.001000,0.001000
1067.576923,-0.048765,0.001000,0.001000,0.001000,0.001000,0.001000
1067.596154,-0.049049,0.001000,0.001000,0.001000,0.001000,0.001000
1067.615385,-0.049296,0.001000,0.001000,0.001000,0.001000,0.001000
1067.634615,-0.049506,0.001000,0.001000,0.001000,0.001000,0.001000
1067.653846,-0.049679,0.001000,0.001000,0.001000,0.001000,0.001000
1067.673077,-0.049815,0.001000,0.001000,0.001000,0.001000,0.001000
1067.692308,-0.049914,0.001000,0.001000,0.001000,0.001000,0.001000
1067.711538,-0.049975,0.001000,0.001000,0.001000,0.001000,0.001000
1067.730769,-0.050000,0.001000,0.001000,0.001000,0.001000,0.001000
1067.750000,-0.049986,0.001000,0.001000,0.001000,0.001000,0.001000
1067.769231,-0.049936,0.001000,0.001000,0.001000,0.001000,0.001000
1067.788462,-0.049848,0.001000,0.001000,0.001000,0.001000,0.001000
1067.807692,-0.049723,0.001000,0.001000,0.001000,0.001000,0.001000
1067.826923,-0.049560,0.001000,0.001000,0.001000,0.001000,0.001000
1067.846154,-0.049361,0.001000,0.001000,0.001000,0.001000,0.001000
1067.865385,-0.049125,0.001000,0.001000,0.001000,0.001000,0.001000
1067.884615,-0.048851,0.001000,0.001000,0.001000,0.001000,0.001000
1067.903846,-0.048542,0.001000,0.001000,0.001000,0.001000,0.001000
1067.923077,-0.048196,0.001000,0.001000,0.001000,0.001000,0.001000
1067.942308,-0.047814,0.001000,0.001000,0.001000,0.001000,0.001000
1067.961538,-0.047397,0.001000,0.001000,0.001000,0.001000,0.001000
1067.980769,-0.046943,0.001000,0.001000,0.001000,0.001000,0.001000
1068.000000,-0.046455,0.001000,0.001000,0.001000,0.001000,0.001000
1068.019231,-0.045932,0.001000,0.001000,0.001000,0.001000,0.001000
1068.038462,-0.045375,0.001000,0.001000,0.001000,0.001000,0.001000
1068.057692,-0.044784,0.001000,0.001000,0.001000,0.001000,0.001000
1068.076923,-0.044160,0.001000,0.001000,0.001000,0.001000,0.001000
1068.096154,-0.043502,0.001000,0.001000,0.001000,0.001000,0.001000
1068.115385,-0.042812,0.001000,0.001000,0.001000,0.001000,0.001000
1068.134615,-0.042090,0.001000,0.001000,0.001000,0.001000,0.001000
1068.153846,-0.041336,0.001000,0.001000,0.001000,0.001000,0.001000
1068.173077,-0.040551,0.001000,0.001000,0.001000,0.001000,0.001000
1068.192308,-0.039737,0.001000,0.001000,0.001000,0.001000,0.001000
1068.211538,-0.038892,0.001000,0.001000,0.001000,0.001000,0.001000
1068.230769,-0.038019,0.001000,0.001000,0.001000,0.001000,0.001000
1068.250000,-0.037117,0.001000,0.001000,0.001000,0.001000,0.001000
1068.269231,-0.036187,0.001000,0.001000,0.001000,0.001000,0.001000
1068.288462,-0.035230,0.001000,0.001000,0.001000,0.001000,0.001000
1068.307692,-0.034247,0.001000,0.001000,0.001000,0.001000,0.001000
1068.326923,-0.033238,0.001000,0.001000,0.001000,0.001000,0.001000
1068.346154,-0.032204,0.001000,0.001000,0.001000,0.001000,0.001000
1068.365385,-0.031147,0.001000,0.001000,0.001000,0.001000,0.001000
1068.384615,-0.030066,0.001000,0.001000,0.001000,0.001000,0.001000
1068.403846,-0.028962,0.001000,0.001000,0.001000,0.001000,0.001000
1068.423077,-0.027837,0.001000,0.001000,0.001000,0.001000,0.001000
1068.442308,-0.026691,0.001000,0.001000,0.001000,0.001000,0.001000
1068.461538,-0.025525,0.001000,0.001000,0.001000,0.001000,0.001000
1068.480769,-0.024341,0.001000,0.001000,0.001000,0.001000,0.001000
1068.500000,-0.023137,0.001000,0.001000,0.001000,0.001000,0.001000
1068.519231,-0.021917,0.001000,0.001000,0.001000,0.001000,0.001000
1068.538462,-0.020680,0.001000,0.001000,0.001000,0.001000,0.001000
1068.557692,-0.019428,0.001000,0.001000,0.001000,0.001000,0.001000
1068.576923,-0.018161,0.001000,0.001000,0.001000,0.001000,0.001000
1068.596154,-0.016881,0.001000,0.001000,0.001000,0.001000,0.001000
1068.615385,-0.015588,0.001000,0.001000,0.001000,0.001000,0.001000
1068.634615,-0.014283,0.001000,0.001000,0.001000,0.001000,0.001000
1068.653846,-0.012968,0.001000,0.001000,0.001000,0.001000,0.001000
1068.673077,-0.011643,0.001000,0.001000,0.001000,0.001000,0.001000
1068.692308,-0.010309,0.001000,0.001000,0.001000,0.001000,0.001000
1068.711538,-0.008968,0.001000,0.001000,0.001000,0.001000,0.001000
1068.730769,-0.007619,0.001000,0.001000,0.001000,0.001000,0.001000
1068.750000,-0.006266,0.001000,0.001000,0.001000,0.001000,0.001000
1068.769231,-0.004907,0.001000,0.001000,0.001000,0.001000,0.001000
1068.788462,-0.003545,0.001000,0.001000,0.001000,0.001000,0.001000
1068.807692,-0.002180,0.001000,0.001000,0.001000,0.001000,0.001000
1068.826923,-0.000814,0.001000,0.001000,0.001000,0.001000,0.001000
1068.846154,0.000553,0.001000,0.001000,0.001000,0.001000,0.001000
1068.865385,0.001920,0.001000,0.001000,0.001000,0.001000,0.001000
1068.884615,0.003285,0.001000,0.001000,0.001000,0.001000,0.001000
1068.903846,0.004648,0.001000,0.001000,0.001000,0.001000,0.001000
1068.923077,0.006007,0.001000,0.001000,0.001000,0.001000,0.001000
1068.942308,0.007362,0.001000,0.001000,0.001000,0.001000,0.001000
1068.961538,0.008711,0.001000,0.001000,0.001000,0.001000,0.001000
1068.980769,0.010054,0.001000,0.001000,0.001000,0.001000,0.001000
1069.000000,0.011389,0.001000,0.001000,0.001000,0.001000,0.001000
1069.019231,0.012716,0.001000,0.001000,0.001000,0.001000,0.001000
1069.038462,0.014033,0.001000,0.001000,0.001000,0.001000,0.001000
1069.057692,0.015340,0.001000,0.001000,0.001000,0.001000,0.001000
1069.076923,0.016635,0.001000,0.001000,0.001000,0.001000,0.001000
1069.096154,0.017918,0.001000,0.001000,0.001000,0.001000,0.001000
1069.115385,0.019188,0.001000,0.001000,0.001000,0.001000,0.001000
1069.134615,0.020443,0.001000,0.001000,0.001000,0.001000,0.001000
1069.153846,0.021683,0.001000,0.001000,0.001000,0.001000,0.001000
1069.173077,0.022906,0.001000,0.001000,0.001000,0.001000,0.001000
1069.192308,0.024113,0.001000,0.001000,0.001000,0.001000,0.001000
1069.211538,0.025301,0.001000,0.001000,0.001000,0.001000,0.001000
1069.230769,0.026471,0.001000,0.001000,0.001000,0.001000,0.001000
1069.250000,0.027621,0.001000,0.001000,0.001000,0.001000,0.001000
1069.269231,0.028750,0.001000,0.001000,0.001000,0.001000,0.001000
1069.288462,0.029857,0.001000,0.001000,0.001000,0.001000,0.001000
1069.307692,0.030943,0.001000,0.001000,0.001000,0.001000,0.001000
1069.326923,0.032005,0.001000,0.001000,0.001000,0.001000,0.001000
1069.346154,0.033043,0.001000,0.001000,0.001000,0.001000,0.001000
1069.365385,0.034057,0.001000,0.001000,0.001000,0.001000,0.001000
1069.384615,0.035045,0.001000,0.001000,0.001000,0.001000,0.001000
1069.403846,0.036007,0.001000,0.001000,0.001000,0.001000,0.001000
1069.423077,0.036942,0.001000,0.001000,0.001000,0.001000,0.001000
1069.442308,0.037849,0.001000,0.001000,0.001000,0.001000,0.001000
1069.461538,0.038728,0.001000,0.001000,0.001000,0.001000,0.001000
1069.480769,0.039578,0.001000,0.001000,0.001000,0.001000,0.001000
1069.500000,0.040399,0.001000,0.001000,0.001000,0.001000,0.001000
1069.519231,0.041189,0.001000,0.001000,0.001000,0.001000,0.001000
1069.538462,0.041949,0.001000,0.001000,0.001000,0.001000,0.001000
1069.557692,0.042677,0.001000,0.001000,0.001000,0.001000,0.001000
1069.576923,0.043373,0.001000,0.001000,0.001000,0.001000,0.001000
1069.596154,0.044037,0.001000,0.001000,0.001000,0.001000,0.001000
1069.615385,0.044668,0.001000,0.001000,0.001000,0.001000,0.001000
1069.634615,0.045265,0.001000,0.001000,0.001000,0.001000,0.001000
1069.653846,0.045829,0.001000,0.001000,0.001000,0.001000,0.001000
1069.673077,0.046358,0.001000,0.001000,0.001000,0.001000,0.001000
1069.692308,0.046853,0.001000,0.001000,0.001000,0.001000,0.001000
1069.711538,0.047313,0.001000,0.001000,0.001000,0.001000,0.001000
1069.730769,0.047737,0.001000,0.001000,0.001000,0.001000,0.001000
1069.750000,0.048126,0.001000,0.001000,0.001000,0.001000,0.001000
1069.769231,0.048479,0.001000,0.001000,0.001000,0.001000,0.001000
1069.788462,0.048795,0.001000,0.001000,0.001000,0.001000,0.001000
1069.807692,0.049075,0.001000,0.001000,0.001000,0.001000,0.001000
1069.826923,0.049319,0.001000,0.001000,0.001000,0.001000,0.001000
1069.846154,0.049525,0.001000,0.001000,0.001000,0.001000,0.001000
1069.865385,0.049695,0.001000,0.001000,0.001000,0.001000,0.001000
1069.884615,0.049827,0.001000,0.001000,0.001000,0.001000,0.001000
1069.903846,0.049922,0.001000,0.001000,0.001000,0.001000,0.001000
1069.923077,0.049980,0.001000,0.001000,0.001000,0.001000,0.001000
1069.942308,0.050000,0.001000,0.001000,0.001000,0.001000,0.001000
1069.961538,0.049983,0.001000,0.001000,0.001000,0.001000,0.001000
1069.980769,0.049929,0.001000,0.001000,0.001000,0.001000,0.001000
1070.000000,0.049837,0.001000,0.001000,0.001000,0.001000,0.001000
1070.019231,0.049708,0.001000,0.001000,0.001000,0.001000,0.001000
1070.038462,0.049542,0.001000,0.001000,0.001000,0.001000,0.001000
1070.057692,0.049339,0.001000,0.001000,0.001000,0.001000,0.001000
1070.076923,0.049099,0.001000,0.001000,0.001000,0.001000,0.001000
1070.096154,0.048822,0.001000,0.001000,0.001000,0.001000,0.001000
1070.115385,0.048509,0.001000,0.001000,0.001000,0.001000,0.001000
1070.134615,0.048159,0.001000,0.001000,0.001000,0.001000,0.001000
1070.153846,0.047774,0.001000,0.001000,0.001000,0.001000,0.001000
1070.173077,0.047352,0.001000,0.001000,0.001000,0.001000,0.001000
1070.192308,0.046896,0.001000,0.001000,0.001000,0.001000,0.001000
1070.211538,0.046404,0.001000,0.001000,0.001000,0.001000,0.001000
1070.230769,0.045878,0.001000,0.001000,0.001000,0.001000,0.001000
1070.250000,0.045317,0.001000,0.001000,0.001000,0.001000,0.001000
1070.269231,0.044722,0.001000,0.001000,0.001000,0.001000,0.001000
1070.288462,0.044094,0.001000,0.001000,0.001000,0.001000,0.001000
1070.307692,0.043434,0.001000,0.001000,0.001000,0.001000,0.001000
1070.326923,0.042740,0.001000,0.001000,0.001000,0.001000,0.001000
1070.346154,0.042015,0.001000,0.001000,0.001000,0.001000,0.001000
1070.365385,0.041258,0.001000,0.001000,0.001000,0.001000,0.001000
1070.384615,0.040470,0.001000,0.001000,0.001000,0.001000,0.001000
1070.403846,0.039653,0.001000,0.001000,0.001000,0.001000,0.001000
1070.423077,0.038805,0.001000,0.001000,0.001000,0.001000,0.001000
1070.442308,0.037929,0.001000,0.001000,0.001000,0.001000,0.001000
1070.461538,0.037024,0.001000,0.001000,0.001000,0.001000,0.001000
1070.480769,0.036091,0.001000,0.001000,0.001000,0.001000,0.001000
1070.500000,0.035132,0.001000,0.001000,0.001000,0.001000,0.001000
1070.519231,0.034146,0.001000,0.001000,0.001000,0.001000,0.001000
1070.538462,0.033135,0.001000,0.001000,0.001000,0.001000,0.001000
1070.557692,0.032098,0.001000,0.001000,0.001000,0.001000,0.001000
1070.576923,0.031038,0.001000,0.001000,0.001000,0.001000,0.001000
1070.596154,0.029955,0.001000,0.001000,0.001000,0.001000,0.001000
1070.615385,0.028849,0.001000,0.001000,0.001000,0.001000,0.001000
1070.634615,0.027722,0.001000,0.001000,0.001000,0.001000,0.001000
1070.653846,0.026574,0.001000,0.001000,0.001000,0.001000,0.001000
1070.673077,0.025406,0.001000,0.001000,0.001000,0.001000,0.001000
1070.692308,0.024220,0.001000,0.001000,0.001000,0.001000,0.001000
1070.711538,0.023015,0.001000,0.001000,0.001000,0.001000,0.001000
1070.730769,0.021793,0.001000,0.001000,0.001000,0.001000,0.001000
1070.750000,0.020554,0.001000,0.001000,0.001000,0.001000,0.001000
1070.769231,0.019300,0.001000,0.001000,0.001000,0.001000,0.001000
1070.788462,0.018032,0.001000,0.001000,0.001000,0.001000,0.001000
1070.807692,0.016750,0.001000,0.001000,0.001000,0.001000,0.001000
1070.826923,0.015456,0.001000,0.001000,0.001000,0.001000,0.001000
1070.846154,0.014150,0.001000,0.001000,0.001000,0.001000,0.001000
1070.865385,0.012834,0.001000,0.001000,0.001000,0.001000,0.001000
1070.884615,0.011508,0.001000,0.001000,0.001000,0.001000,0.001000
1070.903846,0.010174,0.001000,0.001000,0.001000,0.001000,0.001000
1070.923077,0.008831,0.001000,0.001000,0.001000,0.001000,0.001000
1070.942308,0.007483,0.001000,0.001000,0.001000,0.001000,0.001000
1070.961538,0.006128,0.001000,0.001000,0.001000,0.001000,0.001000
1070.980769,0.004769,0.001000,0.001000,0.001000,0.001000,0.001000
1071.000000,0.003407,0.001000,0.001000,0.001000,0.001000,0.001000
1071.019231,0.002042,0.001000,0.001000,0.001000,0.001000,0.001000
1071.038462,0.000675,0.001000,0.001000,0.001000,0.001000,0.001000
1071.057692,-0.000692,0.001000,0.001000,0.001000,0.001000,0.001000
1071.076923,-0.002058,0.001000,0.001000,0.001000,0.001000,0.001000
1071.096154,-0.003423,0.001000,0.001000,0.001000,0.001000,0.001000
1071.115385,-0.004786,0.001000,0.001000,0.001000,0.001000,0.001000
1071.134615,-0.006145,0.001000,0.001000,0.001000,0.001000,0.001000
1071.153846,-0.007499,0.001000,0.001000,0.001000,0.001000,0.001000
1071.173077,-0.008848,0.001000,0.001000,0.001000,0.001000,0.001000
1071.192308,-0.010190,0.001000,0.001000,0.001000,0.001000,0.001000
1071.211538,-0.011524,0.001000,0.001000,0.001000,0.001000,0.001000
1071.230769,-0.012850,0.001000,0.001000,0.001000,0.001000,0.001000
1071.250000,-0.014166,0.001000,0.001000,0.001000,0.001000,0.001000
1071.269231,-0.015472,0.001000,0.001000,0.001000,0.001000,0.001000
1071.288462,-0.016766,0.001000,0.001000,0.001000,0.001000,0.001000
1071.307692,-0.018047,0.001000,0.001000,0.001000,0.001000,0.001000
1071.326923,-0.019315,0.001000,0.001000,0.001000,0.001000,0.001000
1071.346154,-0.020569,0.001000,0.001000,0.001000,0.001000,0.001000
1071.365385,-0.021807,0.001000,0.001000,0.001000,0.001000,0.001000
1071.384615,-0.023029,0.001000,0.001000,0.001000,0.001000,0.001000
1071.403846,-0.024234,0.001000,0.001000,0.001000,0.001000,0.001000
1071.423077,-0.025421,0.001000,0.001000,0.001000,0.001000,0.001000
1071.442308,-0.026588,0.001000,0.001000,0.001000,0.001000,0.001000
1071.461538,-0.027736,0.001000,0.001000,0.001000,0.001000,0.001000
1071.480769,-0.028863,0.001000,0.001000,0.001000,0.001000,0.001000
1071.500000,-0.029968,0.001000,0.001000,0.001000,0.001000,0.001000
1071.519231,-0.031051,0.001000,0.001000,0.001000,0.001000,0.001000
1071.538462,-0.032111,0.001000,0.001000,0.001000,0.001000,0.001000
1071.557692,-0.033147,0.001000,0.001000,0.001000,0.001000,0.001000
1071.576923,-0.034158,0.001000,0.001000,0.001000,0.001000,0.001000
1071.596154,-0.035143,0.001000,0.001000,0.001000,0.001000,0.001000
1071.615385,-0.036103,0.001000,0.001000,0.001000,0.001000,0.001000
1071.634615,-0.037035,0.001000,0.001000,0.001000,0.001000,0.001000
1071.653846,-0.037939,0.001000,0.001000,0.001000,0.001000,0.001000
1071.673077,-0.038815,0.001000,0.001000,0.001000,0.001000,0.001000
1071.692308,-0.039663,0.001000,0.001000,0.001000,0.001000,0.001000
1071.711538,-0.040480,0.001000,0.001000,0.001000,0.001000,0.001000
1071.730769,-0.041267,0.001000,0.001000,0.001000,0.001000,0.001000
1071.750000,-0.042024,0.001000,0.001000,0.001000,0.001000,0.001000
1071.769231,-0.042749,0.001000,0.001000,0.001000,0.001000,0.001000
1071.788462,-0.043442,0.001000,0.001000,0.001000,0.001000,0.001000
1071.807692,-0.044102,0.001000,0.001000,0.001000,0.001000,0.001000
1071.826923,-0.044730,0.001000,0.001000,0.001000,0.001000,0.001000
1071.846154,-0.045324,0.001000,0.001000,0.001000,0.001000,0.001000
1071.865385,-0.045884,0.001000,0.001000,0.001000,0.001000,0.001000
1071.884615,-0.046410,0.001000,0.001000,0.001000,0.001000,0.001000
1071.903846,-0.046901,0.001000,0.001000,0.001000,0.001000,0.001000
1071.923077,-0.047358,0.001000,0.001000,0.001000,0.001000,0.001000
1071.942308,-0.047778,0.001000,0.001000,0.001000,0.001000,0.001000
1071.961538,-0.048163,0.001000,0.001000,0.001000,0.001000,0.001000
1071.980769,-0.048513,0.001000,0.001000,0.001000,0.001000,0.001000
1072.000000,-0.048825,0.001000,0.001000,0.001000,0.001000,0.001000
1072.019231,-0.049102,0.001000,0.001000,0.001000,0.001000,0.001000
1072.038462,-0.049341,0.001000,0.001000,0.001000,0.001000,0.001000
1072.057692,-0.049544,0.001000,0.001000,0.001000,0.001000,0.001000
1072.076923,-0.049710,0.001000,0.001000,0.001000,0.001000,0.001000
1072.096154,-0.049838,0.001000,0.001000,0.001000,0.001000,0.001000
1072.115385,-0.049929,0.001000,0.001000,0.001000,0.001000,0.001000
1072.134615,-0.049983,0.001000,0.001000,0.001000,0.001000,0.001000
1072.153846,-0.050000,0.001000,0.001000,0.001000,0.001000,0.001000
1072.173077,-0.049979,0.001000,0.001000,0.001000,0.001000,0.001000
1072.192308,-0.049921,0.001000,0.001000,0.001000,0.001000,0.001000
1072.211538,-0.049825,0.001000,0.001000,0.001000,0.001000,0.001000
1072.230769,-0.049693,0.001000,0.001000,0.001000,0.001000,0.001000
1072.250000,-0.049523,0.001000,0.001000,0.001000,0.001000,0.001000
1072.269231,-0.049316,0.001000,0.001000,0.001000,0.001000,0.001000
1072.288462,-0.049072,0.001000,0.001000,0.001000,0.001000,0.001000
1072.307692,-0.048792,0.001000,0.001000,0.001000,0.001000,0.001000
1072.326923,-0.048475,0.001000,0.001000,0.001000,0.001000,0.001000
1072.346154,-0.048122,0.001000,0.001000,0.001000,0.001000,0.001000
1072.365385,-0.047733,0.001000,0.001000,0.001000,0.001000,0.001000
1072.384615,-0.047308,0.001000,0.001000,0.001000,0.001000,0.001000
1072.403846,-0.046848,0.001000,0.001000,0.001000,0.001000,0.001000
1072.423077,-0.046352,0.001000,0.001000,0.001000,0.001000,0.001000
1072.442308,-0.045822,0.001000,0.001000,0.001000,0.001000,0.001000
1072.461538,-0.045258,0.001000,0.001000,0.001000,0.001000,0.001000
1072.480769,-0.044660,0.001000,0.001000,0.001000,0.001000,0.001000
1072.500000,-0.044029,0.001000,0.001000,0.001000,0.001000,0.001000
1072.519231,-0.043365,0.001000,0.001000,0.001000,0.001000,0.001000
1072.538462,-0.042668,0.001000,0.001000,0.001000,0.001000,0.001000
1072.557692,-0.041940,0.001000,0.001000,0.001000,0.001000,0.001000
1072.576923,-0.041180,0.001000,0.001000,0.001000,0.001000,0.001000
1072.596154,-0.040389,0.001000,0.001000,0.001000,0.001000,0.001000
1072.615385,-0.039568,0.001000,0.001000,0.001000,0.001000,0.001000
1072.634615,-0.038718,0.001000,0.001000,0.001000,0.001000,0.001000
1072.653846,-0.037838,0.001000,0.001000,0.001000,0.001000,0.001000
1072.673077,-0.036931,0.001000,0.001000,0.001000,0.001000,0.001000
1072.692308,-0.035995,0.001000,0.001000,0.001000,0.001000,0.001000
1072.711538,-0.035033,0.001000,0.001000,0.001000,0.001000,0.001000
1072.730769,-0.034045,0.001000,0.001000,0.001000,0.001000,0.001000
1072.750000,-0.033031,0.001000,0.001000,0.001000,0.001000,0.001000
1072.769231,-0.031992,0.001000,0.001000,0.001000,0.001000,0.001000
1072.788462,-0.030930,0.001000,0.001000,0.001000,0.001000,0.001000
1072.807692,-0.029844,0.001000,0.001000,0.001000,0.001000,0.001000
1072.826923,-0.028736,0.001000,0.001000,0.001000,0.001000,0.001000
1072.846154,-0.027607,0.001000,0.001000,0.001000,0.001000,0.001000
1072.865385,-0.026457,0.001000,0.001000,0.001000,0.001000,0.001000
1072.884615,-0.025287,0.001000,0.001000,0.001000,0.001000,0.001000
1072.903846,-0.024098,0.001000,0.001000,0.001000,0.001000,0.001000
1072.923077,-0.022892,0.001000,0.001000,0.001000,0.001000,0.001000
1072.942308,-0.021668,0.001000,0.001000,0.001000,0.001000,0.001000
1072.961538,-0.020428,0.001000,0.001000,0.001000,0.001000,0.001000
1072.980769,-0.019173,0.001000,0.001000,0.001000,0.001000,0.001000
1073.000000,-0.017903,0.001000,0.001000,0.001000,0.001000,0.001000
1073.019231,-0.016620,0.001000,0.001000,0.001000,0.001000,0.001000
1073.038462,-0.015325,0.001000,0.001000,0.001000,0.001000,0.001000
1073.057692,-0.014018,0.001000,0.001000,0.001000,0.001000,0.001000
1073.076923,-0.012700,0.001000,0.001000,0.001000,0.001000,0.001000
1073.096154,-0.011373,0.001000,0.001000,0.001000,0.001000,0.001000
1073.115385,-0.010038,0.001000,0.001000,0.001000,0.001000,0.001000
1073.134615,-0.008695,0.001000,0.001000,0.001000,0.001000,0.001000
1073.153846,-0.007346,0.001000,0.001000,0.001000,0.001000,0.001000
1073.173077,-0.005991,0.001000,0.001000,0.001000,0.001000,0.001000
1073.192308,-0.004632,0.001000,0.001000,0.001000,0.001000,0.001000
1073.211538,-0.003269,0.001000,0.001000,0.001000,0.001000,0.001000
1073.230769,-0.001904,0.001000,0.001000,0.001000,0.001000,0.001000
1073.250000,-0.000537,0.001000,0.001000,0.001000,0.001000,0.001000
1073.269231,0.000830,0.001000,0.001000,0.001000,0.001000,0.001000
1073.288462,0.002197,0.001000,0.001000,0.001000,0.001000,0.001000
1073.307692,0.003561,0.001000,0.001000,0.001000,0.001000,0.001000
1073.326923,0.004924,0.001000,0.001000,0.001000,0.001000,0.001000
1073.346154,0.006282,0.001000,0.001000,0.001000,0.001000,0.001000
1073.365385,0.007636,0.001000,0.001000,0.001000,0.001000,0.001000
1073.384615,0.008984,0.001000,0.001000,0.001000,0.001000,0.001000
1073.403846,0.010325,0.001000,0.001000,0.001000,0.001000,0.001000
1073.423077,0.011659,0.001000,0.001000,0.001000,0.001000,0.001000
1073.442308,0.012984,0.001000,0.001000,0.001000,0.001000,0.001000
1073.461538,0.014299,0.001000,0.001000,0.001000,0.001000,0.001000
1073.480769,0.015603,0.001000,0.001000,0.001000,0.001000,0.001000
1073.500000,0.016896,0.001000,0.001000,0.001000,0.001000,0.001000
1073.519231,0.018176,0.001000,0.001000,0.001000,0.001000,0.001000
1073.538462,0.019443,0.001000,0.001000,0.001000,0.001000,0.001000
1073.557692,0.020695,0.001000,0.001000,0.001000,0.001000,0.001000
1073.576923,0.021932,0.001000,0.001000,0.001000,0.001000,0.001000
1073.596154,0.023152,0.001000,0.001000,0.001000,0.001000,0.001000
1073.615385,0.024355,0.001000,0.001000,0.001000,0.001000,0.001000
1073.634615,0.025540,0.001000,0.001000,0.001000,0.001000,0.001000
1073.653846,0.026705,0.001000,0.001000,0.001000,0.001000,0.001000
1073.673077,0.027851,0.001000,0.001000,0.001000,0.001000,0.001000
1073.692308,0.028976,0.001000,0.001000,0.001000,0.001000,0.001000
1073.711538,0.030079,0.001000,0.001000,0.001000,0.001000,0.001000
1073.730769,0.031160,0.001000,0.001000,0.001000,0.001000,0.001000
1073.750000,0.032217,0.001000,0.001000,0.001000,0.001000,0.001000
1073.769231,0.033250,0.001000,0.001000,0.001000,0.001000,0.001000
1073.788462,0.034259,0.001000,0.001000,0.001000,0.001000,0.001000
1073.807692,0.035242,0.001000,0.001000,0.001000,0.001000,0.001000
1073.826923,0.036198,0.001000,0.001000,0.001000,0.001000,0.001000
1073.846154,0.037128,0.001000,0.001000,0.001000,0.001000,0.001000
1073.865385,0.038029,0.001000,0.001000,0.001000,0.001000,0.001000
1073.884615,0.038902,0.001000,0.001000,0.001000,0.001000,0.001000
1073.903846,0.039747,0.001000,0.001000,0.001000,0.001000,0.001000
1073.923077,0.040561,0.001000,0.001000,0.001000,0.001000,0.001000
1073.942308,0.041345,0.001000,0.001000,0.001000,0.001000,0.001000
1073.961538,0.042099,0.001000,0.001000,0.001000,0.001000,0.001000
1073.980769,0.042820,0.001000,0.001000,0.001000,0.001000,0.001000
1074.000000,0.043510,0.001000,0.001000,0.001000,0.001000,0.001000
1074.019231,0.044167,0.001000,0.001000,0.001000,0.001000,0.001000
1074.038462,0.044791,0.001000,0.001000,0.001000,0.001000,0.001000
1074.057692,0.045382,0.001000,0.001000,0.001000,0.001000,0.001000
1074.076923,0.045939,0.001000,0.001000,0.001000,0.001000,0.001000
1074.096154,0.046461,0.001000,0.001000,0.001000,0.001000,0.001000
1074.115385,0.046949,0.001000,0.001000,0.001000,0.001000,0.001000
1074.134615,0.047402,0.001000,0.001000,0.001000,0.001000,0.001000
1074.153846,0.047819,0.001000,0.001000,0.001000,0.001000,0.001000
1074.173077,0.048200,0.001000,0.001000,0.001000,0.001000,0.001000
1074.192308,0.048546,0.001000,0.001000,0.001000,0.001000,0.001000
1074.211538,0.048855,0.001000,0.001000,0.001000,0.001000,0.001000
1074.230769,0.049128,0.001000,0.001000,0.001000,0.001000,0.001000
1074.250000,0.049363,0.001000,0.001000,0.001000,0.001000,0.001000
1074.269231,0.049562,0.001000,0.001000,0.001000,0.001000,0.001000
1074.288462,0.049724,0.001000,0.001000,0.001000,0.001000,0.001000
1074.307692,0.049849,0.001000,0.001000,0.001000,0.001000,0.001000
1074.326923,0.049937,0.001000,0.001000,0.001000,0.001000,0.001000
1074.346154,0.049987,0.001000,0.001000,0.001000,0.001000,0.001000
1074.365385,0.050000,0.001000,0.001000,0.001000,0.001000,0.001000
1074.384615,0.049975,0.001000,0.001000,0.001000,0.001000,0.001000
1074.403846,0.049913,0.001000,0.001000,0.001000,0.001000,0.001000
1074.423077,0.049814,0.001000,0.001000,0.001000,0.001000,0.001000
1074.442308,0.049677,0.001000,0.001000,0.001000,0.001000,0.001000
1074.461538,0.049504,0.001000,0.001000,0.001000,0.001000,0.001000
1074.480769,0.049293,0.001000,0.001000,0.001000,0.001000,0.001000
1074.500000,0.049045,0.001000,0.001000,0.001000,0.001000,0.001000
1074.519231,0.048761,0.001000,0.001000,0.001000,0.001000,0.001000
1074.538462,0.048441,0.001000,0.001000,0.001000,0.001000,0.001000
1074.557692,0.048084,0.001000,0.001000,0.001000,0.001000,0.001000
1074.576923,0.047691,0.001000,0.001000,0.001000,0.001000,0.001000
1074.596154,0.047263,0.001000,0.001000,0.001000,0.001000,0.001000
1074.615385,0.046799,0.001000,0.001000,0.001000,0.001000,0.001000
1074.634615,0.046300,0.001000,0.001000,0.001000,0.001000,0.001000
1074.653846,0.045767,0.001000,0.001000,0.001000,0.001000,0.001000
1074.673077,0.045199,0.001000,0.001000,0.001000,0.001000,0.001000
1074.692308,0.044598,0.001000,0.001000,0.001000,0.001000,0.001000
1074.711538,0.043963,0.001000,0.001000,0.001000,0.001000,0.001000
1074.730769,0.043296,0.001000,0.001000,0.001000,0.001000,0.001000
1074.750000,0.042596,0.001000,0.001000,0.001000,0.001000,0.001000
1074.769231,0.041864,0.001000,0.001000,0.001000,0.001000,0.001000
1074.788462,0.041101,0.001000,0.001000,0.001000,0.001000,0.001000
1074.807692,0.040307,0.001000,0.001000,0.001000,0.001000,0.001000
1074.826923,0.039483,0.001000,0.001000,0.001000,0.001000,0.001000
1074.846154,0.038630,0.001000,0.001000,0.001000,0.001000,0.001000
1074.865385,0.037748,0.001000,0.001000,0.001000,0.001000,0.001000
1074.884615,0.036837,0.001000,0.001000,0.001000,0.001000,0.001000
1074.903846,0.035899,0.001000,0.001000,0.001000,0.001000,0.001000
1074.923077,0.034934,0.001000,0.001000,0.001000,0.001000,0.001000
1074.942308,0.033943,0.001000,0.001000,0.001000,0.001000,0.001000
1074.961538,0.032927,0.001000,0.001000,0.001000,0.001000,0.001000
1074.980769,0.031886,0.001000,0.001000,0.001000,0.001000,0.001000
1075.000000,0.030821,0.001000,0.001000,0.001000,0.001000,0.001000
1075.019231,0.029733,0.001000,0.001000,0.001000,0.001000,0.001000
1075.038462,0.028623,0.001000,0.001000,0.001000,0.001000,0.001000
1075.057692,0.027491,0.001000,0.001000,0.001000,0.001000,0.001000
1075.076923,0.026339,0.001000,0.001000,0.001000,0.001000,0.001000
1075.096154,0.025168,0.001000,0.001000,0.001000,0.001000,0.001000
1075.115385,0.023977,0.001000,0.001000,0.001000,0.001000,0.001000
1075.134615,0.022769,0.001000,0.001000,0.001000,0.001000,0.001000
1075.153846,0.021543,0.001000,0.001000,0.001000,0.001000,0.001000
1075.173077,0.020302,0.001000,0.001000,0.001000,0.001000,0.001000
1075.192308,0.019045,0.001000,0.001000,0.001000,0.001000,0.001000
1075.211538,0.017774,0.001000,0.001000,0.001000,0.001000,0.001000
1075.230769,0.016489,0.001000,0.001000,0.001000,0.001000,0.001000
1075.250000,0.015193,0.001000,0.001000,0.001000,0.001000,0.001000
1075.269231,0.013885,0.001000,0.001000,0.001000,0.001000,0.001000
1075.288462,0.012566,0.001000,0.001000,0.001000,0.001000,0.001000
1075.307692,0.011239,0.001000,0.001000,0.001000,0.001000,0.001000
1075.326923,0.009902,0.001000,0.001000,0.001000,0.001000,0.001000
1075.346154,0.008559,0.001000,0.001000,0.001000,0.001000,0.001000
1075.365385,0.007209,0.001000,0.001000,0.001000,0.001000,0.001000
1075.384615,0.005854,0.001000,0.001000,0.001000,0.001000,0.001000
1075.403846,0.004494,0.001000,0.001000,0.001000,0.001000,0.001000
1075.423077,0.003131,0.001000,0.001000,0.001000,0.001000,0.001000
1075.442308,0.001765,0.001000,0.001000,0.001000,0.001000,0.001000
1075.461538,0.000399,0.001000,0.001000,0.001000,0.001000,0.001000
1075.480769,-0.000968,0.001000,0.001000,0.001000,0.001000,0.001000
1075.500000,-0.002335,0.001000,0.001000,0.001000,0.001000,0.001000
1075.519231,-0.003699,0.001000,0.001000,0.001000,0.001000,0.001000
1075.538462,-0.005061,0.001000,0.001000,0.001000,0.001000,0.001000
1075.557692,-0.006419,0.001000,0.001000,0.001000,0.001000,0.001000
1075.576923,-0.007772,0.001000,0.001000,0.001000,0.001000,0.001000
1075.596154,-0.009120,0.001000,0.001000,0.001000,0.001000,0.001000
1075.615385,-0.010460,0.001000,0.001000,0.001000,0.001000,0.001000
1075.634615,-0.011793,0.001000,0.001000,0.001000,0.001000,0.001000
1075.653846,-0.013117,0.001000,0.001000,0.001000,0.001000,0.001000
1075.673077,-0.014431,0.001000,0.001000,0.001000,0.001000,0.001000
1075.692308,-0.015735,0.001000,0.001000,0.001000,0.001000,0.001000
1075.711538,-0.017026,0.001000,0.001000,0.001000,0.001000,0.001000
1075.730769,-0.018305,0.001000,0.001000,0.001000,0.001000,0.001000
1075.750000,-0.019570,0.001000,0.001000,0.001000,0.001000,0.001000
1075.769231,-0.020821,0.001000,0.001000,0.001000,0.001000,0.001000
1075.788462,-0.022056,0.001000,0.001000,0.001000,0.001000,0.001000
1075.807692,-0.023275,0.001000,0.001000,0.001000,0.001000,0.001000
1075.826923,-0.024476,0.001000,0.001000,0.001000,0.001000,0.001000
1075.846154,-0.025658,0.001000,0.001000,0.001000,0.001000,0.001000
1075.865385,-0.026822,0.001000,0.001000,0.001000,0.001000,0.001000
1075.884615,-0.027966,0.001000,0.001000,0.001000,0.001000,0.001000
1075.903846,-0.029088,0.001000,0.001000,0.001000,0.001000,0.001000
1075.923077,-0.030189,0.001000,0.001000,0.001000,0.001000,0.001000
1075.942308,-0.031268,0.001000,0.001000,0.001000,0.001000,0.001000
1075.961538,-0.032323,0.001000,0.001000,0.001000,0.001000,0.001000
1075.980769,-0.033354,0.001000,0.001000,0.001000,0.001000,0.001000
1076.000000,-0.034359,0.001000,0.001000,0.001000,0.001000,0.001000
1076.019231,-0.035340,0.001000,0.001000,0.001000,0.001000,0.001000
1076.038462,-0.036293,0.001000,0.001000,0.001000,0.001000,0.001000
1076.057692,-0.037220,0.001000,0.001000,0.001000,0.001000,0.001000
1076.076923,-0.038119,0.001000,0.001000,0.001000,0.001000,0.001000
1076.096154,-0.038989,0.001000,0.001000,0.001000,0.001000,0.001000
1076.115385,-0.039830,0.001000,0.001000,0.001000,0.001000,0.001000
1076.134615,-0.040642,0.001000,0.001000,0.001000,0.001000,0.001000
1076.153846,-0.041423,0.001000,0.001000,0.001000,0.001000,0.001000
1076.173077,-0.042173,0.001000,0.001000,0.001000,0.001000,0.001000
1076.192308,-0.042892,0.001000,0.001000,0.001000,0.001000,0.001000
1076.211538,-0.043578,0.001000,0.001000,0.001000,0.001000,0.001000
1076.230769,-0.044232,0.001000,0.001000,0.001000,0.001000,0.001000
1076.250000,-0.044853,0.001000,0.001000,0.001000,0.001000,0.001000
1076.269231,-0.045440,0.001000,0.001000,0.001000,0.001000,0.001000
1076.288462,-0.045993,0.001000,0.001000,0.001000,0.001000,0.001000
1076.307692,-0.046512,0.001000,0.001000,0.001000,0.001000,0.001000
1076.326923,-0.046997,0.001000,0.001000,0.001000,0.001000,0.001000
1076.346154,-0.047446,0.001000,0.001000,0.001000,0.001000,0.001000
1076.365385,-0.047859,0.001000,0.001000,0.001000,0.001000,0.001000
1076.384615,-0.048237,0.001000,0.001000,0.001000,0.001000,0.001000
1076.403846,-0.048579,0.001000,0.001000,0.001000,0.001000,0.001000
1076.423077,-0.048884,0.001000,0.001000,0.001000,0.001000,0.001000
1076.442308,-0.049153,0.001000,0.001000,0.001000,0.001000,0.001000
1076.461538,-0.049385,0.001000,0.001000,0.001000,0.001000,0.001000
1076.480769,-0.049580,0.001000,0.001000,0.001000,0.001000,0.001000
1076.500000,-0.049739,0.001000,0.001000,0.001000,0.001000,0.001000
1076.519231,-0.049860,0.001000,0.001000,0.001000,0.001000,0.001000
1076.538462,-0.049943,0.001000,0.001000,0.001000,0.001000,0.001000
1076.557692,-0.049990,0.001000,0.001000,0.001000,0.001000,0.001000
1076.576923,-0.049999,0.001000,0.001000,0.001000,0.001000,0.001000
1076.596154,-0.049970,0.001000,0.001000,0.001000,0.001000,0.001000
1076.615385,-0.049905,0.001000,0.001000,0.001000,0.001000,0.001000
1076.634615,-0.049802,0.001000,0.001000,0.001000,0.001000,0.001000
1076.653846,-0.049661,0.001000,0.001000,0.001000,0.001000,0.001000
1076.673077,-0.049484,0.001000,0.001000,0.001000,0.001000,0.001000
1076.692308,-0.049270,0.001000,0.001000,0.001000,0.001000,0.001000
1076.711538,-0.049018,0.001000,0.001000,0.001000,0.001000,0.001000
1076.730769,-0.048731,0.001000,0.001000,0.001000,0.001000,0.001000
1076.750000,-0.048406,0.001000,0.001000,0.001000,0.001000,0.001000
1076.769231,-0.048046,0.001000,0.001000,0.001000,0.001000,0.001000
1076.788462,-0.047649,0.001000,0.001000,0.001000,0.001000,0.001000
1076.807692,-0.047217,0.001000,0.001000,0.001000,0.001000,0.001000
1076.826923,-0.046750,0.001000,0.001000,0.001000,0.001000,0.001000
1076.846154,-0.046248,0.001000,0.001000,0.001000,0.001000,0.001000
1076.865385,-0.045711,0.001000,0.001000,0.001000,0.001000,0.001000
1076.884615,-0.045140,0.001000,0.001000,0.001000,0.001000,0.001000
1076.903846,-0.044535,0.001000,0.001000,0.001000,0.001000,0.001000
1076.923077,-0.043897,0.001000,0.001000,0.001000,0.001000,0.001000
1076.942308,-0.043226,0.001000,0.001000,0.001000,0.001000,0.001000
1076.961538,-0.042523,0.001000,0.001000,0.001000,0.001000,0.001000
1076.980769,-0.041788,0.001000,0.001000,0.001000,0.001000,0.001000
1077.000000,-0.041022,0.001000,0.001000,0.001000,0.001000,0.001000
1077.019231,-0.040225,0.001000,0.001000,0.001000,0.001000,0.001000
1077.038462,-0.039398,0.001000,0.001000,0.001000,0.001000,0.001000
1077.057692,-0.038542,0.001000,0.001000,0.001000,0.001000,0.001000
1077.076923,-0.037657,0.001000,0.001000,0.001000,0.001000,0.001000
1077.096154,-0.036743,0.001000,0.001000,0.001000,0.001000,0.001000
1077.115385,-0.035803,0.001000,0.001000,0.001000,0.001000,0.001000
1077.134615,-0.034835,0.001000,0.001000,0.001000,0.001000,0.001000
1077.153846,-0.033841,0.001000,0.001000,0.001000,0.001000,0.001000
1077.173077,-0.032823,0.001000,0.001000,0.001000,0.001000,0.001000
1077.192308,-0.031779,0.001000,0.001000,0.001000,0.001000,0.001000
1077.211538,-0.030712,0.001000,0.001000,0.001000,0.001000,0.001000
1077.230769,-0.029622,0.001000,0.001000,0.001000,0.001000,0.001000
1077.250000,-0.028509,0.001000,0.001000,0.001000,0.001000,0.001000
1077.269231,-0.027376,0.001000,0.001000,0.001000,0.001000,0.001000
1077.288462,-0.026222,0.001000,0.001000,0.001000,0.001000,0.001000
1077.307692,-0.025048,0.001000,0.001000,0.001000,0.001000,0.001000
1077.326923,-0.023856,0.001000,0.001000,0.001000,0.001000,0.001000
1077.346154,-0.022645,0.001000,0.001000,0.001000,0.001000,0.001000
1077.365385,-0.021418,0.001000,0.001000,0.001000,0.001000,0.001000
1077.384615,-0.020175,0.001000,0.001000,0.001000,0.001000,0.001000
1077.403846,-0.018917,0.001000,0.001000,0.001000,0.001000,0.001000
1077.423077,-0.017644,0.001000,0.001000,0.001000,0.001000,0.001000
1077.442308,-0.016359,0.001000,0.001000,0.001000,0.001000,0.001000
1077.461538,-0.015061,0.001000,0.001000,0.001000,0.001000,0.001000
1077.480769,-0.013752,0.001000,0.001000,0.001000,0.001000,0.001000
1077.500000,-0.012432,0.001000,0.001000,0.001000,0.001000,0.001000
1077.519231,-0.011104,0.001000,0.001000,0.001000,0.001000,0.001000
1077.538462,-0.009767,0.001000,0.001000,0.001000,0.001000,0.001000
1077.557692,-0.008423,0.001000,0.001000,0.001000,0.001000,0.001000
1077.576923,-0.007072,0.001000,0.001000,0.001000,0.001000,0.001000
1077.596154,-0.005716,0.001000,0.001000,0.001000,0.001000,0.001000
1077.615385,-0.004356,0.001000,0.001000,0.001000,0.001000,0.001000
1077.634615,-0.002993,0.001000,0.001000,0.001000,0.001000,0.001000
1077.653846,-0.001627,0.001000,0.001000,0.001000,0.001000,0.001000
1077.673077,-0.000260,0.001000,0.001000,0.001000,0.001000,0.001000
1077.692308,0.001107,0.001000,0.001000,0.001000,0.001000,0.001000
1077.711538,0.002473,0.001000,0.001000,0.001000,0.001000,0.001000
1077.730769,0.003837,0.001000,0.001000,0.001000,0.001000,0.001000
1077.750000,0.005199,0.001000,0.001000,0.001000,0.001000,0.001000
1077.769231,0.006556,0.001000,0.001000,0.001000,0.001000,0.001000
1077.788462,0.007909,0.001000,0.001000,0.001000,0.001000,0.001000
1077.807692,0.009256,0.001000,0.001000,0.001000,0.001000,0.001000
1077.826923,0.010596,0.001000,0.001000,0.001000,0.001000,0.001000
1077.846154,0.011928,0.001000,0.001000,0.001000,0.001000,0.001000
1077.865385,0.013251,0.001000,0.001000,0.001000,0.001000,0.001000
1077.884615,0.014564,0.001000,0.001000,0.001000,0.001000,0.001000
1077.903846,0.015866,0.001000,0.001000,0.001000,0.001000,0.001000
1077.923077,0.017156,0.001000,0.001000,0.001000,0.001000,0.001000
1077.942308,0.018434,0.001000,0.001000,0.001000,0.001000,0.001000
1077.961538,0.019698,0.001000,0.001000,0.001000,0.001000,0.001000
1077.980769,0.020947,0.001000,0.001000,0.001000,0.001000,0.001000
1078.000000,0.022180,0.001000,0.001000,0.001000,0.001000,0.001000
1078.019231,0.023397,0.001000,0.001000,0.001000,0.001000,0.001000
1078.038462,0.024596,0.001000,0.001000,0.001000,0.001000,0.001000
1078.057692,0.025777,0.001000,0.001000,0.001000,0.001000,0.001000
1078.076923,0.026939,0.001000,0.001000,0.001000,0.001000,0.001000
1078.096154,0.028080,0.001000,0.001000,0.001000,0.001000,0.001000
1078.115385,0.029201,0.001000,0.001000,0.001000,0.001000,0.001000
1078.134615,0.030299,0.001000,0.001000,0.001000,0.001000,0.001000
1078.153846,0.031376,0.001000,0.001000,0.001000,0.001000,0.001000
1078.173077,0.032428,0.001000,0.001000,0.001000,0.001000,0.001000
1078.192308,0.033456,0.001000,0.001000,0.001000,0.001000,0.001000
1078.211538,0.034460,0.001000,0.001000,0.001000,0.001000,0.001000
1078.230769,0.035437,0.001000,0.001000,0.001000,0.001000,0.001000
1078.250000,0.036388,0.001000,0.001000,0.001000,0.001000,0.001000
1078.269231,0.037312,0.001000,0.001000,0.001000,0.001000,0.001000
1078.288462,0.038208,0.001000,0.001000,0.001000,0.001000,0.001000
1078.307692,0.039076,0.001000,0.001000,0.001000,0.001000,0.001000
1078.326923,0.039914,0.001000,0.001000,0.001000,0.001000,0.001000
1078.346154,0.040722,0.001000,0.001000,0.001000,0.001000,0.001000
1078.365385,0.041500,0.001000,0.001000,0.001000,0.001000,0.001000
1078.384615,0.042247,0.001000,0.001000,0.001000,0.001000,0.001000
1078.403846,0.042962,0.001000,0.001000,0.001000,0.001000,0.001000
1078.423077,0.043646,0.001000,0.001000,0.001000,0.001000,0.001000
1078.442308,0.044296,0.001000,0.001000,0.001000,0.001000,0.001000
1078.461538,0.044914,0.001000,0.001000,0.001000,0.001000,0.001000
1078.480769,0.045498,0.001000,0.001000,0.001000,0.001000,0.001000
1078.500000,0.046048,0.001000,0.001000,0.001000,0.001000,0.001000
1078.519231,0.046563,0.001000,0.001000,0.001000,0.001000,0.001000
1078.538462,0.047044,0.001000,0.001000,0.001000,0.001000,0.001000
1078.557692,0.047489,0.001000,0.001000,0.001000,0.001000,0.001000
1078.576923,0.047899,0.001000,0.001000,0.001000,0.001000,0.001000
1078.596154,0.048273,0.001000,0.001000,0.001000,0.001000,0.001000
1078.615385,0.048611,0.001000,0.001000,0.001000,0.001000,0.001000
1078.634615,0.048913,0.001000,0.001000,0.001000,0.001000,0.001000
1078.653846,0.049178,0.001000,0.001000,0.001000,0.001000,0.001000
1078.673077,0.049407,0.001000,0.001000,0.001000,0.001000,0.001000
1078.692308,0.049598,0.001000,0.001000,0.001000,0.001000,0.001000
1078.711538,0.049753,0.001000,0.001000,0.001000,0.001000,0.001000
1078.730769,0.049870,0.001000,0.001000,0.001000,0.001000,0.001000
1078.750000,0.049950,0.001000,0.001000,0.001000,0.001000,0.001000
1078.769231,0.049992,0.001000,0.001000,0.001000,0.001000,0.001000
1078.788462,0.049998,0.001000,0.001000,0.001000,0.001000,0.001000
1078.807692,0.049965,0.001000,0.001000,0.001000,0.001000,0.001000
1078.826923,0.049896,0.001000,0.001000,0.001000,0.001000,0.001000
1078.846154,0.049789,0.001000,0.001000,0.001000,0.001000,0.001000
1078.865385,0.049645,0.001000,0.001000,0.001000,0.001000,0.001000
1078.884615,0.049464,0.001000,0.001000,0.001000,0.001000,0.001000
1078.903846,0.049246,0.001000,0.001000,0.001000,0.001000,0.001000
1078.923077,0.048991,0.001000,0.001000,0.001000,0.001000,0.001000
1078.942308,0.048699,0.001000,0.001000,0.001000,0.001000,0.001000
1078.961538,0.048371,0.001000,0.001000,0.001000,0.001000,0.001000
1078.980769,0.048007,0.001000,0.001000,0.001000,0.001000,0.001000
1079.000000,0.047607,0.001000,0.001000,0.001000,0.001000,0.001000
1079.019231,0.047172,0.001000,0.001000,0.001000,0.001000,0.001000
1079.038462,0.046701,0.001000,0.001000,0.001000,0.001000,0.001000
1079.057692,0.046195,0.001000,0.001000,0.001000,0.001000,0.001000
1079.076923,0.045655,0.001000,0.001000,0.001000,0.001000,0.001000
1079.096154,0.045080,0.001000,0.001000,0.001000,0.001000,0.001000
1079.115385,0.044472,0.001000,0.001000,0.001000,0.001000,0.001000
1079.134615,0.043831,0.001000,0.001000,0.001000,0.001000,0.001000
1079.153846,0.043157,0.001000,0.001000,0.001000,0.001000,0.001000
1079.173077,0.042450,0.001000,0.001000,0.001000,0.001000,0.001000
1079.192308,0.041712,0.001000,0.001000,0.001000,0.001000,0.001000
1079.211538,0.040943,0.001000,0.001000,0.001000,0.001000,0.001000
1079.230769,0.040143,0.001000,0.001000,0.001000,0.001000,0.001000
1079.250000,0.039313,0.001000,0.001000,0.001000,0.001000,0.001000
1079.269231,0.038454,0.001000,0.001000,0.001000,0.001000,0.001000
1079.288462,0.037566,0.001000,0.001000,0.001000,0.001000,0.001000
1079.307692,0.036649,0.001000,0.001000,0.001000,0.001000,0.001000
1079.326923,0.035706,0.001000,0.001000,0.001000,0.001000,0.001000
1079.346154,0.034736,0.001000,0.001000,0.001000,0.001000,0.001000
1079.365385,0.033739,0.001000,0.001000,0.001000,0.001000,0.001000
1079.384615,0.032718,0.001000,0.001000,0.001000,0.001000,0.001000
1079.403846,0.031672,0.001000,0.001000,0.001000,0.001000,0.001000
1079.423077,0.030603,0.001000,0.001000,0.001000,0.001000,0.001000
1079.442308,0.029510,0.001000,0.001000,0.001000,0.001000,0.001000
1079.461538,0.028396,0.001000,0.001000,0.001000,0.001000,0.001000
1079.480769,0.027260,0.001000,0.001000,0.001000,0.001000,0.001000
1079.500000,0.026104,0.001000,0.001000,0.001000,0.001000,0.001000
1079.519231,0.024928,0.001000,0.001000,0.001000,0.001000,0.001000
1079.538462,0.023734,0.001000,0.001000,0.001000,0.001000,0.001000
1079.557692,0.022522,0.001000,0.001000,0.001000,0.001000,0.001000
1079.576923,0.021293,0.001000,0.001000,0.001000,0.001000,0.001000
1079.596154,0.020048,0.001000,0.001000,0.001000,0.001000,0.001000
1079.615385,0.018789,0.001000,0.001000,0.001000,0.001000,0.001000
1079.634615,0.017515,0.001000,0.001000,0.001000,0.001000,0.001000
1079.653846,0.016228,0.001000,0.001000,0.001000,0.001000,0.001000
1079.673077,0.014929,0.001000,0.001000,0.001000,0.001000,0.001000
1079.692308,0.013619,0.001000,0.001000,0.001000,0.001000,0.001000
1079.711538,0.012298,0.001000,0.001000,0.001000,0.001000,0.001000
1079.730769,0.010969,0.001000,0.001000,0.001000,0.001000,0.001000
1079.750000,0.009631,0.001000,0.001000,0.001000,0.001000,0.001000
1079.769231,0.008286,0.001000,0.001000,0.001000,0.001000,0.001000
1079.788462,0.006935,0.001000,0.001000,0.001000,0.001000,0.001000
1079.807692,0.005579,0.001000,0.001000,0.001000,0.001000,0.001000
1079.826923,0.004218,0.001000,0.001000,0.001000,0.001000,0.001000
1079.846154,0.002855,0.001000,0.001000,0.001000,0.001000,0.001000
1079.865385,0.001489,0.001000,0.001000,0.001000,0.001000,0.001000
1079.884615,0.000122,0.001000,0.001000,0.001000,0.001000,0.001000
1079.903846,-0.001245,0.001000,0.001000,0.001000,0.001000,0.001000
1079.923077,-0.002611,0.001000,0.001000,0.001000,0.001000,0.001000
1079.942308,-0.003975,0.001000,0.001000,0.001000,0.001000,0.001000
1079.961538,-0.005336,0.001000,0.001000,0.001000,0.001000,0.001000
1079.980769,-0.006694,0.001000,0.001000,0.001000,0.001000,0.001000
1080.000000,-0.008046,0.001000,0.001000,0.001000,0.001000,0.001000
1080.019231,-0.009392,0.001000,0.001000,0.001000,0.001000,0.001000
1080.038462,-0.010731,0.001000,0.001000,0.001000,0.001000,0.001000
1080.057692,-0.012062,0.001000,0.001000,0.001000,0.001000,0.001000
1080.076923,-0.013384,0.001000,0.001000,0.001000,0.001000,0.001000
1080.096154,-0.014696,0.001000,0.001000,0.001000,0.001000,0.001000
1080.115385,-0.015997,0.001000,0.001000,0.001000,0.001000,0.001000
1080.134615,-0.017286,0.001000,0.001000,0.001000,0.001000,0.001000
1080.153846,-0.018562,0.001000,0.001000,0.001000,0.001000,0.001000
1080.173077,-0.019825,0.001000,0.001000,0.001000,0.001000,0.001000
1080.192308,-0.021072,0.001000,0.001000,0.001000,0.001000,0.001000
1080.211538,-0.022304,0.001000,0.001000,0.001000,0.001000,0.001000
1080.230769,-0.023519,0.001000,0.001000,0.001000,0.001000,0.001000
1080.250000,-0.024717,0.001000,0.001000,0.001000,0.001000,0.001000
1080.269231,-0.025896,0.001000,0.001000,0.001000,0.001000,0.001000
1080.288462,-0.027055,0.001000,0.001000,0.001000,0.001000,0.001000
1080.307692,-0.028195,0.001000,0.001000,0.001000,0.001000,0.001000
1080.326923,-0.029313,0.001000,0.001000,0.001000,0.001000,0.001000
1080.346154,-0.030409,0.001000,0.001000,0.001000,0.001000,0.001000
1080.365385,-0.031483,0.001000,0.001000,0.001000,0.001000,0.001000
1080.384615,-0.032533,0.001000,0.001000,0.001000,0.001000,0.001000
1080.403846,-0.033559,0.001000,0.001000,0.001000,0.001000,0.001000
1080.423077,-0.034560,0.001000,0.001000,0.001000,0.001000,0.001000
1080.442308,-0.035535,0.001000,0.001000,0.001000,0.001000,0.001000
1080.461538,-0.036483,0.001000,0.001000,0.001000,0.001000,0.001000
1080.480769,-0.037404,0.001000,0.001000,0.001000,0.001000,0.001000
1080.500000,-0.038297,0.001000,0.001000,0.001000,0.001000,0.001000
1080.519231,-0.039162,0.001000,0.001000,0.001000,0.001000,0.001000
1080.538462,-0.039997,0.001000,0.001000,0.001000,0.001000,0.001000
1080.557692,-0.040802,0.001000,0.001000,0.001000,0.001000,0.001000
1080.576923,-0.041577,0.001000,0.001000,0.001000,0.001000,0.001000
1080.596154,-0.042321,0.001000,0.001000,0.001000,0.001000,0.001000
1080.615385,-0.043033,0.001000,0.001000,0.001000,0.001000,0.001000
1080.634615,-0.043713,0.001000,0.001000,0.001000,0.001000,0.001000
1080.653846,-0.044360,0.001000,0.001000,0.001000,0.001000,0.001000
1080.673077,-0.044974,0.001000,0.001000,0.001000,0.001000,0.001000
1080.692308,-0.045555,0.001000,0.001000,0.001000,0.001000,0.001000
1080.711538,-0.046101,0.001000,0.001000,0.001000,0.001000,0.001000
1080.730769,-0.046613,0.001000,0.001000,0.001000,0.001000,0.001000
1080.750000,-0.047090,0.001000,0.001000,0.001000,0.001000,0.001000
1080.769231,-0.047532,0.001000,0.001000,0.001000,0.001000,0.001000
1080.788462,-0.047939,0.001000,0.001000,0.001000,0.001000,0.001000
1080.807692,-0.048309,0.001000,0.001000,0.001000,0.001000,0.001000
1080.826923,-0.048644,0.001000,0.001000,0.001000,0.001000,0.001000
1080.846154,-0.048942,0.001000,0.001000,0.001000,0.001000,0.001000
1080.865385,-0.049203,0.001000,0.001000,0.001000,0.001000,0.001000
1080.884615,-0.049428,0.001000,0.001000,0.001000,0.001000,0.001000
1080.903846,-0.049616,0.001000,0.001000,0.001000,0.001000,0.001000
1080.923077,-0.049766,0.001000,0.001000,0.001000,0.001000,0.001000
1080.942308,-0.049880,0.001000,0.001000,0.001000,0.001000,0.001000
1080.961538,-0.049956,0.001000,0.001000,0.001000,0.001000,0.001000
1080.980769,-0.049995,0.001000,0.001000,0.001000,0.001000,0.001000
1081.000000,-0.049996,0.001000,0.001000,0.001000,0.001000,0.001000
1081.019231,-0.049960,0.001000,0.001000,0.001000,0.001000,0.001000
1081.038462,-0.049887,0.001000,0.001000,0.001000,0.001000,0.001000
1081.057692,-0.049776,0.001000,0.001000,0.001000,0.001000,0.001000
1081.076923,-0.049628,0.001000,0.001000,0.001000,0.001000,0.001000
1081.096154,-0.049444,0.001000,0.001000,0.001000,0.001000,0.001000
1081.115385,-0.049222,0.001000,0.001000,0.001000,0.001000,0.001000
1081.134615,-0.048963,0.001000,0.001000,0.001000,0.001000,0.001000
1081.153846,-0.048668,0.001000,0.001000,0.001000,0.001000,0.001000
1081.173077,-0.048336,0.001000,0.001000,0.001000,0.001000,0.001000
1081.192308,-0.047968,0.001000,0.001000,0.001000,0.001000,0.001000
1081.211538,-0.047565,0.001000,0.001000,0.001000,0.001000,0.001000
1081.230769,-0.047126,0.001000,0.001000,0.001000,0.001000,0.001000
1081.250000,-0.046651,0.001000,0.001000,0.001000,0.001000,0.001000
1081.269231,-0.046142,0.001000,0.001000,0.001000,0.001000,0.001000
1081.288462,-0.045598,0.001000,0.001000,0.001000,0.001000,0.001000
1081.307692,-0.045020,0.001000,0.001000,0.001000,0.001000,0.001000
1081.326923,-0.044409,0.001000,0.001000,0.001000,0.001000,0.001000
1081.346154,-0.043764,0.001000,0.001000,0.001000,0.001000,0.001000
1081.365385,-0.043087,0.001000,0.001000,0.001000,0.001000,0.001000
1081.384615,-0.042377,0.001000,0.001000,0.001000,0.001000,0.001000
1081.403846,-0.041636,0.001000,0.001000,0.001000,0.001000,0.001000
1081.423077,-0.040863,0.001000,0.001000,0.001000,0.001000,0.001000
1081.442308,-0.040060,0.001000,0.001000,0.001000,0.001000,0.001000
1081.461538,-0.039227,0.001000,0.001000,0.001000,0.001000,0.001000
1081.480769,-0.038365,0.001000,0.001000,0.001000,0.001000,0.001000
1081.500000,-0.037474,0.001000,0.001000,0.001000,0.001000,0.001000
1081.519231,-0.036555,0.001000,0.001000,0.001000,0.001000,0.001000
1081.538462,-0.035609,0.001000,0.001000,0.001000,0.001000,0.001000
1081.557692,-0.034636,0.001000,0.001000,0.001000,0.001000,0.001000
1081.576923,-0.033637,0.001000,0.001000,0.001000,0.001000,0.001000
1081.596154,-0.032613,0.001000,0.001000,0.001000,0.001000,0.001000
1081.615385,-0.031565,0.001000,0.001000,0.001000,0.001000,0.001000
1081.634615,-0.030493,0.001000,0.001000,0.001000,0.001000,0.001000
1081.653846,-0.029398,0.001000,0.001000,0.001000,0.001000,0.001000
1081.673077,-0.028282,0.001000,0.001000,0.001000,0.001000,0.001000
1081.692308,-0.027144,0.001000,0.001000,0.001000,0.001000,0.001000
1081.711538,-0.025986,0.001000,0.001000,0.001000,0.001000,0.001000
1081.730769,-0.024808,0.001000,0.001000,0.001000,0.001000,0.001000
1081.750000,-0.023612,0.001000,0.001000,0.001000,0.001000,0.001000
1081.769231,-0.022398,0.001000,0.001000,0.001000,0.001000,0.001000
1081.788462,-0.021168,0.001000,0.001000,0.001000,0.001000,0.001000
1081.807692,-0.019921,0.001000,0.001000,0.001000,0.001000,0.001000
1081.826923,-0.018660,0.001000,0.001000,0.001000,0.001000,0.001000
1081.846154,-0.017385,0.001000,0.001000,0.001000,0.001000,0.001000
1081.865385,-0.016097,0.001000,0.001000,0.001000,0.001000,0.001000
1081.884615,-0.014797,0.001000,0.001000,0.001000,0.001000,0.001000
1081.903846,-0.013486,0.001000,0.001000,0.001000,0.001000,0.001000
1081.923077,-0.012164,0.001000,0.001000,0.001000,0.001000,0.001000
1081.942308,-0.010834,0.001000,0.001000,0.001000,0.001000,0.001000
1081.961538,-0.009495,0.001000,0.001000,0.001000,0.001000,0.001000
1081.980769,-0.008150,0.001000,0.001000,0.001000,0.001000,0.001000
1082.000000,-0.006798,0.001000,0.001000,0.001000,0.001000,0.001000
1082.019231,-0.005441,0.001000,0.001000,0.001000,0.001000,0.001000
1082.038462,-0.004080,0.001000,0.001000,0.001000,0.001000,0.001000
1082.057692,-0.002716,0.001000,0.001000,0.001000,0.001000,0.001000
1082.076923,-0.001350,0.001000,0.001000,0.001000,0.001000,0.001000
1082.096154,0.000016,0.001000,0.001000,0.001000,0.001000,0.001000
1082.115385,0.001383,0.001000,0.001000,0.001000,0.001000,0.001000
1082.134615,0.002749,0.001000,0.001000,0.001000,0.001000,0.001000
1082.153846,0.004113,0.001000,0.001000,0.001000,0.001000,0.001000
1082.173077,0.005474,0.001000,0.001000,0.001000,0.001000,0.001000
1082.192308,0.006831,0.001000,0.001000,0.001000,0.001000,0.001000
1082.211538,0.008182,0.001000,0.001000,0.001000,0.001000,0.001000
1082.230769,0.009528,0.001000,0.001000,0.001000,0.001000,0.001000
1082.250000,0.010866,0.001000,0.001000,0.001000,0.001000,0.001000
1082.269231,0.012196,0.001000,0.001000,0.001000,0.001000,0.001000
1082.288462,0.013517,0.001000,0.001000,0.001000,0.001000,0.001000
1082.307692,0.014828,0.001000,0.001000,0.001000,0.001000,0.001000
1082.326923,0.016128,0.001000,0.001000,0.001000,0.001000,0.001000
1082.346154,0.017416,0.001000,0.001000,0.001000,0.001000,0.001000
1082.365385,0.018691,0.001000,0.001000,0.001000,0.001000,0.001000
1082.384615,0.019952,0.001000,0.001000,0.001000,0.001000,0.001000
1082.403846,0.021198,0.001000,0.001000,0.001000,0.001000,0.001000
1082.423077,0.022428,0.001000,0.001000,0.001000,0.001000,0.001000
1082.442308,0.023641,0.001000,0.001000,0.001000,0.001000,0.001000
1082.461538,0.024837,0.001000,0.001000,0.001000,0.001000,0.001000
1082.480769,0.026014,0.001000,0.001000,0.001000,0.001000,0.001000
1082.500000,0.027171,0.001000,0.001000,0.001000,0.001000,0.001000
1082.519231,0.028309,0.001000,0.001000,0.001000,0.001000,0.001000
1082.538462,0.029425,0.001000,0.001000,0.001000,0.001000,0.001000
1082.557692,0.030519,0.001000,0.001000,0.001000,0.001000,0.001000
1082.576923,0.031590,0.001000,0.001000,0.001000,0.001000,0.001000
1082.596154,0.032638,0.001000,0.001000,0.001000,0.001000,0.001000
1082.615385,0.033662,0.001000,0.001000,0.001000,0.001000,0.001000
1082.634615,0.034660,0.001000,0.001000,0.001000,0.001000,0.001000
1082.653846,0.035632,0.001000,0.001000,0.001000,0.001000,0.001000
1082.673077,0.036578,0.001000,0.001000,0.001000,0.001000,0.001000
1082.692308,0.037496,0.001000,0.001000,0.001000,0.001000,0.001000
1082.711538,0.038386,0.001000,0.001000,0.001000,0.001000,0.001000
1082.730769,0.039248,0.001000,0.001000,0.001000,0.001000,0.001000
1082.750000,0.040080,0.001000,0.001000,0.001000,0.001000,0.001000
1082.769231,0.040882,0.001000,0.001000,0.001000,0.001000,0.001000
1082.788462,0.041654,0.001000,0.001000,0.001000,0.001000,0.001000
1082.807692,0.042395,0.001000,0.001000,0.001000,0.001000,0.001000
1082.826923,0.043103,0.001000,0.001000,0.001000,0.001000,0.001000
1082.846154,0.043780,0.001000,0.001000,0.001000,0.001000,0.001000
1082.865385,0.044424,0.001000,0.001000,0.001000,0.001000,0.001000
1082.884615,0.045035,0.001000,0.001000,0.001000,0.001000,0.001000
1082.903846,0.045612,0.001000,0.001000,0.001000,0.001000,0.001000
1082.923077,0.046155,0.001000,0.001000,0.001000,0.001000,0.001000
1082.942308,0.046663,0.001000,0.001000,0.001000,0.001000,0.001000
1082.961538,0.047137,0.001000,0.001000,0.001000,0.001000,0.001000
1082.980769,0.047575,0.001000,0.001000,0.001000,0.001000,0.001000
1083.000000,0.047978,0.001000,0.001000,0.001000,0.001000,0.001000
1083.019231,0.048345,0.001000,0.001000,0.001000,0.001000,0.001000
1083.038462,0.048675,0.001000,0.001000,0.001000,0.001000,0.001000
1083.057692,0.048970,0.001000,0.001000,0.001000,0.001000,0.001000
1083.076923,0.049227,0.001000,0.001000,0.001000,0.001000,0.001000
1083.096154,0.049448,0.001000,0.001000,0.001000,0.001000,0.001000
1083.115385,0.049632,0.001000,0.001000,0.001000,0.001000,0.001000
1083.134615,0.049779,0.001000,0.001000,0.001000,0.001000,0.001000
1083.153846,0.049889,0.001000,0.001000,0.001000,0.001000,0.001000
1083.173077,0.049961,0.001000,0.001000,0.001000,0.001000,0.001000
1083.192308,0.049996,0.001000,0.001000,0.001000,0.001000,0.001000
1083.211538,0.049994,0.001000,0.001000,0.001000,0.001000,0.001000
1083.230769,0.049954,0.001000,0.001000,0.001000,0.001000,0.001000
1083.250000,0.049877,0.001000,0.001000,0.001000,0.001000,0.001000
1083.269231,0.049763,0.001000,0.001000,0.001000,0.001000,0.001000
1083.288462,0.049611,0.001000,0.001000,0.001000,0.001000,0.001000
1083.307692,0.049423,0.001000,0.001000,0.001000,0.001000,0.001000
1083.326923,0.049197,0.001000,0.001000,0.001000,0.001000,0.001000
1083.346154,0.048935,0.001000,0.001000,0.001000,0.001000,0.001000
1083.365385,0.048636,0.001000,0.001000,0.001000,0.001000,0.001000
1083.384615,0.048301,0.001000,0.001000,0.001000,0.001000,0.001000
1083.403846,0.047929,0.001000,0.001000,0.001000,0.001000,0.001000
1083.423077,0.047522,0.001000,0.001000,0.001000,0.001000,0.001000
1083.442308,0.047079,0.001000,0.001000,0.001000,0.001000,0.001000
1083.461538,0.046601,0.001000,0.001000,0.001000,0.001000,0.001000
1083.480769,0.046088,0.001000,0.001000,0.001000,0.001000,0.001000
1083.500000,0.045541,0.001000,0.001000,0.001000,0.001000,0.001000
1083.519231,0.044960,0.001000,0.001000,0.001000,0.001000,0.001000
1083.538462,0.044345,0.001000,0.001000,0.001000,0.001000,0.001000
1083.557692,0.043697,0.001000,0.001000,0.001000,0.001000,0.001000
1083.576923,0.043016,0.001000,0.001000,0.001000,0.001000,0.001000
1083.596154,0.042303,0.001000,0.001000,0.001000,0.001000,0.001000
1083.615385,0.041559,0.001000,0.001000,0.001000,0.001000,0.001000
1083.634615,0.040783,0.001000,0.001000,0.001000,0.001000,0.001000
1083.653846,0.039977,0.001000,0.001000,0.001000,0.001000,0.001000
1083.673077,0.039141,0.001000,0.001000,0.001000,0.001000,0.001000
1083.692308,0.038276,0.001000,0.001000,0.001000,0.001000,0.001000
1083.711538,0.037382,0.001000,0.001000,0.001000,0.001000,0.001000
1083.730769,0.036461,0.001000,0.001000,0.001000,0.001000,0.001000
1083.750000,0.035512,0.001000,0.001000,0.001000,0.001000,0.001000
1083.769231,0.034536,0.001000,0.001000,0.001000,0.001000,0.001000
1083.788462,0.033535,0.001000,0.001000,0.001000,0.001000,0.001000
1083.807692,0.032508,0.001000,0.001000,0.001000,0.001000,0.001000
1083.826923,0.031458,0.001000,0.001000,0.001000,0.001000,0.001000
1083.846154,0.030383,0.001000,0.001000,0.001000,0.001000,0.001000
1083.865385,0.029286,0.001000,0.001000,0.001000,0.001000,0.001000
1083.884615,0.028167,0.001000,0.001000,0.001000,0.001000,0.001000
1083.903846,0.027028,0.001000,0.001000,0.001000,0.001000,0.001000
1083.923077,0.025867,0.001000,0.001000,0.001000,0.001000,0.001000
1083.942308,0.024688,0.001000,0.001000,0.001000,0.001000,0.001000
1083.961538,0.023490,0.001000,0.001000,0.001000,0.001000,0.001000
1083.980769,0.022275,0.001000,0.001000,0.001000,0.001000,0.001000
1084.000000,0.021042,0.001000,0.001000,0.001000,0.001000,0.001000
1084.019231,0.019795,0.001000,0.001000,0.001000,0.001000,0.001000
1084.038462,0.018532,0.001000,0.001000,0.001000,0.001000,0.001000
1084.057692,0.017255,0.001000,0.001000,0.001000,0.001000,0.001000
1084.076923,0.015966,0.001000,0.001000,0.001000,0.001000,0.001000
1084.096154,0.014665,0.001000,0.001000,0.001000,0.001000,0.001000
1084.115385,0.013352,0.001000,0.001000,0.001000,0.001000,0.001000
1084.134615,0.012030,0.001000,0.001000,0.001000,0.001000,0.001000
1084.153846,0.010699,0.001000,0.001000,0.001000,0.001000,0.001000
1084.173077,0.009359,0.001000,0.001000,0.001000,0.001000,0.001000
1084.192308,0.008013,0.001000,0.001000,0.001000,0.001000,0.001000
1084.211538,0.006661,0.001000,0.001000,0.001000,0.001000,0.001000
1084.230769,0.005304,0.001000,0.001000,0.001000,0.001000,0.001000
1084.250000,0.003942,0.001000,0.001000,0.001000,0.001000,0.001000
1084.269231,0.002578,0.001000,0.001000,0.001000,0.001000,0.001000
1084.288462,0.001212,0.001000,0.001000,0.001000,0.001000,0.001000
1084.307692,-0.000155,0.001000,0.001000,0.001000,0.001000,0.001000
1084.326923,-0.001522,0.001000,0.001000,0.001000,0.001000,0.001000
1084.346154,-0.002887,0.001000,0.001000,0.001000,0.001000,0.001000
1084.365385,-0.004251,0.001000,0.001000,0.001000,0.001000,0.001000
1084.384615,-0.005611,0.001000,0.001000,0.001000,0.001000,0.001000
1084.403846,-0.006968,0.001000,0.001000,0.001000,0.001000,0.001000
1084.423077,-0.008319,0.001000,0.001000,0.001000,0.001000,0.001000
1084.442308,-0.009663,0.001000,0.001000,0.001000,0.001000,0.001000
1084.461538,-0.011001,0.001000,0.001000,0.001000,0.001000,0.001000
1084.480769,-0.012330,0.001000,0.001000,0.001000,0.001000,0.001000
1084.500000,-0.013650,0.001000,0.001000,0.001000,0.001000,0.001000
1084.519231,-0.014960,0.001000,0.001000,0.001000,0.001000,0.001000
1084.538462,-0.016259,0.001000,0.001000,0.001000,0.001000,0.001000
1084.557692,-0.017546,0.001000,0.001000,0.001000,0.001000,0.001000
1084.576923,-0.018819,0.001000,0.001000,0.001000,0.001000,0.001000
1084.596154,-0.020079,0.001000,0.001000,0.001000,0.001000,0.001000
1084.615385,-0.021323,0.001000,0.001000,0.001000,0.001000,0.001000
1084.634615,-0.022551,0.001000,0.001000,0.001000,0.001000,0.001000
1084.653846,-0.023763,0.001000,0.001000,0.001000,0.001000,0.001000
1084.673077,-0.024957,0.001000,0.001000,0.001000,0.001000,0.001000
1084.692308,-0.026132,0.001000,0.001000,0.001000,0.001000,0.001000
1084.711538,-0.027288,0.001000,0.001000,0.001000,0.001000,0.001000
1084.730769,-0.028423,0.001000,0.001000,0.001000,0.001000,0.001000
1084.750000,-0.029537,0.001000,0.001000,0.001000,0.001000,0.001000
1084.769231,-0.030629,0.001000,0.001000,0.001000,0.001000,0.001000
1084.788462,-0.031698,0.001000,0.001000,0.001000,0.001000,0.001000
1084.807692,-0.032743,0.001000,0.001000,0.001000,0.001000,0.001000
1084.826923,-0.033764,0.001000,0.001000,0.001000,0.001000,0.001000
1084.846154,-0.034759,0.001000,0.001000,0.001000,0.001000,0.001000
1084.865385,-0.035729,0.001000,0.001000,0.001000,0.001000,0.001000
1084.884615,-0.036672,0.001000,0.001000,0.001000,0.001000,0.001000
1084.903846,-0.037587,0.001000,0.001000,0.001000,0.001000,0.001000
1084.923077,-0.038475,0.001000,0.001000,0.001000,0.001000,0.001000
1084.942308,-0.039333,0.001000,0.001000,0.001000,0.001000,0.001000
1084.961538,-0.040163,0.001000,0.001000,0.001000,0.001000,0.001000
1084.980769,-0.040962,0.001000,0.001000,0.001000,0.001000,0.001000
1085.000000,-0.041730,0.001000,0.001000,0.001000,0.001000,0.001000
1085.019231,-0.042468,0.001000,0.001000,0.001000,0.001000,0.001000
1085.038462,-0.043173,0.001000,0.001000,0.001000,0.001000,0.001000
1085.057692,-0.043847,0.001000,0.001000,0.001000,0.001000,0.001000
1085.076923,-0.044487,0.001000,0.001000,0.001000,0.001000,0.001000
1085.096154,-0.045095,0.001000,0.001000,0.001000,0.001000,0.001000
1085.115385,-0.045668,0.001000,0.001000,0.001000,0.001000,0.001000
1085.134615,-0.046208,0.001000,0.001000,0.001000,0.001000,0.001000
1085.153846,-0.046713,0.001000,0.001000,0.001000,0.001000,0.001000
1085.173077,-0.047183,0.001000,0.001000,0.001000,0.001000,0.001000
1085.192308,-0.047617,0.001000,0.001000,0.001000,0.001000,0.001000
1085.211538,-0.048016,0.001000,0.001000,0.001000,0.001000,0.001000
1085.230769,-0.048380,0.001000,0.001000,0.001000,0.001000,0.001000
1085.250000,-0.048707,0.001000,0.001000,0.001000,0.001000,0.001000
1085.269231,-0.048997,0.001000,0.001000,0.001000,0.001000,0.001000
1085.288462,-0.049252,0.001000,0.001000,0.001000,0.001000,0.001000
1085.307692,-0.049469,0.001000,0.001000,0.001000,0.001000,0.001000
1085.326923,-0.049649,0.001000,0.001000,0.001000,0.001000,0.001000
1085.346154,-0.049792,0.001000,0.001000,0.001000,0.001000,0.001000
1085.365385,-0.049898,0.001000,0.001000,0.001000,0.001000,0.001000
1085.384615,-0.049967,0.001000,0.001000,0.001000,0.001000,0.001000
1085.403846,-0.049998,0.001000,0.001000,0.001000,0.001000,0.001000
1085.423077,-0.049992,0.001000,0.001000,0.001000,0.001000,0.001000
1085.442308,-0.049948,0.001000,0.001000,0.001000,0.001000,0.001000
1085.461538,-0.049867,0.001000,0.001000,0.001000,0.001000,0.001000
1085.480769,-0.049749,0.001000,0.001000,0.001000,0.001000,0.001000
1085.500000,-0.049594,0.001000,0.001000,0.001000,0.001000,0.001000
1085.519231,-0.049402,0.001000,0.001000,0.001000,0.001000,0.001000
1085.538462,-0.049172,0.001000,0.001000,0.001000,0.001000,0.001000
1085.557692,-0.048906,0.001000,0.001000,0.001000,0.001000,0.001000
1085.576923,-0.048604,0.001000,0.001000,0.001000,0.001000,0.001000
1085.596154,-0.048265,0.001000,0.001000,0.001000,0.001000,0.001000
1085.615385,-0.047890,0.001000,0.001000,0.001000,0.001000,0.001000
1085.634615,-0.047479,0.001000,0.001000,0.001000,0.001000,0.001000
1085.653846,-0.047032,0.001000,0.001000,0.001000,0.001000,0.001000
1085.673077,-0.046551,0.001000,0.001000,0.001000,0.001000,0.001000
1085.692308,-0.046035,0.001000,0.001000,0.001000,0.001000,0.001000
1085.711538,-0.045484,0.001000,0.001000,0.001000,0.001000,0.001000
1085.730769,-0.044899,0.001000,0.001000,0.001000,0.001000,0.001000
1085.750000,-0.044281,0.001000,0.001000,0.001000,0.001000,0.001000
1085.769231,-0.043630,0.001000,0.001000,0.001000,0.001000,0.001000
1085.788462,-0.042946,0.001000,0.001000,0.001000,0.001000,0.001000
1085.807692,-0.042230,0.001000,0.001000,0.001000,0.001000,0.001000
1085.826923,-0.041482,0.001000,0.001000,0.001000,0.001000,0.001000
1085.846154,-0.040703,0.001000,0.001000,0.001000,0.001000,0.001000
1085.865385,-0.039894,0.001000,0.001000,0.001000,0.001000,0.001000
1085.884615,-0.039055,0.001000,0.001000,0.001000,0.001000,0.001000
1085.903846,-0.038187,0.001000,0.001000,0.001000,0.001000,0.001000
1085.923077,-0.037290,0.001000,0.001000,0.001000,0.001000,0.001000
1085.942308,-0.036366,0.001000,0.001000,0.001000,0.001000,0.001000
1085.961538,-0.035414,0.001000,0.001000,0.001000,0.001000,0.001000
1085.980769,-0.034436,0.001000,0.001000,0.001000,0.001000,0.001000
1086.000000,-0.033432,0.001000,0.001000,0.001000,0.001000,0.001000
1086.019231,-0.032403,0.001000,0.001000,0.001000,0.001000,0.001000
1086.038462,-0.031350,0.001000,0.001000,0.001000,0.001000,0.001000
1086.057692,-0.030273,0.001000,0.001000,0.001000,0.001000,0.001000
1086.076923,-0.029174,0.001000,0.001000,0.001000,0.001000,0.001000
1086.096154,-0.028053,0.001000,0.001000,0.001000,0.001000,0.001000
1086.115385,-0.026911,0.001000,0.001000,0.001000,0.001000,0.001000
1086.134615,-0.025749,0.001000,0.001000,0.001000,0.001000,0.001000
1086.153846,-0.024567,0.001000,0.001000,0.001000,0.001000,0.001000
1086.173077,-0.023368,0.001000,0.001000,0.001000,0.001000,0.001000
1086.192308,-0.022151,0.001000,0.001000,0.001000,0.001000,0.001000
1086.211538,-0.020917,0.001000,0.001000,0.001000,0.001000,0.001000
1086.230769,-0.019667,0.001000,0.001000,0.001000,0.001000,0.001000
1086.250000,-0.018403,0.001000,0.001000,0.001000,0.001000,0.001000
1086.269231,-0.017125,0.001000,0.001000,0.001000,0.001000,0.001000
1086.288462,-0.015835,0.001000,0.001000,0.001000,0.001000,0.001000
1086.307692,-0.014532,0.001000,0.001000,0.001000,0.001000,0.001000
1086.326923,-0.013219,0.001000,0.001000,0.001000,0.001000,0.001000
1086.346154,-0.011896,0.001000,0.001000,0.001000,0.001000,0.001000
1086.365385,-0.010564,0.001000,0.001000,0.001000,0.001000,0.001000
1086.384615,-0.009223,0.001000,0.001000,0.001000,0.001000,0.001000
1086.403846,-0.007877,0.001000,0.001000,0.001000,0.001000,0.001000
1086.423077,-0.006524,0.001000,0.001000,0.001000,0.001000,0.001000
1086.442308,-0.005166,0.001000,0.001000,0.001000,0.001000,0.001000
1086.461538,-0.003804,0.001000,0.001000,0.001000,0.001000,0.001000
1086.480769,-0.002440,0.001000,0.001000,0.001000,0.001000,0.001000
1086.500000,-0.001074,0.001000,0.001000,0.001000,0.001000,0.001000
1086.519231,0.000293,0.001000,0.001000,0.001000,0.001000,0.001000
1086.538462,0.001660,0.001000,0.001000,0.001000,0.001000,0.001000
1086.557692,0.003026,0.001000,0.001000,0.001000,0.001000,0.001000
1086.576923,0.004389,0.001000,0.001000,0.001000,0.001000,0.001000
1086.596154,0.005749,0.001000,0.001000,0.001000,0.001000,0.001000
1086.615385,0.007105,0.001000,0.001000,0.001000,0.001000,0.001000
1086.634615,0.008455,0.001000,0.001000,0.001000,0.001000,0.001000
1086.653846,0.009799,0.001000,0.001000,0.001000,0.001000,0.001000
1086.673077,0.011136,0.001000,0.001000,0.001000,0.001000,0.001000
1086.692308,0.012464,0.001000,0.001000,0.001000,0.001000,0.001000
1086.711538,0.013783,0.001000,0.001000,0.001000,0.001000,0.001000
1086.730769,0.015092,0.001000,0.001000,0.001000,0.001000,0.001000
1086.750000,0.016390,0.001000,0.001000,0.001000,0.001000,0.001000
1086.769231,0.017675,0.001000,0.001000,0.001000,0.001000,0.001000
1086.788462,0.018947,0.001000,0.001000,0.001000,0.001000,0.001000
1086.807692,0.020205,0.001000,0.001000,0.001000,0.001000,0.001000
1086.826923,0.021448,0.001000,0.001000,0.001000,0.001000,0.001000
1086.846154,0.022675,0.001000,0.001000,0.001000,0.001000,0.001000
1086.865385,0.023885,0.001000,0.001000,0.001000,0.001000,0.001000
1086.884615,0.025077,0.001000,0.001000,0.001000,0.001000,0.001000
1086.903846,0.026250,0.001000,0.001000,0.001000,0.001000,0.001000
1086.923077,0.027403,0.001000,0.001000,0.001000,0.001000,0.001000
1086.942308,0.028536,0.001000,0.001000,0.001000,0.001000,0.001000
1086.961538,0.029648,0.001000,0.001000,0.001000,0.001000,0.001000
1086.980769,0.030738,0.001000,0.001000,0.001000,0.001000,0.001000
1087.000000,0.031805,0.001000,0.001000,0.001000,0.001000,0.001000
1087.019231,0.032847,0.001000,0.001000,0.001000,0.001000,0.001000
1087.038462,0.033866,0.001000,0.001000,0.001000,0.001000,0.001000
1087.057692,0.034859,0.001000,0.001000,0.001000,0.001000,0.001000
1087.076923,0.035826,0.001000,0.001000,0.001000,0.001000,0.001000
1087.096154,0.036766,0.001000,0.001000,0.001000,0.001000,0.001000
1087.115385,0.037678,0.001000,0.001000,0.001000,0.001000,0.001000
1087.134615,0.038563,0.001000,0.001000,0.001000,0.001000,0.001000
1087.153846,0.039419,0.001000,0.001000,0.001000,0.001000,0.001000
1087.173077,0.040245,0.001000,0.001000,0.001000,0.001000,0.001000
1087.192308,0.041041,0.001000,0.001000,0.001000,0.001000,0.001000
1087.211538,0.041806,0.001000,0.001000,0.001000,0.001000,0.001000
1087.230769,0.042541,0.001000,0.001000,0.001000,0.001000,0.001000
1087.250000,0.043243,0.001000,0.001000,0.001000,0.001000,0.001000
1087.269231,0.043913,0.001000,0.001000,0.001000,0.001000,0.001000
1087.288462,0.044550,0.001000,0.001000,0.001000,0.001000,0.001000
1087.307692,0.045154,0.001000,0.001000,0.001000,0.001000,0.001000
1087.326923,0.045724,0.001000,0.001000,0.001000,0.001000,0.001000
1087.346154,0.046260,0.001000,0.001000,0.001000,0.001000,0.001000
1087.365385,0.046762,0.001000,0.001000,0.001000,0.001000,0.001000
1087.384615,0.047228,0.001000,0.001000,0.001000,0.001000,0.001000
1087.403846,0.047659,0.001000,0.001000,0.001000,0.001000,0.001000
1087.423077,0.048055,0.001000,0.001000,0.001000,0.001000,0.001000
1087.442308,0.048414,0.001000,0.001000,0.001000,0.001000,0.001000
1087.461538,0.048738,0.001000,0.001000,0.001000,0.001000,0.001000
1087.480769,0.049025,0.001000,0.001000,0.001000,0.001000,0.001000
1087.500000,0.049275,0.001000,0.001000,0.001000,0.001000,0.001000
1087.519231,0.049489,0.001000,0.001000,0.001000,0.001000,0.001000
1087.538462,0.049665,0.001000,0.001000,0.001000,0.001000,0.001000
1087.557692,0.049805,0.001000,0.001000,0.001000,0.001000,0.001000
1087.576923,0.049907,0.001000,0.001000,0.001000,0.001000,0.001000
1087.596154,0.049971,0.001000,0.001000,0.001000,0.001000,0.001000
1087.615385,0.049999,0.001000,0.001000,0.001000,0.001000,0.001000
1087.634615,0.049989,0.001000,0.001000,0.001000,0.001000,0.001000
1087.653846,0.049942,0.001000,0.001000,0.001000,0.001000,0.001000
1087.673077,0.049857,0.001000,0.001000,0.001000,0.001000,0.001000
1087.692308,0.049735,0.001000,0.001000,0.001000,0.001000,0.001000
1087.711538,0.049576,0.001000,0.001000,0.001000,0.001000,0.001000
1087.730769,0.049380,0.001000,0.001000,0.001000,0.001000,0.001000
1087.750000,0.049147,0.001000,0.001000,0.001000,0.001000,0.001000
1087.769231,0.048877,0.001000,0.001000,0.001000,0.001000,0.001000
1087.788462,0.048571,0.001000,0.001000,0.001000,0.001000,0.001000
1087.807692,0.048228,0.001000,0.001000,0.001000,0.001000,0.001000
1087.826923,0.047850,0.001000,0.001000,0.001000,0.001000,0.001000
1087.846154,0.047435,0.001000,0.001000,0.001000,0.001000,0.001000
1087.865385,0.046985,0.001000,0.001000,0.001000,0.001000,0.001000
1087.884615,0.046500,0.001000,0.001000,0.001000,0.001000,0.001000
1087.903846,0.045980,0.001000,0.001000,0.001000,0.001000,0.001000
1087.923077,0.045426,0.001000,0.001000,0.001000,0.001000,0.001000
1087.942308,0.044838,0.001000,0.001000,0.001000,0.001000,0.001000
1087.961538,0.044217,0.001000,0.001000,0.001000,0.001000,0.001000
1087.980769,0.043562,0.001000,0.001000,0.001000,0.001000,0.001000
1088.000000,0.042875,0.001000,0.001000,0.001000,0.001000,0.001000
1088.019231,0.042155,0.001000,0.001000,0.001000,0.001000,0.001000
1088.038462,0.041404,0.001000,0.001000,0.001000,0.001000,0.001000
1088.057692,0.040623,0.001000,0.001000,0.001000,0.001000,0.001000
1088.076923,0.039811,0.001000,0.001000,0.001000,0.001000,0.001000
1088.096154,0.038969,0.001000,0.001000,0.001000,0.001000,0.001000
1088.115385,0.038098,0.001000,0.001000,0.001000,0.001000,0.001000
1088.134615,0.037198,0.001000,0.001000,0.001000,0.001000,0.001000
1088.153846,0.036271,0.001000,0.001000,0.001000,0.001000,0.001000
1088.173077,0.035316,0.001000,0.001000,0.001000,0.001000,0.001000
1088.192308,0.034335,0.001000,0.001000,0.001000,0.001000,0.001000
1088.211538,0.033329,0.001000,0.001000,0.001000,0.001000,0.001000
1088.230769,0.032298,0.001000,0.001000,0.001000,0.001000,0.001000
1088.250000,0.031242,0.001000,0.001000,0.001000,0.001000,0.001000
1088.269231,0.030163,0.001000,0.001000,0.001000,0.001000,0.001000
1088.288462,0.029062,0.001000,0.001000,0.001000,0.001000,0.001000
1088.307692,0.027938,0.001000,0.001000,0.001000,0.001000,0.001000
1088.326923,0.026794,0.001000,0.001000,0.001000,0.001000,0.001000
1088.346154,0.025630,0.001000,0.001000,0.001000,0.001000,0.001000
1088.365385,0.024447,0.001000,0.001000,0.001000,0.001000,0.001000
1088.384615,0.023245,0.001000,0.001000,0.001000,0.001000,0.001000
1088.403846,0.022026,0.001000,0.001000,0.001000,0.001000,0.001000
1088.423077,0.020791,0.001000,0.001000,0.001000,0.001000,0.001000
1088.442308,0.019540,0.001000,0.001000,0.001000,0.001000,0.001000
1088.461538,0.018275,0.001000,0.001000,0.001000,0.001000,0.001000
1088.480769,0.016995,0.001000,0.001000,0.001000,0.001000,0.001000
1088.500000,0.015703,0.001000,0.001000,0.001000,0.001000,0.001000
1088.519231,0.014400,0.001000,0.001000,0.001000,0.001000,0.001000
1088.538462,0.013085,0.001000,0.001000,0.001000,0.001000,0.001000
1088.557692,0.011761,0.001000,0.001000,0.001000,0.001000,0.001000
1088.576923,0.010428,0.001000,0.001000,0.001000,0.001000,0.001000
1088.596154,0.009087,0.001000,0.001000,0.001000,0.001000,0.001000
1088.615385,0.007740,0.001000,0.001000,0.001000,0.001000,0.001000
1088.634615,0.006387,0.001000,0.001000,0.001000,0.001000,0.001000
1088.653846,0.005028,0.001000,0.001000,0.001000,0.001000,0.001000
1088.673077,0.003666,0.001000,0.001000,0.001000,0.001000,0.001000
1088.692308,0.002302,0.001000,0.001000,0.001000,0.001000,0.001000
1088.711538,0.000936,0.001000,0.001000,0.001000,0.001000,0.001000
1088.730769,-0.000432,0.001000,0.001000,0.001000,0.001000,0.001000
1088.750000,-0.001798,0.001000,0.001000,0.001000,0.001000,0.001000
1088.769231,-0.003164,0.001000,0.001000,0.001000,0.001000,0.001000
1088.788462,-0.004527,0.001000,0.001000,0.001000,0.001000,0.001000
1088.807692,-0.005886,0.001000,0.001000,0.001000,0.001000,0.001000
1088.826923,-0.007242,0.001000,0.001000,0.001000,0.001000,0.001000
1088.846154,-0.008591,0.001000,0.001000,0.001000,0.001000,0.001000
1088.865385,-0.009935,0.001000,0.001000,0.001000,0.001000,0.001000
1088.884615,-0.011271,0.001000,0.001000,0.001000,0.001000,0.001000
1088.903846,-0.012598,0.001000,0.001000,0.001000,0.001000,0.001000
1088.923077,-0.013916,0.001000,0.001000,0.001000,0.001000,0.001000
1088.942308,-0.015224,0.001000,0.001000,0.001000,0.001000,0.001000
1088.961538,-0.016521,0.001000,0.001000,0.001000,0.001000,0.001000
1088.980769,-0.017805,0.001000,0.001000,0.001000,0.001000,0.001000
1089.000000,-0.019075,0.001000,0.001000,0.001000,0.001000,0.001000
1089.019231,-0.020332,0.001000,0.001000,0.001000,0.001000,0.001000
1089.038462,-0.021573,0.001000,0.001000,0.001000,0.001000,0.001000
1089.057692,-0.022798,0.001000,0.001000,0.001000,0.001000,0.001000
1089.076923,-0.024006,0.001000,0.001000,0.001000,0.001000,0.001000
1089.096154,-0.025196,0.001000,0.001000,0.001000,0.001000,0.001000
1089.115385,-0.026367,0.001000,0.001000,0.001000,0.001000,0.001000
1089.134615,-0.027519,0.001000,0.001000,0.001000,0.001000,0.001000
1089.153846,-0.028650,0.001000,0.001000,0.001000,0.001000,0.001000
1089.173077,-0.029760,0.001000,0.001000,0.001000,0.001000,0.001000
1089.192308,-0.030847,0.001000,0.001000,0.001000,0.001000,0.001000
1089.211538,-0.031911,0.001000,0.001000,0.001000,0.001000,0.001000
1089.230769,-0.032952,0.001000,0.001000,0.001000,0.001000,0.001000
1089.250000,-0.033967,0.001000,0.001000,0.001000,0.001000,0.001000
1089.269231,-0.034958,0.001000,0.001000,0.001000,0.001000,0.001000
1089.288462,-0.035922,0.001000,0.001000,0.001000,0.001000,0.001000
1089.307692,-0.036859,0.001000,0.001000,0.001000,0.001000,0.001000
1089.326923,-0.037769,0.001000,0.001000,0.001000,0.001000,0.001000
1089.346154,-0.038651,0.001000,0.001000,0.001000,0.001000,0.001000
1089.365385,-0.039504,0.001000,0.001000,0.001000,0.001000,0.001000
1089.384615,-0.040327,0.001000,0.001000,0.001000,0.001000,0.001000
1089.403846,-0.041120,0.001000,0.001000,0.001000,0.001000,0.001000
1089.423077,-0.041882,0.001000,0.001000,0.001000,0.001000,0.001000
1089.442308,-0.042613,0.001000,0.001000,0.001000,0.001000,0.001000
1089.461538,-0.043312,0.001000,0.001000,0.001000,0.001000,0.001000
1089.480769,-0.043979,0.001000,0.001000,0.001000,0.001000,0.001000
1089.500000,-0.044613,0.001000,0.001000,0.001000,0.001000,0.001000
1089.519231,-0.045213,0.001000,0.001000,0.001000,0.001000,0.001000
1089.538462,-0.045780,0.001000,0.001000,0.001000,0.001000,0.001000
1089.557692,-0.046313,0.001000,0.001000,0.001000,0.001000,0.001000
1089.576923,-0.046811,0.001000,0.001000,0.001000,0.001000,0.001000
1089.596154,-0.047273,0.001000,0.001000,0.001000,0.001000,0.001000
1089.615385,-0.047701,0.001000,0.001000,0.001000,0.001000,0.001000
1089.634615,-0.048093,0.001000,0.001000,0.001000,0.001000,0.001000
1089.653846,-0.048449,0.001000,0.001000,0.001000,0.001000,0.001000
1089.673077,-0.048769,0.001000,0.001000,0.001000,0.001000,0.001000
1089.692308,-0.049052,0.001000,0.001000,0.001000,0.001000,0.001000
1089.711538,-0.049298,0.001000,0.001000,0.001000,0.001000,0.001000
1089.730769,-0.049508,0.001000,0.001000,0.001000,0.001000,0.001000
1089.750000,-0.049681,0.001000,0.001000,0.001000,0.001000,0.001000
1089.769231,-0.049817,0.001000,0.001000,0.001000,0.001000,0.001000
1089.788462,-0.049915,0.001000,0.001000,0.001000,0.001000,0.001000
1089.807692,-0.049976,0.001000,0.001000,0.001000,0.001000,0.001000
1089.826923,-0.050000,0.001000,0.001000,0.001000,0.001000,0.001000
1089.846154,-0.049986,0.001000,0.001000,0.001000,0.001000,0.001000
1089.865385,-0.049935,0.001000,0.001000,0.001000,0.001000,0.001000
1089.884615,-0.049847,0.001000,0.001000,0.001000,0.001000,0.001000
1089.903846,-0.049721,0.001000,0.001000,0.001000,0.001000,0.001000
1089.923077,-0.049558,0.001000,0.001000,0.001000,0.001000,0.001000
1089.942308,-0.049358,0.001000,0.001000,0.001000,0.001000,0.001000
1089.961538,-0.049121,0.001000,0.001000,0.001000,0.001000,0.001000
1089.980769,-0.048848,0.001000,0.001000,0.001000,0.001000,0.001000
