timestamp,ax,ay,az,gx,gy,gz
1000.000000,0.000000,0.001000,0.001000,0.001000,0.001000,0.001000
1000.019231,0.001432,0.001000,0.001000,0.001000,0.001000,0.001000
1000.038462,0.002864,0.001000,0.001000,0.001000,0.001000,0.001000
1000.057692,0.004293,0.001000,0.001000,0.001000,0.001000,0.001000
1000.076923,0.005718,0.001000,0.001000,0.001000,0.001000,0.001000
1000.096154,0.007139,0.001000,0.001000,0.001000,0.001000,0.001000
1000.115385,0.008553,0.001000,0.001000,0.001000,0.001000,0.001000
1000.134615,0.009961,0.001000,0.001000,0.001000,0.001000,0.001000
1000.153846,0.011361,0.001000,0.001000,0.001000,0.001000,0.001000
1000.173077,0.012751,0.001000,0.001000,0.001000,0.001000,0.001000
1000.192308,0.014131,0.001000,0.001000,0.001000,0.001000,0.001000
1000.211538,0.015499,0.001000,0.001000,0.001000,0.001000,0.001000
1000.230769,0.016855,0.001000,0.001000,0.001000,0.001000,0.001000
1000.250000,0.018196,0.001000,0.001000,0.001000,0.001000,0.001000
1000.269231,0.019523,0.001000,0.001000,0.001000,0.001000,0.001000
1000.288462,0.020834,0.001000,0.001000,0.001000,0.001000,0.001000
1000.307692,0.022127,0.001000,0.001000,0.001000,0.001000,0.001000
1000.326923,0.023403,0.001000,0.001000,0.001000,0.001000,0.001000
1000.346154,0.024659,0.001000,0.001000,0.001000,0.001000,0.001000
1000.365385,0.025895,0.001000,0.001000,0.001000,0.001000,0.001000
1000.384615,0.027110,0.001000,0.001000,0.001000,0.001000,0.001000
1000.403846,0.028302,0.001000,0.001000,0.001000,0.001000,0.001000
1000.423077,0.029471,0.001000,0.001000,0.001000,0.001000,0.001000
1000.442308,0.030616,0.001000,0.001000,0.001000,0.001000,0.001000
1000.461538,0.031736,0.001000,0.001000,0.001000,0.001000,0.001000
1000.480769,0.032830,0.001000,0.001000,0.001000,0.001000,0.001000
1000.500000,0.033897,0.001000,0.001000,0.001000,0.001000,0.001000
1000.519231,0.034936,0.001000,0.001000,0.001000,0.001000,0.001000
1000.538462,0.035946,0.001000,0.001000,0.001000,0.001000,0.001000
1000.557692,0.036927,0.001000,0.001000,0.001000,0.001000,0.001000
1000.576923,0.037878,0.001000,0.001000,0.001000,0.001000,0.001000
1000.596154,0.038797,0.001000,0.001000,0.001000,0.001000,0.001000
1000.615385,0.039685,0.001000,0.001000,0.001000,0.001000,0.001000
1000.634615,0.040540,0.001000,0.001000,0.001000,0.001000,0.001000
1000.653846,0.041362,0.001000,0.001000,0.001000,0.001000,0.001000
1000.673077,0.042150,0.001000,0.001000,0.001000,0.001000,0.001000
1000.692308,0.042903,0.001000,0.001000,0.001000,0.001000,0.001000
1000.711538,0.043621,0.001000,0.001000,0.001000,0.001000,0.001000
1000.730769,0.044303,0.001000,0.001000,0.001000,0.001000,0.001000
1000.750000,0.044949,0.001000,0.001000,0.001000,0.001000,0.001000
1000.769231,0.045558,0.001000,0.001000,0.001000,0.001000,0.001000
1000.788462,0.046129,0.001000,0.001000,0.001000,0.001000,0.001000
1000.807692,0.046663,0.001000,0.001000,0.001000,0.001000,0.001000
1000.826923,0.047158,0.001000,0.001000,0.001000,0.001000,0.001000
1000.846154,0.047615,0.001000,0.001000,0.001000,0.001000,0.001000
1000.865385,0.048033,0.001000,0.001000,0.001000,0.001000,0.001000
1000.884615,0.048411,0.001000,0.001000,0.001000,0.001000,0.001000
1000.903846,0.048749,0.001000,0.001000,0.001000,0.001000,0.001000
1000.923077,0.049048,0.001000,0.001000,0.001000,0.001000,0.001000
1000.942308,0.049306,0.001000,0.001000,0.001000,0.001000,0.001000
1000.961538,0.049523,0.001000,0.001000,0.001000,0.001000,0.001000
1000.980769,0.049700,0.001000,0.001000,0.001000,0.001000,0.001000
1001.000000,0.049837,0.001000,0.001000,0.001000,0.001000,0.001000
1001.019231,0.049932,0.001000,0.001000,0.001000,0.001000,0.001000
1001.038462,0.049986,0.001000,0.001000,0.001000,0.001000,0.001000
1001.057692,0.049999,0.001000,0.001000,0.001000,0.001000,0.001000
1001.076923,0.049972,0.001000,0.001000,0.001000,0.001000,0.001000
1001.096154,0.049903,0.001000,0.001000,0.001000,0.001000,0.001000
1001.115385,0.049793,0.001000,0.001000,0.001000,0.001000,0.001000
1001.134615,0.049642,0.001000,0.001000,0.001000,0.001000,0.001000
1001.153846,0.049451,0.001000,0.001000,0.001000,0.001000,0.001000
1001.173077,0.049219,0.001000,0.001000,0.001000,0.001000,0.001000
1001.192308,0.048947,0.001000,0.001000,0.001000,0.001000,0.001000
1001.211538,0.048634,0.001000,0.001000,0.001000,0.001000,0.001000
1001.230769,0.048282,0.001000,0.001000,0.001000,0.001000,0.001000
1001.250000,0.047889,0.001000,0.001000,0.001000,0.001000,0.001000
1001.269231,0.047458,0.001000,0.001000,0.001000,0.001000,0.001000
1001.288462,0.046988,0.001000,0.001000,0.001000,0.001000,0.001000
1001.307692,0.046479,0.001000,0.001000,0.001000,0.001000,0.001000
1001.326923,0.045932,0.001000,0.001000,0.001000,0.001000,0.001000
1001.346154,0.045347,0.001000,0.001000,0.001000,0.001000,0.001000
1001.365385,0.044725,0.001000,0.001000,0.001000,0.001000,0.001000
1001.384615,0.044066,0.001000,0.001000,0.001000,0.001000,0.001000
1001.403846,0.043371,0.001000,0.001000,0.001000,0.001000,0.001000
1001.423077,0.042640,0.001000,0.001000,0.001000,0.001000,0.001000
1001.442308,0.041875,0.001000,0.001000,0.001000,0.001000,0.001000
1001.461538,0.041075,0.001000,0.001000,0.001000,0.001000,0.001000
1001.480769,0.040241,0.001000,0.001000,0.001000,0.001000,0.001000
1001.500000,0.039375,0.001000,0.001000,0.001000,0.001000,0.001000
1001.519231,0.038476,0.001000,0.001000,0.001000,0.001000,0.001000
1001.538462,0.037545,0.001000,0.001000,0.001000,0.001000,0.001000
1001.557692,0.036584,0.001000,0.001000,0.001000,0.001000,0.001000
1001.576923,0.035592,0.001000,0.001000,0.001000,0.001000,0.001000
1001.596154,0.034572,0.001000,0.001000,0.001000,0.001000,0.001000
1001.615385,0.033523,0.001000,0.001000,0.001000,0.001000,0.001000
1001.634615,0.032446,0.001000,0.001000,0.001000,0.001000,0.001000
1001.653846,0.031343,0.001000,0.001000,0.001000,0.001000,0.001000
1001.673077,0.030214,0.001000,0.001000,0.001000,0.001000,0.001000
1001.692308,0.029060,0.001000,0.001000,0.001000,0.001000,0.001000
1001.711538,0.027883,0.001000,0.001000,0.001000,0.001000,0.001000
1001.730769,0.026682,0.001000,0.001000,0.001000,0.001000,0.001000
1001.750000,0.025460,0.001000,0.001000,0.001000,0.001000,0.001000
1001.769231,0.024217,0.001000,0.001000,0.001000,0.001000,0.001000
1001.788462,0.022954,0.001000,0.001000,0.001000,0.001000,0.001000
1001.807692,0.021672,0.001000,0.001000,0.001000,0.001000,0.001000
1001.826923,0.020372,0.001000,0.001000,0.001000,0.001000,0.001000
1001.846154,0.019055,0.001000,0.001000,0.001000,0.001000,0.001000
1001.865385,0.017723,0.001000,0.001000,0.001000,0.001000,0.001000
1001.884615,0.016377,0.001000,0.001000,0.001000,0.001000,0.001000
1001.903846,0.015016,0.001000,0.001000,0.001000,0.001000,0.001000
1001.923077,0.013644,0.001000,0.001000,0.001000,0.001000,0.001000
1001.942308,0.012260,0.001000,0.001000,0.001000,0.001000,0.001000
1001.961538,0.010867,0.001000,0.001000,0.001000,0.001000,0.001000
1001.980769,0.009464,0.001000,0.001000,0.001000,0.001000,0.001000
1002.000000,0.008054,0.001000,0.001000,0.001000,0.001000,0.001000
1002.019231,0.006637,0.001000,0.001000,0.001000,0.001000,0.001000
1002.038462,0.005214,0.001000,0.001000,0.001000,0.001000,0.001000
1002.057692,0.003787,0.001000,0.001000,0.001000,0.001000,0.001000
1002.076923,0.002358,0.001000,0.001000,0.001000,0.001000,0.001000
1002.096154,0.000926,0.001000,0.001000,0.001000,0.001000,0.001000
1002.115385,-0.000507,0.001000,0.001000,0.001000,0.001000,0.001000
1002.134615,-0.001939,0.001000,0.001000,0.001000,0.001000,0.001000
1002.153846,-0.003369,0.001000,0.001000,0.001000,0.001000,0.001000
1002.173077,-0.004797,0.001000,0.001000,0.001000,0.001000,0.001000
1002.192308,-0.006221,0.001000,0.001000,0.001000,0.001000,0.001000
1002.211538,-0.007640,0.001000,0.001000,0.001000,0.001000,0.001000
1002.230769,-0.009052,0.001000,0.001000,0.001000,0.001000,0.001000
1002.250000,-0.010457,0.001000,0.001000,0.001000,0.001000,0.001000
1002.269231,-0.011854,0.001000,0.001000,0.001000,0.001000,0.001000
1002.288462,-0.013240,0.001000,0.001000,0.001000,0.001000,0.001000
1002.307692,-0.014616,0.001000,0.001000,0.001000,0.001000,0.001000
1002.326923,-0.015980,0.001000,0.001000,0.001000,0.001000,0.001000
1002.346154,-0.017331,0.001000,0.001000,0.001000,0.001000,0.001000
1002.365385,-0.018667,0.001000,0.001000,0.001000,0.001000,0.001000
1002.384615,-0.019988,0.001000,0.001000,0.001000,0.001000,0.001000
1002.403846,-0.021293,0.001000,0.001000,0.001000,0.001000,0.001000
1002.423077,-0.022580,0.001000,0.001000,0.001000,0.001000,0.001000
1002.442308,-0.023849,0.001000,0.001000,0.001000,0.001000,0.001000
1002.461538,-0.025098,0.001000,0.001000,0.001000,0.001000,0.001000
1002.480769,-0.026327,0.001000,0.001000,0.001000,0.001000,0.001000
1002.500000,-0.027534,0.001000,0.001000,0.001000,0.001000,0.001000
1002.519231,-0.028718,0.001000,0.001000,0.001000,0.001000,0.001000
1002.538462,-0.029879,0.001000,0.001000,0.001000,0.001000,0.001000
1002.557692,-0.031015,0.001000,0.001000,0.001000,0.001000,0.001000
1002.576923,-0.032126,0.001000,0.001000,0.001000,0.001000,0.001000
1002.596154,-0.033211,0.001000,0.001000,0.001000,0.001000,0.001000
1002.615385,-0.034268,0.001000,0.001000,0.001000,0.001000,0.001000
1002.634615,-0.035297,0.001000,0.001000,0.001000,0.001000,0.001000
1002.653846,-0.036297,0.001000,0.001000,0.001000,0.001000,0.001000
1002.673077,-0.037267,0.001000,0.001000,0.001000,0.001000,0.001000
1002.692308,-0.038207,0.001000,0.001000,0.001000,0.001000,0.001000
1002.711538,-0.039115,0.001000,0.001000,0.001000,0.001000,0.001000
1002.730769,-0.039991,0.001000,0.001000,0.001000,0.001000,0.001000
1002.750000,-0.040835,0.001000,0.001000,0.001000,0.001000,0.001000
1002.769231,-0.041644,0.001000,0.001000,0.001000,0.001000,0.001000
1002.788462,-0.042420,0.001000,0.001000,0.001000,0.001000,0.001000
1002.807692,-0.043161,0.001000,0.001000,0.001000,0.001000,0.001000
1002.826923,-0.043866,0.001000,0.001000,0.001000,0.001000,0.001000
1002.846154,-0.044536,0.001000,0.001000,0.001000,0.001000,0.001000
1002.865385,-0.045169,0.001000,0.001000,0.001000,0.001000,0.001000
1002.884615,-0.045764,0.001000,0.001000,0.001000,0.001000,0.001000
1002.903846,-0.046323,0.001000,0.001000,0.001000,0.001000,0.001000
1002.923077,-0.046843,0.001000,0.001000,0.001000,0.001000,0.001000
1002.942308,-0.047324,0.001000,0.001000,0.001000,0.001000,0.001000
1002.961538,-0.047767,0.001000,0.001000,0.001000,0.001000,0.001000
1002.980769,-0.048171,0.001000,0.001000,0.001000,0.001000,0.001000
1003.000000,-0.048535,0.001000,0.001000,0.001000,0.001000,0.001000
1003.019231,-0.048859,0.001000,0.001000,0.001000,0.001000,0.001000
1003.038462,-0.049143,0.001000,0.001000,0.001000,0.001000,0.001000
1003.057692,-0.049387,0.001000,0.001000,0.001000,0.001000,0.001000
1003.076923,-0.049591,0.001000,0.001000,0.001000,0.001000,0.001000
1003.096154,-0.049753,0.001000,0.001000,0.001000,0.001000,0.001000
1003.115385,-0.049875,0.001000,0.001000,0.001000,0.001000,0.001000
1003.134615,-0.049956,0.001000,0.001000,0.001000,0.001000,0.001000
1003.153846,-0.049995,0.001000,0.001000,0.001000,0.001000,0.001000
1003.173077,-0.049994,0.001000,0.001000,0.001000,0.001000,0.001000
1003.192308,-0.049952,0.001000,0.001000,0.001000,0.001000,0.001000
1003.211538,-0.049869,0.001000,0.001000,0.001000,0.001000,0.001000
1003.230769,-0.049744,0.001000,0.001000,0.001000,0.001000,0.001000
1003.250000,-0.049579,0.001000,0.001000,0.001000,0.001000,0.001000
1003.269231,-0.049374,0.001000,0.001000,0.001000,0.001000,0.001000
1003.288462,-0.049127,0.001000,0.001000,0.001000,0.001000,0.001000
1003.307692,-0.048841,0.001000,0.001000,0.001000,0.001000,0.001000
1003.326923,-0.048514,0.001000,0.001000,0.001000,0.001000,0.001000
1003.346154,-0.048147,0.001000,0.001000,0.001000,0.001000,0.001000
1003.365385,-0.047741,0.001000,0.001000,0.001000,0.001000,0.001000
1003.384615,-0.047296,0.001000,0.001000,0.001000,0.001000,0.001000
1003.403846,-0.046812,0.001000,0.001000,0.001000,0.001000,0.001000
1003.423077,-0.046289,0.001000,0.001000,0.001000,0.001000,0.001000
1003.442308,-0.045729,0.001000,0.001000,0.001000,0.001000,0.001000
1003.461538,-0.045131,0.001000,0.001000,0.001000,0.001000,0.001000
1003.480769,-0.044496,0.001000,0.001000,0.001000,0.001000,0.001000
1003.500000,-0.043824,0.001000,0.001000,0.001000,0.001000,0.001000
1003.519231,-0.043117,0.001000,0.001000,0.001000,0.001000,0.001000
1003.538462,-0.042374,0.001000,0.001000,0.001000,0.001000,0.001000
1003.557692,-0.041596,0.001000,0.001000,0.001000,0.001000,0.001000
1003.576923,-0.040784,0.001000,0.001000,0.001000,0.001000,0.001000
1003.596154,-0.039938,0.001000,0.001000,0.001000,0.001000,0.001000
1003.615385,-0.039060,0.001000,0.001000,0.001000,0.001000,0.001000
1003.634615,-0.038150,0.001000,0.001000,0.001000,0.001000,0.001000
1003.653846,-0.037209,0.001000,0.001000,0.001000,0.001000,0.001000
1003.673077,-0.036236,0.001000,0.001000,0.001000,0.001000,0.001000
1003.692308,-0.035235,0.001000,0.001000,0.001000,0.001000,0.001000
1003.711538,-0.034204,0.001000,0.001000,0.001000,0.001000,0.001000
1003.730769,-0.033145,0.001000,0.001000,0.001000,0.001000,0.001000
1003.750000,-0.032059,0.001000,0.001000,0.001000,0.001000,0.001000
1003.769231,-0.030946,0.001000,0.001000,0.001000,0.001000,0.001000
1003.788462,-0.029809,0.001000,0.001000,0.001000,0.001000,0.001000
1003.807692,-0.028646,0.001000,0.001000,0.001000,0.001000,0.001000
1003.826923,-0.027461,0.001000,0.001000,0.001000,0.001000,0.001000
1003.846154,-0.026252,0.001000,0.001000,0.001000,0.001000,0.001000
1003.865385,-0.025023,0.001000,0.001000,0.001000,0.001000,0.001000
1003.884615,-0.023772,0.001000,0.001000,0.001000,0.001000,0.001000
1003.903846,-0.022502,0.001000,0.001000,0.001000,0.001000,0.001000
1003.923077,-0.021214,0.001000,0.001000,0.001000,0.001000,0.001000
1003.942308,-0.019908,0.001000,0.001000,0.001000,0.001000,0.001000
1003.961538,-0.018586,0.001000,0.001000,0.001000,0.001000,0.001000
1003.980769,-0.017248,0.001000,0.001000,0.001000,0.001000,0.001000
1004.000000,-0.015897,0.001000,0.001000,0.001000,0.001000,0.001000
1004.019231,-0.014532,0.001000,0.001000,0.001000,0.001000,0.001000
1004.038462,-0.013156,0.001000,0.001000,0.001000,0.001000,0.001000
1004.057692,-0.011768,0.001000,0.001000,0.001000,0.001000,0.001000
1004.076923,-0.010371,0.001000,0.001000,0.001000,0.001000,0.001000
1004.096154,-0.008966,0.001000,0.001000,0.001000,0.001000,0.001000
1004.115385,-0.007553,0.001000,0.001000,0.001000,0.001000,0.001000
1004.134615,-0.006134,0.001000,0.001000,0.001000,0.001000,0.001000
1004.153846,-0.004710,0.001000,0.001000,0.001000,0.001000,0.001000
1004.173077,-0.003282,0.001000,0.001000,0.001000,0.001000,0.001000
1004.192308,-0.001851,0.001000,0.001000,0.001000,0.001000,0.001000
1004.211538,-0.000419,0.001000,0.001000,0.001000,0.001000,0.001000
1004.230769,0.001013,0.001000,0.001000,0.001000,0.001000,0.001000
1004.250000,0.002445,0.001000,0.001000,0.001000,0.001000,0.001000
1004.269231,0.003875,0.001000,0.001000,0.001000,0.001000,0.001000
1004.288462,0.005301,0.001000,0.001000,0.001000,0.001000,0.001000
1004.307692,0.006724,0.001000,0.001000,0.001000,0.001000,0.001000
1004.326923,0.008140,0.001000,0.001000,0.001000,0.001000,0.001000
1004.346154,0.009550,0.001000,0.001000,0.001000,0.001000,0.001000
1004.365385,0.010952,0.001000,0.001000,0.001000,0.001000,0.001000
1004.384615,0.012345,0.001000,0.001000,0.001000,0.001000,0.001000
1004.403846,0.013728,0.001000,0.001000,0.001000,0.001000,0.001000
1004.423077,0.015100,0.001000,0.001000,0.001000,0.001000,0.001000
1004.442308,0.016459,0.001000,0.001000,0.001000,0.001000,0.001000
1004.461538,0.017805,0.001000,0.001000,0.001000,0.001000,0.001000
1004.480769,0.019136,0.001000,0.001000,0.001000,0.001000,0.001000
1004.500000,0.020452,0.001000,0.001000,0.001000,0.001000,0.001000
1004.519231,0.021751,0.001000,0.001000,0.001000,0.001000,0.001000
1004.538462,0.023031,0.001000,0.001000,0.001000,0.001000,0.001000
1004.557692,0.024293,0.001000,0.001000,0.001000,0.001000,0.001000
1004.576923,0.025535,0.001000,0.001000,0.001000,0.001000,0.001000
1004.596154,0.026756,0.001000,0.001000,0.001000,0.001000,0.001000
1004.615385,0.027956,0.001000,0.001000,0.001000,0.001000,0.001000
1004.634615,0.029132,0.001000,0.001000,0.001000,0.001000,0.001000
1004.653846,0.030284,0.001000,0.001000,0.001000,0.001000,0.001000
1004.673077,0.031411,0.001000,0.001000,0.001000,0.001000,0.001000
1004.692308,0.032513,0.001000,0.001000,0.001000,0.001000,0.001000
1004.711538,0.033588,0.001000,0.001000,0.001000,0.001000,0.001000
1004.730769,0.034635,0.001000,0.001000,0.001000,0.001000,0.001000
1004.750000,0.035654,0.001000,0.001000,0.001000,0.001000,0.001000
1004.769231,0.036643,0.001000,0.001000,0.001000,0.001000,0.001000
1004.788462,0.037603,0.001000,0.001000,0.001000,0.001000,0.001000
1004.807692,0.038532,0.001000,0.001000,0.001000,0.001000,0.001000
1004.826923,0.039429,0.001000,0.001000,0.001000,0.001000,0.001000
1004.846154,0.040293,0.001000,0.001000,0.001000,0.001000,0.001000
1004.865385,0.041125,0.001000,0.001000,0.001000,0.001000,0.001000
1004.884615,0.041923,0.001000,0.001000,0.001000,0.001000,0.001000
1004.903846,0.042686,0.001000,0.001000,0.001000,0.001000,0.001000
1004.923077,0.043415,0.001000,0.001000,0.001000,0.001000,0.001000
1004.942308,0.044107,0.001000,0.001000,0.001000,0.001000,0.001000
1004.961538,0.044764,0.001000,0.001000,0.001000,0.001000,0.001000
1004.980769,0.045384,0.001000,0.001000,0.001000,0.001000,0.001000
1005.000000,0.045966,0.001000,0.001000,0.001000,0.001000,0.001000
1005.019231,0.046511,0.001000,0.001000,0.001000,0.001000,0.001000
1005.038462,0.047018,0.001000,0.001000,0.001000,0.001000,0.001000
1005.057692,0.047486,0.001000,0.001000,0.001000,0.001000,0.001000
1005.076923,0.047915,0.001000,0.001000,0.001000,0.001000,0.001000
1005.096154,0.048304,0.001000,0.001000,0.001000,0.001000,0.001000
1005.115385,0.048654,0.001000,0.001000,0.001000,0.001000,0.001000
1005.134615,0.048964,0.001000,0.001000,0.001000,0.001000,0.001000
1005.153846,0.049234,0.001000,0.001000,0.001000,0.001000,0.001000
1005.173077,0.049464,0.001000,0.001000,0.001000,0.001000,0.001000
1005.192308,0.049653,0.001000,0.001000,0.001000,0.001000,0.001000
1005.211538,0.049801,0.001000,0.001000,0.001000,0.001000,0.001000
1005.230769,0.049908,0.001000,0.001000,0.001000,0.001000,0.001000
1005.250000,0.049974,0.001000,0.001000,0.001000,0.001000,0.001000
1005.269231,0.050000,0.001000,0.001000,0.001000,0.001000,0.001000
1005.288462,0.049984,0.001000,0.001000,0.001000,0.001000,0.001000
1005.307692,0.049927,0.001000,0.001000,0.001000,0.001000,0.001000
1005.326923,0.049829,0.001000,0.001000,0.001000,0.001000,0.001000
1005.346154,0.049691,0.001000,0.001000,0.001000,0.001000,0.001000
1005.365385,0.049511,0.001000,0.001000,0.001000,0.001000,0.001000
1005.384615,0.049291,0.001000,0.001000,0.001000,0.001000,0.001000
1005.403846,0.049030,0.001000,0.001000,0.001000,0.001000,0.001000
1005.423077,0.048730,0.001000,0.001000,0.001000,0.001000,0.001000
1005.442308,0.048389,0.001000,0.001000,0.001000,0.001000,0.001000
1005.461538,0.048008,0.001000,0.001000,0.001000,0.001000,0.001000
1005.480769,0.047588,0.001000,0.001000,0.001000,0.001000,0.001000
1005.500000,0.047129,0.001000,0.001000,0.001000,0.001000,0.001000
1005.519231,0.046631,0.001000,0.001000,0.001000,0.001000,0.001000
1005.538462,0.046095,0.001000,0.001000,0.001000,0.001000,0.001000
1005.557692,0.045522,0.001000,0.001000,0.001000,0.001000,0.001000
1005.576923,0.044910,0.001000,0.001000,0.001000,0.001000,0.001000
1005.596154,0.044262,0.001000,0.001000,0.001000,0.001000,0.001000
1005.615385,0.043578,0.001000,0.001000,0.001000,0.001000,0.001000
1005.634615,0.042858,0.001000,0.001000,0.001000,0.001000,0.001000
1005.653846,0.042102,0.001000,0.001000,0.001000,0.001000,0.001000
1005.673077,0.041312,0.001000,0.001000,0.001000,0.001000,0.001000
1005.692308,0.040489,0.001000,0.001000,0.001000,0.001000,0.001000
1005.711538,0.039632,0.001000,0.001000,0.001000,0.001000,0.001000
1005.730769,0.038742,0.001000,0.001000,0.001000,0.001000,0.001000
1005.750000,0.037821,0.001000,0.001000,0.001000,0.001000,0.001000
1005.769231,0.036868,0.001000,0.001000,0.001000,0.001000,0.001000
1005.788462,0.035885,0.001000,0.001000,0.001000,0.001000,0.001000
1005.807692,0.034873,0.001000,0.001000,0.001000,0.001000,0.001000
1005.826923,0.033832,0.001000,0.001000,0.001000,0.001000,0.001000
1005.846154,0.032764,0.001000,0.001000,0.001000,0.001000,0.001000
1005.865385,0.031668,0.001000,0.001000,0.001000,0.001000,0.001000
1005.884615,0.030547,0.001000,0.001000,0.001000,0.001000,0.001000
1005.903846,0.029400,0.001000,0.001000,0.001000,0.001000,0.001000
1005.923077,0.028230,0.001000,0.001000,0.001000,0.001000,0.001000
1005.942308,0.027036,0.001000,0.001000,0.001000,0.001000,0.001000
1005.961538,0.025820,0.001000,0.001000,0.001000,0.001000,0.001000
1005.980769,0.024582,0.001000,0.001000,0.001000,0.001000,0.001000
1006.000000,0.023325,0.001000,0.001000,0.001000,0.001000,0.001000
1006.019231,0.022049,0.001000,0.001000,0.001000,0.001000,0.001000
1006.038462,0.020754,0.001000,0.001000,0.001000,0.001000,0.001000
1006.057692,0.019442,0.001000,0.001000,0.001000,0.001000,0.001000
1006.076923,0.018114,0.001000,0.001000,0.001000,0.001000,0.001000
1006.096154,0.016772,0.001000,0.001000,0.001000,0.001000,0.001000
1006.115385,0.015416,0.001000,0.001000,0.001000,0.001000,0.001000
1006.134615,0.014047,0.001000,0.001000,0.001000,0.001000,0.001000
1006.153846,0.012666,0.001000,0.001000,0.001000,0.001000,0.001000
1006.173077,0.011275,0.001000,0.001000,0.001000,0.001000,0.001000
1006.192308,0.009875,0.001000,0.001000,0.001000,0.001000,0.001000
1006.211538,0.008467,0.001000,0.001000,0.001000,0.001000,0.001000
1006.230769,0.007052,0.001000,0.001000,0.001000,0.001000,0.001000
1006.250000,0.005631,0.001000,0.001000,0.001000,0.001000,0.001000
1006.269231,0.004205,0.001000,0.001000,0.001000,0.001000,0.001000
1006.288462,0.002776,0.001000,0.001000,0.001000,0.001000,0.001000
1006.307692,0.001345,0.001000,0.001000,0.001000,0.001000,0.001000
1006.326923,-0.000088,0.001000,0.001000,0.001000,0.001000,0.001000
1006.346154,-0.001520,0.001000,0.001000,0.001000,0.001000,0.001000
1006.365385,-0.002951,0.001000,0.001000,0.001000,0.001000,0.001000
1006.384615,-0.004380,0.001000,0.001000,0.001000,0.001000,0.001000
1006.403846,-0.005805,0.001000,0.001000,0.001000,0.001000,0.001000
1006.423077,-0.007225,0.001000,0.001000,0.001000,0.001000,0.001000
1006.442308,-0.008640,0.001000,0.001000,0.001000,0.001000,0.001000
1006.461538,-0.010047,0.001000,0.001000,0.001000,0.001000,0.001000
1006.480769,-0.011446,0.001000,0.001000,0.001000,0.001000,0.001000
1006.500000,-0.012836,0.001000,0.001000,0.001000,0.001000,0.001000
1006.519231,-0.014215,0.001000,0.001000,0.001000,0.001000,0.001000
1006.538462,-0.015582,0.001000,0.001000,0.001000,0.001000,0.001000
1006.557692,-0.016937,0.001000,0.001000,0.001000,0.001000,0.001000
1006.576923,-0.018278,0.001000,0.001000,0.001000,0.001000,0.001000
1006.596154,-0.019604,0.001000,0.001000,0.001000,0.001000,0.001000
1006.615385,-0.020913,0.001000,0.001000,0.001000,0.001000,0.001000
1006.634615,-0.022206,0.001000,0.001000,0.001000,0.001000,0.001000
1006.653846,-0.023480,0.001000,0.001000,0.001000,0.001000,0.001000
1006.673077,-0.024735,0.001000,0.001000,0.001000,0.001000,0.001000
1006.692308,-0.025970,0.001000,0.001000,0.001000,0.001000,0.001000
1006.711538,-0.027183,0.001000,0.001000,0.001000,0.001000,0.001000
1006.730769,-0.028374,0.001000,0.001000,0.001000,0.001000,0.001000
1006.750000,-0.029542,0.001000,0.001000,0.001000,0.001000,0.001000
1006.769231,-0.030686,0.001000,0.001000,0.001000,0.001000,0.001000
1006.788462,-0.031804,0.001000,0.001000,0.001000,0.001000,0.001000
1006.807692,-0.032896,0.001000,0.001000,0.001000,0.001000,0.001000
1006.826923,-0.033961,0.001000,0.001000,0.001000,0.001000,0.001000
1006.846154,-0.034999,0.001000,0.001000,0.001000,0.001000,0.001000
1006.865385,-0.036007,0.001000,0.001000,0.001000,0.001000,0.001000
1006.884615,-0.036986,0.001000,0.001000,0.001000,0.001000,0.001000
1006.903846,-0.037935,0.001000,0.001000,0.001000,0.001000,0.001000
1006.923077,-0.038853,0.001000,0.001000,0.001000,0.001000,0.001000
1006.942308,-0.039738,0.001000,0.001000,0.001000,0.001000,0.001000
1006.961538,-0.040591,0.001000,0.001000,0.001000,0.001000,0.001000
1006.980769,-0.041411,0.001000,0.001000,0.001000,0.001000,0.001000
1007.000000,-0.042197,0.001000,0.001000,0.001000,0.001000,0.001000
1007.019231,-0.042948,0.001000,0.001000,0.001000,0.001000,0.001000
1007.038462,-0.043664,0.001000,0.001000,0.001000,0.001000,0.001000
1007.057692,-0.044344,0.001000,0.001000,0.001000,0.001000,0.001000
1007.076923,-0.044987,0.001000,0.001000,0.001000,0.001000,0.001000
1007.096154,-0.045594,0.001000,0.001000,0.001000,0.001000,0.001000
1007.115385,-0.046163,0.001000,0.001000,0.001000,0.001000,0.001000
1007.134615,-0.046694,0.001000,0.001000,0.001000,0.001000,0.001000
1007.153846,-0.047187,0.001000,0.001000,0.001000,0.001000,0.001000
1007.173077,-0.047642,0.001000,0.001000,0.001000,0.001000,0.001000
1007.192308,-0.048057,0.001000,0.001000,0.001000,0.001000,0.001000
1007.211538,-0.048433,0.001000,0.001000,0.001000,0.001000,0.001000
1007.230769,-0.048769,0.001000,0.001000,0.001000,0.001000,0.001000
1007.250000,-0.049065,0.001000,0.001000,0.001000,0.001000,0.001000
1007.269231,-0.049320,0.001000,0.001000,0.001000,0.001000,0.001000
1007.288462,-0.049535,0.001000,0.001000,0.001000,0.001000,0.001000
1007.307692,-0.049710,0.001000,0.001000,0.001000,0.001000,0.001000
1007.326923,-0.049844,0.001000,0.001000,0.001000,0.001000,0.001000
1007.346154,-0.049936,0.001000,0.001000,0.001000,0.001000,0.001000
1007.365385,-0.049988,0.001000,0.001000,0.001000,0.001000,0.001000
1007.384615,-0.049999,0.001000,0.001000,0.001000,0.001000,0.001000
1007.403846,-0.049969,0.001000,0.001000,0.001000,0.001000,0.001000
1007.423077,-0.049897,0.001000,0.001000,0.001000,0.001000,0.001000
1007.442308,-0.049785,0.001000,0.001000,0.001000,0.001000,0.001000
1007.461538,-0.049632,0.001000,0.001000,0.001000,0.001000,0.001000
1007.480769,-0.049438,0.001000,0.001000,0.001000,0.001000,0.001000
1007.500000,-0.049203,0.001000,0.001000,0.001000,0.001000,0.001000
1007.519231,-0.048929,0.001000,0.001000,0.001000,0.001000,0.001000
1007.538462,-0.048614,0.001000,0.001000,0.001000,0.001000,0.001000
1007.557692,-0.048259,0.001000,0.001000,0.001000,0.001000,0.001000
1007.576923,-0.047864,0.001000,0.001000,0.001000,0.001000,0.001000
1007.596154,-0.047430,0.001000,0.001000,0.001000,0.001000,0.001000
1007.615385,-0.046958,0.001000,0.001000,0.001000,0.001000,0.001000
1007.634615,-0.046446,0.001000,0.001000,0.001000,0.001000,0.001000
1007.653846,-0.045897,0.001000,0.001000,0.001000,0.001000,0.001000
1007.673077,-0.045310,0.001000,0.001000,0.001000,0.001000,0.001000
1007.692308,-0.044685,0.001000,0.001000,0.001000,0.001000,0.001000
1007.711538,-0.044024,0.001000,0.001000,0.001000,0.001000,0.001000
1007.730769,-0.043327,0.001000,0.001000,0.001000,0.001000,0.001000
1007.750000,-0.042595,0.001000,0.001000,0.001000,0.001000,0.001000
1007.769231,-0.041827,0.001000,0.001000,0.001000,0.001000,0.001000
1007.788462,-0.041025,0.001000,0.001000,0.001000,0.001000,0.001000
1007.807692,-0.040189,0.001000,0.001000,0.001000,0.001000,0.001000
1007.826923,-0.039321,0.001000,0.001000,0.001000,0.001000,0.001000
1007.846154,-0.038420,0.001000,0.001000,0.001000,0.001000,0.001000
1007.865385,-0.037487,0.001000,0.001000,0.001000,0.001000,0.001000
1007.884615,-0.036524,0.001000,0.001000,0.001000,0.001000,0.001000
1007.903846,-0.035531,0.001000,0.001000,0.001000,0.001000,0.001000
1007.923077,-0.034508,0.001000,0.001000,0.001000,0.001000,0.001000
1007.942308,-0.033458,0.001000,0.001000,0.001000,0.001000,0.001000
1007.961538,-0.032379,0.001000,0.001000,0.001000,0.001000,0.001000
1007.980769,-0.031275,0.001000,0.001000,0.001000,0.001000,0.001000
1008.000000,-0.030144,0.001000,0.001000,0.001000,0.001000,0.001000
1008.019231,-0.028989,0.001000,0.001000,0.001000,0.001000,0.001000
1008.038462,-0.027810,0.001000,0.001000,0.001000,0.001000,0.001000
1008.057692,-0.026608,0.001000,0.001000,0.001000,0.001000,0.001000
1008.076923,-0.025384,0.001000,0.001000,0.001000,0.001000,0.001000
1008.096154,-0.024140,0.001000,0.001000,0.001000,0.001000,0.001000
1008.115385,-0.022876,0.001000,0.001000,0.001000,0.001000,0.001000
1008.134615,-0.021593,0.001000,0.001000,0.001000,0.001000,0.001000
1008.153846,-0.020292,0.001000,0.001000,0.001000,0.001000,0.001000
1008.173077,-0.018974,0.001000,0.001000,0.001000,0.001000,0.001000
1008.192308,-0.017641,0.001000,0.001000,0.001000,0.001000,0.001000
1008.211538,-0.016294,0.001000,0.001000,0.001000,0.001000,0.001000
1008.230769,-0.014933,0.001000,0.001000,0.001000,0.001000,0.001000
1008.250000,-0.013560,0.001000,0.001000,0.001000,0.001000,0.001000
1008.269231,-0.012175,0.001000,0.001000,0.001000,0.001000,0.001000
1008.288462,-0.010781,0.001000,0.001000,0.001000,0.001000,0.001000
1008.307692,-0.009378,0.001000,0.001000,0.001000,0.001000,0.001000
1008.326923,-0.007967,0.001000,0.001000,0.001000,0.001000,0.001000
1008.346154,-0.006550,0.001000,0.001000,0.001000,0.001000,0.001000
1008.365385,-0.005127,0.001000,0.001000,0.001000,0.001000,0.001000
1008.384615,-0.003700,0.001000,0.001000,0.001000,0.001000,0.001000
1008.403846,-0.002270,0.001000,0.001000,0.001000,0.001000,0.001000
1008.423077,-0.000838,0.001000,0.001000,0.001000,0.001000,0.001000
1008.442308,0.000594,0.001000,0.001000,0.001000,0.001000,0.001000
1008.461538,0.002027,0.001000,0.001000,0.001000,0.001000,0.001000
1008.480769,0.003457,0.001000,0.001000,0.001000,0.001000,0.001000
1008.500000,0.004884,0.001000,0.001000,0.001000,0.001000,0.001000
1008.519231,0.006308,0.001000,0.001000,0.001000,0.001000,0.001000
1008.538462,0.007726,0.001000,0.001000,0.001000,0.001000,0.001000
1008.557692,0.009138,0.001000,0.001000,0.001000,0.001000,0.001000
1008.576923,0.010543,0.001000,0.001000,0.001000,0.001000,0.001000
1008.596154,0.011939,0.001000,0.001000,0.001000,0.001000,0.001000
1008.615385,0.013325,0.001000,0.001000,0.001000,0.001000,0.001000
1008.634615,0.014700,0.001000,0.001000,0.001000,0.001000,0.001000
1008.653846,0.016063,0.001000,0.001000,0.001000,0.001000,0.001000
1008.673077,0.017413,0.001000,0.001000,0.001000,0.001000,0.001000
1008.692308,0.018749,0.001000,0.001000,0.001000,0.001000,0.001000
1008.711538,0.020069,0.001000,0.001000,0.001000,0.001000,0.001000
1008.730769,0.021372,0.001000,0.001000,0.001000,0.001000,0.001000
1008.750000,0.022659,0.001000,0.001000,0.001000,0.001000,0.001000
1008.769231,0.023926,0.001000,0.001000,0.001000,0.001000,0.001000
1008.788462,0.025174,0.001000,0.001000,0.001000,0.001000,0.001000
1008.807692,0.026401,0.001000,0.001000,0.001000,0.001000,0.001000
1008.826923,0.027607,0.001000,0.001000,0.001000,0.001000,0.001000
1008.846154,0.028790,0.001000,0.001000,0.001000,0.001000,0.001000
1008.865385,0.029949,0.001000,0.001000,0.001000,0.001000,0.001000
1008.884615,0.031084,0.001000,0.001000,0.001000,0.001000,0.001000
1008.903846,0.032193,0.001000,0.001000,0.001000,0.001000,0.001000
1008.923077,0.033276,0.001000,0.001000,0.001000,0.001000,0.001000
1008.942308,0.034331,0.001000,0.001000,0.001000,0.001000,0.001000
1008.961538,0.035359,0.001000,0.001000,0.001000,0.001000,0.001000
1008.980769,0.036357,0.001000,0.001000,0.001000,0.001000,0.001000
1009.000000,0.037325,0.001000,0.001000,0.001000,0.001000,0.001000
1009.019231,0.038263,0.001000,0.001000,0.001000,0.001000,0.001000
1009.038462,0.039170,0.001000,0.001000,0.001000,0.001000,0.001000
1009.057692,0.040044,0.001000,0.001000,0.001000,0.001000,0.001000
1009.076923,0.040885,0.001000,0.001000,0.001000,0.001000,0.001000
1009.096154,0.041693,0.001000,0.001000,0.001000,0.001000,0.001000
1009.115385,0.042466,0.001000,0.001000,0.001000,0.001000,0.001000
1009.134615,0.043205,0.001000,0.001000,0.001000,0.001000,0.001000
1009.153846,0.043908,0.001000,0.001000,0.001000,0.001000,0.001000
1009.173077,0.044576,0.001000,0.001000,0.001000,0.001000,0.001000
1009.192308,0.045206,0.001000,0.001000,0.001000,0.001000,0.001000
1009.211538,0.045800,0.001000,0.001000,0.001000,0.001000,0.001000
1009.230769,0.046355,0.001000,0.001000,0.001000,0.001000,0.001000
1009.250000,0.046873,0.001000,0.001000,0.001000,0.001000,0.001000
1009.269231,0.047353,0.001000,0.001000,0.001000,0.001000,0.001000
1009.288462,0.047793,0.001000,0.001000,0.001000,0.001000,0.001000
1009.307692,0.048194,0.001000,0.001000,0.001000,0.001000,0.001000
1009.326923,0.048556,0.001000,0.001000,0.001000,0.001000,0.001000
1009.346154,0.048878,0.001000,0.001000,0.001000,0.001000,0.001000
1009.365385,0.049160,0.001000,0.001000,0.001000,0.001000,0.001000
1009.384615,0.049401,0.001000,0.001000,0.001000,0.001000,0.001000
1009.403846,0.049602,0.001000,0.001000,0.001000,0.001000,0.001000
1009.423077,0.049762,0.001000,0.001000,0.001000,0.001000,0.001000
1009.442308,0.049881,0.001000,0.001000,0.001000,0.001000,0.001000
1009.461538,0.049959,0.001000,0.001000,0.001000,0.001000,0.001000
1009.480769,0.049997,0.001000,0.001000,0.001000,0.001000,0.001000
1009.500000,0.049993,0.001000,0.001000,0.001000,0.001000,0.001000
1009.519231,0.049948,0.001000,0.001000,0.001000,0.001000,0.001000
1009.538462,0.049862,0.001000,0.001000,0.001000,0.001000,0.001000
1009.557692,0.049735,0.001000,0.001000,0.001000,0.001000,0.001000
1009.576923,0.049568,0.001000,0.001000,0.001000,0.001000,0.001000
1009.596154,0.049360,0.001000,0.001000,0.001000,0.001000,0.001000
1009.615385,0.049111,0.001000,0.001000,0.001000,0.001000,0.001000
1009.634615,0.048822,0.001000,0.001000,0.001000,0.001000,0.001000
1009.653846,0.048493,0.001000,0.001000,0.001000,0.001000,0.001000
1009.673077,0.048124,0.001000,0.001000,0.001000,0.001000,0.001000
1009.692308,0.047715,0.001000,0.001000,0.001000,0.001000,0.001000
1009.711538,0.047268,0.001000,0.001000,0.001000,0.001000,0.001000
1009.730769,0.046781,0.001000,0.001000,0.001000,0.001000,0.001000
1009.750000,0.046256,0.001000,0.001000,0.001000,0.001000,0.001000
1009.769231,0.045693,0.001000,0.001000,0.001000,0.001000,0.001000
1009.788462,0.045093,0.001000,0.001000,0.001000,0.001000,0.001000
1009.807692,0.044456,0.001000,0.001000,0.001000,0.001000,0.001000
1009.826923,0.043782,0.001000,0.001000,0.001000,0.001000,0.001000
1009.846154,0.043072,0.001000,0.001000,0.001000,0.001000,0.001000
1009.865385,0.042327,0.001000,0.001000,0.001000,0.001000,0.001000
1009.884615,0.041547,0.001000,0.001000,0.001000,0.001000,0.001000
1009.903846,0.040733,0.001000,0.001000,0.001000,0.001000,0.001000
1009.923077,0.039886,0.001000,0.001000,0.001000,0.001000,0.001000
1009.942308,0.039006,0.001000,0.001000,0.001000,0.001000,0.001000
1009.961538,0.038093,0.001000,0.001000,0.001000,0.001000,0.001000
1009.980769,0.037150,0.001000,0.001000,0.001000,0.001000,0.001000
1010.000000,0.036176,0.001000,0.001000,0.001000,0.001000,0.001000
1010.019231,0.035172,0.001000,0.001000,0.001000,0.001000,0.001000
1010.038462,0.034140,0.001000,0.001000,0.001000,0.001000,0.001000
1010.057692,0.033079,0.001000,0.001000,0.001000,0.001000,0.001000
1010.076923,0.031992,0.001000,0.001000,0.001000,0.001000,0.001000
1010.096154,0.030878,0.001000,0.001000,0.001000,0.001000,0.001000
1010.115385,0.029738,0.001000,0.001000,0.001000,0.001000,0.001000
1010.134615,0.028575,0.001000,0.001000,0.001000,0.001000,0.001000
1010.153846,0.027387,0.001000,0.001000,0.001000,0.001000,0.001000
1010.173077,0.026178,0.001000,0.001000,0.001000,0.001000,0.001000
1010.192308,0.024947,0.001000,0.001000,0.001000,0.001000,0.001000
1010.211538,0.023695,0.001000,0.001000,0.001000,0.001000,0.001000
1010.230769,0.022424,0.001000,0.001000,0.001000,0.001000,0.001000
1010.250000,0.021134,0.001000,0.001000,0.001000,0.001000,0.001000
1010.269231,0.019828,0.001000,0.001000,0.001000,0.001000,0.001000
1010.288462,0.018504,0.001000,0.001000,0.001000,0.001000,0.001000
1010.307692,0.017166,0.001000,0.001000,0.001000,0.001000,0.001000
1010.326923,0.015814,0.001000,0.001000,0.001000,0.001000,0.001000
1010.346154,0.014448,0.001000,0.001000,0.001000,0.001000,0.001000
1010.365385,0.013071,0.001000,0.001000,0.001000,0.001000,0.001000
1010.384615,0.011683,0.001000,0.001000,0.001000,0.001000,0.001000
1010.403846,0.010286,0.001000,0.001000,0.001000,0.001000,0.001000
1010.423077,0.008880,0.001000,0.001000,0.001000,0.001000,0.001000
1010.442308,0.007466,0.001000,0.001000,0.001000,0.001000,0.001000
1010.461538,0.006047,0.001000,0.001000,0.001000,0.001000,0.001000
1010.480769,0.004623,0.001000,0.001000,0.001000,0.001000,0.001000
1010.500000,0.003194,0.001000,0.001000,0.001000,0.001000,0.001000
1010.519231,0.001764,0.001000,0.001000,0.001000,0.001000,0.001000
1010.538462,0.000331,0.001000,0.001000,0.001000,0.001000,0.001000
1010.557692,-0.001101,0.001000,0.001000,0.001000,0.001000,0.001000
1010.576923,-0.002533,0.001000,0.001000,0.001000,0.001000,0.001000
1010.596154,-0.003962,0.001000,0.001000,0.001000,0.001000,0.001000
1010.615385,-0.005389,0.001000,0.001000,0.001000,0.001000,0.001000
1010.634615,-0.006810,0.001000,0.001000,0.001000,0.001000,0.001000
1010.653846,-0.008227,0.001000,0.001000,0.001000,0.001000,0.001000
1010.673077,-0.009636,0.001000,0.001000,0.001000,0.001000,0.001000
1010.692308,-0.011038,0.001000,0.001000,0.001000,0.001000,0.001000
1010.711538,-0.012430,0.001000,0.001000,0.001000,0.001000,0.001000
1010.730769,-0.013813,0.001000,0.001000,0.001000,0.001000,0.001000
1010.750000,-0.015184,0.001000,0.001000,0.001000,0.001000,0.001000
1010.769231,-0.016542,0.001000,0.001000,0.001000,0.001000,0.001000
1010.788462,-0.017887,0.001000,0.001000,0.001000,0.001000,0.001000
1010.807692,-0.019217,0.001000,0.001000,0.001000,0.001000,0.001000
1010.826923,-0.020532,0.001000,0.001000,0.001000,0.001000,0.001000
1010.846154,-0.021830,0.001000,0.001000,0.001000,0.001000,0.001000
1010.865385,-0.023109,0.001000,0.001000,0.001000,0.001000,0.001000
1010.884615,-0.024370,0.001000,0.001000,0.001000,0.001000,0.001000
1010.903846,-0.025611,0.001000,0.001000,0.001000,0.001000,0.001000
1010.923077,-0.026830,0.001000,0.001000,0.001000,0.001000,0.001000
1010.942308,-0.028028,0.001000,0.001000,0.001000,0.001000,0.001000
1010.961538,-0.029203,0.001000,0.001000,0.001000,0.001000,0.001000
1010.980769,-0.030354,0.001000,0.001000,0.001000,0.001000,0.001000
1011.000000,-0.031479,0.001000,0.001000,0.001000,0.001000,0.001000
1011.019231,-0.032579,0.001000,0.001000,0.001000,0.001000,0.001000
1011.038462,-0.033653,0.001000,0.001000,0.001000,0.001000,0.001000
1011.057692,-0.034698,0.001000,0.001000,0.001000,0.001000,0.001000
1011.076923,-0.035715,0.001000,0.001000,0.001000,0.001000,0.001000
1011.096154,-0.036703,0.001000,0.001000,0.001000,0.001000,0.001000
1011.115385,-0.037661,0.001000,0.001000,0.001000,0.001000,0.001000
1011.134615,-0.038587,0.001000,0.001000,0.001000,0.001000,0.001000
1011.153846,-0.039483,0.001000,0.001000,0.001000,0.001000,0.001000
1011.173077,-0.040345,0.001000,0.001000,0.001000,0.001000,0.001000
1011.192308,-0.041175,0.001000,0.001000,0.001000,0.001000,0.001000
1011.211538,-0.041970,0.001000,0.001000,0.001000,0.001000,0.001000
1011.230769,-0.042732,0.001000,0.001000,0.001000,0.001000,0.001000
1011.250000,-0.043458,0.001000,0.001000,0.001000,0.001000,0.001000
1011.269231,-0.044148,0.001000,0.001000,0.001000,0.001000,0.001000
1011.288462,-0.044803,0.001000,0.001000,0.001000,0.001000,0.001000
1011.307692,-0.045420,0.001000,0.001000,0.001000,0.001000,0.001000
1011.326923,-0.046001,0.001000,0.001000,0.001000,0.001000,0.001000
1011.346154,-0.046543,0.001000,0.001000,0.001000,0.001000,0.001000
1011.365385,-0.047047,0.001000,0.001000,0.001000,0.001000,0.001000
1011.384615,-0.047513,0.001000,0.001000,0.001000,0.001000,0.001000
1011.403846,-0.047940,0.001000,0.001000,0.001000,0.001000,0.001000
1011.423077,-0.048327,0.001000,0.001000,0.001000,0.001000,0.001000
1011.442308,-0.048674,0.001000,0.001000,0.001000,0.001000,0.001000
1011.461538,-0.048982,0.001000,0.001000,0.001000,0.001000,0.001000
1011.480769,-0.049250,0.001000,0.001000,0.001000,0.001000,0.001000
1011.500000,-0.049477,0.001000,0.001000,0.001000,0.001000,0.001000
1011.519231,-0.049663,0.001000,0.001000,0.001000,0.001000,0.001000
1011.538462,-0.049809,0.001000,0.001000,0.001000,0.001000,0.001000
1011.557692,-0.049913,0.001000,0.001000,0.001000,0.001000,0.001000
1011.576923,-0.049977,0.001000,0.001000,0.001000,0.001000,0.001000
1011.596154,-0.050000,0.001000,0.001000,0.001000,0.001000,0.001000
1011.615385,-0.049982,0.001000,0.001000,0.001000,0.001000,0.001000
1011.634615,-0.049922,0.001000,0.001000,0.001000,0.001000,0.001000
1011.653846,-0.049822,0.001000,0.001000,0.001000,0.001000,0.001000
1011.673077,-0.049681,0.001000,0.001000,0.001000,0.001000,0.001000
1011.692308,-0.049499,0.001000,0.001000,0.001000,0.001000,0.001000
1011.711538,-0.049276,0.001000,0.001000,0.001000,0.001000,0.001000
1011.730769,-0.049013,0.001000,0.001000,0.001000,0.001000,0.001000
1011.750000,-0.048710,0.001000,0.001000,0.001000,0.001000,0.001000
1011.769231,-0.048367,0.001000,0.001000,0.001000,0.001000,0.001000
1011.788462,-0.047984,0.001000,0.001000,0.001000,0.001000,0.001000
1011.807692,-0.047561,0.001000,0.001000,0.001000,0.001000,0.001000
1011.826923,-0.047100,0.001000,0.001000,0.001000,0.001000,0.001000
1011.846154,-0.046600,0.001000,0.001000,0.001000,0.001000,0.001000
1011.865385,-0.046061,0.001000,0.001000,0.001000,0.001000,0.001000
1011.884615,-0.045485,0.001000,0.001000,0.001000,0.001000,0.001000
1011.903846,-0.044872,0.001000,0.001000,0.001000,0.001000,0.001000
1011.923077,-0.044221,0.001000,0.001000,0.001000,0.001000,0.001000
1011.942308,-0.043535,0.001000,0.001000,0.001000,0.001000,0.001000
1011.961538,-0.042813,0.001000,0.001000,0.001000,0.001000,0.001000
1011.980769,-0.042055,0.001000,0.001000,0.001000,0.001000,0.001000
1012.000000,-0.041263,0.001000,0.001000,0.001000,0.001000,0.001000
1012.019231,-0.040437,0.001000,0.001000,0.001000,0.001000,0.001000
1012.038462,-0.039578,0.001000,0.001000,0.001000,0.001000,0.001000
1012.057692,-0.038686,0.001000,0.001000,0.001000,0.001000,0.001000
1012.076923,-0.037763,0.001000,0.001000,0.001000,0.001000,0.001000
1012.096154,-0.036809,0.001000,0.001000,0.001000,0.001000,0.001000
1012.115385,-0.035824,0.001000,0.001000,0.001000,0.001000,0.001000
1012.134615,-0.034810,0.001000,0.001000,0.001000,0.001000,0.001000
1012.153846,-0.033768,0.001000,0.001000,0.001000,0.001000,0.001000
1012.173077,-0.032698,0.001000,0.001000,0.001000,0.001000,0.001000
1012.192308,-0.031600,0.001000,0.001000,0.001000,0.001000,0.001000
1012.211538,-0.030477,0.001000,0.001000,0.001000,0.001000,0.001000
1012.230769,-0.029329,0.001000,0.001000,0.001000,0.001000,0.001000
1012.250000,-0.028157,0.001000,0.001000,0.001000,0.001000,0.001000
1012.269231,-0.026962,0.001000,0.001000,0.001000,0.001000,0.001000
1012.288462,-0.025745,0.001000,0.001000,0.001000,0.001000,0.001000
1012.307692,-0.024506,0.001000,0.001000,0.001000,0.001000,0.001000
1012.326923,-0.023247,0.001000,0.001000,0.001000,0.001000,0.001000
1012.346154,-0.021970,0.001000,0.001000,0.001000,0.001000,0.001000
1012.365385,-0.020674,0.001000,0.001000,0.001000,0.001000,0.001000
1012.384615,-0.019361,0.001000,0.001000,0.001000,0.001000,0.001000
1012.403846,-0.018033,0.001000,0.001000,0.001000,0.001000,0.001000
1012.423077,-0.016689,0.001000,0.001000,0.001000,0.001000,0.001000
1012.442308,-0.015332,0.001000,0.001000,0.001000,0.001000,0.001000
1012.461538,-0.013963,0.001000,0.001000,0.001000,0.001000,0.001000
1012.480769,-0.012581,0.001000,0.001000,0.001000,0.001000,0.001000
1012.500000,-0.011190,0.001000,0.001000,0.001000,0.001000,0.001000
1012.519231,-0.009789,0.001000,0.001000,0.001000,0.001000,0.001000
1012.538462,-0.008380,0.001000,0.001000,0.001000,0.001000,0.001000
1012.557692,-0.006965,0.001000,0.001000,0.001000,0.001000,0.001000
1012.576923,-0.005544,0.001000,0.001000,0.001000,0.001000,0.001000
1012.596154,-0.004118,0.001000,0.001000,0.001000,0.001000,0.001000
1012.615385,-0.002689,0.001000,0.001000,0.001000,0.001000,0.001000
1012.634615,-0.001257,0.001000,0.001000,0.001000,0.001000,0.001000
1012.653846,0.000175,0.001000,0.001000,0.001000,0.001000,0.001000
1012.673077,0.001608,0.001000,0.001000,0.001000,0.001000,0.001000
1012.692308,0.003039,0.001000,0.001000,0.001000,0.001000,0.001000
1012.711538,0.004467,0.001000,0.001000,0.001000,0.001000,0.001000
1012.730769,0.005892,0.001000,0.001000,0.001000,0.001000,0.001000
1012.750000,0.007312,0.001000,0.001000,0.001000,0.001000,0.001000
1012.769231,0.008726,0.001000,0.001000,0.001000,0.001000,0.001000
1012.788462,0.010133,0.001000,0.001000,0.001000,0.001000,0.001000
1012.807692,0.011531,0.001000,0.001000,0.001000,0.001000,0.001000
1012.826923,0.012921,0.001000,0.001000,0.001000,0.001000,0.001000
1012.846154,0.014299,0.001000,0.001000,0.001000,0.001000,0.001000
1012.865385,0.015666,0.001000,0.001000,0.001000,0.001000,0.001000
1012.884615,0.017020,0.001000,0.001000,0.001000,0.001000,0.001000
1012.903846,0.018359,0.001000,0.001000,0.001000,0.001000,0.001000
1012.923077,0.019684,0.001000,0.001000,0.001000,0.001000,0.001000
1012.942308,0.020993,0.001000,0.001000,0.001000,0.001000,0.001000
1012.961538,0.022284,0.001000,0.001000,0.001000,0.001000,0.001000
1012.980769,0.023557,0.001000,0.001000,0.001000,0.001000,0.001000
1013.000000,0.024811,0.001000,0.001000,0.001000,0.001000,0.001000
1013.019231,0.026045,0.001000,0.001000,0.001000,0.001000,0.001000
1013.038462,0.027257,0.001000,0.001000,0.001000,0.001000,0.001000
1013.057692,0.028446,0.001000,0.001000,0.001000,0.001000,0.001000
1013.076923,0.029613,0.001000,0.001000,0.001000,0.001000,0.001000
1013.096154,0.030755,0.001000,0.001000,0.001000,0.001000,0.001000
1013.115385,0.031871,0.001000,0.001000,0.001000,0.001000,0.001000
1013.134615,0.032962,0.001000,0.001000,0.001000,0.001000,0.001000
1013.153846,0.034026,0.001000,0.001000,0.001000,0.001000,0.001000
1013.173077,0.035061,0.001000,0.001000,0.001000,0.001000,0.001000
1013.192308,0.036068,0.001000,0.001000,0.001000,0.001000,0.001000
1013.211538,0.037045,0.001000,0.001000,0.001000,0.001000,0.001000
1013.230769,0.037992,0.001000,0.001000,0.001000,0.001000,0.001000
1013.250000,0.038908,0.001000,0.001000,0.001000,0.001000,0.001000
1013.269231,0.039791,0.001000,0.001000,0.001000,0.001000,0.001000
1013.288462,0.040642,0.001000,0.001000,0.001000,0.001000,0.001000
1013.307692,0.041460,0.001000,0.001000,0.001000,0.001000,0.001000
1013.326923,0.042244,0.001000,0.001000,0.001000,0.001000,0.001000
1013.346154,0.042993,0.001000,0.001000,0.001000,0.001000,0.001000
1013.365385,0.043706,0.001000,0.001000,0.001000,0.001000,0.001000
1013.384615,0.044384,0.001000,0.001000,0.001000,0.001000,0.001000
1013.403846,0.045025,0.001000,0.001000,0.001000,0.001000,0.001000
1013.423077,0.045630,0.001000,0.001000,0.001000,0.001000,0.001000
1013.442308,0.046197,0.001000,0.001000,0.001000,0.001000,0.001000
1013.461538,0.046726,0.001000,0.001000,0.001000,0.001000,0.001000
1013.480769,0.047216,0.001000,0.001000,0.001000,0.001000,0.001000
1013.500000,0.047668,0.001000,0.001000,0.001000,0.001000,0.001000
1013.519231,0.048081,0.001000,0.001000,0.001000,0.001000,0.001000
1013.538462,0.048454,0.001000,0.001000,0.001000,0.001000,0.001000
1013.557692,0.048788,0.001000,0.001000,0.001000,0.001000,0.001000
1013.576923,0.049081,0.001000,0.001000,0.001000,0.001000,0.001000
1013.596154,0.049335,0.001000,0.001000,0.001000,0.001000,0.001000
1013.615385,0.049547,0.001000,0.001000,0.001000,0.001000,0.001000
1013.634615,0.049719,0.001000,0.001000,0.001000,0.001000,0.001000
1013.653846,0.049850,0.001000,0.001000,0.001000,0.001000,0.001000
1013.673077,0.049941,0.001000,0.001000,0.001000,0.001000,0.001000
1013.692308,0.049990,0.001000,0.001000,0.001000,0.001000,0.001000
1013.711538,0.049998,0.001000,0.001000,0.001000,0.001000,0.001000
1013.730769,0.049965,0.001000,0.001000,0.001000,0.001000,0.001000
1013.750000,0.049892,0.001000,0.001000,0.001000,0.001000,0.001000
1013.769231,0.049777,0.001000,0.001000,0.001000,0.001000,0.001000
1013.788462,0.049621,0.001000,0.001000,0.001000,0.001000,0.001000
1013.807692,0.049425,0.001000,0.001000,0.001000,0.001000,0.001000
1013.826923,0.049188,0.001000,0.001000,0.001000,0.001000,0.001000
1013.846154,0.048910,0.001000,0.001000,0.001000,0.001000,0.001000
1013.865385,0.048593,0.001000,0.001000,0.001000,0.001000,0.001000
1013.884615,0.048236,0.001000,0.001000,0.001000,0.001000,0.001000
1013.903846,0.047839,0.001000,0.001000,0.001000,0.001000,0.001000
1013.923077,0.047402,0.001000,0.001000,0.001000,0.001000,0.001000
1013.942308,0.046927,0.001000,0.001000,0.001000,0.001000,0.001000
1013.961538,0.046414,0.001000,0.001000,0.001000,0.001000,0.001000
1013.980769,0.045862,0.001000,0.001000,0.001000,0.001000,0.001000
1014.000000,0.045273,0.001000,0.001000,0.001000,0.001000,0.001000
1014.019231,0.044646,0.001000,0.001000,0.001000,0.001000,0.001000
1014.038462,0.043983,0.001000,0.001000,0.001000,0.001000,0.001000
1014.057692,0.043283,0.001000,0.001000,0.001000,0.001000,0.001000
1014.076923,0.042549,0.001000,0.001000,0.001000,0.001000,0.001000
1014.096154,0.041779,0.001000,0.001000,0.001000,0.001000,0.001000
1014.115385,0.040975,0.001000,0.001000,0.001000,0.001000,0.001000
1014.134615,0.040137,0.001000,0.001000,0.001000,0.001000,0.001000
1014.153846,0.039266,0.001000,0.001000,0.001000,0.001000,0.001000
1014.173077,0.038363,0.001000,0.001000,0.001000,0.001000,0.001000
1014.192308,0.037429,0.001000,0.001000,0.001000,0.001000,0.001000
1014.211538,0.036464,0.001000,0.001000,0.001000,0.001000,0.001000
1014.230769,0.035469,0.001000,0.001000,0.001000,0.001000,0.001000
1014.250000,0.034445,0.001000,0.001000,0.001000,0.001000,0.001000
1014.269231,0.033392,0.001000,0.001000,0.001000,0.001000,0.001000
1014.288462,0.032312,0.001000,0.001000,0.001000,0.001000,0.001000
1014.307692,0.031206,0.001000,0.001000,0.001000,0.001000,0.001000
1014.326923,0.030074,0.001000,0.001000,0.001000,0.001000,0.001000
1014.346154,0.028917,0.001000,0.001000,0.001000,0.001000,0.001000
1014.365385,0.027737,0.001000,0.001000,0.001000,0.001000,0.001000
1014.384615,0.026534,0.001000,0.001000,0.001000,0.001000,0.001000
1014.403846,0.025309,0.001000,0.001000,0.001000,0.001000,0.001000
1014.423077,0.024063,0.001000,0.001000,0.001000,0.001000,0.001000
1014.442308,0.022798,0.001000,0.001000,0.001000,0.001000,0.001000
1014.461538,0.021513,0.001000,0.001000,0.001000,0.001000,0.001000
1014.480769,0.020212,0.001000,0.001000,0.001000,0.001000,0.001000
1014.500000,0.018893,0.001000,0.001000,0.001000,0.001000,0.001000
1014.519231,0.017559,0.001000,0.001000,0.001000,0.001000,0.001000
1014.538462,0.016211,0.001000,0.001000,0.001000,0.001000,0.001000
1014.557692,0.014849,0.001000,0.001000,0.001000,0.001000,0.001000
1014.576923,0.013475,0.001000,0.001000,0.001000,0.001000,0.001000
1014.596154,0.012090,0.001000,0.001000,0.001000,0.001000,0.001000
1014.615385,0.010695,0.001000,0.001000,0.001000,0.001000,0.001000
1014.634615,0.009292,0.001000,0.001000,0.001000,0.001000,0.001000
1014.653846,0.007880,0.001000,0.001000,0.001000,0.001000,0.001000
1014.673077,0.006463,0.001000,0.001000,0.001000,0.001000,0.001000
1014.692308,0.005040,0.001000,0.001000,0.001000,0.001000,0.001000
1014.711538,0.003613,0.001000,0.001000,0.001000,0.001000,0.001000
1014.730769,0.002182,0.001000,0.001000,0.001000,0.001000,0.001000
1014.750000,0.000750,0.001000,0.001000,0.001000,0.001000,0.001000
1014.769231,-0.000682,0.001000,0.001000,0.001000,0.001000,0.001000
1014.788462,-0.002114,0.001000,0.001000,0.001000,0.001000,0.001000
1014.807692,-0.003544,0.001000,0.001000,0.001000,0.001000,0.001000
1014.826923,-0.004972,0.001000,0.001000,0.001000,0.001000,0.001000
1014.846154,-0.006395,0.001000,0.001000,0.001000,0.001000,0.001000
1014.865385,-0.007813,0.001000,0.001000,0.001000,0.001000,0.001000
1014.884615,-0.009225,0.001000,0.001000,0.001000,0.001000,0.001000
1014.903846,-0.010629,0.001000,0.001000,0.001000,0.001000,0.001000
1014.923077,-0.012024,0.001000,0.001000,0.001000,0.001000,0.001000
1014.942308,-0.013409,0.001000,0.001000,0.001000,0.001000,0.001000
1014.961538,-0.014784,0.001000,0.001000,0.001000,0.001000,0.001000
1014.980769,-0.016146,0.001000,0.001000,0.001000,0.001000,0.001000
1015.000000,-0.017495,0.001000,0.001000,0.001000,0.001000,0.001000
1015.019231,-0.018830,0.001000,0.001000,0.001000,0.001000,0.001000
1015.038462,-0.020149,0.001000,0.001000,0.001000,0.001000,0.001000
1015.057692,-0.021452,0.001000,0.001000,0.001000,0.001000,0.001000
1015.076923,-0.022737,0.001000,0.001000,0.001000,0.001000,0.001000
1015.096154,-0.024003,0.001000,0.001000,0.001000,0.001000,0.001000
1015.115385,-0.025250,0.001000,0.001000,0.001000,0.001000,0.001000
1015.134615,-0.026476,0.001000,0.001000,0.001000,0.001000,0.001000
1015.153846,-0.027680,0.001000,0.001000,0.001000,0.001000,0.001000
1015.173077,-0.028862,0.001000,0.001000,0.001000,0.001000,0.001000
1015.192308,-0.030019,0.001000,0.001000,0.001000,0.001000,0.001000
1015.211538,-0.031153,0.001000,0.001000,0.001000,0.001000,0.001000
1015.230769,-0.032260,0.001000,0.001000,0.001000,0.001000,0.001000
1015.250000,-0.033341,0.001000,0.001000,0.001000,0.001000,0.001000
1015.269231,-0.034395,0.001000,0.001000,0.001000,0.001000,0.001000
1015.288462,-0.035421,0.001000,0.001000,0.001000,0.001000,0.001000
1015.307692,-0.036417,0.001000,0.001000,0.001000,0.001000,0.001000
1015.326923,-0.037384,0.001000,0.001000,0.001000,0.001000,0.001000
1015.346154,-0.038320,0.001000,0.001000,0.001000,0.001000,0.001000
1015.365385,-0.039224,0.001000,0.001000,0.001000,0.001000,0.001000
1015.384615,-0.040096,0.001000,0.001000,0.001000,0.001000,0.001000
1015.403846,-0.040936,0.001000,0.001000,0.001000,0.001000,0.001000
1015.423077,-0.041741,0.001000,0.001000,0.001000,0.001000,0.001000
1015.442308,-0.042513,0.001000,0.001000,0.001000,0.001000,0.001000
1015.461538,-0.043249,0.001000,0.001000,0.001000,0.001000,0.001000
1015.480769,-0.043950,0.001000,0.001000,0.001000,0.001000,0.001000
1015.500000,-0.044615,0.001000,0.001000,0.001000,0.001000,0.001000
1015.519231,-0.045243,0.001000,0.001000,0.001000,0.001000,0.001000
1015.538462,-0.045835,0.001000,0.001000,0.001000,0.001000,0.001000
1015.557692,-0.046388,0.001000,0.001000,0.001000,0.001000,0.001000
1015.576923,-0.046904,0.001000,0.001000,0.001000,0.001000,0.001000
1015.596154,-0.047381,0.001000,0.001000,0.001000,0.001000,0.001000
1015.615385,-0.047819,0.001000,0.001000,0.001000,0.001000,0.001000
1015.634615,-0.048218,0.001000,0.001000,0.001000,0.001000,0.001000
1015.653846,-0.048577,0.001000,0.001000,0.001000,0.001000,0.001000
1015.673077,-0.048896,0.001000,0.001000,0.001000,0.001000,0.001000
1015.692308,-0.049176,0.001000,0.001000,0.001000,0.001000,0.001000
1015.711538,-0.049414,0.001000,0.001000,0.001000,0.001000,0.001000
1015.730769,-0.049613,0.001000,0.001000,0.001000,0.001000,0.001000
1015.750000,-0.049770,0.001000,0.001000,0.001000,0.001000,0.001000
1015.769231,-0.049887,0.001000,0.001000,0.001000,0.001000,0.001000
1015.788462,-0.049963,0.001000,0.001000,0.001000,0.001000,0.001000
1015.807692,-0.049998,0.001000,0.001000,0.001000,0.001000,0.001000
1015.826923,-0.049991,0.001000,0.001000,0.001000,0.001000,0.001000
1015.846154,-0.049944,0.001000,0.001000,0.001000,0.001000,0.001000
1015.865385,-0.049856,0.001000,0.001000,0.001000,0.001000,0.001000
1015.884615,-0.049726,0.001000,0.001000,0.001000,0.001000,0.001000
1015.903846,-0.049556,0.001000,0.001000,0.001000,0.001000,0.001000
1015.923077,-0.049346,0.001000,0.001000,0.001000,0.001000,0.001000
1015.942308,-0.049094,0.001000,0.001000,0.001000,0.001000,0.001000
1015.961538,-0.048803,0.001000,0.001000,0.001000,0.001000,0.001000
1015.980769,-0.048471,0.001000,0.001000,0.001000,0.001000,0.001000
1016.000000,-0.048100,0.001000,0.001000,0.001000,0.001000,0.001000
1016.019231,-0.047689,0.001000,0.001000,0.001000,0.001000,0.001000
1016.038462,-0.047239,0.001000,0.001000,0.001000,0.001000,0.001000
1016.057692,-0.046750,0.001000,0.001000,0.001000,0.001000,0.001000
1016.076923,-0.046223,0.001000,0.001000,0.001000,0.001000,0.001000
1016.096154,-0.045658,0.001000,0.001000,0.001000,0.001000,0.001000
1016.115385,-0.045055,0.001000,0.001000,0.001000,0.001000,0.001000
1016.134615,-0.044416,0.001000,0.001000,0.001000,0.001000,0.001000
1016.153846,-0.043739,0.001000,0.001000,0.001000,0.001000,0.001000
1016.173077,-0.043027,0.001000,0.001000,0.001000,0.001000,0.001000
1016.192308,-0.042280,0.001000,0.001000,0.001000,0.001000,0.001000
1016.211538,-0.041498,0.001000,0.001000,0.001000,0.001000,0.001000
1016.230769,-0.040682,0.001000,0.001000,0.001000,0.001000,0.001000
1016.250000,-0.039833,0.001000,0.001000,0.001000,0.001000,0.001000
1016.269231,-0.038951,0.001000,0.001000,0.001000,0.001000,0.001000
1016.288462,-0.038036,0.001000,0.001000,0.001000,0.001000,0.001000
1016.307692,-0.037091,0.001000,0.001000,0.001000,0.001000,0.001000
1016.326923,-0.036115,0.001000,0.001000,0.001000,0.001000,0.001000
1016.346154,-0.035110,0.001000,0.001000,0.001000,0.001000,0.001000
1016.365385,-0.034076,0.001000,0.001000,0.001000,0.001000,0.001000
1016.384615,-0.033013,0.001000,0.001000,0.001000,0.001000,0.001000
1016.403846,-0.031924,0.001000,0.001000,0.001000,0.001000,0.001000
1016.423077,-0.030809,0.001000,0.001000,0.001000,0.001000,0.001000
1016.442308,-0.029668,0.001000,0.001000,0.001000,0.001000,0.001000
1016.461538,-0.028503,0.001000,0.001000,0.001000,0.001000,0.001000
1016.480769,-0.027314,0.001000,0.001000,0.001000,0.001000,0.001000
1016.500000,-0.026103,0.001000,0.001000,0.001000,0.001000,0.001000
1016.519231,-0.024871,0.001000,0.001000,0.001000,0.001000,0.001000
1016.538462,-0.023618,0.001000,0.001000,0.001000,0.001000,0.001000
1016.557692,-0.022345,0.001000,0.001000,0.001000,0.001000,0.001000
1016.576923,-0.021055,0.001000,0.001000,0.001000,0.001000,0.001000
1016.596154,-0.019747,0.001000,0.001000,0.001000,0.001000,0.001000
1016.615385,-0.018423,0.001000,0.001000,0.001000,0.001000,0.001000
1016.634615,-0.017084,0.001000,0.001000,0.001000,0.001000,0.001000
1016.653846,-0.015731,0.001000,0.001000,0.001000,0.001000,0.001000
1016.673077,-0.014364,0.001000,0.001000,0.001000,0.001000,0.001000
1016.692308,-0.012986,0.001000,0.001000,0.001000,0.001000,0.001000
1016.711538,-0.011598,0.001000,0.001000,0.001000,0.001000,0.001000
1016.730769,-0.010200,0.001000,0.001000,0.001000,0.001000,0.001000
1016.750000,-0.008793,0.001000,0.001000,0.001000,0.001000,0.001000
1016.769231,-0.007380,0.001000,0.001000,0.001000,0.001000,0.001000
1016.788462,-0.005960,0.001000,0.001000,0.001000,0.001000,0.001000
1016.807692,-0.004535,0.001000,0.001000,0.001000,0.001000,0.001000
1016.826923,-0.003107,0.001000,0.001000,0.001000,0.001000,0.001000
1016.846154,-0.001676,0.001000,0.001000,0.001000,0.001000,0.001000
1016.865385,-0.000244,0.001000,0.001000,0.001000,0.001000,0.001000
1016.884615,0.001189,0.001000,0.001000,0.001000,0.001000,0.001000
1016.903846,0.002620,0.001000,0.001000,0.001000,0.001000,0.001000
1016.923077,0.004050,0.001000,0.001000,0.001000,0.001000,0.001000
1016.942308,0.005476,0.001000,0.001000,0.001000,0.001000,0.001000
1016.961538,0.006897,0.001000,0.001000,0.001000,0.001000,0.001000
1016.980769,0.008313,0.001000,0.001000,0.001000,0.001000,0.001000
1017.000000,0.009722,0.001000,0.001000,0.001000,0.001000,0.001000
1017.019231,0.011123,0.001000,0.001000,0.001000,0.001000,0.001000
1017.038462,0.012515,0.001000,0.001000,0.001000,0.001000,0.001000
1017.057692,0.013897,0.001000,0.001000,0.001000,0.001000,0.001000
1017.076923,0.015267,0.001000,0.001000,0.001000,0.001000,0.001000
1017.096154,0.016625,0.001000,0.001000,0.001000,0.001000,0.001000
1017.115385,0.017969,0.001000,0.001000,0.001000,0.001000,0.001000
1017.134615,0.019298,0.001000,0.001000,0.001000,0.001000,0.001000
1017.153846,0.020612,0.001000,0.001000,0.001000,0.001000,0.001000
1017.173077,0.021908,0.001000,0.001000,0.001000,0.001000,0.001000
1017.192308,0.023187,0.001000,0.001000,0.001000,0.001000,0.001000
1017.211538,0.024447,0.001000,0.001000,0.001000,0.001000,0.001000
1017.230769,0.025686,0.001000,0.001000,0.001000,0.001000,0.001000
1017.250000,0.026904,0.001000,0.001000,0.001000,0.001000,0.001000
1017.269231,0.028101,0.001000,0.001000,0.001000,0.001000,0.001000
1017.288462,0.029274,0.001000,0.001000,0.001000,0.001000,0.001000
1017.307692,0.030423,0.001000,0.001000,0.001000,0.001000,0.001000
1017.326923,0.031547,0.001000,0.001000,0.001000,0.001000,0.001000
1017.346154,0.032646,0.001000,0.001000,0.001000,0.001000,0.001000
1017.365385,0.033717,0.001000,0.001000,0.001000,0.001000,0.001000
1017.384615,0.034761,0.001000,0.001000,0.001000,0.001000,0.001000
1017.403846,0.035777,0.001000,0.001000,0.001000,0.001000,0.001000
1017.423077,0.036763,0.001000,0.001000,0.001000,0.001000,0.001000
1017.442308,0.037718,0.001000,0.001000,0.001000,0.001000,0.001000
1017.461538,0.038643,0.001000,0.001000,0.001000,0.001000,0.001000
1017.480769,0.039536,0.001000,0.001000,0.001000,0.001000,0.001000
1017.500000,0.040397,0.001000,0.001000,0.001000,0.001000,0.001000
1017.519231,0.041224,0.001000,0.001000,0.001000,0.001000,0.001000
1017.538462,0.042018,0.001000,0.001000,0.001000,0.001000,0.001000
1017.557692,0.042777,0.001000,0.001000,0.001000,0.001000,0.001000
1017.576923,0.043501,0.001000,0.001000,0.001000,0.001000,0.001000
1017.596154,0.044190,0.001000,0.001000,0.001000,0.001000,0.001000
1017.615385,0.044842,0.001000,0.001000,0.001000,0.001000,0.001000
1017.634615,0.045457,0.001000,0.001000,0.001000,0.001000,0.001000
1017.653846,0.046035,0.001000,0.001000,0.001000,0.001000,0.001000
1017.673077,0.046575,0.001000,0.001000,0.001000,0.001000,0.001000
1017.692308,0.047077,0.001000,0.001000,0.001000,0.001000,0.001000
1017.711538,0.047540,0.001000,0.001000,0.001000,0.001000,0.001000
1017.730769,0.047964,0.001000,0.001000,0.001000,0.001000,0.001000
1017.750000,0.048349,0.001000,0.001000,0.001000,0.001000,0.001000
1017.769231,0.048694,0.001000,0.001000,0.001000,0.001000,0.001000
1017.788462,0.049000,0.001000,0.001000,0.001000,0.001000,0.001000
1017.807692,0.049265,0.001000,0.001000,0.001000,0.001000,0.001000
1017.826923,0.049489,0.001000,0.001000,0.001000,0.001000,0.001000
1017.846154,0.049673,0.001000,0.001000,0.001000,0.001000,0.001000
1017.865385,0.049816,0.001000,0.001000,0.001000,0.001000,0.001000
1017.884615,0.049918,0.001000,0.001000,0.001000,0.001000,0.001000
1017.903846,0.049980,0.001000,0.001000,0.001000,0.001000,0.001000
1017.923077,0.050000,0.001000,0.001000,0.001000,0.001000,0.001000
1017.942308,0.049979,0.001000,0.001000,0.001000,0.001000,0.001000
1017.961538,0.049917,0.001000,0.001000,0.001000,0.001000,0.001000
1017.980769,0.049815,0.001000,0.001000,0.001000,0.001000,0.001000
1018.000000,0.049671,0.001000,0.001000,0.001000,0.001000,0.001000
1018.019231,0.049486,0.001000,0.001000,0.001000,0.001000,0.001000
1018.038462,0.049261,0.001000,0.001000,0.001000,0.001000,0.001000
1018.057692,0.048996,0.001000,0.001000,0.001000,0.001000,0.001000
1018.076923,0.048690,0.001000,0.001000,0.001000,0.001000,0.001000
1018.096154,0.048344,0.001000,0.001000,0.001000,0.001000,0.001000
1018.115385,0.047959,0.001000,0.001000,0.001000,0.001000,0.001000
1018.134615,0.047534,0.001000,0.001000,0.001000,0.001000,0.001000
1018.153846,0.047070,0.001000,0.001000,0.001000,0.001000,0.001000
1018.173077,0.046568,0.001000,0.001000,0.001000,0.001000,0.001000
1018.192308,0.046027,0.001000,0.001000,0.001000,0.001000,0.001000
1018.211538,0.045449,0.001000,0.001000,0.001000,0.001000,0.001000
1018.230769,0.044833,0.001000,0.001000,0.001000,0.001000,0.001000
1018.250000,0.044181,0.001000,0.001000,0.001000,0.001000,0.001000
1018.269231,0.043492,0.001000,0.001000,0.001000,0.001000,0.001000
1018.288462,0.042767,0.001000,0.001000,0.001000,0.001000,0.001000
1018.307692,0.042008,0.001000,0.001000,0.001000,0.001000,0.001000
1018.326923,0.041213,0.001000,0.001000,0.001000,0.001000,0.001000
1018.346154,0.040385,0.001000,0.001000,0.001000,0.001000,0.001000
1018.365385,0.039524,0.001000,0.001000,0.001000,0.001000,0.001000
1018.384615,0.038631,0.001000,0.001000,0.001000,0.001000,0.001000
1018.403846,0.037706,0.001000,0.001000,0.001000,0.001000,0.001000
1018.423077,0.036749,0.001000,0.001000,0.001000,0.001000,0.001000
1018.442308,0.035763,0.001000,0.001000,0.001000,0.001000,0.001000
1018.461538,0.034747,0.001000,0.001000,0.001000,0.001000,0.001000
1018.480769,0.033703,0.001000,0.001000,0.001000,0.001000,0.001000
1018.500000,0.032631,0.001000,0.001000,0.001000,0.001000,0.001000
1018.519231,0.031532,0.001000,0.001000,0.001000,0.001000,0.001000
1018.538462,0.030408,0.001000,0.001000,0.001000,0.001000,0.001000
1018.557692,0.029258,0.001000,0.001000,0.001000,0.001000,0.001000
1018.576923,0.028085,0.001000,0.001000,0.001000,0.001000,0.001000
1018.596154,0.026888,0.001000,0.001000,0.001000,0.001000,0.001000
1018.615385,0.025669,0.001000,0.001000,0.001000,0.001000,0.001000
1018.634615,0.024430,0.001000,0.001000,0.001000,0.001000,0.001000
1018.653846,0.023170,0.001000,0.001000,0.001000,0.001000,0.001000
1018.673077,0.021891,0.001000,0.001000,0.001000,0.001000,0.001000
1018.692308,0.020594,0.001000,0.001000,0.001000,0.001000,0.001000
1018.711538,0.019280,0.001000,0.001000,0.001000,0.001000,0.001000
1018.730769,0.017951,0.001000,0.001000,0.001000,0.001000,0.001000
1018.750000,0.016607,0.001000,0.001000,0.001000,0.001000,0.001000
1018.769231,0.015249,0.001000,0.001000,0.001000,0.001000,0.001000
1018.788462,0.013878,0.001000,0.001000,0.001000,0.001000,0.001000
1018.807692,0.012496,0.001000,0.001000,0.001000,0.001000,0.001000
1018.826923,0.011104,0.001000,0.001000,0.001000,0.001000,0.001000
1018.846154,0.009703,0.001000,0.001000,0.001000,0.001000,0.001000
1018.865385,0.008294,0.001000,0.001000,0.001000,0.001000,0.001000
1018.884615,0.006878,0.001000,0.001000,0.001000,0.001000,0.001000
1018.903846,0.005456,0.001000,0.001000,0.001000,0.001000,0.001000
1018.923077,0.004030,0.001000,0.001000,0.001000,0.001000,0.001000
1018.942308,0.002601,0.001000,0.001000,0.001000,0.001000,0.001000
1018.961538,0.001169,0.001000,0.001000,0.001000,0.001000,0.001000
1018.980769,-0.000263,0.001000,0.001000,0.001000,0.001000,0.001000
1019.000000,-0.001695,0.001000,0.001000,0.001000,0.001000,0.001000
1019.019231,-0.003126,0.001000,0.001000,0.001000,0.001000,0.001000
1019.038462,-0.004555,0.001000,0.001000,0.001000,0.001000,0.001000
1019.057692,-0.005979,0.001000,0.001000,0.001000,0.001000,0.001000
1019.076923,-0.007399,0.001000,0.001000,0.001000,0.001000,0.001000
1019.096154,-0.008812,0.001000,0.001000,0.001000,0.001000,0.001000
1019.115385,-0.010219,0.001000,0.001000,0.001000,0.001000,0.001000
1019.134615,-0.011617,0.001000,0.001000,0.001000,0.001000,0.001000
1019.153846,-0.013005,0.001000,0.001000,0.001000,0.001000,0.001000
1019.173077,-0.014383,0.001000,0.001000,0.001000,0.001000,0.001000
1019.192308,-0.015749,0.001000,0.001000,0.001000,0.001000,0.001000
1019.211538,-0.017102,0.001000,0.001000,0.001000,0.001000,0.001000
1019.230769,-0.018441,0.001000,0.001000,0.001000,0.001000,0.001000
1019.250000,-0.019765,0.001000,0.001000,0.001000,0.001000,0.001000
1019.269231,-0.021072,0.001000,0.001000,0.001000,0.001000,0.001000
1019.288462,-0.022363,0.001000,0.001000,0.001000,0.001000,0.001000
1019.307692,-0.023635,0.001000,0.001000,0.001000,0.001000,0.001000
1019.326923,-0.024887,0.001000,0.001000,0.001000,0.001000,0.001000
1019.346154,-0.026119,0.001000,0.001000,0.001000,0.001000,0.001000
1019.365385,-0.027330,0.001000,0.001000,0.001000,0.001000,0.001000
1019.384615,-0.028518,0.001000,0.001000,0.001000,0.001000,0.001000
1019.403846,-0.029683,0.001000,0.001000,0.001000,0.001000,0.001000
1019.423077,-0.030824,0.001000,0.001000,0.001000,0.001000,0.001000
1019.442308,-0.031939,0.001000,0.001000,0.001000,0.001000,0.001000
1019.461538,-0.033028,0.001000,0.001000,0.001000,0.001000,0.001000
1019.480769,-0.034090,0.001000,0.001000,0.001000,0.001000,0.001000
1019.500000,-0.035124,0.001000,0.001000,0.001000,0.001000,0.001000
1019.519231,-0.036129,0.001000,0.001000,0.001000,0.001000,0.001000
1019.538462,-0.037104,0.001000,0.001000,0.001000,0.001000,0.001000
1019.557692,-0.038049,0.001000,0.001000,0.001000,0.001000,0.001000
1019.576923,-0.038963,0.001000,0.001000,0.001000,0.001000,0.001000
1019.596154,-0.039844,0.001000,0.001000,0.001000,0.001000,0.001000
1019.615385,-0.040693,0.001000,0.001000,0.001000,0.001000,0.001000
1019.634615,-0.041509,0.001000,0.001000,0.001000,0.001000,0.001000
1019.653846,-0.042291,0.001000,0.001000,0.001000,0.001000,0.001000
1019.673077,-0.043037,0.001000,0.001000,0.001000,0.001000,0.001000
1019.692308,-0.043749,0.001000,0.001000,0.001000,0.001000,0.001000
1019.711538,-0.044424,0.001000,0.001000,0.001000,0.001000,0.001000
1019.730769,-0.045064,0.001000,0.001000,0.001000,0.001000,0.001000
1019.750000,-0.045666,0.001000,0.001000,0.001000,0.001000,0.001000
1019.769231,-0.046230,0.001000,0.001000,0.001000,0.001000,0.001000
1019.788462,-0.046757,0.001000,0.001000,0.001000,0.001000,0.001000
1019.807692,-0.047245,0.001000,0.001000,0.001000,0.001000,0.001000
1019.826923,-0.047695,0.001000,0.001000,0.001000,0.001000,0.001000
1019.846154,-0.048105,0.001000,0.001000,0.001000,0.001000,0.001000
1019.865385,-0.048476,0.001000,0.001000,0.001000,0.001000,0.001000
1019.884615,-0.048807,0.001000,0.001000,0.001000,0.001000,0.001000
1019.903846,-0.049098,0.001000,0.001000,0.001000,0.001000,0.001000
1019.923077,-0.049349,0.001000,0.001000,0.001000,0.001000,0.001000
1019.942308,-0.049559,0.001000,0.001000,0.001000,0.001000,0.001000
1019.961538,-0.049728,0.001000,0.001000,0.001000,0.001000,0.001000
1019.980769,-0.049857,0.001000,0.001000,0.001000,0.001000,0.001000
1020.000000,-0.049945,0.001000,0.001000,0.001000,0.001000,0.001000
1020.019231,-0.049992,0.001000,0.001000,0.001000,0.001000,0.001000
1020.038462,-0.049997,0.001000,0.001000,0.001000,0.001000,0.001000
1020.057692,-0.049962,0.001000,0.001000,0.001000,0.001000,0.001000
1020.076923,-0.049886,0.001000,0.001000,0.001000,0.001000,0.001000
1020.096154,-0.049768,0.001000,0.001000,0.001000,0.001000,0.001000
1020.115385,-0.049610,0.001000,0.001000,0.001000,0.001000,0.001000
1020.134615,-0.049411,0.001000,0.001000,0.001000,0.001000,0.001000
1020.153846,-0.049172,0.001000,0.001000,0.001000,0.001000,0.001000
1020.173077,-0.048892,0.001000,0.001000,0.001000,0.001000,0.001000
1020.192308,-0.048572,0.001000,0.001000,0.001000,0.001000,0.001000
1020.211538,-0.048213,0.001000,0.001000,0.001000,0.001000,0.001000
1020.230769,-0.047813,0.001000,0.001000,0.001000,0.001000,0.001000
1020.250000,-0.047375,0.001000,0.001000,0.001000,0.001000,0.001000
1020.269231,-0.046897,0.001000,0.001000,0.001000,0.001000,0.001000
1020.288462,-0.046381,0.001000,0.001000,0.001000,0.001000,0.001000
1020.307692,-0.045827,0.001000,0.001000,0.001000,0.001000,0.001000
1020.326923,-0.045235,0.001000,0.001000,0.001000,0.001000,0.001000
1020.346154,-0.044606,0.001000,0.001000,0.001000,0.001000,0.001000
1020.365385,-0.043941,0.001000,0.001000,0.001000,0.001000,0.001000
1020.384615,-0.043239,0.001000,0.001000,0.001000,0.001000,0.001000
1020.403846,-0.042502,0.001000,0.001000,0.001000,0.001000,0.001000
1020.423077,-0.041731,0.001000,0.001000,0.001000,0.001000,0.001000
1020.442308,-0.040924,0.001000,0.001000,0.001000,0.001000,0.001000
1020.461538,-0.040085,0.001000,0.001000,0.001000,0.001000,0.001000
1020.480769,-0.039212,0.001000,0.001000,0.001000,0.001000,0.001000
1020.500000,-0.038307,0.001000,0.001000,0.001000,0.001000,0.001000
1020.519231,-0.037371,0.001000,0.001000,0.001000,0.001000,0.001000
1020.538462,-0.036404,0.001000,0.001000,0.001000,0.001000,0.001000
1020.557692,-0.035407,0.001000,0.001000,0.001000,0.001000,0.001000
1020.576923,-0.034381,0.001000,0.001000,0.001000,0.001000,0.001000
1020.596154,-0.033327,0.001000,0.001000,0.001000,0.001000,0.001000
1020.615385,-0.032245,0.001000,0.001000,0.001000,0.001000,0.001000
1020.634615,-0.031138,0.001000,0.001000,0.001000,0.001000,0.001000
1020.653846,-0.030004,0.001000,0.001000,0.001000,0.001000,0.001000
1020.673077,-0.028846,0.001000,0.001000,0.001000,0.001000,0.001000
1020.692308,-0.027664,0.001000,0.001000,0.001000,0.001000,0.001000
1020.711538,-0.026459,0.001000,0.001000,0.001000,0.001000,0.001000
1020.730769,-0.025233,0.001000,0.001000,0.001000,0.001000,0.001000
1020.750000,-0.023986,0.001000,0.001000,0.001000,0.001000,0.001000
1020.769231,-0.022720,0.001000,0.001000,0.001000,0.001000,0.001000
1020.788462,-0.021434,0.001000,0.001000,0.001000,0.001000,0.001000
1020.807692,-0.020131,0.001000,0.001000,0.001000,0.001000,0.001000
1020.826923,-0.018812,0.001000,0.001000,0.001000,0.001000,0.001000
1020.846154,-0.017477,0.001000,0.001000,0.001000,0.001000,0.001000
1020.865385,-0.016128,0.001000,0.001000,0.001000,0.001000,0.001000
1020.884615,-0.014765,0.001000,0.001000,0.001000,0.001000,0.001000
1020.903846,-0.013391,0.001000,0.001000,0.001000,0.001000,0.001000
1020.923077,-0.012005,0.001000,0.001000,0.001000,0.001000,0.001000
1020.942308,-0.010610,0.001000,0.001000,0.001000,0.001000,0.001000
1020.961538,-0.009206,0.001000,0.001000,0.001000,0.001000,0.001000
1020.980769,-0.007794,0.001000,0.001000,0.001000,0.001000,0.001000
1021.000000,-0.006376,0.001000,0.001000,0.001000,0.001000,0.001000
1021.019231,-0.004952,0.001000,0.001000,0.001000,0.001000,0.001000
1021.038462,-0.003525,0.001000,0.001000,0.001000,0.001000,0.001000
1021.057692,-0.002095,0.001000,0.001000,0.001000,0.001000,0.001000
1021.076923,-0.000663,0.001000,0.001000,0.001000,0.001000,0.001000
1021.096154,0.000770,0.001000,0.001000,0.001000,0.001000,0.001000
1021.115385,0.002202,0.001000,0.001000,0.001000,0.001000,0.001000
1021.134615,0.003632,0.001000,0.001000,0.001000,0.001000,0.001000
1021.153846,0.005059,0.001000,0.001000,0.001000,0.001000,0.001000
1021.173077,0.006482,0.001000,0.001000,0.001000,0.001000,0.001000
1021.192308,0.007900,0.001000,0.001000,0.001000,0.001000,0.001000
1021.211538,0.009311,0.001000,0.001000,0.001000,0.001000,0.001000
1021.230769,0.010714,0.001000,0.001000,0.001000,0.001000,0.001000
1021.250000,0.012109,0.001000,0.001000,0.001000,0.001000,0.001000
1021.269231,0.013494,0.001000,0.001000,0.001000,0.001000,0.001000
1021.288462,0.014868,0.001000,0.001000,0.001000,0.001000,0.001000
1021.307692,0.016229,0.001000,0.001000,0.001000,0.001000,0.001000
1021.326923,0.017577,0.001000,0.001000,0.001000,0.001000,0.001000
1021.346154,0.018911,0.001000,0.001000,0.001000,0.001000,0.001000
1021.365385,0.020229,0.001000,0.001000,0.001000,0.001000,0.001000
1021.384615,0.021531,0.001000,0.001000,0.001000,0.001000,0.001000
1021.403846,0.022815,0.001000,0.001000,0.001000,0.001000,0.001000
1021.423077,0.024080,0.001000,0.001000,0.001000,0.001000,0.001000
1021.442308,0.025326,0.001000,0.001000,0.001000,0.001000,0.001000
1021.461538,0.026550,0.001000,0.001000,0.001000,0.001000,0.001000
1021.480769,0.027753,0.001000,0.001000,0.001000,0.001000,0.001000
1021.500000,0.028933,0.001000,0.001000,0.001000,0.001000,0.001000
1021.519231,0.030090,0.001000,0.001000,0.001000,0.001000,0.001000
1021.538462,0.031221,0.001000,0.001000,0.001000,0.001000,0.001000
1021.557692,0.032327,0.001000,0.001000,0.001000,0.001000,0.001000
1021.576923,0.033407,0.001000,0.001000,0.001000,0.001000,0.001000
1021.596154,0.034459,0.001000,0.001000,0.001000,0.001000,0.001000
1021.615385,0.035483,0.001000,0.001000,0.001000,0.001000,0.001000
1021.634615,0.036477,0.001000,0.001000,0.001000,0.001000,0.001000
1021.653846,0.037442,0.001000,0.001000,0.001000,0.001000,0.001000
1021.673077,0.038376,0.001000,0.001000,0.001000,0.001000,0.001000
1021.692308,0.039278,0.001000,0.001000,0.001000,0.001000,0.001000
1021.711538,0.040149,0.001000,0.001000,0.001000,0.001000,0.001000
1021.730769,0.040986,0.001000,0.001000,0.001000,0.001000,0.001000
1021.750000,0.041789,0.001000,0.001000,0.001000,0.001000,0.001000
1021.769231,0.042559,0.001000,0.001000,0.001000,0.001000,0.001000
1021.788462,0.043293,0.001000,0.001000,0.001000,0.001000,0.001000
1021.807692,0.043992,0.001000,0.001000,0.001000,0.001000,0.001000
1021.826923,0.044655,0.001000,0.001000,0.001000,0.001000,0.001000
1021.846154,0.045281,0.001000,0.001000,0.001000,0.001000,0.001000
1021.865385,0.045870,0.001000,0.001000,0.001000,0.001000,0.001000
1021.884615,0.046421,0.001000,0.001000,0.001000,0.001000,0.001000
1021.903846,0.046934,0.001000,0.001000,0.001000,0.001000,0.001000
1021.923077,0.047409,0.001000,0.001000,0.001000,0.001000,0.001000
1021.942308,0.047844,0.001000,0.001000,0.001000,0.001000,0.001000
1021.961538,0.048241,0.001000,0.001000,0.001000,0.001000,0.001000
1021.980769,0.048598,0.001000,0.001000,0.001000,0.001000,0.001000
1022.000000,0.048915,0.001000,0.001000,0.001000,0.001000,0.001000
1022.019231,0.049191,0.001000,0.001000,0.001000,0.001000,0.001000
1022.038462,0.049428,0.001000,0.001000,0.001000,0.001000,0.001000
1022.057692,0.049624,0.001000,0.001000,0.001000,0.001000,0.001000
1022.076923,0.049779,0.001000,0.001000,0.001000,0.001000,0.001000
1022.096154,0.049893,0.001000,0.001000,0.001000,0.001000,0.001000
1022.115385,0.049966,0.001000,0.001000,0.001000,0.001000,0.001000
1022.134615,0.049998,0.001000,0.001000,0.001000,0.001000,0.001000
1022.153846,0.049990,0.001000,0.001000,0.001000,0.001000,0.001000
1022.173077,0.049940,0.001000,0.001000,0.001000,0.001000,0.001000
1022.192308,0.049849,0.001000,0.001000,0.001000,0.001000,0.001000
1022.211538,0.049717,0.001000,0.001000,0.001000,0.001000,0.001000
1022.230769,0.049545,0.001000,0.001000,0.001000,0.001000,0.001000
1022.250000,0.049331,0.001000,0.001000,0.001000,0.001000,0.001000
1022.269231,0.049078,0.001000,0.001000,0.001000,0.001000,0.001000
1022.288462,0.048784,0.001000,0.001000,0.001000,0.001000,0.001000
1022.307692,0.048450,0.001000,0.001000,0.001000,0.001000,0.001000
1022.326923,0.048076,0.001000,0.001000,0.001000,0.001000,0.001000
1022.346154,0.047662,0.001000,0.001000,0.001000,0.001000,0.001000
1022.365385,0.047210,0.001000,0.001000,0.001000,0.001000,0.001000
1022.384615,0.046719,0.001000,0.001000,0.001000,0.001000,0.001000
1022.403846,0.046189,0.001000,0.001000,0.001000,0.001000,0.001000
1022.423077,0.045622,0.001000,0.001000,0.001000,0.001000,0.001000
1022.442308,0.045017,0.001000,0.001000,0.001000,0.001000,0.001000
1022.461538,0.044375,0.001000,0.001000,0.001000,0.001000,0.001000
1022.480769,0.043697,0.001000,0.001000,0.001000,0.001000,0.001000
1022.500000,0.042983,0.001000,0.001000,0.001000,0.001000,0.001000
1022.519231,0.042233,0.001000,0.001000,0.001000,0.001000,0.001000
1022.538462,0.041449,0.001000,0.001000,0.001000,0.001000,0.001000
1022.557692,0.040631,0.001000,0.001000,0.001000,0.001000,0.001000
1022.576923,0.039780,0.001000,0.001000,0.001000,0.001000,0.001000
1022.596154,0.038896,0.001000,0.001000,0.001000,0.001000,0.001000
1022.615385,0.037979,0.001000,0.001000,0.001000,0.001000,0.001000
1022.634615,0.037032,0.001000,0.001000,0.001000,0.001000,0.001000
1022.653846,0.036055,0.001000,0.001000,0.001000,0.001000,0.001000
1022.673077,0.035047,0.001000,0.001000,0.001000,0.001000,0.001000
1022.692308,0.034011,0.001000,0.001000,0.001000,0.001000,0.001000
1022.711538,0.032947,0.001000,0.001000,0.001000,0.001000,0.001000
1022.730769,0.031857,0.001000,0.001000,0.001000,0.001000,0.001000
1022.750000,0.030739,0.001000,0.001000,0.001000,0.001000,0.001000
1022.769231,0.029597,0.001000,0.001000,0.001000,0.001000,0.001000
1022.788462,0.028430,0.001000,0.001000,0.001000,0.001000,0.001000
1022.807692,0.027240,0.001000,0.001000,0.001000,0.001000,0.001000
1022.826923,0.026028,0.001000,0.001000,0.001000,0.001000,0.001000
1022.846154,0.024794,0.001000,0.001000,0.001000,0.001000,0.001000
1022.865385,0.023540,0.001000,0.001000,0.001000,0.001000,0.001000
1022.884615,0.022267,0.001000,0.001000,0.001000,0.001000,0.001000
1022.903846,0.020975,0.001000,0.001000,0.001000,0.001000,0.001000
1022.923077,0.019666,0.001000,0.001000,0.001000,0.001000,0.001000
1022.942308,0.018341,0.001000,0.001000,0.001000,0.001000,0.001000
1022.961538,0.017001,0.001000,0.001000,0.001000,0.001000,0.001000
1022.980769,0.015647,0.001000,0.001000,0.001000,0.001000,0.001000
1023.000000,0.014280,0.001000,0.001000,0.001000,0.001000,0.001000
1023.019231,0.012902,0.001000,0.001000,0.001000,0.001000,0.001000
1023.038462,0.011513,0.001000,0.001000,0.001000,0.001000,0.001000
1023.057692,0.010114,0.001000,0.001000,0.001000,0.001000,0.001000
1023.076923,0.008707,0.001000,0.001000,0.001000,0.001000,0.001000
1023.096154,0.007293,0.001000,0.001000,0.001000,0.001000,0.001000
1023.115385,0.005873,0.001000,0.001000,0.001000,0.001000,0.001000
1023.134615,0.004448,0.001000,0.001000,0.001000,0.001000,0.001000
1023.153846,0.003019,0.001000,0.001000,0.001000,0.001000,0.001000
1023.173077,0.001588,0.001000,0.001000,0.001000,0.001000,0.001000
1023.192308,0.000156,0.001000,0.001000,0.001000,0.001000,0.001000
1023.211538,-0.001276,0.001000,0.001000,0.001000,0.001000,0.001000
1023.230769,-0.002708,0.001000,0.001000,0.001000,0.001000,0.001000
1023.250000,-0.004137,0.001000,0.001000,0.001000,0.001000,0.001000
1023.269231,-0.005563,0.001000,0.001000,0.001000,0.001000,0.001000
1023.288462,-0.006984,0.001000,0.001000,0.001000,0.001000,0.001000
1023.307692,-0.008400,0.001000,0.001000,0.001000,0.001000,0.001000
1023.326923,-0.009808,0.001000,0.001000,0.001000,0.001000,0.001000
1023.346154,-0.011209,0.001000,0.001000,0.001000,0.001000,0.001000
1023.365385,-0.012600,0.001000,0.001000,0.001000,0.001000,0.001000
1023.384615,-0.013981,0.001000,0.001000,0.001000,0.001000,0.001000
1023.403846,-0.015351,0.001000,0.001000,0.001000,0.001000,0.001000
1023.423077,-0.016708,0.001000,0.001000,0.001000,0.001000,0.001000
1023.442308,-0.018051,0.001000,0.001000,0.001000,0.001000,0.001000
1023.461538,-0.019379,0.001000,0.001000,0.001000,0.001000,0.001000
1023.480769,-0.020692,0.001000,0.001000,0.001000,0.001000,0.001000
1023.500000,-0.021987,0.001000,0.001000,0.001000,0.001000,0.001000
1023.519231,-0.023265,0.001000,0.001000,0.001000,0.001000,0.001000
1023.538462,-0.024523,0.001000,0.001000,0.001000,0.001000,0.001000
1023.557692,-0.025761,0.001000,0.001000,0.001000,0.001000,0.001000
1023.576923,-0.026978,0.001000,0.001000,0.001000,0.001000,0.001000
1023.596154,-0.028173,0.001000,0.001000,0.001000,0.001000,0.001000
1023.615385,-0.029345,0.001000,0.001000,0.001000,0.001000,0.001000
1023.634615,-0.030493,0.001000,0.001000,0.001000,0.001000,0.001000
1023.653846,-0.031615,0.001000,0.001000,0.001000,0.001000,0.001000
1023.673077,-0.032712,0.001000,0.001000,0.001000,0.001000,0.001000
1023.692308,-0.033782,0.001000,0.001000,0.001000,0.001000,0.001000
1023.711538,-0.034824,0.001000,0.001000,0.001000,0.001000,0.001000
1023.730769,-0.035838,0.001000,0.001000,0.001000,0.001000,0.001000
1023.750000,-0.036822,0.001000,0.001000,0.001000,0.001000,0.001000
1023.769231,-0.037776,0.001000,0.001000,0.001000,0.001000,0.001000
1023.788462,-0.038699,0.001000,0.001000,0.001000,0.001000,0.001000
1023.807692,-0.039590,0.001000,0.001000,0.001000,0.001000,0.001000
1023.826923,-0.040449,0.001000,0.001000,0.001000,0.001000,0.001000
1023.846154,-0.041274,0.001000,0.001000,0.001000,0.001000,0.001000
1023.865385,-0.042066,0.001000,0.001000,0.001000,0.001000,0.001000
1023.884615,-0.042823,0.001000,0.001000,0.001000,0.001000,0.001000
1023.903846,-0.043544,0.001000,0.001000,0.001000,0.001000,0.001000
1023.923077,-0.044231,0.001000,0.001000,0.001000,0.001000,0.001000
1023.942308,-0.044880,0.001000,0.001000,0.001000,0.001000,0.001000
1023.961538,-0.045493,0.001000,0.001000,0.001000,0.001000,0.001000
1023.980769,-0.046069,0.001000,0.001000,0.001000,0.001000,0.001000
1024.000000,-0.046607,0.001000,0.001000,0.001000,0.001000,0.001000
1024.019231,-0.047106,0.001000,0.001000,0.001000,0.001000,0.001000
1024.038462,-0.047567,0.001000,0.001000,0.001000,0.001000,0.001000
1024.057692,-0.047989,0.001000,0.001000,0.001000,0.001000,0.001000
1024.076923,-0.048372,0.001000,0.001000,0.001000,0.001000,0.001000
1024.096154,-0.048714,0.001000,0.001000,0.001000,0.001000,0.001000
1024.115385,-0.049017,0.001000,0.001000,0.001000,0.001000,0.001000
1024.134615,-0.049280,0.001000,0.001000,0.001000,0.001000,0.001000
1024.153846,-0.049502,0.001000,0.001000,0.001000,0.001000,0.001000
1024.173077,-0.049683,0.001000,0.001000,0.001000,0.001000,0.001000
1024.192308,-0.049824,0.001000,0.001000,0.001000,0.001000,0.001000
1024.211538,-0.049923,0.001000,0.001000,0.001000,0.001000,0.001000
1024.230769,-0.049982,0.001000,0.001000,0.001000,0.001000,0.001000
1024.250000,-0.050000,0.001000,0.001000,0.001000,0.001000,0.001000
1024.269231,-0.049977,0.001000,0.001000,0.001000,0.001000,0.001000
1024.288462,-0.049912,0.001000,0.001000,0.001000,0.001000,0.001000
1024.307692,-0.049807,0.001000,0.001000,0.001000,0.001000,0.001000
1024.326923,-0.049661,0.001000,0.001000,0.001000,0.001000,0.001000
1024.346154,-0.049474,0.001000,0.001000,0.001000,0.001000,0.001000
1024.365385,-0.049246,0.001000,0.001000,0.001000,0.001000,0.001000
1024.384615,-0.048978,0.001000,0.001000,0.001000,0.001000,0.001000
1024.403846,-0.048670,0.001000,0.001000,0.001000,0.001000,0.001000
1024.423077,-0.048322,0.001000,0.001000,0.001000,0.001000,0.001000
1024.442308,-0.047934,0.001000,0.001000,0.001000,0.001000,0.001000
1024.461538,-0.047507,0.001000,0.001000,0.001000,0.001000,0.001000
1024.480769,-0.047041,0.001000,0.001000,0.001000,0.001000,0.001000
1024.500000,-0.046536,0.001000,0.001000,0.001000,0.001000,0.001000
1024.519231,-0.045993,0.001000,0.001000,0.001000,0.001000,0.001000
1024.538462,-0.045412,0.001000,0.001000,0.001000,0.001000,0.001000
1024.557692,-0.044794,0.001000,0.001000,0.001000,0.001000,0.001000
1024.576923,-0.044139,0.001000,0.001000,0.001000,0.001000,0.001000
1024.596154,-0.043448,0.001000,0.001000,0.001000,0.001000,0.001000
1024.615385,-0.042722,0.001000,0.001000,0.001000,0.001000,0.001000
1024.634615,-0.041960,0.001000,0.001000,0.001000,0.001000,0.001000
1024.653846,-0.041164,0.001000,0.001000,0.001000,0.001000,0.001000
1024.673077,-0.040334,0.001000,0.001000,0.001000,0.001000,0.001000
1024.692308,-0.039471,0.001000,0.001000,0.001000,0.001000,0.001000
1024.711538,-0.038575,0.001000,0.001000,0.001000,0.001000,0.001000
1024.730769,-0.037648,0.001000,0.001000,0.001000,0.001000,0.001000
1024.750000,-0.036690,0.001000,0.001000,0.001000,0.001000,0.001000
1024.769231,-0.035702,0.001000,0.001000,0.001000,0.001000,0.001000
1024.788462,-0.034684,0.001000,0.001000,0.001000,0.001000,0.001000
1024.807692,-0.033638,0.001000,0.001000,0.001000,0.001000,0.001000
1024.826923,-0.032565,0.001000,0.001000,0.001000,0.001000,0.001000
1024.846154,-0.031464,0.001000,0.001000,0.001000,0.001000,0.001000
1024.865385,-0.030338,0.001000,0.001000,0.001000,0.001000,0.001000
1024.884615,-0.029187,0.001000,0.001000,0.001000,0.001000,0.001000
1024.903846,-0.028012,0.001000,0.001000,0.001000,0.001000,0.001000
1024.923077,-0.026814,0.001000,0.001000,0.001000,0.001000,0.001000
1024.942308,-0.025594,0.001000,0.001000,0.001000,0.001000,0.001000
1024.961538,-0.024353,0.001000,0.001000,0.001000,0.001000,0.001000
1024.980769,-0.023092,0.001000,0.001000,0.001000,0.001000,0.001000
1025.000000,-0.021812,0.001000,0.001000,0.001000,0.001000,0.001000
1025.019231,-0.020514,0.001000,0.001000,0.001000,0.001000,0.001000
1025.038462,-0.019199,0.001000,0.001000,0.001000,0.001000,0.001000
1025.057692,-0.017869,0.001000,0.001000,0.001000,0.001000,0.001000
1025.076923,-0.016524,0.001000,0.001000,0.001000,0.001000,0.001000
1025.096154,-0.015165,0.001000,0.001000,0.001000,0.001000,0.001000
1025.115385,-0.013794,0.001000,0.001000,0.001000,0.001000,0.001000
1025.134615,-0.012412,0.001000,0.001000,0.001000,0.001000,0.001000
1025.153846,-0.011019,0.001000,0.001000,0.001000,0.001000,0.001000
1025.173077,-0.009617,0.001000,0.001000,0.001000,0.001000,0.001000
1025.192308,-0.008208,0.001000,0.001000,0.001000,0.001000,0.001000
1025.211538,-0.006791,0.001000,0.001000,0.001000,0.001000,0.001000
1025.230769,-0.005369,0.001000,0.001000,0.001000,0.001000,0.001000
1025.250000,-0.003943,0.001000,0.001000,0.001000,0.001000,0.001000
1025.269231,-0.002513,0.001000,0.001000,0.001000,0.001000,0.001000
1025.288462,-0.001082,0.001000,0.001000,0.001000,0.001000,0.001000
1025.307692,0.000351,0.001000,0.001000,0.001000,0.001000,0.001000
1025.326923,0.001783,0.001000,0.001000,0.001000,0.001000,0.001000
1025.346154,0.003214,0.001000,0.001000,0.001000,0.001000,0.001000
1025.365385,0.004642,0.001000,0.001000,0.001000,0.001000,0.001000
1025.384615,0.006066,0.001000,0.001000,0.001000,0.001000,0.001000
1025.403846,0.007486,0.001000,0.001000,0.001000,0.001000,0.001000
1025.423077,0.008899,0.001000,0.001000,0.001000,0.001000,0.001000
1025.442308,0.010305,0.001000,0.001000,0.001000,0.001000,0.001000
1025.461538,0.011702,0.001000,0.001000,0.001000,0.001000,0.001000
1025.480769,0.013090,0.001000,0.001000,0.001000,0.001000,0.001000
1025.500000,0.014467,0.001000,0.001000,0.001000,0.001000,0.001000
1025.519231,0.015832,0.001000,0.001000,0.001000,0.001000,0.001000
1025.538462,0.017184,0.001000,0.001000,0.001000,0.001000,0.001000
1025.557692,0.018522,0.001000,0.001000,0.001000,0.001000,0.001000
1025.576923,0.019845,0.001000,0.001000,0.001000,0.001000,0.001000
1025.596154,0.021152,0.001000,0.001000,0.001000,0.001000,0.001000
1025.615385,0.022441,0.001000,0.001000,0.001000,0.001000,0.001000
1025.634615,0.023712,0.001000,0.001000,0.001000,0.001000,0.001000
1025.653846,0.024963,0.001000,0.001000,0.001000,0.001000,0.001000
1025.673077,0.026194,0.001000,0.001000,0.001000,0.001000,0.001000
1025.692308,0.027404,0.001000,0.001000,0.001000,0.001000,0.001000
1025.711538,0.028590,0.001000,0.001000,0.001000,0.001000,0.001000
1025.730769,0.029754,0.001000,0.001000,0.001000,0.001000,0.001000
1025.750000,0.030893,0.001000,0.001000,0.001000,0.001000,0.001000
1025.769231,0.032006,0.001000,0.001000,0.001000,0.001000,0.001000
1025.788462,0.033094,0.001000,0.001000,0.001000,0.001000,0.001000
1025.807692,0.034154,0.001000,0.001000,0.001000,0.001000,0.001000
1025.826923,0.035186,0.001000,0.001000,0.001000,0.001000,0.001000
1025.846154,0.036189,0.001000,0.001000,0.001000,0.001000,0.001000
1025.865385,0.037163,0.001000,0.001000,0.001000,0.001000,0.001000
1025.884615,0.038106,0.001000,0.001000,0.001000,0.001000,0.001000
1025.903846,0.039018,0.001000,0.001000,0.001000,0.001000,0.001000
1025.923077,0.039897,0.001000,0.001000,0.001000,0.001000,0.001000
1025.942308,0.040744,0.001000,0.001000,0.001000,0.001000,0.001000
1025.961538,0.041558,0.001000,0.001000,0.001000,0.001000,0.001000
1025.980769,0.042337,0.001000,0.001000,0.001000,0.001000,0.001000
1026.000000,0.043082,0.001000,0.001000,0.001000,0.001000,0.001000
1026.019231,0.043791,0.001000,0.001000,0.001000,0.001000,0.001000
1026.038462,0.044465,0.001000,0.001000,0.001000,0.001000,0.001000
1026.057692,0.045101,0.001000,0.001000,0.001000,0.001000,0.001000
1026.076923,0.045701,0.001000,0.001000,0.001000,0.001000,0.001000
1026.096154,0.046264,0.001000,0.001000,0.001000,0.001000,0.001000
1026.115385,0.046788,0.001000,0.001000,0.001000,0.001000,0.001000
1026.134615,0.047274,0.001000,0.001000,0.001000,0.001000,0.001000
1026.153846,0.047721,0.001000,0.001000,0.001000,0.001000,0.001000
1026.173077,0.048129,0.001000,0.001000,0.001000,0.001000,0.001000
1026.192308,0.048497,0.001000,0.001000,0.001000,0.001000,0.001000
1026.211538,0.048826,0.001000,0.001000,0.001000,0.001000,0.001000
1026.230769,0.049114,0.001000,0.001000,0.001000,0.001000,0.001000
1026.250000,0.049363,0.001000,0.001000,0.001000,0.001000,0.001000
1026.269231,0.049570,0.001000,0.001000,0.001000,0.001000,0.001000
1026.288462,0.049737,0.001000,0.001000,0.001000,0.001000,0.001000
1026.307692,0.049864,0.001000,0.001000,0.001000,0.001000,0.001000
1026.326923,0.049949,0.001000,0.001000,0.001000,0.001000,0.001000
1026.346154,0.049993,0.001000,0.001000,0.001000,0.001000,0.001000
1026.365385,0.049996,0.001000,0.001000,0.001000,0.001000,0.001000
1026.384615,0.049959,0.001000,0.001000,0.001000,0.001000,0.001000
1026.403846,0.049880,0.001000,0.001000,0.001000,0.001000,0.001000
1026.423077,0.049760,0.001000,0.001000,0.001000,0.001000,0.001000
1026.442308,0.049599,0.001000,0.001000,0.001000,0.001000,0.001000
1026.461538,0.049398,0.001000,0.001000,0.001000,0.001000,0.001000
1026.480769,0.049156,0.001000,0.001000,0.001000,0.001000,0.001000
1026.500000,0.048874,0.001000,0.001000,0.001000,0.001000,0.001000
1026.519231,0.048551,0.001000,0.001000,0.001000,0.001000,0.001000
1026.538462,0.048189,0.001000,0.001000,0.001000,0.001000,0.001000
1026.557692,0.047787,0.001000,0.001000,0.001000,0.001000,0.001000
1026.576923,0.047346,0.001000,0.001000,0.001000,0.001000,0.001000
1026.596154,0.046867,0.001000,0.001000,0.001000,0.001000,0.001000
1026.615385,0.046348,0.001000,0.001000,0.001000,0.001000,0.001000
1026.634615,0.045792,0.001000,0.001000,0.001000,0.001000,0.001000
1026.653846,0.045198,0.001000,0.001000,0.001000,0.001000,0.001000
1026.673077,0.044567,0.001000,0.001000,0.001000,0.001000,0.001000
1026.692308,0.043899,0.001000,0.001000,0.001000,0.001000,0.001000
1026.711538,0.043195,0.001000,0.001000,0.001000,0.001000,0.001000
1026.730769,0.042456,0.001000,0.001000,0.001000,0.001000,0.001000
1026.750000,0.041682,0.001000,0.001000,0.001000,0.001000,0.001000
1026.769231,0.040874,0.001000,0.001000,0.001000,0.001000,0.001000
1026.788462,0.040032,0.001000,0.001000,0.001000,0.001000,0.001000
1026.807692,0.039158,0.001000,0.001000,0.001000,0.001000,0.001000
1026.826923,0.038251,0.001000,0.001000,0.001000,0.001000,0.001000
1026.846154,0.037313,0.001000,0.001000,0.001000,0.001000,0.001000
1026.865385,0.036344,0.001000,0.001000,0.001000,0.001000,0.001000
1026.884615,0.035345,0.001000,0.001000,0.001000,0.001000,0.001000
1026.903846,0.034317,0.001000,0.001000,0.001000,0.001000,0.001000
1026.923077,0.033262,0.001000,0.001000,0.001000,0.001000,0.001000
1026.942308,0.032178,0.001000,0.001000,0.001000,0.001000,0.001000
1026.961538,0.031069,0.001000,0.001000,0.001000,0.001000,0.001000
1026.980769,0.029934,0.001000,0.001000,0.001000,0.001000,0.001000
1027.000000,0.028774,0.001000,0.001000,0.001000,0.001000,0.001000
1027.019231,0.027591,0.001000,0.001000,0.001000,0.001000,0.001000
1027.038462,0.026385,0.001000,0.001000,0.001000,0.001000,0.001000
1027.057692,0.025157,0.001000,0.001000,0.001000,0.001000,0.001000
1027.076923,0.023909,0.001000,0.001000,0.001000,0.001000,0.001000
1027.096154,0.022641,0.001000,0.001000,0.001000,0.001000,0.001000
1027.115385,0.021355,0.001000,0.001000,0.001000,0.001000,0.001000
1027.134615,0.020051,0.001000,0.001000,0.001000,0.001000,0.001000
1027.153846,0.018731,0.001000,0.001000,0.001000,0.001000,0.001000
1027.173077,0.017395,0.001000,0.001000,0.001000,0.001000,0.001000
1027.192308,0.016045,0.001000,0.001000,0.001000,0.001000,0.001000
1027.211538,0.014682,0.001000,0.001000,0.001000,0.001000,0.001000
1027.230769,0.013306,0.001000,0.001000,0.001000,0.001000,0.001000
1027.250000,0.011920,0.001000,0.001000,0.001000,0.001000,0.001000
1027.269231,0.010524,0.001000,0.001000,0.001000,0.001000,0.001000
1027.288462,0.009119,0.001000,0.001000,0.001000,0.001000,0.001000
1027.307692,0.007707,0.001000,0.001000,0.001000,0.001000,0.001000
1027.326923,0.006289,0.001000,0.001000,0.001000,0.001000,0.001000
1027.346154,0.004865,0.001000,0.001000,0.001000,0.001000,0.001000
1027.365385,0.003438,0.001000,0.001000,0.001000,0.001000,0.001000
1027.384615,0.002007,0.001000,0.001000,0.001000,0.001000,0.001000
1027.403846,0.000575,0.001000,0.001000,0.001000,0.001000,0.001000
1027.423077,-0.000857,0.001000,0.001000,0.001000,0.001000,0.001000
1027.442308,-0.002289,0.001000,0.001000,0.001000,0.001000,0.001000
1027.461538,-0.003719,0.001000,0.001000,0.001000,0.001000,0.001000
1027.480769,-0.005146,0.001000,0.001000,0.001000,0.001000,0.001000
1027.500000,-0.006569,0.001000,0.001000,0.001000,0.001000,0.001000
1027.519231,-0.007986,0.001000,0.001000,0.001000,0.001000,0.001000
1027.538462,-0.009397,0.001000,0.001000,0.001000,0.001000,0.001000
1027.557692,-0.010800,0.001000,0.001000,0.001000,0.001000,0.001000
1027.576923,-0.012194,0.001000,0.001000,0.001000,0.001000,0.001000
1027.596154,-0.013578,0.001000,0.001000,0.001000,0.001000,0.001000
1027.615385,-0.014951,0.001000,0.001000,0.001000,0.001000,0.001000
1027.634615,-0.016312,0.001000,0.001000,0.001000,0.001000,0.001000
1027.653846,-0.017659,0.001000,0.001000,0.001000,0.001000,0.001000
1027.673077,-0.018992,0.001000,0.001000,0.001000,0.001000,0.001000
1027.692308,-0.020309,0.001000,0.001000,0.001000,0.001000,0.001000
1027.711538,-0.021610,0.001000,0.001000,0.001000,0.001000,0.001000
1027.730769,-0.022893,0.001000,0.001000,0.001000,0.001000,0.001000
1027.750000,-0.024157,0.001000,0.001000,0.001000,0.001000,0.001000
1027.769231,-0.025401,0.001000,0.001000,0.001000,0.001000,0.001000
1027.788462,-0.026625,0.001000,0.001000,0.001000,0.001000,0.001000
1027.807692,-0.027826,0.001000,0.001000,0.001000,0.001000,0.001000
1027.826923,-0.029005,0.001000,0.001000,0.001000,0.001000,0.001000
1027.846154,-0.030160,0.001000,0.001000,0.001000,0.001000,0.001000
1027.865385,-0.031290,0.001000,0.001000,0.001000,0.001000,0.001000
1027.884615,-0.032394,0.001000,0.001000,0.001000,0.001000,0.001000
1027.903846,-0.033472,0.001000,0.001000,0.001000,0.001000,0.001000
1027.923077,-0.034522,0.001000,0.001000,0.001000,0.001000,0.001000
1027.942308,-0.035544,0.001000,0.001000,0.001000,0.001000,0.001000
1027.961538,-0.036537,0.001000,0.001000,0.001000,0.001000,0.001000
1027.980769,-0.037500,0.001000,0.001000,0.001000,0.001000,0.001000
1028.000000,-0.038432,0.001000,0.001000,0.001000,0.001000,0.001000
1028.019231,-0.039333,0.001000,0.001000,0.001000,0.001000,0.001000
1028.038462,-0.040201,0.001000,0.001000,0.001000,0.001000,0.001000
1028.057692,-0.041036,0.001000,0.001000,0.001000,0.001000,0.001000
1028.076923,-0.041838,0.001000,0.001000,0.001000,0.001000,0.001000
1028.096154,-0.042605,0.001000,0.001000,0.001000,0.001000,0.001000
1028.115385,-0.043337,0.001000,0.001000,0.001000,0.001000,0.001000
1028.134615,-0.044034,0.001000,0.001000,0.001000,0.001000,0.001000
1028.153846,-0.044694,0.001000,0.001000,0.001000,0.001000,0.001000
1028.173077,-0.045318,0.001000,0.001000,0.001000,0.001000,0.001000
1028.192308,-0.045904,0.001000,0.001000,0.001000,0.001000,0.001000
1028.211538,-0.046453,0.001000,0.001000,0.001000,0.001000,0.001000
1028.230769,-0.046964,0.001000,0.001000,0.001000,0.001000,0.001000
1028.250000,-0.047436,0.001000,0.001000,0.001000,0.001000,0.001000
1028.269231,-0.047870,0.001000,0.001000,0.001000,0.001000,0.001000
1028.288462,-0.048264,0.001000,0.001000,0.001000,0.001000,0.001000
1028.307692,-0.048618,0.001000,0.001000,0.001000,0.001000,0.001000
1028.326923,-0.048933,0.001000,0.001000,0.001000,0.001000,0.001000
1028.346154,-0.049207,0.001000,0.001000,0.001000,0.001000,0.001000
1028.365385,-0.049441,0.001000,0.001000,0.001000,0.001000,0.001000
1028.384615,-0.049634,0.001000,0.001000,0.001000,0.001000,0.001000
1028.403846,-0.049787,0.001000,0.001000,0.001000,0.001000,0.001000
1028.423077,-0.049898,0.001000,0.001000,0.001000,0.001000,0.001000
1028.442308,-0.049969,0.001000,0.001000,0.001000,0.001000,0.001000
1028.461538,-0.049999,0.001000,0.001000,0.001000,0.001000,0.001000
1028.480769,-0.049988,0.001000,0.001000,0.001000,0.001000,0.001000
1028.500000,-0.049935,0.001000,0.001000,0.001000,0.001000,0.001000
1028.519231,-0.049842,0.001000,0.001000,0.001000,0.001000,0.001000
1028.538462,-0.049708,0.001000,0.001000,0.001000,0.001000,0.001000
1028.557692,-0.049533,0.001000,0.001000,0.001000,0.001000,0.001000
1028.576923,-0.049317,0.001000,0.001000,0.001000,0.001000,0.001000
1028.596154,-0.049061,0.001000,0.001000,0.001000,0.001000,0.001000
1028.615385,-0.048764,0.001000,0.001000,0.001000,0.001000,0.001000
1028.634615,-0.048428,0.001000,0.001000,0.001000,0.001000,0.001000
1028.653846,-0.048052,0.001000,0.001000,0.001000,0.001000,0.001000
1028.673077,-0.047636,0.001000,0.001000,0.001000,0.001000,0.001000
1028.692308,-0.047181,0.001000,0.001000,0.001000,0.001000,0.001000
1028.711538,-0.046688,0.001000,0.001000,0.001000,0.001000,0.001000
1028.730769,-0.046156,0.001000,0.001000,0.001000,0.001000,0.001000
1028.750000,-0.045586,0.001000,0.001000,0.001000,0.001000,0.001000
1028.769231,-0.044979,0.001000,0.001000,0.001000,0.001000,0.001000
1028.788462,-0.044335,0.001000,0.001000,0.001000,0.001000,0.001000
1028.807692,-0.043654,0.001000,0.001000,0.001000,0.001000,0.001000
1028.826923,-0.042938,0.001000,0.001000,0.001000,0.001000,0.001000
1028.846154,-0.042186,0.001000,0.001000,0.001000,0.001000,0.001000
1028.865385,-0.041400,0.001000,0.001000,0.001000,0.001000,0.001000
1028.884615,-0.040580,0.001000,0.001000,0.001000,0.001000,0.001000
1028.903846,-0.039726,0.001000,0.001000,0.001000,0.001000,0.001000
1028.923077,-0.038840,0.001000,0.001000,0.001000,0.001000,0.001000
1028.942308,-0.037922,0.001000,0.001000,0.001000,0.001000,0.001000
1028.961538,-0.036973,0.001000,0.001000,0.001000,0.001000,0.001000
1028.980769,-0.035994,0.001000,0.001000,0.001000,0.001000,0.001000
1029.000000,-0.034985,0.001000,0.001000,0.001000,0.001000,0.001000
1029.019231,-0.033947,0.001000,0.001000,0.001000,0.001000,0.001000
1029.038462,-0.032881,0.001000,0.001000,0.001000,0.001000,0.001000
1029.057692,-0.031789,0.001000,0.001000,0.001000,0.001000,0.001000
1029.076923,-0.030670,0.001000,0.001000,0.001000,0.001000,0.001000
1029.096154,-0.029526,0.001000,0.001000,0.001000,0.001000,0.001000
1029.115385,-0.028358,0.001000,0.001000,0.001000,0.001000,0.001000
1029.134615,-0.027167,0.001000,0.001000,0.001000,0.001000,0.001000
1029.153846,-0.025953,0.001000,0.001000,0.001000,0.001000,0.001000
1029.173077,-0.024718,0.001000,0.001000,0.001000,0.001000,0.001000
1029.192308,-0.023463,0.001000,0.001000,0.001000,0.001000,0.001000
1029.211538,-0.022188,0.001000,0.001000,0.001000,0.001000,0.001000
1029.230769,-0.020896,0.001000,0.001000,0.001000,0.001000,0.001000
1029.250000,-0.019586,0.001000,0.001000,0.001000,0.001000,0.001000
1029.269231,-0.018260,0.001000,0.001000,0.001000,0.001000,0.001000
1029.288462,-0.016919,0.001000,0.001000,0.001000,0.001000,0.001000
1029.307692,-0.015564,0.001000,0.001000,0.001000,0.001000,0.001000
1029.326923,-0.014196,0.001000,0.001000,0.001000,0.001000,0.001000
1029.346154,-0.012817,0.001000,0.001000,0.001000,0.001000,0.001000
1029.365385,-0.011427,0.001000,0.001000,0.001000,0.001000,0.001000
1029.384615,-0.010028,0.001000,0.001000,0.001000,0.001000,0.001000
1029.403846,-0.008621,0.001000,0.001000,0.001000,0.001000,0.001000
1029.423077,-0.007206,0.001000,0.001000,0.001000,0.001000,0.001000
1029.442308,-0.005786,0.001000,0.001000,0.001000,0.001000,0.001000
1029.461538,-0.004361,0.001000,0.001000,0.001000,0.001000,0.001000
1029.480769,-0.002932,0.001000,0.001000,0.001000,0.001000,0.001000
1029.500000,-0.001501,0.001000,0.001000,0.001000,0.001000,0.001000
1029.519231,-0.000068,0.001000,0.001000,0.001000,0.001000,0.001000
1029.538462,0.001364,0.001000,0.001000,0.001000,0.001000,0.001000
1029.557692,0.002795,0.001000,0.001000,0.001000,0.001000,0.001000
1029.576923,0.004224,0.001000,0.001000,0.001000,0.001000,0.001000
1029.596154,0.005650,0.001000,0.001000,0.001000,0.001000,0.001000
1029.615385,0.007071,0.001000,0.001000,0.001000,0.001000,0.001000
1029.634615,0.008486,0.001000,0.001000,0.001000,0.001000,0.001000
1029.653846,0.009894,0.001000,0.001000,0.001000,0.001000,0.001000
1029.673077,0.011294,0.001000,0.001000,0.001000,0.001000,0.001000
1029.692308,0.012685,0.001000,0.001000,0.001000,0.001000,0.001000
1029.711538,0.014065,0.001000,0.001000,0.001000,0.001000,0.001000
1029.730769,0.015434,0.001000,0.001000,0.001000,0.001000,0.001000
1029.750000,0.016790,0.001000,0.001000,0.001000,0.001000,0.001000
1029.769231,0.018133,0.001000,0.001000,0.001000,0.001000,0.001000
1029.788462,0.019460,0.001000,0.001000,0.001000,0.001000,0.001000
1029.807692,0.020771,0.001000,0.001000,0.001000,0.001000,0.001000
1029.826923,0.022066,0.001000,0.001000,0.001000,0.001000,0.001000
1029.846154,0.023342,0.001000,0.001000,0.001000,0.001000,0.001000
1029.865385,0.024599,0.001000,0.001000,0.001000,0.001000,0.001000
1029.884615,0.025836,0.001000,0.001000,0.001000,0.001000,0.001000
1029.903846,0.027052,0.001000,0.001000,0.001000,0.001000,0.001000
1029.923077,0.028246,0.001000,0.001000,0.001000,0.001000,0.001000
1029.942308,0.029416,0.001000,0.001000,0.001000,0.001000,0.001000
1029.961538,0.030562,0.001000,0.001000,0.001000,0.001000,0.001000
1029.980769,0.031683,0.001000,0.001000,0.001000,0.001000,0.001000
1030.000000,0.000000,0.001000,0.001000,0.001000,0.001000,0.001000
1030.019231,0.001522,0.001000,0.001000,0.001000,0.001000,0.001000
1030.038462,0.003043,0.001000,0.001000,0.001000,0.001000,0.001000
1030.057692,0.004561,0.001000,0.001000,0.001000,0.001000,0.001000
1030.076923,0.006075,0.001000,0.001000,0.001000,0.001000,0.001000
1030.096154,0.007583,0.001000,0.001000,0.001000,0.001000,0.001000
1030.115385,0.009084,0.001000,0.001000,0.001000,0.001000,0.001000
1030.134615,0.010577,0.001000,0.001000,0.001000,0.001000,0.001000
1030.153846,0.012060,0.001000,0.001000,0.001000,0.001000,0.001000
1030.173077,0.013532,0.001000,0.001000,0.001000,0.001000,0.001000
1030.192308,0.014991,0.001000,0.001000,0.001000,0.001000,0.001000
1030.211538,0.016436,0.001000,0.001000,0.001000,0.001000,0.001000
1030.230769,0.017866,0.001000,0.001000,0.001000,0.001000,0.001000
1030.250000,0.019280,0.001000,0.001000,0.001000,0.001000,0.001000
1030.269231,0.020675,0.001000,0.001000,0.001000,0.001000,0.001000
1030.288462,0.022052,0.001000,0.001000,0.001000,0.001000,0.001000
1030.307692,0.023408,0.001000,0.001000,0.001000,0.001000,0.001000
1030.326923,0.024742,0.001000,0.001000,0.001000,0.001000,0.001000
1030.346154,0.026053,0.001000,0.001000,0.001000,0.001000,0.001000
1030.365385,0.027340,0.001000,0.001000,0.001000,0.001000,0.001000
1030.384615,0.028602,0.001000,0.001000,0.001000,0.001000,0.001000
1030.403846,0.029838,0.001000,0.001000,0.001000,0.001000,0.001000
1030.423077,0.031045,0.001000,0.001000,0.001000,0.001000,0.001000
1030.442308,0.032224,0.001000,0.001000,0.001000,0.001000,0.001000
1030.461538,0.033373,0.001000,0.001000,0.001000,0.001000,0.001000
1030.480769,0.034491,0.001000,0.001000,0.001000,0.001000,0.001000
1030.500000,0.035577,0.001000,0.001000,0.001000,0.001000,0.001000
1030.519231,0.036630,0.001000,0.001000,0.001000,0.001000,0.001000
1030.538462,0.037650,0.001000,0.001000,0.001000,0.001000,0.001000
1030.557692,0.038634,0.001000,0.001000,0.001000,0.001000,0.001000
1030.576923,0.039582,0.001000,0.001000,0.001000,0.001000,0.001000
1030.596154,0.040494,0.001000,0.001000,0.001000,0.001000,0.001000
1030.615385,0.041368,0.001000,0.001000,0.001000,0.001000,0.001000
1030.634615,0.042204,0.001000,0.001000,0.001000,0.001000,0.001000
1030.653846,0.043001,0.001000,0.001000,0.001000,0.001000,0.001000
1030.673077,0.043758,0.001000,0.001000,0.001000,0.001000,0.001000
1030.692308,0.044474,0.001000,0.001000,0.001000,0.001000,0.001000
1030.711538,0.045149,0.001000,0.001000,0.001000,0.001000,0.001000
1030.730769,0.045782,0.001000,0.001000,0.001000,0.001000,0.001000
1030.750000,0.046373,0.001000,0.001000,0.001000,0.001000,0.001000
1030.769231,0.046920,0.001000,0.001000,0.001000,0.001000,0.001000
1030.788462,0.047425,0.001000,0.001000,0.001000,0.001000,0.001000
1030.807692,0.047885,0.001000,0.001000,0.001000,0.001000,0.001000
1030.826923,0.048301,0.001000,0.001000,0.001000,0.001000,0.001000
1030.846154,0.048672,0.001000,0.001000,0.001000,0.001000,0.001000
1030.865385,0.048998,0.001000,0.001000,0.001000,0.001000,0.001000
1030.884615,0.049278,0.001000,0.001000,0.001000,0.001000,0.001000
1030.903846,0.049513,0.001000,0.001000,0.001000,0.001000,0.001000
1030.923077,0.049702,0.001000,0.001000,0.001000,0.001000,0.001000
1030.942308,0.049845,0.001000,0.001000,0.001000,0.001000,0.001000
1030.961538,0.049942,0.001000,0.001000,0.001000,0.001000,0.001000
1030.980769,0.049992,0.001000,0.001000,0.001000,0.001000,0.001000
1031.000000,0.049996,0.001000,0.001000,0.001000,0.001000,0.001000
1031.019231,0.049954,0.001000,0.001000,0.001000,0.001000,0.001000
1031.038462,0.049865,0.001000,0.001000,0.001000,0.001000,0.001000
1031.057692,0.049730,0.001000,0.001000,0.001000,0.001000,0.001000
1031.076923,0.049549,0.001000,0.001000,0.001000,0.001000,0.001000
1031.096154,0.049322,0.001000,0.001000,0.001000,0.001000,0.001000
1031.115385,0.049049,0.001000,0.001000,0.001000,0.001000,0.001000
1031.134615,0.048731,0.001000,0.001000,0.001000,0.001000,0.001000
1031.153846,0.048368,0.001000,0.001000,0.001000,0.001000,0.001000
1031.173077,0.047960,0.001000,0.001000,0.001000,0.001000,0.001000
1031.192308,0.047507,0.001000,0.001000,0.001000,0.001000,0.001000
1031.211538,0.047011,0.001000,0.001000,0.001000,0.001000,0.001000
1031.230769,0.046470,0.001000,0.001000,0.001000,0.001000,0.001000
1031.250000,0.045887,0.001000,0.001000,0.001000,0.001000,0.001000
1031.269231,0.045261,0.001000,0.001000,0.001000,0.001000,0.001000
1031.288462,0.044593,0.001000,0.001000,0.001000,0.001000,0.001000
1031.307692,0.043884,0.001000,0.001000,0.001000,0.001000,0.001000
1031.326923,0.043134,0.001000,0.001000,0.001000,0.001000,0.001000
1031.346154,0.042344,0.001000,0.001000,0.001000,0.001000,0.001000
1031.365385,0.041515,0.001000,0.001000,0.001000,0.001000,0.001000
1031.384615,0.040647,0.001000,0.001000,0.001000,0.001000,0.001000
1031.403846,0.039742,0.001000,0.001000,0.001000,0.001000,0.001000
1031.423077,0.038800,0.001000,0.001000,0.001000,0.001000,0.001000
1031.442308,0.037822,0.001000,0.001000,0.001000,0.001000,0.001000
1031.461538,0.036809,0.001000,0.001000,0.001000,0.001000,0.001000
1031.480769,0.035761,0.001000,0.001000,0.001000,0.001000,0.001000
1031.500000,0.034681,0.001000,0.001000,0.001000,0.001000,0.001000
1031.519231,0.033568,0.001000,0.001000,0.001000,0.001000,0.001000
1031.538462,0.032425,0.001000,0.001000,0.001000,0.001000,0.001000
1031.557692,0.031251,0.001000,0.001000,0.001000,0.001000,0.001000
1031.576923,0.030048,0.001000,0.001000,0.001000,0.001000,0.001000
1031.596154,0.028817,0.001000,0.001000,0.001000,0.001000,0.001000
1031.615385,0.027560,0.001000,0.001000,0.001000,0.001000,0.001000
1031.634615,0.026277,0.001000,0.001000,0.001000,0.001000,0.001000
1031.653846,0.024970,0.001000,0.001000,0.001000,0.001000,0.001000
1031.673077,0.023639,0.001000,0.001000,0.001000,0.001000,0.001000
1031.692308,0.022287,0.001000,0.001000,0.001000,0.001000,0.001000
1031.711538,0.020914,0.001000,0.001000,0.001000,0.001000,0.001000
1031.730769,0.019522,0.001000,0.001000,0.001000,0.001000,0.001000
1031.750000,0.018111,0.001000,0.001000,0.001000,0.001000,0.001000
1031.769231,0.016684,0.001000,0.001000,0.001000,0.001000,0.001000
1031.788462,0.015241,0.001000,0.001000,0.001000,0.001000,0.001000
1031.807692,0.013784,0.001000,0.001000,0.001000,0.001000,0.001000
1031.826923,0.012315,0.001000,0.001000,0.001000,0.001000,0.001000
1031.846154,0.010833,0.001000,0.001000,0.001000,0.001000,0.001000
1031.865385,0.009342,0.001000,0.001000,0.001000,0.001000,0.001000
1031.884615,0.007843,0.001000,0.001000,0.001000,0.001000,0.001000
1031.903846,0.006336,0.001000,0.001000,0.001000,0.001000,0.001000
1031.923077,0.004823,0.001000,0.001000,0.001000,0.001000,0.001000
1031.942308,0.003305,0.001000,0.001000,0.001000,0.001000,0.001000
1031.961538,0.001785,0.001000,0.001000,0.001000,0.001000,0.001000
1031.980769,0.000263,0.001000,0.001000,0.001000,0.001000,0.001000
1032.000000,-0.001260,0.001000,0.001000,0.001000,0.001000,0.001000
1032.019231,-0.002781,0.001000,0.001000,0.001000,0.001000,0.001000
1032.038462,-0.004300,0.001000,0.001000,0.001000,0.001000,0.001000
1032.057692,-0.005814,0.001000,0.001000,0.001000,0.001000,0.001000
1032.076923,-0.007323,0.001000,0.001000,0.001000,0.001000,0.001000
1032.096154,-0.008826,0.001000,0.001000,0.001000,0.001000,0.001000
1032.115385,-0.010320,0.001000,0.001000,0.001000,0.001000,0.001000
1032.134615,-0.011805,0.001000,0.001000,0.001000,0.001000,0.001000
1032.153846,-0.013279,0.001000,0.001000,0.001000,0.001000,0.001000
1032.173077,-0.014740,0.001000,0.001000,0.001000,0.001000,0.001000
1032.192308,-0.016188,0.001000,0.001000,0.001000,0.001000,0.001000
1032.211538,-0.017621,0.001000,0.001000,0.001000,0.001000,0.001000
1032.230769,-0.019037,0.001000,0.001000,0.001000,0.001000,0.001000
1032.250000,-0.020436,0.001000,0.001000,0.001000,0.001000,0.001000
1032.269231,-0.021816,0.001000,0.001000,0.001000,0.001000,0.001000
1032.288462,-0.023175,0.001000,0.001000,0.001000,0.001000,0.001000
1032.307692,-0.024513,0.001000,0.001000,0.001000,0.001000,0.001000
1032.326923,-0.025829,0.001000,0.001000,0.001000,0.001000,0.001000
1032.346154,-0.027120,0.001000,0.001000,0.001000,0.001000,0.001000
1032.365385,-0.028387,0.001000,0.001000,0.001000,0.001000,0.001000
1032.384615,-0.029627,0.001000,0.001000,0.001000,0.001000,0.001000
1032.403846,-0.030839,0.001000,0.001000,0.001000,0.001000,0.001000
1032.423077,-0.032023,0.001000,0.001000,0.001000,0.001000,0.001000
1032.442308,-0.033177,0.001000,0.001000,0.001000,0.001000,0.001000
1032.461538,-0.034301,0.001000,0.001000,0.001000,0.001000,0.001000
1032.480769,-0.035392,0.001000,0.001000,0.001000,0.001000,0.001000
1032.500000,-0.036451,0.001000,0.001000,0.001000,0.001000,0.001000
1032.519231,-0.037476,0.001000,0.001000,0.001000,0.001000,0.001000
1032.538462,-0.038467,0.001000,0.001000,0.001000,0.001000,0.001000
1032.557692,-0.039421,0.001000,0.001000,0.001000,0.001000,0.001000
1032.576923,-0.040339,0.001000,0.001000,0.001000,0.001000,0.001000
1032.596154,-0.041220,0.001000,0.001000,0.001000,0.001000,0.001000
1032.615385,-0.042063,0.001000,0.001000,0.001000,0.001000,0.001000
1032.634615,-0.042866,0.001000,0.001000,0.001000,0.001000,0.001000
1032.653846,-0.043630,0.001000,0.001000,0.001000,0.001000,0.001000
1032.673077,-0.044353,0.001000,0.001000,0.001000,0.001000,0.001000
1032.692308,-0.045035,0.001000,0.001000,0.001000,0.001000,0.001000
1032.711538,-0.045676,0.001000,0.001000,0.001000,0.001000,0.001000
1032.730769,-0.046274,0.001000,0.001000,0.001000,0.001000,0.001000
1032.750000,-0.046829,0.001000,0.001000,0.001000,0.001000,0.001000
1032.769231,-0.047341,0.001000,0.001000,0.001000,0.001000,0.001000
1032.788462,-0.047809,0.001000,0.001000,0.001000,0.001000,0.001000
1032.807692,-0.048232,0.001000,0.001000,0.001000,0.001000,0.001000
1032.826923,-0.048611,0.001000,0.001000,0.001000,0.001000,0.001000
1032.846154,-0.048945,0.001000,0.001000,0.001000,0.001000,0.001000
1032.865385,-0.049233,0.001000,0.001000,0.001000,0.001000,0.001000
1032.884615,-0.049476,0.001000,0.001000,0.001000,0.001000,0.001000
1032.903846,-0.049673,0.001000,0.001000,0.001000,0.001000,0.001000
1032.923077,-0.049824,0.001000,0.001000,0.001000,0.001000,0.001000
1032.942308,-0.049928,0.001000,0.001000,0.001000,0.001000,0.001000
1032.961538,-0.049987,0.001000,0.001000,0.001000,0.001000,0.001000
1032.980769,-0.049999,0.001000,0.001000,0.001000,0.001000,0.001000
1033.000000,-0.049964,0.001000,0.001000,0.001000,0.001000,0.001000
1033.019231,-0.049884,0.001000,0.001000,0.001000,0.001000,0.001000
1033.038462,-0.049757,0.001000,0.001000,0.001000,0.001000,0.001000
1033.057692,-0.049584,0.001000,0.001000,0.001000,0.001000,0.001000
1033.076923,-0.049365,0.001000,0.001000,0.001000,0.001000,0.001000
1033.096154,-0.049100,0.001000,0.001000,0.001000,0.001000,0.001000
1033.115385,-0.048789,0.001000,0.001000,0.001000,0.001000,0.001000
1033.134615,-0.048434,0.001000,0.001000,0.001000,0.001000,0.001000
1033.153846,-0.048033,0.001000,0.001000,0.001000,0.001000,0.001000
1033.173077,-0.047588,0.001000,0.001000,0.001000,0.001000,0.001000
1033.192308,-0.047099,0.001000,0.001000,0.001000,0.001000,0.001000
1033.211538,-0.046567,0.001000,0.001000,0.001000,0.001000,0.001000
1033.230769,-0.045991,0.001000,0.001000,0.001000,0.001000,0.001000
1033.250000,-0.045372,0.001000,0.001000,0.001000,0.001000,0.001000
1033.269231,-0.044711,0.001000,0.001000,0.001000,0.001000,0.001000
1033.288462,-0.044009,0.001000,0.001000,0.001000,0.001000,0.001000
1033.307692,-0.043266,0.001000,0.001000,0.001000,0.001000,0.001000
1033.326923,-0.042483,0.001000,0.001000,0.001000,0.001000,0.001000
1033.346154,-0.041661,0.001000,0.001000,0.001000,0.001000,0.001000
1033.365385,-0.040800,0.001000,0.001000,0.001000,0.001000,0.001000
1033.384615,-0.039901,0.001000,0.001000,0.001000,0.001000,0.001000
1033.403846,-0.038965,0.001000,0.001000,0.001000,0.001000,0.001000
1033.423077,-0.037993,0.001000,0.001000,0.001000,0.001000,0.001000
1033.442308,-0.036986,0.001000,0.001000,0.001000,0.001000,0.001000
1033.461538,-0.035944,0.001000,0.001000,0.001000,0.001000,0.001000
1033.480769,-0.034870,0.001000,0.001000,0.001000,0.001000,0.001000
1033.500000,-0.033762,0.001000,0.001000,0.001000,0.001000,0.001000
1033.519231,-0.032624,0.001000,0.001000,0.001000,0.001000,0.001000
1033.538462,-0.031455,0.001000,0.001000,0.001000,0.001000,0.001000
1033.557692,-0.030257,0.001000,0.001000,0.001000,0.001000,0.001000
1033.576923,-0.029031,0.001000,0.001000,0.001000,0.001000,0.001000
1033.596154,-0.027779,0.001000,0.001000,0.001000,0.001000,0.001000
1033.615385,-0.026500,0.001000,0.001000,0.001000,0.001000,0.001000
1033.634615,-0.025197,0.001000,0.001000,0.001000,0.001000,0.001000
1033.653846,-0.023870,0.001000,0.001000,0.001000,0.001000,0.001000
1033.673077,-0.022522,0.001000,0.001000,0.001000,0.001000,0.001000
1033.692308,-0.021152,0.001000,0.001000,0.001000,0.001000,0.001000
1033.711538,-0.019763,0.001000,0.001000,0.001000,0.001000,0.001000
1033.730769,-0.018356,0.001000,0.001000,0.001000,0.001000,0.001000
1033.750000,-0.016931,0.001000,0.001000,0.001000,0.001000,0.001000
1033.769231,-0.015491,0.001000,0.001000,0.001000,0.001000,0.001000
1033.788462,-0.014036,0.001000,0.001000,0.001000,0.001000,0.001000
1033.807692,-0.012569,0.001000,0.001000,0.001000,0.001000,0.001000
1033.826923,-0.011090,0.001000,0.001000,0.001000,0.001000,0.001000
1033.846154,-0.009600,0.001000,0.001000,0.001000,0.001000,0.001000
1033.865385,-0.008102,0.001000,0.001000,0.001000,0.001000,0.001000
1033.884615,-0.006596,0.001000,0.001000,0.001000,0.001000,0.001000
1033.903846,-0.005084,0.001000,0.001000,0.001000,0.001000,0.001000
1033.923077,-0.003567,0.001000,0.001000,0.001000,0.001000,0.001000
1033.942308,-0.002047,0.001000,0.001000,0.001000,0.001000,0.001000
1033.961538,-0.000525,0.001000,0.001000,0.001000,0.001000,0.001000
1033.980769,0.000997,0.001000,0.001000,0.001000,0.001000,0.001000
1034.000000,0.002519,0.001000,0.001000,0.001000,0.001000,0.001000
1034.019231,0.004038,0.001000,0.001000,0.001000,0.001000,0.001000
1034.038462,0.005553,0.001000,0.001000,0.001000,0.001000,0.001000
1034.057692,0.007064,0.001000,0.001000,0.001000,0.001000,0.001000
1034.076923,0.008567,0.001000,0.001000,0.001000,0.001000,0.001000
1034.096154,0.010063,0.001000,0.001000,0.001000,0.001000,0.001000
1034.115385,0.011550,0.001000,0.001000,0.001000,0.001000,0.001000
1034.134615,0.013025,0.001000,0.001000,0.001000,0.001000,0.001000
1034.153846,0.014489,0.001000,0.001000,0.001000,0.001000,0.001000
1034.173077,0.015939,0.001000,0.001000,0.001000,0.001000,0.001000
1034.192308,0.017375,0.001000,0.001000,0.001000,0.001000,0.001000
1034.211538,0.018794,0.001000,0.001000,0.001000,0.001000,0.001000
1034.230769,0.020196,0.001000,0.001000,0.001000,0.001000,0.001000
1034.250000,0.021579,0.001000,0.001000,0.001000,0.001000,0.001000
1034.269231,0.022942,0.001000,0.001000,0.001000,0.001000,0.001000
1034.288462,0.024284,0.001000,0.001000,0.001000,0.001000,0.001000
1034.307692,0.025604,0.001000,0.001000,0.001000,0.001000,0.001000
1034.326923,0.026899,0.001000,0.001000,0.001000,0.001000,0.001000
1034.346154,0.028170,0.001000,0.001000,0.001000,0.001000,0.001000
1034.365385,0.029415,0.001000,0.001000,0.001000,0.001000,0.001000
1034.384615,0.030632,0.001000,0.001000,0.001000,0.001000,0.001000
1034.403846,0.031821,0.001000,0.001000,0.001000,0.001000,0.001000
1034.423077,0.032980,0.001000,0.001000,0.001000,0.001000,0.001000
1034.442308,0.034109,0.001000,0.001000,0.001000,0.001000,0.001000
1034.461538,0.035206,0.001000,0.001000,0.001000,0.001000,0.001000
1034.480769,0.036271,0.001000,0.001000,0.001000,0.001000,0.001000
1034.500000,0.037302,0.001000,0.001000,0.001000,0.001000,0.001000
1034.519231,0.038298,0.001000,0.001000,0.001000,0.001000,0.001000
1034.538462,0.039259,0.001000,0.001000,0.001000,0.001000,0.001000
1034.557692,0.040184,0.001000,0.001000,0.001000,0.001000,0.001000
1034.576923,0.041071,0.001000,0.001000,0.001000,0.001000,0.001000
1034.596154,0.041920,0.001000,0.001000,0.001000,0.001000,0.001000
1034.615385,0.042730,0.001000,0.001000,0.001000,0.001000,0.001000
1034.634615,0.043501,0.001000,0.001000,0.001000,0.001000,0.001000
1034.653846,0.044231,0.001000,0.001000,0.001000,0.001000,0.001000
1034.673077,0.044921,0.001000,0.001000,0.001000,0.001000,0.001000
1034.692308,0.045568,0.001000,0.001000,0.001000,0.001000,0.001000
1034.711538,0.046174,0.001000,0.001000,0.001000,0.001000,0.001000
1034.730769,0.046736,0.001000,0.001000,0.001000,0.001000,0.001000
1034.750000,0.047256,0.001000,0.001000,0.001000,0.001000,0.001000
1034.769231,0.047731,0.001000,0.001000,0.001000,0.001000,0.001000
1034.788462,0.048162,0.001000,0.001000,0.001000,0.001000,0.001000
1034.807692,0.048549,0.001000,0.001000,0.001000,0.001000,0.001000
1034.826923,0.048891,0.001000,0.001000,0.001000,0.001000,0.001000
1034.846154,0.049187,0.001000,0.001000,0.001000,0.001000,0.001000
1034.865385,0.049437,0.001000,0.001000,0.001000,0.001000,0.001000
1034.884615,0.049642,0.001000,0.001000,0.001000,0.001000,0.001000
1034.903846,0.049801,0.001000,0.001000,0.001000,0.001000,0.001000
1034.923077,0.049914,0.001000,0.001000,0.001000,0.001000,0.001000
1034.942308,0.049980,0.001000,0.001000,0.001000,0.001000,0.001000
1034.961538,0.050000,0.001000,0.001000,0.001000,0.001000,0.001000
1034.980769,0.049974,0.001000,0.001000,0.001000,0.001000,0.001000
1035.000000,0.049901,0.001000,0.001000,0.001000,0.001000,0.001000
1035.019231,0.049782,0.001000,0.001000,0.001000,0.001000,0.001000
1035.038462,0.049617,0.001000,0.001000,0.001000,0.001000,0.001000
1035.057692,0.049406,0.001000,0.001000,0.001000,0.001000,0.001000
1035.076923,0.049149,0.001000,0.001000,0.001000,0.001000,0.001000
1035.096154,0.048846,0.001000,0.001000,0.001000,0.001000,0.001000
1035.115385,0.048498,0.001000,0.001000,0.001000,0.001000,0.001000
1035.134615,0.048106,0.001000,0.001000,0.001000,0.001000,0.001000
1035.153846,0.047668,0.001000,0.001000,0.001000,0.001000,0.001000
1035.173077,0.047187,0.001000,0.001000,0.001000,0.001000,0.001000
1035.192308,0.046662,0.001000,0.001000,0.001000,0.001000,0.001000
1035.211538,0.046093,0.001000,0.001000,0.001000,0.001000,0.001000
1035.230769,0.045482,0.001000,0.001000,0.001000,0.001000,0.001000
1035.250000,0.044828,0.001000,0.001000,0.001000,0.001000,0.001000
1035.269231,0.044133,0.001000,0.001000,0.001000,0.001000,0.001000
1035.288462,0.043397,0.001000,0.001000,0.001000,0.001000,0.001000
1035.307692,0.042621,0.001000,0.001000,0.001000,0.001000,0.001000
1035.326923,0.041806,0.001000,0.001000,0.001000,0.001000,0.001000
1035.346154,0.040951,0.001000,0.001000,0.001000,0.001000,0.001000
1035.365385,0.040059,0.001000,0.001000,0.001000,0.001000,0.001000
1035.384615,0.039129,0.001000,0.001000,0.001000,0.001000,0.001000
1035.403846,0.038163,0.001000,0.001000,0.001000,0.001000,0.001000
1035.423077,0.037162,0.001000,0.001000,0.001000,0.001000,0.001000
1035.442308,0.036126,0.001000,0.001000,0.001000,0.001000,0.001000
1035.461538,0.035057,0.001000,0.001000,0.001000,0.001000,0.001000
1035.480769,0.033956,0.001000,0.001000,0.001000,0.001000,0.001000
1035.500000,0.032823,0.001000,0.001000,0.001000,0.001000,0.001000
1035.519231,0.031659,0.001000,0.001000,0.001000,0.001000,0.001000
1035.538462,0.030466,0.001000,0.001000,0.001000,0.001000,0.001000
1035.557692,0.029245,0.001000,0.001000,0.001000,0.001000,0.001000
1035.576923,0.027997,0.001000,0.001000,0.001000,0.001000,0.001000
1035.596154,0.026722,0.001000,0.001000,0.001000,0.001000,0.001000
1035.615385,0.025423,0.001000,0.001000,0.001000,0.001000,0.001000
1035.634615,0.024101,0.001000,0.001000,0.001000,0.001000,0.001000
1035.653846,0.022756,0.001000,0.001000,0.001000,0.001000,0.001000
1035.673077,0.021390,0.001000,0.001000,0.001000,0.001000,0.001000
1035.692308,0.020004,0.001000,0.001000,0.001000,0.001000,0.001000
1035.711538,0.018600,0.001000,0.001000,0.001000,0.001000,0.001000
1035.730769,0.017178,0.001000,0.001000,0.001000,0.001000,0.001000
1035.750000,0.015740,0.001000,0.001000,0.001000,0.001000,0.001000
1035.769231,0.014288,0.001000,0.001000,0.001000,0.001000,0.001000
1035.788462,0.012823,0.001000,0.001000,0.001000,0.001000,0.001000
1035.807692,0.011346,0.001000,0.001000,0.001000,0.001000,0.001000
1035.826923,0.009858,0.001000,0.001000,0.001000,0.001000,0.001000
1035.846154,0.008361,0.001000,0.001000,0.001000,0.001000,0.001000
1035.865385,0.006856,0.001000,0.001000,0.001000,0.001000,0.001000
1035.884615,0.005345,0.001000,0.001000,0.001000,0.001000,0.001000
1035.903846,0.003829,0.001000,0.001000,0.001000,0.001000,0.001000
1035.923077,0.002309,0.001000,0.001000,0.001000,0.001000,0.001000
1035.942308,0.000788,0.001000,0.001000,0.001000,0.001000,0.001000
1035.961538,-0.000735,0.001000,0.001000,0.001000,0.001000,0.001000
1035.980769,-0.002256,0.001000,0.001000,0.001000,0.001000,0.001000
1036.000000,-0.003776,0.001000,0.001000,0.001000,0.001000,0.001000
1036.019231,-0.005292,0.001000,0.001000,0.001000,0.001000,0.001000
1036.038462,-0.006804,0.001000,0.001000,0.001000,0.001000,0.001000
1036.057692,-0.008308,0.001000,0.001000,0.001000,0.001000,0.001000
1036.076923,-0.009806,0.001000,0.001000,0.001000,0.001000,0.001000
1036.096154,-0.011294,0.001000,0.001000,0.001000,0.001000,0.001000
1036.115385,-0.012772,0.001000,0.001000,0.001000,0.001000,0.001000
1036.134615,-0.014237,0.001000,0.001000,0.001000,0.001000,0.001000
1036.153846,-0.015690,0.001000,0.001000,0.001000,0.001000,0.001000
1036.173077,-0.017128,0.001000,0.001000,0.001000,0.001000,0.001000
1036.192308,-0.018550,0.001000,0.001000,0.001000,0.001000,0.001000
1036.211538,-0.019955,0.001000,0.001000,0.001000,0.001000,0.001000
1036.230769,-0.021342,0.001000,0.001000,0.001000,0.001000,0.001000
1036.250000,-0.022709,0.001000,0.001000,0.001000,0.001000,0.001000
1036.269231,-0.024054,0.001000,0.001000,0.001000,0.001000,0.001000
1036.288462,-0.025378,0.001000,0.001000,0.001000,0.001000,0.001000
1036.307692,-0.026677,0.001000,0.001000,0.001000,0.001000,0.001000
1036.326923,-0.027953,0.001000,0.001000,0.001000,0.001000,0.001000
1036.346154,-0.029202,0.001000,0.001000,0.001000,0.001000,0.001000
1036.365385,-0.030424,0.001000,0.001000,0.001000,0.001000,0.001000
1036.384615,-0.031618,0.001000,0.001000,0.001000,0.001000,0.001000
1036.403846,-0.032782,0.001000,0.001000,0.001000,0.001000,0.001000
1036.423077,-0.033917,0.001000,0.001000,0.001000,0.001000,0.001000
1036.442308,-0.035019,0.001000,0.001000,0.001000,0.001000,0.001000
1036.461538,-0.036090,0.001000,0.001000,0.001000,0.001000,0.001000
1036.480769,-0.037127,0.001000,0.001000,0.001000,0.001000,0.001000
1036.500000,-0.038129,0.001000,0.001000,0.001000,0.001000,0.001000
1036.519231,-0.039096,0.001000,0.001000,0.001000,0.001000,0.001000
1036.538462,-0.040027,0.001000,0.001000,0.001000,0.001000,0.001000
1036.557692,-0.040921,0.001000,0.001000,0.001000,0.001000,0.001000
1036.576923,-0.041776,0.001000,0.001000,0.001000,0.001000,0.001000
1036.596154,-0.042593,0.001000,0.001000,0.001000,0.001000,0.001000
1036.615385,-0.043371,0.001000,0.001000,0.001000,0.001000,0.001000
1036.634615,-0.044108,0.001000,0.001000,0.001000,0.001000,0.001000
1036.653846,-0.044805,0.001000,0.001000,0.001000,0.001000,0.001000
1036.673077,-0.045460,0.001000,0.001000,0.001000,0.001000,0.001000
1036.692308,-0.046072,0.001000,0.001000,0.001000,0.001000,0.001000
1036.711538,-0.046642,0.001000,0.001000,0.001000,0.001000,0.001000
1036.730769,-0.047169,0.001000,0.001000,0.001000,0.001000,0.001000
1036.750000,-0.047652,0.001000,0.001000,0.001000,0.001000,0.001000
1036.769231,-0.048091,0.001000,0.001000,0.001000,0.001000,0.001000
1036.788462,-0.048485,0.001000,0.001000,0.001000,0.001000,0.001000
1036.807692,-0.048835,0.001000,0.001000,0.001000,0.001000,0.001000
1036.826923,-0.049139,0.001000,0.001000,0.001000,0.001000,0.001000
1036.846154,-0.049397,0.001000,0.001000,0.001000,0.001000,0.001000
1036.865385,-0.049610,0.001000,0.001000,0.001000,0.001000,0.001000
1036.884615,-0.049777,0.001000,0.001000,0.001000,0.001000,0.001000
1036.903846,-0.049897,0.001000,0.001000,0.001000,0.001000,0.001000
1036.923077,-0.049972,0.001000,0.001000,0.001000,0.001000,0.001000
1036.942308,-0.050000,0.001000,0.001000,0.001000,0.001000,0.001000
1036.961538,-0.049981,0.001000,0.001000,0.001000,0.001000,0.001000
1036.980769,-0.049917,0.001000,0.001000,0.001000,0.001000,0.001000
1037.000000,-0.049806,0.001000,0.001000,0.001000,0.001000,0.001000
1037.019231,-0.049649,0.001000,0.001000,0.001000,0.001000,0.001000
1037.038462,-0.049445,0.001000,0.001000,0.001000,0.001000,0.001000
1037.057692,-0.049196,0.001000,0.001000,0.001000,0.001000,0.001000
1037.076923,-0.048902,0.001000,0.001000,0.001000,0.001000,0.001000
1037.096154,-0.048562,0.001000,0.001000,0.001000,0.001000,0.001000
1037.115385,-0.048177,0.001000,0.001000,0.001000,0.001000,0.001000
1037.134615,-0.047747,0.001000,0.001000,0.001000,0.001000,0.001000
1037.153846,-0.047273,0.001000,0.001000,0.001000,0.001000,0.001000
1037.173077,-0.046755,0.001000,0.001000,0.001000,0.001000,0.001000
1037.192308,-0.046194,0.001000,0.001000,0.001000,0.001000,0.001000
1037.211538,-0.045590,0.001000,0.001000,0.001000,0.001000,0.001000
1037.230769,-0.044944,0.001000,0.001000,0.001000,0.001000,0.001000
1037.250000,-0.044256,0.001000,0.001000,0.001000,0.001000,0.001000
1037.269231,-0.043527,0.001000,0.001000,0.001000,0.001000,0.001000
1037.288462,-0.042758,0.001000,0.001000,0.001000,0.001000,0.001000
1037.307692,-0.041949,0.001000,0.001000,0.001000,0.001000,0.001000
1037.326923,-0.041101,0.001000,0.001000,0.001000,0.001000,0.001000
1037.346154,-0.040215,0.001000,0.001000,0.001000,0.001000,0.001000
1037.365385,-0.039292,0.001000,0.001000,0.001000,0.001000,0.001000
1037.384615,-0.038332,0.001000,0.001000,0.001000,0.001000,0.001000
1037.403846,-0.037337,0.001000,0.001000,0.001000,0.001000,0.001000
1037.423077,-0.036308,0.001000,0.001000,0.001000,0.001000,0.001000
1037.442308,-0.035244,0.001000,0.001000,0.001000,0.001000,0.001000
1037.461538,-0.034148,0.001000,0.001000,0.001000,0.001000,0.001000
1037.480769,-0.033020,0.001000,0.001000,0.001000,0.001000,0.001000
1037.500000,-0.031862,0.001000,0.001000,0.001000,0.001000,0.001000
1037.519231,-0.030674,0.001000,0.001000,0.001000,0.001000,0.001000
1037.538462,-0.029457,0.001000,0.001000,0.001000,0.001000,0.001000
1037.557692,-0.028214,0.001000,0.001000,0.001000,0.001000,0.001000
1037.576923,-0.026944,0.001000,0.001000,0.001000,0.001000,0.001000
1037.596154,-0.025649,0.001000,0.001000,0.001000,0.001000,0.001000
1037.615385,-0.024331,0.001000,0.001000,0.001000,0.001000,0.001000
1037.634615,-0.022989,0.001000,0.001000,0.001000,0.001000,0.001000
1037.653846,-0.021627,0.001000,0.001000,0.001000,0.001000,0.001000
1037.673077,-0.020244,0.001000,0.001000,0.001000,0.001000,0.001000
1037.692308,-0.018843,0.001000,0.001000,0.001000,0.001000,0.001000
1037.711538,-0.017424,0.001000,0.001000,0.001000,0.001000,0.001000
1037.730769,-0.015989,0.001000,0.001000,0.001000,0.001000,0.001000
1037.750000,-0.014540,0.001000,0.001000,0.001000,0.001000,0.001000
1037.769231,-0.013077,0.001000,0.001000,0.001000,0.001000,0.001000
1037.788462,-0.011601,0.001000,0.001000,0.001000,0.001000,0.001000
1037.807692,-0.010115,0.001000,0.001000,0.001000,0.001000,0.001000
1037.826923,-0.008620,0.001000,0.001000,0.001000,0.001000,0.001000
1037.846154,-0.007116,0.001000,0.001000,0.001000,0.001000,0.001000
1037.865385,-0.005606,0.001000,0.001000,0.001000,0.001000,0.001000
1037.884615,-0.004091,0.001000,0.001000,0.001000,0.001000,0.001000
1037.903846,-0.002572,0.001000,0.001000,0.001000,0.001000,0.001000
1037.923077,-0.001050,0.001000,0.001000,0.001000,0.001000,0.001000
1037.942308,0.000472,0.001000,0.001000,0.001000,0.001000,0.001000
1037.961538,0.001994,0.001000,0.001000,0.001000,0.001000,0.001000
1037.980769,0.003514,0.001000,0.001000,0.001000,0.001000,0.001000
1038.000000,0.005031,0.001000,0.001000,0.001000,0.001000,0.001000
1038.019231,0.006543,0.001000,0.001000,0.001000,0.001000,0.001000
1038.038462,0.008049,0.001000,0.001000,0.001000,0.001000,0.001000
1038.057692,0.009548,0.001000,0.001000,0.001000,0.001000,0.001000
1038.076923,0.011038,0.001000,0.001000,0.001000,0.001000,0.001000
1038.096154,0.012517,0.001000,0.001000,0.001000,0.001000,0.001000
1038.115385,0.013985,0.001000,0.001000,0.001000,0.001000,0.001000
1038.134615,0.015440,0.001000,0.001000,0.001000,0.001000,0.001000
1038.153846,0.016881,0.001000,0.001000,0.001000,0.001000,0.001000
1038.173077,0.018306,0.001000,0.001000,0.001000,0.001000,0.001000
1038.192308,0.019714,0.001000,0.001000,0.001000,0.001000,0.001000
1038.211538,0.021104,0.001000,0.001000,0.001000,0.001000,0.001000
1038.230769,0.022474,0.001000,0.001000,0.001000,0.001000,0.001000
1038.250000,0.023824,0.001000,0.001000,0.001000,0.001000,0.001000
1038.269231,0.025151,0.001000,0.001000,0.001000,0.001000,0.001000
1038.288462,0.026455,0.001000,0.001000,0.001000,0.001000,0.001000
1038.307692,0.027734,0.001000,0.001000,0.001000,0.001000,0.001000
1038.326923,0.028988,0.001000,0.001000,0.001000,0.001000,0.001000
1038.346154,0.030215,0.001000,0.001000,0.001000,0.001000,0.001000
1038.365385,0.031414,0.001000,0.001000,0.001000,0.001000,0.001000
1038.384615,0.032584,0.001000,0.001000,0.001000,0.001000,0.001000
1038.403846,0.033723,0.001000,0.001000,0.001000,0.001000,0.001000
1038.423077,0.034832,0.001000,0.001000,0.001000,0.001000,0.001000
1038.442308,0.035907,0.001000,0.001000,0.001000,0.001000,0.001000
1038.461538,0.036950,0.001000,0.001000,0.001000,0.001000,0.001000
1038.480769,0.037959,0.001000,0.001000,0.001000,0.001000,0.001000
1038.500000,0.038932,0.001000,0.001000,0.001000,0.001000,0.001000
1038.519231,0.039869,0.001000,0.001000,0.001000,0.001000,0.001000
1038.538462,0.040769,0.001000,0.001000,0.001000,0.001000,0.001000
1038.557692,0.041631,0.001000,0.001000,0.001000,0.001000,0.001000
1038.576923,0.042455,0.001000,0.001000,0.001000,0.001000,0.001000
1038.596154,0.043240,0.001000,0.001000,0.001000,0.001000,0.001000
1038.615385,0.043984,0.001000,0.001000,0.001000,0.001000,0.001000
1038.634615,0.044688,0.001000,0.001000,0.001000,0.001000,0.001000
1038.653846,0.045350,0.001000,0.001000,0.001000,0.001000,0.001000
1038.673077,0.045970,0.001000,0.001000,0.001000,0.001000,0.001000
1038.692308,0.046547,0.001000,0.001000,0.001000,0.001000,0.001000
1038.711538,0.047081,0.001000,0.001000,0.001000,0.001000,0.001000
1038.730769,0.047572,0.001000,0.001000,0.001000,0.001000,0.001000
1038.750000,0.048019,0.001000,0.001000,0.001000,0.001000,0.001000
1038.769231,0.048421,0.001000,0.001000,0.001000,0.001000,0.001000
1038.788462,0.048778,0.001000,0.001000,0.001000,0.001000,0.001000
1038.807692,0.049090,0.001000,0.001000,0.001000,0.001000,0.001000
1038.826923,0.049356,0.001000,0.001000,0.001000,0.001000,0.001000
1038.846154,0.049577,0.001000,0.001000,0.001000,0.001000,0.001000
1038.865385,0.049751,0.001000,0.001000,0.001000,0.001000,0.001000
1038.884615,0.049880,0.001000,0.001000,0.001000,0.001000,0.001000
1038.903846,0.049962,0.001000,0.001000,0.001000,0.001000,0.001000
1038.923077,0.049998,0.001000,0.001000,0.001000,0.001000,0.001000
1038.942308,0.049988,0.001000,0.001000,0.001000,0.001000,0.001000
1038.961538,0.049931,0.001000,0.001000,0.001000,0.001000,0.001000
1038.980769,0.049828,0.001000,0.001000,0.001000,0.001000,0.001000
1039.000000,0.049679,0.001000,0.001000,0.001000,0.001000,0.001000
1039.019231,0.049484,0.001000,0.001000,0.001000,0.001000,0.001000
1039.038462,0.049242,0.001000,0.001000,0.001000,0.001000,0.001000
1039.057692,0.048956,0.001000,0.001000,0.001000,0.001000,0.001000
1039.076923,0.048624,0.001000,0.001000,0.001000,0.001000,0.001000
1039.096154,0.048246,0.001000,0.001000,0.001000,0.001000,0.001000
1039.115385,0.047824,0.001000,0.001000,0.001000,0.001000,0.001000
1039.134615,0.047358,0.001000,0.001000,0.001000,0.001000,0.001000
1039.153846,0.046848,0.001000,0.001000,0.001000,0.001000,0.001000
1039.173077,0.046294,0.001000,0.001000,0.001000,0.001000,0.001000
1039.192308,0.045697,0.001000,0.001000,0.001000,0.001000,0.001000
1039.211538,0.045058,0.001000,0.001000,0.001000,0.001000,0.001000
1039.230769,0.044378,0.001000,0.001000,0.001000,0.001000,0.001000
1039.250000,0.043656,0.001000,0.001000,0.001000,0.001000,0.001000
1039.269231,0.042893,0.001000,0.001000,0.001000,0.001000,0.001000
1039.288462,0.042091,0.001000,0.001000,0.001000,0.001000,0.001000
1039.307692,0.041250,0.001000,0.001000,0.001000,0.001000,0.001000
1039.326923,0.040371,0.001000,0.001000,0.001000,0.001000,0.001000
1039.346154,0.039454,0.001000,0.001000,0.001000,0.001000,0.001000
1039.365385,0.038501,0.001000,0.001000,0.001000,0.001000,0.001000
1039.384615,0.037511,0.001000,0.001000,0.001000,0.001000,0.001000
1039.403846,0.036488,0.001000,0.001000,0.001000,0.001000,0.001000
1039.423077,0.035430,0.001000,0.001000,0.001000,0.001000,0.001000
1039.442308,0.034339,0.001000,0.001000,0.001000,0.001000,0.001000
1039.461538,0.033217,0.001000,0.001000,0.001000,0.001000,0.001000
1039.480769,0.032064,0.001000,0.001000,0.001000,0.001000,0.001000
1039.500000,0.030881,0.001000,0.001000,0.001000,0.001000,0.001000
1039.519231,0.029669,0.001000,0.001000,0.001000,0.001000,0.001000
1039.538462,0.028430,0.001000,0.001000,0.001000,0.001000,0.001000
1039.557692,0.027165,0.001000,0.001000,0.001000,0.001000,0.001000
1039.576923,0.025874,0.001000,0.001000,0.001000,0.001000,0.001000
1039.596154,0.024560,0.001000,0.001000,0.001000,0.001000,0.001000
1039.615385,0.023222,0.001000,0.001000,0.001000,0.001000,0.001000
1039.634615,0.021863,0.001000,0.001000,0.001000,0.001000,0.001000
1039.653846,0.020484,0.001000,0.001000,0.001000,0.001000,0.001000
1039.673077,0.019086,0.001000,0.001000,0.001000,0.001000,0.001000
1039.692308,0.017670,0.001000,0.001000,0.001000,0.001000,0.001000
1039.711538,0.016238,0.001000,0.001000,0.001000,0.001000,0.001000
1039.730769,0.014791,0.001000,0.001000,0.001000,0.001000,0.001000
1039.750000,0.013330,0.001000,0.001000,0.001000,0.001000,0.001000
1039.769231,0.011856,0.001000,0.001000,0.001000,0.001000,0.001000
1039.788462,0.010372,0.001000,0.001000,0.001000,0.001000,0.001000
1039.807692,0.008878,0.001000,0.001000,0.001000,0.001000,0.001000
1039.826923,0.007376,0.001000,0.001000,0.001000,0.001000,0.001000
1039.846154,0.005867,0.001000,0.001000,0.001000,0.001000,0.001000
1039.865385,0.004352,0.001000,0.001000,0.001000,0.001000,0.001000
1039.884615,0.002834,0.001000,0.001000,0.001000,0.001000,0.001000
1039.903846,0.001313,0.001000,0.001000,0.001000,0.001000,0.001000
1039.923077,-0.000209,0.001000,0.001000,0.001000,0.001000,0.001000
1039.942308,-0.001732,0.001000,0.001000,0.001000,0.001000,0.001000
1039.961538,-0.003252,0.001000,0.001000,0.001000,0.001000,0.001000
1039.980769,-0.004770,0.001000,0.001000,0.001000,0.001000,0.001000
1040.000000,-0.006283,0.001000,0.001000,0.001000,0.001000,0.001000
1040.019231,-0.007790,0.001000,0.001000,0.001000,0.001000,0.001000
1040.038462,-0.009290,0.001000,0.001000,0.001000,0.001000,0.001000
1040.057692,-0.010782,0.001000,0.001000,0.001000,0.001000,0.001000
1040.076923,-0.012263,0.001000,0.001000,0.001000,0.001000,0.001000
1040.096154,-0.013733,0.001000,0.001000,0.001000,0.001000,0.001000
1040.115385,-0.015190,0.001000,0.001000,0.001000,0.001000,0.001000
1040.134615,-0.016634,0.001000,0.001000,0.001000,0.001000,0.001000
1040.153846,-0.018062,0.001000,0.001000,0.001000,0.001000,0.001000
1040.173077,-0.019473,0.001000,0.001000,0.001000,0.001000,0.001000
1040.192308,-0.020866,0.001000,0.001000,0.001000,0.001000,0.001000
1040.211538,-0.022239,0.001000,0.001000,0.001000,0.001000,0.001000
1040.230769,-0.023593,0.001000,0.001000,0.001000,0.001000,0.001000
1040.250000,-0.024924,0.001000,0.001000,0.001000,0.001000,0.001000
1040.269231,-0.026232,0.001000,0.001000,0.001000,0.001000,0.001000
1040.288462,-0.027516,0.001000,0.001000,0.001000,0.001000,0.001000
1040.307692,-0.028774,0.001000,0.001000,0.001000,0.001000,0.001000
1040.326923,-0.030005,0.001000,0.001000,0.001000,0.001000,0.001000
1040.346154,-0.031209,0.001000,0.001000,0.001000,0.001000,0.001000
1040.365385,-0.032384,0.001000,0.001000,0.001000,0.001000,0.001000
1040.384615,-0.033529,0.001000,0.001000,0.001000,0.001000,0.001000
1040.403846,-0.034643,0.001000,0.001000,0.001000,0.001000,0.001000
1040.423077,-0.035724,0.001000,0.001000,0.001000,0.001000,0.001000
1040.442308,-0.036773,0.001000,0.001000,0.001000,0.001000,0.001000
1040.461538,-0.037787,0.001000,0.001000,0.001000,0.001000,0.001000
1040.480769,-0.038766,0.001000,0.001000,0.001000,0.001000,0.001000
1040.500000,-0.039710,0.001000,0.001000,0.001000,0.001000,0.001000
1040.519231,-0.040617,0.001000,0.001000,0.001000,0.001000,0.001000
1040.538462,-0.041485,0.001000,0.001000,0.001000,0.001000,0.001000
1040.557692,-0.042316,0.001000,0.001000,0.001000,0.001000,0.001000
1040.576923,-0.043107,0.001000,0.001000,0.001000,0.001000,0.001000
1040.596154,-0.043859,0.001000,0.001000,0.001000,0.001000,0.001000
1040.615385,-0.044569,0.001000,0.001000,0.001000,0.001000,0.001000
1040.634615,-0.045238,0.001000,0.001000,0.001000,0.001000,0.001000
1040.653846,-0.045866,0.001000,0.001000,0.001000,0.001000,0.001000
1040.673077,-0.046451,0.001000,0.001000,0.001000,0.001000,0.001000
1040.692308,-0.046992,0.001000,0.001000,0.001000,0.001000,0.001000
1040.711538,-0.047491,0.001000,0.001000,0.001000,0.001000,0.001000
1040.730769,-0.047945,0.001000,0.001000,0.001000,0.001000,0.001000
1040.750000,-0.048355,0.001000,0.001000,0.001000,0.001000,0.001000
1040.769231,-0.048719,0.001000,0.001000,0.001000,0.001000,0.001000
1040.788462,-0.049039,0.001000,0.001000,0.001000,0.001000,0.001000
1040.807692,-0.049313,0.001000,0.001000,0.001000,0.001000,0.001000
1040.826923,-0.049542,0.001000,0.001000,0.001000,0.001000,0.001000
1040.846154,-0.049725,0.001000,0.001000,0.001000,0.001000,0.001000
1040.865385,-0.049861,0.001000,0.001000,0.001000,0.001000,0.001000
1040.884615,-0.049951,0.001000,0.001000,0.001000,0.001000,0.001000
1040.903846,-0.049995,0.001000,0.001000,0.001000,0.001000,0.001000
1040.923077,-0.049993,0.001000,0.001000,0.001000,0.001000,0.001000
1040.942308,-0.049944,0.001000,0.001000,0.001000,0.001000,0.001000
1040.961538,-0.049849,0.001000,0.001000,0.001000,0.001000,0.001000
1040.980769,-0.049708,0.001000,0.001000,0.001000,0.001000,0.001000
1041.000000,-0.049521,0.001000,0.001000,0.001000,0.001000,0.001000
1041.019231,-0.049287,0.001000,0.001000,0.001000,0.001000,0.001000
1041.038462,-0.049008,0.001000,0.001000,0.001000,0.001000,0.001000
1041.057692,-0.048684,0.001000,0.001000,0.001000,0.001000,0.001000
1041.076923,-0.048315,0.001000,0.001000,0.001000,0.001000,0.001000
1041.096154,-0.047900,0.001000,0.001000,0.001000,0.001000,0.001000
1041.115385,-0.047441,0.001000,0.001000,0.001000,0.001000,0.001000
1041.134615,-0.046939,0.001000,0.001000,0.001000,0.001000,0.001000
1041.153846,-0.046393,0.001000,0.001000,0.001000,0.001000,0.001000
1041.173077,-0.045803,0.001000,0.001000,0.001000,0.001000,0.001000
1041.192308,-0.045172,0.001000,0.001000,0.001000,0.001000,0.001000
1041.211538,-0.044498,0.001000,0.001000,0.001000,0.001000,0.001000
1041.230769,-0.043783,0.001000,0.001000,0.001000,0.001000,0.001000
1041.250000,-0.043028,0.001000,0.001000,0.001000,0.001000,0.001000
1041.269231,-0.042232,0.001000,0.001000,0.001000,0.001000,0.001000
1041.288462,-0.041398,0.001000,0.001000,0.001000,0.001000,0.001000
1041.307692,-0.040525,0.001000,0.001000,0.001000,0.001000,0.001000
1041.326923,-0.039615,0.001000,0.001000,0.001000,0.001000,0.001000
1041.346154,-0.038668,0.001000,0.001000,0.001000,0.001000,0.001000
1041.365385,-0.037685,0.001000,0.001000,0.001000,0.001000,0.001000
1041.384615,-0.036667,0.001000,0.001000,0.001000,0.001000,0.001000
1041.403846,-0.035615,0.001000,0.001000,0.001000,0.001000,0.001000
1041.423077,-0.034530,0.001000,0.001000,0.001000,0.001000,0.001000
1041.442308,-0.033413,0.001000,0.001000,0.001000,0.001000,0.001000
1041.461538,-0.032265,0.001000,0.001000,0.001000,0.001000,0.001000
1041.480769,-0.031087,0.001000,0.001000,0.001000,0.001000,0.001000
1041.500000,-0.029880,0.001000,0.001000,0.001000,0.001000,0.001000
1041.519231,-0.028646,0.001000,0.001000,0.001000,0.001000,0.001000
1041.538462,-0.027385,0.001000,0.001000,0.001000,0.001000,0.001000
1041.557692,-0.026099,0.001000,0.001000,0.001000,0.001000,0.001000
1041.576923,-0.024788,0.001000,0.001000,0.001000,0.001000,0.001000
1041.596154,-0.023455,0.001000,0.001000,0.001000,0.001000,0.001000
1041.615385,-0.022099,0.001000,0.001000,0.001000,0.001000,0.001000
1041.634615,-0.020724,0.001000,0.001000,0.001000,0.001000,0.001000
1041.653846,-0.019329,0.001000,0.001000,0.001000,0.001000,0.001000
1041.673077,-0.017916,0.001000,0.001000,0.001000,0.001000,0.001000
1041.692308,-0.016486,0.001000,0.001000,0.001000,0.001000,0.001000
1041.711538,-0.015041,0.001000,0.001000,0.001000,0.001000,0.001000
1041.730769,-0.013583,0.001000,0.001000,0.001000,0.001000,0.001000
1041.750000,-0.012111,0.001000,0.001000,0.001000,0.001000,0.001000
1041.769231,-0.010629,0.001000,0.001000,0.001000,0.001000,0.001000
1041.788462,-0.009136,0.001000,0.001000,0.001000,0.001000,0.001000
1041.807692,-0.007636,0.001000,0.001000,0.001000,0.001000,0.001000
1041.826923,-0.006128,0.001000,0.001000,0.001000,0.001000,0.001000
1041.846154,-0.004614,0.001000,0.001000,0.001000,0.001000,0.001000
1041.865385,-0.003096,0.001000,0.001000,0.001000,0.001000,0.001000
1041.884615,-0.001575,0.001000,0.001000,0.001000,0.001000,0.001000
1041.903846,-0.000053,0.001000,0.001000,0.001000,0.001000,0.001000
1041.923077,0.001469,0.001000,0.001000,0.001000,0.001000,0.001000
1041.942308,0.002990,0.001000,0.001000,0.001000,0.001000,0.001000
1041.961538,0.004508,0.001000,0.001000,0.001000,0.001000,0.001000
1041.980769,0.006022,0.001000,0.001000,0.001000,0.001000,0.001000
1042.000000,0.007531,0.001000,0.001000,0.001000,0.001000,0.001000
1042.019231,0.009032,0.001000,0.001000,0.001000,0.001000,0.001000
1042.038462,0.010525,0.001000,0.001000,0.001000,0.001000,0.001000
1042.057692,0.012008,0.001000,0.001000,0.001000,0.001000,0.001000
1042.076923,0.013480,0.001000,0.001000,0.001000,0.001000,0.001000
1042.096154,0.014940,0.001000,0.001000,0.001000,0.001000,0.001000
1042.115385,0.016386,0.001000,0.001000,0.001000,0.001000,0.001000
1042.134615,0.017816,0.001000,0.001000,0.001000,0.001000,0.001000
1042.153846,0.019231,0.001000,0.001000,0.001000,0.001000,0.001000
1042.173077,0.020627,0.001000,0.001000,0.001000,0.001000,0.001000
1042.192308,0.022004,0.001000,0.001000,0.001000,0.001000,0.001000
1042.211538,0.023361,0.001000,0.001000,0.001000,0.001000,0.001000
1042.230769,0.024696,0.001000,0.001000,0.001000,0.001000,0.001000
1042.250000,0.026008,0.001000,0.001000,0.001000,0.001000,0.001000
1042.269231,0.027296,0.001000,0.001000,0.001000,0.001000,0.001000
1042.288462,0.028559,0.001000,0.001000,0.001000,0.001000,0.001000
1042.307692,0.029795,0.001000,0.001000,0.001000,0.001000,0.001000
1042.326923,0.031004,0.001000,0.001000,0.001000,0.001000,0.001000
1042.346154,0.032184,0.001000,0.001000,0.001000,0.001000,0.001000
1042.365385,0.033334,0.001000,0.001000,0.001000,0.001000,0.001000
1042.384615,0.034453,0.001000,0.001000,0.001000,0.001000,0.001000
1042.403846,0.035540,0.001000,0.001000,0.001000,0.001000,0.001000
1042.423077,0.036594,0.001000,0.001000,0.001000,0.001000,0.001000
1042.442308,0.037615,0.001000,0.001000,0.001000,0.001000,0.001000
1042.461538,0.038600,0.001000,0.001000,0.001000,0.001000,0.001000
1042.480769,0.039550,0.001000,0.001000,0.001000,0.001000,0.001000
1042.500000,0.040463,0.001000,0.001000,0.001000,0.001000,0.001000
1042.519231,0.041338,0.001000,0.001000,0.001000,0.001000,0.001000
1042.538462,0.042175,0.001000,0.001000,0.001000,0.001000,0.001000
1042.557692,0.042974,0.001000,0.001000,0.001000,0.001000,0.001000
1042.576923,0.043732,0.001000,0.001000,0.001000,0.001000,0.001000
1042.596154,0.044449,0.001000,0.001000,0.001000,0.001000,0.001000
1042.615385,0.045126,0.001000,0.001000,0.001000,0.001000,0.001000
1042.634615,0.045761,0.001000,0.001000,0.001000,0.001000,0.001000
1042.653846,0.046353,0.001000,0.001000,0.001000,0.001000,0.001000
1042.673077,0.046902,0.001000,0.001000,0.001000,0.001000,0.001000
1042.692308,0.047408,0.001000,0.001000,0.001000,0.001000,0.001000
1042.711538,0.047870,0.001000,0.001000,0.001000,0.001000,0.001000
1042.730769,0.048287,0.001000,0.001000,0.001000,0.001000,0.001000
1042.750000,0.048660,0.001000,0.001000,0.001000,0.001000,0.001000
1042.769231,0.048987,0.001000,0.001000,0.001000,0.001000,0.001000
1042.788462,0.049269,0.001000,0.001000,0.001000,0.001000,0.001000
1042.807692,0.049506,0.001000,0.001000,0.001000,0.001000,0.001000
1042.826923,0.049696,0.001000,0.001000,0.001000,0.001000,0.001000
1042.846154,0.049841,0.001000,0.001000,0.001000,0.001000,0.001000
1042.865385,0.049939,0.001000,0.001000,0.001000,0.001000,0.001000
1042.884615,0.049991,0.001000,0.001000,0.001000,0.001000,0.001000
1042.903846,0.049997,0.001000,0.001000,0.001000,0.001000,0.001000
1042.923077,0.049956,0.001000,0.001000,0.001000,0.001000,0.001000
1042.942308,0.049869,0.001000,0.001000,0.001000,0.001000,0.001000
1042.961538,0.049736,0.001000,0.001000,0.001000,0.001000,0.001000
1042.980769,0.049556,0.001000,0.001000,0.001000,0.001000,0.001000
1043.000000,0.049331,0.001000,0.001000,0.001000,0.001000,0.001000
1043.019231,0.049060,0.001000,0.001000,0.001000,0.001000,0.001000
1043.038462,0.048743,0.001000,0.001000,0.001000,0.001000,0.001000
1043.057692,0.048381,0.001000,0.001000,0.001000,0.001000,0.001000
1043.076923,0.047975,0.001000,0.001000,0.001000,0.001000,0.001000
1043.096154,0.047524,0.001000,0.001000,0.001000,0.001000,0.001000
1043.115385,0.047029,0.001000,0.001000,0.001000,0.001000,0.001000
1043.134615,0.046490,0.001000,0.001000,0.001000,0.001000,0.001000
1043.153846,0.045908,0.001000,0.001000,0.001000,0.001000,0.001000
1043.173077,0.045284,0.001000,0.001000,0.001000,0.001000,0.001000
1043.192308,0.044617,0.001000,0.001000,0.001000,0.001000,0.001000
1043.211538,0.043909,0.001000,0.001000,0.001000,0.001000,0.001000
1043.230769,0.043161,0.001000,0.001000,0.001000,0.001000,0.001000
1043.250000,0.042372,0.001000,0.001000,0.001000,0.001000,0.001000
1043.269231,0.041545,0.001000,0.001000,0.001000,0.001000,0.001000
1043.288462,0.040678,0.001000,0.001000,0.001000,0.001000,0.001000
1043.307692,0.039774,0.001000,0.001000,0.001000,0.001000,0.001000
1043.326923,0.038833,0.001000,0.001000,0.001000,0.001000,0.001000
1043.346154,0.037857,0.001000,0.001000,0.001000,0.001000,0.001000
1043.365385,0.036845,0.001000,0.001000,0.001000,0.001000,0.001000
1043.384615,0.035798,0.001000,0.001000,0.001000,0.001000,0.001000
1043.403846,0.034719,0.001000,0.001000,0.001000,0.001000,0.001000
1043.423077,0.033608,0.001000,0.001000,0.001000,0.001000,0.001000
1043.442308,0.032465,0.001000,0.001000,0.001000,0.001000,0.001000
1043.461538,0.031292,0.001000,0.001000,0.001000,0.001000,0.001000
1043.480769,0.030090,0.001000,0.001000,0.001000,0.001000,0.001000
1043.500000,0.028861,0.001000,0.001000,0.001000,0.001000,0.001000
1043.519231,0.027604,0.001000,0.001000,0.001000,0.001000,0.001000
1043.538462,0.026322,0.001000,0.001000,0.001000,0.001000,0.001000
1043.557692,0.025016,0.001000,0.001000,0.001000,0.001000,0.001000
1043.576923,0.023686,0.001000,0.001000,0.001000,0.001000,0.001000
1043.596154,0.022335,0.001000,0.001000,0.001000,0.001000,0.001000
1043.615385,0.020962,0.001000,0.001000,0.001000,0.001000,0.001000
1043.634615,0.019570,0.001000,0.001000,0.001000,0.001000,0.001000
1043.653846,0.018161,0.001000,0.001000,0.001000,0.001000,0.001000
1043.673077,0.016734,0.001000,0.001000,0.001000,0.001000,0.001000
1043.692308,0.015292,0.001000,0.001000,0.001000,0.001000,0.001000
1043.711538,0.013835,0.001000,0.001000,0.001000,0.001000,0.001000
1043.730769,0.012366,0.001000,0.001000,0.001000,0.001000,0.001000
1043.750000,0.010885,0.001000,0.001000,0.001000,0.001000,0.001000
1043.769231,0.009395,0.001000,0.001000,0.001000,0.001000,0.001000
1043.788462,0.007895,0.001000,0.001000,0.001000,0.001000,0.001000
1043.807692,0.006388,0.001000,0.001000,0.001000,0.001000,0.001000
1043.826923,0.004875,0.001000,0.001000,0.001000,0.001000,0.001000
1043.846154,0.003358,0.001000,0.001000,0.001000,0.001000,0.001000
1043.865385,0.001838,0.001000,0.001000,0.001000,0.001000,0.001000
1043.884615,0.000316,0.001000,0.001000,0.001000,0.001000,0.001000
1043.903846,-0.001207,0.001000,0.001000,0.001000,0.001000,0.001000
1043.923077,-0.002728,0.001000,0.001000,0.001000,0.001000,0.001000
1043.942308,-0.004247,0.001000,0.001000,0.001000,0.001000,0.001000
1043.961538,-0.005761,0.001000,0.001000,0.001000,0.001000,0.001000
1043.980769,-0.007271,0.001000,0.001000,0.001000,0.001000,0.001000
1044.000000,-0.008774,0.001000,0.001000,0.001000,0.001000,0.001000
1044.019231,-0.010268,0.001000,0.001000,0.001000,0.001000,0.001000
1044.038462,-0.011753,0.001000,0.001000,0.001000,0.001000,0.001000
1044.057692,-0.013227,0.001000,0.001000,0.001000,0.001000,0.001000
1044.076923,-0.014689,0.001000,0.001000,0.001000,0.001000,0.001000
1044.096154,-0.016138,0.001000,0.001000,0.001000,0.001000,0.001000
1044.115385,-0.017571,0.001000,0.001000,0.001000,0.001000,0.001000
1044.134615,-0.018988,0.001000,0.001000,0.001000,0.001000,0.001000
1044.153846,-0.020387,0.001000,0.001000,0.001000,0.001000,0.001000
1044.173077,-0.021768,0.001000,0.001000,0.001000,0.001000,0.001000
1044.192308,-0.023128,0.001000,0.001000,0.001000,0.001000,0.001000
1044.211538,-0.024467,0.001000,0.001000,0.001000,0.001000,0.001000
1044.230769,-0.025783,0.001000,0.001000,0.001000,0.001000,0.001000
1044.250000,-0.027076,0.001000,0.001000,0.001000,0.001000,0.001000
1044.269231,-0.028343,0.001000,0.001000,0.001000,0.001000,0.001000
1044.288462,-0.029584,0.001000,0.001000,0.001000,0.001000,0.001000
1044.307692,-0.030797,0.001000,0.001000,0.001000,0.001000,0.001000
1044.326923,-0.031982,0.001000,0.001000,0.001000,0.001000,0.001000
1044.346154,-0.033137,0.001000,0.001000,0.001000,0.001000,0.001000
1044.365385,-0.034262,0.001000,0.001000,0.001000,0.001000,0.001000
1044.384615,-0.035355,0.001000,0.001000,0.001000,0.001000,0.001000
1044.403846,-0.036415,0.001000,0.001000,0.001000,0.001000,0.001000
1044.423077,-0.037441,0.001000,0.001000,0.001000,0.001000,0.001000
1044.442308,-0.038433,0.001000,0.001000,0.001000,0.001000,0.001000
1044.461538,-0.039389,0.001000,0.001000,0.001000,0.001000,0.001000
1044.480769,-0.040308,0.001000,0.001000,0.001000,0.001000,0.001000
1044.500000,-0.041190,0.001000,0.001000,0.001000,0.001000,0.001000
1044.519231,-0.042034,0.001000,0.001000,0.001000,0.001000,0.001000
1044.538462,-0.042839,0.001000,0.001000,0.001000,0.001000,0.001000
1044.557692,-0.043604,0.001000,0.001000,0.001000,0.001000,0.001000
1044.576923,-0.044329,0.001000,0.001000,0.001000,0.001000,0.001000
1044.596154,-0.045012,0.001000,0.001000,0.001000,0.001000,0.001000
1044.615385,-0.045654,0.001000,0.001000,0.001000,0.001000,0.001000
1044.634615,-0.046254,0.001000,0.001000,0.001000,0.001000,0.001000
1044.653846,-0.046810,0.001000,0.001000,0.001000,0.001000,0.001000
1044.673077,-0.047324,0.001000,0.001000,0.001000,0.001000,0.001000
1044.692308,-0.047793,0.001000,0.001000,0.001000,0.001000,0.001000
1044.711538,-0.048218,0.001000,0.001000,0.001000,0.001000,0.001000
1044.730769,-0.048599,0.001000,0.001000,0.001000,0.001000,0.001000
1044.750000,-0.048934,0.001000,0.001000,0.001000,0.001000,0.001000
1044.769231,-0.049224,0.001000,0.001000,0.001000,0.001000,0.001000
1044.788462,-0.049468,0.001000,0.001000,0.001000,0.001000,0.001000
1044.807692,-0.049667,0.001000,0.001000,0.001000,0.001000,0.001000
1044.826923,-0.049819,0.001000,0.001000,0.001000,0.001000,0.001000
1044.846154,-0.049925,0.001000,0.001000,0.001000,0.001000,0.001000
1044.865385,-0.049985,0.001000,0.001000,0.001000,0.001000,0.001000
1044.884615,-0.049999,0.001000,0.001000,0.001000,0.001000,0.001000
1044.903846,-0.049966,0.001000,0.001000,0.001000,0.001000,0.001000
1044.923077,-0.049887,0.001000,0.001000,0.001000,0.001000,0.001000
1044.942308,-0.049762,0.001000,0.001000,0.001000,0.001000,0.001000
1044.961538,-0.049590,0.001000,0.001000,0.001000,0.001000,0.001000
1044.980769,-0.049373,0.001000,0.001000,0.001000,0.001000,0.001000
1045.000000,-0.049110,0.001000,0.001000,0.001000,0.001000,0.001000
1045.019231,-0.048801,0.001000,0.001000,0.001000,0.001000,0.001000
1045.038462,-0.048447,0.001000,0.001000,0.001000,0.001000,0.001000
1045.057692,-0.048048,0.001000,0.001000,0.001000,0.001000,0.001000
1045.076923,-0.047605,0.001000,0.001000,0.001000,0.001000,0.001000
1045.096154,-0.047117,0.001000,0.001000,0.001000,0.001000,0.001000
1045.115385,-0.046586,0.001000,0.001000,0.001000,0.001000,0.001000
1045.134615,-0.046011,0.001000,0.001000,0.001000,0.001000,0.001000
1045.153846,-0.045394,0.001000,0.001000,0.001000,0.001000,0.001000
1045.173077,-0.044735,0.001000,0.001000,0.001000,0.001000,0.001000
1045.192308,-0.044034,0.001000,0.001000,0.001000,0.001000,0.001000
1045.211538,-0.043293,0.001000,0.001000,0.001000,0.001000,0.001000
1045.230769,-0.042511,0.001000,0.001000,0.001000,0.001000,0.001000
1045.250000,-0.041690,0.001000,0.001000,0.001000,0.001000,0.001000
1045.269231,-0.040831,0.001000,0.001000,0.001000,0.001000,0.001000
1045.288462,-0.039933,0.001000,0.001000,0.001000,0.001000,0.001000
1045.307692,-0.038998,0.001000,0.001000,0.001000,0.001000,0.001000
1045.326923,-0.038028,0.001000,0.001000,0.001000,0.001000,0.001000
1045.346154,-0.037022,0.001000,0.001000,0.001000,0.001000,0.001000
1045.365385,-0.035981,0.001000,0.001000,0.001000,0.001000,0.001000
1045.384615,-0.034908,0.001000,0.001000,0.001000,0.001000,0.001000
1045.403846,-0.033802,0.001000,0.001000,0.001000,0.001000,0.001000
1045.423077,-0.032664,0.001000,0.001000,0.001000,0.001000,0.001000
1045.442308,-0.031497,0.001000,0.001000,0.001000,0.001000,0.001000
1045.461538,-0.030300,0.001000,0.001000,0.001000,0.001000,0.001000
1045.480769,-0.029075,0.001000,0.001000,0.001000,0.001000,0.001000
1045.500000,-0.027823,0.001000,0.001000,0.001000,0.001000,0.001000
1045.519231,-0.026545,0.001000,0.001000,0.001000,0.001000,0.001000
1045.538462,-0.025243,0.001000,0.001000,0.001000,0.001000,0.001000
1045.557692,-0.023917,0.001000,0.001000,0.001000,0.001000,0.001000
1045.576923,-0.022569,0.001000,0.001000,0.001000,0.001000,0.001000
1045.596154,-0.021200,0.001000,0.001000,0.001000,0.001000,0.001000
1045.615385,-0.019812,0.001000,0.001000,0.001000,0.001000,0.001000
1045.634615,-0.018405,0.001000,0.001000,0.001000,0.001000,0.001000
1045.653846,-0.016981,0.001000,0.001000,0.001000,0.001000,0.001000
1045.673077,-0.015541,0.001000,0.001000,0.001000,0.001000,0.001000
1045.692308,-0.014087,0.001000,0.001000,0.001000,0.001000,0.001000
1045.711538,-0.012620,0.001000,0.001000,0.001000,0.001000,0.001000
1045.730769,-0.011141,0.001000,0.001000,0.001000,0.001000,0.001000
1045.750000,-0.009652,0.001000,0.001000,0.001000,0.001000,0.001000
1045.769231,-0.008154,0.001000,0.001000,0.001000,0.001000,0.001000
1045.788462,-0.006649,0.001000,0.001000,0.001000,0.001000,0.001000
1045.807692,-0.005137,0.001000,0.001000,0.001000,0.001000,0.001000
1045.826923,-0.003620,0.001000,0.001000,0.001000,0.001000,0.001000
1045.846154,-0.002100,0.001000,0.001000,0.001000,0.001000,0.001000
1045.865385,-0.000578,0.001000,0.001000,0.001000,0.001000,0.001000
1045.884615,0.000944,0.001000,0.001000,0.001000,0.001000,0.001000
1045.903846,0.002466,0.001000,0.001000,0.001000,0.001000,0.001000
1045.923077,0.003985,0.001000,0.001000,0.001000,0.001000,0.001000
1045.942308,0.005501,0.001000,0.001000,0.001000,0.001000,0.001000
1045.961538,0.007011,0.001000,0.001000,0.001000,0.001000,0.001000
1045.980769,0.008515,0.001000,0.001000,0.001000,0.001000,0.001000
1046.000000,0.010011,0.001000,0.001000,0.001000,0.001000,0.001000
1046.019231,0.011498,0.001000,0.001000,0.001000,0.001000,0.001000
1046.038462,0.012974,0.001000,0.001000,0.001000,0.001000,0.001000
1046.057692,0.014438,0.001000,0.001000,0.001000,0.001000,0.001000
1046.076923,0.015889,0.001000,0.001000,0.001000,0.001000,0.001000
1046.096154,0.017325,0.001000,0.001000,0.001000,0.001000,0.001000
1046.115385,0.018745,0.001000,0.001000,0.001000,0.001000,0.001000
1046.134615,0.020147,0.001000,0.001000,0.001000,0.001000,0.001000
1046.153846,0.021531,0.001000,0.001000,0.001000,0.001000,0.001000
1046.173077,0.022895,0.001000,0.001000,0.001000,0.001000,0.001000
1046.192308,0.024238,0.001000,0.001000,0.001000,0.001000,0.001000
1046.211538,0.025558,0.001000,0.001000,0.001000,0.001000,0.001000
1046.230769,0.026854,0.001000,0.001000,0.001000,0.001000,0.001000
1046.250000,0.028126,0.001000,0.001000,0.001000,0.001000,0.001000
1046.269231,0.029372,0.001000,0.001000,0.001000,0.001000,0.001000
1046.288462,0.030590,0.001000,0.001000,0.001000,0.001000,0.001000
1046.307692,0.031780,0.001000,0.001000,0.001000,0.001000,0.001000
1046.326923,0.032940,0.001000,0.001000,0.001000,0.001000,0.001000
1046.346154,0.034070,0.001000,0.001000,0.001000,0.001000,0.001000
1046.365385,0.035169,0.001000,0.001000,0.001000,0.001000,0.001000
1046.384615,0.036234,0.001000,0.001000,0.001000,0.001000,0.001000
1046.403846,0.037267,0.001000,0.001000,0.001000,0.001000,0.001000
1046.423077,0.038264,0.001000,0.001000,0.001000,0.001000,0.001000
1046.442308,0.039226,0.001000,0.001000,0.001000,0.001000,0.001000
1046.461538,0.040152,0.001000,0.001000,0.001000,0.001000,0.001000
1046.480769,0.041041,0.001000,0.001000,0.001000,0.001000,0.001000
1046.500000,0.041891,0.001000,0.001000,0.001000,0.001000,0.001000
1046.519231,0.042703,0.001000,0.001000,0.001000,0.001000,0.001000
1046.538462,0.043475,0.001000,0.001000,0.001000,0.001000,0.001000
1046.557692,0.044207,0.001000,0.001000,0.001000,0.001000,0.001000
1046.576923,0.044897,0.001000,0.001000,0.001000,0.001000,0.001000
1046.596154,0.045546,0.001000,0.001000,0.001000,0.001000,0.001000
1046.615385,0.046153,0.001000,0.001000,0.001000,0.001000,0.001000
1046.634615,0.046717,0.001000,0.001000,0.001000,0.001000,0.001000
1046.653846,0.047238,0.001000,0.001000,0.001000,0.001000,0.001000
1046.673077,0.047715,0.001000,0.001000,0.001000,0.001000,0.001000
1046.692308,0.048148,0.001000,0.001000,0.001000,0.001000,0.001000
1046.711538,0.048536,0.001000,0.001000,0.001000,0.001000,0.001000
1046.730769,0.048879,0.001000,0.001000,0.001000,0.001000,0.001000
1046.750000,0.049177,0.001000,0.001000,0.001000,0.001000,0.001000
1046.769231,0.049429,0.001000,0.001000,0.001000,0.001000,0.001000
1046.788462,0.049636,0.001000,0.001000,0.001000,0.001000,0.001000
1046.807692,0.049796,0.001000,0.001000,0.001000,0.001000,0.001000
1046.826923,0.049910,0.001000,0.001000,0.001000,0.001000,0.001000
1046.846154,0.049978,0.001000,0.001000,0.001000,0.001000,0.001000
1046.865385,0.050000,0.001000,0.001000,0.001000,0.001000,0.001000
1046.884615,0.049975,0.001000,0.001000,0.001000,0.001000,0.001000
1046.903846,0.049904,0.001000,0.001000,0.001000,0.001000,0.001000
1046.923077,0.049787,0.001000,0.001000,0.001000,0.001000,0.001000
1046.942308,0.049623,0.001000,0.001000,0.001000,0.001000,0.001000
1046.961538,0.049414,0.001000,0.001000,0.001000,0.001000,0.001000
1046.980769,0.049158,0.001000,0.001000,0.001000,0.001000,0.001000
1047.000000,0.048858,0.001000,0.001000,0.001000,0.001000,0.001000
1047.019231,0.048511,0.001000,0.001000,0.001000,0.001000,0.001000
1047.038462,0.048120,0.001000,0.001000,0.001000,0.001000,0.001000
1047.057692,0.047684,0.001000,0.001000,0.001000,0.001000,0.001000
1047.076923,0.047204,0.001000,0.001000,0.001000,0.001000,0.001000
1047.096154,0.046681,0.001000,0.001000,0.001000,0.001000,0.001000
1047.115385,0.046114,0.001000,0.001000,0.001000,0.001000,0.001000
1047.134615,0.045504,0.001000,0.001000,0.001000,0.001000,0.001000
1047.153846,0.044852,0.001000,0.001000,0.001000,0.001000,0.001000
1047.173077,0.044158,0.001000,0.001000,0.001000,0.001000,0.001000
1047.192308,0.043424,0.001000,0.001000,0.001000,0.001000,0.001000
1047.211538,0.042649,0.001000,0.001000,0.001000,0.001000,0.001000
1047.230769,0.041835,0.001000,0.001000,0.001000,0.001000,0.001000
1047.250000,0.040982,0.001000,0.001000,0.001000,0.001000,0.001000
1047.269231,0.040090,0.001000,0.001000,0.001000,0.001000,0.001000
1047.288462,0.039162,0.001000,0.001000,0.001000,0.001000,0.001000
1047.307692,0.038198,0.001000,0.001000,0.001000,0.001000,0.001000
1047.326923,0.037198,0.001000,0.001000,0.001000,0.001000,0.001000
1047.346154,0.036163,0.001000,0.001000,0.001000,0.001000,0.001000
1047.365385,0.035095,0.001000,0.001000,0.001000,0.001000,0.001000
1047.384615,0.033995,0.001000,0.001000,0.001000,0.001000,0.001000
1047.403846,0.032863,0.001000,0.001000,0.001000,0.001000,0.001000
1047.423077,0.031700,0.001000,0.001000,0.001000,0.001000,0.001000
1047.442308,0.030508,0.001000,0.001000,0.001000,0.001000,0.001000
1047.461538,0.029288,0.001000,0.001000,0.001000,0.001000,0.001000
1047.480769,0.028041,0.001000,0.001000,0.001000,0.001000,0.001000
1047.500000,0.026767,0.001000,0.001000,0.001000,0.001000,0.001000
1047.519231,0.025469,0.001000,0.001000,0.001000,0.001000,0.001000
1047.538462,0.024147,0.001000,0.001000,0.001000,0.001000,0.001000
1047.557692,0.022803,0.001000,0.001000,0.001000,0.001000,0.001000
1047.576923,0.021438,0.001000,0.001000,0.001000,0.001000,0.001000
1047.596154,0.020053,0.001000,0.001000,0.001000,0.001000,0.001000
1047.615385,0.018649,0.001000,0.001000,0.001000,0.001000,0.001000
1047.634615,0.017228,0.001000,0.001000,0.001000,0.001000,0.001000
1047.653846,0.015791,0.001000,0.001000,0.001000,0.001000,0.001000
1047.673077,0.014339,0.001000,0.001000,0.001000,0.001000,0.001000
1047.692308,0.012874,0.001000,0.001000,0.001000,0.001000,0.001000
1047.711538,0.011397,0.001000,0.001000,0.001000,0.001000,0.001000
1047.730769,0.009910,0.001000,0.001000,0.001000,0.001000,0.001000
1047.750000,0.008413,0.001000,0.001000,0.001000,0.001000,0.001000
1047.769231,0.006909,0.001000,0.001000,0.001000,0.001000,0.001000
1047.788462,0.005398,0.001000,0.001000,0.001000,0.001000,0.001000
1047.807692,0.003882,0.001000,0.001000,0.001000,0.001000,0.001000
1047.826923,0.002363,0.001000,0.001000,0.001000,0.001000,0.001000
1047.846154,0.000841,0.001000,0.001000,0.001000,0.001000,0.001000
1047.865385,-0.000682,0.001000,0.001000,0.001000,0.001000,0.001000
1047.884615,-0.002203,0.001000,0.001000,0.001000,0.001000,0.001000
1047.903846,-0.003723,0.001000,0.001000,0.001000,0.001000,0.001000
1047.923077,-0.005239,0.001000,0.001000,0.001000,0.001000,0.001000
1047.942308,-0.006751,0.001000,0.001000,0.001000,0.001000,0.001000
1047.961538,-0.008256,0.001000,0.001000,0.001000,0.001000,0.001000
1047.980769,-0.009754,0.001000,0.001000,0.001000,0.001000,0.001000
1048.000000,-0.011242,0.001000,0.001000,0.001000,0.001000,0.001000
1048.019231,-0.012720,0.001000,0.001000,0.001000,0.001000,0.001000
1048.038462,-0.014186,0.001000,0.001000,0.001000,0.001000,0.001000
1048.057692,-0.015640,0.001000,0.001000,0.001000,0.001000,0.001000
1048.076923,-0.017078,0.001000,0.001000,0.001000,0.001000,0.001000
1048.096154,-0.018501,0.001000,0.001000,0.001000,0.001000,0.001000
1048.115385,-0.019907,0.001000,0.001000,0.001000,0.001000,0.001000
1048.134615,-0.021294,0.001000,0.001000,0.001000,0.001000,0.001000
1048.153846,-0.022661,0.001000,0.001000,0.001000,0.001000,0.001000
1048.173077,-0.024008,0.001000,0.001000,0.001000,0.001000,0.001000
1048.192308,-0.025332,0.001000,0.001000,0.001000,0.001000,0.001000
1048.211538,-0.026633,0.001000,0.001000,0.001000,0.001000,0.001000
1048.230769,-0.027909,0.001000,0.001000,0.001000,0.001000,0.001000
1048.250000,-0.029159,0.001000,0.001000,0.001000,0.001000,0.001000
1048.269231,-0.030382,0.001000,0.001000,0.001000,0.001000,0.001000
1048.288462,-0.031577,0.001000,0.001000,0.001000,0.001000,0.001000
1048.307692,-0.032742,0.001000,0.001000,0.001000,0.001000,0.001000
1048.326923,-0.033878,0.001000,0.001000,0.001000,0.001000,0.001000
1048.346154,-0.034981,0.001000,0.001000,0.001000,0.001000,0.001000
1048.365385,-0.036053,0.001000,0.001000,0.001000,0.001000,0.001000
1048.384615,-0.037091,0.001000,0.001000,0.001000,0.001000,0.001000
1048.403846,-0.038095,0.001000,0.001000,0.001000,0.001000,0.001000
1048.423077,-0.039063,0.001000,0.001000,0.001000,0.001000,0.001000
1048.442308,-0.039995,0.001000,0.001000,0.001000,0.001000,0.001000
1048.461538,-0.040890,0.001000,0.001000,0.001000,0.001000,0.001000
1048.480769,-0.041747,0.001000,0.001000,0.001000,0.001000,0.001000
1048.500000,-0.042566,0.001000,0.001000,0.001000,0.001000,0.001000
1048.519231,-0.043344,0.001000,0.001000,0.001000,0.001000,0.001000
1048.538462,-0.044083,0.001000,0.001000,0.001000,0.001000,0.001000
1048.557692,-0.044781,0.001000,0.001000,0.001000,0.001000,0.001000
1048.576923,-0.045437,0.001000,0.001000,0.001000,0.001000,0.001000
1048.596154,-0.046052,0.001000,0.001000,0.001000,0.001000,0.001000
1048.615385,-0.046623,0.001000,0.001000,0.001000,0.001000,0.001000
1048.634615,-0.047152,0.001000,0.001000,0.001000,0.001000,0.001000
1048.653846,-0.047636,0.001000,0.001000,0.001000,0.001000,0.001000
1048.673077,-0.048077,0.001000,0.001000,0.001000,0.001000,0.001000
1048.692308,-0.048472,0.001000,0.001000,0.001000,0.001000,0.001000
1048.711538,-0.048823,0.001000,0.001000,0.001000,0.001000,0.001000
1048.730769,-0.049129,0.001000,0.001000,0.001000,0.001000,0.001000
1048.750000,-0.049389,0.001000,0.001000,0.001000,0.001000,0.001000
1048.769231,-0.049604,0.001000,0.001000,0.001000,0.001000,0.001000
1048.788462,-0.049772,0.001000,0.001000,0.001000,0.001000,0.001000
1048.807692,-0.049894,0.001000,0.001000,0.001000,0.001000,0.001000
1048.826923,-0.049970,0.001000,0.001000,0.001000,0.001000,0.001000
1048.846154,-0.050000,0.001000,0.001000,0.001000,0.001000,0.001000
1048.865385,-0.049983,0.001000,0.001000,0.001000,0.001000,0.001000
1048.884615,-0.049920,0.001000,0.001000,0.001000,0.001000,0.001000
1048.903846,-0.049810,0.001000,0.001000,0.001000,0.001000,0.001000
1048.923077,-0.049655,0.001000,0.001000,0.001000,0.001000,0.001000
1048.942308,-0.049453,0.001000,0.001000,0.001000,0.001000,0.001000
1048.961538,-0.049206,0.001000,0.001000,0.001000,0.001000,0.001000
1048.980769,-0.048913,0.001000,0.001000,0.001000,0.001000,0.001000
1049.000000,-0.048574,0.001000,0.001000,0.001000,0.001000,0.001000
1049.019231,-0.048191,0.001000,0.001000,0.001000,0.001000,0.001000
1049.038462,-0.047763,0.001000,0.001000,0.001000,0.001000,0.001000
1049.057692,-0.047290,0.001000,0.001000,0.001000,0.001000,0.001000
1049.076923,-0.046774,0.001000,0.001000,0.001000,0.001000,0.001000
1049.096154,-0.046214,0.001000,0.001000,0.001000,0.001000,0.001000
1049.115385,-0.045612,0.001000,0.001000,0.001000,0.001000,0.001000
1049.134615,-0.044967,0.001000,0.001000,0.001000,0.001000,0.001000
1049.153846,-0.044281,0.001000,0.001000,0.001000,0.001000,0.001000
1049.173077,-0.043553,0.001000,0.001000,0.001000,0.001000,0.001000
1049.192308,-0.042785,0.001000,0.001000,0.001000,0.001000,0.001000
1049.211538,-0.041978,0.001000,0.001000,0.001000,0.001000,0.001000
1049.230769,-0.041131,0.001000,0.001000,0.001000,0.001000,0.001000
1049.250000,-0.040247,0.001000,0.001000,0.001000,0.001000,0.001000
1049.269231,-0.039325,0.001000,0.001000,0.001000,0.001000,0.001000
1049.288462,-0.038367,0.001000,0.001000,0.001000,0.001000,0.001000
1049.307692,-0.037373,0.001000,0.001000,0.001000,0.001000,0.001000
1049.326923,-0.036344,0.001000,0.001000,0.001000,0.001000,0.001000
1049.346154,-0.035282,0.001000,0.001000,0.001000,0.001000,0.001000
1049.365385,-0.034187,0.001000,0.001000,0.001000,0.001000,0.001000
1049.384615,-0.033060,0.001000,0.001000,0.001000,0.001000,0.001000
1049.403846,-0.031903,0.001000,0.001000,0.001000,0.001000,0.001000
1049.423077,-0.030716,0.001000,0.001000,0.001000,0.001000,0.001000
1049.442308,-0.029500,0.001000,0.001000,0.001000,0.001000,0.001000
1049.461538,-0.028258,0.001000,0.001000,0.001000,0.001000,0.001000
1049.480769,-0.026989,0.001000,0.001000,0.001000,0.001000,0.001000
1049.500000,-0.025695,0.001000,0.001000,0.001000,0.001000,0.001000
1049.519231,-0.024377,0.001000,0.001000,0.001000,0.001000,0.001000
1049.538462,-0.023037,0.001000,0.001000,0.001000,0.001000,0.001000
1049.557692,-0.021675,0.001000,0.001000,0.001000,0.001000,0.001000
1049.576923,-0.020293,0.001000,0.001000,0.001000,0.001000,0.001000
1049.596154,-0.018892,0.001000,0.001000,0.001000,0.001000,0.001000
1049.615385,-0.017474,0.001000,0.001000,0.001000,0.001000,0.001000
1049.634615,-0.016040,0.001000,0.001000,0.001000,0.001000,0.001000
1049.653846,-0.014591,0.001000,0.001000,0.001000,0.001000,0.001000
1049.673077,-0.013128,0.001000,0.001000,0.001000,0.001000,0.001000
1049.692308,-0.011653,0.001000,0.001000,0.001000,0.001000,0.001000
1049.711538,-0.010167,0.001000,0.001000,0.001000,0.001000,0.001000
1049.730769,-0.008672,0.001000,0.001000,0.001000,0.001000,0.001000
1049.750000,-0.007169,0.001000,0.001000,0.001000,0.001000,0.001000
1049.769231,-0.005659,0.001000,0.001000,0.001000,0.001000,0.001000
1049.788462,-0.004144,0.001000,0.001000,0.001000,0.001000,0.001000
1049.807692,-0.002625,0.001000,0.001000,0.001000,0.001000,0.001000
1049.826923,-0.001103,0.001000,0.001000,0.001000,0.001000,0.001000
1049.846154,0.000419,0.001000,0.001000,0.001000,0.001000,0.001000
1049.865385,0.001941,0.001000,0.001000,0.001000,0.001000,0.001000
1049.884615,0.003461,0.001000,0.001000,0.001000,0.001000,0.001000
1049.903846,0.004978,0.001000,0.001000,0.001000,0.001000,0.001000
1049.923077,0.006491,0.001000,0.001000,0.001000,0.001000,0.001000
1049.942308,0.007997,0.001000,0.001000,0.001000,0.001000,0.001000
1049.961538,0.009496,0.001000,0.001000,0.001000,0.001000,0.001000
1049.980769,0.010986,0.001000,0.001000,0.001000,0.001000,0.001000
1050.000000,0.012466,0.001000,0.001000,0.001000,0.001000,0.001000
1050.019231,0.013934,0.001000,0.001000,0.001000,0.001000,0.001000
1050.038462,0.015390,0.001000,0.001000,0.001000,0.001000,0.001000
1050.057692,0.016831,0.001000,0.001000,0.001000,0.001000,0.001000
1050.076923,0.018257,0.001000,0.001000,0.001000,0.001000,0.001000
1050.096154,0.019665,0.001000,0.001000,0.001000,0.001000,0.001000
1050.115385,0.021056,0.001000,0.001000,0.001000,0.001000,0.001000
1050.134615,0.022427,0.001000,0.001000,0.001000,0.001000,0.001000
1050.153846,0.023777,0.001000,0.001000,0.001000,0.001000,0.001000
1050.173077,0.025105,0.001000,0.001000,0.001000,0.001000,0.001000
1050.192308,0.026410,0.001000,0.001000,0.001000,0.001000,0.001000
1050.211538,0.027690,0.001000,0.001000,0.001000,0.001000,0.001000
1050.230769,0.028945,0.001000,0.001000,0.001000,0.001000,0.001000
1050.250000,0.030173,0.001000,0.001000,0.001000,0.001000,0.001000
1050.269231,0.031373,0.001000,0.001000,0.001000,0.001000,0.001000
1050.288462,0.032543,0.001000,0.001000,0.001000,0.001000,0.001000
1050.307692,0.033684,0.001000,0.001000,0.001000,0.001000,0.001000
1050.326923,0.034793,0.001000,0.001000,0.001000,0.001000,0.001000
1050.346154,0.035870,0.001000,0.001000,0.001000,0.001000,0.001000
1050.365385,0.036914,0.001000,0.001000,0.001000,0.001000,0.001000
1050.384615,0.037924,0.001000,0.001000,0.001000,0.001000,0.001000
1050.403846,0.038898,0.001000,0.001000,0.001000,0.001000,0.001000
1050.423077,0.039837,0.001000,0.001000,0.001000,0.001000,0.001000
1050.442308,0.040738,0.001000,0.001000,0.001000,0.001000,0.001000
1050.461538,0.041602,0.001000,0.001000,0.001000,0.001000,0.001000
1050.480769,0.042427,0.001000,0.001000,0.001000,0.001000,0.001000
1050.500000,0.043213,0.001000,0.001000,0.001000,0.001000,0.001000
1050.519231,0.043959,0.001000,0.001000,0.001000,0.001000,0.001000
1050.538462,0.044664,0.001000,0.001000,0.001000,0.001000,0.001000
1050.557692,0.045327,0.001000,0.001000,0.001000,0.001000,0.001000
1050.576923,0.045949,0.001000,0.001000,0.001000,0.001000,0.001000
1050.596154,0.046528,0.001000,0.001000,0.001000,0.001000,0.001000
1050.615385,0.047064,0.001000,0.001000,0.001000,0.001000,0.001000
1050.634615,0.047556,0.001000,0.001000,0.001000,0.001000,0.001000
1050.653846,0.048004,0.001000,0.001000,0.001000,0.001000,0.001000
1050.673077,0.048407,0.001000,0.001000,0.001000,0.001000,0.001000
1050.692308,0.048766,0.001000,0.001000,0.001000,0.001000,0.001000
1050.711538,0.049080,0.001000,0.001000,0.001000,0.001000,0.001000
1050.730769,0.049348,0.001000,0.001000,0.001000,0.001000,0.001000
1050.750000,0.049570,0.001000,0.001000,0.001000,0.001000,0.001000
1050.769231,0.049746,0.001000,0.001000,0.001000,0.001000,0.001000
1050.788462,0.049876,0.001000,0.001000,0.001000,0.001000,0.001000
1050.807692,0.049960,0.001000,0.001000,0.001000,0.001000,0.001000
1050.826923,0.049998,0.001000,0.001000,0.001000,0.001000,0.001000
1050.846154,0.049989,0.001000,0.001000,0.001000,0.001000,0.001000
1050.865385,0.049934,0.001000,0.001000,0.001000,0.001000,0.001000
1050.884615,0.049832,0.001000,0.001000,0.001000,0.001000,0.001000
1050.903846,0.049685,0.001000,0.001000,0.001000,0.001000,0.001000
1050.923077,0.049491,0.001000,0.001000,0.001000,0.001000,0.001000
1050.942308,0.049252,0.001000,0.001000,0.001000,0.001000,0.001000
1050.961538,0.048966,0.001000,0.001000,0.001000,0.001000,0.001000
1050.980769,0.048636,0.001000,0.001000,0.001000,0.001000,0.001000
1051.000000,0.048260,0.001000,0.001000,0.001000,0.001000,0.001000
1051.019231,0.047840,0.001000,0.001000,0.001000,0.001000,0.001000
1051.038462,0.047375,0.001000,0.001000,0.001000,0.001000,0.001000
1051.057692,0.046866,0.001000,0.001000,0.001000,0.001000,0.001000
1051.076923,0.046314,0.001000,0.001000,0.001000,0.001000,0.001000
1051.096154,0.045719,0.001000,0.001000,0.001000,0.001000,0.001000
1051.115385,0.045081,0.001000,0.001000,0.001000,0.001000,0.001000
1051.134615,0.044402,0.001000,0.001000,0.001000,0.001000,0.001000
1051.153846,0.043682,0.001000,0.001000,0.001000,0.001000,0.001000
1051.173077,0.042921,0.001000,0.001000,0.001000,0.001000,0.001000
1051.192308,0.042120,0.001000,0.001000,0.001000,0.001000,0.001000
1051.211538,0.041280,0.001000,0.001000,0.001000,0.001000,0.001000
1051.230769,0.040402,0.001000,0.001000,0.001000,0.001000,0.001000
1051.250000,0.039487,0.001000,0.001000,0.001000,0.001000,0.001000
1051.269231,0.038534,0.001000,0.001000,0.001000,0.001000,0.001000
1051.288462,0.037547,0.001000,0.001000,0.001000,0.001000,0.001000
1051.307692,0.036524,0.001000,0.001000,0.001000,0.001000,0.001000
1051.326923,0.035467,0.001000,0.001000,0.001000,0.001000,0.001000
1051.346154,0.034378,0.001000,0.001000,0.001000,0.001000,0.001000
1051.365385,0.033257,0.001000,0.001000,0.001000,0.001000,0.001000
1051.384615,0.032104,0.001000,0.001000,0.001000,0.001000,0.001000
1051.403846,0.030923,0.001000,0.001000,0.001000,0.001000,0.001000
1051.423077,0.029712,0.001000,0.001000,0.001000,0.001000,0.001000
1051.442308,0.028474,0.001000,0.001000,0.001000,0.001000,0.001000
1051.461538,0.027209,0.001000,0.001000,0.001000,0.001000,0.001000
1051.480769,0.025920,0.001000,0.001000,0.001000,0.001000,0.001000
1051.500000,0.024606,0.001000,0.001000,0.001000,0.001000,0.001000
1051.519231,0.023269,0.001000,0.001000,0.001000,0.001000,0.001000
1051.538462,0.021911,0.001000,0.001000,0.001000,0.001000,0.001000
1051.557692,0.020533,0.001000,0.001000,0.001000,0.001000,0.001000
1051.576923,0.019135,0.001000,0.001000,0.001000,0.001000,0.001000
1051.596154,0.017720,0.001000,0.001000,0.001000,0.001000,0.001000
1051.615385,0.016288,0.001000,0.001000,0.001000,0.001000,0.001000
1051.634615,0.014842,0.001000,0.001000,0.001000,0.001000,0.001000
1051.653846,0.013381,0.001000,0.001000,0.001000,0.001000,0.001000
1051.673077,0.011908,0.001000,0.001000,0.001000,0.001000,0.001000
1051.692308,0.010424,0.001000,0.001000,0.001000,0.001000,0.001000
1051.711538,0.008930,0.001000,0.001000,0.001000,0.001000,0.001000
1051.730769,0.007428,0.001000,0.001000,0.001000,0.001000,0.001000
1051.750000,0.005920,0.001000,0.001000,0.001000,0.001000,0.001000
1051.769231,0.004405,0.001000,0.001000,0.001000,0.001000,0.001000
1051.788462,0.002887,0.001000,0.001000,0.001000,0.001000,0.001000
1051.807692,0.001366,0.001000,0.001000,0.001000,0.001000,0.001000
1051.826923,-0.000156,0.001000,0.001000,0.001000,0.001000,0.001000
1051.846154,-0.001679,0.001000,0.001000,0.001000,0.001000,0.001000
1051.865385,-0.003199,0.001000,0.001000,0.001000,0.001000,0.001000
1051.884615,-0.004717,0.001000,0.001000,0.001000,0.001000,0.001000
1051.903846,-0.006230,0.001000,0.001000,0.001000,0.001000,0.001000
1051.923077,-0.007738,0.001000,0.001000,0.001000,0.001000,0.001000
1051.942308,-0.009238,0.001000,0.001000,0.001000,0.001000,0.001000
1051.961538,-0.010730,0.001000,0.001000,0.001000,0.001000,0.001000
1051.980769,-0.012212,0.001000,0.001000,0.001000,0.001000,0.001000
1052.000000,-0.013682,0.001000,0.001000,0.001000,0.001000,0.001000
1052.019231,-0.015140,0.001000,0.001000,0.001000,0.001000,0.001000
1052.038462,-0.016584,0.001000,0.001000,0.001000,0.001000,0.001000
1052.057692,-0.018012,0.001000,0.001000,0.001000,0.001000,0.001000
1052.076923,-0.019424,0.001000,0.001000,0.001000,0.001000,0.001000
1052.096154,-0.020817,0.001000,0.001000,0.001000,0.001000,0.001000
1052.115385,-0.022192,0.001000,0.001000,0.001000,0.001000,0.001000
1052.134615,-0.023546,0.001000,0.001000,0.001000,0.001000,0.001000
1052.153846,-0.024878,0.001000,0.001000,0.001000,0.001000,0.001000
1052.173077,-0.026187,0.001000,0.001000,0.001000,0.001000,0.001000
1052.192308,-0.027471,0.001000,0.001000,0.001000,0.001000,0.001000
1052.211538,-0.028730,0.001000,0.001000,0.001000,0.001000,0.001000
1052.230769,-0.029963,0.001000,0.001000,0.001000,0.001000,0.001000
1052.250000,-0.031168,0.001000,0.001000,0.001000,0.001000,0.001000
1052.269231,-0.032344,0.001000,0.001000,0.001000,0.001000,0.001000
1052.288462,-0.033489,0.001000,0.001000,0.001000,0.001000,0.001000
1052.307692,-0.034604,0.001000,0.001000,0.001000,0.001000,0.001000
1052.326923,-0.035687,0.001000,0.001000,0.001000,0.001000,0.001000
1052.346154,-0.036737,0.001000,0.001000,0.001000,0.001000,0.001000
1052.365385,-0.037752,0.001000,0.001000,0.001000,0.001000,0.001000
1052.384615,-0.038733,0.001000,0.001000,0.001000,0.001000,0.001000
1052.403846,-0.039678,0.001000,0.001000,0.001000,0.001000,0.001000
1052.423077,-0.040586,0.001000,0.001000,0.001000,0.001000,0.001000
1052.442308,-0.041456,0.001000,0.001000,0.001000,0.001000,0.001000
1052.461538,-0.042288,0.001000,0.001000,0.001000,0.001000,0.001000
1052.480769,-0.043080,0.001000,0.001000,0.001000,0.001000,0.001000
1052.500000,-0.043833,0.001000,0.001000,0.001000,0.001000,0.001000
1052.519231,-0.044545,0.001000,0.001000,0.001000,0.001000,0.001000
1052.538462,-0.045216,0.001000,0.001000,0.001000,0.001000,0.001000
1052.557692,-0.045845,0.001000,0.001000,0.001000,0.001000,0.001000
1052.576923,-0.046431,0.001000,0.001000,0.001000,0.001000,0.001000
1052.596154,-0.046974,0.001000,0.001000,0.001000,0.001000,0.001000
1052.615385,-0.047474,0.001000,0.001000,0.001000,0.001000,0.001000
1052.634615,-0.047930,0.001000,0.001000,0.001000,0.001000,0.001000
1052.653846,-0.048341,0.001000,0.001000,0.001000,0.001000,0.001000
1052.673077,-0.048707,0.001000,0.001000,0.001000,0.001000,0.001000
1052.692308,-0.049029,0.001000,0.001000,0.001000,0.001000,0.001000
1052.711538,-0.049305,0.001000,0.001000,0.001000,0.001000,0.001000
1052.730769,-0.049535,0.001000,0.001000,0.001000,0.001000,0.001000
1052.750000,-0.049719,0.001000,0.001000,0.001000,0.001000,0.001000
1052.769231,-0.049857,0.001000,0.001000,0.001000,0.001000,0.001000
1052.788462,-0.049949,0.001000,0.001000,0.001000,0.001000,0.001000
1052.807692,-0.049995,0.001000,0.001000,0.001000,0.001000,0.001000
1052.826923,-0.049994,0.001000,0.001000,0.001000,0.001000,0.001000
1052.846154,-0.049947,0.001000,0.001000,0.001000,0.001000,0.001000
1052.865385,-0.049853,0.001000,0.001000,0.001000,0.001000,0.001000
1052.884615,-0.049714,0.001000,0.001000,0.001000,0.001000,0.001000
1052.903846,-0.049528,0.001000,0.001000,0.001000,0.001000,0.001000
1052.923077,-0.049296,0.001000,0.001000,0.001000,0.001000,0.001000
1052.942308,-0.049019,0.001000,0.001000,0.001000,0.001000,0.001000
1052.961538,-0.048696,0.001000,0.001000,0.001000,0.001000,0.001000
1052.980769,-0.048328,0.001000,0.001000,0.001000,0.001000,0.001000
1053.000000,-0.047915,0.001000,0.001000,0.001000,0.001000,0.001000
1053.019231,-0.047458,0.001000,0.001000,0.001000,0.001000,0.001000
1053.038462,-0.046957,0.001000,0.001000,0.001000,0.001000,0.001000
1053.057692,-0.046412,0.001000,0.001000,0.001000,0.001000,0.001000
1053.076923,-0.045825,0.001000,0.001000,0.001000,0.001000,0.001000
1053.096154,-0.045194,0.001000,0.001000,0.001000,0.001000,0.001000
1053.115385,-0.044522,0.001000,0.001000,0.001000,0.001000,0.001000
1053.134615,-0.043809,0.001000,0.001000,0.001000,0.001000,0.001000
1053.153846,-0.043055,0.001000,0.001000,0.001000,0.001000,0.001000
1053.173077,-0.042261,0.001000,0.001000,0.001000,0.001000,0.001000
1053.192308,-0.041428,0.001000,0.001000,0.001000,0.001000,0.001000
1053.211538,-0.040556,0.001000,0.001000,0.001000,0.001000,0.001000
1053.230769,-0.039647,0.001000,0.001000,0.001000,0.001000,0.001000
1053.250000,-0.038701,0.001000,0.001000,0.001000,0.001000,0.001000
1053.269231,-0.037719,0.001000,0.001000,0.001000,0.001000,0.001000
1053.288462,-0.036703,0.001000,0.001000,0.001000,0.001000,0.001000
1053.307692,-0.035652,0.001000,0.001000,0.001000,0.001000,0.001000
1053.326923,-0.034568,0.001000,0.001000,0.001000,0.001000,0.001000
1053.346154,-0.033452,0.001000,0.001000,0.001000,0.001000,0.001000
1053.365385,-0.032305,0.001000,0.001000,0.001000,0.001000,0.001000
1053.384615,-0.031128,0.001000,0.001000,0.001000,0.001000,0.001000
1053.403846,-0.029923,0.001000,0.001000,0.001000,0.001000,0.001000
1053.423077,-0.028689,0.001000,0.001000,0.001000,0.001000,0.001000
1053.442308,-0.027429,0.001000,0.001000,0.001000,0.001000,0.001000
1053.461538,-0.026144,0.001000,0.001000,0.001000,0.001000,0.001000
1053.480769,-0.024834,0.001000,0.001000,0.001000,0.001000,0.001000
1053.500000,-0.023501,0.001000,0.001000,0.001000,0.001000,0.001000
1053.519231,-0.022147,0.001000,0.001000,0.001000,0.001000,0.001000
1053.538462,-0.020772,0.001000,0.001000,0.001000,0.001000,0.001000
1053.557692,-0.019378,0.001000,0.001000,0.001000,0.001000,0.001000
1053.576923,-0.017965,0.001000,0.001000,0.001000,0.001000,0.001000
1053.596154,-0.016536,0.001000,0.001000,0.001000,0.001000,0.001000
1053.615385,-0.015092,0.001000,0.001000,0.001000,0.001000,0.001000
1053.634615,-0.013634,0.001000,0.001000,0.001000,0.001000,0.001000
1053.653846,-0.012163,0.001000,0.001000,0.001000,0.001000,0.001000
1053.673077,-0.010681,0.001000,0.001000,0.001000,0.001000,0.001000
1053.692308,-0.009189,0.001000,0.001000,0.001000,0.001000,0.001000
1053.711538,-0.007688,0.001000,0.001000,0.001000,0.001000,0.001000
1053.730769,-0.006180,0.001000,0.001000,0.001000,0.001000,0.001000
1053.750000,-0.004667,0.001000,0.001000,0.001000,0.001000,0.001000
1053.769231,-0.003149,0.001000,0.001000,0.001000,0.001000,0.001000
1053.788462,-0.001628,0.001000,0.001000,0.001000,0.001000,0.001000
1053.807692,-0.000106,0.001000,0.001000,0.001000,0.001000,0.001000
1053.826923,0.001416,0.001000,0.001000,0.001000,0.001000,0.001000
1053.846154,0.002937,0.001000,0.001000,0.001000,0.001000,0.001000
1053.865385,0.004455,0.001000,0.001000,0.001000,0.001000,0.001000
1053.884615,0.005969,0.001000,0.001000,0.001000,0.001000,0.001000
1053.903846,0.007478,0.001000,0.001000,0.001000,0.001000,0.001000
1053.923077,0.008980,0.001000,0.001000,0.001000,0.001000,0.001000
1053.942308,0.010473,0.001000,0.001000,0.001000,0.001000,0.001000
1053.961538,0.011957,0.001000,0.001000,0.001000,0.001000,0.001000
1053.980769,0.013429,0.001000,0.001000,0.001000,0.001000,0.001000
1054.000000,0.014889,0.001000,0.001000,0.001000,0.001000,0.001000
1054.019231,0.016336,0.001000,0.001000,0.001000,0.001000,0.001000
1054.038462,0.017767,0.001000,0.001000,0.001000,0.001000,0.001000
1054.057692,0.019182,0.001000,0.001000,0.001000,0.001000,0.001000
1054.076923,0.020578,0.001000,0.001000,0.001000,0.001000,0.001000
1054.096154,0.021956,0.001000,0.001000,0.001000,0.001000,0.001000
1054.115385,0.023314,0.001000,0.001000,0.001000,0.001000,0.001000
1054.134615,0.024650,0.001000,0.001000,0.001000,0.001000,0.001000
1054.153846,0.025963,0.001000,0.001000,0.001000,0.001000,0.001000
1054.173077,0.027251,0.001000,0.001000,0.001000,0.001000,0.001000
1054.192308,0.028515,0.001000,0.001000,0.001000,0.001000,0.001000
1054.211538,0.029752,0.001000,0.001000,0.001000,0.001000,0.001000
1054.230769,0.030962,0.001000,0.001000,0.001000,0.001000,0.001000
1054.250000,0.032143,0.001000,0.001000,0.001000,0.001000,0.001000
1054.269231,0.033294,0.001000,0.001000,0.001000,0.001000,0.001000
1054.288462,0.034414,0.001000,0.001000,0.001000,0.001000,0.001000
1054.307692,0.035503,0.001000,0.001000,0.001000,0.001000,0.001000
1054.326923,0.036558,0.001000,0.001000,0.001000,0.001000,0.001000
1054.346154,0.037580,0.001000,0.001000,0.001000,0.001000,0.001000
1054.365385,0.038566,0.001000,0.001000,0.001000,0.001000,0.001000
1054.384615,0.039517,0.001000,0.001000,0.001000,0.001000,0.001000
1054.403846,0.040432,0.001000,0.001000,0.001000,0.001000,0.001000
1054.423077,0.041308,0.001000,0.001000,0.001000,0.001000,0.001000
1054.442308,0.042147,0.001000,0.001000,0.001000,0.001000,0.001000
1054.461538,0.042946,0.001000,0.001000,0.001000,0.001000,0.001000
1054.480769,0.043706,0.001000,0.001000,0.001000,0.001000,0.001000
1054.500000,0.044425,0.001000,0.001000,0.001000,0.001000,0.001000
1054.519231,0.045103,0.001000,0.001000,0.001000,0.001000,0.001000
1054.538462,0.045739,0.001000,0.001000,0.001000,0.001000,0.001000
1054.557692,0.046333,0.001000,0.001000,0.001000,0.001000,0.001000
1054.576923,0.046884,0.001000,0.001000,0.001000,0.001000,0.001000
1054.596154,0.047391,0.001000,0.001000,0.001000,0.001000,0.001000
1054.615385,0.047854,0.001000,0.001000,0.001000,0.001000,0.001000
1054.634615,0.048273,0.001000,0.001000,0.001000,0.001000,0.001000
1054.653846,0.048647,0.001000,0.001000,0.001000,0.001000,0.001000
1054.673077,0.048977,0.001000,0.001000,0.001000,0.001000,0.001000
1054.692308,0.049260,0.001000,0.001000,0.001000,0.001000,0.001000
1054.711538,0.049498,0.001000,0.001000,0.001000,0.001000,0.001000
1054.730769,0.049690,0.001000,0.001000,0.001000,0.001000,0.001000
1054.750000,0.049837,0.001000,0.001000,0.001000,0.001000,0.001000
1054.769231,0.049936,0.001000,0.001000,0.001000,0.001000,0.001000
1054.788462,0.049990,0.001000,0.001000,0.001000,0.001000,0.001000
1054.807692,0.049997,0.001000,0.001000,0.001000,0.001000,0.001000
1054.826923,0.049958,0.001000,0.001000,0.001000,0.001000,0.001000
1054.846154,0.049873,0.001000,0.001000,0.001000,0.001000,0.001000
1054.865385,0.049741,0.001000,0.001000,0.001000,0.001000,0.001000
1054.884615,0.049563,0.001000,0.001000,0.001000,0.001000,0.001000
1054.903846,0.049339,0.001000,0.001000,0.001000,0.001000,0.001000
1054.923077,0.049070,0.001000,0.001000,0.001000,0.001000,0.001000
1054.942308,0.048755,0.001000,0.001000,0.001000,0.001000,0.001000
1054.961538,0.048395,0.001000,0.001000,0.001000,0.001000,0.001000
1054.980769,0.047990,0.001000,0.001000,0.001000,0.001000,0.001000
1055.000000,0.047540,0.001000,0.001000,0.001000,0.001000,0.001000
1055.019231,0.047047,0.001000,0.001000,0.001000,0.001000,0.001000
1055.038462,0.046509,0.001000,0.001000,0.001000,0.001000,0.001000
1055.057692,0.045929,0.001000,0.001000,0.001000,0.001000,0.001000
1055.076923,0.045306,0.001000,0.001000,0.001000,0.001000,0.001000
1055.096154,0.044641,0.001000,0.001000,0.001000,0.001000,0.001000
1055.115385,0.043935,0.001000,0.001000,0.001000,0.001000,0.001000
1055.134615,0.043188,0.001000,0.001000,0.001000,0.001000,0.001000
1055.153846,0.042401,0.001000,0.001000,0.001000,0.001000,0.001000
1055.173077,0.041574,0.001000,0.001000,0.001000,0.001000,0.001000
1055.192308,0.040709,0.001000,0.001000,0.001000,0.001000,0.001000
1055.211538,0.039807,0.001000,0.001000,0.001000,0.001000,0.001000
1055.230769,0.038867,0.001000,0.001000,0.001000,0.001000,0.001000
1055.250000,0.037891,0.001000,0.001000,0.001000,0.001000,0.001000
1055.269231,0.036881,0.001000,0.001000,0.001000,0.001000,0.001000
1055.288462,0.035836,0.001000,0.001000,0.001000,0.001000,0.001000
1055.307692,0.034757,0.001000,0.001000,0.001000,0.001000,0.001000
1055.326923,0.033647,0.001000,0.001000,0.001000,0.001000,0.001000
1055.346154,0.032505,0.001000,0.001000,0.001000,0.001000,0.001000
1055.365385,0.031334,0.001000,0.001000,0.001000,0.001000,0.001000
1055.384615,0.030133,0.001000,0.001000,0.001000,0.001000,0.001000
1055.403846,0.028904,0.001000,0.001000,0.001000,0.001000,0.001000
1055.423077,0.027649,0.001000,0.001000,0.001000,0.001000,0.001000
1055.442308,0.026367,0.001000,0.001000,0.001000,0.001000,0.001000
1055.461538,0.025062,0.001000,0.001000,0.001000,0.001000,0.001000
1055.480769,0.023733,0.001000,0.001000,0.001000,0.001000,0.001000
1055.500000,0.022382,0.001000,0.001000,0.001000,0.001000,0.001000
1055.519231,0.021010,0.001000,0.001000,0.001000,0.001000,0.001000
1055.538462,0.019619,0.001000,0.001000,0.001000,0.001000,0.001000
1055.557692,0.018210,0.001000,0.001000,0.001000,0.001000,0.001000
1055.576923,0.016784,0.001000,0.001000,0.001000,0.001000,0.001000
1055.596154,0.015342,0.001000,0.001000,0.001000,0.001000,0.001000
1055.615385,0.013886,0.001000,0.001000,0.001000,0.001000,0.001000
1055.634615,0.012417,0.001000,0.001000,0.001000,0.001000,0.001000
1055.653846,0.010937,0.001000,0.001000,0.001000,0.001000,0.001000
1055.673077,0.009447,0.001000,0.001000,0.001000,0.001000,0.001000
1055.692308,0.007947,0.001000,0.001000,0.001000,0.001000,0.001000
1055.711538,0.006441,0.001000,0.001000,0.001000,0.001000,0.001000
1055.730769,0.004928,0.001000,0.001000,0.001000,0.001000,0.001000
1055.750000,0.003411,0.001000,0.001000,0.001000,0.001000,0.001000
1055.769231,0.001891,0.001000,0.001000,0.001000,0.001000,0.001000
1055.788462,0.000369,0.001000,0.001000,0.001000,0.001000,0.001000
1055.807692,-0.001154,0.001000,0.001000,0.001000,0.001000,0.001000
1055.826923,-0.002675,0.001000,0.001000,0.001000,0.001000,0.001000
1055.846154,-0.004194,0.001000,0.001000,0.001000,0.001000,0.001000
1055.865385,-0.005709,0.001000,0.001000,0.001000,0.001000,0.001000
1055.884615,-0.007218,0.001000,0.001000,0.001000,0.001000,0.001000
1055.903846,-0.008721,0.001000,0.001000,0.001000,0.001000,0.001000
1055.923077,-0.010216,0.001000,0.001000,0.001000,0.001000,0.001000
1055.942308,-0.011702,0.001000,0.001000,0.001000,0.001000,0.001000
1055.961538,-0.013176,0.001000,0.001000,0.001000,0.001000,0.001000
1055.980769,-0.014639,0.001000,0.001000,0.001000,0.001000,0.001000
1056.000000,-0.016087,0.001000,0.001000,0.001000,0.001000,0.001000
1056.019231,-0.017521,0.001000,0.001000,0.001000,0.001000,0.001000
1056.038462,-0.018939,0.001000,0.001000,0.001000,0.001000,0.001000
1056.057692,-0.020339,0.001000,0.001000,0.001000,0.001000,0.001000
1056.076923,-0.021720,0.001000,0.001000,0.001000,0.001000,0.001000
1056.096154,-0.023081,0.001000,0.001000,0.001000,0.001000,0.001000
1056.115385,-0.024421,0.001000,0.001000,0.001000,0.001000,0.001000
1056.134615,-0.025738,0.001000,0.001000,0.001000,0.001000,0.001000
1056.153846,-0.027031,0.001000,0.001000,0.001000,0.001000,0.001000
1056.173077,-0.028299,0.001000,0.001000,0.001000,0.001000,0.001000
1056.192308,-0.029541,0.001000,0.001000,0.001000,0.001000,0.001000
1056.211538,-0.030755,0.001000,0.001000,0.001000,0.001000,0.001000
1056.230769,-0.031941,0.001000,0.001000,0.001000,0.001000,0.001000
1056.250000,-0.033098,0.001000,0.001000,0.001000,0.001000,0.001000
1056.269231,-0.034223,0.001000,0.001000,0.001000,0.001000,0.001000
1056.288462,-0.035317,0.001000,0.001000,0.001000,0.001000,0.001000
1056.307692,-0.036378,0.001000,0.001000,0.001000,0.001000,0.001000
1056.326923,-0.037406,0.001000,0.001000,0.001000,0.001000,0.001000
1056.346154,-0.038399,0.001000,0.001000,0.001000,0.001000,0.001000
1056.365385,-0.039356,0.001000,0.001000,0.001000,0.001000,0.001000
1056.384615,-0.040277,0.001000,0.001000,0.001000,0.001000,0.001000
1056.403846,-0.041160,0.001000,0.001000,0.001000,0.001000,0.001000
1056.423077,-0.042005,0.001000,0.001000,0.001000,0.001000,0.001000
1056.442308,-0.042811,0.001000,0.001000,0.001000,0.001000,0.001000
1056.461538,-0.043578,0.001000,0.001000,0.001000,0.001000,0.001000
1056.480769,-0.044304,0.001000,0.001000,0.001000,0.001000,0.001000
1056.500000,-0.044989,0.001000,0.001000,0.001000,0.001000,0.001000
1056.519231,-0.045632,0.001000,0.001000,0.001000,0.001000,0.001000
1056.538462,-0.046234,0.001000,0.001000,0.001000,0.001000,0.001000
1056.557692,-0.046792,0.001000,0.001000,0.001000,0.001000,0.001000
1056.576923,-0.047307,0.001000,0.001000,0.001000,0.001000,0.001000
1056.596154,-0.047778,0.001000,0.001000,0.001000,0.001000,0.001000
1056.615385,-0.048204,0.001000,0.001000,0.001000,0.001000,0.001000
1056.634615,-0.048586,0.001000,0.001000,0.001000,0.001000,0.001000
1056.653846,-0.048923,0.001000,0.001000,0.001000,0.001000,0.001000
1056.673077,-0.049215,0.001000,0.001000,0.001000,0.001000,0.001000
1056.692308,-0.049461,0.001000,0.001000,0.001000,0.001000,0.001000
1056.711538,-0.049661,0.001000,0.001000,0.001000,0.001000,0.001000
1056.730769,-0.049815,0.001000,0.001000,0.001000,0.001000,0.001000
1056.750000,-0.049923,0.001000,0.001000,0.001000,0.001000,0.001000
1056.769231,-0.049984,0.001000,0.001000,0.001000,0.001000,0.001000
1056.788462,-0.049999,0.001000,0.001000,0.001000,0.001000,0.001000
1056.807692,-0.049968,0.001000,0.001000,0.001000,0.001000,0.001000
1056.826923,-0.049891,0.001000,0.001000,0.001000,0.001000,0.001000
1056.846154,-0.049767,0.001000,0.001000,0.001000,0.001000,0.001000
1056.865385,-0.049597,0.001000,0.001000,0.001000,0.001000,0.001000
1056.884615,-0.049381,0.001000,0.001000,0.001000,0.001000,0.001000
1056.903846,-0.049120,0.001000,0.001000,0.001000,0.001000,0.001000
1056.923077,-0.048813,0.001000,0.001000,0.001000,0.001000,0.001000
1056.942308,-0.048460,0.001000,0.001000,0.001000,0.001000,0.001000
1056.961538,-0.048063,0.001000,0.001000,0.001000,0.001000,0.001000
1056.980769,-0.047621,0.001000,0.001000,0.001000,0.001000,0.001000
1057.000000,-0.047135,0.001000,0.001000,0.001000,0.001000,0.001000
1057.019231,-0.046605,0.001000,0.001000,0.001000,0.001000,0.001000
1057.038462,-0.046032,0.001000,0.001000,0.001000,0.001000,0.001000
1057.057692,-0.045417,0.001000,0.001000,0.001000,0.001000,0.001000
1057.076923,-0.044759,0.001000,0.001000,0.001000,0.001000,0.001000
1057.096154,-0.044060,0.001000,0.001000,0.001000,0.001000,0.001000
1057.115385,-0.043319,0.001000,0.001000,0.001000,0.001000,0.001000
1057.134615,-0.042539,0.001000,0.001000,0.001000,0.001000,0.001000
1057.153846,-0.041720,0.001000,0.001000,0.001000,0.001000,0.001000
1057.173077,-0.040861,0.001000,0.001000,0.001000,0.001000,0.001000
1057.192308,-0.039965,0.001000,0.001000,0.001000,0.001000,0.001000
1057.211538,-0.039032,0.001000,0.001000,0.001000,0.001000,0.001000
1057.230769,-0.038062,0.001000,0.001000,0.001000,0.001000,0.001000
1057.250000,-0.037057,0.001000,0.001000,0.001000,0.001000,0.001000
1057.269231,-0.036018,0.001000,0.001000,0.001000,0.001000,0.001000
1057.288462,-0.034946,0.001000,0.001000,0.001000,0.001000,0.001000
1057.307692,-0.033841,0.001000,0.001000,0.001000,0.001000,0.001000
1057.326923,-0.032704,0.001000,0.001000,0.001000,0.001000,0.001000
1057.346154,-0.031538,0.001000,0.001000,0.001000,0.001000,0.001000
1057.365385,-0.030342,0.001000,0.001000,0.001000,0.001000,0.001000
1057.384615,-0.029118,0.001000,0.001000,0.001000,0.001000,0.001000
1057.403846,-0.027867,0.001000,0.001000,0.001000,0.001000,0.001000
1057.423077,-0.026590,0.001000,0.001000,0.001000,0.001000,0.001000
1057.442308,-0.025289,0.001000,0.001000,0.001000,0.001000,0.001000
1057.461538,-0.023964,0.001000,0.001000,0.001000,0.001000,0.001000
1057.480769,-0.022617,0.001000,0.001000,0.001000,0.001000,0.001000
1057.500000,-0.021248,0.001000,0.001000,0.001000,0.001000,0.001000
1057.519231,-0.019861,0.001000,0.001000,0.001000,0.001000,0.001000
1057.538462,-0.018454,0.001000,0.001000,0.001000,0.001000,0.001000
1057.557692,-0.017031,0.001000,0.001000,0.001000,0.001000,0.001000
1057.576923,-0.015592,0.001000,0.001000,0.001000,0.001000,0.001000
1057.596154,-0.014138,0.001000,0.001000,0.001000,0.001000,0.001000
1057.615385,-0.012672,0.001000,0.001000,0.001000,0.001000,0.001000
1057.634615,-0.011193,0.001000,0.001000,0.001000,0.001000,0.001000
1057.653846,-0.009704,0.001000,0.001000,0.001000,0.001000,0.001000
1057.673077,-0.008207,0.001000,0.001000,0.001000,0.001000,0.001000
1057.692308,-0.006701,0.001000,0.001000,0.001000,0.001000,0.001000
1057.711538,-0.005190,0.001000,0.001000,0.001000,0.001000,0.001000
1057.730769,-0.003673,0.001000,0.001000,0.001000,0.001000,0.001000
1057.750000,-0.002153,0.001000,0.001000,0.001000,0.001000,0.001000
1057.769231,-0.000631,0.001000,0.001000,0.001000,0.001000,0.001000
1057.788462,0.000891,0.001000,0.001000,0.001000,0.001000,0.001000
1057.807692,0.002413,0.001000,0.001000,0.001000,0.001000,0.001000
1057.826923,0.003932,0.001000,0.001000,0.001000,0.001000,0.001000
1057.846154,0.005448,0.001000,0.001000,0.001000,0.001000,0.001000
1057.865385,0.006958,0.001000,0.001000,0.001000,0.001000,0.001000
1057.884615,0.008463,0.001000,0.001000,0.001000,0.001000,0.001000
1057.903846,0.009959,0.001000,0.001000,0.001000,0.001000,0.001000
1057.923077,0.011446,0.001000,0.001000,0.001000,0.001000,0.001000
1057.942308,0.012923,0.001000,0.001000,0.001000,0.001000,0.001000
1057.961538,0.014387,0.001000,0.001000,0.001000,0.001000,0.001000
1057.980769,0.015838,0.001000,0.001000,0.001000,0.001000,0.001000
1058.000000,0.017275,0.001000,0.001000,0.001000,0.001000,0.001000
1058.019231,0.018695,0.001000,0.001000,0.001000,0.001000,0.001000
1058.038462,0.020099,0.001000,0.001000,0.001000,0.001000,0.001000
1058.057692,0.021483,0.001000,0.001000,0.001000,0.001000,0.001000
1058.076923,0.022848,0.001000,0.001000,0.001000,0.001000,0.001000
1058.096154,0.024191,0.001000,0.001000,0.001000,0.001000,0.001000
1058.115385,0.025512,0.001000,0.001000,0.001000,0.001000,0.001000
1058.134615,0.026810,0.001000,0.001000,0.001000,0.001000,0.001000
1058.153846,0.028082,0.001000,0.001000,0.001000,0.001000,0.001000
1058.173077,0.029329,0.001000,0.001000,0.001000,0.001000,0.001000
1058.192308,0.030548,0.001000,0.001000,0.001000,0.001000,0.001000
1058.211538,0.031739,0.001000,0.001000,0.001000,0.001000,0.001000
1058.230769,0.032900,0.001000,0.001000,0.001000,0.001000,0.001000
1058.250000,0.034031,0.001000,0.001000,0.001000,0.001000,0.001000
1058.269231,0.035131,0.001000,0.001000,0.001000,0.001000,0.001000
1058.288462,0.036198,0.001000,0.001000,0.001000,0.001000,0.001000
1058.307692,0.037231,0.001000,0.001000,0.001000,0.001000,0.001000
1058.326923,0.038230,0.001000,0.001000,0.001000,0.001000,0.001000
1058.346154,0.039193,0.001000,0.001000,0.001000,0.001000,0.001000
1058.365385,0.040120,0.001000,0.001000,0.001000,0.001000,0.001000
1058.384615,0.041010,0.001000,0.001000,0.001000,0.001000,0.001000
1058.403846,0.041862,0.001000,0.001000,0.001000,0.001000,0.001000
1058.423077,0.042675,0.001000,0.001000,0.001000,0.001000,0.001000
1058.442308,0.043449,0.001000,0.001000,0.001000,0.001000,0.001000
1058.461538,0.044182,0.001000,0.001000,0.001000,0.001000,0.001000
1058.480769,0.044874,0.001000,0.001000,0.001000,0.001000,0.001000
1058.500000,0.045525,0.001000,0.001000,0.001000,0.001000,0.001000
1058.519231,0.046133,0.001000,0.001000,0.001000,0.001000,0.001000
1058.538462,0.046699,0.001000,0.001000,0.001000,0.001000,0.001000
1058.557692,0.047221,0.001000,0.001000,0.001000,0.001000,0.001000
1058.576923,0.047699,0.001000,0.001000,0.001000,0.001000,0.001000
1058.596154,0.048134,0.001000,0.001000,0.001000,0.001000,0.001000
1058.615385,0.048523,0.001000,0.001000,0.001000,0.001000,0.001000
1058.634615,0.048868,0.001000,0.001000,0.001000,0.001000,0.001000
1058.653846,0.049168,0.001000,0.001000,0.001000,0.001000,0.001000
1058.673077,0.049421,0.001000,0.001000,0.001000,0.001000,0.001000
1058.692308,0.049629,0.001000,0.001000,0.001000,0.001000,0.001000
1058.711538,0.049791,0.001000,0.001000,0.001000,0.001000,0.001000
1058.730769,0.049907,0.001000,0.001000,0.001000,0.001000,0.001000
1058.750000,0.049977,0.001000,0.001000,0.001000,0.001000,0.001000
1058.769231,0.050000,0.001000,0.001000,0.001000,0.001000,0.001000
1058.788462,0.049977,0.001000,0.001000,0.001000,0.001000,0.001000
1058.807692,0.049907,0.001000,0.001000,0.001000,0.001000,0.001000
1058.826923,0.049792,0.001000,0.001000,0.001000,0.001000,0.001000
1058.846154,0.049630,0.001000,0.001000,0.001000,0.001000,0.001000
1058.865385,0.049422,0.001000,0.001000,0.001000,0.001000,0.001000
1058.884615,0.049168,0.001000,0.001000,0.001000,0.001000,0.001000
1058.903846,0.048869,0.001000,0.001000,0.001000,0.001000,0.001000
1058.923077,0.048524,0.001000,0.001000,0.001000,0.001000,0.001000
1058.942308,0.048135,0.001000,0.001000,0.001000,0.001000,0.001000
1058.961538,0.047700,0.001000,0.001000,0.001000,0.001000,0.001000
1058.980769,0.047222,0.001000,0.001000,0.001000,0.001000,0.001000
1059.000000,0.046700,0.001000,0.001000,0.001000,0.001000,0.001000
1059.019231,0.046134,0.001000,0.001000,0.001000,0.001000,0.001000
1059.038462,0.045526,0.001000,0.001000,0.001000,0.001000,0.001000
1059.057692,0.044875,0.001000,0.001000,0.001000,0.001000,0.001000
1059.076923,0.044183,0.001000,0.001000,0.001000,0.001000,0.001000
1059.096154,0.043450,0.001000,0.001000,0.001000,0.001000,0.001000
1059.115385,0.042677,0.001000,0.001000,0.001000,0.001000,0.001000
1059.134615,0.041864,0.001000,0.001000,0.001000,0.001000,0.001000
1059.153846,0.041012,0.001000,0.001000,0.001000,0.001000,0.001000
1059.173077,0.040122,0.001000,0.001000,0.001000,0.001000,0.001000
1059.192308,0.039195,0.001000,0.001000,0.001000,0.001000,0.001000
1059.211538,0.038232,0.001000,0.001000,0.001000,0.001000,0.001000
1059.230769,0.037233,0.001000,0.001000,0.001000,0.001000,0.001000
1059.250000,0.036200,0.001000,0.001000,0.001000,0.001000,0.001000
1059.269231,0.035133,0.001000,0.001000,0.001000,0.001000,0.001000
1059.288462,0.034034,0.001000,0.001000,0.001000,0.001000,0.001000
1059.307692,0.032903,0.001000,0.001000,0.001000,0.001000,0.001000
1059.326923,0.031741,0.001000,0.001000,0.001000,0.001000,0.001000
1059.346154,0.030550,0.001000,0.001000,0.001000,0.001000,0.001000
1059.365385,0.029331,0.001000,0.001000,0.001000,0.001000,0.001000
1059.384615,0.028085,0.001000,0.001000,0.001000,0.001000,0.001000
1059.403846,0.026812,0.001000,0.001000,0.001000,0.001000,0.001000
1059.423077,0.025515,0.001000,0.001000,0.001000,0.001000,0.001000
1059.442308,0.024194,0.001000,0.001000,0.001000,0.001000,0.001000
1059.461538,0.022850,0.001000,0.001000,0.001000,0.001000,0.001000
1059.480769,0.021486,0.001000,0.001000,0.001000,0.001000,0.001000
1059.500000,0.020101,0.001000,0.001000,0.001000,0.001000,0.001000
1059.519231,0.018698,0.001000,0.001000,0.001000,0.001000,0.001000
1059.538462,0.017278,0.001000,0.001000,0.001000,0.001000,0.001000
1059.557692,0.015841,0.001000,0.001000,0.001000,0.001000,0.001000
1059.576923,0.014390,0.001000,0.001000,0.001000,0.001000,0.001000
1059.596154,0.012926,0.001000,0.001000,0.001000,0.001000,0.001000
1059.615385,0.011449,0.001000,0.001000,0.001000,0.001000,0.001000
1059.634615,0.009962,0.001000,0.001000,0.001000,0.001000,0.001000
1059.653846,0.008466,0.001000,0.001000,0.001000,0.001000,0.001000
1059.673077,0.006961,0.001000,0.001000,0.001000,0.001000,0.001000
1059.692308,0.005451,0.001000,0.001000,0.001000,0.001000,0.001000
1059.711538,0.003935,0.001000,0.001000,0.001000,0.001000,0.001000
1059.730769,0.002416,0.001000,0.001000,0.001000,0.001000,0.001000
1059.750000,0.000894,0.001000,0.001000,0.001000,0.001000,0.001000
1059.769231,-0.000628,0.001000,0.001000,0.001000,0.001000,0.001000
1059.788462,-0.002150,0.001000,0.001000,0.001000,0.001000,0.001000
1059.807692,-0.003670,0.001000,0.001000,0.001000,0.001000,0.001000
1059.826923,-0.005187,0.001000,0.001000,0.001000,0.001000,0.001000
1059.846154,-0.006698,0.001000,0.001000,0.001000,0.001000,0.001000
1059.865385,-0.008204,0.001000,0.001000,0.001000,0.001000,0.001000
1059.884615,-0.009702,0.001000,0.001000,0.001000,0.001000,0.001000
1059.903846,-0.011190,0.001000,0.001000,0.001000,0.001000,0.001000
1059.923077,-0.012669,0.001000,0.001000,0.001000,0.001000,0.001000
1059.942308,-0.014136,0.001000,0.001000,0.001000,0.001000,0.001000
1059.961538,-0.015589,0.001000,0.001000,0.001000,0.001000,0.001000
1059.980769,-0.017028,0.001000,0.001000,0.001000,0.001000,0.001000
1060.000000,0.000000,0.001000,0.001000,0.001000,0.001000,0.001000
1060.019231,0.001456,0.001000,0.001000,0.001000,0.001000,0.001000
1060.038462,0.002911,0.001000,0.001000,0.001000,0.001000,0.001000
1060.057692,0.004364,0.001000,0.001000,0.001000,0.001000,0.001000
1060.076923,0.005813,0.001000,0.001000,0.001000,0.001000,0.001000
1060.096154,0.007257,0.001000,0.001000,0.001000,0.001000,0.001000
1060.115385,0.008694,0.001000,0.001000,0.001000,0.001000,0.001000
1060.134615,0.010125,0.001000,0.001000,0.001000,0.001000,0.001000
1060.153846,0.011546,0.001000,0.001000,0.001000,0.001000,0.001000
1060.173077,0.012958,0.001000,0.001000,0.001000,0.001000,0.001000
1060.192308,0.014359,0.001000,0.001000,0.001000,0.001000,0.001000
1060.211538,0.015748,0.001000,0.001000,0.001000,0.001000,0.001000
1060.230769,0.017124,0.001000,0.001000,0.001000,0.001000,0.001000
1060.250000,0.018485,0.001000,0.001000,0.001000,0.001000,0.001000
1060.269231,0.019830,0.001000,0.001000,0.001000,0.001000,0.001000
1060.288462,0.021158,0.001000,0.001000,0.001000,0.001000,0.001000
1060.307692,0.022469,0.001000,0.001000,0.001000,0.001000,0.001000
1060.326923,0.023760,0.001000,0.001000,0.001000,0.001000,0.001000
1060.346154,0.025031,0.001000,0.001000,0.001000,0.001000,0.001000
1060.365385,0.026281,0.001000,0.001000,0.001000,0.001000,0.001000
1060.384615,0.027509,0.001000,0.001000,0.001000,0.001000,0.001000
1060.403846,0.028713,0.001000,0.001000,0.001000,0.001000,0.001000
1060.423077,0.029893,0.001000,0.001000,0.001000,0.001000,0.001000
1060.442308,0.031048,0.001000,0.001000,0.001000,0.001000,0.001000
1060.461538,0.032176,0.001000,0.001000,0.001000,0.001000,0.001000
1060.480769,0.033277,0.001000,0.001000,0.001000,0.001000,0.001000
1060.500000,0.034350,0.001000,0.001000,0.001000,0.001000,0.001000
1060.519231,0.035394,0.001000,0.001000,0.001000,0.001000,0.001000
1060.538462,0.036407,0.001000,0.001000,0.001000,0.001000,0.001000
1060.557692,0.037390,0.001000,0.001000,0.001000,0.001000,0.001000
1060.576923,0.038341,0.001000,0.001000,0.001000,0.001000,0.001000
1060.596154,0.039259,0.001000,0.001000,0.001000,0.001000,0.001000
1060.615385,0.040145,0.001000,0.001000,0.001000,0.001000,0.001000
1060.634615,0.040996,0.001000,0.001000,0.001000,0.001000,0.001000
1060.653846,0.041812,0.001000,0.001000,0.001000,0.001000,0.001000
1060.673077,0.042593,0.001000,0.001000,0.001000,0.001000,0.001000
1060.692308,0.043337,0.001000,0.001000,0.001000,0.001000,0.001000
1060.711538,0.044045,0.001000,0.001000,0.001000,0.001000,0.001000
1060.730769,0.044716,0.001000,0.001000,0.001000,0.001000,0.001000
1060.750000,0.045348,0.001000,0.001000,0.001000,0.001000,0.001000
1060.769231,0.045943,0.001000,0.001000,0.001000,0.001000,0.001000
1060.788462,0.046498,0.001000,0.001000,0.001000,0.001000,0.001000
1060.807692,0.047013,0.001000,0.001000,0.001000,0.001000,0.001000
1060.826923,0.047489,0.001000,0.001000,0.001000,0.001000,0.001000
1060.846154,0.047925,0.001000,0.001000,0.001000,0.001000,0.001000
1060.865385,0.048320,0.001000,0.001000,0.001000,0.001000,0.001000
1060.884615,0.048674,0.001000,0.001000,0.001000,0.001000,0.001000
1060.903846,0.048986,0.001000,0.001000,0.001000,0.001000,0.001000
1060.923077,0.049257,0.001000,0.001000,0.001000,0.001000,0.001000
1060.942308,0.049486,0.001000,0.001000,0.001000,0.001000,0.001000
1060.961538,0.049673,0.001000,0.001000,0.001000,0.001000,0.001000
1060.980769,0.049819,0.001000,0.001000,0.001000,0.001000,0.001000
1061.000000,0.049921,0.001000,0.001000,0.001000,0.001000,0.001000
1061.019231,0.049982,0.001000,0.001000,0.001000,0.001000,0.001000
1061.038462,0.050000,0.001000,0.001000,0.001000,0.001000,0.001000
1061.057692,0.049976,0.001000,0.001000,0.001000,0.001000,0.001000
1061.076923,0.049909,0.001000,0.001000,0.001000,0.001000,0.001000
1061.096154,0.049800,0.001000,0.001000,0.001000,0.001000,0.001000
1061.115385,0.049648,0.001000,0.001000,0.001000,0.001000,0.001000
1061.134615,0.049455,0.001000,0.001000,0.001000,0.001000,0.001000
1061.153846,0.049219,0.001000,0.001000,0.001000,0.001000,0.001000
1061.173077,0.048942,0.001000,0.001000,0.001000,0.001000,0.001000
1061.192308,0.048623,0.001000,0.001000,0.001000,0.001000,0.001000
1061.211538,0.048263,0.001000,0.001000,0.001000,0.001000,0.001000
1061.230769,0.047862,0.001000,0.001000,0.001000,0.001000,0.001000
1061.250000,0.047421,0.001000,0.001000,0.001000,0.001000,0.001000
1061.269231,0.046939,0.001000,0.001000,0.001000,0.001000,0.001000
1061.288462,0.046417,0.001000,0.001000,0.001000,0.001000,0.001000
1061.307692,0.045856,0.001000,0.001000,0.001000,0.001000,0.001000
1061.326923,0.045257,0.001000,0.001000,0.001000,0.001000,0.001000
1061.346154,0.044618,0.001000,0.001000,0.001000,0.001000,0.001000
1061.365385,0.043942,0.001000,0.001000,0.001000,0.001000,0.001000
1061.384615,0.043229,0.001000,0.001000,0.001000,0.001000,0.001000
1061.403846,0.042479,0.001000,0.001000,0.001000,0.001000,0.001000
1061.423077,0.041692,0.001000,0.001000,0.001000,0.001000,0.001000
1061.442308,0.040871,0.001000,0.001000,0.001000,0.001000,0.001000
1061.461538,0.040015,0.001000,0.001000,0.001000,0.001000,0.001000
1061.480769,0.039125,0.001000,0.001000,0.001000,0.001000,0.001000
1061.500000,0.038201,0.001000,0.001000,0.001000,0.001000,0.001000
1061.519231,0.037245,0.001000,0.001000,0.001000,0.001000,0.001000
1061.538462,0.036258,0.001000,0.001000,0.001000,0.001000,0.001000
1061.557692,0.035240,0.001000,0.001000,0.001000,0.001000,0.001000
1061.576923,0.034192,0.001000,0.001000,0.001000,0.001000,0.001000
1061.596154,0.033115,0.001000,0.001000,0.001000,0.001000,0.001000
1061.615385,0.032010,0.001000,0.001000,0.001000,0.001000,0.001000
1061.634615,0.030877,0.001000,0.001000,0.001000,0.001000,0.001000
1061.653846,0.029719,0.001000,0.001000,0.001000,0.001000,0.001000
1061.673077,0.028535,0.001000,0.001000,0.001000,0.001000,0.001000
1061.692308,0.027327,0.001000,0.001000,0.001000,0.001000,0.001000
1061.711538,0.026096,0.001000,0.001000,0.001000,0.001000,0.001000
1061.730769,0.024843,0.001000,0.001000,0.001000,0.001000,0.001000
1061.750000,0.023569,0.001000,0.001000,0.001000,0.001000,0.001000
1061.769231,0.022274,0.001000,0.001000,0.001000,0.001000,0.001000
1061.788462,0.020961,0.001000,0.001000,0.001000,0.001000,0.001000
1061.807692,0.019630,0.001000,0.001000,0.001000,0.001000,0.001000
1061.826923,0.018283,0.001000,0.001000,0.001000,0.001000,0.001000
1061.846154,0.016919,0.001000,0.001000,0.001000,0.001000,0.001000
1061.865385,0.015542,0.001000,0.001000,0.001000,0.001000,0.001000
1061.884615,0.014151,0.001000,0.001000,0.001000,0.001000,0.001000
1061.903846,0.012748,0.001000,0.001000,0.001000,0.001000,0.001000
1061.923077,0.011335,0.001000,0.001000,0.001000,0.001000,0.001000
1061.942308,0.009912,0.001000,0.001000,0.001000,0.001000,0.001000
1061.961538,0.008480,0.001000,0.001000,0.001000,0.001000,0.001000
1061.980769,0.007041,0.001000,0.001000,0.001000,0.001000,0.001000
1062.000000,0.005597,0.001000,0.001000,0.001000,0.001000,0.001000
1062.019231,0.004147,0.001000,0.001000,0.001000,0.001000,0.001000
1062.038462,0.002694,0.001000,0.001000,0.001000,0.001000,0.001000
1062.057692,0.001239,0.001000,0.001000,0.001000,0.001000,0.001000
1062.076923,-0.000217,0.001000,0.001000,0.001000,0.001000,0.001000
1062.096154,-0.001673,0.001000,0.001000,0.001000,0.001000,0.001000
1062.115385,-0.003128,0.001000,0.001000,0.001000,0.001000,0.001000
1062.134615,-0.004580,0.001000,0.001000,0.001000,0.001000,0.001000
1062.153846,-0.006028,0.001000,0.001000,0.001000,0.001000,0.001000
1062.173077,-0.007471,0.001000,0.001000,0.001000,0.001000,0.001000
1062.192308,-0.008908,0.001000,0.001000,0.001000,0.001000,0.001000
1062.211538,-0.010337,0.001000,0.001000,0.001000,0.001000,0.001000
1062.230769,-0.011758,0.001000,0.001000,0.001000,0.001000,0.001000
1062.250000,-0.013168,0.001000,0.001000,0.001000,0.001000,0.001000
1062.269231,-0.014567,0.001000,0.001000,0.001000,0.001000,0.001000
1062.288462,-0.015954,0.001000,0.001000,0.001000,0.001000,0.001000
1062.307692,-0.017328,0.001000,0.001000,0.001000,0.001000,0.001000
1062.326923,-0.018686,0.001000,0.001000,0.001000,0.001000,0.001000
1062.346154,-0.020029,0.001000,0.001000,0.001000,0.001000,0.001000
1062.365385,-0.021355,0.001000,0.001000,0.001000,0.001000,0.001000
1062.384615,-0.022663,0.001000,0.001000,0.001000,0.001000,0.001000
1062.403846,-0.023951,0.001000,0.001000,0.001000,0.001000,0.001000
1062.423077,-0.025219,0.001000,0.001000,0.001000,0.001000,0.001000
1062.442308,-0.026466,0.001000,0.001000,0.001000,0.001000,0.001000
1062.461538,-0.027690,0.001000,0.001000,0.001000,0.001000,0.001000
1062.480769,-0.028891,0.001000,0.001000,0.001000,0.001000,0.001000
1062.500000,-0.030067,0.001000,0.001000,0.001000,0.001000,0.001000
1062.519231,-0.031218,0.001000,0.001000,0.001000,0.001000,0.001000
1062.538462,-0.032342,0.001000,0.001000,0.001000,0.001000,0.001000
1062.557692,-0.033439,0.001000,0.001000,0.001000,0.001000,0.001000
1062.576923,-0.034508,0.001000,0.001000,0.001000,0.001000,0.001000
1062.596154,-0.035547,0.001000,0.001000,0.001000,0.001000,0.001000
1062.615385,-0.036556,0.001000,0.001000,0.001000,0.001000,0.001000
1062.634615,-0.037534,0.001000,0.001000,0.001000,0.001000,0.001000
1062.653846,-0.038480,0.001000,0.001000,0.001000,0.001000,0.001000
1062.673077,-0.039394,0.001000,0.001000,0.001000,0.001000,0.001000
1062.692308,-0.040274,0.001000,0.001000,0.001000,0.001000,0.001000
1062.711538,-0.041120,0.001000,0.001000,0.001000,0.001000,0.001000
1062.730769,-0.041931,0.001000,0.001000,0.001000,0.001000,0.001000
1062.750000,-0.042706,0.001000,0.001000,0.001000,0.001000,0.001000
1062.769231,-0.043445,0.001000,0.001000,0.001000,0.001000,0.001000
1062.788462,-0.044148,0.001000,0.001000,0.001000,0.001000,0.001000
1062.807692,-0.044813,0.001000,0.001000,0.001000,0.001000,0.001000
1062.826923,-0.045440,0.001000,0.001000,0.001000,0.001000,0.001000
1062.846154,-0.046028,0.001000,0.001000,0.001000,0.001000,0.001000
1062.865385,-0.046577,0.001000,0.001000,0.001000,0.001000,0.001000
1062.884615,-0.047087,0.001000,0.001000,0.001000,0.001000,0.001000
1062.903846,-0.047557,0.001000,0.001000,0.001000,0.001000,0.001000
1062.923077,-0.047986,0.001000,0.001000,0.001000,0.001000,0.001000
1062.942308,-0.048375,0.001000,0.001000,0.001000,0.001000,0.001000
1062.961538,-0.048723,0.001000,0.001000,0.001000,0.001000,0.001000
1062.980769,-0.049029,0.001000,0.001000,0.001000,0.001000,0.001000
1063.000000,-0.049294,0.001000,0.001000,0.001000,0.001000,0.001000
1063.019231,-0.049517,0.001000,0.001000,0.001000,0.001000,0.001000
1063.038462,-0.049698,0.001000,0.001000,0.001000,0.001000,0.001000
1063.057692,-0.049837,0.001000,0.001000,0.001000,0.001000,0.001000
1063.076923,-0.049933,0.001000,0.001000,0.001000,0.001000,0.001000
1063.096154,-0.049987,0.001000,0.001000,0.001000,0.001000,0.001000
1063.115385,-0.049999,0.001000,0.001000,0.001000,0.001000,0.001000
1063.134615,-0.049968,0.001000,0.001000,0.001000,0.001000,0.001000
1063.153846,-0.049895,0.001000,0.001000,0.001000,0.001000,0.001000
1063.173077,-0.049780,0.001000,0.001000,0.001000,0.001000,0.001000
1063.192308,-0.049622,0.001000,0.001000,0.001000,0.001000,0.001000
1063.211538,-0.049422,0.001000,0.001000,0.001000,0.001000,0.001000
1063.230769,-0.049181,0.001000,0.001000,0.001000,0.001000,0.001000
1063.250000,-0.048897,0.001000,0.001000,0.001000,0.001000,0.001000
1063.269231,-0.048572,0.001000,0.001000,0.001000,0.001000,0.001000
1063.288462,-0.048206,0.001000,0.001000,0.001000,0.001000,0.001000
1063.307692,-0.047799,0.001000,0.001000,0.001000,0.001000,0.001000
1063.326923,-0.047352,0.001000,0.001000,0.001000,0.001000,0.001000
1063.346154,-0.046864,0.001000,0.001000,0.001000,0.001000,0.001000
1063.365385,-0.046336,0.001000,0.001000,0.001000,0.001000,0.001000
1063.384615,-0.045769,0.001000,0.001000,0.001000,0.001000,0.001000
1063.403846,-0.045164,0.001000,0.001000,0.001000,0.001000,0.001000
1063.423077,-0.044520,0.001000,0.001000,0.001000,0.001000,0.001000
1063.442308,-0.043838,0.001000,0.001000,0.001000,0.001000,0.001000
1063.461538,-0.043119,0.001000,0.001000,0.001000,0.001000,0.001000
1063.480769,-0.042364,0.001000,0.001000,0.001000,0.001000,0.001000
1063.500000,-0.041572,0.001000,0.001000,0.001000,0.001000,0.001000
1063.519231,-0.040745,0.001000,0.001000,0.001000,0.001000,0.001000
1063.538462,-0.039884,0.001000,0.001000,0.001000,0.001000,0.001000
1063.557692,-0.038989,0.001000,0.001000,0.001000,0.001000,0.001000
1063.576923,-0.038061,0.001000,0.001000,0.001000,0.001000,0.001000
1063.596154,-0.037100,0.001000,0.001000,0.001000,0.001000,0.001000
1063.615385,-0.036108,0.001000,0.001000,0.001000,0.001000,0.001000
1063.634615,-0.035085,0.001000,0.001000,0.001000,0.001000,0.001000
1063.653846,-0.034033,0.001000,0.001000,0.001000,0.001000,0.001000
1063.673077,-0.032952,0.001000,0.001000,0.001000,0.001000,0.001000
1063.692308,-0.031843,0.001000,0.001000,0.001000,0.001000,0.001000
1063.711538,-0.030706,0.001000,0.001000,0.001000,0.001000,0.001000
1063.730769,-0.029544,0.001000,0.001000,0.001000,0.001000,0.001000
1063.750000,-0.028357,0.001000,0.001000,0.001000,0.001000,0.001000
1063.769231,-0.027145,0.001000,0.001000,0.001000,0.001000,0.001000
1063.788462,-0.025911,0.001000,0.001000,0.001000,0.001000,0.001000
1063.807692,-0.024654,0.001000,0.001000,0.001000,0.001000,0.001000
1063.826923,-0.023377,0.001000,0.001000,0.001000,0.001000,0.001000
1063.846154,-0.022080,0.001000,0.001000,0.001000,0.001000,0.001000
1063.865385,-0.020764,0.001000,0.001000,0.001000,0.001000,0.001000
1063.884615,-0.019430,0.001000,0.001000,0.001000,0.001000,0.001000
1063.903846,-0.018080,0.001000,0.001000,0.001000,0.001000,0.001000
1063.923077,-0.016715,0.001000,0.001000,0.001000,0.001000,0.001000
1063.942308,-0.015335,0.001000,0.001000,0.001000,0.001000,0.001000
1063.961538,-0.013943,0.001000,0.001000,0.001000,0.001000,0.001000
1063.980769,-0.012538,0.001000,0.001000,0.001000,0.001000,0.001000
1064.000000,-0.011123,0.001000,0.001000,0.001000,0.001000,0.001000
1064.019231,-0.009699,0.001000,0.001000,0.001000,0.001000,0.001000
1064.038462,-0.008266,0.001000,0.001000,0.001000,0.001000,0.001000
1064.057692,-0.006826,0.001000,0.001000,0.001000,0.001000,0.001000
1064.076923,-0.005381,0.001000,0.001000,0.001000,0.001000,0.001000
1064.096154,-0.003931,0.001000,0.001000,0.001000,0.001000,0.001000
1064.115385,-0.002477,0.001000,0.001000,0.001000,0.001000,0.001000
1064.134615,-0.001022,0.001000,0.001000,0.001000,0.001000,0.001000
1064.153846,0.000435,0.001000,0.001000,0.001000,0.001000,0.001000
1064.173077,0.001891,0.001000,0.001000,0.001000,0.001000,0.001000
1064.192308,0.003345,0.001000,0.001000,0.001000,0.001000,0.001000
1064.211538,0.004797,0.001000,0.001000,0.001000,0.001000,0.001000
1064.230769,0.006244,0.001000,0.001000,0.001000,0.001000,0.001000
1064.250000,0.007686,0.001000,0.001000,0.001000,0.001000,0.001000
1064.269231,0.009122,0.001000,0.001000,0.001000,0.001000,0.001000
1064.288462,0.010550,0.001000,0.001000,0.001000,0.001000,0.001000
1064.307692,0.011969,0.001000,0.001000,0.001000,0.001000,0.001000
1064.326923,0.013378,0.001000,0.001000,0.001000,0.001000,0.001000
1064.346154,0.014775,0.001000,0.001000,0.001000,0.001000,0.001000
1064.365385,0.016160,0.001000,0.001000,0.001000,0.001000,0.001000
1064.384615,0.017531,0.001000,0.001000,0.001000,0.001000,0.001000
1064.403846,0.018888,0.001000,0.001000,0.001000,0.001000,0.001000
1064.423077,0.020228,0.001000,0.001000,0.001000,0.001000,0.001000
1064.442308,0.021551,0.001000,0.001000,0.001000,0.001000,0.001000
1064.461538,0.022856,0.001000,0.001000,0.001000,0.001000,0.001000
1064.480769,0.024142,0.001000,0.001000,0.001000,0.001000,0.001000
1064.500000,0.025407,0.001000,0.001000,0.001000,0.001000,0.001000
1064.519231,0.026650,0.001000,0.001000,0.001000,0.001000,0.001000
1064.538462,0.027871,0.001000,0.001000,0.001000,0.001000,0.001000
1064.557692,0.029068,0.001000,0.001000,0.001000,0.001000,0.001000
1064.576923,0.030241,0.001000,0.001000,0.001000,0.001000,0.001000
1064.596154,0.031388,0.001000,0.001000,0.001000,0.001000,0.001000
1064.615385,0.032508,0.001000,0.001000,0.001000,0.001000,0.001000
1064.634615,0.033600,0.001000,0.001000,0.001000,0.001000,0.001000
1064.653846,0.034665,0.001000,0.001000,0.001000,0.001000,0.001000
1064.673077,0.035699,0.001000,0.001000,0.001000,0.001000,0.001000
1064.692308,0.036704,0.001000,0.001000,0.001000,0.001000,0.001000
1064.711538,0.037677,0.001000,0.001000,0.001000,0.001000,0.001000
1064.730769,0.038618,0.001000,0.001000,0.001000,0.001000,0.001000
1064.750000,0.039527,0.001000,0.001000,0.001000,0.001000,0.001000
1064.769231,0.040402,0.001000,0.001000,0.001000,0.001000,0.001000
1064.788462,0.041243,0.001000,0.001000,0.001000,0.001000,0.001000
1064.807692,0.042049,0.001000,0.001000,0.001000,0.001000,0.001000
1064.826923,0.042819,0.001000,0.001000,0.001000,0.001000,0.001000
1064.846154,0.043553,0.001000,0.001000,0.001000,0.001000,0.001000
1064.865385,0.044249,0.001000,0.001000,0.001000,0.001000,0.001000
1064.884615,0.044909,0.001000,0.001000,0.001000,0.001000,0.001000
1064.903846,0.045530,0.001000,0.001000,0.001000,0.001000,0.001000
1064.923077,0.046112,0.001000,0.001000,0.001000,0.001000,0.001000
1064.942308,0.046656,0.001000,0.001000,0.001000,0.001000,0.001000
1064.961538,0.047160,0.001000,0.001000,0.001000,0.001000,0.001000
1064.980769,0.047623,0.001000,0.001000,0.001000,0.001000,0.001000
1065.000000,0.048047,0.001000,0.001000,0.001000,0.001000,0.001000
1065.019231,0.048430,0.001000,0.001000,0.001000,0.001000,0.001000
1065.038462,0.048771,0.001000,0.001000,0.001000,0.001000,0.001000
1065.057692,0.049071,0.001000,0.001000,0.001000,0.001000,0.001000
1065.076923,0.049330,0.001000,0.001000,0.001000,0.001000,0.001000
1065.096154,0.049547,0.001000,0.001000,0.001000,0.001000,0.001000
1065.115385,0.049721,0.001000,0.001000,0.001000,0.001000,0.001000
1065.134615,0.049854,0.001000,0.001000,0.001000,0.001000,0.001000
1065.153846,0.049944,0.001000,0.001000,0.001000,0.001000,0.001000
1065.173077,0.049992,0.001000,0.001000,0.001000,0.001000,0.001000
1065.192308,0.049997,0.001000,0.001000,0.001000,0.001000,0.001000
1065.211538,0.049960,0.001000,0.001000,0.001000,0.001000,0.001000
1065.230769,0.049881,0.001000,0.001000,0.001000,0.001000,0.001000
1065.250000,0.049759,0.001000,0.001000,0.001000,0.001000,0.001000
1065.269231,0.049595,0.001000,0.001000,0.001000,0.001000,0.001000
1065.288462,0.049389,0.001000,0.001000,0.001000,0.001000,0.001000
1065.307692,0.049141,0.001000,0.001000,0.001000,0.001000,0.001000
1065.326923,0.048851,0.001000,0.001000,0.001000,0.001000,0.001000
1065.346154,0.048520,0.001000,0.001000,0.001000,0.001000,0.001000
1065.365385,0.048148,0.001000,0.001000,0.001000,0.001000,0.001000
1065.384615,0.047735,0.001000,0.001000,0.001000,0.001000,0.001000
1065.403846,0.047281,0.001000,0.001000,0.001000,0.001000,0.001000
1065.423077,0.046788,0.001000,0.001000,0.001000,0.001000,0.001000
1065.442308,0.046254,0.001000,0.001000,0.001000,0.001000,0.001000
1065.461538,0.045682,0.001000,0.001000,0.001000,0.001000,0.001000
1065.480769,0.045070,0.001000,0.001000,0.001000,0.001000,0.001000
1065.500000,0.044420,0.001000,0.001000,0.001000,0.001000,0.001000
1065.519231,0.043733,0.001000,0.001000,0.001000,0.001000,0.001000
1065.538462,0.043009,0.001000,0.001000,0.001000,0.001000,0.001000
1065.557692,0.042248,0.001000,0.001000,0.001000,0.001000,0.001000
1065.576923,0.041451,0.001000,0.001000,0.001000,0.001000,0.001000
1065.596154,0.040619,0.001000,0.001000,0.001000,0.001000,0.001000
1065.615385,0.039753,0.001000,0.001000,0.001000,0.001000,0.001000
1065.634615,0.038852,0.001000,0.001000,0.001000,0.001000,0.001000
1065.653846,0.037919,0.001000,0.001000,0.001000,0.001000,0.001000
1065.673077,0.036954,0.001000,0.001000,0.001000,0.001000,0.001000
1065.692308,0.035957,0.001000,0.001000,0.001000,0.001000,0.001000
1065.711538,0.034930,0.001000,0.001000,0.001000,0.001000,0.001000
1065.730769,0.033874,0.001000,0.001000,0.001000,0.001000,0.001000
1065.750000,0.032788,0.001000,0.001000,0.001000,0.001000,0.001000
1065.769231,0.031675,0.001000,0.001000,0.001000,0.001000,0.001000
1065.788462,0.030534,0.001000,0.001000,0.001000,0.001000,0.001000
1065.807692,0.029368,0.001000,0.001000,0.001000,0.001000,0.001000
1065.826923,0.028177,0.001000,0.001000,0.001000,0.001000,0.001000
1065.846154,0.026962,0.001000,0.001000,0.001000,0.001000,0.001000
1065.865385,0.025725,0.001000,0.001000,0.001000,0.001000,0.001000
1065.884615,0.024465,0.001000,0.001000,0.001000,0.001000,0.001000
1065.903846,0.023185,0.001000,0.001000,0.001000,0.001000,0.001000
1065.923077,0.021885,0.001000,0.001000,0.001000,0.001000,0.001000
1065.942308,0.020566,0.001000,0.001000,0.001000,0.001000,0.001000
1065.961538,0.019230,0.001000,0.001000,0.001000,0.001000,0.001000
1065.980769,0.017877,0.001000,0.001000,0.001000,0.001000,0.001000
1066.000000,0.016510,0.001000,0.001000,0.001000,0.001000,0.001000
1066.019231,0.015128,0.001000,0.001000,0.001000,0.001000,0.001000
1066.038462,0.013734,0.001000,0.001000,0.001000,0.001000,0.001000
1066.057692,0.012328,0.001000,0.001000,0.001000,0.001000,0.001000
1066.076923,0.010911,0.001000,0.001000,0.001000,0.001000,0.001000
1066.096154,0.009485,0.001000,0.001000,0.001000,0.001000,0.001000
1066.115385,0.008052,0.001000,0.001000,0.001000,0.001000,0.001000
1066.134615,0.006611,0.001000,0.001000,0.001000,0.001000,0.001000
1066.153846,0.005165,0.001000,0.001000,0.001000,0.001000,0.001000
1066.173077,0.003714,0.001000,0.001000,0.001000,0.001000,0.001000
1066.192308,0.002260,0.001000,0.001000,0.001000,0.001000,0.001000
1066.211538,0.000805,0.001000,0.001000,0.001000,0.001000,0.001000
1066.230769,-0.000652,0.001000,0.001000,0.001000,0.001000,0.001000
1066.250000,-0.002108,0.001000,0.001000,0.001000,0.001000,0.001000
1066.269231,-0.003562,0.001000,0.001000,0.001000,0.001000,0.001000
1066.288462,-0.005013,0.001000,0.001000,0.001000,0.001000,0.001000
1066.307692,-0.006460,0.001000,0.001000,0.001000,0.001000,0.001000
1066.326923,-0.007901,0.001000,0.001000,0.001000,0.001000,0.001000
1066.346154,-0.009335,0.001000,0.001000,0.001000,0.001000,0.001000
1066.365385,-0.010762,0.001000,0.001000,0.001000,0.001000,0.001000
1066.384615,-0.012180,0.001000,0.001000,0.001000,0.001000,0.001000
1066.403846,-0.013587,0.001000,0.001000,0.001000,0.001000,0.001000
1066.423077,-0.014983,0.001000,0.001000,0.001000,0.001000,0.001000
1066.442308,-0.016366,0.001000,0.001000,0.001000,0.001000,0.001000
1066.461538,-0.017735,0.001000,0.001000,0.001000,0.001000,0.001000
1066.480769,-0.019089,0.001000,0.001000,0.001000,0.001000,0.001000
1066.500000,-0.020427,0.001000,0.001000,0.001000,0.001000,0.001000
1066.519231,-0.021747,0.001000,0.001000,0.001000,0.001000,0.001000
1066.538462,-0.023049,0.001000,0.001000,0.001000,0.001000,0.001000
1066.557692,-0.024332,0.001000,0.001000,0.001000,0.001000,0.001000
1066.576923,-0.025593,0.001000,0.001000,0.001000,0.001000,0.001000
1066.596154,-0.026834,0.001000,0.001000,0.001000,0.001000,0.001000
1066.615385,-0.028051,0.001000,0.001000,0.001000,0.001000,0.001000
1066.634615,-0.029245,0.001000,0.001000,0.001000,0.001000,0.001000
1066.653846,-0.030413,0.001000,0.001000,0.001000,0.001000,0.001000
1066.673077,-0.031556,0.001000,0.001000,0.001000,0.001000,0.001000
1066.692308,-0.032673,0.001000,0.001000,0.001000,0.001000,0.001000
1066.711538,-0.033761,0.001000,0.001000,0.001000,0.001000,0.001000
1066.730769,-0.034821,0.001000,0.001000,0.001000,0.001000,0.001000
1066.750000,-0.035851,0.001000,0.001000,0.001000,0.001000,0.001000
1066.769231,-0.036851,0.001000,0.001000,0.001000,0.001000,0.001000
1066.788462,-0.037820,0.001000,0.001000,0.001000,0.001000,0.001000
1066.807692,-0.038756,0.001000,0.001000,0.001000,0.001000,0.001000
1066.826923,-0.039660,0.001000,0.001000,0.001000,0.001000,0.001000
1066.846154,-0.040530,0.001000,0.001000,0.001000,0.001000,0.001000
1066.865385,-0.041365,0.001000,0.001000,0.001000,0.001000,0.001000
1066.884615,-0.042166,0.001000,0.001000,0.001000,0.001000,0.001000
1066.903846,-0.042931,0.001000,0.001000,0.001000,0.001000,0.001000
1066.923077,-0.043659,0.001000,0.001000,0.001000,0.001000,0.001000
1066.942308,-0.044350,0.001000,0.001000,0.001000,0.001000,0.001000
1066.961538,-0.045004,0.001000,0.001000,0.001000,0.001000,0.001000
1066.980769,-0.045619,0.001000,0.001000,0.001000,0.001000,0.001000
1067.000000,-0.046196,0.001000,0.001000,0.001000,0.001000,0.001000
1067.019231,-0.046733,0.001000,0.001000,0.001000,0.001000,0.001000
1067.038462,-0.047231,0.001000,0.001000,0.001000,0.001000,0.001000
1067.057692,-0.047689,0.001000,0.001000,0.001000,0.001000,0.001000
1067.076923,-0.048107,0.001000,0.001000,0.001000,0.001000,0.001000
1067.096154,-0.048483,0.001000,0.001000,0.001000,0.001000,0.001000
1067.115385,-0.048819,0.001000,0.001000,0.001000,0.001000,0.001000
1067.134615,-0.049113,0.001000,0.001000,0.001000,0.001000,0.001000
1067.153846,-0.049365,0.001000,0.001000,0.001000,0.001000,0.001000
1067.173077,-0.049575,0.001000,0.001000,0.001000,0.001000,0.001000
1067.192308,-0.049744,0.001000,0.001000,0.001000,0.001000,0.001000
1067.211538,-0.049870,0.001000,0.001000,0.001000,0.001000,0.001000
1067.230769,-0.049954,0.001000,0.001000,0.001000,0.001000,0.001000
1067.250000,-0.049995,0.001000,0.001000,0.001000,0.001000,0.001000
1067.269231,-0.049994,0.001000,0.001000,0.001000,0.001000,0.001000
1067.288462,-0.049951,0.001000,0.001000,0.001000,0.001000,0.001000
1067.307692,-0.049865,0.001000,0.001000,0.001000,0.001000,0.001000
1067.326923,-0.049737,0.001000,0.001000,0.001000,0.001000,0.001000
1067.346154,-0.049567,0.001000,0.001000,0.001000,0.001000,0.001000
1067.365385,-0.049355,0.001000,0.001000,0.001000,0.001000,0.001000
1067.384615,-0.049100,0.001000,0.001000,0.001000,0.001000,0.001000
1067.403846,-0.048805,0.001000,0.001000,0.001000,0.001000,0.001000
1067.423077,-0.048467,0.001000,0.001000,0.001000,0.001000,0.001000
1067.442308,-0.048089,0.001000,0.001000,0.001000,0.001000,0.001000
1067.461538,-0.047670,0.001000,0.001000,0.001000,0.001000,0.001000
1067.480769,-0.047210,0.001000,0.001000,0.001000,0.001000,0.001000
1067.500000,-0.046710,0.001000,0.001000,0.001000,0.001000,0.001000
1067.519231,-0.046171,0.001000,0.001000,0.001000,0.001000,0.001000
1067.538462,-0.045593,0.001000,0.001000,0.001000,0.001000,0.001000
1067.557692,-0.044976,0.001000,0.001000,0.001000,0.001000,0.001000
1067.576923,-0.044320,0.001000,0.001000,0.001000,0.001000,0.001000
1067.596154,-0.043627,0.001000,0.001000,0.001000,0.001000,0.001000
1067.615385,-0.042897,0.001000,0.001000,0.001000,0.001000,0.001000
1067.634615,-0.042131,0.001000,0.001000,0.001000,0.001000,0.001000
1067.653846,-0.041329,0.001000,0.001000,0.001000,0.001000,0.001000
1067.673077,-0.040492,0.001000,0.001000,0.001000,0.001000,0.001000
1067.692308,-0.039620,0.001000,0.001000,0.001000,0.001000,0.001000
1067.711538,-0.038715,0.001000,0.001000,0.001000,0.001000,0.001000
1067.730769,-0.037777,0.001000,0.001000,0.001000,0.001000,0.001000
1067.750000,-0.036807,0.001000,0.001000,0.001000,0.001000,0.001000
1067.769231,-0.035806,0.001000,0.001000,0.001000,0.001000,0.001000
1067.788462,-0.034775,0.001000,0.001000,0.001000,0.001000,0.001000
1067.807692,-0.033713,0.001000,0.001000,0.001000,0.001000,0.001000
1067.826923,-0.032624,0.001000,0.001000,0.001000,0.001000,0.001000
1067.846154,-0.031506,0.001000,0.001000,0.001000,0.001000,0.001000
1067.865385,-0.030362,0.001000,0.001000,0.001000,0.001000,0.001000
1067.884615,-0.029192,0.001000,0.001000,0.001000,0.001000,0.001000
1067.903846,-0.027998,0.001000,0.001000,0.001000,0.001000,0.001000
1067.923077,-0.026779,0.001000,0.001000,0.001000,0.001000,0.001000
1067.942308,-0.025538,0.001000,0.001000,0.001000,0.001000,0.001000
1067.961538,-0.024275,0.001000,0.001000,0.001000,0.001000,0.001000
1067.980769,-0.022992,0.001000,0.001000,0.001000,0.001000,0.001000
1068.000000,-0.021689,0.001000,0.001000,0.001000,0.001000,0.001000
1068.019231,-0.020368,0.001000,0.001000,0.001000,0.001000,0.001000
1068.038462,-0.019029,0.001000,0.001000,0.001000,0.001000,0.001000
1068.057692,-0.017674,0.001000,0.001000,0.001000,0.001000,0.001000
1068.076923,-0.016305,0.001000,0.001000,0.001000,0.001000,0.001000
1068.096154,-0.014921,0.001000,0.001000,0.001000,0.001000,0.001000
1068.115385,-0.013525,0.001000,0.001000,0.001000,0.001000,0.001000
1068.134615,-0.012117,0.001000,0.001000,0.001000,0.001000,0.001000
1068.153846,-0.010699,0.001000,0.001000,0.001000,0.001000,0.001000
1068.173077,-0.009272,0.001000,0.001000,0.001000,0.001000,0.001000
1068.192308,-0.007837,0.001000,0.001000,0.001000,0.001000,0.001000
1068.211538,-0.006396,0.001000,0.001000,0.001000,0.001000,0.001000
1068.230769,-0.004949,0.001000,0.001000,0.001000,0.001000,0.001000
1068.250000,-0.003497,0.001000,0.001000,0.001000,0.001000,0.001000
1068.269231,-0.002043,0.001000,0.001000,0.001000,0.001000,0.001000
1068.288462,-0.000587,0.001000,0.001000,0.001000,0.001000,0.001000
1068.307692,0.000869,0.001000,0.001000,0.001000,0.001000,0.001000
1068.326923,0.002325,0.001000,0.001000,0.001000,0.001000,0.001000
1068.346154,0.003778,0.001000,0.001000,0.001000,0.001000,0.001000
1068.365385,0.005229,0.001000,0.001000,0.001000,0.001000,0.001000
1068.384615,0.006675,0.001000,0.001000,0.001000,0.001000,0.001000
1068.403846,0.008115,0.001000,0.001000,0.001000,0.001000,0.001000
1068.423077,0.009549,0.001000,0.001000,0.001000,0.001000,0.001000
1068.442308,0.010974,0.001000,0.001000,0.001000,0.001000,0.001000
1068.461538,0.012390,0.001000,0.001000,0.001000,0.001000,0.001000
1068.480769,0.013796,0.001000,0.001000,0.001000,0.001000,0.001000
1068.500000,0.015190,0.001000,0.001000,0.001000,0.001000,0.001000
1068.519231,0.016571,0.001000,0.001000,0.001000,0.001000,0.001000
1068.538462,0.017938,0.001000,0.001000,0.001000,0.001000,0.001000
1068.557692,0.019289,0.001000,0.001000,0.001000,0.001000,0.001000
1068.576923,0.020625,0.001000,0.001000,0.001000,0.001000,0.001000
1068.596154,0.021943,0.001000,0.001000,0.001000,0.001000,0.001000
1068.615385,0.023242,0.001000,0.001000,0.001000,0.001000,0.001000
1068.634615,0.024521,0.001000,0.001000,0.001000,0.001000,0.001000
1068.653846,0.025780,0.001000,0.001000,0.001000,0.001000,0.001000
1068.673077,0.027017,0.001000,0.001000,0.001000,0.001000,0.001000
1068.692308,0.028231,0.001000,0.001000,0.001000,0.001000,0.001000
1068.711538,0.029421,0.001000,0.001000,0.001000,0.001000,0.001000
1068.730769,0.030586,0.001000,0.001000,0.001000,0.001000,0.001000
1068.750000,0.031725,0.001000,0.001000,0.001000,0.001000,0.001000
1068.769231,0.032837,0.001000,0.001000,0.001000,0.001000,0.001000
1068.788462,0.033921,0.001000,0.001000,0.001000,0.001000,0.001000
1068.807692,0.034976,0.001000,0.001000,0.001000,0.001000,0.001000
1068.826923,0.036002,0.001000,0.001000,0.001000,0.001000,0.001000
1068.846154,0.036998,0.001000,0.001000,0.001000,0.001000,0.001000
1068.865385,0.037961,0.001000,0.001000,0.001000,0.001000,0.001000
1068.884615,0.038893,0.001000,0.001000,0.001000,0.001000,0.001000
1068.903846,0.039792,0.001000,0.001000,0.001000,0.001000,0.001000
1068.923077,0.040657,0.001000,0.001000,0.001000,0.001000,0.001000
1068.942308,0.041487,0.001000,0.001000,0.001000,0.001000,0.001000
1068.961538,0.042282,0.001000,0.001000,0.001000,0.001000,0.001000
1068.980769,0.043042,0.001000,0.001000,0.001000,0.001000,0.001000
1069.000000,0.043764,0.001000,0.001000,0.001000,0.001000,0.001000
1069.019231,0.044450,0.001000,0.001000,0.001000,0.001000,0.001000
1069.038462,0.045098,0.001000,0.001000,0.001000,0.001000,0.001000
1069.057692,0.045708,0.001000,0.001000,0.001000,0.001000,0.001000
1069.076923,0.046279,0.001000,0.001000,0.001000,0.001000,0.001000
1069.096154,0.046810,0.001000,0.001000,0.001000,0.001000,0.001000
1069.115385,0.047302,0.001000,0.001000,0.001000,0.001000,0.001000
1069.134615,0.047754,0.001000,0.001000,0.001000,0.001000,0.001000
1069.153846,0.048165,0.001000,0.001000,0.001000,0.001000,0.001000
1069.173077,0.048536,0.001000,0.001000,0.001000,0.001000,0.001000
1069.192308,0.048865,0.001000,0.001000,0.001000,0.001000,0.001000
1069.211538,0.049153,0.001000,0.001000,0.001000,0.001000,0.001000
1069.230769,0.049399,0.001000,0.001000,0.001000,0.001000,0.001000
1069.250000,0.049603,0.001000,0.001000,0.001000,0.001000,0.001000
1069.269231,0.049765,0.001000,0.001000,0.001000,0.001000,0.001000
1069.288462,0.049885,0.001000,0.001000,0.001000,0.001000,0.001000
1069.307692,0.049963,0.001000,0.001000,0.001000,0.001000,0.001000
1069.326923,0.049998,0.001000,0.001000,0.001000,0.001000,0.001000
1069.346154,0.049990,0.001000,0.001000,0.001000,0.001000,0.001000
1069.365385,0.049941,0.001000,0.001000,0.001000,0.001000,0.001000
1069.384615,0.049849,0.001000,0.001000,0.001000,0.001000,0.001000
1069.403846,0.049714,0.001000,0.001000,0.001000,0.001000,0.001000
1069.423077,0.049538,0.001000,0.001000,0.001000,0.001000,0.001000
1069.442308,0.049319,0.001000,0.001000,0.001000,0.001000,0.001000
1069.461538,0.049059,0.001000,0.001000,0.001000,0.001000,0.001000
1069.480769,0.048757,0.001000,0.001000,0.001000,0.001000,0.001000
1069.500000,0.048413,0.001000,0.001000,0.001000,0.001000,0.001000
1069.519231,0.048029,0.001000,0.001000,0.001000,0.001000,0.001000
1069.538462,0.047604,0.001000,0.001000,0.001000,0.001000,0.001000
1069.557692,0.047138,0.001000,0.001000,0.001000,0.001000,0.001000
1069.576923,0.046633,0.001000,0.001000,0.001000,0.001000,0.001000
1069.596154,0.046087,0.001000,0.001000,0.001000,0.001000,0.001000
1069.615385,0.045503,0.001000,0.001000,0.001000,0.001000,0.001000
1069.634615,0.044880,0.001000,0.001000,0.001000,0.001000,0.001000
1069.653846,0.044219,0.001000,0.001000,0.001000,0.001000,0.001000
1069.673077,0.043521,0.001000,0.001000,0.001000,0.001000,0.001000
1069.692308,0.042785,0.001000,0.001000,0.001000,0.001000,0.001000
1069.711538,0.042014,0.001000,0.001000,0.001000,0.001000,0.001000
1069.730769,0.041206,0.001000,0.001000,0.001000,0.001000,0.001000
1069.750000,0.040364,0.001000,0.001000,0.001000,0.001000,0.001000
1069.769231,0.039488,0.001000,0.001000,0.001000,0.001000,0.001000
1069.788462,0.038577,0.001000,0.001000,0.001000,0.001000,0.001000
1069.807692,0.037635,0.001000,0.001000,0.001000,0.001000,0.001000
1069.826923,0.036660,0.001000,0.001000,0.001000,0.001000,0.001000
1069.846154,0.035654,0.001000,0.001000,0.001000,0.001000,0.001000
1069.865385,0.034618,0.001000,0.001000,0.001000,0.001000,0.001000
1069.884615,0.033553,0.001000,0.001000,0.001000,0.001000,0.001000
1069.903846,0.032459,0.001000,0.001000,0.001000,0.001000,0.001000
1069.923077,0.031337,0.001000,0.001000,0.001000,0.001000,0.001000
1069.942308,0.030189,0.001000,0.001000,0.001000,0.001000,0.001000
1069.961538,0.029016,0.001000,0.001000,0.001000,0.001000,0.001000
1069.980769,0.027817,0.001000,0.001000,0.001000,0.001000,0.001000
1070.000000,0.026595,0.001000,0.001000,0.001000,0.001000,0.001000
1070.019231,0.025351,0.001000,0.001000,0.001000,0.001000,0.001000
1070.038462,0.024085,0.001000,0.001000,0.001000,0.001000,0.001000
1070.057692,0.022799,0.001000,0.001000,0.001000,0.001000,0.001000
1070.076923,0.021493,0.001000,0.001000,0.001000,0.001000,0.001000
1070.096154,0.020169,0.001000,0.001000,0.001000,0.001000,0.001000
1070.115385,0.018828,0.001000,0.001000,0.001000,0.001000,0.001000
1070.134615,0.017471,0.001000,0.001000,0.001000,0.001000,0.001000
1070.153846,0.016099,0.001000,0.001000,0.001000,0.001000,0.001000
1070.173077,0.014713,0.001000,0.001000,0.001000,0.001000,0.001000
1070.192308,0.013315,0.001000,0.001000,0.001000,0.001000,0.001000
1070.211538,0.011906,0.001000,0.001000,0.001000,0.001000,0.001000
1070.230769,0.010487,0.001000,0.001000,0.001000,0.001000,0.001000
1070.250000,0.009058,0.001000,0.001000,0.001000,0.001000,0.001000
1070.269231,0.007622,0.001000,0.001000,0.001000,0.001000,0.001000
1070.288462,0.006180,0.001000,0.001000,0.001000,0.001000,0.001000
1070.307692,0.004732,0.001000,0.001000,0.001000,0.001000,0.001000
1070.326923,0.003281,0.001000,0.001000,0.001000,0.001000,0.001000
1070.346154,0.001826,0.001000,0.001000,0.001000,0.001000,0.001000
1070.365385,0.000370,0.001000,0.001000,0.001000,0.001000,0.001000
1070.384615,-0.001086,0.001000,0.001000,0.001000,0.001000,0.001000
1070.403846,-0.002542,0.001000,0.001000,0.001000,0.001000,0.001000
1070.423077,-0.003995,0.001000,0.001000,0.001000,0.001000,0.001000
1070.442308,-0.005445,0.001000,0.001000,0.001000,0.001000,0.001000
1070.461538,-0.006890,0.001000,0.001000,0.001000,0.001000,0.001000
1070.480769,-0.008330,0.001000,0.001000,0.001000,0.001000,0.001000
1070.500000,-0.009762,0.001000,0.001000,0.001000,0.001000,0.001000
1070.519231,-0.011186,0.001000,0.001000,0.001000,0.001000,0.001000
1070.538462,-0.012601,0.001000,0.001000,0.001000,0.001000,0.001000
1070.557692,-0.014005,0.001000,0.001000,0.001000,0.001000,0.001000
1070.576923,-0.015397,0.001000,0.001000,0.001000,0.001000,0.001000
1070.596154,-0.016776,0.001000,0.001000,0.001000,0.001000,0.001000
1070.615385,-0.018140,0.001000,0.001000,0.001000,0.001000,0.001000
1070.634615,-0.019490,0.001000,0.001000,0.001000,0.001000,0.001000
1070.653846,-0.020822,0.001000,0.001000,0.001000,0.001000,0.001000
1070.673077,-0.022138,0.001000,0.001000,0.001000,0.001000,0.001000
1070.692308,-0.023434,0.001000,0.001000,0.001000,0.001000,0.001000
1070.711538,-0.024710,0.001000,0.001000,0.001000,0.001000,0.001000
1070.730769,-0.025966,0.001000,0.001000,0.001000,0.001000,0.001000
1070.750000,-0.027199,0.001000,0.001000,0.001000,0.001000,0.001000
1070.769231,-0.028410,0.001000,0.001000,0.001000,0.001000,0.001000
1070.788462,-0.029596,0.001000,0.001000,0.001000,0.001000,0.001000
1070.807692,-0.030757,0.001000,0.001000,0.001000,0.001000,0.001000
1070.826923,-0.031892,0.001000,0.001000,0.001000,0.001000,0.001000
1070.846154,-0.033000,0.001000,0.001000,0.001000,0.001000,0.001000
1070.865385,-0.034080,0.001000,0.001000,0.001000,0.001000,0.001000
1070.884615,-0.035131,0.001000,0.001000,0.001000,0.001000,0.001000
1070.903846,-0.036153,0.001000,0.001000,0.001000,0.001000,0.001000
1070.923077,-0.037143,0.001000,0.001000,0.001000,0.001000,0.001000
1070.942308,-0.038102,0.001000,0.001000,0.001000,0.001000,0.001000
1070.961538,-0.039029,0.001000,0.001000,0.001000,0.001000,0.001000
1070.980769,-0.039923,0.001000,0.001000,0.001000,0.001000,0.001000
1071.000000,-0.040783,0.001000,0.001000,0.001000,0.001000,0.001000
1071.019231,-0.041608,0.001000,0.001000,0.001000,0.001000,0.001000
1071.038462,-0.042398,0.001000,0.001000,0.001000,0.001000,0.001000
1071.057692,-0.043152,0.001000,0.001000,0.001000,0.001000,0.001000
1071.076923,-0.043869,0.001000,0.001000,0.001000,0.001000,0.001000
1071.096154,-0.044549,0.001000,0.001000,0.001000,0.001000,0.001000
1071.115385,-0.045191,0.001000,0.001000,0.001000,0.001000,0.001000
1071.134615,-0.045795,0.001000,0.001000,0.001000,0.001000,0.001000
1071.153846,-0.046360,0.001000,0.001000,0.001000,0.001000,0.001000
1071.173077,-0.046886,0.001000,0.001000,0.001000,0.001000,0.001000
1071.192308,-0.047372,0.001000,0.001000,0.001000,0.001000,0.001000
1071.211538,-0.047818,0.001000,0.001000,0.001000,0.001000,0.001000
1071.230769,-0.048223,0.001000,0.001000,0.001000,0.001000,0.001000
1071.250000,-0.048588,0.001000,0.001000,0.001000,0.001000,0.001000
1071.269231,-0.048911,0.001000,0.001000,0.001000,0.001000,0.001000
1071.288462,-0.049192,0.001000,0.001000,0.001000,0.001000,0.001000
1071.307692,-0.049432,0.001000,0.001000,0.001000,0.001000,0.001000
1071.326923,-0.049630,0.001000,0.001000,0.001000,0.001000,0.001000
1071.346154,-0.049786,0.001000,0.001000,0.001000,0.001000,0.001000
1071.365385,-0.049899,0.001000,0.001000,0.001000,0.001000,0.001000
1071.384615,-0.049970,0.001000,0.001000,0.001000,0.001000,0.001000
1071.403846,-0.049999,0.001000,0.001000,0.001000,0.001000,0.001000
1071.423077,-0.049986,0.001000,0.001000,0.001000,0.001000,0.001000
1071.442308,-0.049930,0.001000,0.001000,0.001000,0.001000,0.001000
1071.461538,-0.049831,0.001000,0.001000,0.001000,0.001000,0.001000
1071.480769,-0.049691,0.001000,0.001000,0.001000,0.001000,0.001000
1071.500000,-0.049508,0.001000,0.001000,0.001000,0.001000,0.001000
1071.519231,-0.049283,0.001000,0.001000,0.001000,0.001000,0.001000
1071.538462,-0.049016,0.001000,0.001000,0.001000,0.001000,0.001000
1071.557692,-0.048708,0.001000,0.001000,0.001000,0.001000,0.001000
1071.576923,-0.048359,0.001000,0.001000,0.001000,0.001000,0.001000
1071.596154,-0.047968,0.001000,0.001000,0.001000,0.001000,0.001000
1071.615385,-0.047537,0.001000,0.001000,0.001000,0.001000,0.001000
1071.634615,-0.047065,0.001000,0.001000,0.001000,0.001000,0.001000
1071.653846,-0.046554,0.001000,0.001000,0.001000,0.001000,0.001000
1071.673077,-0.046003,0.001000,0.001000,0.001000,0.001000,0.001000
1071.692308,-0.045413,0.001000,0.001000,0.001000,0.001000,0.001000
1071.711538,-0.044784,0.001000,0.001000,0.001000,0.001000,0.001000
1071.730769,-0.044117,0.001000,0.001000,0.001000,0.001000,0.001000
1071.750000,-0.043413,0.001000,0.001000,0.001000,0.001000,0.001000
1071.769231,-0.042673,0.001000,0.001000,0.001000,0.001000,0.001000
1071.788462,-0.041896,0.001000,0.001000,0.001000,0.001000,0.001000
1071.807692,-0.041083,0.001000,0.001000,0.001000,0.001000,0.001000
1071.826923,-0.040235,0.001000,0.001000,0.001000,0.001000,0.001000
1071.846154,-0.039354,0.001000,0.001000,0.001000,0.001000,0.001000
1071.865385,-0.038439,0.001000,0.001000,0.001000,0.001000,0.001000
1071.884615,-0.037491,0.001000,0.001000,0.001000,0.001000,0.001000
1071.903846,-0.036512,0.001000,0.001000,0.001000,0.001000,0.001000
1071.923077,-0.035501,0.001000,0.001000,0.001000,0.001000,0.001000
1071.942308,-0.034461,0.001000,0.001000,0.001000,0.001000,0.001000
1071.961538,-0.033391,0.001000,0.001000,0.001000,0.001000,0.001000
1071.980769,-0.032293,0.001000,0.001000,0.001000,0.001000,0.001000
1072.000000,-0.031168,0.001000,0.001000,0.001000,0.001000,0.001000
1072.019231,-0.030016,0.001000,0.001000,0.001000,0.001000,0.001000
1072.038462,-0.028838,0.001000,0.001000,0.001000,0.001000,0.001000
1072.057692,-0.027636,0.001000,0.001000,0.001000,0.001000,0.001000
1072.076923,-0.026411,0.001000,0.001000,0.001000,0.001000,0.001000
1072.096154,-0.025163,0.001000,0.001000,0.001000,0.001000,0.001000
1072.115385,-0.023894,0.001000,0.001000,0.001000,0.001000,0.001000
1072.134615,-0.022605,0.001000,0.001000,0.001000,0.001000,0.001000
1072.153846,-0.021297,0.001000,0.001000,0.001000,0.001000,0.001000
1072.173077,-0.019970,0.001000,0.001000,0.001000,0.001000,0.001000
1072.192308,-0.018626,0.001000,0.001000,0.001000,0.001000,0.001000
1072.211538,-0.017267,0.001000,0.001000,0.001000,0.001000,0.001000
1072.230769,-0.015893,0.001000,0.001000,0.001000,0.001000,0.001000
1072.250000,-0.014506,0.001000,0.001000,0.001000,0.001000,0.001000
1072.269231,-0.013106,0.001000,0.001000,0.001000,0.001000,0.001000
1072.288462,-0.011695,0.001000,0.001000,0.001000,0.001000,0.001000
1072.307692,-0.010274,0.001000,0.001000,0.001000,0.001000,0.001000
1072.326923,-0.008845,0.001000,0.001000,0.001000,0.001000,0.001000
1072.346154,-0.007408,0.001000,0.001000,0.001000,0.001000,0.001000
1072.365385,-0.005964,0.001000,0.001000,0.001000,0.001000,0.001000
1072.384615,-0.004516,0.001000,0.001000,0.001000,0.001000,0.001000
1072.403846,-0.003064,0.001000,0.001000,0.001000,0.001000,0.001000
1072.423077,-0.001609,0.001000,0.001000,0.001000,0.001000,0.001000
1072.442308,-0.000153,0.001000,0.001000,0.001000,0.001000,0.001000
1072.461538,0.001304,0.001000,0.001000,0.001000,0.001000,0.001000
1072.480769,0.002759,0.001000,0.001000,0.001000,0.001000,0.001000
1072.500000,0.004212,0.001000,0.001000,0.001000,0.001000,0.001000
1072.519231,0.005661,0.001000,0.001000,0.001000,0.001000,0.001000
1072.538462,0.007105,0.001000,0.001000,0.001000,0.001000,0.001000
1072.557692,0.008544,0.001000,0.001000,0.001000,0.001000,0.001000
1072.576923,0.009975,0.001000,0.001000,0.001000,0.001000,0.001000
1072.596154,0.011398,0.001000,0.001000,0.001000,0.001000,0.001000
1072.615385,0.012811,0.001000,0.001000,0.001000,0.001000,0.001000
1072.634615,0.014213,0.001000,0.001000,0.001000,0.001000,0.001000
1072.653846,0.015603,0.001000,0.001000,0.001000,0.001000,0.001000
1072.673077,0.016980,0.001000,0.001000,0.001000,0.001000,0.001000
1072.692308,0.018343,0.001000,0.001000,0.001000,0.001000,0.001000
1072.711538,0.019690,0.001000,0.001000,0.001000,0.001000,0.001000
1072.730769,0.021020,0.001000,0.001000,0.001000,0.001000,0.001000
1072.750000,0.022332,0.001000,0.001000,0.001000,0.001000,0.001000
1072.769231,0.023626,0.001000,0.001000,0.001000,0.001000,0.001000
1072.788462,0.024899,0.001000,0.001000,0.001000,0.001000,0.001000
1072.807692,0.026151,0.001000,0.001000,0.001000,0.001000,0.001000
1072.826923,0.027381,0.001000,0.001000,0.001000,0.001000,0.001000
1072.846154,0.028588,0.001000,0.001000,0.001000,0.001000,0.001000
1072.865385,0.029771,0.001000,0.001000,0.001000,0.001000,0.001000
1072.884615,0.030928,0.001000,0.001000,0.001000,0.001000,0.001000
1072.903846,0.032059,0.001000,0.001000,0.001000,0.001000,0.001000
1072.923077,0.033163,0.001000,0.001000,0.001000,0.001000,0.001000
1072.942308,0.034239,0.001000,0.001000,0.001000,0.001000,0.001000
1072.961538,0.035286,0.001000,0.001000,0.001000,0.001000,0.001000
1072.980769,0.036302,0.001000,0.001000,0.001000,0.001000,0.001000
1073.000000,0.037288,0.001000,0.001000,0.001000,0.001000,0.001000
1073.019231,0.038243,0.001000,0.001000,0.001000,0.001000,0.001000
1073.038462,0.039165,0.001000,0.001000,0.001000,0.001000,0.001000
1073.057692,0.040053,0.001000,0.001000,0.001000,0.001000,0.001000
1073.076923,0.040908,0.001000,0.001000,0.001000,0.001000,0.001000
1073.096154,0.041728,0.001000,0.001000,0.001000,0.001000,0.001000
1073.115385,0.042513,0.001000,0.001000,0.001000,0.001000,0.001000
1073.134615,0.043261,0.001000,0.001000,0.001000,0.001000,0.001000
1073.153846,0.043973,0.001000,0.001000,0.001000,0.001000,0.001000
1073.173077,0.044647,0.001000,0.001000,0.001000,0.001000,0.001000
1073.192308,0.045284,0.001000,0.001000,0.001000,0.001000,0.001000
1073.211538,0.045882,0.001000,0.001000,0.001000,0.001000,0.001000
1073.230769,0.046441,0.001000,0.001000,0.001000,0.001000,0.001000
1073.250000,0.046961,0.001000,0.001000,0.001000,0.001000,0.001000
1073.269231,0.047441,0.001000,0.001000,0.001000,0.001000,0.001000
1073.288462,0.047881,0.001000,0.001000,0.001000,0.001000,0.001000
1073.307692,0.048280,0.001000,0.001000,0.001000,0.001000,0.001000
1073.326923,0.048638,0.001000,0.001000,0.001000,0.001000,0.001000
1073.346154,0.048955,0.001000,0.001000,0.001000,0.001000,0.001000
1073.365385,0.049231,0.001000,0.001000,0.001000,0.001000,0.001000
1073.384615,0.049464,0.001000,0.001000,0.001000,0.001000,0.001000
1073.403846,0.049656,0.001000,0.001000,0.001000,0.001000,0.001000
1073.423077,0.049805,0.001000,0.001000,0.001000,0.001000,0.001000
1073.442308,0.049913,0.001000,0.001000,0.001000,0.001000,0.001000
1073.461538,0.049977,0.001000,0.001000,0.001000,0.001000,0.001000
1073.480769,0.050000,0.001000,0.001000,0.001000,0.001000,0.001000
1073.500000,0.049980,0.001000,0.001000,0.001000,0.001000,0.001000
1073.519231,0.049918,0.001000,0.001000,0.001000,0.001000,0.001000
1073.538462,0.049813,0.001000,0.001000,0.001000,0.001000,0.001000
1073.557692,0.049666,0.001000,0.001000,0.001000,0.001000,0.001000
1073.576923,0.049477,0.001000,0.001000,0.001000,0.001000,0.001000
1073.596154,0.049246,0.001000,0.001000,0.001000,0.001000,0.001000
1073.615385,0.048973,0.001000,0.001000,0.001000,0.001000,0.001000
1073.634615,0.048659,0.001000,0.001000,0.001000,0.001000,0.001000
1073.653846,0.048303,0.001000,0.001000,0.001000,0.001000,0.001000
1073.673077,0.047906,0.001000,0.001000,0.001000,0.001000,0.001000
1073.692308,0.047469,0.001000,0.001000,0.001000,0.001000,0.001000
1073.711538,0.046991,0.001000,0.001000,0.001000,0.001000,0.001000
1073.730769,0.046474,0.001000,0.001000,0.001000,0.001000,0.001000
1073.750000,0.045917,0.001000,0.001000,0.001000,0.001000,0.001000
1073.769231,0.045321,0.001000,0.001000,0.001000,0.001000,0.001000
1073.788462,0.044687,0.001000,0.001000,0.001000,0.001000,0.001000
1073.807692,0.044015,0.001000,0.001000,0.001000,0.001000,0.001000
1073.826923,0.043305,0.001000,0.001000,0.001000,0.001000,0.001000
1073.846154,0.042559,0.001000,0.001000,0.001000,0.001000,0.001000
1073.865385,0.041777,0.001000,0.001000,0.001000,0.001000,0.001000
1073.884615,0.040959,0.001000,0.001000,0.001000,0.001000,0.001000
1073.903846,0.040106,0.001000,0.001000,0.001000,0.001000,0.001000
1073.923077,0.039219,0.001000,0.001000,0.001000,0.001000,0.001000
1073.942308,0.038300,0.001000,0.001000,0.001000,0.001000,0.001000
1073.961538,0.037347,0.001000,0.001000,0.001000,0.001000,0.001000
1073.980769,0.036363,0.001000,0.001000,0.001000,0.001000,0.001000
1074.000000,0.035348,0.001000,0.001000,0.001000,0.001000,0.001000
1074.019231,0.034303,0.001000,0.001000,0.001000,0.001000,0.001000
1074.038462,0.033229,0.001000,0.001000,0.001000,0.001000,0.001000
1074.057692,0.032127,0.001000,0.001000,0.001000,0.001000,0.001000
1074.076923,0.030997,0.001000,0.001000,0.001000,0.001000,0.001000
1074.096154,0.029842,0.001000,0.001000,0.001000,0.001000,0.001000
1074.115385,0.028661,0.001000,0.001000,0.001000,0.001000,0.001000
1074.134615,0.027455,0.001000,0.001000,0.001000,0.001000,0.001000
1074.153846,0.026226,0.001000,0.001000,0.001000,0.001000,0.001000
1074.173077,0.024975,0.001000,0.001000,0.001000,0.001000,0.001000
1074.192308,0.023703,0.001000,0.001000,0.001000,0.001000,0.001000
1074.211538,0.022411,0.001000,0.001000,0.001000,0.001000,0.001000
1074.230769,0.021100,0.001000,0.001000,0.001000,0.001000,0.001000
1074.250000,0.019771,0.001000,0.001000,0.001000,0.001000,0.001000
1074.269231,0.018425,0.001000,0.001000,0.001000,0.001000,0.001000
1074.288462,0.017063,0.001000,0.001000,0.001000,0.001000,0.001000
1074.307692,0.015687,0.001000,0.001000,0.001000,0.001000,0.001000
1074.326923,0.014298,0.001000,0.001000,0.001000,0.001000,0.001000
1074.346154,0.012896,0.001000,0.001000,0.001000,0.001000,0.001000
1074.365385,0.011484,0.001000,0.001000,0.001000,0.001000,0.001000
1074.384615,0.010061,0.001000,0.001000,0.001000,0.001000,0.001000
1074.403846,0.008631,0.001000,0.001000,0.001000,0.001000,0.001000
1074.423077,0.007193,0.001000,0.001000,0.001000,0.001000,0.001000
1074.442308,0.005749,0.001000,0.001000,0.001000,0.001000,0.001000
1074.461538,0.004300,0.001000,0.001000,0.001000,0.001000,0.001000
1074.480769,0.002847,0.001000,0.001000,0.001000,0.001000,0.001000
1074.500000,0.001392,0.001000,0.001000,0.001000,0.001000,0.001000
1074.519231,-0.000065,0.001000,0.001000,0.001000,0.001000,0.001000
1074.538462,-0.001521,0.001000,0.001000,0.001000,0.001000,0.001000
1074.557692,-0.002976,0.001000,0.001000,0.001000,0.001000,0.001000
1074.576923,-0.004428,0.001000,0.001000,0.001000,0.001000,0.001000
1074.596154,-0.005877,0.001000,0.001000,0.001000,0.001000,0.001000
1074.615385,-0.007320,0.001000,0.001000,0.001000,0.001000,0.001000
1074.634615,-0.008758,0.001000,0.001000,0.001000,0.001000,0.001000
1074.653846,-0.010188,0.001000,0.001000,0.001000,0.001000,0.001000
1074.673077,-0.011609,0.001000,0.001000,0.001000,0.001000,0.001000
1074.692308,-0.013021,0.001000,0.001000,0.001000,0.001000,0.001000
1074.711538,-0.014421,0.001000,0.001000,0.001000,0.001000,0.001000
1074.730769,-0.015809,0.001000,0.001000,0.001000,0.001000,0.001000
1074.750000,-0.017184,0.001000,0.001000,0.001000,0.001000,0.001000
1074.769231,-0.018545,0.001000,0.001000,0.001000,0.001000,0.001000
1074.788462,-0.019889,0.001000,0.001000,0.001000,0.001000,0.001000
1074.807692,-0.021217,0.001000,0.001000,0.001000,0.001000,0.001000
1074.826923,-0.022526,0.001000,0.001000,0.001000,0.001000,0.001000
1074.846154,-0.023817,0.001000,0.001000,0.001000,0.001000,0.001000
1074.865385,-0.025087,0.001000,0.001000,0.001000,0.001000,0.001000
1074.884615,-0.026336,0.001000,0.001000,0.001000,0.001000,0.001000
1074.903846,-0.027563,0.001000,0.001000,0.001000,0.001000,0.001000
1074.923077,-0.028766,0.001000,0.001000,0.001000,0.001000,0.001000
1074.942308,-0.029945,0.001000,0.001000,0.001000,0.001000,0.001000
1074.961538,-0.031099,0.001000,0.001000,0.001000,0.001000,0.001000
1074.980769,-0.032226,0.001000,0.001000,0.001000,0.001000,0.001000
1075.000000,-0.033325,0.001000,0.001000,0.001000,0.001000,0.001000
1075.019231,-0.034397,0.001000,0.001000,0.001000,0.001000,0.001000
1075.038462,-0.035439,0.001000,0.001000,0.001000,0.001000,0.001000
1075.057692,-0.036452,0.001000,0.001000,0.001000,0.001000,0.001000
1075.076923,-0.037433,0.001000,0.001000,0.001000,0.001000,0.001000
1075.096154,-0.038382,0.001000,0.001000,0.001000,0.001000,0.001000
1075.115385,-0.039299,0.001000,0.001000,0.001000,0.001000,0.001000
1075.134615,-0.040183,0.001000,0.001000,0.001000,0.001000,0.001000
1075.153846,-0.041033,0.001000,0.001000,0.001000,0.001000,0.001000
1075.173077,-0.041847,0.001000,0.001000,0.001000,0.001000,0.001000
1075.192308,-0.042627,0.001000,0.001000,0.001000,0.001000,0.001000
1075.211538,-0.043370,0.001000,0.001000,0.001000,0.001000,0.001000
1075.230769,-0.044076,0.001000,0.001000,0.001000,0.001000,0.001000
1075.250000,-0.044745,0.001000,0.001000,0.001000,0.001000,0.001000
1075.269231,-0.045376,0.001000,0.001000,0.001000,0.001000,0.001000
1075.288462,-0.045968,0.001000,0.001000,0.001000,0.001000,0.001000
1075.307692,-0.046521,0.001000,0.001000,0.001000,0.001000,0.001000
1075.326923,-0.047035,0.001000,0.001000,0.001000,0.001000,0.001000
1075.346154,-0.047509,0.001000,0.001000,0.001000,0.001000,0.001000
1075.365385,-0.047943,0.001000,0.001000,0.001000,0.001000,0.001000
1075.384615,-0.048336,0.001000,0.001000,0.001000,0.001000,0.001000
1075.403846,-0.048688,0.001000,0.001000,0.001000,0.001000,0.001000
1075.423077,-0.048999,0.001000,0.001000,0.001000,0.001000,0.001000
1075.442308,-0.049268,0.001000,0.001000,0.001000,0.001000,0.001000
1075.461538,-0.049495,0.001000,0.001000,0.001000,0.001000,0.001000
1075.480769,-0.049681,0.001000,0.001000,0.001000,0.001000,0.001000
1075.500000,-0.049824,0.001000,0.001000,0.001000,0.001000,0.001000
1075.519231,-0.049925,0.001000,0.001000,0.001000,0.001000,0.001000
1075.538462,-0.049984,0.001000,0.001000,0.001000,0.001000,0.001000
1075.557692,-0.050000,0.001000,0.001000,0.001000,0.001000,0.001000
1075.576923,-0.049973,0.001000,0.001000,0.001000,0.001000,0.001000
1075.596154,-0.049905,0.001000,0.001000,0.001000,0.001000,0.001000
1075.615385,-0.049794,0.001000,0.001000,0.001000,0.001000,0.001000
1075.634615,-0.049641,0.001000,0.001000,0.001000,0.001000,0.001000
1075.653846,-0.049445,0.001000,0.001000,0.001000,0.001000,0.001000
1075.673077,-0.049208,0.001000,0.001000,0.001000,0.001000,0.001000
1075.692308,-0.048929,0.001000,0.001000,0.001000,0.001000,0.001000
1075.711538,-0.048608,0.001000,0.001000,0.001000,0.001000,0.001000
1075.730769,-0.048246,0.001000,0.001000,0.001000,0.001000,0.001000
1075.750000,-0.047844,0.001000,0.001000,0.001000,0.001000,0.001000
1075.769231,-0.047400,0.001000,0.001000,0.001000,0.001000,0.001000
1075.788462,-0.046917,0.001000,0.001000,0.001000,0.001000,0.001000
1075.807692,-0.046393,0.001000,0.001000,0.001000,0.001000,0.001000
1075.826923,-0.045831,0.001000,0.001000,0.001000,0.001000,0.001000
1075.846154,-0.045229,0.001000,0.001000,0.001000,0.001000,0.001000
1075.865385,-0.044589,0.001000,0.001000,0.001000,0.001000,0.001000
1075.884615,-0.043911,0.001000,0.001000,0.001000,0.001000,0.001000
1075.903846,-0.043196,0.001000,0.001000,0.001000,0.001000,0.001000
1075.923077,-0.042444,0.001000,0.001000,0.001000,0.001000,0.001000
1075.942308,-0.041657,0.001000,0.001000,0.001000,0.001000,0.001000
1075.961538,-0.040834,0.001000,0.001000,0.001000,0.001000,0.001000
1075.980769,-0.039976,0.001000,0.001000,0.001000,0.001000,0.001000
1076.000000,-0.039084,0.001000,0.001000,0.001000,0.001000,0.001000
1076.019231,-0.038159,0.001000,0.001000,0.001000,0.001000,0.001000
1076.038462,-0.037202,0.001000,0.001000,0.001000,0.001000,0.001000
1076.057692,-0.036214,0.001000,0.001000,0.001000,0.001000,0.001000
1076.076923,-0.035194,0.001000,0.001000,0.001000,0.001000,0.001000
1076.096154,-0.034145,0.001000,0.001000,0.001000,0.001000,0.001000
1076.115385,-0.033066,0.001000,0.001000,0.001000,0.001000,0.001000
1076.134615,-0.031960,0.001000,0.001000,0.001000,0.001000,0.001000
1076.153846,-0.030827,0.001000,0.001000,0.001000,0.001000,0.001000
1076.173077,-0.029667,0.001000,0.001000,0.001000,0.001000,0.001000
1076.192308,-0.028482,0.001000,0.001000,0.001000,0.001000,0.001000
1076.211538,-0.027273,0.001000,0.001000,0.001000,0.001000,0.001000
1076.230769,-0.026041,0.001000,0.001000,0.001000,0.001000,0.001000
1076.250000,-0.024787,0.001000,0.001000,0.001000,0.001000,0.001000
1076.269231,-0.023512,0.001000,0.001000,0.001000,0.001000,0.001000
1076.288462,-0.022217,0.001000,0.001000,0.001000,0.001000,0.001000
1076.307692,-0.020903,0.001000,0.001000,0.001000,0.001000,0.001000
1076.326923,-0.019571,0.001000,0.001000,0.001000,0.001000,0.001000
1076.346154,-0.018222,0.001000,0.001000,0.001000,0.001000,0.001000
1076.365385,-0.016859,0.001000,0.001000,0.001000,0.001000,0.001000
1076.384615,-0.015481,0.001000,0.001000,0.001000,0.001000,0.001000
1076.403846,-0.014089,0.001000,0.001000,0.001000,0.001000,0.001000
1076.423077,-0.012686,0.001000,0.001000,0.001000,0.001000,0.001000
1076.442308,-0.011272,0.001000,0.001000,0.001000,0.001000,0.001000
1076.461538,-0.009849,0.001000,0.001000,0.001000,0.001000,0.001000
1076.480769,-0.008417,0.001000,0.001000,0.001000,0.001000,0.001000
1076.500000,-0.006978,0.001000,0.001000,0.001000,0.001000,0.001000
1076.519231,-0.005533,0.001000,0.001000,0.001000,0.001000,0.001000
1076.538462,-0.004083,0.001000,0.001000,0.001000,0.001000,0.001000
1076.557692,-0.002630,0.001000,0.001000,0.001000,0.001000,0.001000
1076.576923,-0.001175,0.001000,0.001000,0.001000,0.001000,0.001000
1076.596154,0.000282,0.001000,0.001000,0.001000,0.001000,0.001000
1076.615385,0.001738,0.001000,0.001000,0.001000,0.001000,0.001000
1076.634615,0.003193,0.001000,0.001000,0.001000,0.001000,0.001000
1076.653846,0.004644,0.001000,0.001000,0.001000,0.001000,0.001000
1076.673077,0.006092,0.001000,0.001000,0.001000,0.001000,0.001000
1076.692308,0.007535,0.001000,0.001000,0.001000,0.001000,0.001000
1076.711538,0.008972,0.001000,0.001000,0.001000,0.001000,0.001000
1076.730769,0.010400,0.001000,0.001000,0.001000,0.001000,0.001000
1076.750000,0.011820,0.001000,0.001000,0.001000,0.001000,0.001000
1076.769231,0.013230,0.001000,0.001000,0.001000,0.001000,0.001000
1076.788462,0.014629,0.001000,0.001000,0.001000,0.001000,0.001000
1076.807692,0.016015,0.001000,0.001000,0.001000,0.001000,0.001000
1076.826923,0.017388,0.001000,0.001000,0.001000,0.001000,0.001000
1076.846154,0.018746,0.001000,0.001000,0.001000,0.001000,0.001000
1076.865385,0.020088,0.001000,0.001000,0.001000,0.001000,0.001000
1076.884615,0.021413,0.001000,0.001000,0.001000,0.001000,0.001000
1076.903846,0.022720,0.001000,0.001000,0.001000,0.001000,0.001000
1076.923077,0.024008,0.001000,0.001000,0.001000,0.001000,0.001000
1076.942308,0.025275,0.001000,0.001000,0.001000,0.001000,0.001000
1076.961538,0.026521,0.001000,0.001000,0.001000,0.001000,0.001000
1076.980769,0.027744,0.001000,0.001000,0.001000,0.001000,0.001000
1077.000000,0.028944,0.001000,0.001000,0.001000,0.001000,0.001000
1077.019231,0.030119,0.001000,0.001000,0.001000,0.001000,0.001000
1077.038462,0.031268,0.001000,0.001000,0.001000,0.001000,0.001000
1077.057692,0.032392,0.001000,0.001000,0.001000,0.001000,0.001000
1077.076923,0.033487,0.001000,0.001000,0.001000,0.001000,0.001000
1077.096154,0.034554,0.001000,0.001000,0.001000,0.001000,0.001000
1077.115385,0.035592,0.001000,0.001000,0.001000,0.001000,0.001000
1077.134615,0.036600,0.001000,0.001000,0.001000,0.001000,0.001000
1077.153846,0.037577,0.001000,0.001000,0.001000,0.001000,0.001000
1077.173077,0.038521,0.001000,0.001000,0.001000,0.001000,0.001000
1077.192308,0.039433,0.001000,0.001000,0.001000,0.001000,0.001000
1077.211538,0.040312,0.001000,0.001000,0.001000,0.001000,0.001000
1077.230769,0.041156,0.001000,0.001000,0.001000,0.001000,0.001000
1077.250000,0.041966,0.001000,0.001000,0.001000,0.001000,0.001000
1077.269231,0.042740,0.001000,0.001000,0.001000,0.001000,0.001000
1077.288462,0.043477,0.001000,0.001000,0.001000,0.001000,0.001000
1077.307692,0.044178,0.001000,0.001000,0.001000,0.001000,0.001000
1077.326923,0.044841,0.001000,0.001000,0.001000,0.001000,0.001000
1077.346154,0.045466,0.001000,0.001000,0.001000,0.001000,0.001000
1077.365385,0.046053,0.001000,0.001000,0.001000,0.001000,0.001000
1077.384615,0.046601,0.001000,0.001000,0.001000,0.001000,0.001000
1077.403846,0.047109,0.001000,0.001000,0.001000,0.001000,0.001000
1077.423077,0.047577,0.001000,0.001000,0.001000,0.001000,0.001000
1077.442308,0.048004,0.001000,0.001000,0.001000,0.001000,0.001000
1077.461538,0.048391,0.001000,0.001000,0.001000,0.001000,0.001000
1077.480769,0.048737,0.001000,0.001000,0.001000,0.001000,0.001000
1077.500000,0.049042,0.001000,0.001000,0.001000,0.001000,0.001000
1077.519231,0.049305,0.001000,0.001000,0.001000,0.001000,0.001000
1077.538462,0.049526,0.001000,0.001000,0.001000,0.001000,0.001000
1077.557692,0.049705,0.001000,0.001000,0.001000,0.001000,0.001000
1077.576923,0.049842,0.001000,0.001000,0.001000,0.001000,0.001000
1077.596154,0.049936,0.001000,0.001000,0.001000,0.001000,0.001000
1077.615385,0.049989,0.001000,0.001000,0.001000,0.001000,0.001000
1077.634615,0.049998,0.001000,0.001000,0.001000,0.001000,0.001000
1077.653846,0.049966,0.001000,0.001000,0.001000,0.001000,0.001000
1077.673077,0.049891,0.001000,0.001000,0.001000,0.001000,0.001000
1077.692308,0.049774,0.001000,0.001000,0.001000,0.001000,0.001000
1077.711538,0.049614,0.001000,0.001000,0.001000,0.001000,0.001000
1077.730769,0.049412,0.001000,0.001000,0.001000,0.001000,0.001000
1077.750000,0.049169,0.001000,0.001000,0.001000,0.001000,0.001000
1077.769231,0.048884,0.001000,0.001000,0.001000,0.001000,0.001000
1077.788462,0.048557,0.001000,0.001000,0.001000,0.001000,0.001000
1077.807692,0.048189,0.001000,0.001000,0.001000,0.001000,0.001000
1077.826923,0.047780,0.001000,0.001000,0.001000,0.001000,0.001000
1077.846154,0.047331,0.001000,0.001000,0.001000,0.001000,0.001000
1077.865385,0.046841,0.001000,0.001000,0.001000,0.001000,0.001000
1077.884615,0.046312,0.001000,0.001000,0.001000,0.001000,0.001000
1077.903846,0.045743,0.001000,0.001000,0.001000,0.001000,0.001000
1077.923077,0.045136,0.001000,0.001000,0.001000,0.001000,0.001000
1077.942308,0.044490,0.001000,0.001000,0.001000,0.001000,0.001000
1077.961538,0.043807,0.001000,0.001000,0.001000,0.001000,0.001000
1077.980769,0.043086,0.001000,0.001000,0.001000,0.001000,0.001000
1078.000000,0.042329,0.001000,0.001000,0.001000,0.001000,0.001000
1078.019231,0.041536,0.001000,0.001000,0.001000,0.001000,0.001000
1078.038462,0.040708,0.001000,0.001000,0.001000,0.001000,0.001000
1078.057692,0.039845,0.001000,0.001000,0.001000,0.001000,0.001000
1078.076923,0.038948,0.001000,0.001000,0.001000,0.001000,0.001000
1078.096154,0.038019,0.001000,0.001000,0.001000,0.001000,0.001000
1078.115385,0.037057,0.001000,0.001000,0.001000,0.001000,0.001000
1078.134615,0.036063,0.001000,0.001000,0.001000,0.001000,0.001000
1078.153846,0.035039,0.001000,0.001000,0.001000,0.001000,0.001000
1078.173077,0.033986,0.001000,0.001000,0.001000,0.001000,0.001000
1078.192308,0.032903,0.001000,0.001000,0.001000,0.001000,0.001000
1078.211538,0.031793,0.001000,0.001000,0.001000,0.001000,0.001000
1078.230769,0.030655,0.001000,0.001000,0.001000,0.001000,0.001000
1078.250000,0.029492,0.001000,0.001000,0.001000,0.001000,0.001000
1078.269231,0.028303,0.001000,0.001000,0.001000,0.001000,0.001000
1078.288462,0.027091,0.001000,0.001000,0.001000,0.001000,0.001000
1078.307692,0.025855,0.001000,0.001000,0.001000,0.001000,0.001000
1078.326923,0.024598,0.001000,0.001000,0.001000,0.001000,0.001000
1078.346154,0.023320,0.001000,0.001000,0.001000,0.001000,0.001000
1078.365385,0.022022,0.001000,0.001000,0.001000,0.001000,0.001000
1078.384615,0.020705,0.001000,0.001000,0.001000,0.001000,0.001000
1078.403846,0.019371,0.001000,0.001000,0.001000,0.001000,0.001000
1078.423077,0.018020,0.001000,0.001000,0.001000,0.001000,0.001000
1078.442308,0.016654,0.001000,0.001000,0.001000,0.001000,0.001000
1078.461538,0.015274,0.001000,0.001000,0.001000,0.001000,0.001000
1078.480769,0.013881,0.001000,0.001000,0.001000,0.001000,0.001000
1078.500000,0.012476,0.001000,0.001000,0.001000,0.001000,0.001000
1078.519231,0.011060,0.001000,0.001000,0.001000,0.001000,0.001000
1078.538462,0.009635,0.001000,0.001000,0.001000,0.001000,0.001000
1078.557692,0.008202,0.001000,0.001000,0.001000,0.001000,0.001000
1078.576923,0.006762,0.001000,0.001000,0.001000,0.001000,0.001000
1078.596154,0.005317,0.001000,0.001000,0.001000,0.001000,0.001000
1078.615385,0.003866,0.001000,0.001000,0.001000,0.001000,0.001000
1078.634615,0.002413,0.001000,0.001000,0.001000,0.001000,0.001000
1078.653846,0.000957,0.001000,0.001000,0.001000,0.001000,0.001000
1078.673077,-0.000499,0.001000,0.001000,0.001000,0.001000,0.001000
1078.692308,-0.001955,0.001000,0.001000,0.001000,0.001000,0.001000
1078.711538,-0.003409,0.001000,0.001000,0.001000,0.001000,0.001000
1078.730769,-0.004861,0.001000,0.001000,0.001000,0.001000,0.001000
1078.750000,-0.006308,0.001000,0.001000,0.001000,0.001000,0.001000
1078.769231,-0.007750,0.001000,0.001000,0.001000,0.001000,0.001000
1078.788462,-0.009185,0.001000,0.001000,0.001000,0.001000,0.001000
1078.807692,-0.010613,0.001000,0.001000,0.001000,0.001000,0.001000
1078.826923,-0.012031,0.001000,0.001000,0.001000,0.001000,0.001000
1078.846154,-0.013440,0.001000,0.001000,0.001000,0.001000,0.001000
1078.865385,-0.014837,0.001000,0.001000,0.001000,0.001000,0.001000
1078.884615,-0.016221,0.001000,0.001000,0.001000,0.001000,0.001000
1078.903846,-0.017592,0.001000,0.001000,0.001000,0.001000,0.001000
1078.923077,-0.018947,0.001000,0.001000,0.001000,0.001000,0.001000
1078.942308,-0.020287,0.001000,0.001000,0.001000,0.001000,0.001000
1078.961538,-0.021609,0.001000,0.001000,0.001000,0.001000,0.001000
1078.980769,-0.022913,0.001000,0.001000,0.001000,0.001000,0.001000
1079.000000,-0.024198,0.001000,0.001000,0.001000,0.001000,0.001000
1079.019231,-0.025462,0.001000,0.001000,0.001000,0.001000,0.001000
1079.038462,-0.026705,0.001000,0.001000,0.001000,0.001000,0.001000
1079.057692,-0.027924,0.001000,0.001000,0.001000,0.001000,0.001000
1079.076923,-0.029121,0.001000,0.001000,0.001000,0.001000,0.001000
1079.096154,-0.030292,0.001000,0.001000,0.001000,0.001000,0.001000
1079.115385,-0.031438,0.001000,0.001000,0.001000,0.001000,0.001000
1079.134615,-0.032557,0.001000,0.001000,0.001000,0.001000,0.001000
1079.153846,-0.033648,0.001000,0.001000,0.001000,0.001000,0.001000
1079.173077,-0.034711,0.001000,0.001000,0.001000,0.001000,0.001000
1079.192308,-0.035744,0.001000,0.001000,0.001000,0.001000,0.001000
1079.211538,-0.036748,0.001000,0.001000,0.001000,0.001000,0.001000
1079.230769,-0.037720,0.001000,0.001000,0.001000,0.001000,0.001000
1079.250000,-0.038659,0.001000,0.001000,0.001000,0.001000,0.001000
1079.269231,-0.039567,0.001000,0.001000,0.001000,0.001000,0.001000
1079.288462,-0.040440,0.001000,0.001000,0.001000,0.001000,0.001000
1079.307692,-0.041279,0.001000,0.001000,0.001000,0.001000,0.001000
1079.326923,-0.042084,0.001000,0.001000,0.001000,0.001000,0.001000
1079.346154,-0.042852,0.001000,0.001000,0.001000,0.001000,0.001000
1079.365385,-0.043584,0.001000,0.001000,0.001000,0.001000,0.001000
1079.384615,-0.044279,0.001000,0.001000,0.001000,0.001000,0.001000
1079.403846,-0.044937,0.001000,0.001000,0.001000,0.001000,0.001000
1079.423077,-0.045556,0.001000,0.001000,0.001000,0.001000,0.001000
1079.442308,-0.046137,0.001000,0.001000,0.001000,0.001000,0.001000
1079.461538,-0.046679,0.001000,0.001000,0.001000,0.001000,0.001000
1079.480769,-0.047181,0.001000,0.001000,0.001000,0.001000,0.001000
1079.500000,-0.047643,0.001000,0.001000,0.001000,0.001000,0.001000
1079.519231,-0.048065,0.001000,0.001000,0.001000,0.001000,0.001000
1079.538462,-0.048446,0.001000,0.001000,0.001000,0.001000,0.001000
1079.557692,-0.048785,0.001000,0.001000,0.001000,0.001000,0.001000
1079.576923,-0.049084,0.001000,0.001000,0.001000,0.001000,0.001000
1079.596154,-0.049340,0.001000,0.001000,0.001000,0.001000,0.001000
1079.615385,-0.049555,0.001000,0.001000,0.001000,0.001000,0.001000
1079.634615,-0.049728,0.001000,0.001000,0.001000,0.001000,0.001000
1079.653846,-0.049859,0.001000,0.001000,0.001000,0.001000,0.001000
1079.673077,-0.049947,0.001000,0.001000,0.001000,0.001000,0.001000
1079.692308,-0.049993,0.001000,0.001000,0.001000,0.001000,0.001000
1079.711538,-0.049996,0.001000,0.001000,0.001000,0.001000,0.001000
1079.730769,-0.049957,0.001000,0.001000,0.001000,0.001000,0.001000
1079.750000,-0.049876,0.001000,0.001000,0.001000,0.001000,0.001000
1079.769231,-0.049752,0.001000,0.001000,0.001000,0.001000,0.001000
1079.788462,-0.049587,0.001000,0.001000,0.001000,0.001000,0.001000
1079.807692,-0.049379,0.001000,0.001000,0.001000,0.001000,0.001000
1079.826923,-0.049129,0.001000,0.001000,0.001000,0.001000,0.001000
1079.846154,-0.048838,0.001000,0.001000,0.001000,0.001000,0.001000
1079.865385,-0.048505,0.001000,0.001000,0.001000,0.001000,0.001000
1079.884615,-0.048131,0.001000,0.001000,0.001000,0.001000,0.001000
1079.903846,-0.047716,0.001000,0.001000,0.001000,0.001000,0.001000
1079.923077,-0.047260,0.001000,0.001000,0.001000,0.001000,0.001000
1079.942308,-0.046765,0.001000,0.001000,0.001000,0.001000,0.001000
1079.961538,-0.046230,0.001000,0.001000,0.001000,0.001000,0.001000
1079.980769,-0.045655,0.001000,0.001000,0.001000,0.001000,0.001000
1080.000000,-0.045042,0.001000,0.001000,0.001000,0.001000,0.001000
1080.019231,-0.044391,0.001000,0.001000,0.001000,0.001000,0.001000
1080.038462,-0.043702,0.001000,0.001000,0.001000,0.001000,0.001000
1080.057692,-0.042976,0.001000,0.001000,0.001000,0.001000,0.001000
1080.076923,-0.042213,0.001000,0.001000,0.001000,0.001000,0.001000
1080.096154,-0.041415,0.001000,0.001000,0.001000,0.001000,0.001000
1080.115385,-0.040581,0.001000,0.001000,0.001000,0.001000,0.001000
1080.134615,-0.039713,0.001000,0.001000,0.001000,0.001000,0.001000
1080.153846,-0.038812,0.001000,0.001000,0.001000,0.001000,0.001000
1080.173077,-0.037877,0.001000,0.001000,0.001000,0.001000,0.001000
1080.192308,-0.036911,0.001000,0.001000,0.001000,0.001000,0.001000
1080.211538,-0.035913,0.001000,0.001000,0.001000,0.001000,0.001000
1080.230769,-0.034884,0.001000,0.001000,0.001000,0.001000,0.001000
1080.250000,-0.033826,0.001000,0.001000,0.001000,0.001000,0.001000
1080.269231,-0.032739,0.001000,0.001000,0.001000,0.001000,0.001000
1080.288462,-0.031625,0.001000,0.001000,0.001000,0.001000,0.001000
1080.307692,-0.030483,0.001000,0.001000,0.001000,0.001000,0.001000
1080.326923,-0.029316,0.001000,0.001000,0.001000,0.001000,0.001000
1080.346154,-0.028124,0.001000,0.001000,0.001000,0.001000,0.001000
1080.365385,-0.026908,0.001000,0.001000,0.001000,0.001000,0.001000
1080.384615,-0.025669,0.001000,0.001000,0.001000,0.001000,0.001000
1080.403846,-0.024409,0.001000,0.001000,0.001000,0.001000,0.001000
1080.423077,-0.023127,0.001000,0.001000,0.001000,0.001000,0.001000
1080.442308,-0.021826,0.001000,0.001000,0.001000,0.001000,0.001000
1080.461538,-0.020507,0.001000,0.001000,0.001000,0.001000,0.001000
1080.480769,-0.019170,0.001000,0.001000,0.001000,0.001000,0.001000
1080.500000,-0.017817,0.001000,0.001000,0.001000,0.001000,0.001000
1080.519231,-0.016449,0.001000,0.001000,0.001000,0.001000,0.001000
1080.538462,-0.015067,0.001000,0.001000,0.001000,0.001000,0.001000
1080.557692,-0.013672,0.001000,0.001000,0.001000,0.001000,0.001000
1080.576923,-0.012265,0.001000,0.001000,0.001000,0.001000,0.001000
1080.596154,-0.010848,0.001000,0.001000,0.001000,0.001000,0.001000
1080.615385,-0.009422,0.001000,0.001000,0.001000,0.001000,0.001000
1080.634615,-0.007988,0.001000,0.001000,0.001000,0.001000,0.001000
1080.653846,-0.006547,0.001000,0.001000,0.001000,0.001000,0.001000
1080.673077,-0.005101,0.001000,0.001000,0.001000,0.001000,0.001000
1080.692308,-0.003650,0.001000,0.001000,0.001000,0.001000,0.001000
1080.711538,-0.002196,0.001000,0.001000,0.001000,0.001000,0.001000
1080.730769,-0.000740,0.001000,0.001000,0.001000,0.001000,0.001000
1080.750000,0.000716,0.001000,0.001000,0.001000,0.001000,0.001000
1080.769231,0.002172,0.001000,0.001000,0.001000,0.001000,0.001000
1080.788462,0.003626,0.001000,0.001000,0.001000,0.001000,0.001000
1080.807692,0.005077,0.001000,0.001000,0.001000,0.001000,0.001000
1080.826923,0.006524,0.001000,0.001000,0.001000,0.001000,0.001000
1080.846154,0.007965,0.001000,0.001000,0.001000,0.001000,0.001000
1080.865385,0.009399,0.001000,0.001000,0.001000,0.001000,0.001000
1080.884615,0.010825,0.001000,0.001000,0.001000,0.001000,0.001000
1080.903846,0.012242,0.001000,0.001000,0.001000,0.001000,0.001000
1080.923077,0.013649,0.001000,0.001000,0.001000,0.001000,0.001000
1080.942308,0.015044,0.001000,0.001000,0.001000,0.001000,0.001000
1080.961538,0.016427,0.001000,0.001000,0.001000,0.001000,0.001000
1080.980769,0.017795,0.001000,0.001000,0.001000,0.001000,0.001000
1081.000000,0.019148,0.001000,0.001000,0.001000,0.001000,0.001000
1081.019231,0.020485,0.001000,0.001000,0.001000,0.001000,0.001000
1081.038462,0.021805,0.001000,0.001000,0.001000,0.001000,0.001000
1081.057692,0.023106,0.001000,0.001000,0.001000,0.001000,0.001000
1081.076923,0.024388,0.001000,0.001000,0.001000,0.001000,0.001000
1081.096154,0.025649,0.001000,0.001000,0.001000,0.001000,0.001000
1081.115385,0.026888,0.001000,0.001000,0.001000,0.001000,0.001000
1081.134615,0.028104,0.001000,0.001000,0.001000,0.001000,0.001000
1081.153846,0.029297,0.001000,0.001000,0.001000,0.001000,0.001000
1081.173077,0.030465,0.001000,0.001000,0.001000,0.001000,0.001000
1081.192308,0.031606,0.001000,0.001000,0.001000,0.001000,0.001000
1081.211538,0.032721,0.001000,0.001000,0.001000,0.001000,0.001000
1081.230769,0.033809,0.001000,0.001000,0.001000,0.001000,0.001000
1081.250000,0.034867,0.001000,0.001000,0.001000,0.001000,0.001000
1081.269231,0.035896,0.001000,0.001000,0.001000,0.001000,0.001000
1081.288462,0.036895,0.001000,0.001000,0.001000,0.001000,0.001000
1081.307692,0.037862,0.001000,0.001000,0.001000,0.001000,0.001000
1081.326923,0.038797,0.001000,0.001000,0.001000,0.001000,0.001000
1081.346154,0.039699,0.001000,0.001000,0.001000,0.001000,0.001000
1081.365385,0.040567,0.001000,0.001000,0.001000,0.001000,0.001000
1081.384615,0.041402,0.001000,0.001000,0.001000,0.001000,0.001000
1081.403846,0.042200,0.001000,0.001000,0.001000,0.001000,0.001000
1081.423077,0.042964,0.001000,0.001000,0.001000,0.001000,0.001000
1081.442308,0.043690,0.001000,0.001000,0.001000,0.001000,0.001000
1081.461538,0.044380,0.001000,0.001000,0.001000,0.001000,0.001000
1081.480769,0.045032,0.001000,0.001000,0.001000,0.001000,0.001000
1081.500000,0.045646,0.001000,0.001000,0.001000,0.001000,0.001000
1081.519231,0.046221,0.001000,0.001000,0.001000,0.001000,0.001000
1081.538462,0.046756,0.001000,0.001000,0.001000,0.001000,0.001000
1081.557692,0.047253,0.001000,0.001000,0.001000,0.001000,0.001000
1081.576923,0.047709,0.001000,0.001000,0.001000,0.001000,0.001000
1081.596154,0.048124,0.001000,0.001000,0.001000,0.001000,0.001000
1081.615385,0.048499,0.001000,0.001000,0.001000,0.001000,0.001000
1081.634615,0.048832,0.001000,0.001000,0.001000,0.001000,0.001000
1081.653846,0.049125,0.001000,0.001000,0.001000,0.001000,0.001000
1081.673077,0.049375,0.001000,0.001000,0.001000,0.001000,0.001000
1081.692308,0.049584,0.001000,0.001000,0.001000,0.001000,0.001000
1081.711538,0.049750,0.001000,0.001000,0.001000,0.001000,0.001000
1081.730769,0.049874,0.001000,0.001000,0.001000,0.001000,0.001000
1081.750000,0.049956,0.001000,0.001000,0.001000,0.001000,0.001000
1081.769231,0.049996,0.001000,0.001000,0.001000,0.001000,0.001000
1081.788462,0.049993,0.001000,0.001000,0.001000,0.001000,0.001000
1081.807692,0.049948,0.001000,0.001000,0.001000,0.001000,0.001000
1081.826923,0.049860,0.001000,0.001000,0.001000,0.001000,0.001000
1081.846154,0.049730,0.001000,0.001000,0.001000,0.001000,0.001000
1081.865385,0.049558,0.001000,0.001000,0.001000,0.001000,0.001000
1081.884615,0.049344,0.001000,0.001000,0.001000,0.001000,0.001000
1081.903846,0.049088,0.001000,0.001000,0.001000,0.001000,0.001000
1081.923077,0.048790,0.001000,0.001000,0.001000,0.001000,0.001000
1081.942308,0.048451,0.001000,0.001000,0.001000,0.001000,0.001000
1081.961538,0.048071,0.001000,0.001000,0.001000,0.001000,0.001000
1081.980769,0.047650,0.001000,0.001000,0.001000,0.001000,0.001000
1082.000000,0.047189,0.001000,0.001000,0.001000,0.001000,0.001000
1082.019231,0.046687,0.001000,0.001000,0.001000,0.001000,0.001000
1082.038462,0.046146,0.001000,0.001000,0.001000,0.001000,0.001000
1082.057692,0.045566,0.001000,0.001000,0.001000,0.001000,0.001000
1082.076923,0.044947,0.001000,0.001000,0.001000,0.001000,0.001000
1082.096154,0.044290,0.001000,0.001000,0.001000,0.001000,0.001000
1082.115385,0.043596,0.001000,0.001000,0.001000,0.001000,0.001000
1082.134615,0.042864,0.001000,0.001000,0.001000,0.001000,0.001000
1082.153846,0.042096,0.001000,0.001000,0.001000,0.001000,0.001000
1082.173077,0.041293,0.001000,0.001000,0.001000,0.001000,0.001000
1082.192308,0.040454,0.001000,0.001000,0.001000,0.001000,0.001000
1082.211538,0.039581,0.001000,0.001000,0.001000,0.001000,0.001000
1082.230769,0.038674,0.001000,0.001000,0.001000,0.001000,0.001000
1082.250000,0.037735,0.001000,0.001000,0.001000,0.001000,0.001000
1082.269231,0.036764,0.001000,0.001000,0.001000,0.001000,0.001000
1082.288462,0.035761,0.001000,0.001000,0.001000,0.001000,0.001000
1082.307692,0.034728,0.001000,0.001000,0.001000,0.001000,0.001000
1082.326923,0.033666,0.001000,0.001000,0.001000,0.001000,0.001000
1082.346154,0.032575,0.001000,0.001000,0.001000,0.001000,0.001000
1082.365385,0.031456,0.001000,0.001000,0.001000,0.001000,0.001000
1082.384615,0.030311,0.001000,0.001000,0.001000,0.001000,0.001000
1082.403846,0.029140,0.001000,0.001000,0.001000,0.001000,0.001000
1082.423077,0.027944,0.001000,0.001000,0.001000,0.001000,0.001000
1082.442308,0.026725,0.001000,0.001000,0.001000,0.001000,0.001000
1082.461538,0.025483,0.001000,0.001000,0.001000,0.001000,0.001000
1082.480769,0.024219,0.001000,0.001000,0.001000,0.001000,0.001000
1082.500000,0.022935,0.001000,0.001000,0.001000,0.001000,0.001000
1082.519231,0.021631,0.001000,0.001000,0.001000,0.001000,0.001000
1082.538462,0.020309,0.001000,0.001000,0.001000,0.001000,0.001000
1082.557692,0.018969,0.001000,0.001000,0.001000,0.001000,0.001000
1082.576923,0.017614,0.001000,0.001000,0.001000,0.001000,0.001000
1082.596154,0.016244,0.001000,0.001000,0.001000,0.001000,0.001000
1082.615385,0.014859,0.001000,0.001000,0.001000,0.001000,0.001000
1082.634615,0.013463,0.001000,0.001000,0.001000,0.001000,0.001000
1082.653846,0.012054,0.001000,0.001000,0.001000,0.001000,0.001000
1082.673077,0.010636,0.001000,0.001000,0.001000,0.001000,0.001000
1082.692308,0.009209,0.001000,0.001000,0.001000,0.001000,0.001000
1082.711538,0.007773,0.001000,0.001000,0.001000,0.001000,0.001000
1082.730769,0.006332,0.001000,0.001000,0.001000,0.001000,0.001000
1082.750000,0.004884,0.001000,0.001000,0.001000,0.001000,0.001000
1082.769231,0.003433,0.001000,0.001000,0.001000,0.001000,0.001000
1082.788462,0.001979,0.001000,0.001000,0.001000,0.001000,0.001000
1082.807692,0.000523,0.001000,0.001000,0.001000,0.001000,0.001000
1082.826923,-0.000934,0.001000,0.001000,0.001000,0.001000,0.001000
1082.846154,-0.002389,0.001000,0.001000,0.001000,0.001000,0.001000
1082.865385,-0.003843,0.001000,0.001000,0.001000,0.001000,0.001000
1082.884615,-0.005293,0.001000,0.001000,0.001000,0.001000,0.001000
1082.903846,-0.006739,0.001000,0.001000,0.001000,0.001000,0.001000
1082.923077,-0.008179,0.001000,0.001000,0.001000,0.001000,0.001000
1082.942308,-0.009612,0.001000,0.001000,0.001000,0.001000,0.001000
1082.961538,-0.011037,0.001000,0.001000,0.001000,0.001000,0.001000
1082.980769,-0.012453,0.001000,0.001000,0.001000,0.001000,0.001000
1083.000000,-0.013858,0.001000,0.001000,0.001000,0.001000,0.001000
1083.019231,-0.015251,0.001000,0.001000,0.001000,0.001000,0.001000
1083.038462,-0.016632,0.001000,0.001000,0.001000,0.001000,0.001000
1083.057692,-0.017998,0.001000,0.001000,0.001000,0.001000,0.001000
1083.076923,-0.019349,0.001000,0.001000,0.001000,0.001000,0.001000
1083.096154,-0.020683,0.001000,0.001000,0.001000,0.001000,0.001000
1083.115385,-0.022000,0.001000,0.001000,0.001000,0.001000,0.001000
1083.134615,-0.023299,0.001000,0.001000,0.001000,0.001000,0.001000
1083.153846,-0.024577,0.001000,0.001000,0.001000,0.001000,0.001000
1083.173077,-0.025835,0.001000,0.001000,0.001000,0.001000,0.001000
1083.192308,-0.027071,0.001000,0.001000,0.001000,0.001000,0.001000
1083.211538,-0.028284,0.001000,0.001000,0.001000,0.001000,0.001000
1083.230769,-0.029473,0.001000,0.001000,0.001000,0.001000,0.001000
1083.250000,-0.030637,0.001000,0.001000,0.001000,0.001000,0.001000
1083.269231,-0.031774,0.001000,0.001000,0.001000,0.001000,0.001000
1083.288462,-0.032885,0.001000,0.001000,0.001000,0.001000,0.001000
1083.307692,-0.033968,0.001000,0.001000,0.001000,0.001000,0.001000
1083.326923,-0.035023,0.001000,0.001000,0.001000,0.001000,0.001000
1083.346154,-0.036047,0.001000,0.001000,0.001000,0.001000,0.001000
1083.365385,-0.037041,0.001000,0.001000,0.001000,0.001000,0.001000
1083.384615,-0.038003,0.001000,0.001000,0.001000,0.001000,0.001000
1083.403846,-0.038934,0.001000,0.001000,0.001000,0.001000,0.001000
1083.423077,-0.039831,0.001000,0.001000,0.001000,0.001000,0.001000
1083.442308,-0.040694,0.001000,0.001000,0.001000,0.001000,0.001000
1083.461538,-0.041523,0.001000,0.001000,0.001000,0.001000,0.001000
1083.480769,-0.042317,0.001000,0.001000,0.001000,0.001000,0.001000
1083.500000,-0.043074,0.001000,0.001000,0.001000,0.001000,0.001000
1083.519231,-0.043796,0.001000,0.001000,0.001000,0.001000,0.001000
1083.538462,-0.044480,0.001000,0.001000,0.001000,0.001000,0.001000
1083.557692,-0.045126,0.001000,0.001000,0.001000,0.001000,0.001000
1083.576923,-0.045734,0.001000,0.001000,0.001000,0.001000,0.001000
1083.596154,-0.046303,0.001000,0.001000,0.001000,0.001000,0.001000
1083.615385,-0.046833,0.001000,0.001000,0.001000,0.001000,0.001000
1083.634615,-0.047323,0.001000,0.001000,0.001000,0.001000,0.001000
1083.653846,-0.047773,0.001000,0.001000,0.001000,0.001000,0.001000
1083.673077,-0.048183,0.001000,0.001000,0.001000,0.001000,0.001000
1083.692308,-0.048551,0.001000,0.001000,0.001000,0.001000,0.001000
1083.711538,-0.048879,0.001000,0.001000,0.001000,0.001000,0.001000
1083.730769,-0.049165,0.001000,0.001000,0.001000,0.001000,0.001000
1083.750000,-0.049409,0.001000,0.001000,0.001000,0.001000,0.001000
1083.769231,-0.049611,0.001000,0.001000,0.001000,0.001000,0.001000
1083.788462,-0.049771,0.001000,0.001000,0.001000,0.001000,0.001000
1083.807692,-0.049889,0.001000,0.001000,0.001000,0.001000,0.001000
1083.826923,-0.049965,0.001000,0.001000,0.001000,0.001000,0.001000
1083.846154,-0.049998,0.001000,0.001000,0.001000,0.001000,0.001000
1083.865385,-0.049989,0.001000,0.001000,0.001000,0.001000,0.001000
1083.884615,-0.049938,0.001000,0.001000,0.001000,0.001000,0.001000
1083.903846,-0.049844,0.001000,0.001000,0.001000,0.001000,0.001000
1083.923077,-0.049707,0.001000,0.001000,0.001000,0.001000,0.001000
1083.942308,-0.049529,0.001000,0.001000,0.001000,0.001000,0.001000
1083.961538,-0.049309,0.001000,0.001000,0.001000,0.001000,0.001000
1083.980769,-0.049046,0.001000,0.001000,0.001000,0.001000,0.001000
1084.000000,-0.048742,0.001000,0.001000,0.001000,0.001000,0.001000
1084.019231,-0.048397,0.001000,0.001000,0.001000,0.001000,0.001000
1084.038462,-0.048011,0.001000,0.001000,0.001000,0.001000,0.001000
1084.057692,-0.047584,0.001000,0.001000,0.001000,0.001000,0.001000
1084.076923,-0.047117,0.001000,0.001000,0.001000,0.001000,0.001000
1084.096154,-0.046609,0.001000,0.001000,0.001000,0.001000,0.001000
1084.115385,-0.046062,0.001000,0.001000,0.001000,0.001000,0.001000
1084.134615,-0.045476,0.001000,0.001000,0.001000,0.001000,0.001000
1084.153846,-0.044852,0.001000,0.001000,0.001000,0.001000,0.001000
1084.173077,-0.044189,0.001000,0.001000,0.001000,0.001000,0.001000
1084.192308,-0.043489,0.001000,0.001000,0.001000,0.001000,0.001000
1084.211538,-0.042752,0.001000,0.001000,0.001000,0.001000,0.001000
1084.230769,-0.041979,0.001000,0.001000,0.001000,0.001000,0.001000
1084.250000,-0.041170,0.001000,0.001000,0.001000,0.001000,0.001000
1084.269231,-0.040326,0.001000,0.001000,0.001000,0.001000,0.001000
1084.288462,-0.039448,0.001000,0.001000,0.001000,0.001000,0.001000
1084.307692,-0.038536,0.001000,0.001000,0.001000,0.001000,0.001000
1084.326923,-0.037592,0.001000,0.001000,0.001000,0.001000,0.001000
1084.346154,-0.036616,0.001000,0.001000,0.001000,0.001000,0.001000
1084.365385,-0.035609,0.001000,0.001000,0.001000,0.001000,0.001000
1084.384615,-0.034571,0.001000,0.001000,0.001000,0.001000,0.001000
1084.403846,-0.033505,0.001000,0.001000,0.001000,0.001000,0.001000
1084.423077,-0.032410,0.001000,0.001000,0.001000,0.001000,0.001000
1084.442308,-0.031287,0.001000,0.001000,0.001000,0.001000,0.001000
1084.461538,-0.030138,0.001000,0.001000,0.001000,0.001000,0.001000
1084.480769,-0.028963,0.001000,0.001000,0.001000,0.001000,0.001000
1084.500000,-0.027764,0.001000,0.001000,0.001000,0.001000,0.001000
1084.519231,-0.026541,0.001000,0.001000,0.001000,0.001000,0.001000
1084.538462,-0.025295,0.001000,0.001000,0.001000,0.001000,0.001000
1084.557692,-0.024028,0.001000,0.001000,0.001000,0.001000,0.001000
1084.576923,-0.022741,0.001000,0.001000,0.001000,0.001000,0.001000
1084.596154,-0.021435,0.001000,0.001000,0.001000,0.001000,0.001000
1084.615385,-0.020110,0.001000,0.001000,0.001000,0.001000,0.001000
1084.634615,-0.018768,0.001000,0.001000,0.001000,0.001000,0.001000
1084.653846,-0.017410,0.001000,0.001000,0.001000,0.001000,0.001000
1084.673077,-0.016038,0.001000,0.001000,0.001000,0.001000,0.001000
1084.692308,-0.014652,0.001000,0.001000,0.001000,0.001000,0.001000
1084.711538,-0.013253,0.001000,0.001000,0.001000,0.001000,0.001000
1084.730769,-0.011843,0.001000,0.001000,0.001000,0.001000,0.001000
1084.750000,-0.010424,0.001000,0.001000,0.001000,0.001000,0.001000
1084.769231,-0.008995,0.001000,0.001000,0.001000,0.001000,0.001000
1084.788462,-0.007559,0.001000,0.001000,0.001000,0.001000,0.001000
1084.807692,-0.006116,0.001000,0.001000,0.001000,0.001000,0.001000
1084.826923,-0.004668,0.001000,0.001000,0.001000,0.001000,0.001000
1084.846154,-0.003216,0.001000,0.001000,0.001000,0.001000,0.001000
1084.865385,-0.001762,0.001000,0.001000,0.001000,0.001000,0.001000
1084.884615,-0.000306,0.001000,0.001000,0.001000,0.001000,0.001000
1084.903846,0.001151,0.001000,0.001000,0.001000,0.001000,0.001000
1084.923077,0.002606,0.001000,0.001000,0.001000,0.001000,0.001000
1084.942308,0.004059,0.001000,0.001000,0.001000,0.001000,0.001000
1084.961538,0.005509,0.001000,0.001000,0.001000,0.001000,0.001000
1084.980769,0.006954,0.001000,0.001000,0.001000,0.001000,0.001000
1085.000000,0.008393,0.001000,0.001000,0.001000,0.001000,0.001000
1085.019231,0.009825,0.001000,0.001000,0.001000,0.001000,0.001000
1085.038462,0.011249,0.001000,0.001000,0.001000,0.001000,0.001000
1085.057692,0.012663,0.001000,0.001000,0.001000,0.001000,0.001000
1085.076923,0.014067,0.001000,0.001000,0.001000,0.001000,0.001000
1085.096154,0.015458,0.001000,0.001000,0.001000,0.001000,0.001000
1085.115385,0.016836,0.001000,0.001000,0.001000,0.001000,0.001000
1085.134615,0.018200,0.001000,0.001000,0.001000,0.001000,0.001000
1085.153846,0.019549,0.001000,0.001000,0.001000,0.001000,0.001000
1085.173077,0.020881,0.001000,0.001000,0.001000,0.001000,0.001000
1085.192308,0.022195,0.001000,0.001000,0.001000,0.001000,0.001000
1085.211538,0.023491,0.001000,0.001000,0.001000,0.001000,0.001000
1085.230769,0.024766,0.001000,0.001000,0.001000,0.001000,0.001000
1085.250000,0.026021,0.001000,0.001000,0.001000,0.001000,0.001000
1085.269231,0.027253,0.001000,0.001000,0.001000,0.001000,0.001000
1085.288462,0.028463,0.001000,0.001000,0.001000,0.001000,0.001000
1085.307692,0.029648,0.001000,0.001000,0.001000,0.001000,0.001000
1085.326923,0.030808,0.001000,0.001000,0.001000,0.001000,0.001000
1085.346154,0.031942,0.001000,0.001000,0.001000,0.001000,0.001000
1085.365385,0.033049,0.001000,0.001000,0.001000,0.001000,0.001000
1085.384615,0.034127,0.001000,0.001000,0.001000,0.001000,0.001000
1085.403846,0.035177,0.001000,0.001000,0.001000,0.001000,0.001000
1085.423077,0.036197,0.001000,0.001000,0.001000,0.001000,0.001000
1085.442308,0.037186,0.001000,0.001000,0.001000,0.001000,0.001000
1085.461538,0.038144,0.001000,0.001000,0.001000,0.001000,0.001000
1085.480769,0.039070,0.001000,0.001000,0.001000,0.001000,0.001000
1085.500000,0.039962,0.001000,0.001000,0.001000,0.001000,0.001000
1085.519231,0.040820,0.001000,0.001000,0.001000,0.001000,0.001000
1085.538462,0.041644,0.001000,0.001000,0.001000,0.001000,0.001000
1085.557692,0.042432,0.001000,0.001000,0.001000,0.001000,0.001000
1085.576923,0.043184,0.001000,0.001000,0.001000,0.001000,0.001000
1085.596154,0.043900,0.001000,0.001000,0.001000,0.001000,0.001000
1085.615385,0.044578,0.001000,0.001000,0.001000,0.001000,0.001000
1085.634615,0.045219,0.001000,0.001000,0.001000,0.001000,0.001000
1085.653846,0.045821,0.001000,0.001000,0.001000,0.001000,0.001000
1085.673077,0.046385,0.001000,0.001000,0.001000,0.001000,0.001000
1085.692308,0.046909,0.001000,0.001000,0.001000,0.001000,0.001000
1085.711538,0.047393,0.001000,0.001000,0.001000,0.001000,0.001000
1085.730769,0.047837,0.001000,0.001000,0.001000,0.001000,0.001000
1085.750000,0.048240,0.001000,0.001000,0.001000,0.001000,0.001000
1085.769231,0.048603,0.001000,0.001000,0.001000,0.001000,0.001000
1085.788462,0.048924,0.001000,0.001000,0.001000,0.001000,0.001000
1085.807692,0.049204,0.001000,0.001000,0.001000,0.001000,0.001000
1085.826923,0.049442,0.001000,0.001000,0.001000,0.001000,0.001000
1085.846154,0.049638,0.001000,0.001000,0.001000,0.001000,0.001000
1085.865385,0.049792,0.001000,0.001000,0.001000,0.001000,0.001000
1085.884615,0.049903,0.001000,0.001000,0.001000,0.001000,0.001000
1085.903846,0.049973,0.001000,0.001000,0.001000,0.001000,0.001000
1085.923077,0.050000,0.001000,0.001000,0.001000,0.001000,0.001000
1085.942308,0.049984,0.001000,0.001000,0.001000,0.001000,0.001000
1085.961538,0.049926,0.001000,0.001000,0.001000,0.001000,0.001000
1085.980769,0.049826,0.001000,0.001000,0.001000,0.001000,0.001000
1086.000000,0.049683,0.001000,0.001000,0.001000,0.001000,0.001000
1086.019231,0.049499,0.001000,0.001000,0.001000,0.001000,0.001000
1086.038462,0.049272,0.001000,0.001000,0.001000,0.001000,0.001000
1086.057692,0.049004,0.001000,0.001000,0.001000,0.001000,0.001000
1086.076923,0.048694,0.001000,0.001000,0.001000,0.001000,0.001000
1086.096154,0.048342,0.001000,0.001000,0.001000,0.001000,0.001000
1086.115385,0.047950,0.001000,0.001000,0.001000,0.001000,0.001000
1086.134615,0.047517,0.001000,0.001000,0.001000,0.001000,0.001000
1086.153846,0.047043,0.001000,0.001000,0.001000,0.001000,0.001000
1086.173077,0.046530,0.001000,0.001000,0.001000,0.001000,0.001000
1086.192308,0.045977,0.001000,0.001000,0.001000,0.001000,0.001000
1086.211538,0.045386,0.001000,0.001000,0.001000,0.001000,0.001000
1086.230769,0.044755,0.001000,0.001000,0.001000,0.001000,0.001000
1086.250000,0.044087,0.001000,0.001000,0.001000,0.001000,0.001000
1086.269231,0.043381,0.001000,0.001000,0.001000,0.001000,0.001000
1086.288462,0.042639,0.001000,0.001000,0.001000,0.001000,0.001000
1086.307692,0.041860,0.001000,0.001000,0.001000,0.001000,0.001000
1086.326923,0.041046,0.001000,0.001000,0.001000,0.001000,0.001000
1086.346154,0.040197,0.001000,0.001000,0.001000,0.001000,0.001000
1086.365385,0.039314,0.001000,0.001000,0.001000,0.001000,0.001000
1086.384615,0.038398,0.001000,0.001000,0.001000,0.001000,0.001000
1086.403846,0.037449,0.001000,0.001000,0.001000,0.001000,0.001000
1086.423077,0.036468,0.001000,0.001000,0.001000,0.001000,0.001000
1086.442308,0.035456,0.001000,0.001000,0.001000,0.001000,0.001000
1086.461538,0.034414,0.001000,0.001000,0.001000,0.001000,0.001000
1086.480769,0.033343,0.001000,0.001000,0.001000,0.001000,0.001000
1086.500000,0.032244,0.001000,0.001000,0.001000,0.001000,0.001000
1086.519231,0.031117,0.001000,0.001000,0.001000,0.001000,0.001000
1086.538462,0.029964,0.001000,0.001000,0.001000,0.001000,0.001000
1086.557692,0.028786,0.001000,0.001000,0.001000,0.001000,0.001000
1086.576923,0.027583,0.001000,0.001000,0.001000,0.001000,0.001000
1086.596154,0.026356,0.001000,0.001000,0.001000,0.001000,0.001000
1086.615385,0.025108,0.001000,0.001000,0.001000,0.001000,0.001000
1086.634615,0.023838,0.001000,0.001000,0.001000,0.001000,0.001000
1086.653846,0.022547,0.001000,0.001000,0.001000,0.001000,0.001000
1086.673077,0.021238,0.001000,0.001000,0.001000,0.001000,0.001000
1086.692308,0.019911,0.001000,0.001000,0.001000,0.001000,0.001000
1086.711538,0.018567,0.001000,0.001000,0.001000,0.001000,0.001000
1086.730769,0.017207,0.001000,0.001000,0.001000,0.001000,0.001000
1086.750000,0.015832,0.001000,0.001000,0.001000,0.001000,0.001000
1086.769231,0.014444,0.001000,0.001000,0.001000,0.001000,0.001000
1086.788462,0.013044,0.001000,0.001000,0.001000,0.001000,0.001000
1086.807692,0.011632,0.001000,0.001000,0.001000,0.001000,0.001000
1086.826923,0.010211,0.001000,0.001000,0.001000,0.001000,0.001000
1086.846154,0.008781,0.001000,0.001000,0.001000,0.001000,0.001000
1086.865385,0.007344,0.001000,0.001000,0.001000,0.001000,0.001000
1086.884615,0.005900,0.001000,0.001000,0.001000,0.001000,0.001000
1086.903846,0.004452,0.001000,0.001000,0.001000,0.001000,0.001000
1086.923077,0.002999,0.001000,0.001000,0.001000,0.001000,0.001000
1086.942308,0.001544,0.001000,0.001000,0.001000,0.001000,0.001000
1086.961538,0.000088,0.001000,0.001000,0.001000,0.001000,0.001000
1086.980769,-0.001368,0.001000,0.001000,0.001000,0.001000,0.001000
1087.000000,-0.002823,0.001000,0.001000,0.001000,0.001000,0.001000
1087.019231,-0.004276,0.001000,0.001000,0.001000,0.001000,0.001000
1087.038462,-0.005725,0.001000,0.001000,0.001000,0.001000,0.001000
1087.057692,-0.007169,0.001000,0.001000,0.001000,0.001000,0.001000
1087.076923,-0.008607,0.001000,0.001000,0.001000,0.001000,0.001000
1087.096154,-0.010038,0.001000,0.001000,0.001000,0.001000,0.001000
1087.115385,-0.011461,0.001000,0.001000,0.001000,0.001000,0.001000
1087.134615,-0.012873,0.001000,0.001000,0.001000,0.001000,0.001000
1087.153846,-0.014275,0.001000,0.001000,0.001000,0.001000,0.001000
1087.173077,-0.015664,0.001000,0.001000,0.001000,0.001000,0.001000
1087.192308,-0.017041,0.001000,0.001000,0.001000,0.001000,0.001000
1087.211538,-0.018403,0.001000,0.001000,0.001000,0.001000,0.001000
1087.230769,-0.019749,0.001000,0.001000,0.001000,0.001000,0.001000
1087.250000,-0.021078,0.001000,0.001000,0.001000,0.001000,0.001000
1087.269231,-0.022390,0.001000,0.001000,0.001000,0.001000,0.001000
1087.288462,-0.023682,0.001000,0.001000,0.001000,0.001000,0.001000
1087.307692,-0.024955,0.001000,0.001000,0.001000,0.001000,0.001000
1087.326923,-0.026206,0.001000,0.001000,0.001000,0.001000,0.001000
1087.346154,-0.027435,0.001000,0.001000,0.001000,0.001000,0.001000
1087.365385,-0.028641,0.001000,0.001000,0.001000,0.001000,0.001000
1087.384615,-0.029823,0.001000,0.001000,0.001000,0.001000,0.001000
1087.403846,-0.030979,0.001000,0.001000,0.001000,0.001000,0.001000
1087.423077,-0.032109,0.001000,0.001000,0.001000,0.001000,0.001000
1087.442308,-0.033211,0.001000,0.001000,0.001000,0.001000,0.001000
1087.461538,-0.034286,0.001000,0.001000,0.001000,0.001000,0.001000
1087.480769,-0.035331,0.001000,0.001000,0.001000,0.001000,0.001000
1087.500000,-0.036347,0.001000,0.001000,0.001000,0.001000,0.001000
1087.519231,-0.037331,0.001000,0.001000,0.001000,0.001000,0.001000
1087.538462,-0.038284,0.001000,0.001000,0.001000,0.001000,0.001000
1087.557692,-0.039205,0.001000,0.001000,0.001000,0.001000,0.001000
1087.576923,-0.040092,0.001000,0.001000,0.001000,0.001000,0.001000
1087.596154,-0.040945,0.001000,0.001000,0.001000,0.001000,0.001000
1087.615385,-0.041763,0.001000,0.001000,0.001000,0.001000,0.001000
1087.634615,-0.042546,0.001000,0.001000,0.001000,0.001000,0.001000
1087.653846,-0.043293,0.001000,0.001000,0.001000,0.001000,0.001000
1087.673077,-0.044004,0.001000,0.001000,0.001000,0.001000,0.001000
1087.692308,-0.044676,0.001000,0.001000,0.001000,0.001000,0.001000
1087.711538,-0.045311,0.001000,0.001000,0.001000,0.001000,0.001000
1087.730769,-0.045908,0.001000,0.001000,0.001000,0.001000,0.001000
1087.750000,-0.046465,0.001000,0.001000,0.001000,0.001000,0.001000
1087.769231,-0.046983,0.001000,0.001000,0.001000,0.001000,0.001000
1087.788462,-0.047462,0.001000,0.001000,0.001000,0.001000,0.001000
1087.807692,-0.047900,0.001000,0.001000,0.001000,0.001000,0.001000
1087.826923,-0.048297,0.001000,0.001000,0.001000,0.001000,0.001000
1087.846154,-0.048653,0.001000,0.001000,0.001000,0.001000,0.001000
1087.865385,-0.048968,0.001000,0.001000,0.001000,0.001000,0.001000
1087.884615,-0.049242,0.001000,0.001000,0.001000,0.001000,0.001000
1087.903846,-0.049474,0.001000,0.001000,0.001000,0.001000,0.001000
1087.923077,-0.049663,0.001000,0.001000,0.001000,0.001000,0.001000
1087.942308,-0.049811,0.001000,0.001000,0.001000,0.001000,0.001000
1087.961538,-0.049916,0.001000,0.001000,0.001000,0.001000,0.001000
1087.980769,-0.049979,0.001000,0.001000,0.001000,0.001000,0.001000
1088.000000,-0.050000,0.001000,0.001000,0.001000,0.001000,0.001000
1088.019231,-0.049978,0.001000,0.001000,0.001000,0.001000,0.001000
1088.038462,-0.049914,0.001000,0.001000,0.001000,0.001000,0.001000
1088.057692,-0.049807,0.001000,0.001000,0.001000,0.001000,0.001000
1088.076923,-0.049659,0.001000,0.001000,0.001000,0.001000,0.001000
1088.096154,-0.049468,0.001000,0.001000,0.001000,0.001000,0.001000
1088.115385,-0.049235,0.001000,0.001000,0.001000,0.001000,0.001000
1088.134615,-0.048960,0.001000,0.001000,0.001000,0.001000,0.001000
1088.153846,-0.048644,0.001000,0.001000,0.001000,0.001000,0.001000
1088.173077,-0.048286,0.001000,0.001000,0.001000,0.001000,0.001000
1088.192308,-0.047888,0.001000,0.001000,0.001000,0.001000,0.001000
1088.211538,-0.047449,0.001000,0.001000,0.001000,0.001000,0.001000
1088.230769,-0.046969,0.001000,0.001000,0.001000,0.001000,0.001000
1088.250000,-0.046450,0.001000,0.001000,0.001000,0.001000,0.001000
1088.269231,-0.045892,0.001000,0.001000,0.001000,0.001000,0.001000
1088.288462,-0.045294,0.001000,0.001000,0.001000,0.001000,0.001000
1088.307692,-0.044658,0.001000,0.001000,0.001000,0.001000,0.001000
1088.326923,-0.043984,0.001000,0.001000,0.001000,0.001000,0.001000
1088.346154,-0.043273,0.001000,0.001000,0.001000,0.001000,0.001000
1088.365385,-0.042525,0.001000,0.001000,0.001000,0.001000,0.001000
1088.384615,-0.041741,0.001000,0.001000,0.001000,0.001000,0.001000
1088.403846,-0.040922,0.001000,0.001000,0.001000,0.001000,0.001000
1088.423077,-0.040067,0.001000,0.001000,0.001000,0.001000,0.001000
1088.442308,-0.039179,0.001000,0.001000,0.001000,0.001000,0.001000
1088.461538,-0.038258,0.001000,0.001000,0.001000,0.001000,0.001000
1088.480769,-0.037304,0.001000,0.001000,0.001000,0.001000,0.001000
1088.500000,-0.036319,0.001000,0.001000,0.001000,0.001000,0.001000
1088.519231,-0.035302,0.001000,0.001000,0.001000,0.001000,0.001000
1088.538462,-0.034256,0.001000,0.001000,0.001000,0.001000,0.001000
1088.557692,-0.033181,0.001000,0.001000,0.001000,0.001000,0.001000
1088.576923,-0.032077,0.001000,0.001000,0.001000,0.001000,0.001000
1088.596154,-0.030947,0.001000,0.001000,0.001000,0.001000,0.001000
1088.615385,-0.029790,0.001000,0.001000,0.001000,0.001000,0.001000
1088.634615,-0.028608,0.001000,0.001000,0.001000,0.001000,0.001000
1088.653846,-0.027401,0.001000,0.001000,0.001000,0.001000,0.001000
1088.673077,-0.026171,0.001000,0.001000,0.001000,0.001000,0.001000
1088.692308,-0.024920,0.001000,0.001000,0.001000,0.001000,0.001000
1088.711538,-0.023646,0.001000,0.001000,0.001000,0.001000,0.001000
1088.730769,-0.022353,0.001000,0.001000,0.001000,0.001000,0.001000
1088.750000,-0.021041,0.001000,0.001000,0.001000,0.001000,0.001000
1088.769231,-0.019711,0.001000,0.001000,0.001000,0.001000,0.001000
1088.788462,-0.018365,0.001000,0.001000,0.001000,0.001000,0.001000
1088.807692,-0.017002,0.001000,0.001000,0.001000,0.001000,0.001000
1088.826923,-0.015626,0.001000,0.001000,0.001000,0.001000,0.001000
1088.846154,-0.014236,0.001000,0.001000,0.001000,0.001000,0.001000
1088.865385,-0.012834,0.001000,0.001000,0.001000,0.001000,0.001000
1088.884615,-0.011421,0.001000,0.001000,0.001000,0.001000,0.001000
1088.903846,-0.009998,0.001000,0.001000,0.001000,0.001000,0.001000
1088.923077,-0.008567,0.001000,0.001000,0.001000,0.001000,0.001000
1088.942308,-0.007129,0.001000,0.001000,0.001000,0.001000,0.001000
1088.961538,-0.005684,0.001000,0.001000,0.001000,0.001000,0.001000
1088.980769,-0.004235,0.001000,0.001000,0.001000,0.001000,0.001000
1089.000000,-0.002782,0.001000,0.001000,0.001000,0.001000,0.001000
1089.019231,-0.001327,0.001000,0.001000,0.001000,0.001000,0.001000
1089.038462,0.000129,0.001000,0.001000,0.001000,0.001000,0.001000
1089.057692,0.001585,0.001000,0.001000,0.001000,0.001000,0.001000
1089.076923,0.003040,0.001000,0.001000,0.001000,0.001000,0.001000
1089.096154,0.004492,0.001000,0.001000,0.001000,0.001000,0.001000
1089.115385,0.005941,0.001000,0.001000,0.001000,0.001000,0.001000
1089.134615,0.007384,0.001000,0.001000,0.001000,0.001000,0.001000
1089.153846,0.008821,0.001000,0.001000,0.001000,0.001000,0.001000
1089.173077,0.010251,0.001000,0.001000,0.001000,0.001000,0.001000
1089.192308,0.011672,0.001000,0.001000,0.001000,0.001000,0.001000
1089.211538,0.013083,0.001000,0.001000,0.001000,0.001000,0.001000
1089.230769,0.014483,0.001000,0.001000,0.001000,0.001000,0.001000
1089.250000,0.015871,0.001000,0.001000,0.001000,0.001000,0.001000
1089.269231,0.017245,0.001000,0.001000,0.001000,0.001000,0.001000
1089.288462,0.018604,0.001000,0.001000,0.001000,0.001000,0.001000
1089.307692,0.019948,0.001000,0.001000,0.001000,0.001000,0.001000
1089.326923,0.021275,0.001000,0.001000,0.001000,0.001000,0.001000
1089.346154,0.022584,0.001000,0.001000,0.001000,0.001000,0.001000
1089.365385,0.023874,0.001000,0.001000,0.001000,0.001000,0.001000
1089.384615,0.025143,0.001000,0.001000,0.001000,0.001000,0.001000
1089.403846,0.026391,0.001000,0.001000,0.001000,0.001000,0.001000
1089.423077,0.027617,0.001000,0.001000,0.001000,0.001000,0.001000
1089.442308,0.028819,0.001000,0.001000,0.001000,0.001000,0.001000
1089.461538,0.029997,0.001000,0.001000,0.001000,0.001000,0.001000
1089.480769,0.031149,0.001000,0.001000,0.001000,0.001000,0.001000
1089.500000,0.032275,0.001000,0.001000,0.001000,0.001000,0.001000
1089.519231,0.033374,0.001000,0.001000,0.001000,0.001000,0.001000
1089.538462,0.034444,0.001000,0.001000,0.001000,0.001000,0.001000
1089.557692,0.035485,0.001000,0.001000,0.001000,0.001000,0.001000
1089.576923,0.036496,0.001000,0.001000,0.001000,0.001000,0.001000
1089.596154,0.037476,0.001000,0.001000,0.001000,0.001000,0.001000
1089.615385,0.038424,0.001000,0.001000,0.001000,0.001000,0.001000
1089.634615,0.039339,0.001000,0.001000,0.001000,0.001000,0.001000
1089.653846,0.040221,0.001000,0.001000,0.001000,0.001000,0.001000
1089.673077,0.041069,0.001000,0.001000,0.001000,0.001000,0.001000
1089.692308,0.041883,0.001000,0.001000,0.001000,0.001000,0.001000
1089.711538,0.042660,0.001000,0.001000,0.001000,0.001000,0.001000
1089.730769,0.043402,0.001000,0.001000,0.001000,0.001000,0.001000
1089.750000,0.044106,0.001000,0.001000,0.001000,0.001000,0.001000
1089.769231,0.044773,0.001000,0.001000,0.001000,0.001000,0.001000
1089.788462,0.045403,0.001000,0.001000,0.001000,0.001000,0.001000
1089.807692,0.045993,0.001000,0.001000,0.001000,0.001000,0.001000
1089.826923,0.046545,0.001000,0.001000,0.001000,0.001000,0.001000
1089.846154,0.047057,0.001000,0.001000,0.001000,0.001000,0.001000
1089.865385,0.047529,0.001000,0.001000,0.001000,0.001000,0.001000
1089.884615,0.047961,0.001000,0.001000,0.001000,0.001000,0.001000
1089.903846,0.048353,0.001000,0.001000,0.001000,0.001000,0.001000
1089.923077,0.048703,0.001000,0.001000,0.001000,0.001000,0.001000
1089.942308,0.049012,0.001000,0.001000,0.001000,0.001000,0.001000
1089.961538,0.049279,0.001000,0.001000,0.001000,0.001000,0.001000
1089.980769,0.049505,0.001000,0.001000,0.001000,0.001000,0.001000
