timestamp,ax,ay,az,gx,gy,gz
1000.000000,0.000000,0.001000,0.001000,0.001000,0.001000,0.001000
1000.019231,0.001386,0.001000,0.001000,0.001000,0.001000,0.001000
1000.038462,0.002771,0.001000,0.001000,0.001000,0.001000,0.001000
1000.057692,0.004154,0.001000,0.001000,0.001000,0.001000,0.001000
1000.076923,0.005534,0.001000,0.001000,0.001000,0.001000,0.001000
1000.096154,0.006909,0.001000,0.001000,0.001000,0.001000,0.001000
1000.115385,0.008279,0.001000,0.001000,0.001000,0.001000,0.001000
1000.134615,0.009643,0.001000,0.001000,0.001000,0.001000,0.001000
1000.153846,0.010999,0.001000,0.001000,0.001000,0.001000,0.001000
1000.173077,0.012347,0.001000,0.001000,0.001000,0.001000,0.001000
1000.192308,0.013686,0.001000,0.001000,0.001000,0.001000,0.001000
1000.211538,0.015014,0.001000,0.001000,0.001000,0.001000,0.001000
1000.230769,0.016330,0.001000,0.001000,0.001000,0.001000,0.001000
1000.250000,0.017634,0.001000,0.001000,0.001000,0.001000,0.001000
1000.269231,0.018924,0.001000,0.001000,0.001000,0.001000,0.001000
1000.288462,0.020200,0.001000,0.001000,0.001000,0.001000,0.001000
1000.307692,0.021460,0.001000,0.001000,0.001000,0.001000,0.001000
1000.326923,0.022704,0.001000,0.001000,0.001000,0.001000,0.001000
1000.346154,0.023930,0.001000,0.001000,0.001000,0.001000,0.001000
1000.365385,0.025138,0.001000,0.001000,0.001000,0.001000,0.001000
1000.384615,0.026326,0.001000,0.001000,0.001000,0.001000,0.001000
1000.403846,0.027495,0.001000,0.001000,0.001000,0.001000,0.001000
1000.423077,0.028642,0.001000,0.001000,0.001000,0.001000,0.001000
1000.442308,0.029767,0.001000,0.001000,0.001000,0.001000,0.001000
1000.461538,0.030869,0.001000,0.001000,0.001000,0.001000,0.001000
1000.480769,0.031948,0.001000,0.001000,0.001000,0.001000,0.001000
1000.500000,0.033002,0.001000,0.001000,0.001000,0.001000,0.001000
1000.519231,0.034030,0.001000,0.001000,0.001000,0.001000,0.001000
1000.538462,0.035033,0.001000,0.001000,0.001000,0.001000,0.001000
1000.557692,0.036008,0.001000,0.001000,0.001000,0.001000,0.001000
1000.576923,0.036956,0.001000,0.001000,0.001000,0.001000,0.001000
1000.596154,0.037875,0.001000,0.001000,0.001000,0.001000,0.001000
1000.615385,0.038766,0.001000,0.001000,0.001000,0.001000,0.001000
1000.634615,0.039626,0.001000,0.001000,0.001000,0.001000,0.001000
1000.653846,0.040456,0.001000,0.001000,0.001000,0.001000,0.001000
1000.673077,0.041255,0.001000,0.001000,0.001000,0.001000,0.001000
1000.692308,0.042023,0.001000,0.001000,0.001000,0.001000,0.001000
1000.711538,0.042758,0.001000,0.001000,0.001000,0.001000,0.001000
1000.730769,0.043460,0.001000,0.001000,0.001000,0.001000,0.001000
1000.750000,0.044128,0.001000,0.001000,0.001000,0.001000,0.001000
1000.769231,0.044763,0.001000,0.001000,0.001000,0.001000,0.001000
1000.788462,0.045363,0.001000,0.001000,0.001000,0.001000,0.001000
1000.807692,0.045929,0.001000,0.001000,0.001000,0.001000,0.001000
1000.826923,0.046459,0.001000,0.001000,0.001000,0.001000,0.001000
1000.846154,0.046954,0.001000,0.001000,0.001000,0.001000,0.001000
1000.865385,0.047412,0.001000,0.001000,0.001000,0.001000,0.001000
1000.884615,0.047834,0.001000,0.001000,0.001000,0.001000,0.001000
1000.903846,0.048219,0.001000,0.001000,0.001000,0.001000,0.001000
1000.923077,0.048567,0.001000,0.001000,0.001000,0.001000,0.001000
1000.942308,0.048878,0.001000,0.001000,0.001000,0.001000,0.001000
1000.961538,0.049151,0.001000,0.001000,0.001000,0.001000,0.001000
1000.980769,0.049387,0.001000,0.001000,0.001000,0.001000,0.001000
1001.000000,0.049584,0.001000,0.001000,0.001000,0.001000,0.001000
1001.019231,0.049743,0.001000,0.001000,0.001000,0.001000,0.001000
1001.038462,0.049865,0.001000,0.001000,0.001000,0.001000,0.001000
1001.057692,0.049947,0.001000,0.001000,0.001000,0.001000,0.001000
1001.076923,0.049992,0.001000,0.001000,0.001000,0.001000,0.001000
1001.096154,0.049998,0.001000,0.001000,0.001000,0.001000,0.001000
1001.115385,0.049965,0.001000,0.001000,0.001000,0.001000,0.001000
1001.134615,0.049894,0.001000,0.001000,0.001000,0.001000,0.001000
1001.153846,0.049785,0.001000,0.001000,0.001000,0.001000,0.001000
1001.173077,0.049638,0.001000,0.001000,0.001000,0.001000,0.001000
1001.192308,0.049452,0.001000,0.001000,0.001000,0.001000,0.001000
1001.211538,0.049228,0.001000,0.001000,0.001000,0.001000,0.001000
1001.230769,0.048967,0.001000,0.001000,0.001000,0.001000,0.001000
1001.250000,0.048668,0.001000,0.001000,0.001000,0.001000,0.001000
1001.269231,0.048331,0.001000,0.001000,0.001000,0.001000,0.001000
1001.288462,0.047958,0.001000,0.001000,0.001000,0.001000,0.001000
1001.307692,0.047547,0.001000,0.001000,0.001000,0.001000,0.001000
1001.326923,0.047100,0.001000,0.001000,0.001000,0.001000,0.001000
1001.346154,0.046617,0.001000,0.001000,0.001000,0.001000,0.001000
1001.365385,0.046097,0.001000,0.001000,0.001000,0.001000,0.001000
1001.384615,0.045543,0.001000,0.001000,0.001000,0.001000,0.001000
1001.403846,0.044953,0.001000,0.001000,0.001000,0.001000,0.001000
1001.423077,0.044329,0.001000,0.001000,0.001000,0.001000,0.001000
1001.442308,0.043671,0.001000,0.001000,0.001000,0.001000,0.001000
1001.461538,0.042979,0.001000,0.001000,0.001000,0.001000,0.001000
1001.480769,0.042254,0.001000,0.001000,0.001000,0.001000,0.001000
1001.500000,0.041497,0.001000,0.001000,0.001000,0.001000,0.001000
1001.519231,0.040708,0.001000,0.001000,0.001000,0.001000,0.001000
1001.538462,0.039887,0.001000,0.001000,0.001000,0.001000,0.001000
1001.557692,0.039036,0.001000,0.001000,0.001000,0.001000,0.001000
1001.576923,0.038155,0.001000,0.001000,0.001000,0.001000,0.001000
1001.596154,0.037245,0.001000,0.001000,0.001000,0.001000,0.001000
1001.615385,0.036306,0.001000,0.001000,0.001000,0.001000,0.001000
1001.634615,0.035339,0.001000,0.001000,0.001000,0.001000,0.001000
1001.653846,0.034344,0.001000,0.001000,0.001000,0.001000,0.001000
1001.673077,0.033324,0.001000,0.001000,0.001000,0.001000,0.001000
1001.692308,0.032278,0.001000,0.001000,0.001000,0.001000,0.001000
1001.711538,0.031207,0.001000,0.001000,0.001000,0.001000,0.001000
1001.730769,0.030112,0.001000,0.001000,0.001000,0.001000,0.001000
1001.750000,0.028994,0.001000,0.001000,0.001000,0.001000,0.001000
1001.769231,0.027853,0.001000,0.001000,0.001000,0.001000,0.001000
1001.788462,0.026691,0.001000,0.001000,0.001000,0.001000,0.001000
1001.807692,0.025509,0.001000,0.001000,0.001000,0.001000,0.001000
1001.826923,0.024307,0.001000,0.001000,0.001000,0.001000,0.001000
1001.846154,0.023087,0.001000,0.001000,0.001000,0.001000,0.001000
1001.865385,0.021848,0.001000,0.001000,0.001000,0.001000,0.001000
1001.884615,0.020593,0.001000,0.001000,0.001000,0.001000,0.001000
1001.903846,0.019322,0.001000,0.001000,0.001000,0.001000,0.001000
1001.923077,0.018036,0.001000,0.001000,0.001000,0.001000,0.001000
1001.942308,0.016736,0.001000,0.001000,0.001000,0.001000,0.001000
1001.961538,0.015424,0.001000,0.001000,0.001000,0.001000,0.001000
1001.980769,0.014099,0.001000,0.001000,0.001000,0.001000,0.001000
1002.000000,0.012764,0.001000,0.001000,0.001000,0.001000,0.001000
1002.019231,0.011419,0.001000,0.001000,0.001000,0.001000,0.001000
1002.038462,0.010065,0.001000,0.001000,0.001000,0.001000,0.001000
1002.057692,0.008704,0.001000,0.001000,0.001000,0.001000,0.001000
1002.076923,0.007335,0.001000,0.001000,0.001000,0.001000,0.001000
1002.096154,0.005961,0.001000,0.001000,0.001000,0.001000,0.001000
1002.115385,0.004583,0.001000,0.001000,0.001000,0.001000,0.001000
1002.134615,0.003201,0.001000,0.001000,0.001000,0.001000,0.001000
1002.153846,0.001816,0.001000,0.001000,0.001000,0.001000,0.001000
1002.173077,0.000431,0.001000,0.001000,0.001000,0.001000,0.001000
1002.192308,-0.000956,0.001000,0.001000,0.001000,0.001000,0.001000
1002.211538,-0.002341,0.001000,0.001000,0.001000,0.001000,0.001000
1002.230769,-0.003725,0.001000,0.001000,0.001000,0.001000,0.001000
1002.250000,-0.005106,0.001000,0.001000,0.001000,0.001000,0.001000
1002.269231,-0.006482,0.001000,0.001000,0.001000,0.001000,0.001000
1002.288462,-0.007854,0.001000,0.001000,0.001000,0.001000,0.001000
1002.307692,-0.009220,0.001000,0.001000,0.001000,0.001000,0.001000
1002.326923,-0.010579,0.001000,0.001000,0.001000,0.001000,0.001000
1002.346154,-0.011930,0.001000,0.001000,0.001000,0.001000,0.001000
1002.365385,-0.013271,0.001000,0.001000,0.001000,0.001000,0.001000
1002.384615,-0.014602,0.001000,0.001000,0.001000,0.001000,0.001000
1002.403846,-0.015922,0.001000,0.001000,0.001000,0.001000,0.001000
1002.423077,-0.017230,0.001000,0.001000,0.001000,0.001000,0.001000
1002.442308,-0.018525,0.001000,0.001000,0.001000,0.001000,0.001000
1002.461538,-0.019805,0.001000,0.001000,0.001000,0.001000,0.001000
1002.480769,-0.021070,0.001000,0.001000,0.001000,0.001000,0.001000
1002.500000,-0.022319,0.001000,0.001000,0.001000,0.001000,0.001000
1002.519231,-0.023551,0.001000,0.001000,0.001000,0.001000,0.001000
1002.538462,-0.024765,0.001000,0.001000,0.001000,0.001000,0.001000
1002.557692,-0.025959,0.001000,0.001000,0.001000,0.001000,0.001000
1002.576923,-0.027134,0.001000,0.001000,0.001000,0.001000,0.001000
1002.596154,-0.028288,0.001000,0.001000,0.001000,0.001000,0.001000
1002.615385,-0.029420,0.001000,0.001000,0.001000,0.001000,0.001000
1002.634615,-0.030529,0.001000,0.001000,0.001000,0.001000,0.001000
1002.653846,-0.031615,0.001000,0.001000,0.001000,0.001000,0.001000
1002.673077,-0.032677,0.001000,0.001000,0.001000,0.001000,0.001000
1002.692308,-0.033714,0.001000,0.001000,0.001000,0.001000,0.001000
1002.711538,-0.034724,0.001000,0.001000,0.001000,0.001000,0.001000
1002.730769,-0.035708,0.001000,0.001000,0.001000,0.001000,0.001000
1002.750000,-0.036665,0.001000,0.001000,0.001000,0.001000,0.001000
1002.769231,-0.037593,0.001000,0.001000,0.001000,0.001000,0.001000
1002.788462,-0.038492,0.001000,0.001000,0.001000,0.001000,0.001000
1002.807692,-0.039362,0.001000,0.001000,0.001000,0.001000,0.001000
1002.826923,-0.040202,0.001000,0.001000,0.001000,0.001000,0.001000
1002.846154,-0.041011,0.001000,0.001000,0.001000,0.001000,0.001000
1002.865385,-0.041788,0.001000,0.001000,0.001000,0.001000,0.001000
1002.884615,-0.042533,0.001000,0.001000,0.001000,0.001000,0.001000
1002.903846,-0.043245,0.001000,0.001000,0.001000,0.001000,0.001000
1002.923077,-0.043924,0.001000,0.001000,0.001000,0.001000,0.001000
1002.942308,-0.044570,0.001000,0.001000,0.001000,0.001000,0.001000
1002.961538,-0.045181,0.001000,0.001000,0.001000,0.001000,0.001000
1002.980769,-0.045757,0.001000,0.001000,0.001000,0.001000,0.001000
1003.000000,-0.046298,0.001000,0.001000,0.001000,0.001000,0.001000
1003.019231,-0.046804,0.001000,0.001000,0.001000,0.001000,0.001000
1003.038462,-0.047274,0.001000,0.001000,0.001000,0.001000,0.001000
1003.057692,-0.047707,0.001000,0.001000,0.001000,0.001000,0.001000
1003.076923,-0.048103,0.001000,0.001000,0.001000,0.001000,0.001000
1003.096154,-0.048463,0.001000,0.001000,0.001000,0.001000,0.001000
1003.115385,-0.048785,0.001000,0.001000,0.001000,0.001000,0.001000
1003.134615,-0.049070,0.001000,0.001000,0.001000,0.001000,0.001000
1003.153846,-0.049318,0.001000,0.001000,0.001000,0.001000,0.001000
1003.173077,-0.049527,0.001000,0.001000,0.001000,0.001000,0.001000
1003.192308,-0.049698,0.001000,0.001000,0.001000,0.001000,0.001000
1003.211538,-0.049831,0.001000,0.001000,0.001000,0.001000,0.001000
1003.230769,-0.049926,0.001000,0.001000,0.001000,0.001000,0.001000
1003.250000,-0.049982,0.001000,0.001000,0.001000,0.001000,0.001000
1003.269231,-0.050000,0.001000,0.001000,0.001000,0.001000,0.001000
1003.288462,-0.049979,0.001000,0.001000,0.001000,0.001000,0.001000
1003.307692,-0.049921,0.001000,0.001000,0.001000,0.001000,0.001000
1003.326923,-0.049823,0.001000,0.001000,0.001000,0.001000,0.001000
1003.346154,-0.049688,0.001000,0.001000,0.001000,0.001000,0.001000
1003.365385,-0.049514,0.001000,0.001000,0.001000,0.001000,0.001000
1003.384615,-0.049302,0.001000,0.001000,0.001000,0.001000,0.001000
1003.403846,-0.049052,0.001000,0.001000,0.001000,0.001000,0.001000
1003.423077,-0.048765,0.001000,0.001000,0.001000,0.001000,0.001000
1003.442308,-0.048440,0.001000,0.001000,0.001000,0.001000,0.001000
1003.461538,-0.048078,0.001000,0.001000,0.001000,0.001000,0.001000
1003.480769,-0.047678,0.001000,0.001000,0.001000,0.001000,0.001000
1003.500000,-0.047243,0.001000,0.001000,0.001000,0.001000,0.001000
1003.519231,-0.046771,0.001000,0.001000,0.001000,0.001000,0.001000
1003.538462,-0.046263,0.001000,0.001000,0.001000,0.001000,0.001000
1003.557692,-0.045719,0.001000,0.001000,0.001000,0.001000,0.001000
1003.576923,-0.045140,0.001000,0.001000,0.001000,0.001000,0.001000
1003.596154,-0.044527,0.001000,0.001000,0.001000,0.001000,0.001000
1003.615385,-0.043879,0.001000,0.001000,0.001000,0.001000,0.001000
1003.634615,-0.043198,0.001000,0.001000,0.001000,0.001000,0.001000
1003.653846,-0.042483,0.001000,0.001000,0.001000,0.001000,0.001000
1003.673077,-0.041736,0.001000,0.001000,0.001000,0.001000,0.001000
1003.692308,-0.040956,0.001000,0.001000,0.001000,0.001000,0.001000
1003.711538,-0.040146,0.001000,0.001000,0.001000,0.001000,0.001000
1003.730769,-0.039304,0.001000,0.001000,0.001000,0.001000,0.001000
1003.750000,-0.038432,0.001000,0.001000,0.001000,0.001000,0.001000
1003.769231,-0.037531,0.001000,0.001000,0.001000,0.001000,0.001000
1003.788462,-0.036600,0.001000,0.001000,0.001000,0.001000,0.001000
1003.807692,-0.035642,0.001000,0.001000,0.001000,0.001000,0.001000
1003.826923,-0.034656,0.001000,0.001000,0.001000,0.001000,0.001000
1003.846154,-0.033644,0.001000,0.001000,0.001000,0.001000,0.001000
1003.865385,-0.032605,0.001000,0.001000,0.001000,0.001000,0.001000
1003.884615,-0.031542,0.001000,0.001000,0.001000,0.001000,0.001000
1003.903846,-0.030454,0.001000,0.001000,0.001000,0.001000,0.001000
1003.923077,-0.029343,0.001000,0.001000,0.001000,0.001000,0.001000
1003.942308,-0.028210,0.001000,0.001000,0.001000,0.001000,0.001000
1003.961538,-0.027055,0.001000,0.001000,0.001000,0.001000,0.001000
1003.980769,-0.025878,0.001000,0.001000,0.001000,0.001000,0.001000
1004.000000,-0.024683,0.001000,0.001000,0.001000,0.001000,0.001000
1004.019231,-0.023468,0.001000,0.001000,0.001000,0.001000,0.001000
1004.038462,-0.022235,0.001000,0.001000,0.001000,0.001000,0.001000
1004.057692,-0.020985,0.001000,0.001000,0.001000,0.001000,0.001000
1004.076923,-0.019718,0.001000,0.001000,0.001000,0.001000,0.001000
1004.096154,-0.018437,0.001000,0.001000,0.001000,0.001000,0.001000
1004.115385,-0.017142,0.001000,0.001000,0.001000,0.001000,0.001000
1004.134615,-0.015833,0.001000,0.001000,0.001000,0.001000,0.001000
1004.153846,-0.014512,0.001000,0.001000,0.001000,0.001000,0.001000
1004.173077,-0.013180,0.001000,0.001000,0.001000,0.001000,0.001000
1004.192308,-0.011838,0.001000,0.001000,0.001000,0.001000,0.001000
1004.211538,-0.010487,0.001000,0.001000,0.001000,0.001000,0.001000
1004.230769,-0.009127,0.001000,0.001000,0.001000,0.001000,0.001000
1004.250000,-0.007761,0.001000,0.001000,0.001000,0.001000,0.001000
1004.269231,-0.006389,0.001000,0.001000,0.001000,0.001000,0.001000
1004.288462,-0.005012,0.001000,0.001000,0.001000,0.001000,0.001000
1004.307692,-0.003631,0.001000,0.001000,0.001000,0.001000,0.001000
1004.326923,-0.002247,0.001000,0.001000,0.001000,0.001000,0.001000
1004.346154,-0.000861,0.001000,0.001000,0.001000,0.001000,0.001000
1004.365385,0.000525,0.001000,0.001000,0.001000,0.001000,0.001000
1004.384615,0.001911,0.001000,0.001000,0.001000,0.001000,0.001000
1004.403846,0.003295,0.001000,0.001000,0.001000,0.001000,0.001000
1004.423077,0.004677,0.001000,0.001000,0.001000,0.001000,0.001000
1004.442308,0.006055,0.001000,0.001000,0.001000,0.001000,0.001000
1004.461538,0.007429,0.001000,0.001000,0.001000,0.001000,0.001000
1004.480769,0.008797,0.001000,0.001000,0.001000,0.001000,0.001000
1004.500000,0.010158,0.001000,0.001000,0.001000,0.001000,0.001000
1004.519231,0.011511,0.001000,0.001000,0.001000,0.001000,0.001000
1004.538462,0.012856,0.001000,0.001000,0.001000,0.001000,0.001000
1004.557692,0.014190,0.001000,0.001000,0.001000,0.001000,0.001000
1004.576923,0.015514,0.001000,0.001000,0.001000,0.001000,0.001000
1004.596154,0.016825,0.001000,0.001000,0.001000,0.001000,0.001000
1004.615385,0.018124,0.001000,0.001000,0.001000,0.001000,0.001000
1004.634615,0.019409,0.001000,0.001000,0.001000,0.001000,0.001000
1004.653846,0.020679,0.001000,0.001000,0.001000,0.001000,0.001000
1004.673077,0.021933,0.001000,0.001000,0.001000,0.001000,0.001000
1004.692308,0.023170,0.001000,0.001000,0.001000,0.001000,0.001000
1004.711538,0.024390,0.001000,0.001000,0.001000,0.001000,0.001000
1004.730769,0.025590,0.001000,0.001000,0.001000,0.001000,0.001000
1004.750000,0.026771,0.001000,0.001000,0.001000,0.001000,0.001000
1004.769231,0.027932,0.001000,0.001000,0.001000,0.001000,0.001000
1004.788462,0.029071,0.001000,0.001000,0.001000,0.001000,0.001000
1004.807692,0.030187,0.001000,0.001000,0.001000,0.001000,0.001000
1004.826923,0.031280,0.001000,0.001000,0.001000,0.001000,0.001000
1004.846154,0.032350,0.001000,0.001000,0.001000,0.001000,0.001000
1004.865385,0.033394,0.001000,0.001000,0.001000,0.001000,0.001000
1004.884615,0.034413,0.001000,0.001000,0.001000,0.001000,0.001000
1004.903846,0.035405,0.001000,0.001000,0.001000,0.001000,0.001000
1004.923077,0.036371,0.001000,0.001000,0.001000,0.001000,0.001000
1004.942308,0.037308,0.001000,0.001000,0.001000,0.001000,0.001000
1004.961538,0.038216,0.001000,0.001000,0.001000,0.001000,0.001000
1004.980769,0.039095,0.001000,0.001000,0.001000,0.001000,0.001000
1005.000000,0.039944,0.001000,0.001000,0.001000,0.001000,0.001000
1005.019231,0.040763,0.001000,0.001000,0.001000,0.001000,0.001000
1005.038462,0.041550,0.001000,0.001000,0.001000,0.001000,0.001000
1005.057692,0.042305,0.001000,0.001000,0.001000,0.001000,0.001000
1005.076923,0.043027,0.001000,0.001000,0.001000,0.001000,0.001000
1005.096154,0.043717,0.001000,0.001000,0.001000,0.001000,0.001000
1005.115385,0.044373,0.001000,0.001000,0.001000,0.001000,0.001000
1005.134615,0.044995,0.001000,0.001000,0.001000,0.001000,0.001000
1005.153846,0.045582,0.001000,0.001000,0.001000,0.001000,0.001000
1005.173077,0.046134,0.001000,0.001000,0.001000,0.001000,0.001000
1005.192308,0.046651,0.001000,0.001000,0.001000,0.001000,0.001000
1005.211538,0.047132,0.001000,0.001000,0.001000,0.001000,0.001000
1005.230769,0.047576,0.001000,0.001000,0.001000,0.001000,0.001000
1005.250000,0.047984,0.001000,0.001000,0.001000,0.001000,0.001000
1005.269231,0.048355,0.001000,0.001000,0.001000,0.001000,0.001000
1005.288462,0.048689,0.001000,0.001000,0.001000,0.001000,0.001000
1005.307692,0.048986,0.001000,0.001000,0.001000,0.001000,0.001000
1005.326923,0.049245,0.001000,0.001000,0.001000,0.001000,0.001000
1005.346154,0.049466,0.001000,0.001000,0.001000,0.001000,0.001000
1005.365385,0.049649,0.001000,0.001000,0.001000,0.001000,0.001000
1005.384615,0.049794,0.001000,0.001000,0.001000,0.001000,0.001000
1005.403846,0.049900,0.001000,0.001000,0.001000,0.001000,0.001000
1005.423077,0.049969,0.001000,0.001000,0.001000,0.001000,0.001000
1005.442308,0.049999,0.001000,0.001000,0.001000,0.001000,0.001000
1005.461538,0.049990,0.001000,0.001000,0.001000,0.001000,0.001000
1005.480769,0.049943,0.001000,0.001000,0.001000,0.001000,0.001000
1005.500000,0.049858,0.001000,0.001000,0.001000,0.001000,0.001000
1005.519231,0.049734,0.001000,0.001000,0.001000,0.001000,0.001000
1005.538462,0.049572,0.001000,0.001000,0.001000,0.001000,0.001000
1005.557692,0.049372,0.001000,0.001000,0.001000,0.001000,0.001000
1005.576923,0.049134,0.001000,0.001000,0.001000,0.001000,0.001000
1005.596154,0.048858,0.001000,0.001000,0.001000,0.001000,0.001000
1005.615385,0.048545,0.001000,0.001000,0.001000,0.001000,0.001000
1005.634615,0.048194,0.001000,0.001000,0.001000,0.001000,0.001000
1005.653846,0.047806,0.001000,0.001000,0.001000,0.001000,0.001000
1005.673077,0.047382,0.001000,0.001000,0.001000,0.001000,0.001000
1005.692308,0.046921,0.001000,0.001000,0.001000,0.001000,0.001000
1005.711538,0.046424,0.001000,0.001000,0.001000,0.001000,0.001000
1005.730769,0.045892,0.001000,0.001000,0.001000,0.001000,0.001000
1005.750000,0.045324,0.001000,0.001000,0.001000,0.001000,0.001000
1005.769231,0.044721,0.001000,0.001000,0.001000,0.001000,0.001000
1005.788462,0.044084,0.001000,0.001000,0.001000,0.001000,0.001000
1005.807692,0.043413,0.001000,0.001000,0.001000,0.001000,0.001000
1005.826923,0.042709,0.001000,0.001000,0.001000,0.001000,0.001000
1005.846154,0.041971,0.001000,0.001000,0.001000,0.001000,0.001000
1005.865385,0.041202,0.001000,0.001000,0.001000,0.001000,0.001000
1005.884615,0.040401,0.001000,0.001000,0.001000,0.001000,0.001000
1005.903846,0.039569,0.001000,0.001000,0.001000,0.001000,0.001000
1005.923077,0.038706,0.001000,0.001000,0.001000,0.001000,0.001000
1005.942308,0.037814,0.001000,0.001000,0.001000,0.001000,0.001000
1005.961538,0.036892,0.001000,0.001000,0.001000,0.001000,0.001000
1005.980769,0.035943,0.001000,0.001000,0.001000,0.001000,0.001000
1006.000000,0.034965,0.001000,0.001000,0.001000,0.001000,0.001000
1006.019231,0.033961,0.001000,0.001000,0.001000,0.001000,0.001000
1006.038462,0.032931,0.001000,0.001000,0.001000,0.001000,0.001000
1006.057692,0.031875,0.001000,0.001000,0.001000,0.001000,0.001000
1006.076923,0.030795,0.001000,0.001000,0.001000,0.001000,0.001000
1006.096154,0.029691,0.001000,0.001000,0.001000,0.001000,0.001000
1006.115385,0.028564,0.001000,0.001000,0.001000,0.001000,0.001000
1006.134615,0.027416,0.001000,0.001000,0.001000,0.001000,0.001000
1006.153846,0.026246,0.001000,0.001000,0.001000,0.001000,0.001000
1006.173077,0.025056,0.001000,0.001000,0.001000,0.001000,0.001000
1006.192308,0.023847,0.001000,0.001000,0.001000,0.001000,0.001000
1006.211538,0.022620,0.001000,0.001000,0.001000,0.001000,0.001000
1006.230769,0.021375,0.001000,0.001000,0.001000,0.001000,0.001000
1006.250000,0.020113,0.001000,0.001000,0.001000,0.001000,0.001000
1006.269231,0.018837,0.001000,0.001000,0.001000,0.001000,0.001000
1006.288462,0.017545,0.001000,0.001000,0.001000,0.001000,0.001000
1006.307692,0.016241,0.001000,0.001000,0.001000,0.001000,0.001000
1006.326923,0.014924,0.001000,0.001000,0.001000,0.001000,0.001000
1006.346154,0.013595,0.001000,0.001000,0.001000,0.001000,0.001000
1006.365385,0.012256,0.001000,0.001000,0.001000,0.001000,0.001000
1006.384615,0.010907,0.001000,0.001000,0.001000,0.001000,0.001000
1006.403846,0.009550,0.001000,0.001000,0.001000,0.001000,0.001000
1006.423077,0.008186,0.001000,0.001000,0.001000,0.001000,0.001000
1006.442308,0.006816,0.001000,0.001000,0.001000,0.001000,0.001000
1006.461538,0.005440,0.001000,0.001000,0.001000,0.001000,0.001000
1006.480769,0.004060,0.001000,0.001000,0.001000,0.001000,0.001000
1006.500000,0.002677,0.001000,0.001000,0.001000,0.001000,0.001000
1006.519231,0.001292,0.001000,0.001000,0.001000,0.001000,0.001000
1006.538462,-0.000094,0.001000,0.001000,0.001000,0.001000,0.001000
1006.557692,-0.001481,0.001000,0.001000,0.001000,0.001000,0.001000
1006.576923,-0.002865,0.001000,0.001000,0.001000,0.001000,0.001000
1006.596154,-0.004248,0.001000,0.001000,0.001000,0.001000,0.001000
1006.615385,-0.005628,0.001000,0.001000,0.001000,0.001000,0.001000
1006.634615,-0.007003,0.001000,0.001000,0.001000,0.001000,0.001000
1006.653846,-0.008372,0.001000,0.001000,0.001000,0.001000,0.001000
1006.673077,-0.009736,0.001000,0.001000,0.001000,0.001000,0.001000
1006.692308,-0.011092,0.001000,0.001000,0.001000,0.001000,0.001000
1006.711538,-0.012439,0.001000,0.001000,0.001000,0.001000,0.001000
1006.730769,-0.013777,0.001000,0.001000,0.001000,0.001000,0.001000
1006.750000,-0.015104,0.001000,0.001000,0.001000,0.001000,0.001000
1006.769231,-0.016419,0.001000,0.001000,0.001000,0.001000,0.001000
1006.788462,-0.017722,0.001000,0.001000,0.001000,0.001000,0.001000
1006.807692,-0.019012,0.001000,0.001000,0.001000,0.001000,0.001000
1006.826923,-0.020286,0.001000,0.001000,0.001000,0.001000,0.001000
1006.846154,-0.021545,0.001000,0.001000,0.001000,0.001000,0.001000
1006.865385,-0.022788,0.001000,0.001000,0.001000,0.001000,0.001000
1006.884615,-0.024013,0.001000,0.001000,0.001000,0.001000,0.001000
1006.903846,-0.025219,0.001000,0.001000,0.001000,0.001000,0.001000
1006.923077,-0.026407,0.001000,0.001000,0.001000,0.001000,0.001000
1006.942308,-0.027573,0.001000,0.001000,0.001000,0.001000,0.001000
1006.961538,-0.028719,0.001000,0.001000,0.001000,0.001000,0.001000
1006.980769,-0.029843,0.001000,0.001000,0.001000,0.001000,0.001000
1007.000000,-0.030943,0.001000,0.001000,0.001000,0.001000,0.001000
1007.019231,-0.032020,0.001000,0.001000,0.001000,0.001000,0.001000
1007.038462,-0.033073,0.001000,0.001000,0.001000,0.001000,0.001000
1007.057692,-0.034099,0.001000,0.001000,0.001000,0.001000,0.001000
1007.076923,-0.035100,0.001000,0.001000,0.001000,0.001000,0.001000
1007.096154,-0.036074,0.001000,0.001000,0.001000,0.001000,0.001000
1007.115385,-0.037020,0.001000,0.001000,0.001000,0.001000,0.001000
1007.134615,-0.037937,0.001000,0.001000,0.001000,0.001000,0.001000
1007.153846,-0.038825,0.001000,0.001000,0.001000,0.001000,0.001000
1007.173077,-0.039684,0.001000,0.001000,0.001000,0.001000,0.001000
1007.192308,-0.040512,0.001000,0.001000,0.001000,0.001000,0.001000
1007.211538,-0.041309,0.001000,0.001000,0.001000,0.001000,0.001000
1007.230769,-0.042074,0.001000,0.001000,0.001000,0.001000,0.001000
1007.250000,-0.042806,0.001000,0.001000,0.001000,0.001000,0.001000
1007.269231,-0.043506,0.001000,0.001000,0.001000,0.001000,0.001000
1007.288462,-0.044173,0.001000,0.001000,0.001000,0.001000,0.001000
1007.307692,-0.044805,0.001000,0.001000,0.001000,0.001000,0.001000
1007.326923,-0.045403,0.001000,0.001000,0.001000,0.001000,0.001000
1007.346154,-0.045966,0.001000,0.001000,0.001000,0.001000,0.001000
1007.365385,-0.046494,0.001000,0.001000,0.001000,0.001000,0.001000
1007.384615,-0.046986,0.001000,0.001000,0.001000,0.001000,0.001000
1007.403846,-0.047442,0.001000,0.001000,0.001000,0.001000,0.001000
1007.423077,-0.047861,0.001000,0.001000,0.001000,0.001000,0.001000
1007.442308,-0.048244,0.001000,0.001000,0.001000,0.001000,0.001000
1007.461538,-0.048590,0.001000,0.001000,0.001000,0.001000,0.001000
1007.480769,-0.048898,0.001000,0.001000,0.001000,0.001000,0.001000
1007.500000,-0.049168,0.001000,0.001000,0.001000,0.001000,0.001000
1007.519231,-0.049401,0.001000,0.001000,0.001000,0.001000,0.001000
1007.538462,-0.049596,0.001000,0.001000,0.001000,0.001000,0.001000
1007.557692,-0.049753,0.001000,0.001000,0.001000,0.001000,0.001000
1007.576923,-0.049871,0.001000,0.001000,0.001000,0.001000,0.001000
1007.596154,-0.049952,0.001000,0.001000,0.001000,0.001000,0.001000
1007.615385,-0.049993,0.001000,0.001000,0.001000,0.001000,0.001000
1007.634615,-0.049997,0.001000,0.001000,0.001000,0.001000,0.001000
1007.653846,-0.049962,0.001000,0.001000,0.001000,0.001000,0.001000
1007.673077,-0.049888,0.001000,0.001000,0.001000,0.001000,0.001000
1007.692308,-0.049776,0.001000,0.001000,0.001000,0.001000,0.001000
1007.711538,-0.049626,0.001000,0.001000,0.001000,0.001000,0.001000
1007.730769,-0.049438,0.001000,0.001000,0.001000,0.001000,0.001000
1007.750000,-0.049212,0.001000,0.001000,0.001000,0.001000,0.001000
1007.769231,-0.048948,0.001000,0.001000,0.001000,0.001000,0.001000
1007.788462,-0.048646,0.001000,0.001000,0.001000,0.001000,0.001000
1007.807692,-0.048307,0.001000,0.001000,0.001000,0.001000,0.001000
1007.826923,-0.047931,0.001000,0.001000,0.001000,0.001000,0.001000
1007.846154,-0.047518,0.001000,0.001000,0.001000,0.001000,0.001000
1007.865385,-0.047068,0.001000,0.001000,0.001000,0.001000,0.001000
1007.884615,-0.046582,0.001000,0.001000,0.001000,0.001000,0.001000
1007.903846,-0.046061,0.001000,0.001000,0.001000,0.001000,0.001000
1007.923077,-0.045504,0.001000,0.001000,0.001000,0.001000,0.001000
1007.942308,-0.044912,0.001000,0.001000,0.001000,0.001000,0.001000
1007.961538,-0.044285,0.001000,0.001000,0.001000,0.001000,0.001000
1007.980769,-0.043625,0.001000,0.001000,0.001000,0.001000,0.001000
1008.000000,-0.042931,0.001000,0.001000,0.001000,0.001000,0.001000
1008.019231,-0.042204,0.001000,0.001000,0.001000,0.001000,0.001000
1008.038462,-0.041444,0.001000,0.001000,0.001000,0.001000,0.001000
1008.057692,-0.040653,0.001000,0.001000,0.001000,0.001000,0.001000
1008.076923,-0.039830,0.001000,0.001000,0.001000,0.001000,0.001000
1008.096154,-0.038977,0.001000,0.001000,0.001000,0.001000,0.001000
1008.115385,-0.038094,0.001000,0.001000,0.001000,0.001000,0.001000
1008.134615,-0.037182,0.001000,0.001000,0.001000,0.001000,0.001000
1008.153846,-0.036241,0.001000,0.001000,0.001000,0.001000,0.001000
1008.173077,-0.035272,0.001000,0.001000,0.001000,0.001000,0.001000
1008.192308,-0.034276,0.001000,0.001000,0.001000,0.001000,0.001000
1008.211538,-0.033253,0.001000,0.001000,0.001000,0.001000,0.001000
1008.230769,-0.032206,0.001000,0.001000,0.001000,0.001000,0.001000
1008.250000,-0.031133,0.001000,0.001000,0.001000,0.001000,0.001000
1008.269231,-0.030036,0.001000,0.001000,0.001000,0.001000,0.001000
1008.288462,-0.028917,0.001000,0.001000,0.001000,0.001000,0.001000
1008.307692,-0.027775,0.001000,0.001000,0.001000,0.001000,0.001000
1008.326923,-0.026612,0.001000,0.001000,0.001000,0.001000,0.001000
1008.346154,-0.025428,0.001000,0.001000,0.001000,0.001000,0.001000
1008.365385,-0.024225,0.001000,0.001000,0.001000,0.001000,0.001000
1008.384615,-0.023003,0.001000,0.001000,0.001000,0.001000,0.001000
1008.403846,-0.021763,0.001000,0.001000,0.001000,0.001000,0.001000
1008.423077,-0.020507,0.001000,0.001000,0.001000,0.001000,0.001000
1008.442308,-0.019235,0.001000,0.001000,0.001000,0.001000,0.001000
1008.461538,-0.017948,0.001000,0.001000,0.001000,0.001000,0.001000
1008.480769,-0.016647,0.001000,0.001000,0.001000,0.001000,0.001000
1008.500000,-0.015334,0.001000,0.001000,0.001000,0.001000,0.001000
1008.519231,-0.014009,0.001000,0.001000,0.001000,0.001000,0.001000
1008.538462,-0.012673,0.001000,0.001000,0.001000,0.001000,0.001000
1008.557692,-0.011327,0.001000,0.001000,0.001000,0.001000,0.001000
1008.576923,-0.009973,0.001000,0.001000,0.001000,0.001000,0.001000
1008.596154,-0.008611,0.001000,0.001000,0.001000,0.001000,0.001000
1008.615385,-0.007242,0.001000,0.001000,0.001000,0.001000,0.001000
1008.634615,-0.005868,0.001000,0.001000,0.001000,0.001000,0.001000
1008.653846,-0.004489,0.001000,0.001000,0.001000,0.001000,0.001000
1008.673077,-0.003107,0.001000,0.001000,0.001000,0.001000,0.001000
1008.692308,-0.001722,0.001000,0.001000,0.001000,0.001000,0.001000
1008.711538,-0.000336,0.001000,0.001000,0.001000,0.001000,0.001000
1008.730769,0.001050,0.001000,0.001000,0.001000,0.001000,0.001000
1008.750000,0.002435,0.001000,0.001000,0.001000,0.001000,0.001000
1008.769231,0.003819,0.001000,0.001000,0.001000,0.001000,0.001000
1008.788462,0.005200,0.001000,0.001000,0.001000,0.001000,0.001000
1008.807692,0.006576,0.001000,0.001000,0.001000,0.001000,0.001000
1008.826923,0.007948,0.001000,0.001000,0.001000,0.001000,0.001000
1008.846154,0.009313,0.001000,0.001000,0.001000,0.001000,0.001000
1008.865385,0.010671,0.001000,0.001000,0.001000,0.001000,0.001000
1008.884615,0.012021,0.001000,0.001000,0.001000,0.001000,0.001000
1008.903846,0.013362,0.001000,0.001000,0.001000,0.001000,0.001000
1008.923077,0.014693,0.001000,0.001000,0.001000,0.001000,0.001000
1008.942308,0.016012,0.001000,0.001000,0.001000,0.001000,0.001000
1008.961538,0.017319,0.001000,0.001000,0.001000,0.001000,0.001000
1008.980769,0.018613,0.001000,0.001000,0.001000,0.001000,0.001000
1009.000000,0.019892,0.001000,0.001000,0.001000,0.001000,0.001000
1009.019231,0.021156,0.001000,0.001000,0.001000,0.001000,0.001000
1009.038462,0.022404,0.001000,0.001000,0.001000,0.001000,0.001000
1009.057692,0.023634,0.001000,0.001000,0.001000,0.001000,0.001000
1009.076923,0.024847,0.001000,0.001000,0.001000,0.001000,0.001000
1009.096154,0.026040,0.001000,0.001000,0.001000,0.001000,0.001000
1009.115385,0.027213,0.001000,0.001000,0.001000,0.001000,0.001000
1009.134615,0.028366,0.001000,0.001000,0.001000,0.001000,0.001000
1009.153846,0.029496,0.001000,0.001000,0.001000,0.001000,0.001000
1009.173077,0.030604,0.001000,0.001000,0.001000,0.001000,0.001000
1009.192308,0.031688,0.001000,0.001000,0.001000,0.001000,0.001000
1009.211538,0.032748,0.001000,0.001000,0.001000,0.001000,0.001000
1009.230769,0.033783,0.001000,0.001000,0.001000,0.001000,0.001000
1009.250000,0.034792,0.001000,0.001000,0.001000,0.001000,0.001000
1009.269231,0.035774,0.001000,0.001000,0.001000,0.001000,0.001000
1009.288462,0.036729,0.001000,0.001000,0.001000,0.001000,0.001000
1009.307692,0.037655,0.001000,0.001000,0.001000,0.001000,0.001000
1009.326923,0.038553,0.001000,0.001000,0.001000,0.001000,0.001000
1009.346154,0.039420,0.001000,0.001000,0.001000,0.001000,0.001000
1009.365385,0.040258,0.001000,0.001000,0.001000,0.001000,0.001000
1009.384615,0.041065,0.001000,0.001000,0.001000,0.001000,0.001000
1009.403846,0.041840,0.001000,0.001000,0.001000,0.001000,0.001000
1009.423077,0.042582,0.001000,0.001000,0.001000,0.001000,0.001000
1009.442308,0.043292,0.001000,0.001000,0.001000,0.001000,0.001000
1009.461538,0.043969,0.001000,0.001000,0.001000,0.001000,0.001000
1009.480769,0.044612,0.001000,0.001000,0.001000,0.001000,0.001000
1009.500000,0.045221,0.001000,0.001000,0.001000,0.001000,0.001000
1009.519231,0.045795,0.001000,0.001000,0.001000,0.001000,0.001000
1009.538462,0.046334,0.001000,0.001000,0.001000,0.001000,0.001000
1009.557692,0.046837,0.001000,0.001000,0.001000,0.001000,0.001000
1009.576923,0.047304,0.001000,0.001000,0.001000,0.001000,0.001000
1009.596154,0.047735,0.001000,0.001000,0.001000,0.001000,0.001000
1009.615385,0.048129,0.001000,0.001000,0.001000,0.001000,0.001000
1009.634615,0.048486,0.001000,0.001000,0.001000,0.001000,0.001000
1009.653846,0.048806,0.001000,0.001000,0.001000,0.001000,0.001000
1009.673077,0.049088,0.001000,0.001000,0.001000,0.001000,0.001000
1009.692308,0.049333,0.001000,0.001000,0.001000,0.001000,0.001000
1009.711538,0.049540,0.001000,0.001000,0.001000,0.001000,0.001000
1009.730769,0.049708,0.001000,0.001000,0.001000,0.001000,0.001000
1009.750000,0.049839,0.001000,0.001000,0.001000,0.001000,0.001000
1009.769231,0.049931,0.001000,0.001000,0.001000,0.001000,0.001000
1009.788462,0.049985,0.001000,0.001000,0.001000,0.001000,0.001000
1009.807692,0.050000,0.001000,0.001000,0.001000,0.001000,0.001000
1009.826923,0.049977,0.001000,0.001000,0.001000,0.001000,0.001000
1009.846154,0.049915,0.001000,0.001000,0.001000,0.001000,0.001000
1009.865385,0.049815,0.001000,0.001000,0.001000,0.001000,0.001000
1009.884615,0.049677,0.001000,0.001000,0.001000,0.001000,0.001000
1009.903846,0.049501,0.001000,0.001000,0.001000,0.001000,0.001000
1009.923077,0.049286,0.001000,0.001000,0.001000,0.001000,0.001000
1009.942308,0.049034,0.001000,0.001000,0.001000,0.001000,0.001000
1009.961538,0.048744,0.001000,0.001000,0.001000,0.001000,0.001000
1009.980769,0.048416,0.001000,0.001000,0.001000,0.001000,0.001000
1010.000000,0.048052,0.001000,0.001000,0.001000,0.001000,0.001000
1010.019231,0.047650,0.001000,0.001000,0.001000,0.001000,0.001000
1010.038462,0.047212,0.001000,0.001000,0.001000,0.001000,0.001000
1010.057692,0.046737,0.001000,0.001000,0.001000,0.001000,0.001000
1010.076923,0.046227,0.001000,0.001000,0.001000,0.001000,0.001000
1010.096154,0.045681,0.001000,0.001000,0.001000,0.001000,0.001000
1010.115385,0.045099,0.001000,0.001000,0.001000,0.001000,0.001000
1010.134615,0.044484,0.001000,0.001000,0.001000,0.001000,0.001000
1010.153846,0.043834,0.001000,0.001000,0.001000,0.001000,0.001000
1010.173077,0.043150,0.001000,0.001000,0.001000,0.001000,0.001000
1010.192308,0.042433,0.001000,0.001000,0.001000,0.001000,0.001000
1010.211538,0.041684,0.001000,0.001000,0.001000,0.001000,0.001000
1010.230769,0.040902,0.001000,0.001000,0.001000,0.001000,0.001000
1010.250000,0.040089,0.001000,0.001000,0.001000,0.001000,0.001000
1010.269231,0.039245,0.001000,0.001000,0.001000,0.001000,0.001000
1010.288462,0.038372,0.001000,0.001000,0.001000,0.001000,0.001000
1010.307692,0.037468,0.001000,0.001000,0.001000,0.001000,0.001000
1010.326923,0.036536,0.001000,0.001000,0.001000,0.001000,0.001000
1010.346154,0.035576,0.001000,0.001000,0.001000,0.001000,0.001000
1010.365385,0.034588,0.001000,0.001000,0.001000,0.001000,0.001000
1010.384615,0.033574,0.001000,0.001000,0.001000,0.001000,0.001000
1010.403846,0.032534,0.001000,0.001000,0.001000,0.001000,0.001000
1010.423077,0.031469,0.001000,0.001000,0.001000,0.001000,0.001000
1010.442308,0.030379,0.001000,0.001000,0.001000,0.001000,0.001000
1010.461538,0.029267,0.001000,0.001000,0.001000,0.001000,0.001000
1010.480769,0.028132,0.001000,0.001000,0.001000,0.001000,0.001000
1010.500000,0.026975,0.001000,0.001000,0.001000,0.001000,0.001000
1010.519231,0.025798,0.001000,0.001000,0.001000,0.001000,0.001000
1010.538462,0.024600,0.001000,0.001000,0.001000,0.001000,0.001000
1010.557692,0.023384,0.001000,0.001000,0.001000,0.001000,0.001000
1010.576923,0.022150,0.001000,0.001000,0.001000,0.001000,0.001000
1010.596154,0.020899,0.001000,0.001000,0.001000,0.001000,0.001000
1010.615385,0.019632,0.001000,0.001000,0.001000,0.001000,0.001000
1010.634615,0.018349,0.001000,0.001000,0.001000,0.001000,0.001000
1010.653846,0.017053,0.001000,0.001000,0.001000,0.001000,0.001000
1010.673077,0.015743,0.001000,0.001000,0.001000,0.001000,0.001000
1010.692308,0.014422,0.001000,0.001000,0.001000,0.001000,0.001000
1010.711538,0.013089,0.001000,0.001000,0.001000,0.001000,0.001000
1010.730769,0.011746,0.001000,0.001000,0.001000,0.001000,0.001000
1010.750000,0.010394,0.001000,0.001000,0.001000,0.001000,0.001000
1010.769231,0.009034,0.001000,0.001000,0.001000,0.001000,0.001000
1010.788462,0.007668,0.001000,0.001000,0.001000,0.001000,0.001000
1010.807692,0.006295,0.001000,0.001000,0.001000,0.001000,0.001000
1010.826923,0.004918,0.001000,0.001000,0.001000,0.001000,0.001000
1010.846154,0.003536,0.001000,0.001000,0.001000,0.001000,0.001000
1010.865385,0.002152,0.001000,0.001000,0.001000,0.001000,0.001000
1010.884615,0.000767,0.001000,0.001000,0.001000,0.001000,0.001000
1010.903846,-0.000620,0.001000,0.001000,0.001000,0.001000,0.001000
1010.923077,-0.002005,0.001000,0.001000,0.001000,0.001000,0.001000
1010.942308,-0.003389,0.001000,0.001000,0.001000,0.001000,0.001000
1010.961538,-0.004771,0.001000,0.001000,0.001000,0.001000,0.001000
1010.980769,-0.006149,0.001000,0.001000,0.001000,0.001000,0.001000
1011.000000,-0.007522,0.001000,0.001000,0.001000,0.001000,0.001000
1011.019231,-0.008890,0.001000,0.001000,0.001000,0.001000,0.001000
1011.038462,-0.010250,0.001000,0.001000,0.001000,0.001000,0.001000
1011.057692,-0.011603,0.001000,0.001000,0.001000,0.001000,0.001000
1011.076923,-0.012947,0.001000,0.001000,0.001000,0.001000,0.001000
1011.096154,-0.014281,0.001000,0.001000,0.001000,0.001000,0.001000
1011.115385,-0.015603,0.001000,0.001000,0.001000,0.001000,0.001000
1011.134615,-0.016914,0.001000,0.001000,0.001000,0.001000,0.001000
1011.153846,-0.018212,0.001000,0.001000,0.001000,0.001000,0.001000
1011.173077,-0.019496,0.001000,0.001000,0.001000,0.001000,0.001000
1011.192308,-0.020765,0.001000,0.001000,0.001000,0.001000,0.001000
1011.211538,-0.022018,0.001000,0.001000,0.001000,0.001000,0.001000
1011.230769,-0.023254,0.001000,0.001000,0.001000,0.001000,0.001000
1011.250000,-0.024472,0.001000,0.001000,0.001000,0.001000,0.001000
1011.269231,-0.025671,0.001000,0.001000,0.001000,0.001000,0.001000
1011.288462,-0.026851,0.001000,0.001000,0.001000,0.001000,0.001000
1011.307692,-0.028010,0.001000,0.001000,0.001000,0.001000,0.001000
1011.326923,-0.029147,0.001000,0.001000,0.001000,0.001000,0.001000
1011.346154,-0.030262,0.001000,0.001000,0.001000,0.001000,0.001000
1011.365385,-0.031354,0.001000,0.001000,0.001000,0.001000,0.001000
1011.384615,-0.032422,0.001000,0.001000,0.001000,0.001000,0.001000
1011.403846,-0.033465,0.001000,0.001000,0.001000,0.001000,0.001000
1011.423077,-0.034482,0.001000,0.001000,0.001000,0.001000,0.001000
1011.442308,-0.035472,0.001000,0.001000,0.001000,0.001000,0.001000
1011.461538,-0.036435,0.001000,0.001000,0.001000,0.001000,0.001000
1011.480769,-0.037371,0.001000,0.001000,0.001000,0.001000,0.001000
1011.500000,-0.038277,0.001000,0.001000,0.001000,0.001000,0.001000
1011.519231,-0.039154,0.001000,0.001000,0.001000,0.001000,0.001000
1011.538462,-0.040001,0.001000,0.001000,0.001000,0.001000,0.001000
1011.557692,-0.040817,0.001000,0.001000,0.001000,0.001000,0.001000
1011.576923,-0.041602,0.001000,0.001000,0.001000,0.001000,0.001000
1011.596154,-0.042355,0.001000,0.001000,0.001000,0.001000,0.001000
1011.615385,-0.043075,0.001000,0.001000,0.001000,0.001000,0.001000
1011.634615,-0.043763,0.001000,0.001000,0.001000,0.001000,0.001000
1011.653846,-0.044416,0.001000,0.001000,0.001000,0.001000,0.001000
1011.673077,-0.045036,0.001000,0.001000,0.001000,0.001000,0.001000
1011.692308,-0.045621,0.001000,0.001000,0.001000,0.001000,0.001000
1011.711538,-0.046170,0.001000,0.001000,0.001000,0.001000,0.001000
1011.730769,-0.046685,0.001000,0.001000,0.001000,0.001000,0.001000
1011.750000,-0.047163,0.001000,0.001000,0.001000,0.001000,0.001000
1011.769231,-0.047605,0.001000,0.001000,0.001000,0.001000,0.001000
1011.788462,-0.048011,0.001000,0.001000,0.001000,0.001000,0.001000
1011.807692,-0.048379,0.001000,0.001000,0.001000,0.001000,0.001000
1011.826923,-0.048711,0.001000,0.001000,0.001000,0.001000,0.001000
1011.846154,-0.049005,0.001000,0.001000,0.001000,0.001000,0.001000
1011.865385,-0.049261,0.001000,0.001000,0.001000,0.001000,0.001000
1011.884615,-0.049480,0.001000,0.001000,0.001000,0.001000,0.001000
1011.903846,-0.049660,0.001000,0.001000,0.001000,0.001000,0.001000
1011.923077,-0.049802,0.001000,0.001000,0.001000,0.001000,0.001000
1011.942308,-0.049906,0.001000,0.001000,0.001000,0.001000,0.001000
1011.961538,-0.049972,0.001000,0.001000,0.001000,0.001000,0.001000
1011.980769,-0.049999,0.001000,0.001000,0.001000,0.001000,0.001000
1012.000000,-0.049988,0.001000,0.001000,0.001000,0.001000,0.001000
1012.019231,-0.049938,0.001000,0.001000,0.001000,0.001000,0.001000
1012.038462,-0.049850,0.001000,0.001000,0.001000,0.001000,0.001000
1012.057692,-0.049724,0.001000,0.001000,0.001000,0.001000,0.001000
1012.076923,-0.049559,0.001000,0.001000,0.001000,0.001000,0.001000
1012.096154,-0.049357,0.001000,0.001000,0.001000,0.001000,0.001000
1012.115385,-0.049116,0.001000,0.001000,0.001000,0.001000,0.001000
1012.134615,-0.048838,0.001000,0.001000,0.001000,0.001000,0.001000
1012.153846,-0.048522,0.001000,0.001000,0.001000,0.001000,0.001000
1012.173077,-0.048169,0.001000,0.001000,0.001000,0.001000,0.001000
1012.192308,-0.047779,0.001000,0.001000,0.001000,0.001000,0.001000
1012.211538,-0.047352,0.001000,0.001000,0.001000,0.001000,0.001000
1012.230769,-0.046888,0.001000,0.001000,0.001000,0.001000,0.001000
1012.250000,-0.046389,0.001000,0.001000,0.001000,0.001000,0.001000
1012.269231,-0.045854,0.001000,0.001000,0.001000,0.001000,0.001000
1012.288462,-0.045284,0.001000,0.001000,0.001000,0.001000,0.001000
1012.307692,-0.044679,0.001000,0.001000,0.001000,0.001000,0.001000
1012.326923,-0.044039,0.001000,0.001000,0.001000,0.001000,0.001000
1012.346154,-0.043366,0.001000,0.001000,0.001000,0.001000,0.001000
1012.365385,-0.042659,0.001000,0.001000,0.001000,0.001000,0.001000
1012.384615,-0.041920,0.001000,0.001000,0.001000,0.001000,0.001000
1012.403846,-0.041148,0.001000,0.001000,0.001000,0.001000,0.001000
1012.423077,-0.040345,0.001000,0.001000,0.001000,0.001000,0.001000
1012.442308,-0.039511,0.001000,0.001000,0.001000,0.001000,0.001000
1012.461538,-0.038646,0.001000,0.001000,0.001000,0.001000,0.001000
1012.480769,-0.037752,0.001000,0.001000,0.001000,0.001000,0.001000
1012.500000,-0.036829,0.001000,0.001000,0.001000,0.001000,0.001000
1012.519231,-0.035877,0.001000,0.001000,0.001000,0.001000,0.001000
1012.538462,-0.034898,0.001000,0.001000,0.001000,0.001000,0.001000
1012.557692,-0.033892,0.001000,0.001000,0.001000,0.001000,0.001000
1012.576923,-0.032859,0.001000,0.001000,0.001000,0.001000,0.001000
1012.596154,-0.031802,0.001000,0.001000,0.001000,0.001000,0.001000
1012.615385,-0.030720,0.001000,0.001000,0.001000,0.001000,0.001000
1012.634615,-0.029615,0.001000,0.001000,0.001000,0.001000,0.001000
1012.653846,-0.028487,0.001000,0.001000,0.001000,0.001000,0.001000
1012.673077,-0.027337,0.001000,0.001000,0.001000,0.001000,0.001000
1012.692308,-0.026166,0.001000,0.001000,0.001000,0.001000,0.001000
1012.711538,-0.024974,0.001000,0.001000,0.001000,0.001000,0.001000
1012.730769,-0.023764,0.001000,0.001000,0.001000,0.001000,0.001000
1012.750000,-0.022535,0.001000,0.001000,0.001000,0.001000,0.001000
1012.769231,-0.021289,0.001000,0.001000,0.001000,0.001000,0.001000
1012.788462,-0.020027,0.001000,0.001000,0.001000,0.001000,0.001000
1012.807692,-0.018749,0.001000,0.001000,0.001000,0.001000,0.001000
1012.826923,-0.017457,0.001000,0.001000,0.001000,0.001000,0.001000
1012.846154,-0.016151,0.001000,0.001000,0.001000,0.001000,0.001000
1012.865385,-0.014833,0.001000,0.001000,0.001000,0.001000,0.001000
1012.884615,-0.013504,0.001000,0.001000,0.001000,0.001000,0.001000
1012.903846,-0.012164,0.001000,0.001000,0.001000,0.001000,0.001000
1012.923077,-0.010815,0.001000,0.001000,0.001000,0.001000,0.001000
1012.942308,-0.009458,0.001000,0.001000,0.001000,0.001000,0.001000
1012.961538,-0.008093,0.001000,0.001000,0.001000,0.001000,0.001000
1012.980769,-0.006722,0.001000,0.001000,0.001000,0.001000,0.001000
1013.000000,-0.005346,0.001000,0.001000,0.001000,0.001000,0.001000
1013.019231,-0.003966,0.001000,0.001000,0.001000,0.001000,0.001000
1013.038462,-0.002582,0.001000,0.001000,0.001000,0.001000,0.001000
1013.057692,-0.001197,0.001000,0.001000,0.001000,0.001000,0.001000
1013.076923,0.000189,0.001000,0.001000,0.001000,0.001000,0.001000
1013.096154,0.001575,0.001000,0.001000,0.001000,0.001000,0.001000
1013.115385,0.002960,0.001000,0.001000,0.001000,0.001000,0.001000
1013.134615,0.004342,0.001000,0.001000,0.001000,0.001000,0.001000
1013.153846,0.005721,0.001000,0.001000,0.001000,0.001000,0.001000
1013.173077,0.007096,0.001000,0.001000,0.001000,0.001000,0.001000
1013.192308,0.008466,0.001000,0.001000,0.001000,0.001000,0.001000
1013.211538,0.009828,0.001000,0.001000,0.001000,0.001000,0.001000
1013.230769,0.011184,0.001000,0.001000,0.001000,0.001000,0.001000
1013.250000,0.012530,0.001000,0.001000,0.001000,0.001000,0.001000
1013.269231,0.013867,0.001000,0.001000,0.001000,0.001000,0.001000
1013.288462,0.015194,0.001000,0.001000,0.001000,0.001000,0.001000
1013.307692,0.016509,0.001000,0.001000,0.001000,0.001000,0.001000
1013.326923,0.017811,0.001000,0.001000,0.001000,0.001000,0.001000
1013.346154,0.019099,0.001000,0.001000,0.001000,0.001000,0.001000
1013.365385,0.020373,0.001000,0.001000,0.001000,0.001000,0.001000
1013.384615,0.021631,0.001000,0.001000,0.001000,0.001000,0.001000
1013.403846,0.022872,0.001000,0.001000,0.001000,0.001000,0.001000
1013.423077,0.024096,0.001000,0.001000,0.001000,0.001000,0.001000
1013.442308,0.025301,0.001000,0.001000,0.001000,0.001000,0.001000
1013.461538,0.026487,0.001000,0.001000,0.001000,0.001000,0.001000
1013.480769,0.027652,0.001000,0.001000,0.001000,0.001000,0.001000
1013.500000,0.028796,0.001000,0.001000,0.001000,0.001000,0.001000
1013.519231,0.029918,0.001000,0.001000,0.001000,0.001000,0.001000
1013.538462,0.031018,0.001000,0.001000,0.001000,0.001000,0.001000
1013.557692,0.032093,0.001000,0.001000,0.001000,0.001000,0.001000
1013.576923,0.033143,0.001000,0.001000,0.001000,0.001000,0.001000
1013.596154,0.034168,0.001000,0.001000,0.001000,0.001000,0.001000
1013.615385,0.035167,0.001000,0.001000,0.001000,0.001000,0.001000
1013.634615,0.036139,0.001000,0.001000,0.001000,0.001000,0.001000
1013.653846,0.037083,0.001000,0.001000,0.001000,0.001000,0.001000
1013.673077,0.037999,0.001000,0.001000,0.001000,0.001000,0.001000
1013.692308,0.038885,0.001000,0.001000,0.001000,0.001000,0.001000
1013.711538,0.039741,0.001000,0.001000,0.001000,0.001000,0.001000
1013.730769,0.040567,0.001000,0.001000,0.001000,0.001000,0.001000
1013.750000,0.041362,0.001000,0.001000,0.001000,0.001000,0.001000
1013.769231,0.042125,0.001000,0.001000,0.001000,0.001000,0.001000
1013.788462,0.042855,0.001000,0.001000,0.001000,0.001000,0.001000
1013.807692,0.043553,0.001000,0.001000,0.001000,0.001000,0.001000
1013.826923,0.044217,0.001000,0.001000,0.001000,0.001000,0.001000
1013.846154,0.044847,0.001000,0.001000,0.001000,0.001000,0.001000
1013.865385,0.045443,0.001000,0.001000,0.001000,0.001000,0.001000
1013.884615,0.046003,0.001000,0.001000,0.001000,0.001000,0.001000
1013.903846,0.046529,0.001000,0.001000,0.001000,0.001000,0.001000
1013.923077,0.047018,0.001000,0.001000,0.001000,0.001000,0.001000
1013.942308,0.047472,0.001000,0.001000,0.001000,0.001000,0.001000
1013.961538,0.047889,0.001000,0.001000,0.001000,0.001000,0.001000
1013.980769,0.048269,0.001000,0.001000,0.001000,0.001000,0.001000
1014.000000,0.048612,0.001000,0.001000,0.001000,0.001000,0.001000
1014.019231,0.048917,0.001000,0.001000,0.001000,0.001000,0.001000
1014.038462,0.049186,0.001000,0.001000,0.001000,0.001000,0.001000
1014.057692,0.049416,0.001000,0.001000,0.001000,0.001000,0.001000
1014.076923,0.049608,0.001000,0.001000,0.001000,0.001000,0.001000
1014.096154,0.049762,0.001000,0.001000,0.001000,0.001000,0.001000
1014.115385,0.049878,0.001000,0.001000,0.001000,0.001000,0.001000
1014.134615,0.049956,0.001000,0.001000,0.001000,0.001000,0.001000
1014.153846,0.049995,0.001000,0.001000,0.001000,0.001000,0.001000
1014.173077,0.049996,0.001000,0.001000,0.001000,0.001000,0.001000
1014.192308,0.049958,0.001000,0.001000,0.001000,0.001000,0.001000
1014.211538,0.049882,0.001000,0.001000,0.001000,0.001000,0.001000
1014.230769,0.049767,0.001000,0.001000,0.001000,0.001000,0.001000
1014.250000,0.049615,0.001000,0.001000,0.001000,0.001000,0.001000
1014.269231,0.049424,0.001000,0.001000,0.001000,0.001000,0.001000
1014.288462,0.049195,0.001000,0.001000,0.001000,0.001000,0.001000
1014.307692,0.048928,0.001000,0.001000,0.001000,0.001000,0.001000
1014.326923,0.048624,0.001000,0.001000,0.001000,0.001000,0.001000
1014.346154,0.048282,0.001000,0.001000,0.001000,0.001000,0.001000
1014.365385,0.047904,0.001000,0.001000,0.001000,0.001000,0.001000
1014.384615,0.047488,0.001000,0.001000,0.001000,0.001000,0.001000
1014.403846,0.047036,0.001000,0.001000,0.001000,0.001000,0.001000
1014.423077,0.046548,0.001000,0.001000,0.001000,0.001000,0.001000
1014.442308,0.046024,0.001000,0.001000,0.001000,0.001000,0.001000
1014.461538,0.045465,0.001000,0.001000,0.001000,0.001000,0.001000
1014.480769,0.044870,0.001000,0.001000,0.001000,0.001000,0.001000
1014.500000,0.044241,0.001000,0.001000,0.001000,0.001000,0.001000
1014.519231,0.043579,0.001000,0.001000,0.001000,0.001000,0.001000
1014.538462,0.042882,0.001000,0.001000,0.001000,0.001000,0.001000
1014.557692,0.042153,0.001000,0.001000,0.001000,0.001000,0.001000
1014.576923,0.041391,0.001000,0.001000,0.001000,0.001000,0.001000
1014.596154,0.040598,0.001000,0.001000,0.001000,0.001000,0.001000
1014.615385,0.039773,0.001000,0.001000,0.001000,0.001000,0.001000
1014.634615,0.038918,0.001000,0.001000,0.001000,0.001000,0.001000
1014.653846,0.038033,0.001000,0.001000,0.001000,0.001000,0.001000
1014.673077,0.037118,0.001000,0.001000,0.001000,0.001000,0.001000
1014.692308,0.036175,0.001000,0.001000,0.001000,0.001000,0.001000
1014.711538,0.035205,0.001000,0.001000,0.001000,0.001000,0.001000
1014.730769,0.034207,0.001000,0.001000,0.001000,0.001000,0.001000
1014.750000,0.033183,0.001000,0.001000,0.001000,0.001000,0.001000
1014.769231,0.032133,0.001000,0.001000,0.001000,0.001000,0.001000
1014.788462,0.031059,0.001000,0.001000,0.001000,0.001000,0.001000
1014.807692,0.029961,0.001000,0.001000,0.001000,0.001000,0.001000
1014.826923,0.028840,0.001000,0.001000,0.001000,0.001000,0.001000
1014.846154,0.027696,0.001000,0.001000,0.001000,0.001000,0.001000
1014.865385,0.026531,0.001000,0.001000,0.001000,0.001000,0.001000
1014.884615,0.025346,0.001000,0.001000,0.001000,0.001000,0.001000
1014.903846,0.024142,0.001000,0.001000,0.001000,0.001000,0.001000
1014.923077,0.022919,0.001000,0.001000,0.001000,0.001000,0.001000
1014.942308,0.021678,0.001000,0.001000,0.001000,0.001000,0.001000
1014.961538,0.020421,0.001000,0.001000,0.001000,0.001000,0.001000
1014.980769,0.019148,0.001000,0.001000,0.001000,0.001000,0.001000
1015.000000,0.017860,0.001000,0.001000,0.001000,0.001000,0.001000
1015.019231,0.016558,0.001000,0.001000,0.001000,0.001000,0.001000
1015.038462,0.015244,0.001000,0.001000,0.001000,0.001000,0.001000
1015.057692,0.013918,0.001000,0.001000,0.001000,0.001000,0.001000
1015.076923,0.012581,0.001000,0.001000,0.001000,0.001000,0.001000
1015.096154,0.011235,0.001000,0.001000,0.001000,0.001000,0.001000
1015.115385,0.009880,0.001000,0.001000,0.001000,0.001000,0.001000
1015.134615,0.008518,0.001000,0.001000,0.001000,0.001000,0.001000
1015.153846,0.007148,0.001000,0.001000,0.001000,0.001000,0.001000
1015.173077,0.005774,0.001000,0.001000,0.001000,0.001000,0.001000
1015.192308,0.004395,0.001000,0.001000,0.001000,0.001000,0.001000
1015.211538,0.003012,0.001000,0.001000,0.001000,0.001000,0.001000
1015.230769,0.001628,0.001000,0.001000,0.001000,0.001000,0.001000
1015.250000,0.000242,0.001000,0.001000,0.001000,0.001000,0.001000
1015.269231,-0.001144,0.001000,0.001000,0.001000,0.001000,0.001000
1015.288462,-0.002530,0.001000,0.001000,0.001000,0.001000,0.001000
1015.307692,-0.003913,0.001000,0.001000,0.001000,0.001000,0.001000
1015.326923,-0.005293,0.001000,0.001000,0.001000,0.001000,0.001000
1015.346154,-0.006670,0.001000,0.001000,0.001000,0.001000,0.001000
1015.365385,-0.008041,0.001000,0.001000,0.001000,0.001000,0.001000
1015.384615,-0.009406,0.001000,0.001000,0.001000,0.001000,0.001000
1015.403846,-0.010764,0.001000,0.001000,0.001000,0.001000,0.001000
1015.423077,-0.012113,0.001000,0.001000,0.001000,0.001000,0.001000
1015.442308,-0.013453,0.001000,0.001000,0.001000,0.001000,0.001000
1015.461538,-0.014783,0.001000,0.001000,0.001000,0.001000,0.001000
1015.480769,-0.016101,0.001000,0.001000,0.001000,0.001000,0.001000
1015.500000,-0.017408,0.001000,0.001000,0.001000,0.001000,0.001000
1015.519231,-0.018700,0.001000,0.001000,0.001000,0.001000,0.001000
1015.538462,-0.019979,0.001000,0.001000,0.001000,0.001000,0.001000
1015.557692,-0.021242,0.001000,0.001000,0.001000,0.001000,0.001000
1015.576923,-0.022488,0.001000,0.001000,0.001000,0.001000,0.001000
1015.596154,-0.023717,0.001000,0.001000,0.001000,0.001000,0.001000
1015.615385,-0.024929,0.001000,0.001000,0.001000,0.001000,0.001000
1015.634615,-0.026121,0.001000,0.001000,0.001000,0.001000,0.001000
1015.653846,-0.027292,0.001000,0.001000,0.001000,0.001000,0.001000
1015.673077,-0.028443,0.001000,0.001000,0.001000,0.001000,0.001000
1015.692308,-0.029572,0.001000,0.001000,0.001000,0.001000,0.001000
1015.711538,-0.030679,0.001000,0.001000,0.001000,0.001000,0.001000
1015.730769,-0.031761,0.001000,0.001000,0.001000,0.001000,0.001000
1015.750000,-0.032820,0.001000,0.001000,0.001000,0.001000,0.001000
1015.769231,-0.033853,0.001000,0.001000,0.001000,0.001000,0.001000
1015.788462,-0.034860,0.001000,0.001000,0.001000,0.001000,0.001000
1015.807692,-0.035840,0.001000,0.001000,0.001000,0.001000,0.001000
1015.826923,-0.036793,0.001000,0.001000,0.001000,0.001000,0.001000
1015.846154,-0.037717,0.001000,0.001000,0.001000,0.001000,0.001000
1015.865385,-0.038613,0.001000,0.001000,0.001000,0.001000,0.001000
1015.884615,-0.039478,0.001000,0.001000,0.001000,0.001000,0.001000
1015.903846,-0.040314,0.001000,0.001000,0.001000,0.001000,0.001000
1015.923077,-0.041118,0.001000,0.001000,0.001000,0.001000,0.001000
1015.942308,-0.041891,0.001000,0.001000,0.001000,0.001000,0.001000
1015.961538,-0.042632,0.001000,0.001000,0.001000,0.001000,0.001000
1015.980769,-0.043340,0.001000,0.001000,0.001000,0.001000,0.001000
1016.000000,-0.044014,0.001000,0.001000,0.001000,0.001000,0.001000
1016.019231,-0.044655,0.001000,0.001000,0.001000,0.001000,0.001000
1016.038462,-0.045261,0.001000,0.001000,0.001000,0.001000,0.001000
1016.057692,-0.045833,0.001000,0.001000,0.001000,0.001000,0.001000
1016.076923,-0.046369,0.001000,0.001000,0.001000,0.001000,0.001000
1016.096154,-0.046870,0.001000,0.001000,0.001000,0.001000,0.001000
1016.115385,-0.047335,0.001000,0.001000,0.001000,0.001000,0.001000
1016.134615,-0.047763,0.001000,0.001000,0.001000,0.001000,0.001000
1016.153846,-0.048155,0.001000,0.001000,0.001000,0.001000,0.001000
1016.173077,-0.048509,0.001000,0.001000,0.001000,0.001000,0.001000
1016.192308,-0.048827,0.001000,0.001000,0.001000,0.001000,0.001000
1016.211538,-0.049106,0.001000,0.001000,0.001000,0.001000,0.001000
1016.230769,-0.049348,0.001000,0.001000,0.001000,0.001000,0.001000
1016.250000,-0.049552,0.001000,0.001000,0.001000,0.001000,0.001000
1016.269231,-0.049718,0.001000,0.001000,0.001000,0.001000,0.001000
1016.288462,-0.049846,0.001000,0.001000,0.001000,0.001000,0.001000
1016.307692,-0.049936,0.001000,0.001000,0.001000,0.001000,0.001000
1016.326923,-0.049987,0.001000,0.001000,0.001000,0.001000,0.001000
1016.346154,-0.049999,0.001000,0.001000,0.001000,0.001000,0.001000
1016.365385,-0.049974,0.001000,0.001000,0.001000,0.001000,0.001000
1016.384615,-0.049910,0.001000,0.001000,0.001000,0.001000,0.001000
1016.403846,-0.049807,0.001000,0.001000,0.001000,0.001000,0.001000
1016.423077,-0.049666,0.001000,0.001000,0.001000,0.001000,0.001000
1016.442308,-0.049487,0.001000,0.001000,0.001000,0.001000,0.001000
1016.461538,-0.049270,0.001000,0.001000,0.001000,0.001000,0.001000
1016.480769,-0.049015,0.001000,0.001000,0.001000,0.001000,0.001000
1016.500000,-0.048723,0.001000,0.001000,0.001000,0.001000,0.001000
1016.519231,-0.048393,0.001000,0.001000,0.001000,0.001000,0.001000
1016.538462,-0.048025,0.001000,0.001000,0.001000,0.001000,0.001000
1016.557692,-0.047621,0.001000,0.001000,0.001000,0.001000,0.001000
1016.576923,-0.047180,0.001000,0.001000,0.001000,0.001000,0.001000
1016.596154,-0.046703,0.001000,0.001000,0.001000,0.001000,0.001000
1016.615385,-0.046191,0.001000,0.001000,0.001000,0.001000,0.001000
1016.634615,-0.045642,0.001000,0.001000,0.001000,0.001000,0.001000
1016.653846,-0.045059,0.001000,0.001000,0.001000,0.001000,0.001000
1016.673077,-0.044440,0.001000,0.001000,0.001000,0.001000,0.001000
1016.692308,-0.043788,0.001000,0.001000,0.001000,0.001000,0.001000
1016.711538,-0.043102,0.001000,0.001000,0.001000,0.001000,0.001000
1016.730769,-0.042383,0.001000,0.001000,0.001000,0.001000,0.001000
1016.750000,-0.041631,0.001000,0.001000,0.001000,0.001000,0.001000
1016.769231,-0.040848,0.001000,0.001000,0.001000,0.001000,0.001000
1016.788462,-0.040033,0.001000,0.001000,0.001000,0.001000,0.001000
1016.807692,-0.039187,0.001000,0.001000,0.001000,0.001000,0.001000
1016.826923,-0.038311,0.001000,0.001000,0.001000,0.001000,0.001000
1016.846154,-0.037406,0.001000,0.001000,0.001000,0.001000,0.001000
1016.865385,-0.036471,0.001000,0.001000,0.001000,0.001000,0.001000
1016.884615,-0.035509,0.001000,0.001000,0.001000,0.001000,0.001000
1016.903846,-0.034520,0.001000,0.001000,0.001000,0.001000,0.001000
1016.923077,-0.033504,0.001000,0.001000,0.001000,0.001000,0.001000
1016.942308,-0.032462,0.001000,0.001000,0.001000,0.001000,0.001000
1016.961538,-0.031395,0.001000,0.001000,0.001000,0.001000,0.001000
1016.980769,-0.030304,0.001000,0.001000,0.001000,0.001000,0.001000
1017.000000,-0.029190,0.001000,0.001000,0.001000,0.001000,0.001000
1017.019231,-0.028054,0.001000,0.001000,0.001000,0.001000,0.001000
1017.038462,-0.026895,0.001000,0.001000,0.001000,0.001000,0.001000
1017.057692,-0.025717,0.001000,0.001000,0.001000,0.001000,0.001000
1017.076923,-0.024518,0.001000,0.001000,0.001000,0.001000,0.001000
1017.096154,-0.023301,0.001000,0.001000,0.001000,0.001000,0.001000
1017.115385,-0.022065,0.001000,0.001000,0.001000,0.001000,0.001000
1017.134615,-0.020813,0.001000,0.001000,0.001000,0.001000,0.001000
1017.153846,-0.019545,0.001000,0.001000,0.001000,0.001000,0.001000
1017.173077,-0.018261,0.001000,0.001000,0.001000,0.001000,0.001000
1017.192308,-0.016964,0.001000,0.001000,0.001000,0.001000,0.001000
1017.211538,-0.015654,0.001000,0.001000,0.001000,0.001000,0.001000
1017.230769,-0.014331,0.001000,0.001000,0.001000,0.001000,0.001000
1017.250000,-0.012998,0.001000,0.001000,0.001000,0.001000,0.001000
1017.269231,-0.011654,0.001000,0.001000,0.001000,0.001000,0.001000
1017.288462,-0.010302,0.001000,0.001000,0.001000,0.001000,0.001000
1017.307692,-0.008942,0.001000,0.001000,0.001000,0.001000,0.001000
1017.326923,-0.007574,0.001000,0.001000,0.001000,0.001000,0.001000
1017.346154,-0.006201,0.001000,0.001000,0.001000,0.001000,0.001000
1017.365385,-0.004824,0.001000,0.001000,0.001000,0.001000,0.001000
1017.384615,-0.003442,0.001000,0.001000,0.001000,0.001000,0.001000
1017.403846,-0.002058,0.001000,0.001000,0.001000,0.001000,0.001000
1017.423077,-0.000672,0.001000,0.001000,0.001000,0.001000,0.001000
1017.442308,0.000714,0.001000,0.001000,0.001000,0.001000,0.001000
1017.461538,0.002100,0.001000,0.001000,0.001000,0.001000,0.001000
1017.480769,0.003484,0.001000,0.001000,0.001000,0.001000,0.001000
1017.500000,0.004865,0.001000,0.001000,0.001000,0.001000,0.001000
1017.519231,0.006243,0.001000,0.001000,0.001000,0.001000,0.001000
1017.538462,0.007616,0.001000,0.001000,0.001000,0.001000,0.001000
1017.557692,0.008983,0.001000,0.001000,0.001000,0.001000,0.001000
1017.576923,0.010343,0.001000,0.001000,0.001000,0.001000,0.001000
1017.596154,0.011695,0.001000,0.001000,0.001000,0.001000,0.001000
1017.615385,0.013038,0.001000,0.001000,0.001000,0.001000,0.001000
1017.634615,0.014371,0.001000,0.001000,0.001000,0.001000,0.001000
1017.653846,0.015693,0.001000,0.001000,0.001000,0.001000,0.001000
1017.673077,0.017003,0.001000,0.001000,0.001000,0.001000,0.001000
1017.692308,0.018300,0.001000,0.001000,0.001000,0.001000,0.001000
1017.711538,0.019583,0.001000,0.001000,0.001000,0.001000,0.001000
1017.730769,0.020851,0.001000,0.001000,0.001000,0.001000,0.001000
1017.750000,0.022103,0.001000,0.001000,0.001000,0.001000,0.001000
1017.769231,0.023338,0.001000,0.001000,0.001000,0.001000,0.001000
1017.788462,0.024554,0.001000,0.001000,0.001000,0.001000,0.001000
1017.807692,0.025752,0.001000,0.001000,0.001000,0.001000,0.001000
1017.826923,0.026931,0.001000,0.001000,0.001000,0.001000,0.001000
1017.846154,0.028088,0.001000,0.001000,0.001000,0.001000,0.001000
1017.865385,0.029224,0.001000,0.001000,0.001000,0.001000,0.001000
1017.884615,0.030338,0.001000,0.001000,0.001000,0.001000,0.001000
1017.903846,0.031428,0.001000,0.001000,0.001000,0.001000,0.001000
1017.923077,0.032494,0.001000,0.001000,0.001000,0.001000,0.001000
1017.942308,0.033535,0.001000,0.001000,0.001000,0.001000,0.001000
1017.961538,0.034550,0.001000,0.001000,0.001000,0.001000,0.001000
1017.980769,0.035539,0.001000,0.001000,0.001000,0.001000,0.001000
1018.000000,0.036500,0.001000,0.001000,0.001000,0.001000,0.001000
1018.019231,0.037433,0.001000,0.001000,0.001000,0.001000,0.001000
1018.038462,0.038338,0.001000,0.001000,0.001000,0.001000,0.001000
1018.057692,0.039213,0.001000,0.001000,0.001000,0.001000,0.001000
1018.076923,0.040058,0.001000,0.001000,0.001000,0.001000,0.001000
1018.096154,0.040872,0.001000,0.001000,0.001000,0.001000,0.001000
1018.115385,0.041655,0.001000,0.001000,0.001000,0.001000,0.001000
1018.134615,0.042405,0.001000,0.001000,0.001000,0.001000,0.001000
1018.153846,0.043123,0.001000,0.001000,0.001000,0.001000,0.001000
1018.173077,0.043808,0.001000,0.001000,0.001000,0.001000,0.001000
1018.192308,0.044460,0.001000,0.001000,0.001000,0.001000,0.001000
1018.211538,0.045077,0.001000,0.001000,0.001000,0.001000,0.001000
1018.230769,0.045659,0.001000,0.001000,0.001000,0.001000,0.001000
1018.250000,0.046206,0.001000,0.001000,0.001000,0.001000,0.001000
1018.269231,0.046718,0.001000,0.001000,0.001000,0.001000,0.001000
1018.288462,0.047194,0.001000,0.001000,0.001000,0.001000,0.001000
1018.307692,0.047634,0.001000,0.001000,0.001000,0.001000,0.001000
1018.326923,0.048037,0.001000,0.001000,0.001000,0.001000,0.001000
1018.346154,0.048403,0.001000,0.001000,0.001000,0.001000,0.001000
1018.365385,0.048732,0.001000,0.001000,0.001000,0.001000,0.001000
1018.384615,0.049023,0.001000,0.001000,0.001000,0.001000,0.001000
1018.403846,0.049277,0.001000,0.001000,0.001000,0.001000,0.001000
1018.423077,0.049493,0.001000,0.001000,0.001000,0.001000,0.001000
1018.442308,0.049671,0.001000,0.001000,0.001000,0.001000,0.001000
1018.461538,0.049811,0.001000,0.001000,0.001000,0.001000,0.001000
1018.480769,0.049912,0.001000,0.001000,0.001000,0.001000,0.001000
1018.500000,0.049975,0.001000,0.001000,0.001000,0.001000,0.001000
1018.519231,0.050000,0.001000,0.001000,0.001000,0.001000,0.001000
1018.538462,0.049986,0.001000,0.001000,0.001000,0.001000,0.001000
1018.557692,0.049934,0.001000,0.001000,0.001000,0.001000,0.001000
1018.576923,0.049843,0.001000,0.001000,0.001000,0.001000,0.001000
1018.596154,0.049714,0.001000,0.001000,0.001000,0.001000,0.001000
1018.615385,0.049547,0.001000,0.001000,0.001000,0.001000,0.001000
1018.634615,0.049342,0.001000,0.001000,0.001000,0.001000,0.001000
1018.653846,0.049098,0.001000,0.001000,0.001000,0.001000,0.001000
1018.673077,0.048818,0.001000,0.001000,0.001000,0.001000,0.001000
1018.692308,0.048499,0.001000,0.001000,0.001000,0.001000,0.001000
1018.711538,0.048143,0.001000,0.001000,0.001000,0.001000,0.001000
1018.730769,0.047751,0.001000,0.001000,0.001000,0.001000,0.001000
1018.750000,0.047321,0.001000,0.001000,0.001000,0.001000,0.001000
1018.769231,0.046855,0.001000,0.001000,0.001000,0.001000,0.001000
1018.788462,0.046354,0.001000,0.001000,0.001000,0.001000,0.001000
1018.807692,0.045816,0.001000,0.001000,0.001000,0.001000,0.001000
1018.826923,0.045244,0.001000,0.001000,0.001000,0.001000,0.001000
1018.846154,0.044636,0.001000,0.001000,0.001000,0.001000,0.001000
1018.865385,0.043994,0.001000,0.001000,0.001000,0.001000,0.001000
1018.884615,0.043319,0.001000,0.001000,0.001000,0.001000,0.001000
1018.903846,0.042610,0.001000,0.001000,0.001000,0.001000,0.001000
1018.923077,0.041868,0.001000,0.001000,0.001000,0.001000,0.001000
1018.942308,0.041095,0.001000,0.001000,0.001000,0.001000,0.001000
1018.961538,0.040289,0.001000,0.001000,0.001000,0.001000,0.001000
1018.980769,0.039453,0.001000,0.001000,0.001000,0.001000,0.001000
1019.000000,0.038586,0.001000,0.001000,0.001000,0.001000,0.001000
1019.019231,0.037690,0.001000,0.001000,0.001000,0.001000,0.001000
1019.038462,0.036765,0.001000,0.001000,0.001000,0.001000,0.001000
1019.057692,0.035811,0.001000,0.001000,0.001000,0.001000,0.001000
1019.076923,0.034830,0.001000,0.001000,0.001000,0.001000,0.001000
1019.096154,0.033822,0.001000,0.001000,0.001000,0.001000,0.001000
1019.115385,0.032788,0.001000,0.001000,0.001000,0.001000,0.001000
1019.134615,0.031729,0.001000,0.001000,0.001000,0.001000,0.001000
1019.153846,0.030646,0.001000,0.001000,0.001000,0.001000,0.001000
1019.173077,0.029539,0.001000,0.001000,0.001000,0.001000,0.001000
1019.192308,0.028409,0.001000,0.001000,0.001000,0.001000,0.001000
1019.211538,0.027257,0.001000,0.001000,0.001000,0.001000,0.001000
1019.230769,0.026085,0.001000,0.001000,0.001000,0.001000,0.001000
1019.250000,0.024892,0.001000,0.001000,0.001000,0.001000,0.001000
1019.269231,0.023681,0.001000,0.001000,0.001000,0.001000,0.001000
1019.288462,0.022451,0.001000,0.001000,0.001000,0.001000,0.001000
1019.307692,0.021204,0.001000,0.001000,0.001000,0.001000,0.001000
1019.326923,0.019940,0.001000,0.001000,0.001000,0.001000,0.001000
1019.346154,0.018662,0.001000,0.001000,0.001000,0.001000,0.001000
1019.365385,0.017368,0.001000,0.001000,0.001000,0.001000,0.001000
1019.384615,0.016062,0.001000,0.001000,0.001000,0.001000,0.001000
1019.403846,0.014743,0.001000,0.001000,0.001000,0.001000,0.001000
1019.423077,0.013413,0.001000,0.001000,0.001000,0.001000,0.001000
1019.442308,0.012073,0.001000,0.001000,0.001000,0.001000,0.001000
1019.461538,0.010723,0.001000,0.001000,0.001000,0.001000,0.001000
1019.480769,0.009365,0.001000,0.001000,0.001000,0.001000,0.001000
1019.500000,0.008000,0.001000,0.001000,0.001000,0.001000,0.001000
1019.519231,0.006628,0.001000,0.001000,0.001000,0.001000,0.001000
1019.538462,0.005252,0.001000,0.001000,0.001000,0.001000,0.001000
1019.557692,0.003872,0.001000,0.001000,0.001000,0.001000,0.001000
1019.576923,0.002488,0.001000,0.001000,0.001000,0.001000,0.001000
1019.596154,0.001103,0.001000,0.001000,0.001000,0.001000,0.001000
1019.615385,-0.000283,0.001000,0.001000,0.001000,0.001000,0.001000
1019.634615,-0.001669,0.001000,0.001000,0.001000,0.001000,0.001000
1019.653846,-0.003054,0.001000,0.001000,0.001000,0.001000,0.001000
1019.673077,-0.004436,0.001000,0.001000,0.001000,0.001000,0.001000
1019.692308,-0.005815,0.001000,0.001000,0.001000,0.001000,0.001000
1019.711538,-0.007190,0.001000,0.001000,0.001000,0.001000,0.001000
1019.730769,-0.008559,0.001000,0.001000,0.001000,0.001000,0.001000
1019.750000,-0.009921,0.001000,0.001000,0.001000,0.001000,0.001000
1019.769231,-0.011276,0.001000,0.001000,0.001000,0.001000,0.001000
1019.788462,-0.012622,0.001000,0.001000,0.001000,0.001000,0.001000
1019.807692,-0.013958,0.001000,0.001000,0.001000,0.001000,0.001000
1019.826923,-0.015284,0.001000,0.001000,0.001000,0.001000,0.001000
1019.846154,-0.016598,0.001000,0.001000,0.001000,0.001000,0.001000
1019.865385,-0.017899,0.001000,0.001000,0.001000,0.001000,0.001000
1019.884615,-0.019186,0.001000,0.001000,0.001000,0.001000,0.001000
1019.903846,-0.020459,0.001000,0.001000,0.001000,0.001000,0.001000
1019.923077,-0.021716,0.001000,0.001000,0.001000,0.001000,0.001000
1019.942308,-0.022956,0.001000,0.001000,0.001000,0.001000,0.001000
1019.961538,-0.024178,0.001000,0.001000,0.001000,0.001000,0.001000
1019.980769,-0.025382,0.001000,0.001000,0.001000,0.001000,0.001000
1020.000000,-0.026567,0.001000,0.001000,0.001000,0.001000,0.001000
1020.019231,-0.027731,0.001000,0.001000,0.001000,0.001000,0.001000
1020.038462,-0.028874,0.001000,0.001000,0.001000,0.001000,0.001000
1020.057692,-0.029994,0.001000,0.001000,0.001000,0.001000,0.001000
1020.076923,-0.031092,0.001000,0.001000,0.001000,0.001000,0.001000
1020.096154,-0.032165,0.001000,0.001000,0.001000,0.001000,0.001000
1020.115385,-0.033214,0.001000,0.001000,0.001000,0.001000,0.001000
1020.134615,-0.034237,0.001000,0.001000,0.001000,0.001000,0.001000
1020.153846,-0.035234,0.001000,0.001000,0.001000,0.001000,0.001000
1020.173077,-0.036204,0.001000,0.001000,0.001000,0.001000,0.001000
1020.192308,-0.037146,0.001000,0.001000,0.001000,0.001000,0.001000
1020.211538,-0.038060,0.001000,0.001000,0.001000,0.001000,0.001000
1020.230769,-0.038944,0.001000,0.001000,0.001000,0.001000,0.001000
1020.250000,-0.039799,0.001000,0.001000,0.001000,0.001000,0.001000
1020.269231,-0.040622,0.001000,0.001000,0.001000,0.001000,0.001000
1020.288462,-0.041415,0.001000,0.001000,0.001000,0.001000,0.001000
1020.307692,-0.042176,0.001000,0.001000,0.001000,0.001000,0.001000
1020.326923,-0.042904,0.001000,0.001000,0.001000,0.001000,0.001000
1020.346154,-0.043599,0.001000,0.001000,0.001000,0.001000,0.001000
1020.365385,-0.044261,0.001000,0.001000,0.001000,0.001000,0.001000
1020.384615,-0.044889,0.001000,0.001000,0.001000,0.001000,0.001000
1020.403846,-0.045482,0.001000,0.001000,0.001000,0.001000,0.001000
1020.423077,-0.046040,0.001000,0.001000,0.001000,0.001000,0.001000
1020.442308,-0.046563,0.001000,0.001000,0.001000,0.001000,0.001000
1020.461538,-0.047050,0.001000,0.001000,0.001000,0.001000,0.001000
1020.480769,-0.047501,0.001000,0.001000,0.001000,0.001000,0.001000
1020.500000,-0.047916,0.001000,0.001000,0.001000,0.001000,0.001000
1020.519231,-0.048293,0.001000,0.001000,0.001000,0.001000,0.001000
1020.538462,-0.048634,0.001000,0.001000,0.001000,0.001000,0.001000
1020.557692,-0.048937,0.001000,0.001000,0.001000,0.001000,0.001000
1020.576923,-0.049202,0.001000,0.001000,0.001000,0.001000,0.001000
1020.596154,-0.049430,0.001000,0.001000,0.001000,0.001000,0.001000
1020.615385,-0.049620,0.001000,0.001000,0.001000,0.001000,0.001000
1020.634615,-0.049771,0.001000,0.001000,0.001000,0.001000,0.001000
1020.653846,-0.049885,0.001000,0.001000,0.001000,0.001000,0.001000
1020.673077,-0.049960,0.001000,0.001000,0.001000,0.001000,0.001000
1020.692308,-0.049996,0.001000,0.001000,0.001000,0.001000,0.001000
1020.711538,-0.049994,0.001000,0.001000,0.001000,0.001000,0.001000
1020.730769,-0.049954,0.001000,0.001000,0.001000,0.001000,0.001000
1020.750000,-0.049875,0.001000,0.001000,0.001000,0.001000,0.001000
1020.769231,-0.049758,0.001000,0.001000,0.001000,0.001000,0.001000
1020.788462,-0.049603,0.001000,0.001000,0.001000,0.001000,0.001000
1020.807692,-0.049409,0.001000,0.001000,0.001000,0.001000,0.001000
1020.826923,-0.049178,0.001000,0.001000,0.001000,0.001000,0.001000
1020.846154,-0.048909,0.001000,0.001000,0.001000,0.001000,0.001000
1020.865385,-0.048602,0.001000,0.001000,0.001000,0.001000,0.001000
1020.884615,-0.048258,0.001000,0.001000,0.001000,0.001000,0.001000
1020.903846,-0.047877,0.001000,0.001000,0.001000,0.001000,0.001000
1020.923077,-0.047459,0.001000,0.001000,0.001000,0.001000,0.001000
1020.942308,-0.047004,0.001000,0.001000,0.001000,0.001000,0.001000
1020.961538,-0.046513,0.001000,0.001000,0.001000,0.001000,0.001000
1020.980769,-0.045987,0.001000,0.001000,0.001000,0.001000,0.001000
1021.000000,-0.045425,0.001000,0.001000,0.001000,0.001000,0.001000
1021.019231,-0.044829,0.001000,0.001000,0.001000,0.001000,0.001000
1021.038462,-0.044197,0.001000,0.001000,0.001000,0.001000,0.001000
1021.057692,-0.043532,0.001000,0.001000,0.001000,0.001000,0.001000
1021.076923,-0.042834,0.001000,0.001000,0.001000,0.001000,0.001000
1021.096154,-0.042102,0.001000,0.001000,0.001000,0.001000,0.001000
1021.115385,-0.041338,0.001000,0.001000,0.001000,0.001000,0.001000
1021.134615,-0.040543,0.001000,0.001000,0.001000,0.001000,0.001000
1021.153846,-0.039716,0.001000,0.001000,0.001000,0.001000,0.001000
1021.173077,-0.038859,0.001000,0.001000,0.001000,0.001000,0.001000
1021.192308,-0.037971,0.001000,0.001000,0.001000,0.001000,0.001000
1021.211538,-0.037055,0.001000,0.001000,0.001000,0.001000,0.001000
1021.230769,-0.036110,0.001000,0.001000,0.001000,0.001000,0.001000
1021.250000,-0.035138,0.001000,0.001000,0.001000,0.001000,0.001000
1021.269231,-0.034138,0.001000,0.001000,0.001000,0.001000,0.001000
1021.288462,-0.033112,0.001000,0.001000,0.001000,0.001000,0.001000
1021.307692,-0.032061,0.001000,0.001000,0.001000,0.001000,0.001000
1021.326923,-0.030985,0.001000,0.001000,0.001000,0.001000,0.001000
1021.346154,-0.029885,0.001000,0.001000,0.001000,0.001000,0.001000
1021.365385,-0.028762,0.001000,0.001000,0.001000,0.001000,0.001000
1021.384615,-0.027617,0.001000,0.001000,0.001000,0.001000,0.001000
1021.403846,-0.026451,0.001000,0.001000,0.001000,0.001000,0.001000
1021.423077,-0.025265,0.001000,0.001000,0.001000,0.001000,0.001000
1021.442308,-0.024059,0.001000,0.001000,0.001000,0.001000,0.001000
1021.461538,-0.022835,0.001000,0.001000,0.001000,0.001000,0.001000
1021.480769,-0.021593,0.001000,0.001000,0.001000,0.001000,0.001000
1021.500000,-0.020334,0.001000,0.001000,0.001000,0.001000,0.001000
1021.519231,-0.019060,0.001000,0.001000,0.001000,0.001000,0.001000
1021.538462,-0.017772,0.001000,0.001000,0.001000,0.001000,0.001000
1021.557692,-0.016469,0.001000,0.001000,0.001000,0.001000,0.001000
1021.576923,-0.015154,0.001000,0.001000,0.001000,0.001000,0.001000
1021.596154,-0.013827,0.001000,0.001000,0.001000,0.001000,0.001000
1021.615385,-0.012490,0.001000,0.001000,0.001000,0.001000,0.001000
1021.634615,-0.011143,0.001000,0.001000,0.001000,0.001000,0.001000
1021.653846,-0.009788,0.001000,0.001000,0.001000,0.001000,0.001000
1021.673077,-0.008424,0.001000,0.001000,0.001000,0.001000,0.001000
1021.692308,-0.007055,0.001000,0.001000,0.001000,0.001000,0.001000
1021.711538,-0.005680,0.001000,0.001000,0.001000,0.001000,0.001000
1021.730769,-0.004301,0.001000,0.001000,0.001000,0.001000,0.001000
1021.750000,-0.002918,0.001000,0.001000,0.001000,0.001000,0.001000
1021.769231,-0.001533,0.001000,0.001000,0.001000,0.001000,0.001000
1021.788462,-0.000147,0.001000,0.001000,0.001000,0.001000,0.001000
1021.807692,0.001239,0.001000,0.001000,0.001000,0.001000,0.001000
1021.826923,0.002624,0.001000,0.001000,0.001000,0.001000,0.001000
1021.846154,0.004007,0.001000,0.001000,0.001000,0.001000,0.001000
1021.865385,0.005387,0.001000,0.001000,0.001000,0.001000,0.001000
1021.884615,0.006763,0.001000,0.001000,0.001000,0.001000,0.001000
1021.903846,0.008134,0.001000,0.001000,0.001000,0.001000,0.001000
1021.923077,0.009499,0.001000,0.001000,0.001000,0.001000,0.001000
1021.942308,0.010856,0.001000,0.001000,0.001000,0.001000,0.001000
1021.961538,0.012205,0.001000,0.001000,0.001000,0.001000,0.001000
1021.980769,0.013544,0.001000,0.001000,0.001000,0.001000,0.001000
1022.000000,0.014873,0.001000,0.001000,0.001000,0.001000,0.001000
1022.019231,0.016191,0.001000,0.001000,0.001000,0.001000,0.001000
1022.038462,0.017496,0.001000,0.001000,0.001000,0.001000,0.001000
1022.057692,0.018788,0.001000,0.001000,0.001000,0.001000,0.001000
1022.076923,0.020065,0.001000,0.001000,0.001000,0.001000,0.001000
1022.096154,0.021327,0.001000,0.001000,0.001000,0.001000,0.001000
1022.115385,0.022572,0.001000,0.001000,0.001000,0.001000,0.001000
1022.134615,0.023801,0.001000,0.001000,0.001000,0.001000,0.001000
1022.153846,0.025010,0.001000,0.001000,0.001000,0.001000,0.001000
1022.173077,0.026201,0.001000,0.001000,0.001000,0.001000,0.001000
1022.192308,0.027372,0.001000,0.001000,0.001000,0.001000,0.001000
1022.211538,0.028521,0.001000,0.001000,0.001000,0.001000,0.001000
1022.230769,0.029648,0.001000,0.001000,0.001000,0.001000,0.001000
1022.250000,0.030753,0.001000,0.001000,0.001000,0.001000,0.001000
1022.269231,0.031834,0.001000,0.001000,0.001000,0.001000,0.001000
1022.288462,0.032891,0.001000,0.001000,0.001000,0.001000,0.001000
1022.307692,0.033922,0.001000,0.001000,0.001000,0.001000,0.001000
1022.326923,0.034928,0.001000,0.001000,0.001000,0.001000,0.001000
1022.346154,0.035906,0.001000,0.001000,0.001000,0.001000,0.001000
1022.365385,0.036857,0.001000,0.001000,0.001000,0.001000,0.001000
1022.384615,0.037779,0.001000,0.001000,0.001000,0.001000,0.001000
1022.403846,0.038673,0.001000,0.001000,0.001000,0.001000,0.001000
1022.423077,0.039536,0.001000,0.001000,0.001000,0.001000,0.001000
1022.442308,0.040370,0.001000,0.001000,0.001000,0.001000,0.001000
1022.461538,0.041172,0.001000,0.001000,0.001000,0.001000,0.001000
1022.480769,0.041943,0.001000,0.001000,0.001000,0.001000,0.001000
1022.500000,0.042681,0.001000,0.001000,0.001000,0.001000,0.001000
1022.519231,0.043387,0.001000,0.001000,0.001000,0.001000,0.001000
1022.538462,0.044059,0.001000,0.001000,0.001000,0.001000,0.001000
1022.557692,0.044697,0.001000,0.001000,0.001000,0.001000,0.001000
1022.576923,0.045301,0.001000,0.001000,0.001000,0.001000,0.001000
1022.596154,0.045871,0.001000,0.001000,0.001000,0.001000,0.001000
1022.615385,0.046405,0.001000,0.001000,0.001000,0.001000,0.001000
1022.634615,0.046903,0.001000,0.001000,0.001000,0.001000,0.001000
1022.653846,0.047365,0.001000,0.001000,0.001000,0.001000,0.001000
1022.673077,0.047791,0.001000,0.001000,0.001000,0.001000,0.001000
1022.692308,0.048180,0.001000,0.001000,0.001000,0.001000,0.001000
1022.711538,0.048532,0.001000,0.001000,0.001000,0.001000,0.001000
1022.730769,0.048847,0.001000,0.001000,0.001000,0.001000,0.001000
1022.750000,0.049124,0.001000,0.001000,0.001000,0.001000,0.001000
1022.769231,0.049363,0.001000,0.001000,0.001000,0.001000,0.001000
1022.788462,0.049565,0.001000,0.001000,0.001000,0.001000,0.001000
1022.807692,0.049728,0.001000,0.001000,0.001000,0.001000,0.001000
1022.826923,0.049854,0.001000,0.001000,0.001000,0.001000,0.001000
1022.846154,0.049940,0.001000,0.001000,0.001000,0.001000,0.001000
1022.865385,0.049989,0.001000,0.001000,0.001000,0.001000,0.001000
1022.884615,0.049999,0.001000,0.001000,0.001000,0.001000,0.001000
1022.903846,0.049971,0.001000,0.001000,0.001000,0.001000,0.001000
1022.923077,0.049904,0.001000,0.001000,0.001000,0.001000,0.001000
1022.942308,0.049799,0.001000,0.001000,0.001000,0.001000,0.001000
1022.961538,0.049655,0.001000,0.001000,0.001000,0.001000,0.001000
1022.980769,0.049474,0.001000,0.001000,0.001000,0.001000,0.001000
1023.000000,0.049254,0.001000,0.001000,0.001000,0.001000,0.001000
1023.019231,0.048996,0.001000,0.001000,0.001000,0.001000,0.001000
1023.038462,0.048701,0.001000,0.001000,0.001000,0.001000,0.001000
1023.057692,0.048369,0.001000,0.001000,0.001000,0.001000,0.001000
1023.076923,0.047999,0.001000,0.001000,0.001000,0.001000,0.001000
1023.096154,0.047592,0.001000,0.001000,0.001000,0.001000,0.001000
1023.115385,0.047149,0.001000,0.001000,0.001000,0.001000,0.001000
1023.134615,0.046670,0.001000,0.001000,0.001000,0.001000,0.001000
1023.153846,0.046154,0.001000,0.001000,0.001000,0.001000,0.001000
1023.173077,0.045603,0.001000,0.001000,0.001000,0.001000,0.001000
1023.192308,0.045018,0.001000,0.001000,0.001000,0.001000,0.001000
1023.211538,0.044397,0.001000,0.001000,0.001000,0.001000,0.001000
1023.230769,0.043742,0.001000,0.001000,0.001000,0.001000,0.001000
1023.250000,0.043054,0.001000,0.001000,0.001000,0.001000,0.001000
1023.269231,0.042333,0.001000,0.001000,0.001000,0.001000,0.001000
1023.288462,0.041579,0.001000,0.001000,0.001000,0.001000,0.001000
1023.307692,0.040793,0.001000,0.001000,0.001000,0.001000,0.001000
1023.326923,0.039976,0.001000,0.001000,0.001000,0.001000,0.001000
1023.346154,0.039128,0.001000,0.001000,0.001000,0.001000,0.001000
1023.365385,0.038250,0.001000,0.001000,0.001000,0.001000,0.001000
1023.384615,0.037343,0.001000,0.001000,0.001000,0.001000,0.001000
1023.403846,0.036407,0.001000,0.001000,0.001000,0.001000,0.001000
1023.423077,0.035443,0.001000,0.001000,0.001000,0.001000,0.001000
1023.442308,0.034451,0.001000,0.001000,0.001000,0.001000,0.001000
1023.461538,0.033434,0.001000,0.001000,0.001000,0.001000,0.001000
1023.480769,0.032390,0.001000,0.001000,0.001000,0.001000,0.001000
1023.500000,0.031322,0.001000,0.001000,0.001000,0.001000,0.001000
1023.519231,0.030229,0.001000,0.001000,0.001000,0.001000,0.001000
1023.538462,0.029113,0.001000,0.001000,0.001000,0.001000,0.001000
1023.557692,0.027975,0.001000,0.001000,0.001000,0.001000,0.001000
1023.576923,0.026816,0.001000,0.001000,0.001000,0.001000,0.001000
1023.596154,0.025636,0.001000,0.001000,0.001000,0.001000,0.001000
1023.615385,0.024436,0.001000,0.001000,0.001000,0.001000,0.001000
1023.634615,0.023217,0.001000,0.001000,0.001000,0.001000,0.001000
1023.653846,0.021980,0.001000,0.001000,0.001000,0.001000,0.001000
1023.673077,0.020727,0.001000,0.001000,0.001000,0.001000,0.001000
1023.692308,0.019458,0.001000,0.001000,0.001000,0.001000,0.001000
1023.711538,0.018173,0.001000,0.001000,0.001000,0.001000,0.001000
1023.730769,0.016875,0.001000,0.001000,0.001000,0.001000,0.001000
1023.750000,0.015564,0.001000,0.001000,0.001000,0.001000,0.001000
1023.769231,0.014241,0.001000,0.001000,0.001000,0.001000,0.001000
1023.788462,0.012906,0.001000,0.001000,0.001000,0.001000,0.001000
1023.807692,0.011562,0.001000,0.001000,0.001000,0.001000,0.001000
1023.826923,0.010209,0.001000,0.001000,0.001000,0.001000,0.001000
1023.846154,0.008849,0.001000,0.001000,0.001000,0.001000,0.001000
1023.865385,0.007481,0.001000,0.001000,0.001000,0.001000,0.001000
1023.884615,0.006108,0.001000,0.001000,0.001000,0.001000,0.001000
1023.903846,0.004730,0.001000,0.001000,0.001000,0.001000,0.001000
1023.923077,0.003348,0.001000,0.001000,0.001000,0.001000,0.001000
1023.942308,0.001964,0.001000,0.001000,0.001000,0.001000,0.001000
1023.961538,0.000578,0.001000,0.001000,0.001000,0.001000,0.001000
1023.980769,-0.000808,0.001000,0.001000,0.001000,0.001000,0.001000
1024.000000,-0.002194,0.001000,0.001000,0.001000,0.001000,0.001000
1024.019231,-0.003578,0.001000,0.001000,0.001000,0.001000,0.001000
1024.038462,-0.004959,0.001000,0.001000,0.001000,0.001000,0.001000
1024.057692,-0.006336,0.001000,0.001000,0.001000,0.001000,0.001000
1024.076923,-0.007709,0.001000,0.001000,0.001000,0.001000,0.001000
1024.096154,-0.009076,0.001000,0.001000,0.001000,0.001000,0.001000
1024.115385,-0.010435,0.001000,0.001000,0.001000,0.001000,0.001000
1024.134615,-0.011787,0.001000,0.001000,0.001000,0.001000,0.001000
1024.153846,-0.013129,0.001000,0.001000,0.001000,0.001000,0.001000
1024.173077,-0.014462,0.001000,0.001000,0.001000,0.001000,0.001000
1024.192308,-0.015783,0.001000,0.001000,0.001000,0.001000,0.001000
1024.211538,-0.017092,0.001000,0.001000,0.001000,0.001000,0.001000
1024.230769,-0.018388,0.001000,0.001000,0.001000,0.001000,0.001000
1024.250000,-0.019670,0.001000,0.001000,0.001000,0.001000,0.001000
1024.269231,-0.020937,0.001000,0.001000,0.001000,0.001000,0.001000
1024.288462,-0.022187,0.001000,0.001000,0.001000,0.001000,0.001000
1024.307692,-0.023421,0.001000,0.001000,0.001000,0.001000,0.001000
1024.326923,-0.024637,0.001000,0.001000,0.001000,0.001000,0.001000
1024.346154,-0.025833,0.001000,0.001000,0.001000,0.001000,0.001000
1024.365385,-0.027010,0.001000,0.001000,0.001000,0.001000,0.001000
1024.384615,-0.028166,0.001000,0.001000,0.001000,0.001000,0.001000
1024.403846,-0.029301,0.001000,0.001000,0.001000,0.001000,0.001000
1024.423077,-0.030413,0.001000,0.001000,0.001000,0.001000,0.001000
1024.442308,-0.031501,0.001000,0.001000,0.001000,0.001000,0.001000
1024.461538,-0.032565,0.001000,0.001000,0.001000,0.001000,0.001000
1024.480769,-0.033605,0.001000,0.001000,0.001000,0.001000,0.001000
1024.500000,-0.034618,0.001000,0.001000,0.001000,0.001000,0.001000
1024.519231,-0.035605,0.001000,0.001000,0.001000,0.001000,0.001000
1024.538462,-0.036564,0.001000,0.001000,0.001000,0.001000,0.001000
1024.557692,-0.037496,0.001000,0.001000,0.001000,0.001000,0.001000
1024.576923,-0.038398,0.001000,0.001000,0.001000,0.001000,0.001000
1024.596154,-0.039271,0.001000,0.001000,0.001000,0.001000,0.001000
1024.615385,-0.040114,0.001000,0.001000,0.001000,0.001000,0.001000
1024.634615,-0.040926,0.001000,0.001000,0.001000,0.001000,0.001000
1024.653846,-0.041707,0.001000,0.001000,0.001000,0.001000,0.001000
1024.673077,-0.042455,0.001000,0.001000,0.001000,0.001000,0.001000
1024.692308,-0.043171,0.001000,0.001000,0.001000,0.001000,0.001000
1024.711538,-0.043854,0.001000,0.001000,0.001000,0.001000,0.001000
1024.730769,-0.044503,0.001000,0.001000,0.001000,0.001000,0.001000
1024.750000,-0.045117,0.001000,0.001000,0.001000,0.001000,0.001000
1024.769231,-0.045698,0.001000,0.001000,0.001000,0.001000,0.001000
1024.788462,-0.046242,0.001000,0.001000,0.001000,0.001000,0.001000
1024.807692,-0.046752,0.001000,0.001000,0.001000,0.001000,0.001000
1024.826923,-0.047225,0.001000,0.001000,0.001000,0.001000,0.001000
1024.846154,-0.047663,0.001000,0.001000,0.001000,0.001000,0.001000
1024.865385,-0.048063,0.001000,0.001000,0.001000,0.001000,0.001000
1024.884615,-0.048427,0.001000,0.001000,0.001000,0.001000,0.001000
1024.903846,-0.048753,0.001000,0.001000,0.001000,0.001000,0.001000
1024.923077,-0.049042,0.001000,0.001000,0.001000,0.001000,0.001000
1024.942308,-0.049293,0.001000,0.001000,0.001000,0.001000,0.001000
1024.961538,-0.049506,0.001000,0.001000,0.001000,0.001000,0.001000
1024.980769,-0.049682,0.001000,0.001000,0.001000,0.001000,0.001000
1025.000000,-0.049819,0.001000,0.001000,0.001000,0.001000,0.001000
1025.019231,-0.049918,0.001000,0.001000,0.001000,0.001000,0.001000
1025.038462,-0.049978,0.001000,0.001000,0.001000,0.001000,0.001000
1025.057692,-0.050000,0.001000,0.001000,0.001000,0.001000,0.001000
1025.076923,-0.049983,0.001000,0.001000,0.001000,0.001000,0.001000
1025.096154,-0.049929,0.001000,0.001000,0.001000,0.001000,0.001000
1025.115385,-0.049835,0.001000,0.001000,0.001000,0.001000,0.001000
1025.134615,-0.049704,0.001000,0.001000,0.001000,0.001000,0.001000
1025.153846,-0.049534,0.001000,0.001000,0.001000,0.001000,0.001000
1025.173077,-0.049326,0.001000,0.001000,0.001000,0.001000,0.001000
1025.192308,-0.049080,0.001000,0.001000,0.001000,0.001000,0.001000
1025.211538,-0.048797,0.001000,0.001000,0.001000,0.001000,0.001000
1025.230769,-0.048476,0.001000,0.001000,0.001000,0.001000,0.001000
1025.250000,-0.048118,0.001000,0.001000,0.001000,0.001000,0.001000
1025.269231,-0.047723,0.001000,0.001000,0.001000,0.001000,0.001000
1025.288462,-0.047291,0.001000,0.001000,0.001000,0.001000,0.001000
1025.307692,-0.046822,0.001000,0.001000,0.001000,0.001000,0.001000
1025.326923,-0.046318,0.001000,0.001000,0.001000,0.001000,0.001000
1025.346154,-0.045778,0.001000,0.001000,0.001000,0.001000,0.001000
1025.365385,-0.045203,0.001000,0.001000,0.001000,0.001000,0.001000
1025.384615,-0.044593,0.001000,0.001000,0.001000,0.001000,0.001000
1025.403846,-0.043949,0.001000,0.001000,0.001000,0.001000,0.001000
1025.423077,-0.043272,0.001000,0.001000,0.001000,0.001000,0.001000
1025.442308,-0.042560,0.001000,0.001000,0.001000,0.001000,0.001000
1025.461538,-0.041817,0.001000,0.001000,0.001000,0.001000,0.001000
1025.480769,-0.041041,0.001000,0.001000,0.001000,0.001000,0.001000
1025.500000,-0.040233,0.001000,0.001000,0.001000,0.001000,0.001000
1025.519231,-0.039395,0.001000,0.001000,0.001000,0.001000,0.001000
1025.538462,-0.038526,0.001000,0.001000,0.001000,0.001000,0.001000
1025.557692,-0.037628,0.001000,0.001000,0.001000,0.001000,0.001000
1025.576923,-0.036700,0.001000,0.001000,0.001000,0.001000,0.001000
1025.596154,-0.035745,0.001000,0.001000,0.001000,0.001000,0.001000
1025.615385,-0.034762,0.001000,0.001000,0.001000,0.001000,0.001000
1025.634615,-0.033752,0.001000,0.001000,0.001000,0.001000,0.001000
1025.653846,-0.032717,0.001000,0.001000,0.001000,0.001000,0.001000
1025.673077,-0.031656,0.001000,0.001000,0.001000,0.001000,0.001000
1025.692308,-0.030571,0.001000,0.001000,0.001000,0.001000,0.001000
1025.711538,-0.029462,0.001000,0.001000,0.001000,0.001000,0.001000
1025.730769,-0.028331,0.001000,0.001000,0.001000,0.001000,0.001000
1025.750000,-0.027178,0.001000,0.001000,0.001000,0.001000,0.001000
1025.769231,-0.026004,0.001000,0.001000,0.001000,0.001000,0.001000
1025.788462,-0.024810,0.001000,0.001000,0.001000,0.001000,0.001000
1025.807692,-0.023598,0.001000,0.001000,0.001000,0.001000,0.001000
1025.826923,-0.022366,0.001000,0.001000,0.001000,0.001000,0.001000
1025.846154,-0.021118,0.001000,0.001000,0.001000,0.001000,0.001000
1025.865385,-0.019854,0.001000,0.001000,0.001000,0.001000,0.001000
1025.884615,-0.018574,0.001000,0.001000,0.001000,0.001000,0.001000
1025.903846,-0.017280,0.001000,0.001000,0.001000,0.001000,0.001000
1025.923077,-0.015972,0.001000,0.001000,0.001000,0.001000,0.001000
1025.942308,-0.014653,0.001000,0.001000,0.001000,0.001000,0.001000
1025.961538,-0.013322,0.001000,0.001000,0.001000,0.001000,0.001000
1025.980769,-0.011981,0.001000,0.001000,0.001000,0.001000,0.001000
1026.000000,-0.010631,0.001000,0.001000,0.001000,0.001000,0.001000
1026.019231,-0.009272,0.001000,0.001000,0.001000,0.001000,0.001000
1026.038462,-0.007906,0.001000,0.001000,0.001000,0.001000,0.001000
1026.057692,-0.006535,0.001000,0.001000,0.001000,0.001000,0.001000
1026.076923,-0.005158,0.001000,0.001000,0.001000,0.001000,0.001000
1026.096154,-0.003777,0.001000,0.001000,0.001000,0.001000,0.001000
1026.115385,-0.002394,0.001000,0.001000,0.001000,0.001000,0.001000
1026.134615,-0.001008,0.001000,0.001000,0.001000,0.001000,0.001000
1026.153846,0.000378,0.001000,0.001000,0.001000,0.001000,0.001000
1026.173077,0.001764,0.001000,0.001000,0.001000,0.001000,0.001000
1026.192308,0.003148,0.001000,0.001000,0.001000,0.001000,0.001000
1026.211538,0.004530,0.001000,0.001000,0.001000,0.001000,0.001000
1026.230769,0.005909,0.001000,0.001000,0.001000,0.001000,0.001000
1026.250000,0.007283,0.001000,0.001000,0.001000,0.001000,0.001000
1026.269231,0.008652,0.001000,0.001000,0.001000,0.001000,0.001000
1026.288462,0.010014,0.001000,0.001000,0.001000,0.001000,0.001000
1026.307692,0.011368,0.001000,0.001000,0.001000,0.001000,0.001000
1026.326923,0.012713,0.001000,0.001000,0.001000,0.001000,0.001000
1026.346154,0.014049,0.001000,0.001000,0.001000,0.001000,0.001000
1026.365385,0.015374,0.001000,0.001000,0.001000,0.001000,0.001000
1026.384615,0.016687,0.001000,0.001000,0.001000,0.001000,0.001000
1026.403846,0.017987,0.001000,0.001000,0.001000,0.001000,0.001000
1026.423077,0.019273,0.001000,0.001000,0.001000,0.001000,0.001000
1026.442308,0.020545,0.001000,0.001000,0.001000,0.001000,0.001000
1026.461538,0.021801,0.001000,0.001000,0.001000,0.001000,0.001000
1026.480769,0.023040,0.001000,0.001000,0.001000,0.001000,0.001000
1026.500000,0.024261,0.001000,0.001000,0.001000,0.001000,0.001000
1026.519231,0.025464,0.001000,0.001000,0.001000,0.001000,0.001000
1026.538462,0.026647,0.001000,0.001000,0.001000,0.001000,0.001000
1026.557692,0.027809,0.001000,0.001000,0.001000,0.001000,0.001000
1026.576923,0.028951,0.001000,0.001000,0.001000,0.001000,0.001000
1026.596154,0.030070,0.001000,0.001000,0.001000,0.001000,0.001000
1026.615385,0.031166,0.001000,0.001000,0.001000,0.001000,0.001000
1026.634615,0.032237,0.001000,0.001000,0.001000,0.001000,0.001000
1026.653846,0.033285,0.001000,0.001000,0.001000,0.001000,0.001000
1026.673077,0.034306,0.001000,0.001000,0.001000,0.001000,0.001000
1026.692308,0.035301,0.001000,0.001000,0.001000,0.001000,0.001000
1026.711538,0.036269,0.001000,0.001000,0.001000,0.001000,0.001000
1026.730769,0.037210,0.001000,0.001000,0.001000,0.001000,0.001000
1026.750000,0.038121,0.001000,0.001000,0.001000,0.001000,0.001000
1026.769231,0.039003,0.001000,0.001000,0.001000,0.001000,0.001000
1026.788462,0.039856,0.001000,0.001000,0.001000,0.001000,0.001000
1026.807692,0.040677,0.001000,0.001000,0.001000,0.001000,0.001000
1026.826923,0.041468,0.001000,0.001000,0.001000,0.001000,0.001000
1026.846154,0.042226,0.001000,0.001000,0.001000,0.001000,0.001000
1026.865385,0.042952,0.001000,0.001000,0.001000,0.001000,0.001000
1026.884615,0.043645,0.001000,0.001000,0.001000,0.001000,0.001000
1026.903846,0.044305,0.001000,0.001000,0.001000,0.001000,0.001000
1026.923077,0.044930,0.001000,0.001000,0.001000,0.001000,0.001000
1026.942308,0.045521,0.001000,0.001000,0.001000,0.001000,0.001000
1026.961538,0.046077,0.001000,0.001000,0.001000,0.001000,0.001000
1026.980769,0.046597,0.001000,0.001000,0.001000,0.001000,0.001000
1027.000000,0.047082,0.001000,0.001000,0.001000,0.001000,0.001000
1027.019231,0.047531,0.001000,0.001000,0.001000,0.001000,0.001000
1027.038462,0.047943,0.001000,0.001000,0.001000,0.001000,0.001000
1027.057692,0.048318,0.001000,0.001000,0.001000,0.001000,0.001000
1027.076923,0.048656,0.001000,0.001000,0.001000,0.001000,0.001000
1027.096154,0.048956,0.001000,0.001000,0.001000,0.001000,0.001000
1027.115385,0.049219,0.001000,0.001000,0.001000,0.001000,0.001000
1027.134615,0.049444,0.001000,0.001000,0.001000,0.001000,0.001000
1027.153846,0.049631,0.001000,0.001000,0.001000,0.001000,0.001000
1027.173077,0.049780,0.001000,0.001000,0.001000,0.001000,0.001000
1027.192308,0.049891,0.001000,0.001000,0.001000,0.001000,0.001000
1027.211538,0.049963,0.001000,0.001000,0.001000,0.001000,0.001000
1027.230769,0.049997,0.001000,0.001000,0.001000,0.001000,0.001000
1027.250000,0.049993,0.001000,0.001000,0.001000,0.001000,0.001000
1027.269231,0.049950,0.001000,0.001000,0.001000,0.001000,0.001000
1027.288462,0.049868,0.001000,0.001000,0.001000,0.001000,0.001000
1027.307692,0.049749,0.001000,0.001000,0.001000,0.001000,0.001000
1027.326923,0.049591,0.001000,0.001000,0.001000,0.001000,0.001000
1027.346154,0.049395,0.001000,0.001000,0.001000,0.001000,0.001000
1027.365385,0.049161,0.001000,0.001000,0.001000,0.001000,0.001000
1027.384615,0.048889,0.001000,0.001000,0.001000,0.001000,0.001000
1027.403846,0.048580,0.001000,0.001000,0.001000,0.001000,0.001000
1027.423077,0.048233,0.001000,0.001000,0.001000,0.001000,0.001000
1027.442308,0.047849,0.001000,0.001000,0.001000,0.001000,0.001000
1027.461538,0.047429,0.001000,0.001000,0.001000,0.001000,0.001000
1027.480769,0.046972,0.001000,0.001000,0.001000,0.001000,0.001000
1027.500000,0.046479,0.001000,0.001000,0.001000,0.001000,0.001000
1027.519231,0.045950,0.001000,0.001000,0.001000,0.001000,0.001000
1027.538462,0.045386,0.001000,0.001000,0.001000,0.001000,0.001000
1027.557692,0.044787,0.001000,0.001000,0.001000,0.001000,0.001000
1027.576923,0.044153,0.001000,0.001000,0.001000,0.001000,0.001000
1027.596154,0.043486,0.001000,0.001000,0.001000,0.001000,0.001000
1027.615385,0.042785,0.001000,0.001000,0.001000,0.001000,0.001000
1027.634615,0.042051,0.001000,0.001000,0.001000,0.001000,0.001000
1027.653846,0.041285,0.001000,0.001000,0.001000,0.001000,0.001000
1027.673077,0.040487,0.001000,0.001000,0.001000,0.001000,0.001000
1027.692308,0.039658,0.001000,0.001000,0.001000,0.001000,0.001000
1027.711538,0.038799,0.001000,0.001000,0.001000,0.001000,0.001000
1027.730769,0.037910,0.001000,0.001000,0.001000,0.001000,0.001000
1027.750000,0.036992,0.001000,0.001000,0.001000,0.001000,0.001000
1027.769231,0.036045,0.001000,0.001000,0.001000,0.001000,0.001000
1027.788462,0.035070,0.001000,0.001000,0.001000,0.001000,0.001000
1027.807692,0.034069,0.001000,0.001000,0.001000,0.001000,0.001000
1027.826923,0.033041,0.001000,0.001000,0.001000,0.001000,0.001000
1027.846154,0.031988,0.001000,0.001000,0.001000,0.001000,0.001000
1027.865385,0.030911,0.001000,0.001000,0.001000,0.001000,0.001000
1027.884615,0.029809,0.001000,0.001000,0.001000,0.001000,0.001000
1027.903846,0.028685,0.001000,0.001000,0.001000,0.001000,0.001000
1027.923077,0.027539,0.001000,0.001000,0.001000,0.001000,0.001000
1027.942308,0.026371,0.001000,0.001000,0.001000,0.001000,0.001000
1027.961538,0.025183,0.001000,0.001000,0.001000,0.001000,0.001000
1027.980769,0.023976,0.001000,0.001000,0.001000,0.001000,0.001000
1028.000000,0.022751,0.001000,0.001000,0.001000,0.001000,0.001000
1028.019231,0.021508,0.001000,0.001000,0.001000,0.001000,0.001000
1028.038462,0.020248,0.001000,0.001000,0.001000,0.001000,0.001000
1028.057692,0.018973,0.001000,0.001000,0.001000,0.001000,0.001000
1028.076923,0.017683,0.001000,0.001000,0.001000,0.001000,0.001000
1028.096154,0.016380,0.001000,0.001000,0.001000,0.001000,0.001000
1028.115385,0.015064,0.001000,0.001000,0.001000,0.001000,0.001000
1028.134615,0.013737,0.001000,0.001000,0.001000,0.001000,0.001000
1028.153846,0.012399,0.001000,0.001000,0.001000,0.001000,0.001000
1028.173077,0.011051,0.001000,0.001000,0.001000,0.001000,0.001000
1028.192308,0.009695,0.001000,0.001000,0.001000,0.001000,0.001000
1028.211538,0.008331,0.001000,0.001000,0.001000,0.001000,0.001000
1028.230769,0.006961,0.001000,0.001000,0.001000,0.001000,0.001000
1028.250000,0.005586,0.001000,0.001000,0.001000,0.001000,0.001000
1028.269231,0.004207,0.001000,0.001000,0.001000,0.001000,0.001000
1028.288462,0.002824,0.001000,0.001000,0.001000,0.001000,0.001000
1028.307692,0.001439,0.001000,0.001000,0.001000,0.001000,0.001000
1028.326923,0.000053,0.001000,0.001000,0.001000,0.001000,0.001000
1028.346154,-0.001333,0.001000,0.001000,0.001000,0.001000,0.001000
1028.365385,-0.002718,0.001000,0.001000,0.001000,0.001000,0.001000
1028.384615,-0.004101,0.001000,0.001000,0.001000,0.001000,0.001000
1028.403846,-0.005481,0.001000,0.001000,0.001000,0.001000,0.001000
1028.423077,-0.006857,0.001000,0.001000,0.001000,0.001000,0.001000
1028.442308,-0.008227,0.001000,0.001000,0.001000,0.001000,0.001000
1028.461538,-0.009591,0.001000,0.001000,0.001000,0.001000,0.001000
1028.480769,-0.010948,0.001000,0.001000,0.001000,0.001000,0.001000
1028.500000,-0.012296,0.001000,0.001000,0.001000,0.001000,0.001000
1028.519231,-0.013635,0.001000,0.001000,0.001000,0.001000,0.001000
1028.538462,-0.014963,0.001000,0.001000,0.001000,0.001000,0.001000
1028.557692,-0.016280,0.001000,0.001000,0.001000,0.001000,0.001000
1028.576923,-0.017585,0.001000,0.001000,0.001000,0.001000,0.001000
1028.596154,-0.018875,0.001000,0.001000,0.001000,0.001000,0.001000
1028.615385,-0.020152,0.001000,0.001000,0.001000,0.001000,0.001000
1028.634615,-0.021412,0.001000,0.001000,0.001000,0.001000,0.001000
1028.653846,-0.022657,0.001000,0.001000,0.001000,0.001000,0.001000
1028.673077,-0.023884,0.001000,0.001000,0.001000,0.001000,0.001000
1028.692308,-0.025092,0.001000,0.001000,0.001000,0.001000,0.001000
1028.711538,-0.026281,0.001000,0.001000,0.001000,0.001000,0.001000
1028.730769,-0.027451,0.001000,0.001000,0.001000,0.001000,0.001000
1028.750000,-0.028599,0.001000,0.001000,0.001000,0.001000,0.001000
1028.769231,-0.029724,0.001000,0.001000,0.001000,0.001000,0.001000
1028.788462,-0.030828,0.001000,0.001000,0.001000,0.001000,0.001000
1028.807692,-0.031907,0.001000,0.001000,0.001000,0.001000,0.001000
1028.826923,-0.032962,0.001000,0.001000,0.001000,0.001000,0.001000
1028.846154,-0.033992,0.001000,0.001000,0.001000,0.001000,0.001000
1028.865385,-0.034995,0.001000,0.001000,0.001000,0.001000,0.001000
1028.884615,-0.035972,0.001000,0.001000,0.001000,0.001000,0.001000
1028.903846,-0.036921,0.001000,0.001000,0.001000,0.001000,0.001000
1028.923077,-0.037841,0.001000,0.001000,0.001000,0.001000,0.001000
1028.942308,-0.038732,0.001000,0.001000,0.001000,0.001000,0.001000
1028.961538,-0.039594,0.001000,0.001000,0.001000,0.001000,0.001000
1028.980769,-0.040425,0.001000,0.001000,0.001000,0.001000,0.001000
1029.000000,-0.041226,0.001000,0.001000,0.001000,0.001000,0.001000
1029.019231,-0.041994,0.001000,0.001000,0.001000,0.001000,0.001000
1029.038462,-0.042730,0.001000,0.001000,0.001000,0.001000,0.001000
1029.057692,-0.043434,0.001000,0.001000,0.001000,0.001000,0.001000
1029.076923,-0.044104,0.001000,0.001000,0.001000,0.001000,0.001000
1029.096154,-0.044740,0.001000,0.001000,0.001000,0.001000,0.001000
1029.115385,-0.045341,0.001000,0.001000,0.001000,0.001000,0.001000
1029.134615,-0.045908,0.001000,0.001000,0.001000,0.001000,0.001000
1029.153846,-0.046440,0.001000,0.001000,0.001000,0.001000,0.001000
1029.173077,-0.046935,0.001000,0.001000,0.001000,0.001000,0.001000
1029.192308,-0.047395,0.001000,0.001000,0.001000,0.001000,0.001000
1029.211538,-0.047819,0.001000,0.001000,0.001000,0.001000,0.001000
1029.230769,-0.048205,0.001000,0.001000,0.001000,0.001000,0.001000
1029.250000,-0.048555,0.001000,0.001000,0.001000,0.001000,0.001000
1029.269231,-0.048867,0.001000,0.001000,0.001000,0.001000,0.001000
1029.288462,-0.049141,0.001000,0.001000,0.001000,0.001000,0.001000
1029.307692,-0.049378,0.001000,0.001000,0.001000,0.001000,0.001000
1029.326923,-0.049577,0.001000,0.001000,0.001000,0.001000,0.001000
1029.346154,-0.049738,0.001000,0.001000,0.001000,0.001000,0.001000
1029.365385,-0.049861,0.001000,0.001000,0.001000,0.001000,0.001000
1029.384615,-0.049945,0.001000,0.001000,0.001000,0.001000,0.001000
1029.403846,-0.049991,0.001000,0.001000,0.001000,0.001000,0.001000
1029.423077,-0.049998,0.001000,0.001000,0.001000,0.001000,0.001000
1029.442308,-0.049967,0.001000,0.001000,0.001000,0.001000,0.001000
1029.461538,-0.049898,0.001000,0.001000,0.001000,0.001000,0.001000
1029.480769,-0.049790,0.001000,0.001000,0.001000,0.001000,0.001000
1029.500000,-0.049644,0.001000,0.001000,0.001000,0.001000,0.001000
1029.519231,-0.049460,0.001000,0.001000,0.001000,0.001000,0.001000
1029.538462,-0.049238,0.001000,0.001000,0.001000,0.001000,0.001000
1029.557692,-0.048978,0.001000,0.001000,0.001000,0.001000,0.001000
1029.576923,-0.048680,0.001000,0.001000,0.001000,0.001000,0.001000
1029.596154,-0.048345,0.001000,0.001000,0.001000,0.001000,0.001000
1029.615385,-0.047972,0.001000,0.001000,0.001000,0.001000,0.001000
1029.634615,-0.047563,0.001000,0.001000,0.001000,0.001000,0.001000
1029.653846,-0.047118,0.001000,0.001000,0.001000,0.001000,0.001000
1029.673077,-0.046636,0.001000,0.001000,0.001000,0.001000,0.001000
1029.692308,-0.046118,0.001000,0.001000,0.001000,0.001000,0.001000
1029.711538,-0.045565,0.001000,0.001000,0.001000,0.001000,0.001000
1029.730769,-0.044976,0.001000,0.001000,0.001000,0.001000,0.001000
1029.750000,-0.044354,0.001000,0.001000,0.001000,0.001000,0.001000
1029.769231,-0.043697,0.001000,0.001000,0.001000,0.001000,0.001000
1029.788462,-0.043006,0.001000,0.001000,0.001000,0.001000,0.001000
1029.807692,-0.042283,0.001000,0.001000,0.001000,0.001000,0.001000
1029.826923,-0.041527,0.001000,0.001000,0.001000,0.001000,0.001000
1029.846154,-0.040739,0.001000,0.001000,0.001000,0.001000,0.001000
1029.865385,-0.039919,0.001000,0.001000,0.001000,0.001000,0.001000
1029.884615,-0.039069,0.001000,0.001000,0.001000,0.001000,0.001000
1029.903846,-0.038189,0.001000,0.001000,0.001000,0.001000,0.001000
1029.923077,-0.037280,0.001000,0.001000,0.001000,0.001000,0.001000
1029.942308,-0.036342,0.001000,0.001000,0.001000,0.001000,0.001000
1029.961538,-0.035376,0.001000,0.001000,0.001000,0.001000,0.001000
1029.980769,-0.034383,0.001000,0.001000,0.001000,0.001000,0.001000
1030.000000,0.000000,0.001000,0.001000,0.001000,0.001000,0.001000
1030.019231,0.001438,0.001000,0.001000,0.001000,0.001000,0.001000
1030.038462,0.002874,0.001000,0.001000,0.001000,0.001000,0.001000
1030.057692,0.004308,0.001000,0.001000,0.001000,0.001000,0.001000
1030.076923,0.005738,0.001000,0.001000,0.001000,0.001000,0.001000
1030.096154,0.007164,0.001000,0.001000,0.001000,0.001000,0.001000
1030.115385,0.008583,0.001000,0.001000,0.001000,0.001000,0.001000
1030.134615,0.009996,0.001000,0.001000,0.001000,0.001000,0.001000
1030.153846,0.011400,0.001000,0.001000,0.001000,0.001000,0.001000
1030.173077,0.012795,0.001000,0.001000,0.001000,0.001000,0.001000
1030.192308,0.014180,0.001000,0.001000,0.001000,0.001000,0.001000
1030.211538,0.015552,0.001000,0.001000,0.001000,0.001000,0.001000
1030.230769,0.016912,0.001000,0.001000,0.001000,0.001000,0.001000
1030.250000,0.018258,0.001000,0.001000,0.001000,0.001000,0.001000
1030.269231,0.019589,0.001000,0.001000,0.001000,0.001000,0.001000
1030.288462,0.020903,0.001000,0.001000,0.001000,0.001000,0.001000
1030.307692,0.022200,0.001000,0.001000,0.001000,0.001000,0.001000
1030.326923,0.023479,0.001000,0.001000,0.001000,0.001000,0.001000
1030.346154,0.024739,0.001000,0.001000,0.001000,0.001000,0.001000
1030.365385,0.025978,0.001000,0.001000,0.001000,0.001000,0.001000
1030.384615,0.027195,0.001000,0.001000,0.001000,0.001000,0.001000
1030.403846,0.028390,0.001000,0.001000,0.001000,0.001000,0.001000
1030.423077,0.029562,0.001000,0.001000,0.001000,0.001000,0.001000
1030.442308,0.030709,0.001000,0.001000,0.001000,0.001000,0.001000
1030.461538,0.031831,0.001000,0.001000,0.001000,0.001000,0.001000
1030.480769,0.032926,0.001000,0.001000,0.001000,0.001000,0.001000
1030.500000,0.033994,0.001000,0.001000,0.001000,0.001000,0.001000
1030.519231,0.035034,0.001000,0.001000,0.001000,0.001000,0.001000
1030.538462,0.036045,0.001000,0.001000,0.001000,0.001000,0.001000
1030.557692,0.037027,0.001000,0.001000,0.001000,0.001000,0.001000
1030.576923,0.037977,0.001000,0.001000,0.001000,0.001000,0.001000
1030.596154,0.038897,0.001000,0.001000,0.001000,0.001000,0.001000
1030.615385,0.039784,0.001000,0.001000,0.001000,0.001000,0.001000
1030.634615,0.040638,0.001000,0.001000,0.001000,0.001000,0.001000
1030.653846,0.041459,0.001000,0.001000,0.001000,0.001000,0.001000
1030.673077,0.042245,0.001000,0.001000,0.001000,0.001000,0.001000
1030.692308,0.042997,0.001000,0.001000,0.001000,0.001000,0.001000
1030.711538,0.043713,0.001000,0.001000,0.001000,0.001000,0.001000
1030.730769,0.044393,0.001000,0.001000,0.001000,0.001000,0.001000
1030.750000,0.045036,0.001000,0.001000,0.001000,0.001000,0.001000
1030.769231,0.045641,0.001000,0.001000,0.001000,0.001000,0.001000
1030.788462,0.046210,0.001000,0.001000,0.001000,0.001000,0.001000
1030.807692,0.046740,0.001000,0.001000,0.001000,0.001000,0.001000
1030.826923,0.047231,0.001000,0.001000,0.001000,0.001000,0.001000
1030.846154,0.047683,0.001000,0.001000,0.001000,0.001000,0.001000
1030.865385,0.048096,0.001000,0.001000,0.001000,0.001000,0.001000
1030.884615,0.048469,0.001000,0.001000,0.001000,0.001000,0.001000
1030.903846,0.048802,0.001000,0.001000,0.001000,0.001000,0.001000
1030.923077,0.049095,0.001000,0.001000,0.001000,0.001000,0.001000
1030.942308,0.049347,0.001000,0.001000,0.001000,0.001000,0.001000
1030.961538,0.049558,0.001000,0.001000,0.001000,0.001000,0.001000
1030.980769,0.049728,0.001000,0.001000,0.001000,0.001000,0.001000
1031.000000,0.049857,0.001000,0.001000,0.001000,0.001000,0.001000
1031.019231,0.049945,0.001000,0.001000,0.001000,0.001000,0.001000
1031.038462,0.049992,0.001000,0.001000,0.001000,0.001000,0.001000
1031.057692,0.049997,0.001000,0.001000,0.001000,0.001000,0.001000
1031.076923,0.049961,0.001000,0.001000,0.001000,0.001000,0.001000
1031.096154,0.049884,0.001000,0.001000,0.001000,0.001000,0.001000
1031.115385,0.049765,0.001000,0.001000,0.001000,0.001000,0.001000
1031.134615,0.049606,0.001000,0.001000,0.001000,0.001000,0.001000
1031.153846,0.049405,0.001000,0.001000,0.001000,0.001000,0.001000
1031.173077,0.049163,0.001000,0.001000,0.001000,0.001000,0.001000
1031.192308,0.048881,0.001000,0.001000,0.001000,0.001000,0.001000
1031.211538,0.048558,0.001000,0.001000,0.001000,0.001000,0.001000
1031.230769,0.048196,0.001000,0.001000,0.001000,0.001000,0.001000
1031.250000,0.047793,0.001000,0.001000,0.001000,0.001000,0.001000
1031.269231,0.047351,0.001000,0.001000,0.001000,0.001000,0.001000
1031.288462,0.046870,0.001000,0.001000,0.001000,0.001000,0.001000
1031.307692,0.046350,0.001000,0.001000,0.001000,0.001000,0.001000
1031.326923,0.045791,0.001000,0.001000,0.001000,0.001000,0.001000
1031.346154,0.045195,0.001000,0.001000,0.001000,0.001000,0.001000
1031.365385,0.044562,0.001000,0.001000,0.001000,0.001000,0.001000
1031.384615,0.043891,0.001000,0.001000,0.001000,0.001000,0.001000
1031.403846,0.043185,0.001000,0.001000,0.001000,0.001000,0.001000
1031.423077,0.042442,0.001000,0.001000,0.001000,0.001000,0.001000
1031.442308,0.041665,0.001000,0.001000,0.001000,0.001000,0.001000
1031.461538,0.040853,0.001000,0.001000,0.001000,0.001000,0.001000
1031.480769,0.040007,0.001000,0.001000,0.001000,0.001000,0.001000
1031.500000,0.039128,0.001000,0.001000,0.001000,0.001000,0.001000
1031.519231,0.038217,0.001000,0.001000,0.001000,0.001000,0.001000
1031.538462,0.037275,0.001000,0.001000,0.001000,0.001000,0.001000
1031.557692,0.036301,0.001000,0.001000,0.001000,0.001000,0.001000
1031.576923,0.035297,0.001000,0.001000,0.001000,0.001000,0.001000
1031.596154,0.034265,0.001000,0.001000,0.001000,0.001000,0.001000
1031.615385,0.033204,0.001000,0.001000,0.001000,0.001000,0.001000
1031.634615,0.032115,0.001000,0.001000,0.001000,0.001000,0.001000
1031.653846,0.031000,0.001000,0.001000,0.001000,0.001000,0.001000
1031.673077,0.029859,0.001000,0.001000,0.001000,0.001000,0.001000
1031.692308,0.028694,0.001000,0.001000,0.001000,0.001000,0.001000
1031.711538,0.027505,0.001000,0.001000,0.001000,0.001000,0.001000
1031.730769,0.026293,0.001000,0.001000,0.001000,0.001000,0.001000
1031.750000,0.025060,0.001000,0.001000,0.001000,0.001000,0.001000
1031.769231,0.023805,0.001000,0.001000,0.001000,0.001000,0.001000
1031.788462,0.022531,0.001000,0.001000,0.001000,0.001000,0.001000
1031.807692,0.021239,0.001000,0.001000,0.001000,0.001000,0.001000
1031.826923,0.019929,0.001000,0.001000,0.001000,0.001000,0.001000
1031.846154,0.018602,0.001000,0.001000,0.001000,0.001000,0.001000
1031.865385,0.017260,0.001000,0.001000,0.001000,0.001000,0.001000
1031.884615,0.015904,0.001000,0.001000,0.001000,0.001000,0.001000
1031.903846,0.014534,0.001000,0.001000,0.001000,0.001000,0.001000
1031.923077,0.013153,0.001000,0.001000,0.001000,0.001000,0.001000
1031.942308,0.011761,0.001000,0.001000,0.001000,0.001000,0.001000
1031.961538,0.010359,0.001000,0.001000,0.001000,0.001000,0.001000
1031.980769,0.008948,0.001000,0.001000,0.001000,0.001000,0.001000
1032.000000,0.007530,0.001000,0.001000,0.001000,0.001000,0.001000
1032.019231,0.006106,0.001000,0.001000,0.001000,0.001000,0.001000
1032.038462,0.004676,0.001000,0.001000,0.001000,0.001000,0.001000
1032.057692,0.003243,0.001000,0.001000,0.001000,0.001000,0.001000
1032.076923,0.001808,0.001000,0.001000,0.001000,0.001000,0.001000
1032.096154,0.000370,0.001000,0.001000,0.001000,0.001000,0.001000
1032.115385,-0.001067,0.001000,0.001000,0.001000,0.001000,0.001000
1032.134615,-0.002504,0.001000,0.001000,0.001000,0.001000,0.001000
1032.153846,-0.003939,0.001000,0.001000,0.001000,0.001000,0.001000
1032.173077,-0.005370,0.001000,0.001000,0.001000,0.001000,0.001000
1032.192308,-0.006797,0.001000,0.001000,0.001000,0.001000,0.001000
1032.211538,-0.008219,0.001000,0.001000,0.001000,0.001000,0.001000
1032.230769,-0.009633,0.001000,0.001000,0.001000,0.001000,0.001000
1032.250000,-0.011040,0.001000,0.001000,0.001000,0.001000,0.001000
1032.269231,-0.012437,0.001000,0.001000,0.001000,0.001000,0.001000
1032.288462,-0.013824,0.001000,0.001000,0.001000,0.001000,0.001000
1032.307692,-0.015200,0.001000,0.001000,0.001000,0.001000,0.001000
1032.326923,-0.016563,0.001000,0.001000,0.001000,0.001000,0.001000
1032.346154,-0.017913,0.001000,0.001000,0.001000,0.001000,0.001000
1032.365385,-0.019247,0.001000,0.001000,0.001000,0.001000,0.001000
1032.384615,-0.020566,0.001000,0.001000,0.001000,0.001000,0.001000
1032.403846,-0.021868,0.001000,0.001000,0.001000,0.001000,0.001000
1032.423077,-0.023152,0.001000,0.001000,0.001000,0.001000,0.001000
1032.442308,-0.024416,0.001000,0.001000,0.001000,0.001000,0.001000
1032.461538,-0.025661,0.001000,0.001000,0.001000,0.001000,0.001000
1032.480769,-0.026884,0.001000,0.001000,0.001000,0.001000,0.001000
1032.500000,-0.028085,0.001000,0.001000,0.001000,0.001000,0.001000
1032.519231,-0.029262,0.001000,0.001000,0.001000,0.001000,0.001000
1032.538462,-0.030416,0.001000,0.001000,0.001000,0.001000,0.001000
1032.557692,-0.031544,0.001000,0.001000,0.001000,0.001000,0.001000
1032.576923,-0.032646,0.001000,0.001000,0.001000,0.001000,0.001000
1032.596154,-0.033722,0.001000,0.001000,0.001000,0.001000,0.001000
1032.615385,-0.034769,0.001000,0.001000,0.001000,0.001000,0.001000
1032.634615,-0.035788,0.001000,0.001000,0.001000,0.001000,0.001000
1032.653846,-0.036777,0.001000,0.001000,0.001000,0.001000,0.001000
1032.673077,-0.037736,0.001000,0.001000,0.001000,0.001000,0.001000
1032.692308,-0.038663,0.001000,0.001000,0.001000,0.001000,0.001000
1032.711538,-0.039559,0.001000,0.001000,0.001000,0.001000,0.001000
1032.730769,-0.040421,0.001000,0.001000,0.001000,0.001000,0.001000
1032.750000,-0.041251,0.001000,0.001000,0.001000,0.001000,0.001000
1032.769231,-0.042046,0.001000,0.001000,0.001000,0.001000,0.001000
1032.788462,-0.042807,0.001000,0.001000,0.001000,0.001000,0.001000
1032.807692,-0.043532,0.001000,0.001000,0.001000,0.001000,0.001000
1032.826923,-0.044221,0.001000,0.001000,0.001000,0.001000,0.001000
1032.846154,-0.044874,0.001000,0.001000,0.001000,0.001000,0.001000
1032.865385,-0.045489,0.001000,0.001000,0.001000,0.001000,0.001000
1032.884615,-0.046067,0.001000,0.001000,0.001000,0.001000,0.001000
1032.903846,-0.046607,0.001000,0.001000,0.001000,0.001000,0.001000
1032.923077,-0.047108,0.001000,0.001000,0.001000,0.001000,0.001000
1032.942308,-0.047570,0.001000,0.001000,0.001000,0.001000,0.001000
1032.961538,-0.047993,0.001000,0.001000,0.001000,0.001000,0.001000
1032.980769,-0.048377,0.001000,0.001000,0.001000,0.001000,0.001000
1033.000000,-0.048720,0.001000,0.001000,0.001000,0.001000,0.001000
1033.019231,-0.049023,0.001000,0.001000,0.001000,0.001000,0.001000
1033.038462,-0.049286,0.001000,0.001000,0.001000,0.001000,0.001000
1033.057692,-0.049507,0.001000,0.001000,0.001000,0.001000,0.001000
1033.076923,-0.049688,0.001000,0.001000,0.001000,0.001000,0.001000
1033.096154,-0.049828,0.001000,0.001000,0.001000,0.001000,0.001000
1033.115385,-0.049926,0.001000,0.001000,0.001000,0.001000,0.001000
1033.134615,-0.049984,0.001000,0.001000,0.001000,0.001000,0.001000
1033.153846,-0.050000,0.001000,0.001000,0.001000,0.001000,0.001000
1033.173077,-0.049974,0.001000,0.001000,0.001000,0.001000,0.001000
1033.192308,-0.049908,0.001000,0.001000,0.001000,0.001000,0.001000
1033.211538,-0.049800,0.001000,0.001000,0.001000,0.001000,0.001000
1033.230769,-0.049651,0.001000,0.001000,0.001000,0.001000,0.001000
1033.250000,-0.049460,0.001000,0.001000,0.001000,0.001000,0.001000
1033.269231,-0.049229,0.001000,0.001000,0.001000,0.001000,0.001000
1033.288462,-0.048958,0.001000,0.001000,0.001000,0.001000,0.001000
1033.307692,-0.048645,0.001000,0.001000,0.001000,0.001000,0.001000
1033.326923,-0.048293,0.001000,0.001000,0.001000,0.001000,0.001000
1033.346154,-0.047901,0.001000,0.001000,0.001000,0.001000,0.001000
1033.365385,-0.047469,0.001000,0.001000,0.001000,0.001000,0.001000
1033.384615,-0.046997,0.001000,0.001000,0.001000,0.001000,0.001000
1033.403846,-0.046487,0.001000,0.001000,0.001000,0.001000,0.001000
1033.423077,-0.045939,0.001000,0.001000,0.001000,0.001000,0.001000
1033.442308,-0.045352,0.001000,0.001000,0.001000,0.001000,0.001000
1033.461538,-0.044728,0.001000,0.001000,0.001000,0.001000,0.001000
1033.480769,-0.044067,0.001000,0.001000,0.001000,0.001000,0.001000
1033.500000,-0.043370,0.001000,0.001000,0.001000,0.001000,0.001000
1033.519231,-0.042637,0.001000,0.001000,0.001000,0.001000,0.001000
1033.538462,-0.041868,0.001000,0.001000,0.001000,0.001000,0.001000
1033.557692,-0.041065,0.001000,0.001000,0.001000,0.001000,0.001000
1033.576923,-0.040228,0.001000,0.001000,0.001000,0.001000,0.001000
1033.596154,-0.039358,0.001000,0.001000,0.001000,0.001000,0.001000
1033.615385,-0.038455,0.001000,0.001000,0.001000,0.001000,0.001000
1033.634615,-0.037520,0.001000,0.001000,0.001000,0.001000,0.001000
1033.653846,-0.036555,0.001000,0.001000,0.001000,0.001000,0.001000
1033.673077,-0.035559,0.001000,0.001000,0.001000,0.001000,0.001000
1033.692308,-0.034533,0.001000,0.001000,0.001000,0.001000,0.001000
1033.711538,-0.033480,0.001000,0.001000,0.001000,0.001000,0.001000
1033.730769,-0.032398,0.001000,0.001000,0.001000,0.001000,0.001000
1033.750000,-0.031290,0.001000,0.001000,0.001000,0.001000,0.001000
1033.769231,-0.030156,0.001000,0.001000,0.001000,0.001000,0.001000
1033.788462,-0.028997,0.001000,0.001000,0.001000,0.001000,0.001000
1033.807692,-0.027813,0.001000,0.001000,0.001000,0.001000,0.001000
1033.826923,-0.026607,0.001000,0.001000,0.001000,0.001000,0.001000
1033.846154,-0.025379,0.001000,0.001000,0.001000,0.001000,0.001000
1033.865385,-0.024130,0.001000,0.001000,0.001000,0.001000,0.001000
1033.884615,-0.022861,0.001000,0.001000,0.001000,0.001000,0.001000
1033.903846,-0.021573,0.001000,0.001000,0.001000,0.001000,0.001000
1033.923077,-0.020268,0.001000,0.001000,0.001000,0.001000,0.001000
1033.942308,-0.018945,0.001000,0.001000,0.001000,0.001000,0.001000
1033.961538,-0.017607,0.001000,0.001000,0.001000,0.001000,0.001000
1033.980769,-0.016254,0.001000,0.001000,0.001000,0.001000,0.001000
1034.000000,-0.014888,0.001000,0.001000,0.001000,0.001000,0.001000
1034.019231,-0.013510,0.001000,0.001000,0.001000,0.001000,0.001000
1034.038462,-0.012120,0.001000,0.001000,0.001000,0.001000,0.001000
1034.057692,-0.010720,0.001000,0.001000,0.001000,0.001000,0.001000
1034.076923,-0.009312,0.001000,0.001000,0.001000,0.001000,0.001000
1034.096154,-0.007896,0.001000,0.001000,0.001000,0.001000,0.001000
1034.115385,-0.006473,0.001000,0.001000,0.001000,0.001000,0.001000
1034.134615,-0.005045,0.001000,0.001000,0.001000,0.001000,0.001000
1034.153846,-0.003613,0.001000,0.001000,0.001000,0.001000,0.001000
1034.173077,-0.002177,0.001000,0.001000,0.001000,0.001000,0.001000
1034.192308,-0.000740,0.001000,0.001000,0.001000,0.001000,0.001000
1034.211538,0.000697,0.001000,0.001000,0.001000,0.001000,0.001000
1034.230769,0.002134,0.001000,0.001000,0.001000,0.001000,0.001000
1034.250000,0.003570,0.001000,0.001000,0.001000,0.001000,0.001000
1034.269231,0.005002,0.001000,0.001000,0.001000,0.001000,0.001000
1034.288462,0.006430,0.001000,0.001000,0.001000,0.001000,0.001000
1034.307692,0.007853,0.001000,0.001000,0.001000,0.001000,0.001000
1034.326923,0.009270,0.001000,0.001000,0.001000,0.001000,0.001000
1034.346154,0.010678,0.001000,0.001000,0.001000,0.001000,0.001000
1034.365385,0.012078,0.001000,0.001000,0.001000,0.001000,0.001000
1034.384615,0.013468,0.001000,0.001000,0.001000,0.001000,0.001000
1034.403846,0.014847,0.001000,0.001000,0.001000,0.001000,0.001000
1034.423077,0.016213,0.001000,0.001000,0.001000,0.001000,0.001000
1034.442308,0.017567,0.001000,0.001000,0.001000,0.001000,0.001000
1034.461538,0.018905,0.001000,0.001000,0.001000,0.001000,0.001000
1034.480769,0.020228,0.001000,0.001000,0.001000,0.001000,0.001000
1034.500000,0.021534,0.001000,0.001000,0.001000,0.001000,0.001000
1034.519231,0.022823,0.001000,0.001000,0.001000,0.001000,0.001000
1034.538462,0.024092,0.001000,0.001000,0.001000,0.001000,0.001000
1034.557692,0.025342,0.001000,0.001000,0.001000,0.001000,0.001000
1034.576923,0.026571,0.001000,0.001000,0.001000,0.001000,0.001000
1034.596154,0.027778,0.001000,0.001000,0.001000,0.001000,0.001000
1034.615385,0.028961,0.001000,0.001000,0.001000,0.001000,0.001000
1034.634615,0.030121,0.001000,0.001000,0.001000,0.001000,0.001000
1034.653846,0.031256,0.001000,0.001000,0.001000,0.001000,0.001000
1034.673077,0.032365,0.001000,0.001000,0.001000,0.001000,0.001000
1034.692308,0.033448,0.001000,0.001000,0.001000,0.001000,0.001000
1034.711538,0.034502,0.001000,0.001000,0.001000,0.001000,0.001000
1034.730769,0.035528,0.001000,0.001000,0.001000,0.001000,0.001000
1034.750000,0.036525,0.001000,0.001000,0.001000,0.001000,0.001000
1034.769231,0.037492,0.001000,0.001000,0.001000,0.001000,0.001000
1034.788462,0.038427,0.001000,0.001000,0.001000,0.001000,0.001000
1034.807692,0.039331,0.001000,0.001000,0.001000,0.001000,0.001000
1034.826923,0.040202,0.001000,0.001000,0.001000,0.001000,0.001000
1034.846154,0.041041,0.001000,0.001000,0.001000,0.001000,0.001000
1034.865385,0.041845,0.001000,0.001000,0.001000,0.001000,0.001000
1034.884615,0.042614,0.001000,0.001000,0.001000,0.001000,0.001000
1034.903846,0.043349,0.001000,0.001000,0.001000,0.001000,0.001000
1034.923077,0.044047,0.001000,0.001000,0.001000,0.001000,0.001000
1034.942308,0.044709,0.001000,0.001000,0.001000,0.001000,0.001000
1034.961538,0.045334,0.001000,0.001000,0.001000,0.001000,0.001000
1034.980769,0.045922,0.001000,0.001000,0.001000,0.001000,0.001000
1035.000000,0.046471,0.001000,0.001000,0.001000,0.001000,0.001000
1035.019231,0.046983,0.001000,0.001000,0.001000,0.001000,0.001000
1035.038462,0.047455,0.001000,0.001000,0.001000,0.001000,0.001000
1035.057692,0.047888,0.001000,0.001000,0.001000,0.001000,0.001000
1035.076923,0.048282,0.001000,0.001000,0.001000,0.001000,0.001000
1035.096154,0.048635,0.001000,0.001000,0.001000,0.001000,0.001000
1035.115385,0.048949,0.001000,0.001000,0.001000,0.001000,0.001000
1035.134615,0.049222,0.001000,0.001000,0.001000,0.001000,0.001000
1035.153846,0.049454,0.001000,0.001000,0.001000,0.001000,0.001000
1035.173077,0.049646,0.001000,0.001000,0.001000,0.001000,0.001000
1035.192308,0.049796,0.001000,0.001000,0.001000,0.001000,0.001000
1035.211538,0.049905,0.001000,0.001000,0.001000,0.001000,0.001000
1035.230769,0.049973,0.001000,0.001000,0.001000,0.001000,0.001000
1035.250000,0.050000,0.001000,0.001000,0.001000,0.001000,0.001000
1035.269231,0.049985,0.001000,0.001000,0.001000,0.001000,0.001000
1035.288462,0.049929,0.001000,0.001000,0.001000,0.001000,0.001000
1035.307692,0.049831,0.001000,0.001000,0.001000,0.001000,0.001000
1035.326923,0.049693,0.001000,0.001000,0.001000,0.001000,0.001000
1035.346154,0.049513,0.001000,0.001000,0.001000,0.001000,0.001000
1035.365385,0.049293,0.001000,0.001000,0.001000,0.001000,0.001000
1035.384615,0.049031,0.001000,0.001000,0.001000,0.001000,0.001000
1035.403846,0.048730,0.001000,0.001000,0.001000,0.001000,0.001000
1035.423077,0.048388,0.001000,0.001000,0.001000,0.001000,0.001000
1035.442308,0.048005,0.001000,0.001000,0.001000,0.001000,0.001000
1035.461538,0.047584,0.001000,0.001000,0.001000,0.001000,0.001000
1035.480769,0.047122,0.001000,0.001000,0.001000,0.001000,0.001000
1035.500000,0.046622,0.001000,0.001000,0.001000,0.001000,0.001000
1035.519231,0.046084,0.001000,0.001000,0.001000,0.001000,0.001000
1035.538462,0.045507,0.001000,0.001000,0.001000,0.001000,0.001000
1035.557692,0.044893,0.001000,0.001000,0.001000,0.001000,0.001000
1035.576923,0.044241,0.001000,0.001000,0.001000,0.001000,0.001000
1035.596154,0.043553,0.001000,0.001000,0.001000,0.001000,0.001000
1035.615385,0.042829,0.001000,0.001000,0.001000,0.001000,0.001000
1035.634615,0.042069,0.001000,0.001000,0.001000,0.001000,0.001000
1035.653846,0.041275,0.001000,0.001000,0.001000,0.001000,0.001000
1035.673077,0.040447,0.001000,0.001000,0.001000,0.001000,0.001000
1035.692308,0.039585,0.001000,0.001000,0.001000,0.001000,0.001000
1035.711538,0.038690,0.001000,0.001000,0.001000,0.001000,0.001000
1035.730769,0.037764,0.001000,0.001000,0.001000,0.001000,0.001000
1035.750000,0.036806,0.001000,0.001000,0.001000,0.001000,0.001000
1035.769231,0.035818,0.001000,0.001000,0.001000,0.001000,0.001000
1035.788462,0.034800,0.001000,0.001000,0.001000,0.001000,0.001000
1035.807692,0.033754,0.001000,0.001000,0.001000,0.001000,0.001000
1035.826923,0.032679,0.001000,0.001000,0.001000,0.001000,0.001000
1035.846154,0.031578,0.001000,0.001000,0.001000,0.001000,0.001000
1035.865385,0.030450,0.001000,0.001000,0.001000,0.001000,0.001000
1035.884615,0.029297,0.001000,0.001000,0.001000,0.001000,0.001000
1035.903846,0.028120,0.001000,0.001000,0.001000,0.001000,0.001000
1035.923077,0.026920,0.001000,0.001000,0.001000,0.001000,0.001000
1035.942308,0.025698,0.001000,0.001000,0.001000,0.001000,0.001000
1035.961538,0.024454,0.001000,0.001000,0.001000,0.001000,0.001000
1035.980769,0.023190,0.001000,0.001000,0.001000,0.001000,0.001000
1036.000000,0.021907,0.001000,0.001000,0.001000,0.001000,0.001000
1036.019231,0.020606,0.001000,0.001000,0.001000,0.001000,0.001000
1036.038462,0.019287,0.001000,0.001000,0.001000,0.001000,0.001000
1036.057692,0.017953,0.001000,0.001000,0.001000,0.001000,0.001000
1036.076923,0.016604,0.001000,0.001000,0.001000,0.001000,0.001000
1036.096154,0.015241,0.001000,0.001000,0.001000,0.001000,0.001000
1036.115385,0.013866,0.001000,0.001000,0.001000,0.001000,0.001000
1036.134615,0.012479,0.001000,0.001000,0.001000,0.001000,0.001000
1036.153846,0.011082,0.001000,0.001000,0.001000,0.001000,0.001000
1036.173077,0.009675,0.001000,0.001000,0.001000,0.001000,0.001000
1036.192308,0.008261,0.001000,0.001000,0.001000,0.001000,0.001000
1036.211538,0.006840,0.001000,0.001000,0.001000,0.001000,0.001000
1036.230769,0.005413,0.001000,0.001000,0.001000,0.001000,0.001000
1036.250000,0.003982,0.001000,0.001000,0.001000,0.001000,0.001000
1036.269231,0.002547,0.001000,0.001000,0.001000,0.001000,0.001000
1036.288462,0.001111,0.001000,0.001000,0.001000,0.001000,0.001000
1036.307692,-0.000327,0.001000,0.001000,0.001000,0.001000,0.001000
1036.326923,-0.001764,0.001000,0.001000,0.001000,0.001000,0.001000
1036.346154,-0.003200,0.001000,0.001000,0.001000,0.001000,0.001000
1036.365385,-0.004633,0.001000,0.001000,0.001000,0.001000,0.001000
1036.384615,-0.006063,0.001000,0.001000,0.001000,0.001000,0.001000
1036.403846,-0.007487,0.001000,0.001000,0.001000,0.001000,0.001000
1036.423077,-0.008905,0.001000,0.001000,0.001000,0.001000,0.001000
1036.442308,-0.010316,0.001000,0.001000,0.001000,0.001000,0.001000
1036.461538,-0.011719,0.001000,0.001000,0.001000,0.001000,0.001000
1036.480769,-0.013111,0.001000,0.001000,0.001000,0.001000,0.001000
1036.500000,-0.014493,0.001000,0.001000,0.001000,0.001000,0.001000
1036.519231,-0.015863,0.001000,0.001000,0.001000,0.001000,0.001000
1036.538462,-0.017220,0.001000,0.001000,0.001000,0.001000,0.001000
1036.557692,-0.018562,0.001000,0.001000,0.001000,0.001000,0.001000
1036.576923,-0.019889,0.001000,0.001000,0.001000,0.001000,0.001000
1036.596154,-0.021200,0.001000,0.001000,0.001000,0.001000,0.001000
1036.615385,-0.022493,0.001000,0.001000,0.001000,0.001000,0.001000
1036.634615,-0.023767,0.001000,0.001000,0.001000,0.001000,0.001000
1036.653846,-0.025022,0.001000,0.001000,0.001000,0.001000,0.001000
1036.673077,-0.026256,0.001000,0.001000,0.001000,0.001000,0.001000
1036.692308,-0.027469,0.001000,0.001000,0.001000,0.001000,0.001000
1036.711538,-0.028659,0.001000,0.001000,0.001000,0.001000,0.001000
1036.730769,-0.029825,0.001000,0.001000,0.001000,0.001000,0.001000
1036.750000,-0.030966,0.001000,0.001000,0.001000,0.001000,0.001000
1036.769231,-0.032082,0.001000,0.001000,0.001000,0.001000,0.001000
1036.788462,-0.033171,0.001000,0.001000,0.001000,0.001000,0.001000
1036.807692,-0.034233,0.001000,0.001000,0.001000,0.001000,0.001000
1036.826923,-0.035267,0.001000,0.001000,0.001000,0.001000,0.001000
1036.846154,-0.036271,0.001000,0.001000,0.001000,0.001000,0.001000
1036.865385,-0.037246,0.001000,0.001000,0.001000,0.001000,0.001000
1036.884615,-0.038189,0.001000,0.001000,0.001000,0.001000,0.001000
1036.903846,-0.039101,0.001000,0.001000,0.001000,0.001000,0.001000
1036.923077,-0.039981,0.001000,0.001000,0.001000,0.001000,0.001000
1036.942308,-0.040828,0.001000,0.001000,0.001000,0.001000,0.001000
1036.961538,-0.041641,0.001000,0.001000,0.001000,0.001000,0.001000
1036.980769,-0.042419,0.001000,0.001000,0.001000,0.001000,0.001000
1037.000000,-0.043163,0.001000,0.001000,0.001000,0.001000,0.001000
1037.019231,-0.043871,0.001000,0.001000,0.001000,0.001000,0.001000
1037.038462,-0.044542,0.001000,0.001000,0.001000,0.001000,0.001000
1037.057692,-0.045177,0.001000,0.001000,0.001000,0.001000,0.001000
1037.076923,-0.045774,0.001000,0.001000,0.001000,0.001000,0.001000
1037.096154,-0.046334,0.001000,0.001000,0.001000,0.001000,0.001000
1037.115385,-0.046855,0.001000,0.001000,0.001000,0.001000,0.001000
1037.134615,-0.047337,0.001000,0.001000,0.001000,0.001000,0.001000
1037.153846,-0.047780,0.001000,0.001000,0.001000,0.001000,0.001000
1037.173077,-0.048184,0.001000,0.001000,0.001000,0.001000,0.001000
1037.192308,-0.048548,0.001000,0.001000,0.001000,0.001000,0.001000
1037.211538,-0.048872,0.001000,0.001000,0.001000,0.001000,0.001000
1037.230769,-0.049155,0.001000,0.001000,0.001000,0.001000,0.001000
1037.250000,-0.049398,0.001000,0.001000,0.001000,0.001000,0.001000
1037.269231,-0.049600,0.001000,0.001000,0.001000,0.001000,0.001000
1037.288462,-0.049761,0.001000,0.001000,0.001000,0.001000,0.001000
1037.307692,-0.049881,0.001000,0.001000,0.001000,0.001000,0.001000
1037.326923,-0.049959,0.001000,0.001000,0.001000,0.001000,0.001000
1037.346154,-0.049997,0.001000,0.001000,0.001000,0.001000,0.001000
1037.365385,-0.049993,0.001000,0.001000,0.001000,0.001000,0.001000
1037.384615,-0.049947,0.001000,0.001000,0.001000,0.001000,0.001000
1037.403846,-0.049860,0.001000,0.001000,0.001000,0.001000,0.001000
1037.423077,-0.049733,0.001000,0.001000,0.001000,0.001000,0.001000
1037.442308,-0.049564,0.001000,0.001000,0.001000,0.001000,0.001000
1037.461538,-0.049353,0.001000,0.001000,0.001000,0.001000,0.001000
1037.480769,-0.049103,0.001000,0.001000,0.001000,0.001000,0.001000
1037.500000,-0.048811,0.001000,0.001000,0.001000,0.001000,0.001000
1037.519231,-0.048479,0.001000,0.001000,0.001000,0.001000,0.001000
1037.538462,-0.048108,0.001000,0.001000,0.001000,0.001000,0.001000
1037.557692,-0.047696,0.001000,0.001000,0.001000,0.001000,0.001000
1037.576923,-0.047245,0.001000,0.001000,0.001000,0.001000,0.001000
1037.596154,-0.046755,0.001000,0.001000,0.001000,0.001000,0.001000
1037.615385,-0.046226,0.001000,0.001000,0.001000,0.001000,0.001000
1037.634615,-0.045659,0.001000,0.001000,0.001000,0.001000,0.001000
1037.653846,-0.045054,0.001000,0.001000,0.001000,0.001000,0.001000
1037.673077,-0.044412,0.001000,0.001000,0.001000,0.001000,0.001000
1037.692308,-0.043734,0.001000,0.001000,0.001000,0.001000,0.001000
1037.711538,-0.043019,0.001000,0.001000,0.001000,0.001000,0.001000
1037.730769,-0.042268,0.001000,0.001000,0.001000,0.001000,0.001000
1037.750000,-0.041483,0.001000,0.001000,0.001000,0.001000,0.001000
1037.769231,-0.040663,0.001000,0.001000,0.001000,0.001000,0.001000
1037.788462,-0.039810,0.001000,0.001000,0.001000,0.001000,0.001000
1037.807692,-0.038924,0.001000,0.001000,0.001000,0.001000,0.001000
1037.826923,-0.038006,0.001000,0.001000,0.001000,0.001000,0.001000
1037.846154,-0.037056,0.001000,0.001000,0.001000,0.001000,0.001000
1037.865385,-0.036075,0.001000,0.001000,0.001000,0.001000,0.001000
1037.884615,-0.035065,0.001000,0.001000,0.001000,0.001000,0.001000
1037.903846,-0.034026,0.001000,0.001000,0.001000,0.001000,0.001000
1037.923077,-0.032958,0.001000,0.001000,0.001000,0.001000,0.001000
1037.942308,-0.031864,0.001000,0.001000,0.001000,0.001000,0.001000
1037.961538,-0.030743,0.001000,0.001000,0.001000,0.001000,0.001000
1037.980769,-0.029597,0.001000,0.001000,0.001000,0.001000,0.001000
1038.000000,-0.028426,0.001000,0.001000,0.001000,0.001000,0.001000
1038.019231,-0.027231,0.001000,0.001000,0.001000,0.001000,0.001000
1038.038462,-0.026014,0.001000,0.001000,0.001000,0.001000,0.001000
1038.057692,-0.024776,0.001000,0.001000,0.001000,0.001000,0.001000
1038.076923,-0.023517,0.001000,0.001000,0.001000,0.001000,0.001000
1038.096154,-0.022239,0.001000,0.001000,0.001000,0.001000,0.001000
1038.115385,-0.020942,0.001000,0.001000,0.001000,0.001000,0.001000
1038.134615,-0.019628,0.001000,0.001000,0.001000,0.001000,0.001000
1038.153846,-0.018298,0.001000,0.001000,0.001000,0.001000,0.001000
1038.173077,-0.016953,0.001000,0.001000,0.001000,0.001000,0.001000
1038.192308,-0.015593,0.001000,0.001000,0.001000,0.001000,0.001000
1038.211538,-0.014221,0.001000,0.001000,0.001000,0.001000,0.001000
1038.230769,-0.012837,0.001000,0.001000,0.001000,0.001000,0.001000
1038.250000,-0.011442,0.001000,0.001000,0.001000,0.001000,0.001000
1038.269231,-0.010038,0.001000,0.001000,0.001000,0.001000,0.001000
1038.288462,-0.008626,0.001000,0.001000,0.001000,0.001000,0.001000
1038.307692,-0.007206,0.001000,0.001000,0.001000,0.001000,0.001000
1038.326923,-0.005781,0.001000,0.001000,0.001000,0.001000,0.001000
1038.346154,-0.004351,0.001000,0.001000,0.001000,0.001000,0.001000
1038.365385,-0.002917,0.001000,0.001000,0.001000,0.001000,0.001000
1038.384615,-0.001481,0.001000,0.001000,0.001000,0.001000,0.001000
1038.403846,-0.000043,0.001000,0.001000,0.001000,0.001000,0.001000
1038.423077,0.001394,0.001000,0.001000,0.001000,0.001000,0.001000
1038.442308,0.002831,0.001000,0.001000,0.001000,0.001000,0.001000
1038.461538,0.004265,0.001000,0.001000,0.001000,0.001000,0.001000
1038.480769,0.005695,0.001000,0.001000,0.001000,0.001000,0.001000
1038.500000,0.007121,0.001000,0.001000,0.001000,0.001000,0.001000
1038.519231,0.008541,0.001000,0.001000,0.001000,0.001000,0.001000
1038.538462,0.009954,0.001000,0.001000,0.001000,0.001000,0.001000
1038.557692,0.011358,0.001000,0.001000,0.001000,0.001000,0.001000
1038.576923,0.012754,0.001000,0.001000,0.001000,0.001000,0.001000
1038.596154,0.014138,0.001000,0.001000,0.001000,0.001000,0.001000
1038.615385,0.015511,0.001000,0.001000,0.001000,0.001000,0.001000
1038.634615,0.016871,0.001000,0.001000,0.001000,0.001000,0.001000
1038.653846,0.018218,0.001000,0.001000,0.001000,0.001000,0.001000
1038.673077,0.019549,0.001000,0.001000,0.001000,0.001000,0.001000
1038.692308,0.020864,0.001000,0.001000,0.001000,0.001000,0.001000
1038.711538,0.022162,0.001000,0.001000,0.001000,0.001000,0.001000
1038.730769,0.023441,0.001000,0.001000,0.001000,0.001000,0.001000
1038.750000,0.024701,0.001000,0.001000,0.001000,0.001000,0.001000
1038.769231,0.025941,0.001000,0.001000,0.001000,0.001000,0.001000
1038.788462,0.027159,0.001000,0.001000,0.001000,0.001000,0.001000
1038.807692,0.028355,0.001000,0.001000,0.001000,0.001000,0.001000
1038.826923,0.029527,0.001000,0.001000,0.001000,0.001000,0.001000
1038.846154,0.030675,0.001000,0.001000,0.001000,0.001000,0.001000
1038.865385,0.031797,0.001000,0.001000,0.001000,0.001000,0.001000
1038.884615,0.032894,0.001000,0.001000,0.001000,0.001000,0.001000
1038.903846,0.033963,0.001000,0.001000,0.001000,0.001000,0.001000
1038.923077,0.035003,0.001000,0.001000,0.001000,0.001000,0.001000
1038.942308,0.036016,0.001000,0.001000,0.001000,0.001000,0.001000
1038.961538,0.036998,0.001000,0.001000,0.001000,0.001000,0.001000
1038.980769,0.037949,0.001000,0.001000,0.001000,0.001000,0.001000
1039.000000,0.038870,0.001000,0.001000,0.001000,0.001000,0.001000
1039.019231,0.039758,0.001000,0.001000,0.001000,0.001000,0.001000
1039.038462,0.040613,0.001000,0.001000,0.001000,0.001000,0.001000
1039.057692,0.041435,0.001000,0.001000,0.001000,0.001000,0.001000
1039.076923,0.042222,0.001000,0.001000,0.001000,0.001000,0.001000
1039.096154,0.042975,0.001000,0.001000,0.001000,0.001000,0.001000
1039.115385,0.043692,0.001000,0.001000,0.001000,0.001000,0.001000
1039.134615,0.044373,0.001000,0.001000,0.001000,0.001000,0.001000
1039.153846,0.045017,0.001000,0.001000,0.001000,0.001000,0.001000
1039.173077,0.045624,0.001000,0.001000,0.001000,0.001000,0.001000
1039.192308,0.046193,0.001000,0.001000,0.001000,0.001000,0.001000
1039.211538,0.046724,0.001000,0.001000,0.001000,0.001000,0.001000
1039.230769,0.047217,0.001000,0.001000,0.001000,0.001000,0.001000
1039.250000,0.047670,0.001000,0.001000,0.001000,0.001000,0.001000
1039.269231,0.048084,0.001000,0.001000,0.001000,0.001000,0.001000
1039.288462,0.048458,0.001000,0.001000,0.001000,0.001000,0.001000
1039.307692,0.048792,0.001000,0.001000,0.001000,0.001000,0.001000
1039.326923,0.049086,0.001000,0.001000,0.001000,0.001000,0.001000
1039.346154,0.049340,0.001000,0.001000,0.001000,0.001000,0.001000
1039.365385,0.049552,0.001000,0.001000,0.001000,0.001000,0.001000
1039.384615,0.049724,0.001000,0.001000,0.001000,0.001000,0.001000
1039.403846,0.049854,0.001000,0.001000,0.001000,0.001000,0.001000
1039.423077,0.049943,0.001000,0.001000,0.001000,0.001000,0.001000
1039.442308,0.049991,0.001000,0.001000,0.001000,0.001000,0.001000
1039.461538,0.049998,0.001000,0.001000,0.001000,0.001000,0.001000
1039.480769,0.049963,0.001000,0.001000,0.001000,0.001000,0.001000
1039.500000,0.049887,0.001000,0.001000,0.001000,0.001000,0.001000
1039.519231,0.049769,0.001000,0.001000,0.001000,0.001000,0.001000
1039.538462,0.049611,0.001000,0.001000,0.001000,0.001000,0.001000
1039.557692,0.049411,0.001000,0.001000,0.001000,0.001000,0.001000
1039.576923,0.049171,0.001000,0.001000,0.001000,0.001000,0.001000
1039.596154,0.048890,0.001000,0.001000,0.001000,0.001000,0.001000
1039.615385,0.048569,0.001000,0.001000,0.001000,0.001000,0.001000
1039.634615,0.048207,0.001000,0.001000,0.001000,0.001000,0.001000
1039.653846,0.047806,0.001000,0.001000,0.001000,0.001000,0.001000
1039.673077,0.047365,0.001000,0.001000,0.001000,0.001000,0.001000
1039.692308,0.046885,0.001000,0.001000,0.001000,0.001000,0.001000
1039.711538,0.046366,0.001000,0.001000,0.001000,0.001000,0.001000
1039.730769,0.045809,0.001000,0.001000,0.001000,0.001000,0.001000
1039.750000,0.045214,0.001000,0.001000,0.001000,0.001000,0.001000
1039.769231,0.044581,0.001000,0.001000,0.001000,0.001000,0.001000
1039.788462,0.043912,0.001000,0.001000,0.001000,0.001000,0.001000
1039.807692,0.043206,0.001000,0.001000,0.001000,0.001000,0.001000
1039.826923,0.042465,0.001000,0.001000,0.001000,0.001000,0.001000
1039.846154,0.041689,0.001000,0.001000,0.001000,0.001000,0.001000
1039.865385,0.040878,0.001000,0.001000,0.001000,0.001000,0.001000
1039.884615,0.040033,0.001000,0.001000,0.001000,0.001000,0.001000
1039.903846,0.039155,0.001000,0.001000,0.001000,0.001000,0.001000
1039.923077,0.038245,0.001000,0.001000,0.001000,0.001000,0.001000
1039.942308,0.037303,0.001000,0.001000,0.001000,0.001000,0.001000
1039.961538,0.036331,0.001000,0.001000,0.001000,0.001000,0.001000
1039.980769,0.035328,0.001000,0.001000,0.001000,0.001000,0.001000
1040.000000,0.034296,0.001000,0.001000,0.001000,0.001000,0.001000
1040.019231,0.033236,0.001000,0.001000,0.001000,0.001000,0.001000
1040.038462,0.032148,0.001000,0.001000,0.001000,0.001000,0.001000
1040.057692,0.031034,0.001000,0.001000,0.001000,0.001000,0.001000
1040.076923,0.029894,0.001000,0.001000,0.001000,0.001000,0.001000
1040.096154,0.028729,0.001000,0.001000,0.001000,0.001000,0.001000
1040.115385,0.027541,0.001000,0.001000,0.001000,0.001000,0.001000
1040.134615,0.026330,0.001000,0.001000,0.001000,0.001000,0.001000
1040.153846,0.025097,0.001000,0.001000,0.001000,0.001000,0.001000
1040.173077,0.023843,0.001000,0.001000,0.001000,0.001000,0.001000
1040.192308,0.022570,0.001000,0.001000,0.001000,0.001000,0.001000
1040.211538,0.021278,0.001000,0.001000,0.001000,0.001000,0.001000
1040.230769,0.019968,0.001000,0.001000,0.001000,0.001000,0.001000
1040.250000,0.018642,0.001000,0.001000,0.001000,0.001000,0.001000
1040.269231,0.017301,0.001000,0.001000,0.001000,0.001000,0.001000
1040.288462,0.015945,0.001000,0.001000,0.001000,0.001000,0.001000
1040.307692,0.014576,0.001000,0.001000,0.001000,0.001000,0.001000
1040.326923,0.013195,0.001000,0.001000,0.001000,0.001000,0.001000
1040.346154,0.011803,0.001000,0.001000,0.001000,0.001000,0.001000
1040.365385,0.010401,0.001000,0.001000,0.001000,0.001000,0.001000
1040.384615,0.008990,0.001000,0.001000,0.001000,0.001000,0.001000
1040.403846,0.007573,0.001000,0.001000,0.001000,0.001000,0.001000
1040.423077,0.006149,0.001000,0.001000,0.001000,0.001000,0.001000
1040.442308,0.004719,0.001000,0.001000,0.001000,0.001000,0.001000
1040.461538,0.003286,0.001000,0.001000,0.001000,0.001000,0.001000
1040.480769,0.001851,0.001000,0.001000,0.001000,0.001000,0.001000
1040.500000,0.000413,0.001000,0.001000,0.001000,0.001000,0.001000
1040.519231,-0.001024,0.001000,0.001000,0.001000,0.001000,0.001000
1040.538462,-0.002461,0.001000,0.001000,0.001000,0.001000,0.001000
1040.557692,-0.003896,0.001000,0.001000,0.001000,0.001000,0.001000
1040.576923,-0.005327,0.001000,0.001000,0.001000,0.001000,0.001000
1040.596154,-0.006754,0.001000,0.001000,0.001000,0.001000,0.001000
1040.615385,-0.008176,0.001000,0.001000,0.001000,0.001000,0.001000
1040.634615,-0.009591,0.001000,0.001000,0.001000,0.001000,0.001000
1040.653846,-0.010998,0.001000,0.001000,0.001000,0.001000,0.001000
1040.673077,-0.012395,0.001000,0.001000,0.001000,0.001000,0.001000
1040.692308,-0.013783,0.001000,0.001000,0.001000,0.001000,0.001000
1040.711538,-0.015159,0.001000,0.001000,0.001000,0.001000,0.001000
1040.730769,-0.016523,0.001000,0.001000,0.001000,0.001000,0.001000
1040.750000,-0.017872,0.001000,0.001000,0.001000,0.001000,0.001000
1040.769231,-0.019208,0.001000,0.001000,0.001000,0.001000,0.001000
1040.788462,-0.020527,0.001000,0.001000,0.001000,0.001000,0.001000
1040.807692,-0.021829,0.001000,0.001000,0.001000,0.001000,0.001000
1040.826923,-0.023113,0.001000,0.001000,0.001000,0.001000,0.001000
1040.846154,-0.024379,0.001000,0.001000,0.001000,0.001000,0.001000
1040.865385,-0.025623,0.001000,0.001000,0.001000,0.001000,0.001000
1040.884615,-0.026847,0.001000,0.001000,0.001000,0.001000,0.001000
1040.903846,-0.028049,0.001000,0.001000,0.001000,0.001000,0.001000
1040.923077,-0.029227,0.001000,0.001000,0.001000,0.001000,0.001000
1040.942308,-0.030382,0.001000,0.001000,0.001000,0.001000,0.001000
1040.961538,-0.031511,0.001000,0.001000,0.001000,0.001000,0.001000
1040.980769,-0.032614,0.001000,0.001000,0.001000,0.001000,0.001000
1041.000000,-0.033690,0.001000,0.001000,0.001000,0.001000,0.001000
1041.019231,-0.034738,0.001000,0.001000,0.001000,0.001000,0.001000
1041.038462,-0.035758,0.001000,0.001000,0.001000,0.001000,0.001000
1041.057692,-0.036748,0.001000,0.001000,0.001000,0.001000,0.001000
1041.076923,-0.037707,0.001000,0.001000,0.001000,0.001000,0.001000
1041.096154,-0.038636,0.001000,0.001000,0.001000,0.001000,0.001000
1041.115385,-0.039532,0.001000,0.001000,0.001000,0.001000,0.001000
1041.134615,-0.040396,0.001000,0.001000,0.001000,0.001000,0.001000
1041.153846,-0.041226,0.001000,0.001000,0.001000,0.001000,0.001000
1041.173077,-0.042023,0.001000,0.001000,0.001000,0.001000,0.001000
1041.192308,-0.042784,0.001000,0.001000,0.001000,0.001000,0.001000
1041.211538,-0.043511,0.001000,0.001000,0.001000,0.001000,0.001000
1041.230769,-0.044201,0.001000,0.001000,0.001000,0.001000,0.001000
1041.250000,-0.044855,0.001000,0.001000,0.001000,0.001000,0.001000
1041.269231,-0.045471,0.001000,0.001000,0.001000,0.001000,0.001000
1041.288462,-0.046050,0.001000,0.001000,0.001000,0.001000,0.001000
1041.307692,-0.046591,0.001000,0.001000,0.001000,0.001000,0.001000
1041.326923,-0.047094,0.001000,0.001000,0.001000,0.001000,0.001000
1041.346154,-0.047557,0.001000,0.001000,0.001000,0.001000,0.001000
1041.365385,-0.047981,0.001000,0.001000,0.001000,0.001000,0.001000
1041.384615,-0.048366,0.001000,0.001000,0.001000,0.001000,0.001000
1041.403846,-0.048710,0.001000,0.001000,0.001000,0.001000,0.001000
1041.423077,-0.049015,0.001000,0.001000,0.001000,0.001000,0.001000
1041.442308,-0.049278,0.001000,0.001000,0.001000,0.001000,0.001000
1041.461538,-0.049501,0.001000,0.001000,0.001000,0.001000,0.001000
1041.480769,-0.049683,0.001000,0.001000,0.001000,0.001000,0.001000
1041.500000,-0.049824,0.001000,0.001000,0.001000,0.001000,0.001000
1041.519231,-0.049924,0.001000,0.001000,0.001000,0.001000,0.001000
1041.538462,-0.049983,0.001000,0.001000,0.001000,0.001000,0.001000
1041.557692,-0.050000,0.001000,0.001000,0.001000,0.001000,0.001000
1041.576923,-0.049976,0.001000,0.001000,0.001000,0.001000,0.001000
1041.596154,-0.049910,0.001000,0.001000,0.001000,0.001000,0.001000
1041.615385,-0.049804,0.001000,0.001000,0.001000,0.001000,0.001000
1041.634615,-0.049656,0.001000,0.001000,0.001000,0.001000,0.001000
1041.653846,-0.049467,0.001000,0.001000,0.001000,0.001000,0.001000
1041.673077,-0.049237,0.001000,0.001000,0.001000,0.001000,0.001000
1041.692308,-0.048966,0.001000,0.001000,0.001000,0.001000,0.001000
1041.711538,-0.048655,0.001000,0.001000,0.001000,0.001000,0.001000
1041.730769,-0.048304,0.001000,0.001000,0.001000,0.001000,0.001000
1041.750000,-0.047913,0.001000,0.001000,0.001000,0.001000,0.001000
1041.769231,-0.047482,0.001000,0.001000,0.001000,0.001000,0.001000
1041.788462,-0.047012,0.001000,0.001000,0.001000,0.001000,0.001000
1041.807692,-0.046503,0.001000,0.001000,0.001000,0.001000,0.001000
1041.826923,-0.045956,0.001000,0.001000,0.001000,0.001000,0.001000
1041.846154,-0.045370,0.001000,0.001000,0.001000,0.001000,0.001000
1041.865385,-0.044748,0.001000,0.001000,0.001000,0.001000,0.001000
1041.884615,-0.044088,0.001000,0.001000,0.001000,0.001000,0.001000
1041.903846,-0.043391,0.001000,0.001000,0.001000,0.001000,0.001000
1041.923077,-0.042659,0.001000,0.001000,0.001000,0.001000,0.001000
1041.942308,-0.041892,0.001000,0.001000,0.001000,0.001000,0.001000
1041.961538,-0.041090,0.001000,0.001000,0.001000,0.001000,0.001000
1041.980769,-0.040254,0.001000,0.001000,0.001000,0.001000,0.001000
1042.000000,-0.039384,0.001000,0.001000,0.001000,0.001000,0.001000
1042.019231,-0.038482,0.001000,0.001000,0.001000,0.001000,0.001000
1042.038462,-0.037549,0.001000,0.001000,0.001000,0.001000,0.001000
1042.057692,-0.036584,0.001000,0.001000,0.001000,0.001000,0.001000
1042.076923,-0.035589,0.001000,0.001000,0.001000,0.001000,0.001000
1042.096154,-0.034565,0.001000,0.001000,0.001000,0.001000,0.001000
1042.115385,-0.033512,0.001000,0.001000,0.001000,0.001000,0.001000
1042.134615,-0.032431,0.001000,0.001000,0.001000,0.001000,0.001000
1042.153846,-0.031323,0.001000,0.001000,0.001000,0.001000,0.001000
1042.173077,-0.030190,0.001000,0.001000,0.001000,0.001000,0.001000
1042.192308,-0.029032,0.001000,0.001000,0.001000,0.001000,0.001000
1042.211538,-0.027849,0.001000,0.001000,0.001000,0.001000,0.001000
1042.230769,-0.026644,0.001000,0.001000,0.001000,0.001000,0.001000
1042.250000,-0.025417,0.001000,0.001000,0.001000,0.001000,0.001000
1042.269231,-0.024168,0.001000,0.001000,0.001000,0.001000,0.001000
1042.288462,-0.022900,0.001000,0.001000,0.001000,0.001000,0.001000
1042.307692,-0.021612,0.001000,0.001000,0.001000,0.001000,0.001000
1042.326923,-0.020307,0.001000,0.001000,0.001000,0.001000,0.001000
1042.346154,-0.018985,0.001000,0.001000,0.001000,0.001000,0.001000
1042.365385,-0.017647,0.001000,0.001000,0.001000,0.001000,0.001000
1042.384615,-0.016295,0.001000,0.001000,0.001000,0.001000,0.001000
1042.403846,-0.014929,0.001000,0.001000,0.001000,0.001000,0.001000
1042.423077,-0.013551,0.001000,0.001000,0.001000,0.001000,0.001000
1042.442308,-0.012162,0.001000,0.001000,0.001000,0.001000,0.001000
1042.461538,-0.010763,0.001000,0.001000,0.001000,0.001000,0.001000
1042.480769,-0.009354,0.001000,0.001000,0.001000,0.001000,0.001000
1042.500000,-0.007938,0.001000,0.001000,0.001000,0.001000,0.001000
1042.519231,-0.006516,0.001000,0.001000,0.001000,0.001000,0.001000
1042.538462,-0.005088,0.001000,0.001000,0.001000,0.001000,0.001000
1042.557692,-0.003656,0.001000,0.001000,0.001000,0.001000,0.001000
1042.576923,-0.002221,0.001000,0.001000,0.001000,0.001000,0.001000
1042.596154,-0.000784,0.001000,0.001000,0.001000,0.001000,0.001000
1042.615385,0.000654,0.001000,0.001000,0.001000,0.001000,0.001000
1042.634615,0.002091,0.001000,0.001000,0.001000,0.001000,0.001000
1042.653846,0.003527,0.001000,0.001000,0.001000,0.001000,0.001000
1042.673077,0.004959,0.001000,0.001000,0.001000,0.001000,0.001000
1042.692308,0.006387,0.001000,0.001000,0.001000,0.001000,0.001000
1042.711538,0.007810,0.001000,0.001000,0.001000,0.001000,0.001000
1042.730769,0.009227,0.001000,0.001000,0.001000,0.001000,0.001000
1042.750000,0.010636,0.001000,0.001000,0.001000,0.001000,0.001000
1042.769231,0.012036,0.001000,0.001000,0.001000,0.001000,0.001000
1042.788462,0.013427,0.001000,0.001000,0.001000,0.001000,0.001000
1042.807692,0.014806,0.001000,0.001000,0.001000,0.001000,0.001000
1042.826923,0.016173,0.001000,0.001000,0.001000,0.001000,0.001000
1042.846154,0.017526,0.001000,0.001000,0.001000,0.001000,0.001000
1042.865385,0.018865,0.001000,0.001000,0.001000,0.001000,0.001000
1042.884615,0.020189,0.001000,0.001000,0.001000,0.001000,0.001000
1042.903846,0.021495,0.001000,0.001000,0.001000,0.001000,0.001000
1042.923077,0.022784,0.001000,0.001000,0.001000,0.001000,0.001000
1042.942308,0.024055,0.001000,0.001000,0.001000,0.001000,0.001000
1042.961538,0.025305,0.001000,0.001000,0.001000,0.001000,0.001000
1042.980769,0.026534,0.001000,0.001000,0.001000,0.001000,0.001000
1043.000000,0.027742,0.001000,0.001000,0.001000,0.001000,0.001000
1043.019231,0.028926,0.001000,0.001000,0.001000,0.001000,0.001000
1043.038462,0.030087,0.001000,0.001000,0.001000,0.001000,0.001000
1043.057692,0.031222,0.001000,0.001000,0.001000,0.001000,0.001000
1043.076923,0.032332,0.001000,0.001000,0.001000,0.001000,0.001000
1043.096154,0.033415,0.001000,0.001000,0.001000,0.001000,0.001000
1043.115385,0.034471,0.001000,0.001000,0.001000,0.001000,0.001000
1043.134615,0.035498,0.001000,0.001000,0.001000,0.001000,0.001000
1043.153846,0.036496,0.001000,0.001000,0.001000,0.001000,0.001000
1043.173077,0.037463,0.001000,0.001000,0.001000,0.001000,0.001000
1043.192308,0.038400,0.001000,0.001000,0.001000,0.001000,0.001000
1043.211538,0.039304,0.001000,0.001000,0.001000,0.001000,0.001000
1043.230769,0.040177,0.001000,0.001000,0.001000,0.001000,0.001000
1043.250000,0.041016,0.001000,0.001000,0.001000,0.001000,0.001000
1043.269231,0.041821,0.001000,0.001000,0.001000,0.001000,0.001000
1043.288462,0.042592,0.001000,0.001000,0.001000,0.001000,0.001000
1043.307692,0.043327,0.001000,0.001000,0.001000,0.001000,0.001000
1043.326923,0.044027,0.001000,0.001000,0.001000,0.001000,0.001000
1043.346154,0.044690,0.001000,0.001000,0.001000,0.001000,0.001000
1043.365385,0.045316,0.001000,0.001000,0.001000,0.001000,0.001000
1043.384615,0.045905,0.001000,0.001000,0.001000,0.001000,0.001000
1043.403846,0.046455,0.001000,0.001000,0.001000,0.001000,0.001000
1043.423077,0.046968,0.001000,0.001000,0.001000,0.001000,0.001000
1043.442308,0.047441,0.001000,0.001000,0.001000,0.001000,0.001000
1043.461538,0.047876,0.001000,0.001000,0.001000,0.001000,0.001000
1043.480769,0.048271,0.001000,0.001000,0.001000,0.001000,0.001000
1043.500000,0.048625,0.001000,0.001000,0.001000,0.001000,0.001000
1043.519231,0.048940,0.001000,0.001000,0.001000,0.001000,0.001000
1043.538462,0.049214,0.001000,0.001000,0.001000,0.001000,0.001000
1043.557692,0.049448,0.001000,0.001000,0.001000,0.001000,0.001000
1043.576923,0.049640,0.001000,0.001000,0.001000,0.001000,0.001000
1043.596154,0.049792,0.001000,0.001000,0.001000,0.001000,0.001000
1043.615385,0.049902,0.001000,0.001000,0.001000,0.001000,0.001000
1043.634615,0.049972,0.001000,0.001000,0.001000,0.001000,0.001000
1043.653846,0.049999,0.001000,0.001000,0.001000,0.001000,0.001000
1043.673077,0.049986,0.001000,0.001000,0.001000,0.001000,0.001000
1043.692308,0.049931,0.001000,0.001000,0.001000,0.001000,0.001000
1043.711538,0.049835,0.001000,0.001000,0.001000,0.001000,0.001000
1043.730769,0.049698,0.001000,0.001000,0.001000,0.001000,0.001000
1043.750000,0.049519,0.001000,0.001000,0.001000,0.001000,0.001000
1043.769231,0.049300,0.001000,0.001000,0.001000,0.001000,0.001000
1043.788462,0.049040,0.001000,0.001000,0.001000,0.001000,0.001000
1043.807692,0.048739,0.001000,0.001000,0.001000,0.001000,0.001000
1043.826923,0.048398,0.001000,0.001000,0.001000,0.001000,0.001000
1043.846154,0.048017,0.001000,0.001000,0.001000,0.001000,0.001000
1043.865385,0.047597,0.001000,0.001000,0.001000,0.001000,0.001000
1043.884615,0.047137,0.001000,0.001000,0.001000,0.001000,0.001000
1043.903846,0.046638,0.001000,0.001000,0.001000,0.001000,0.001000
1043.923077,0.046100,0.001000,0.001000,0.001000,0.001000,0.001000
1043.942308,0.045525,0.001000,0.001000,0.001000,0.001000,0.001000
1043.961538,0.044912,0.001000,0.001000,0.001000,0.001000,0.001000
1043.980769,0.044261,0.001000,0.001000,0.001000,0.001000,0.001000
1044.000000,0.043574,0.001000,0.001000,0.001000,0.001000,0.001000
1044.019231,0.042851,0.001000,0.001000,0.001000,0.001000,0.001000
1044.038462,0.042093,0.001000,0.001000,0.001000,0.001000,0.001000
1044.057692,0.041300,0.001000,0.001000,0.001000,0.001000,0.001000
1044.076923,0.040472,0.001000,0.001000,0.001000,0.001000,0.001000
1044.096154,0.039611,0.001000,0.001000,0.001000,0.001000,0.001000
1044.115385,0.038718,0.001000,0.001000,0.001000,0.001000,0.001000
1044.134615,0.037792,0.001000,0.001000,0.001000,0.001000,0.001000
1044.153846,0.036835,0.001000,0.001000,0.001000,0.001000,0.001000
1044.173077,0.035848,0.001000,0.001000,0.001000,0.001000,0.001000
1044.192308,0.034831,0.001000,0.001000,0.001000,0.001000,0.001000
1044.211538,0.033785,0.001000,0.001000,0.001000,0.001000,0.001000
1044.230769,0.032712,0.001000,0.001000,0.001000,0.001000,0.001000
1044.250000,0.031611,0.001000,0.001000,0.001000,0.001000,0.001000
1044.269231,0.030484,0.001000,0.001000,0.001000,0.001000,0.001000
1044.288462,0.029332,0.001000,0.001000,0.001000,0.001000,0.001000
1044.307692,0.028156,0.001000,0.001000,0.001000,0.001000,0.001000
1044.326923,0.026956,0.001000,0.001000,0.001000,0.001000,0.001000
1044.346154,0.025735,0.001000,0.001000,0.001000,0.001000,0.001000
1044.365385,0.024492,0.001000,0.001000,0.001000,0.001000,0.001000
1044.384615,0.023228,0.001000,0.001000,0.001000,0.001000,0.001000
1044.403846,0.021946,0.001000,0.001000,0.001000,0.001000,0.001000
1044.423077,0.020645,0.001000,0.001000,0.001000,0.001000,0.001000
1044.442308,0.019327,0.001000,0.001000,0.001000,0.001000,0.001000
1044.461538,0.017993,0.001000,0.001000,0.001000,0.001000,0.001000
1044.480769,0.016645,0.001000,0.001000,0.001000,0.001000,0.001000
1044.500000,0.015282,0.001000,0.001000,0.001000,0.001000,0.001000
1044.519231,0.013907,0.001000,0.001000,0.001000,0.001000,0.001000
1044.538462,0.012521,0.001000,0.001000,0.001000,0.001000,0.001000
1044.557692,0.011124,0.001000,0.001000,0.001000,0.001000,0.001000
1044.576923,0.009718,0.001000,0.001000,0.001000,0.001000,0.001000
1044.596154,0.008304,0.001000,0.001000,0.001000,0.001000,0.001000
1044.615385,0.006883,0.001000,0.001000,0.001000,0.001000,0.001000
1044.634615,0.005456,0.001000,0.001000,0.001000,0.001000,0.001000
1044.653846,0.004025,0.001000,0.001000,0.001000,0.001000,0.001000
1044.673077,0.002590,0.001000,0.001000,0.001000,0.001000,0.001000
1044.692308,0.001154,0.001000,0.001000,0.001000,0.001000,0.001000
1044.711538,-0.000284,0.001000,0.001000,0.001000,0.001000,0.001000
1044.730769,-0.001721,0.001000,0.001000,0.001000,0.001000,0.001000
1044.750000,-0.003157,0.001000,0.001000,0.001000,0.001000,0.001000
1044.769231,-0.004591,0.001000,0.001000,0.001000,0.001000,0.001000
1044.788462,-0.006020,0.001000,0.001000,0.001000,0.001000,0.001000
1044.807692,-0.007445,0.001000,0.001000,0.001000,0.001000,0.001000
1044.826923,-0.008863,0.001000,0.001000,0.001000,0.001000,0.001000
1044.846154,-0.010274,0.001000,0.001000,0.001000,0.001000,0.001000
1044.865385,-0.011677,0.001000,0.001000,0.001000,0.001000,0.001000
1044.884615,-0.013070,0.001000,0.001000,0.001000,0.001000,0.001000
1044.903846,-0.014452,0.001000,0.001000,0.001000,0.001000,0.001000
1044.923077,-0.015822,0.001000,0.001000,0.001000,0.001000,0.001000
1044.942308,-0.017179,0.001000,0.001000,0.001000,0.001000,0.001000
1044.961538,-0.018522,0.001000,0.001000,0.001000,0.001000,0.001000
1044.980769,-0.019849,0.001000,0.001000,0.001000,0.001000,0.001000
1045.000000,-0.021161,0.001000,0.001000,0.001000,0.001000,0.001000
1045.019231,-0.022454,0.001000,0.001000,0.001000,0.001000,0.001000
1045.038462,-0.023729,0.001000,0.001000,0.001000,0.001000,0.001000
1045.057692,-0.024985,0.001000,0.001000,0.001000,0.001000,0.001000
1045.076923,-0.026220,0.001000,0.001000,0.001000,0.001000,0.001000
1045.096154,-0.027433,0.001000,0.001000,0.001000,0.001000,0.001000
1045.115385,-0.028623,0.001000,0.001000,0.001000,0.001000,0.001000
1045.134615,-0.029790,0.001000,0.001000,0.001000,0.001000,0.001000
1045.153846,-0.030932,0.001000,0.001000,0.001000,0.001000,0.001000
1045.173077,-0.032049,0.001000,0.001000,0.001000,0.001000,0.001000
1045.192308,-0.033139,0.001000,0.001000,0.001000,0.001000,0.001000
1045.211538,-0.034202,0.001000,0.001000,0.001000,0.001000,0.001000
1045.230769,-0.035236,0.001000,0.001000,0.001000,0.001000,0.001000
1045.250000,-0.036242,0.001000,0.001000,0.001000,0.001000,0.001000
1045.269231,-0.037217,0.001000,0.001000,0.001000,0.001000,0.001000
1045.288462,-0.038162,0.001000,0.001000,0.001000,0.001000,0.001000
1045.307692,-0.039075,0.001000,0.001000,0.001000,0.001000,0.001000
1045.326923,-0.039955,0.001000,0.001000,0.001000,0.001000,0.001000
1045.346154,-0.040803,0.001000,0.001000,0.001000,0.001000,0.001000
1045.365385,-0.041617,0.001000,0.001000,0.001000,0.001000,0.001000
1045.384615,-0.042397,0.001000,0.001000,0.001000,0.001000,0.001000
1045.403846,-0.043141,0.001000,0.001000,0.001000,0.001000,0.001000
1045.423077,-0.043850,0.001000,0.001000,0.001000,0.001000,0.001000
1045.442308,-0.044522,0.001000,0.001000,0.001000,0.001000,0.001000
1045.461538,-0.045158,0.001000,0.001000,0.001000,0.001000,0.001000
1045.480769,-0.045757,0.001000,0.001000,0.001000,0.001000,0.001000
1045.500000,-0.046317,0.001000,0.001000,0.001000,0.001000,0.001000
1045.519231,-0.046840,0.001000,0.001000,0.001000,0.001000,0.001000
1045.538462,-0.047323,0.001000,0.001000,0.001000,0.001000,0.001000
1045.557692,-0.047768,0.001000,0.001000,0.001000,0.001000,0.001000
1045.576923,-0.048173,0.001000,0.001000,0.001000,0.001000,0.001000
1045.596154,-0.048538,0.001000,0.001000,0.001000,0.001000,0.001000
1045.615385,-0.048863,0.001000,0.001000,0.001000,0.001000,0.001000
1045.634615,-0.049147,0.001000,0.001000,0.001000,0.001000,0.001000
1045.653846,-0.049391,0.001000,0.001000,0.001000,0.001000,0.001000
1045.673077,-0.049595,0.001000,0.001000,0.001000,0.001000,0.001000
1045.692308,-0.049757,0.001000,0.001000,0.001000,0.001000,0.001000
1045.711538,-0.049878,0.001000,0.001000,0.001000,0.001000,0.001000
1045.730769,-0.049958,0.001000,0.001000,0.001000,0.001000,0.001000
1045.750000,-0.049996,0.001000,0.001000,0.001000,0.001000,0.001000
1045.769231,-0.049993,0.001000,0.001000,0.001000,0.001000,0.001000
1045.788462,-0.049949,0.001000,0.001000,0.001000,0.001000,0.001000
1045.807692,-0.049864,0.001000,0.001000,0.001000,0.001000,0.001000
1045.826923,-0.049737,0.001000,0.001000,0.001000,0.001000,0.001000
1045.846154,-0.049569,0.001000,0.001000,0.001000,0.001000,0.001000
1045.865385,-0.049360,0.001000,0.001000,0.001000,0.001000,0.001000
1045.884615,-0.049111,0.001000,0.001000,0.001000,0.001000,0.001000
1045.903846,-0.048821,0.001000,0.001000,0.001000,0.001000,0.001000
1045.923077,-0.048490,0.001000,0.001000,0.001000,0.001000,0.001000
1045.942308,-0.048119,0.001000,0.001000,0.001000,0.001000,0.001000
1045.961538,-0.047709,0.001000,0.001000,0.001000,0.001000,0.001000
1045.980769,-0.047259,0.001000,0.001000,0.001000,0.001000,0.001000
1046.000000,-0.046770,0.001000,0.001000,0.001000,0.001000,0.001000
1046.019231,-0.046243,0.001000,0.001000,0.001000,0.001000,0.001000
1046.038462,-0.045677,0.001000,0.001000,0.001000,0.001000,0.001000
1046.057692,-0.045073,0.001000,0.001000,0.001000,0.001000,0.001000
1046.076923,-0.044432,0.001000,0.001000,0.001000,0.001000,0.001000
1046.096154,-0.043755,0.001000,0.001000,0.001000,0.001000,0.001000
1046.115385,-0.043041,0.001000,0.001000,0.001000,0.001000,0.001000
1046.134615,-0.042291,0.001000,0.001000,0.001000,0.001000,0.001000
1046.153846,-0.041507,0.001000,0.001000,0.001000,0.001000,0.001000
1046.173077,-0.040688,0.001000,0.001000,0.001000,0.001000,0.001000
1046.192308,-0.039836,0.001000,0.001000,0.001000,0.001000,0.001000
1046.211538,-0.038951,0.001000,0.001000,0.001000,0.001000,0.001000
1046.230769,-0.038034,0.001000,0.001000,0.001000,0.001000,0.001000
1046.250000,-0.037085,0.001000,0.001000,0.001000,0.001000,0.001000
1046.269231,-0.036105,0.001000,0.001000,0.001000,0.001000,0.001000
1046.288462,-0.035096,0.001000,0.001000,0.001000,0.001000,0.001000
1046.307692,-0.034057,0.001000,0.001000,0.001000,0.001000,0.001000
1046.326923,-0.032991,0.001000,0.001000,0.001000,0.001000,0.001000
1046.346154,-0.031897,0.001000,0.001000,0.001000,0.001000,0.001000
1046.365385,-0.030777,0.001000,0.001000,0.001000,0.001000,0.001000
1046.384615,-0.029631,0.001000,0.001000,0.001000,0.001000,0.001000
1046.403846,-0.028461,0.001000,0.001000,0.001000,0.001000,0.001000
1046.423077,-0.027268,0.001000,0.001000,0.001000,0.001000,0.001000
1046.442308,-0.026051,0.001000,0.001000,0.001000,0.001000,0.001000
1046.461538,-0.024814,0.001000,0.001000,0.001000,0.001000,0.001000
1046.480769,-0.023555,0.001000,0.001000,0.001000,0.001000,0.001000
1046.500000,-0.022278,0.001000,0.001000,0.001000,0.001000,0.001000
1046.519231,-0.020981,0.001000,0.001000,0.001000,0.001000,0.001000
1046.538462,-0.019668,0.001000,0.001000,0.001000,0.001000,0.001000
1046.557692,-0.018338,0.001000,0.001000,0.001000,0.001000,0.001000
1046.576923,-0.016993,0.001000,0.001000,0.001000,0.001000,0.001000
1046.596154,-0.015634,0.001000,0.001000,0.001000,0.001000,0.001000
1046.615385,-0.014262,0.001000,0.001000,0.001000,0.001000,0.001000
1046.634615,-0.012879,0.001000,0.001000,0.001000,0.001000,0.001000
1046.653846,-0.011484,0.001000,0.001000,0.001000,0.001000,0.001000
1046.673077,-0.010081,0.001000,0.001000,0.001000,0.001000,0.001000
1046.692308,-0.008669,0.001000,0.001000,0.001000,0.001000,0.001000
1046.711538,-0.007249,0.001000,0.001000,0.001000,0.001000,0.001000
1046.730769,-0.005824,0.001000,0.001000,0.001000,0.001000,0.001000
1046.750000,-0.004394,0.001000,0.001000,0.001000,0.001000,0.001000
1046.769231,-0.002960,0.001000,0.001000,0.001000,0.001000,0.001000
1046.788462,-0.001524,0.001000,0.001000,0.001000,0.001000,0.001000
1046.807692,-0.000086,0.001000,0.001000,0.001000,0.001000,0.001000
1046.826923,0.001351,0.001000,0.001000,0.001000,0.001000,0.001000
1046.846154,0.002788,0.001000,0.001000,0.001000,0.001000,0.001000
1046.865385,0.004222,0.001000,0.001000,0.001000,0.001000,0.001000
1046.884615,0.005652,0.001000,0.001000,0.001000,0.001000,0.001000
1046.903846,0.007078,0.001000,0.001000,0.001000,0.001000,0.001000
1046.923077,0.008498,0.001000,0.001000,0.001000,0.001000,0.001000
1046.942308,0.009911,0.001000,0.001000,0.001000,0.001000,0.001000
1046.961538,0.011316,0.001000,0.001000,0.001000,0.001000,0.001000
1046.980769,0.012712,0.001000,0.001000,0.001000,0.001000,0.001000
1047.000000,0.014097,0.001000,0.001000,0.001000,0.001000,0.001000
1047.019231,0.015470,0.001000,0.001000,0.001000,0.001000,0.001000
1047.038462,0.016831,0.001000,0.001000,0.001000,0.001000,0.001000
1047.057692,0.018177,0.001000,0.001000,0.001000,0.001000,0.001000
1047.076923,0.019509,0.001000,0.001000,0.001000,0.001000,0.001000
1047.096154,0.020825,0.001000,0.001000,0.001000,0.001000,0.001000
1047.115385,0.022123,0.001000,0.001000,0.001000,0.001000,0.001000
1047.134615,0.023403,0.001000,0.001000,0.001000,0.001000,0.001000
1047.153846,0.024664,0.001000,0.001000,0.001000,0.001000,0.001000
1047.173077,0.025904,0.001000,0.001000,0.001000,0.001000,0.001000
1047.192308,0.027123,0.001000,0.001000,0.001000,0.001000,0.001000
1047.211538,0.028319,0.001000,0.001000,0.001000,0.001000,0.001000
1047.230769,0.029492,0.001000,0.001000,0.001000,0.001000,0.001000
1047.250000,0.030641,0.001000,0.001000,0.001000,0.001000,0.001000
1047.269231,0.031764,0.001000,0.001000,0.001000,0.001000,0.001000
1047.288462,0.032861,0.001000,0.001000,0.001000,0.001000,0.001000
1047.307692,0.033931,0.001000,0.001000,0.001000,0.001000,0.001000
1047.326923,0.034973,0.001000,0.001000,0.001000,0.001000,0.001000
1047.346154,0.035986,0.001000,0.001000,0.001000,0.001000,0.001000
1047.365385,0.036969,0.001000,0.001000,0.001000,0.001000,0.001000
1047.384615,0.037921,0.001000,0.001000,0.001000,0.001000,0.001000
1047.403846,0.038843,0.001000,0.001000,0.001000,0.001000,0.001000
1047.423077,0.039732,0.001000,0.001000,0.001000,0.001000,0.001000
1047.442308,0.040588,0.001000,0.001000,0.001000,0.001000,0.001000
1047.461538,0.041411,0.001000,0.001000,0.001000,0.001000,0.001000
1047.480769,0.042199,0.001000,0.001000,0.001000,0.001000,0.001000
1047.500000,0.042953,0.001000,0.001000,0.001000,0.001000,0.001000
1047.519231,0.043671,0.001000,0.001000,0.001000,0.001000,0.001000
1047.538462,0.044353,0.001000,0.001000,0.001000,0.001000,0.001000
1047.557692,0.044998,0.001000,0.001000,0.001000,0.001000,0.001000
1047.576923,0.045606,0.001000,0.001000,0.001000,0.001000,0.001000
1047.596154,0.046177,0.001000,0.001000,0.001000,0.001000,0.001000
1047.615385,0.046709,0.001000,0.001000,0.001000,0.001000,0.001000
1047.634615,0.047202,0.001000,0.001000,0.001000,0.001000,0.001000
1047.653846,0.047657,0.001000,0.001000,0.001000,0.001000,0.001000
1047.673077,0.048072,0.001000,0.001000,0.001000,0.001000,0.001000
1047.692308,0.048448,0.001000,0.001000,0.001000,0.001000,0.001000
1047.711538,0.048783,0.001000,0.001000,0.001000,0.001000,0.001000
1047.730769,0.049078,0.001000,0.001000,0.001000,0.001000,0.001000
1047.750000,0.049333,0.001000,0.001000,0.001000,0.001000,0.001000
1047.769231,0.049546,0.001000,0.001000,0.001000,0.001000,0.001000
1047.788462,0.049719,0.001000,0.001000,0.001000,0.001000,0.001000
1047.807692,0.049851,0.001000,0.001000,0.001000,0.001000,0.001000
1047.826923,0.049941,0.001000,0.001000,0.001000,0.001000,0.001000
1047.846154,0.049990,0.001000,0.001000,0.001000,0.001000,0.001000
1047.865385,0.049998,0.001000,0.001000,0.001000,0.001000,0.001000
1047.884615,0.049964,0.001000,0.001000,0.001000,0.001000,0.001000
1047.903846,0.049890,0.001000,0.001000,0.001000,0.001000,0.001000
1047.923077,0.049774,0.001000,0.001000,0.001000,0.001000,0.001000
1047.942308,0.049616,0.001000,0.001000,0.001000,0.001000,0.001000
1047.961538,0.049418,0.001000,0.001000,0.001000,0.001000,0.001000
1047.980769,0.049179,0.001000,0.001000,0.001000,0.001000,0.001000
1048.000000,0.048899,0.001000,0.001000,0.001000,0.001000,0.001000
1048.019231,0.048579,0.001000,0.001000,0.001000,0.001000,0.001000
1048.038462,0.048219,0.001000,0.001000,0.001000,0.001000,0.001000
1048.057692,0.047818,0.001000,0.001000,0.001000,0.001000,0.001000
1048.076923,0.047379,0.001000,0.001000,0.001000,0.001000,0.001000
1048.096154,0.046900,0.001000,0.001000,0.001000,0.001000,0.001000
1048.115385,0.046382,0.001000,0.001000,0.001000,0.001000,0.001000
1048.134615,0.045826,0.001000,0.001000,0.001000,0.001000,0.001000
1048.153846,0.045232,0.001000,0.001000,0.001000,0.001000,0.001000
1048.173077,0.044601,0.001000,0.001000,0.001000,0.001000,0.001000
1048.192308,0.043933,0.001000,0.001000,0.001000,0.001000,0.001000
1048.211538,0.043228,0.001000,0.001000,0.001000,0.001000,0.001000
1048.230769,0.042488,0.001000,0.001000,0.001000,0.001000,0.001000
1048.250000,0.041712,0.001000,0.001000,0.001000,0.001000,0.001000
1048.269231,0.040903,0.001000,0.001000,0.001000,0.001000,0.001000
1048.288462,0.040059,0.001000,0.001000,0.001000,0.001000,0.001000
1048.307692,0.039182,0.001000,0.001000,0.001000,0.001000,0.001000
1048.326923,0.038273,0.001000,0.001000,0.001000,0.001000,0.001000
1048.346154,0.037332,0.001000,0.001000,0.001000,0.001000,0.001000
1048.365385,0.036360,0.001000,0.001000,0.001000,0.001000,0.001000
1048.384615,0.035359,0.001000,0.001000,0.001000,0.001000,0.001000
1048.403846,0.034328,0.001000,0.001000,0.001000,0.001000,0.001000
1048.423077,0.033268,0.001000,0.001000,0.001000,0.001000,0.001000
1048.442308,0.032181,0.001000,0.001000,0.001000,0.001000,0.001000
1048.461538,0.031068,0.001000,0.001000,0.001000,0.001000,0.001000
1048.480769,0.029929,0.001000,0.001000,0.001000,0.001000,0.001000
1048.500000,0.028765,0.001000,0.001000,0.001000,0.001000,0.001000
1048.519231,0.027577,0.001000,0.001000,0.001000,0.001000,0.001000
1048.538462,0.026367,0.001000,0.001000,0.001000,0.001000,0.001000
1048.557692,0.025134,0.001000,0.001000,0.001000,0.001000,0.001000
1048.576923,0.023881,0.001000,0.001000,0.001000,0.001000,0.001000
1048.596154,0.022608,0.001000,0.001000,0.001000,0.001000,0.001000
1048.615385,0.021317,0.001000,0.001000,0.001000,0.001000,0.001000
1048.634615,0.020008,0.001000,0.001000,0.001000,0.001000,0.001000
1048.653846,0.018682,0.001000,0.001000,0.001000,0.001000,0.001000
1048.673077,0.017341,0.001000,0.001000,0.001000,0.001000,0.001000
1048.692308,0.015986,0.001000,0.001000,0.001000,0.001000,0.001000
1048.711538,0.014617,0.001000,0.001000,0.001000,0.001000,0.001000
1048.730769,0.013236,0.001000,0.001000,0.001000,0.001000,0.001000
1048.750000,0.011844,0.001000,0.001000,0.001000,0.001000,0.001000
1048.769231,0.010443,0.001000,0.001000,0.001000,0.001000,0.001000
1048.788462,0.009033,0.001000,0.001000,0.001000,0.001000,0.001000
1048.807692,0.007615,0.001000,0.001000,0.001000,0.001000,0.001000
1048.826923,0.006191,0.001000,0.001000,0.001000,0.001000,0.001000
1048.846154,0.004762,0.001000,0.001000,0.001000,0.001000,0.001000
1048.865385,0.003329,0.001000,0.001000,0.001000,0.001000,0.001000
1048.884615,0.001894,0.001000,0.001000,0.001000,0.001000,0.001000
1048.903846,0.000457,0.001000,0.001000,0.001000,0.001000,0.001000
1048.923077,-0.000981,0.001000,0.001000,0.001000,0.001000,0.001000
1048.942308,-0.002418,0.001000,0.001000,0.001000,0.001000,0.001000
1048.961538,-0.003853,0.001000,0.001000,0.001000,0.001000,0.001000
1048.980769,-0.005284,0.001000,0.001000,0.001000,0.001000,0.001000
1049.000000,-0.006712,0.001000,0.001000,0.001000,0.001000,0.001000
1049.019231,-0.008133,0.001000,0.001000,0.001000,0.001000,0.001000
1049.038462,-0.009548,0.001000,0.001000,0.001000,0.001000,0.001000
1049.057692,-0.010955,0.001000,0.001000,0.001000,0.001000,0.001000
1049.076923,-0.012353,0.001000,0.001000,0.001000,0.001000,0.001000
1049.096154,-0.013741,0.001000,0.001000,0.001000,0.001000,0.001000
1049.115385,-0.015118,0.001000,0.001000,0.001000,0.001000,0.001000
1049.134615,-0.016482,0.001000,0.001000,0.001000,0.001000,0.001000
1049.153846,-0.017832,0.001000,0.001000,0.001000,0.001000,0.001000
1049.173077,-0.019168,0.001000,0.001000,0.001000,0.001000,0.001000
1049.192308,-0.020487,0.001000,0.001000,0.001000,0.001000,0.001000
1049.211538,-0.021790,0.001000,0.001000,0.001000,0.001000,0.001000
1049.230769,-0.023075,0.001000,0.001000,0.001000,0.001000,0.001000
1049.250000,-0.024341,0.001000,0.001000,0.001000,0.001000,0.001000
1049.269231,-0.025586,0.001000,0.001000,0.001000,0.001000,0.001000
1049.288462,-0.026811,0.001000,0.001000,0.001000,0.001000,0.001000
1049.307692,-0.028013,0.001000,0.001000,0.001000,0.001000,0.001000
1049.326923,-0.029192,0.001000,0.001000,0.001000,0.001000,0.001000
1049.346154,-0.030347,0.001000,0.001000,0.001000,0.001000,0.001000
1049.365385,-0.031477,0.001000,0.001000,0.001000,0.001000,0.001000
1049.384615,-0.032581,0.001000,0.001000,0.001000,0.001000,0.001000
1049.403846,-0.033658,0.001000,0.001000,0.001000,0.001000,0.001000
1049.423077,-0.034707,0.001000,0.001000,0.001000,0.001000,0.001000
1049.442308,-0.035728,0.001000,0.001000,0.001000,0.001000,0.001000
1049.461538,-0.036718,0.001000,0.001000,0.001000,0.001000,0.001000
1049.480769,-0.037679,0.001000,0.001000,0.001000,0.001000,0.001000
1049.500000,-0.038608,0.001000,0.001000,0.001000,0.001000,0.001000
1049.519231,-0.039506,0.001000,0.001000,0.001000,0.001000,0.001000
1049.538462,-0.040371,0.001000,0.001000,0.001000,0.001000,0.001000
1049.557692,-0.041202,0.001000,0.001000,0.001000,0.001000,0.001000
1049.576923,-0.041999,0.001000,0.001000,0.001000,0.001000,0.001000
1049.596154,-0.042762,0.001000,0.001000,0.001000,0.001000,0.001000
1049.615385,-0.043489,0.001000,0.001000,0.001000,0.001000,0.001000
1049.634615,-0.044181,0.001000,0.001000,0.001000,0.001000,0.001000
1049.653846,-0.044835,0.001000,0.001000,0.001000,0.001000,0.001000
1049.673077,-0.045453,0.001000,0.001000,0.001000,0.001000,0.001000
1049.692308,-0.046033,0.001000,0.001000,0.001000,0.001000,0.001000
1049.711538,-0.046575,0.001000,0.001000,0.001000,0.001000,0.001000
1049.730769,-0.047079,0.001000,0.001000,0.001000,0.001000,0.001000
1049.750000,-0.047544,0.001000,0.001000,0.001000,0.001000,0.001000
1049.769231,-0.047969,0.001000,0.001000,0.001000,0.001000,0.001000
1049.788462,-0.048355,0.001000,0.001000,0.001000,0.001000,0.001000
1049.807692,-0.048700,0.001000,0.001000,0.001000,0.001000,0.001000
1049.826923,-0.049006,0.001000,0.001000,0.001000,0.001000,0.001000
1049.846154,-0.049271,0.001000,0.001000,0.001000,0.001000,0.001000
1049.865385,-0.049495,0.001000,0.001000,0.001000,0.001000,0.001000
1049.884615,-0.049678,0.001000,0.001000,0.001000,0.001000,0.001000
1049.903846,-0.049821,0.001000,0.001000,0.001000,0.001000,0.001000
1049.923077,-0.049922,0.001000,0.001000,0.001000,0.001000,0.001000
1049.942308,-0.049981,0.001000,0.001000,0.001000,0.001000,0.001000
1049.961538,-0.050000,0.001000,0.001000,0.001000,0.001000,0.001000
1049.980769,-0.049977,0.001000,0.001000,0.001000,0.001000,0.001000
1050.000000,-0.049913,0.001000,0.001000,0.001000,0.001000,0.001000
1050.019231,-0.049807,0.001000,0.001000,0.001000,0.001000,0.001000
1050.038462,-0.049661,0.001000,0.001000,0.001000,0.001000,0.001000
1050.057692,-0.049473,0.001000,0.001000,0.001000,0.001000,0.001000
1050.076923,-0.049244,0.001000,0.001000,0.001000,0.001000,0.001000
1050.096154,-0.048975,0.001000,0.001000,0.001000,0.001000,0.001000
1050.115385,-0.048665,0.001000,0.001000,0.001000,0.001000,0.001000
1050.134615,-0.048315,0.001000,0.001000,0.001000,0.001000,0.001000
1050.153846,-0.047925,0.001000,0.001000,0.001000,0.001000,0.001000
1050.173077,-0.047496,0.001000,0.001000,0.001000,0.001000,0.001000
1050.192308,-0.047027,0.001000,0.001000,0.001000,0.001000,0.001000
1050.211538,-0.046519,0.001000,0.001000,0.001000,0.001000,0.001000
1050.230769,-0.045973,0.001000,0.001000,0.001000,0.001000,0.001000
1050.250000,-0.045389,0.001000,0.001000,0.001000,0.001000,0.001000
1050.269231,-0.044767,0.001000,0.001000,0.001000,0.001000,0.001000
1050.288462,-0.044108,0.001000,0.001000,0.001000,0.001000,0.001000
1050.307692,-0.043413,0.001000,0.001000,0.001000,0.001000,0.001000
1050.326923,-0.042682,0.001000,0.001000,0.001000,0.001000,0.001000
1050.346154,-0.041915,0.001000,0.001000,0.001000,0.001000,0.001000
1050.365385,-0.041114,0.001000,0.001000,0.001000,0.001000,0.001000
1050.384615,-0.040279,0.001000,0.001000,0.001000,0.001000,0.001000
1050.403846,-0.039411,0.001000,0.001000,0.001000,0.001000,0.001000
1050.423077,-0.038510,0.001000,0.001000,0.001000,0.001000,0.001000
1050.442308,-0.037577,0.001000,0.001000,0.001000,0.001000,0.001000
1050.461538,-0.036613,0.001000,0.001000,0.001000,0.001000,0.001000
1050.480769,-0.035619,0.001000,0.001000,0.001000,0.001000,0.001000
1050.500000,-0.034596,0.001000,0.001000,0.001000,0.001000,0.001000
1050.519231,-0.033544,0.001000,0.001000,0.001000,0.001000,0.001000
1050.538462,-0.032464,0.001000,0.001000,0.001000,0.001000,0.001000
1050.557692,-0.031357,0.001000,0.001000,0.001000,0.001000,0.001000
1050.576923,-0.030224,0.001000,0.001000,0.001000,0.001000,0.001000
1050.596154,-0.029067,0.001000,0.001000,0.001000,0.001000,0.001000
1050.615385,-0.027885,0.001000,0.001000,0.001000,0.001000,0.001000
1050.634615,-0.026680,0.001000,0.001000,0.001000,0.001000,0.001000
1050.653846,-0.025454,0.001000,0.001000,0.001000,0.001000,0.001000
1050.673077,-0.024206,0.001000,0.001000,0.001000,0.001000,0.001000
1050.692308,-0.022938,0.001000,0.001000,0.001000,0.001000,0.001000
1050.711538,-0.021651,0.001000,0.001000,0.001000,0.001000,0.001000
1050.730769,-0.020347,0.001000,0.001000,0.001000,0.001000,0.001000
1050.750000,-0.019025,0.001000,0.001000,0.001000,0.001000,0.001000
1050.769231,-0.017688,0.001000,0.001000,0.001000,0.001000,0.001000
1050.788462,-0.016336,0.001000,0.001000,0.001000,0.001000,0.001000
1050.807692,-0.014971,0.001000,0.001000,0.001000,0.001000,0.001000
1050.826923,-0.013593,0.001000,0.001000,0.001000,0.001000,0.001000
1050.846154,-0.012204,0.001000,0.001000,0.001000,0.001000,0.001000
1050.865385,-0.010805,0.001000,0.001000,0.001000,0.001000,0.001000
1050.884615,-0.009397,0.001000,0.001000,0.001000,0.001000,0.001000
1050.903846,-0.007981,0.001000,0.001000,0.001000,0.001000,0.001000
1050.923077,-0.006559,0.001000,0.001000,0.001000,0.001000,0.001000
1050.942308,-0.005131,0.001000,0.001000,0.001000,0.001000,0.001000
1050.961538,-0.003699,0.001000,0.001000,0.001000,0.001000,0.001000
1050.980769,-0.002264,0.001000,0.001000,0.001000,0.001000,0.001000
1051.000000,-0.000827,0.001000,0.001000,0.001000,0.001000,0.001000
1051.019231,0.000611,0.001000,0.001000,0.001000,0.001000,0.001000
1051.038462,0.002048,0.001000,0.001000,0.001000,0.001000,0.001000
1051.057692,0.003484,0.001000,0.001000,0.001000,0.001000,0.001000
1051.076923,0.004916,0.001000,0.001000,0.001000,0.001000,0.001000
1051.096154,0.006345,0.001000,0.001000,0.001000,0.001000,0.001000
1051.115385,0.007768,0.001000,0.001000,0.001000,0.001000,0.001000
1051.134615,0.009185,0.001000,0.001000,0.001000,0.001000,0.001000
1051.153846,0.010594,0.001000,0.001000,0.001000,0.001000,0.001000
1051.173077,0.011994,0.001000,0.001000,0.001000,0.001000,0.001000
1051.192308,0.013385,0.001000,0.001000,0.001000,0.001000,0.001000
1051.211538,0.014764,0.001000,0.001000,0.001000,0.001000,0.001000
1051.230769,0.016132,0.001000,0.001000,0.001000,0.001000,0.001000
1051.250000,0.017486,0.001000,0.001000,0.001000,0.001000,0.001000
1051.269231,0.018825,0.001000,0.001000,0.001000,0.001000,0.001000
1051.288462,0.020149,0.001000,0.001000,0.001000,0.001000,0.001000
1051.307692,0.021456,0.001000,0.001000,0.001000,0.001000,0.001000
1051.326923,0.022746,0.001000,0.001000,0.001000,0.001000,0.001000
1051.346154,0.024017,0.001000,0.001000,0.001000,0.001000,0.001000
1051.365385,0.025268,0.001000,0.001000,0.001000,0.001000,0.001000
1051.384615,0.026498,0.001000,0.001000,0.001000,0.001000,0.001000
1051.403846,0.027706,0.001000,0.001000,0.001000,0.001000,0.001000
1051.423077,0.028891,0.001000,0.001000,0.001000,0.001000,0.001000
1051.442308,0.030052,0.001000,0.001000,0.001000,0.001000,0.001000
1051.461538,0.031189,0.001000,0.001000,0.001000,0.001000,0.001000
1051.480769,0.032299,0.001000,0.001000,0.001000,0.001000,0.001000
1051.500000,0.033383,0.001000,0.001000,0.001000,0.001000,0.001000
1051.519231,0.034440,0.001000,0.001000,0.001000,0.001000,0.001000
1051.538462,0.035468,0.001000,0.001000,0.001000,0.001000,0.001000
1051.557692,0.036466,0.001000,0.001000,0.001000,0.001000,0.001000
1051.576923,0.037435,0.001000,0.001000,0.001000,0.001000,0.001000
1051.596154,0.038372,0.001000,0.001000,0.001000,0.001000,0.001000
1051.615385,0.039278,0.001000,0.001000,0.001000,0.001000,0.001000
1051.634615,0.040151,0.001000,0.001000,0.001000,0.001000,0.001000
1051.653846,0.040991,0.001000,0.001000,0.001000,0.001000,0.001000
1051.673077,0.041797,0.001000,0.001000,0.001000,0.001000,0.001000
1051.692308,0.042569,0.001000,0.001000,0.001000,0.001000,0.001000
1051.711538,0.043305,0.001000,0.001000,0.001000,0.001000,0.001000
1051.730769,0.044006,0.001000,0.001000,0.001000,0.001000,0.001000
1051.750000,0.044670,0.001000,0.001000,0.001000,0.001000,0.001000
1051.769231,0.045298,0.001000,0.001000,0.001000,0.001000,0.001000
1051.788462,0.045888,0.001000,0.001000,0.001000,0.001000,0.001000
1051.807692,0.046439,0.001000,0.001000,0.001000,0.001000,0.001000
1051.826923,0.046953,0.001000,0.001000,0.001000,0.001000,0.001000
1051.846154,0.047428,0.001000,0.001000,0.001000,0.001000,0.001000
1051.865385,0.047863,0.001000,0.001000,0.001000,0.001000,0.001000
1051.884615,0.048259,0.001000,0.001000,0.001000,0.001000,0.001000
1051.903846,0.048615,0.001000,0.001000,0.001000,0.001000,0.001000
1051.923077,0.048931,0.001000,0.001000,0.001000,0.001000,0.001000
1051.942308,0.049207,0.001000,0.001000,0.001000,0.001000,0.001000
1051.961538,0.049441,0.001000,0.001000,0.001000,0.001000,0.001000
1051.980769,0.049635,0.001000,0.001000,0.001000,0.001000,0.001000
1052.000000,0.049788,0.001000,0.001000,0.001000,0.001000,0.001000
1052.019231,0.049900,0.001000,0.001000,0.001000,0.001000,0.001000
1052.038462,0.049970,0.001000,0.001000,0.001000,0.001000,0.001000
1052.057692,0.049999,0.001000,0.001000,0.001000,0.001000,0.001000
1052.076923,0.049987,0.001000,0.001000,0.001000,0.001000,0.001000
1052.096154,0.049933,0.001000,0.001000,0.001000,0.001000,0.001000
1052.115385,0.049838,0.001000,0.001000,0.001000,0.001000,0.001000
1052.134615,0.049702,0.001000,0.001000,0.001000,0.001000,0.001000
1052.153846,0.049525,0.001000,0.001000,0.001000,0.001000,0.001000
1052.173077,0.049307,0.001000,0.001000,0.001000,0.001000,0.001000
1052.192308,0.049048,0.001000,0.001000,0.001000,0.001000,0.001000
1052.211538,0.048749,0.001000,0.001000,0.001000,0.001000,0.001000
1052.230769,0.048409,0.001000,0.001000,0.001000,0.001000,0.001000
1052.250000,0.048029,0.001000,0.001000,0.001000,0.001000,0.001000
1052.269231,0.047610,0.001000,0.001000,0.001000,0.001000,0.001000
1052.288462,0.047151,0.001000,0.001000,0.001000,0.001000,0.001000
1052.307692,0.046653,0.001000,0.001000,0.001000,0.001000,0.001000
1052.326923,0.046117,0.001000,0.001000,0.001000,0.001000,0.001000
1052.346154,0.045543,0.001000,0.001000,0.001000,0.001000,0.001000
1052.365385,0.044931,0.001000,0.001000,0.001000,0.001000,0.001000
1052.384615,0.044281,0.001000,0.001000,0.001000,0.001000,0.001000
1052.403846,0.043595,0.001000,0.001000,0.001000,0.001000,0.001000
1052.423077,0.042873,0.001000,0.001000,0.001000,0.001000,0.001000
1052.442308,0.042116,0.001000,0.001000,0.001000,0.001000,0.001000
1052.461538,0.041324,0.001000,0.001000,0.001000,0.001000,0.001000
1052.480769,0.040498,0.001000,0.001000,0.001000,0.001000,0.001000
1052.500000,0.039638,0.001000,0.001000,0.001000,0.001000,0.001000
1052.519231,0.038745,0.001000,0.001000,0.001000,0.001000,0.001000
1052.538462,0.037820,0.001000,0.001000,0.001000,0.001000,0.001000
1052.557692,0.036865,0.001000,0.001000,0.001000,0.001000,0.001000
1052.576923,0.035878,0.001000,0.001000,0.001000,0.001000,0.001000
1052.596154,0.034862,0.001000,0.001000,0.001000,0.001000,0.001000
1052.615385,0.033817,0.001000,0.001000,0.001000,0.001000,0.001000
1052.634615,0.032744,0.001000,0.001000,0.001000,0.001000,0.001000
1052.653846,0.031645,0.001000,0.001000,0.001000,0.001000,0.001000
1052.673077,0.030519,0.001000,0.001000,0.001000,0.001000,0.001000
1052.692308,0.029367,0.001000,0.001000,0.001000,0.001000,0.001000
1052.711538,0.028192,0.001000,0.001000,0.001000,0.001000,0.001000
1052.730769,0.026993,0.001000,0.001000,0.001000,0.001000,0.001000
1052.750000,0.025772,0.001000,0.001000,0.001000,0.001000,0.001000
1052.769231,0.024529,0.001000,0.001000,0.001000,0.001000,0.001000
1052.788462,0.023266,0.001000,0.001000,0.001000,0.001000,0.001000
1052.807692,0.021984,0.001000,0.001000,0.001000,0.001000,0.001000
1052.826923,0.020684,0.001000,0.001000,0.001000,0.001000,0.001000
1052.846154,0.019367,0.001000,0.001000,0.001000,0.001000,0.001000
1052.865385,0.018034,0.001000,0.001000,0.001000,0.001000,0.001000
1052.884615,0.016685,0.001000,0.001000,0.001000,0.001000,0.001000
1052.903846,0.015323,0.001000,0.001000,0.001000,0.001000,0.001000
1052.923077,0.013949,0.001000,0.001000,0.001000,0.001000,0.001000
1052.942308,0.012563,0.001000,0.001000,0.001000,0.001000,0.001000
1052.961538,0.011166,0.001000,0.001000,0.001000,0.001000,0.001000
1052.980769,0.009760,0.001000,0.001000,0.001000,0.001000,0.001000
1053.000000,0.008346,0.001000,0.001000,0.001000,0.001000,0.001000
1053.019231,0.006925,0.001000,0.001000,0.001000,0.001000,0.001000
1053.038462,0.005499,0.001000,0.001000,0.001000,0.001000,0.001000
1053.057692,0.004068,0.001000,0.001000,0.001000,0.001000,0.001000
1053.076923,0.002633,0.001000,0.001000,0.001000,0.001000,0.001000
1053.096154,0.001197,0.001000,0.001000,0.001000,0.001000,0.001000
1053.115385,-0.000241,0.001000,0.001000,0.001000,0.001000,0.001000
1053.134615,-0.001678,0.001000,0.001000,0.001000,0.001000,0.001000
1053.153846,-0.003114,0.001000,0.001000,0.001000,0.001000,0.001000
1053.173077,-0.004548,0.001000,0.001000,0.001000,0.001000,0.001000
1053.192308,-0.005977,0.001000,0.001000,0.001000,0.001000,0.001000
1053.211538,-0.007402,0.001000,0.001000,0.001000,0.001000,0.001000
1053.230769,-0.008821,0.001000,0.001000,0.001000,0.001000,0.001000
1053.250000,-0.010232,0.001000,0.001000,0.001000,0.001000,0.001000
1053.269231,-0.011635,0.001000,0.001000,0.001000,0.001000,0.001000
1053.288462,-0.013028,0.001000,0.001000,0.001000,0.001000,0.001000
1053.307692,-0.014410,0.001000,0.001000,0.001000,0.001000,0.001000
1053.326923,-0.015781,0.001000,0.001000,0.001000,0.001000,0.001000
1053.346154,-0.017138,0.001000,0.001000,0.001000,0.001000,0.001000
1053.365385,-0.018482,0.001000,0.001000,0.001000,0.001000,0.001000
1053.384615,-0.019810,0.001000,0.001000,0.001000,0.001000,0.001000
1053.403846,-0.021121,0.001000,0.001000,0.001000,0.001000,0.001000
1053.423077,-0.022416,0.001000,0.001000,0.001000,0.001000,0.001000
1053.442308,-0.023691,0.001000,0.001000,0.001000,0.001000,0.001000
1053.461538,-0.024947,0.001000,0.001000,0.001000,0.001000,0.001000
1053.480769,-0.026183,0.001000,0.001000,0.001000,0.001000,0.001000
1053.500000,-0.027397,0.001000,0.001000,0.001000,0.001000,0.001000
1053.519231,-0.028588,0.001000,0.001000,0.001000,0.001000,0.001000
1053.538462,-0.029756,0.001000,0.001000,0.001000,0.001000,0.001000
1053.557692,-0.030898,0.001000,0.001000,0.001000,0.001000,0.001000
1053.576923,-0.032016,0.001000,0.001000,0.001000,0.001000,0.001000
1053.596154,-0.033107,0.001000,0.001000,0.001000,0.001000,0.001000
1053.615385,-0.034170,0.001000,0.001000,0.001000,0.001000,0.001000
1053.634615,-0.035206,0.001000,0.001000,0.001000,0.001000,0.001000
1053.653846,-0.036212,0.001000,0.001000,0.001000,0.001000,0.001000
1053.673077,-0.037188,0.001000,0.001000,0.001000,0.001000,0.001000
1053.692308,-0.038134,0.001000,0.001000,0.001000,0.001000,0.001000
1053.711538,-0.039048,0.001000,0.001000,0.001000,0.001000,0.001000
1053.730769,-0.039929,0.001000,0.001000,0.001000,0.001000,0.001000
1053.750000,-0.040778,0.001000,0.001000,0.001000,0.001000,0.001000
1053.769231,-0.041593,0.001000,0.001000,0.001000,0.001000,0.001000
1053.788462,-0.042374,0.001000,0.001000,0.001000,0.001000,0.001000
1053.807692,-0.043119,0.001000,0.001000,0.001000,0.001000,0.001000
1053.826923,-0.043829,0.001000,0.001000,0.001000,0.001000,0.001000
1053.846154,-0.044503,0.001000,0.001000,0.001000,0.001000,0.001000
1053.865385,-0.045140,0.001000,0.001000,0.001000,0.001000,0.001000
1053.884615,-0.045739,0.001000,0.001000,0.001000,0.001000,0.001000
1053.903846,-0.046301,0.001000,0.001000,0.001000,0.001000,0.001000
1053.923077,-0.046824,0.001000,0.001000,0.001000,0.001000,0.001000
1053.942308,-0.047309,0.001000,0.001000,0.001000,0.001000,0.001000
1053.961538,-0.047755,0.001000,0.001000,0.001000,0.001000,0.001000
1053.980769,-0.048161,0.001000,0.001000,0.001000,0.001000,0.001000
1054.000000,-0.048527,0.001000,0.001000,0.001000,0.001000,0.001000
1054.019231,-0.048854,0.001000,0.001000,0.001000,0.001000,0.001000
1054.038462,-0.049140,0.001000,0.001000,0.001000,0.001000,0.001000
1054.057692,-0.049385,0.001000,0.001000,0.001000,0.001000,0.001000
1054.076923,-0.049589,0.001000,0.001000,0.001000,0.001000,0.001000
1054.096154,-0.049753,0.001000,0.001000,0.001000,0.001000,0.001000
1054.115385,-0.049875,0.001000,0.001000,0.001000,0.001000,0.001000
1054.134615,-0.049956,0.001000,0.001000,0.001000,0.001000,0.001000
1054.153846,-0.049996,0.001000,0.001000,0.001000,0.001000,0.001000
1054.173077,-0.049994,0.001000,0.001000,0.001000,0.001000,0.001000
1054.192308,-0.049951,0.001000,0.001000,0.001000,0.001000,0.001000
1054.211538,-0.049867,0.001000,0.001000,0.001000,0.001000,0.001000
1054.230769,-0.049741,0.001000,0.001000,0.001000,0.001000,0.001000
1054.250000,-0.049575,0.001000,0.001000,0.001000,0.001000,0.001000
1054.269231,-0.049367,0.001000,0.001000,0.001000,0.001000,0.001000
1054.288462,-0.049119,0.001000,0.001000,0.001000,0.001000,0.001000
1054.307692,-0.048830,0.001000,0.001000,0.001000,0.001000,0.001000
1054.326923,-0.048501,0.001000,0.001000,0.001000,0.001000,0.001000
1054.346154,-0.048131,0.001000,0.001000,0.001000,0.001000,0.001000
1054.365385,-0.047722,0.001000,0.001000,0.001000,0.001000,0.001000
1054.384615,-0.047273,0.001000,0.001000,0.001000,0.001000,0.001000
1054.403846,-0.046785,0.001000,0.001000,0.001000,0.001000,0.001000
1054.423077,-0.046259,0.001000,0.001000,0.001000,0.001000,0.001000
1054.442308,-0.045694,0.001000,0.001000,0.001000,0.001000,0.001000
1054.461538,-0.045092,0.001000,0.001000,0.001000,0.001000,0.001000
1054.480769,-0.044452,0.001000,0.001000,0.001000,0.001000,0.001000
1054.500000,-0.043775,0.001000,0.001000,0.001000,0.001000,0.001000
1054.519231,-0.043063,0.001000,0.001000,0.001000,0.001000,0.001000
1054.538462,-0.042314,0.001000,0.001000,0.001000,0.001000,0.001000
1054.557692,-0.041531,0.001000,0.001000,0.001000,0.001000,0.001000
1054.576923,-0.040714,0.001000,0.001000,0.001000,0.001000,0.001000
1054.596154,-0.039862,0.001000,0.001000,0.001000,0.001000,0.001000
1054.615385,-0.038978,0.001000,0.001000,0.001000,0.001000,0.001000
1054.634615,-0.038062,0.001000,0.001000,0.001000,0.001000,0.001000
1054.653846,-0.037114,0.001000,0.001000,0.001000,0.001000,0.001000
1054.673077,-0.036135,0.001000,0.001000,0.001000,0.001000,0.001000
1054.692308,-0.035127,0.001000,0.001000,0.001000,0.001000,0.001000
1054.711538,-0.034089,0.001000,0.001000,0.001000,0.001000,0.001000
1054.730769,-0.033023,0.001000,0.001000,0.001000,0.001000,0.001000
1054.750000,-0.031930,0.001000,0.001000,0.001000,0.001000,0.001000
1054.769231,-0.030811,0.001000,0.001000,0.001000,0.001000,0.001000
1054.788462,-0.029666,0.001000,0.001000,0.001000,0.001000,0.001000
1054.807692,-0.028497,0.001000,0.001000,0.001000,0.001000,0.001000
1054.826923,-0.027304,0.001000,0.001000,0.001000,0.001000,0.001000
1054.846154,-0.026088,0.001000,0.001000,0.001000,0.001000,0.001000
1054.865385,-0.024851,0.001000,0.001000,0.001000,0.001000,0.001000
1054.884615,-0.023593,0.001000,0.001000,0.001000,0.001000,0.001000
1054.903846,-0.022316,0.001000,0.001000,0.001000,0.001000,0.001000
1054.923077,-0.021021,0.001000,0.001000,0.001000,0.001000,0.001000
1054.942308,-0.019708,0.001000,0.001000,0.001000,0.001000,0.001000
1054.961538,-0.018378,0.001000,0.001000,0.001000,0.001000,0.001000
1054.980769,-0.017034,0.001000,0.001000,0.001000,0.001000,0.001000
1055.000000,-0.015675,0.001000,0.001000,0.001000,0.001000,0.001000
1055.019231,-0.014304,0.001000,0.001000,0.001000,0.001000,0.001000
1055.038462,-0.012921,0.001000,0.001000,0.001000,0.001000,0.001000
1055.057692,-0.011527,0.001000,0.001000,0.001000,0.001000,0.001000
1055.076923,-0.010123,0.001000,0.001000,0.001000,0.001000,0.001000
1055.096154,-0.008711,0.001000,0.001000,0.001000,0.001000,0.001000
1055.115385,-0.007292,0.001000,0.001000,0.001000,0.001000,0.001000
1055.134615,-0.005867,0.001000,0.001000,0.001000,0.001000,0.001000
1055.153846,-0.004437,0.001000,0.001000,0.001000,0.001000,0.001000
1055.173077,-0.003003,0.001000,0.001000,0.001000,0.001000,0.001000
1055.192308,-0.001567,0.001000,0.001000,0.001000,0.001000,0.001000
1055.211538,-0.000130,0.001000,0.001000,0.001000,0.001000,0.001000
1055.230769,0.001308,0.001000,0.001000,0.001000,0.001000,0.001000
1055.250000,0.002745,0.001000,0.001000,0.001000,0.001000,0.001000
1055.269231,0.004179,0.001000,0.001000,0.001000,0.001000,0.001000
1055.288462,0.005609,0.001000,0.001000,0.001000,0.001000,0.001000
1055.307692,0.007036,0.001000,0.001000,0.001000,0.001000,0.001000
1055.326923,0.008456,0.001000,0.001000,0.001000,0.001000,0.001000
1055.346154,0.009869,0.001000,0.001000,0.001000,0.001000,0.001000
1055.365385,0.011274,0.001000,0.001000,0.001000,0.001000,0.001000
1055.384615,0.012670,0.001000,0.001000,0.001000,0.001000,0.001000
1055.403846,0.014055,0.001000,0.001000,0.001000,0.001000,0.001000
1055.423077,0.015429,0.001000,0.001000,0.001000,0.001000,0.001000
1055.442308,0.016790,0.001000,0.001000,0.001000,0.001000,0.001000
1055.461538,0.018137,0.001000,0.001000,0.001000,0.001000,0.001000
1055.480769,0.019469,0.001000,0.001000,0.001000,0.001000,0.001000
1055.500000,0.020785,0.001000,0.001000,0.001000,0.001000,0.001000
1055.519231,0.022084,0.001000,0.001000,0.001000,0.001000,0.001000
1055.538462,0.023365,0.001000,0.001000,0.001000,0.001000,0.001000
1055.557692,0.024626,0.001000,0.001000,0.001000,0.001000,0.001000
1055.576923,0.025867,0.001000,0.001000,0.001000,0.001000,0.001000
1055.596154,0.027086,0.001000,0.001000,0.001000,0.001000,0.001000
1055.615385,0.028283,0.001000,0.001000,0.001000,0.001000,0.001000
1055.634615,0.029457,0.001000,0.001000,0.001000,0.001000,0.001000
1055.653846,0.030607,0.001000,0.001000,0.001000,0.001000,0.001000
1055.673077,0.031731,0.001000,0.001000,0.001000,0.001000,0.001000
1055.692308,0.032828,0.001000,0.001000,0.001000,0.001000,0.001000
1055.711538,0.033899,0.001000,0.001000,0.001000,0.001000,0.001000
1055.730769,0.034942,0.001000,0.001000,0.001000,0.001000,0.001000
1055.750000,0.035956,0.001000,0.001000,0.001000,0.001000,0.001000
1055.769231,0.036940,0.001000,0.001000,0.001000,0.001000,0.001000
1055.788462,0.037893,0.001000,0.001000,0.001000,0.001000,0.001000
1055.807692,0.038815,0.001000,0.001000,0.001000,0.001000,0.001000
1055.826923,0.039705,0.001000,0.001000,0.001000,0.001000,0.001000
1055.846154,0.040563,0.001000,0.001000,0.001000,0.001000,0.001000
1055.865385,0.041386,0.001000,0.001000,0.001000,0.001000,0.001000
1055.884615,0.042176,0.001000,0.001000,0.001000,0.001000,0.001000
1055.903846,0.042931,0.001000,0.001000,0.001000,0.001000,0.001000
1055.923077,0.043650,0.001000,0.001000,0.001000,0.001000,0.001000
1055.942308,0.044333,0.001000,0.001000,0.001000,0.001000,0.001000
1055.961538,0.044979,0.001000,0.001000,0.001000,0.001000,0.001000
1055.980769,0.045588,0.001000,0.001000,0.001000,0.001000,0.001000
1056.000000,0.046160,0.001000,0.001000,0.001000,0.001000,0.001000
1056.019231,0.046693,0.001000,0.001000,0.001000,0.001000,0.001000
1056.038462,0.047188,0.001000,0.001000,0.001000,0.001000,0.001000
1056.057692,0.047644,0.001000,0.001000,0.001000,0.001000,0.001000
1056.076923,0.048060,0.001000,0.001000,0.001000,0.001000,0.001000
1056.096154,0.048437,0.001000,0.001000,0.001000,0.001000,0.001000
1056.115385,0.048774,0.001000,0.001000,0.001000,0.001000,0.001000
1056.134615,0.049070,0.001000,0.001000,0.001000,0.001000,0.001000
1056.153846,0.049326,0.001000,0.001000,0.001000,0.001000,0.001000
1056.173077,0.049540,0.001000,0.001000,0.001000,0.001000,0.001000
1056.192308,0.049714,0.001000,0.001000,0.001000,0.001000,0.001000
1056.211538,0.049847,0.001000,0.001000,0.001000,0.001000,0.001000
1056.230769,0.049939,0.001000,0.001000,0.001000,0.001000,0.001000
1056.250000,0.049989,0.001000,0.001000,0.001000,0.001000,0.001000
1056.269231,0.049998,0.001000,0.001000,0.001000,0.001000,0.001000
1056.288462,0.049966,0.001000,0.001000,0.001000,0.001000,0.001000
1056.307692,0.049892,0.001000,0.001000,0.001000,0.001000,0.001000
1056.326923,0.049778,0.001000,0.001000,0.001000,0.001000,0.001000
1056.346154,0.049622,0.001000,0.001000,0.001000,0.001000,0.001000
1056.365385,0.049425,0.001000,0.001000,0.001000,0.001000,0.001000
1056.384615,0.049187,0.001000,0.001000,0.001000,0.001000,0.001000
1056.403846,0.048908,0.001000,0.001000,0.001000,0.001000,0.001000
1056.423077,0.048589,0.001000,0.001000,0.001000,0.001000,0.001000
1056.442308,0.048230,0.001000,0.001000,0.001000,0.001000,0.001000
1056.461538,0.047831,0.001000,0.001000,0.001000,0.001000,0.001000
1056.480769,0.047392,0.001000,0.001000,0.001000,0.001000,0.001000
1056.500000,0.046915,0.001000,0.001000,0.001000,0.001000,0.001000
1056.519231,0.046398,0.001000,0.001000,0.001000,0.001000,0.001000
1056.538462,0.045843,0.001000,0.001000,0.001000,0.001000,0.001000
1056.557692,0.045250,0.001000,0.001000,0.001000,0.001000,0.001000
1056.576923,0.044620,0.001000,0.001000,0.001000,0.001000,0.001000
1056.596154,0.043953,0.001000,0.001000,0.001000,0.001000,0.001000
1056.615385,0.043250,0.001000,0.001000,0.001000,0.001000,0.001000
1056.634615,0.042511,0.001000,0.001000,0.001000,0.001000,0.001000
1056.653846,0.041736,0.001000,0.001000,0.001000,0.001000,0.001000
1056.673077,0.040927,0.001000,0.001000,0.001000,0.001000,0.001000
1056.692308,0.040085,0.001000,0.001000,0.001000,0.001000,0.001000
1056.711538,0.039209,0.001000,0.001000,0.001000,0.001000,0.001000
1056.730769,0.038301,0.001000,0.001000,0.001000,0.001000,0.001000
1056.750000,0.037361,0.001000,0.001000,0.001000,0.001000,0.001000
1056.769231,0.036390,0.001000,0.001000,0.001000,0.001000,0.001000
1056.788462,0.035389,0.001000,0.001000,0.001000,0.001000,0.001000
1056.807692,0.034359,0.001000,0.001000,0.001000,0.001000,0.001000
1056.826923,0.033300,0.001000,0.001000,0.001000,0.001000,0.001000
1056.846154,0.032214,0.001000,0.001000,0.001000,0.001000,0.001000
1056.865385,0.031102,0.001000,0.001000,0.001000,0.001000,0.001000
1056.884615,0.029963,0.001000,0.001000,0.001000,0.001000,0.001000
1056.903846,0.028800,0.001000,0.001000,0.001000,0.001000,0.001000
1056.923077,0.027613,0.001000,0.001000,0.001000,0.001000,0.001000
1056.942308,0.026403,0.001000,0.001000,0.001000,0.001000,0.001000
1056.961538,0.025172,0.001000,0.001000,0.001000,0.001000,0.001000
1056.980769,0.023919,0.001000,0.001000,0.001000,0.001000,0.001000
1057.000000,0.022647,0.001000,0.001000,0.001000,0.001000,0.001000
1057.019231,0.021356,0.001000,0.001000,0.001000,0.001000,0.001000
1057.038462,0.020047,0.001000,0.001000,0.001000,0.001000,0.001000
1057.057692,0.018722,0.001000,0.001000,0.001000,0.001000,0.001000
1057.076923,0.017382,0.001000,0.001000,0.001000,0.001000,0.001000
1057.096154,0.016026,0.001000,0.001000,0.001000,0.001000,0.001000
1057.115385,0.014658,0.001000,0.001000,0.001000,0.001000,0.001000
1057.134615,0.013278,0.001000,0.001000,0.001000,0.001000,0.001000
1057.153846,0.011886,0.001000,0.001000,0.001000,0.001000,0.001000
1057.173077,0.010485,0.001000,0.001000,0.001000,0.001000,0.001000
1057.192308,0.009075,0.001000,0.001000,0.001000,0.001000,0.001000
1057.211538,0.007658,0.001000,0.001000,0.001000,0.001000,0.001000
1057.230769,0.006234,0.001000,0.001000,0.001000,0.001000,0.001000
1057.250000,0.004805,0.001000,0.001000,0.001000,0.001000,0.001000
1057.269231,0.003373,0.001000,0.001000,0.001000,0.001000,0.001000
1057.288462,0.001937,0.001000,0.001000,0.001000,0.001000,0.001000
1057.307692,0.000500,0.001000,0.001000,0.001000,0.001000,0.001000
1057.326923,-0.000938,0.001000,0.001000,0.001000,0.001000,0.001000
1057.346154,-0.002375,0.001000,0.001000,0.001000,0.001000,0.001000
1057.365385,-0.003810,0.001000,0.001000,0.001000,0.001000,0.001000
1057.384615,-0.005241,0.001000,0.001000,0.001000,0.001000,0.001000
1057.403846,-0.006669,0.001000,0.001000,0.001000,0.001000,0.001000
1057.423077,-0.008091,0.001000,0.001000,0.001000,0.001000,0.001000
1057.442308,-0.009506,0.001000,0.001000,0.001000,0.001000,0.001000
1057.461538,-0.010913,0.001000,0.001000,0.001000,0.001000,0.001000
1057.480769,-0.012312,0.001000,0.001000,0.001000,0.001000,0.001000
1057.500000,-0.013700,0.001000,0.001000,0.001000,0.001000,0.001000
1057.519231,-0.015077,0.001000,0.001000,0.001000,0.001000,0.001000
1057.538462,-0.016441,0.001000,0.001000,0.001000,0.001000,0.001000
1057.557692,-0.017792,0.001000,0.001000,0.001000,0.001000,0.001000
1057.576923,-0.019128,0.001000,0.001000,0.001000,0.001000,0.001000
1057.596154,-0.020448,0.001000,0.001000,0.001000,0.001000,0.001000
1057.615385,-0.021751,0.001000,0.001000,0.001000,0.001000,0.001000
1057.634615,-0.023037,0.001000,0.001000,0.001000,0.001000,0.001000
1057.653846,-0.024303,0.001000,0.001000,0.001000,0.001000,0.001000
1057.673077,-0.025549,0.001000,0.001000,0.001000,0.001000,0.001000
1057.692308,-0.026774,0.001000,0.001000,0.001000,0.001000,0.001000
1057.711538,-0.027977,0.001000,0.001000,0.001000,0.001000,0.001000
1057.730769,-0.029157,0.001000,0.001000,0.001000,0.001000,0.001000
1057.750000,-0.030313,0.001000,0.001000,0.001000,0.001000,0.001000
1057.769231,-0.031444,0.001000,0.001000,0.001000,0.001000,0.001000
1057.788462,-0.032548,0.001000,0.001000,0.001000,0.001000,0.001000
1057.807692,-0.033626,0.001000,0.001000,0.001000,0.001000,0.001000
1057.826923,-0.034676,0.001000,0.001000,0.001000,0.001000,0.001000
1057.846154,-0.035697,0.001000,0.001000,0.001000,0.001000,0.001000
1057.865385,-0.036689,0.001000,0.001000,0.001000,0.001000,0.001000
1057.884615,-0.037651,0.001000,0.001000,0.001000,0.001000,0.001000
1057.903846,-0.038581,0.001000,0.001000,0.001000,0.001000,0.001000
1057.923077,-0.039479,0.001000,0.001000,0.001000,0.001000,0.001000
1057.942308,-0.040345,0.001000,0.001000,0.001000,0.001000,0.001000
1057.961538,-0.041178,0.001000,0.001000,0.001000,0.001000,0.001000
1057.980769,-0.041976,0.001000,0.001000,0.001000,0.001000,0.001000
1058.000000,-0.042740,0.001000,0.001000,0.001000,0.001000,0.001000
1058.019231,-0.043468,0.001000,0.001000,0.001000,0.001000,0.001000
1058.038462,-0.044160,0.001000,0.001000,0.001000,0.001000,0.001000
1058.057692,-0.044816,0.001000,0.001000,0.001000,0.001000,0.001000
1058.076923,-0.045435,0.001000,0.001000,0.001000,0.001000,0.001000
1058.096154,-0.046016,0.001000,0.001000,0.001000,0.001000,0.001000
1058.115385,-0.046560,0.001000,0.001000,0.001000,0.001000,0.001000
1058.134615,-0.047064,0.001000,0.001000,0.001000,0.001000,0.001000
1058.153846,-0.047530,0.001000,0.001000,0.001000,0.001000,0.001000
1058.173077,-0.047957,0.001000,0.001000,0.001000,0.001000,0.001000
1058.192308,-0.048344,0.001000,0.001000,0.001000,0.001000,0.001000
1058.211538,-0.048691,0.001000,0.001000,0.001000,0.001000,0.001000
1058.230769,-0.048997,0.001000,0.001000,0.001000,0.001000,0.001000
1058.250000,-0.049264,0.001000,0.001000,0.001000,0.001000,0.001000
1058.269231,-0.049489,0.001000,0.001000,0.001000,0.001000,0.001000
1058.288462,-0.049674,0.001000,0.001000,0.001000,0.001000,0.001000
1058.307692,-0.049817,0.001000,0.001000,0.001000,0.001000,0.001000
1058.326923,-0.049919,0.001000,0.001000,0.001000,0.001000,0.001000
1058.346154,-0.049980,0.001000,0.001000,0.001000,0.001000,0.001000
1058.365385,-0.050000,0.001000,0.001000,0.001000,0.001000,0.001000
1058.384615,-0.049978,0.001000,0.001000,0.001000,0.001000,0.001000
1058.403846,-0.049915,0.001000,0.001000,0.001000,0.001000,0.001000
1058.423077,-0.049811,0.001000,0.001000,0.001000,0.001000,0.001000
1058.442308,-0.049666,0.001000,0.001000,0.001000,0.001000,0.001000
1058.461538,-0.049479,0.001000,0.001000,0.001000,0.001000,0.001000
1058.480769,-0.049252,0.001000,0.001000,0.001000,0.001000,0.001000
1058.500000,-0.048984,0.001000,0.001000,0.001000,0.001000,0.001000
1058.519231,-0.048675,0.001000,0.001000,0.001000,0.001000,0.001000
1058.538462,-0.048326,0.001000,0.001000,0.001000,0.001000,0.001000
1058.557692,-0.047938,0.001000,0.001000,0.001000,0.001000,0.001000
1058.576923,-0.047509,0.001000,0.001000,0.001000,0.001000,0.001000
1058.596154,-0.047041,0.001000,0.001000,0.001000,0.001000,0.001000
1058.615385,-0.046535,0.001000,0.001000,0.001000,0.001000,0.001000
1058.634615,-0.045990,0.001000,0.001000,0.001000,0.001000,0.001000
1058.653846,-0.045407,0.001000,0.001000,0.001000,0.001000,0.001000
1058.673077,-0.044786,0.001000,0.001000,0.001000,0.001000,0.001000
1058.692308,-0.044128,0.001000,0.001000,0.001000,0.001000,0.001000
1058.711538,-0.043434,0.001000,0.001000,0.001000,0.001000,0.001000
1058.730769,-0.042704,0.001000,0.001000,0.001000,0.001000,0.001000
1058.750000,-0.041939,0.001000,0.001000,0.001000,0.001000,0.001000
1058.769231,-0.041139,0.001000,0.001000,0.001000,0.001000,0.001000
1058.788462,-0.040305,0.001000,0.001000,0.001000,0.001000,0.001000
1058.807692,-0.039438,0.001000,0.001000,0.001000,0.001000,0.001000
1058.826923,-0.038538,0.001000,0.001000,0.001000,0.001000,0.001000
1058.846154,-0.037606,0.001000,0.001000,0.001000,0.001000,0.001000
1058.865385,-0.036643,0.001000,0.001000,0.001000,0.001000,0.001000
1058.884615,-0.035650,0.001000,0.001000,0.001000,0.001000,0.001000
1058.903846,-0.034627,0.001000,0.001000,0.001000,0.001000,0.001000
1058.923077,-0.033576,0.001000,0.001000,0.001000,0.001000,0.001000
1058.942308,-0.032497,0.001000,0.001000,0.001000,0.001000,0.001000
1058.961538,-0.031391,0.001000,0.001000,0.001000,0.001000,0.001000
1058.980769,-0.030259,0.001000,0.001000,0.001000,0.001000,0.001000
1059.000000,-0.029102,0.001000,0.001000,0.001000,0.001000,0.001000
1059.019231,-0.027921,0.001000,0.001000,0.001000,0.001000,0.001000
1059.038462,-0.026717,0.001000,0.001000,0.001000,0.001000,0.001000
1059.057692,-0.025491,0.001000,0.001000,0.001000,0.001000,0.001000
1059.076923,-0.024244,0.001000,0.001000,0.001000,0.001000,0.001000
1059.096154,-0.022976,0.001000,0.001000,0.001000,0.001000,0.001000
1059.115385,-0.021690,0.001000,0.001000,0.001000,0.001000,0.001000
1059.134615,-0.020386,0.001000,0.001000,0.001000,0.001000,0.001000
1059.153846,-0.019065,0.001000,0.001000,0.001000,0.001000,0.001000
1059.173077,-0.017728,0.001000,0.001000,0.001000,0.001000,0.001000
1059.192308,-0.016377,0.001000,0.001000,0.001000,0.001000,0.001000
1059.211538,-0.015012,0.001000,0.001000,0.001000,0.001000,0.001000
1059.230769,-0.013634,0.001000,0.001000,0.001000,0.001000,0.001000
1059.250000,-0.012246,0.001000,0.001000,0.001000,0.001000,0.001000
1059.269231,-0.010847,0.001000,0.001000,0.001000,0.001000,0.001000
1059.288462,-0.009439,0.001000,0.001000,0.001000,0.001000,0.001000
1059.307692,-0.008024,0.001000,0.001000,0.001000,0.001000,0.001000
1059.326923,-0.006601,0.001000,0.001000,0.001000,0.001000,0.001000
1059.346154,-0.005174,0.001000,0.001000,0.001000,0.001000,0.001000
1059.365385,-0.003742,0.001000,0.001000,0.001000,0.001000,0.001000
1059.384615,-0.002307,0.001000,0.001000,0.001000,0.001000,0.001000
1059.403846,-0.000870,0.001000,0.001000,0.001000,0.001000,0.001000
1059.423077,0.000568,0.001000,0.001000,0.001000,0.001000,0.001000
1059.442308,0.002005,0.001000,0.001000,0.001000,0.001000,0.001000
1059.461538,0.003440,0.001000,0.001000,0.001000,0.001000,0.001000
1059.480769,0.004873,0.001000,0.001000,0.001000,0.001000,0.001000
1059.500000,0.006302,0.001000,0.001000,0.001000,0.001000,0.001000
1059.519231,0.007725,0.001000,0.001000,0.001000,0.001000,0.001000
1059.538462,0.009142,0.001000,0.001000,0.001000,0.001000,0.001000
1059.557692,0.010552,0.001000,0.001000,0.001000,0.001000,0.001000
1059.576923,0.011952,0.001000,0.001000,0.001000,0.001000,0.001000
1059.596154,0.013343,0.001000,0.001000,0.001000,0.001000,0.001000
1059.615385,0.014723,0.001000,0.001000,0.001000,0.001000,0.001000
1059.634615,0.016091,0.001000,0.001000,0.001000,0.001000,0.001000
1059.653846,0.017445,0.001000,0.001000,0.001000,0.001000,0.001000
1059.673077,0.018785,0.001000,0.001000,0.001000,0.001000,0.001000
1059.692308,0.020110,0.001000,0.001000,0.001000,0.001000,0.001000
1059.711538,0.021417,0.001000,0.001000,0.001000,0.001000,0.001000
1059.730769,0.022708,0.001000,0.001000,0.001000,0.001000,0.001000
1059.750000,0.023979,0.001000,0.001000,0.001000,0.001000,0.001000
1059.769231,0.025230,0.001000,0.001000,0.001000,0.001000,0.001000
1059.788462,0.026461,0.001000,0.001000,0.001000,0.001000,0.001000
1059.807692,0.027670,0.001000,0.001000,0.001000,0.001000,0.001000
1059.826923,0.028856,0.001000,0.001000,0.001000,0.001000,0.001000
1059.846154,0.030018,0.001000,0.001000,0.001000,0.001000,0.001000
1059.865385,0.031155,0.001000,0.001000,0.001000,0.001000,0.001000
1059.884615,0.032266,0.001000,0.001000,0.001000,0.001000,0.001000
1059.903846,0.033351,0.001000,0.001000,0.001000,0.001000,0.001000
1059.923077,0.034408,0.001000,0.001000,0.001000,0.001000,0.001000
1059.942308,0.035437,0.001000,0.001000,0.001000,0.001000,0.001000
1059.961538,0.036437,0.001000,0.001000,0.001000,0.001000,0.001000
1059.980769,0.037406,0.001000,0.001000,0.001000,0.001000,0.001000
1060.000000,0.000000,0.001000,0.001000,0.001000,0.001000,0.001000
1060.019231,0.001365,0.001000,0.001000,0.001000,0.001000,0.001000
1060.038462,0.002730,0.001000,0.001000,0.001000,0.001000,0.001000
1060.057692,0.004092,0.001000,0.001000,0.001000,0.001000,0.001000
1060.076923,0.005452,0.001000,0.001000,0.001000,0.001000,0.001000
1060.096154,0.006807,0.001000,0.001000,0.001000,0.001000,0.001000
1060.115385,0.008157,0.001000,0.001000,0.001000,0.001000,0.001000
1060.134615,0.009501,0.001000,0.001000,0.001000,0.001000,0.001000
1060.153846,0.010838,0.001000,0.001000,0.001000,0.001000,0.001000
1060.173077,0.012167,0.001000,0.001000,0.001000,0.001000,0.001000
1060.192308,0.013487,0.001000,0.001000,0.001000,0.001000,0.001000
1060.211538,0.014797,0.001000,0.001000,0.001000,0.001000,0.001000
1060.230769,0.016095,0.001000,0.001000,0.001000,0.001000,0.001000
1060.250000,0.017382,0.001000,0.001000,0.001000,0.001000,0.001000
1060.269231,0.018656,0.001000,0.001000,0.001000,0.001000,0.001000
1060.288462,0.019916,0.001000,0.001000,0.001000,0.001000,0.001000
1060.307692,0.021161,0.001000,0.001000,0.001000,0.001000,0.001000
1060.326923,0.022390,0.001000,0.001000,0.001000,0.001000,0.001000
1060.346154,0.023602,0.001000,0.001000,0.001000,0.001000,0.001000
1060.365385,0.024797,0.001000,0.001000,0.001000,0.001000,0.001000
1060.384615,0.025974,0.001000,0.001000,0.001000,0.001000,0.001000
1060.403846,0.027131,0.001000,0.001000,0.001000,0.001000,0.001000
1060.423077,0.028268,0.001000,0.001000,0.001000,0.001000,0.001000
1060.442308,0.029383,0.001000,0.001000,0.001000,0.001000,0.001000
1060.461538,0.030477,0.001000,0.001000,0.001000,0.001000,0.001000
1060.480769,0.031548,0.001000,0.001000,0.001000,0.001000,0.001000
1060.500000,0.032596,0.001000,0.001000,0.001000,0.001000,0.001000
1060.519231,0.033619,0.001000,0.001000,0.001000,0.001000,0.001000
1060.538462,0.034617,0.001000,0.001000,0.001000,0.001000,0.001000
1060.557692,0.035590,0.001000,0.001000,0.001000,0.001000,0.001000
1060.576923,0.036535,0.001000,0.001000,0.001000,0.001000,0.001000
1060.596154,0.037454,0.001000,0.001000,0.001000,0.001000,0.001000
1060.615385,0.038345,0.001000,0.001000,0.001000,0.001000,0.001000
1060.634615,0.039207,0.001000,0.001000,0.001000,0.001000,0.001000
1060.653846,0.040039,0.001000,0.001000,0.001000,0.001000,0.001000
1060.673077,0.040842,0.001000,0.001000,0.001000,0.001000,0.001000
1060.692308,0.041615,0.001000,0.001000,0.001000,0.001000,0.001000
1060.711538,0.042356,0.001000,0.001000,0.001000,0.001000,0.001000
1060.730769,0.043066,0.001000,0.001000,0.001000,0.001000,0.001000
1060.750000,0.043743,0.001000,0.001000,0.001000,0.001000,0.001000
1060.769231,0.044388,0.001000,0.001000,0.001000,0.001000,0.001000
1060.788462,0.045000,0.001000,0.001000,0.001000,0.001000,0.001000
1060.807692,0.045579,0.001000,0.001000,0.001000,0.001000,0.001000
1060.826923,0.046123,0.001000,0.001000,0.001000,0.001000,0.001000
1060.846154,0.046633,0.001000,0.001000,0.001000,0.001000,0.001000
1060.865385,0.047108,0.001000,0.001000,0.001000,0.001000,0.001000
1060.884615,0.047548,0.001000,0.001000,0.001000,0.001000,0.001000
1060.903846,0.047953,0.001000,0.001000,0.001000,0.001000,0.001000
1060.923077,0.048322,0.001000,0.001000,0.001000,0.001000,0.001000
1060.942308,0.048655,0.001000,0.001000,0.001000,0.001000,0.001000
1060.961538,0.048951,0.001000,0.001000,0.001000,0.001000,0.001000
1060.980769,0.049211,0.001000,0.001000,0.001000,0.001000,0.001000
1061.000000,0.049434,0.001000,0.001000,0.001000,0.001000,0.001000
1061.019231,0.049621,0.001000,0.001000,0.001000,0.001000,0.001000
1061.038462,0.049770,0.001000,0.001000,0.001000,0.001000,0.001000
1061.057692,0.049882,0.001000,0.001000,0.001000,0.001000,0.001000
1061.076923,0.049957,0.001000,0.001000,0.001000,0.001000,0.001000
1061.096154,0.049995,0.001000,0.001000,0.001000,0.001000,0.001000
1061.115385,0.049996,0.001000,0.001000,0.001000,0.001000,0.001000
1061.134615,0.049959,0.001000,0.001000,0.001000,0.001000,0.001000
1061.153846,0.049885,0.001000,0.001000,0.001000,0.001000,0.001000
1061.173077,0.049773,0.001000,0.001000,0.001000,0.001000,0.001000
1061.192308,0.049625,0.001000,0.001000,0.001000,0.001000,0.001000
1061.211538,0.049440,0.001000,0.001000,0.001000,0.001000,0.001000
1061.230769,0.049217,0.001000,0.001000,0.001000,0.001000,0.001000
1061.250000,0.048958,0.001000,0.001000,0.001000,0.001000,0.001000
1061.269231,0.048663,0.001000,0.001000,0.001000,0.001000,0.001000
1061.288462,0.048331,0.001000,0.001000,0.001000,0.001000,0.001000
1061.307692,0.047963,0.001000,0.001000,0.001000,0.001000,0.001000
1061.326923,0.047560,0.001000,0.001000,0.001000,0.001000,0.001000
1061.346154,0.047120,0.001000,0.001000,0.001000,0.001000,0.001000
1061.365385,0.046646,0.001000,0.001000,0.001000,0.001000,0.001000
1061.384615,0.046137,0.001000,0.001000,0.001000,0.001000,0.001000
1061.403846,0.045594,0.001000,0.001000,0.001000,0.001000,0.001000
1061.423077,0.045016,0.001000,0.001000,0.001000,0.001000,0.001000
1061.442308,0.044405,0.001000,0.001000,0.001000,0.001000,0.001000
1061.461538,0.043761,0.001000,0.001000,0.001000,0.001000,0.001000
1061.480769,0.043084,0.001000,0.001000,0.001000,0.001000,0.001000
1061.500000,0.042375,0.001000,0.001000,0.001000,0.001000,0.001000
1061.519231,0.041635,0.001000,0.001000,0.001000,0.001000,0.001000
1061.538462,0.040863,0.001000,0.001000,0.001000,0.001000,0.001000
1061.557692,0.040061,0.001000,0.001000,0.001000,0.001000,0.001000
1061.576923,0.039229,0.001000,0.001000,0.001000,0.001000,0.001000
1061.596154,0.038368,0.001000,0.001000,0.001000,0.001000,0.001000
1061.615385,0.037478,0.001000,0.001000,0.001000,0.001000,0.001000
1061.634615,0.036560,0.001000,0.001000,0.001000,0.001000,0.001000
1061.653846,0.035615,0.001000,0.001000,0.001000,0.001000,0.001000
1061.673077,0.034643,0.001000,0.001000,0.001000,0.001000,0.001000
1061.692308,0.033646,0.001000,0.001000,0.001000,0.001000,0.001000
1061.711538,0.032623,0.001000,0.001000,0.001000,0.001000,0.001000
1061.730769,0.031576,0.001000,0.001000,0.001000,0.001000,0.001000
1061.750000,0.030506,0.001000,0.001000,0.001000,0.001000,0.001000
1061.769231,0.029413,0.001000,0.001000,0.001000,0.001000,0.001000
1061.788462,0.028297,0.001000,0.001000,0.001000,0.001000,0.001000
1061.807692,0.027161,0.001000,0.001000,0.001000,0.001000,0.001000
1061.826923,0.026005,0.001000,0.001000,0.001000,0.001000,0.001000
1061.846154,0.024829,0.001000,0.001000,0.001000,0.001000,0.001000
1061.865385,0.023634,0.001000,0.001000,0.001000,0.001000,0.001000
1061.884615,0.022422,0.001000,0.001000,0.001000,0.001000,0.001000
1061.903846,0.021193,0.001000,0.001000,0.001000,0.001000,0.001000
1061.923077,0.019949,0.001000,0.001000,0.001000,0.001000,0.001000
1061.942308,0.018689,0.001000,0.001000,0.001000,0.001000,0.001000
1061.961538,0.017416,0.001000,0.001000,0.001000,0.001000,0.001000
1061.980769,0.016130,0.001000,0.001000,0.001000,0.001000,0.001000
1062.000000,0.014831,0.001000,0.001000,0.001000,0.001000,0.001000
1062.019231,0.013522,0.001000,0.001000,0.001000,0.001000,0.001000
1062.038462,0.012202,0.001000,0.001000,0.001000,0.001000,0.001000
1062.057692,0.010873,0.001000,0.001000,0.001000,0.001000,0.001000
1062.076923,0.009536,0.001000,0.001000,0.001000,0.001000,0.001000
1062.096154,0.008193,0.001000,0.001000,0.001000,0.001000,0.001000
1062.115385,0.006843,0.001000,0.001000,0.001000,0.001000,0.001000
1062.134615,0.005487,0.001000,0.001000,0.001000,0.001000,0.001000
1062.153846,0.004128,0.001000,0.001000,0.001000,0.001000,0.001000
1062.173077,0.002766,0.001000,0.001000,0.001000,0.001000,0.001000
1062.192308,0.001401,0.001000,0.001000,0.001000,0.001000,0.001000
1062.211538,0.000036,0.001000,0.001000,0.001000,0.001000,0.001000
1062.230769,-0.001329,0.001000,0.001000,0.001000,0.001000,0.001000
1062.250000,-0.002694,0.001000,0.001000,0.001000,0.001000,0.001000
1062.269231,-0.004056,0.001000,0.001000,0.001000,0.001000,0.001000
1062.288462,-0.005416,0.001000,0.001000,0.001000,0.001000,0.001000
1062.307692,-0.006771,0.001000,0.001000,0.001000,0.001000,0.001000
1062.326923,-0.008121,0.001000,0.001000,0.001000,0.001000,0.001000
1062.346154,-0.009466,0.001000,0.001000,0.001000,0.001000,0.001000
1062.365385,-0.010803,0.001000,0.001000,0.001000,0.001000,0.001000
1062.384615,-0.012132,0.001000,0.001000,0.001000,0.001000,0.001000
1062.403846,-0.013452,0.001000,0.001000,0.001000,0.001000,0.001000
1062.423077,-0.014762,0.001000,0.001000,0.001000,0.001000,0.001000
1062.442308,-0.016061,0.001000,0.001000,0.001000,0.001000,0.001000
1062.461538,-0.017348,0.001000,0.001000,0.001000,0.001000,0.001000
1062.480769,-0.018622,0.001000,0.001000,0.001000,0.001000,0.001000
1062.500000,-0.019883,0.001000,0.001000,0.001000,0.001000,0.001000
1062.519231,-0.021128,0.001000,0.001000,0.001000,0.001000,0.001000
1062.538462,-0.022358,0.001000,0.001000,0.001000,0.001000,0.001000
1062.557692,-0.023571,0.001000,0.001000,0.001000,0.001000,0.001000
1062.576923,-0.024766,0.001000,0.001000,0.001000,0.001000,0.001000
1062.596154,-0.025943,0.001000,0.001000,0.001000,0.001000,0.001000
1062.615385,-0.027101,0.001000,0.001000,0.001000,0.001000,0.001000
1062.634615,-0.028238,0.001000,0.001000,0.001000,0.001000,0.001000
1062.653846,-0.029354,0.001000,0.001000,0.001000,0.001000,0.001000
1062.673077,-0.030449,0.001000,0.001000,0.001000,0.001000,0.001000
1062.692308,-0.031520,0.001000,0.001000,0.001000,0.001000,0.001000
1062.711538,-0.032568,0.001000,0.001000,0.001000,0.001000,0.001000
1062.730769,-0.033592,0.001000,0.001000,0.001000,0.001000,0.001000
1062.750000,-0.034591,0.001000,0.001000,0.001000,0.001000,0.001000
1062.769231,-0.035564,0.001000,0.001000,0.001000,0.001000,0.001000
1062.788462,-0.036511,0.001000,0.001000,0.001000,0.001000,0.001000
1062.807692,-0.037430,0.001000,0.001000,0.001000,0.001000,0.001000
1062.826923,-0.038321,0.001000,0.001000,0.001000,0.001000,0.001000
1062.846154,-0.039184,0.001000,0.001000,0.001000,0.001000,0.001000
1062.865385,-0.040018,0.001000,0.001000,0.001000,0.001000,0.001000
1062.884615,-0.040821,0.001000,0.001000,0.001000,0.001000,0.001000
1062.903846,-0.041595,0.001000,0.001000,0.001000,0.001000,0.001000
1062.923077,-0.042337,0.001000,0.001000,0.001000,0.001000,0.001000
1062.942308,-0.043047,0.001000,0.001000,0.001000,0.001000,0.001000
1062.961538,-0.043726,0.001000,0.001000,0.001000,0.001000,0.001000
1062.980769,-0.044372,0.001000,0.001000,0.001000,0.001000,0.001000
1063.000000,-0.044985,0.001000,0.001000,0.001000,0.001000,0.001000
1063.019231,-0.045564,0.001000,0.001000,0.001000,0.001000,0.001000
1063.038462,-0.046109,0.001000,0.001000,0.001000,0.001000,0.001000
1063.057692,-0.046620,0.001000,0.001000,0.001000,0.001000,0.001000
1063.076923,-0.047096,0.001000,0.001000,0.001000,0.001000,0.001000
1063.096154,-0.047537,0.001000,0.001000,0.001000,0.001000,0.001000
1063.115385,-0.047943,0.001000,0.001000,0.001000,0.001000,0.001000
1063.134615,-0.048312,0.001000,0.001000,0.001000,0.001000,0.001000
1063.153846,-0.048646,0.001000,0.001000,0.001000,0.001000,0.001000
1063.173077,-0.048944,0.001000,0.001000,0.001000,0.001000,0.001000
1063.192308,-0.049205,0.001000,0.001000,0.001000,0.001000,0.001000
1063.211538,-0.049429,0.001000,0.001000,0.001000,0.001000,0.001000
1063.230769,-0.049616,0.001000,0.001000,0.001000,0.001000,0.001000
1063.250000,-0.049767,0.001000,0.001000,0.001000,0.001000,0.001000
1063.269231,-0.049880,0.001000,0.001000,0.001000,0.001000,0.001000
1063.288462,-0.049956,0.001000,0.001000,0.001000,0.001000,0.001000
1063.307692,-0.049995,0.001000,0.001000,0.001000,0.001000,0.001000
1063.326923,-0.049996,0.001000,0.001000,0.001000,0.001000,0.001000
1063.346154,-0.049960,0.001000,0.001000,0.001000,0.001000,0.001000
1063.365385,-0.049887,0.001000,0.001000,0.001000,0.001000,0.001000
1063.384615,-0.049777,0.001000,0.001000,0.001000,0.001000,0.001000
1063.403846,-0.049629,0.001000,0.001000,0.001000,0.001000,0.001000
1063.423077,-0.049445,0.001000,0.001000,0.001000,0.001000,0.001000
1063.442308,-0.049224,0.001000,0.001000,0.001000,0.001000,0.001000
1063.461538,-0.048966,0.001000,0.001000,0.001000,0.001000,0.001000
1063.480769,-0.048671,0.001000,0.001000,0.001000,0.001000,0.001000
1063.500000,-0.048340,0.001000,0.001000,0.001000,0.001000,0.001000
1063.519231,-0.047973,0.001000,0.001000,0.001000,0.001000,0.001000
1063.538462,-0.047571,0.001000,0.001000,0.001000,0.001000,0.001000
1063.557692,-0.047132,0.001000,0.001000,0.001000,0.001000,0.001000
1063.576923,-0.046659,0.001000,0.001000,0.001000,0.001000,0.001000
1063.596154,-0.046151,0.001000,0.001000,0.001000,0.001000,0.001000
1063.615385,-0.045608,0.001000,0.001000,0.001000,0.001000,0.001000
1063.634615,-0.045032,0.001000,0.001000,0.001000,0.001000,0.001000
1063.653846,-0.044422,0.001000,0.001000,0.001000,0.001000,0.001000
1063.673077,-0.043778,0.001000,0.001000,0.001000,0.001000,0.001000
1063.692308,-0.043102,0.001000,0.001000,0.001000,0.001000,0.001000
1063.711538,-0.042394,0.001000,0.001000,0.001000,0.001000,0.001000
1063.730769,-0.041655,0.001000,0.001000,0.001000,0.001000,0.001000
1063.750000,-0.040884,0.001000,0.001000,0.001000,0.001000,0.001000
1063.769231,-0.040082,0.001000,0.001000,0.001000,0.001000,0.001000
1063.788462,-0.039251,0.001000,0.001000,0.001000,0.001000,0.001000
1063.807692,-0.038391,0.001000,0.001000,0.001000,0.001000,0.001000
1063.826923,-0.037502,0.001000,0.001000,0.001000,0.001000,0.001000
1063.846154,-0.036585,0.001000,0.001000,0.001000,0.001000,0.001000
1063.865385,-0.035640,0.001000,0.001000,0.001000,0.001000,0.001000
1063.884615,-0.034669,0.001000,0.001000,0.001000,0.001000,0.001000
1063.903846,-0.033672,0.001000,0.001000,0.001000,0.001000,0.001000
1063.923077,-0.032651,0.001000,0.001000,0.001000,0.001000,0.001000
1063.942308,-0.031604,0.001000,0.001000,0.001000,0.001000,0.001000
1063.961538,-0.030534,0.001000,0.001000,0.001000,0.001000,0.001000
1063.980769,-0.029442,0.001000,0.001000,0.001000,0.001000,0.001000
1064.000000,-0.028327,0.001000,0.001000,0.001000,0.001000,0.001000
1064.019231,-0.027191,0.001000,0.001000,0.001000,0.001000,0.001000
1064.038462,-0.026035,0.001000,0.001000,0.001000,0.001000,0.001000
1064.057692,-0.024860,0.001000,0.001000,0.001000,0.001000,0.001000
1064.076923,-0.023666,0.001000,0.001000,0.001000,0.001000,0.001000
1064.096154,-0.022454,0.001000,0.001000,0.001000,0.001000,0.001000
1064.115385,-0.021226,0.001000,0.001000,0.001000,0.001000,0.001000
1064.134615,-0.019982,0.001000,0.001000,0.001000,0.001000,0.001000
1064.153846,-0.018723,0.001000,0.001000,0.001000,0.001000,0.001000
1064.173077,-0.017450,0.001000,0.001000,0.001000,0.001000,0.001000
1064.192308,-0.016164,0.001000,0.001000,0.001000,0.001000,0.001000
1064.211538,-0.014866,0.001000,0.001000,0.001000,0.001000,0.001000
1064.230769,-0.013556,0.001000,0.001000,0.001000,0.001000,0.001000
1064.250000,-0.012237,0.001000,0.001000,0.001000,0.001000,0.001000
1064.269231,-0.010908,0.001000,0.001000,0.001000,0.001000,0.001000
1064.288462,-0.009572,0.001000,0.001000,0.001000,0.001000,0.001000
1064.307692,-0.008228,0.001000,0.001000,0.001000,0.001000,0.001000
1064.326923,-0.006878,0.001000,0.001000,0.001000,0.001000,0.001000
1064.346154,-0.005523,0.001000,0.001000,0.001000,0.001000,0.001000
1064.365385,-0.004164,0.001000,0.001000,0.001000,0.001000,0.001000
1064.384615,-0.002802,0.001000,0.001000,0.001000,0.001000,0.001000
1064.403846,-0.001438,0.001000,0.001000,0.001000,0.001000,0.001000
1064.423077,-0.000072,0.001000,0.001000,0.001000,0.001000,0.001000
1064.442308,0.001293,0.001000,0.001000,0.001000,0.001000,0.001000
1064.461538,0.002658,0.001000,0.001000,0.001000,0.001000,0.001000
1064.480769,0.004020,0.001000,0.001000,0.001000,0.001000,0.001000
1064.500000,0.005380,0.001000,0.001000,0.001000,0.001000,0.001000
1064.519231,0.006735,0.001000,0.001000,0.001000,0.001000,0.001000
1064.538462,0.008086,0.001000,0.001000,0.001000,0.001000,0.001000
1064.557692,0.009430,0.001000,0.001000,0.001000,0.001000,0.001000
1064.576923,0.010768,0.001000,0.001000,0.001000,0.001000,0.001000
1064.596154,0.012097,0.001000,0.001000,0.001000,0.001000,0.001000
1064.615385,0.013417,0.001000,0.001000,0.001000,0.001000,0.001000
1064.634615,0.014728,0.001000,0.001000,0.001000,0.001000,0.001000
1064.653846,0.016027,0.001000,0.001000,0.001000,0.001000,0.001000
1064.673077,0.017314,0.001000,0.001000,0.001000,0.001000,0.001000
1064.692308,0.018589,0.001000,0.001000,0.001000,0.001000,0.001000
1064.711538,0.019850,0.001000,0.001000,0.001000,0.001000,0.001000
1064.730769,0.021095,0.001000,0.001000,0.001000,0.001000,0.001000
1064.750000,0.022325,0.001000,0.001000,0.001000,0.001000,0.001000
1064.769231,0.023539,0.001000,0.001000,0.001000,0.001000,0.001000
1064.788462,0.024735,0.001000,0.001000,0.001000,0.001000,0.001000
1064.807692,0.025912,0.001000,0.001000,0.001000,0.001000,0.001000
1064.826923,0.027070,0.001000,0.001000,0.001000,0.001000,0.001000
1064.846154,0.028208,0.001000,0.001000,0.001000,0.001000,0.001000
1064.865385,0.029325,0.001000,0.001000,0.001000,0.001000,0.001000
1064.884615,0.030420,0.001000,0.001000,0.001000,0.001000,0.001000
1064.903846,0.031492,0.001000,0.001000,0.001000,0.001000,0.001000
1064.923077,0.032541,0.001000,0.001000,0.001000,0.001000,0.001000
1064.942308,0.033566,0.001000,0.001000,0.001000,0.001000,0.001000
1064.961538,0.034565,0.001000,0.001000,0.001000,0.001000,0.001000
1064.980769,0.035539,0.001000,0.001000,0.001000,0.001000,0.001000
1065.000000,0.036486,0.001000,0.001000,0.001000,0.001000,0.001000
1065.019231,0.037406,0.001000,0.001000,0.001000,0.001000,0.001000
1065.038462,0.038298,0.001000,0.001000,0.001000,0.001000,0.001000
1065.057692,0.039162,0.001000,0.001000,0.001000,0.001000,0.001000
1065.076923,0.039996,0.001000,0.001000,0.001000,0.001000,0.001000
1065.096154,0.040801,0.001000,0.001000,0.001000,0.001000,0.001000
1065.115385,0.041575,0.001000,0.001000,0.001000,0.001000,0.001000
1065.134615,0.042318,0.001000,0.001000,0.001000,0.001000,0.001000
1065.153846,0.043029,0.001000,0.001000,0.001000,0.001000,0.001000
1065.173077,0.043708,0.001000,0.001000,0.001000,0.001000,0.001000
1065.192308,0.044355,0.001000,0.001000,0.001000,0.001000,0.001000
1065.211538,0.044969,0.001000,0.001000,0.001000,0.001000,0.001000
1065.230769,0.045549,0.001000,0.001000,0.001000,0.001000,0.001000
1065.250000,0.046095,0.001000,0.001000,0.001000,0.001000,0.001000
1065.269231,0.046607,0.001000,0.001000,0.001000,0.001000,0.001000
1065.288462,0.047084,0.001000,0.001000,0.001000,0.001000,0.001000
1065.307692,0.047526,0.001000,0.001000,0.001000,0.001000,0.001000
1065.326923,0.047932,0.001000,0.001000,0.001000,0.001000,0.001000
1065.346154,0.048303,0.001000,0.001000,0.001000,0.001000,0.001000
1065.365385,0.048638,0.001000,0.001000,0.001000,0.001000,0.001000
1065.384615,0.048936,0.001000,0.001000,0.001000,0.001000,0.001000
1065.403846,0.049198,0.001000,0.001000,0.001000,0.001000,0.001000
1065.423077,0.049423,0.001000,0.001000,0.001000,0.001000,0.001000
1065.442308,0.049612,0.001000,0.001000,0.001000,0.001000,0.001000
1065.461538,0.049763,0.001000,0.001000,0.001000,0.001000,0.001000
1065.480769,0.049877,0.001000,0.001000,0.001000,0.001000,0.001000
1065.500000,0.049954,0.001000,0.001000,0.001000,0.001000,0.001000
1065.519231,0.049994,0.001000,0.001000,0.001000,0.001000,0.001000
1065.538462,0.049996,0.001000,0.001000,0.001000,0.001000,0.001000
1065.557692,0.049962,0.001000,0.001000,0.001000,0.001000,0.001000
1065.576923,0.049890,0.001000,0.001000,0.001000,0.001000,0.001000
1065.596154,0.049780,0.001000,0.001000,0.001000,0.001000,0.001000
1065.615385,0.049634,0.001000,0.001000,0.001000,0.001000,0.001000
1065.634615,0.049450,0.001000,0.001000,0.001000,0.001000,0.001000
1065.653846,0.049230,0.001000,0.001000,0.001000,0.001000,0.001000
1065.673077,0.048973,0.001000,0.001000,0.001000,0.001000,0.001000
1065.692308,0.048679,0.001000,0.001000,0.001000,0.001000,0.001000
1065.711538,0.048349,0.001000,0.001000,0.001000,0.001000,0.001000
1065.730769,0.047983,0.001000,0.001000,0.001000,0.001000,0.001000
1065.750000,0.047582,0.001000,0.001000,0.001000,0.001000,0.001000
1065.769231,0.047144,0.001000,0.001000,0.001000,0.001000,0.001000
1065.788462,0.046672,0.001000,0.001000,0.001000,0.001000,0.001000
1065.807692,0.046165,0.001000,0.001000,0.001000,0.001000,0.001000
1065.826923,0.045623,0.001000,0.001000,0.001000,0.001000,0.001000
1065.846154,0.045047,0.001000,0.001000,0.001000,0.001000,0.001000
1065.865385,0.044438,0.001000,0.001000,0.001000,0.001000,0.001000
1065.884615,0.043796,0.001000,0.001000,0.001000,0.001000,0.001000
1065.903846,0.043121,0.001000,0.001000,0.001000,0.001000,0.001000
1065.923077,0.042413,0.001000,0.001000,0.001000,0.001000,0.001000
1065.942308,0.041674,0.001000,0.001000,0.001000,0.001000,0.001000
1065.961538,0.040904,0.001000,0.001000,0.001000,0.001000,0.001000
1065.980769,0.040104,0.001000,0.001000,0.001000,0.001000,0.001000
1066.000000,0.039274,0.001000,0.001000,0.001000,0.001000,0.001000
1066.019231,0.038414,0.001000,0.001000,0.001000,0.001000,0.001000
1066.038462,0.037526,0.001000,0.001000,0.001000,0.001000,0.001000
1066.057692,0.036609,0.001000,0.001000,0.001000,0.001000,0.001000
1066.076923,0.035666,0.001000,0.001000,0.001000,0.001000,0.001000
1066.096154,0.034695,0.001000,0.001000,0.001000,0.001000,0.001000
1066.115385,0.033699,0.001000,0.001000,0.001000,0.001000,0.001000
1066.134615,0.032678,0.001000,0.001000,0.001000,0.001000,0.001000
1066.153846,0.031632,0.001000,0.001000,0.001000,0.001000,0.001000
1066.173077,0.030563,0.001000,0.001000,0.001000,0.001000,0.001000
1066.192308,0.029471,0.001000,0.001000,0.001000,0.001000,0.001000
1066.211538,0.028357,0.001000,0.001000,0.001000,0.001000,0.001000
1066.230769,0.027222,0.001000,0.001000,0.001000,0.001000,0.001000
1066.250000,0.026066,0.001000,0.001000,0.001000,0.001000,0.001000
1066.269231,0.024891,0.001000,0.001000,0.001000,0.001000,0.001000
1066.288462,0.023698,0.001000,0.001000,0.001000,0.001000,0.001000
1066.307692,0.022487,0.001000,0.001000,0.001000,0.001000,0.001000
1066.326923,0.021259,0.001000,0.001000,0.001000,0.001000,0.001000
1066.346154,0.020015,0.001000,0.001000,0.001000,0.001000,0.001000
1066.365385,0.018756,0.001000,0.001000,0.001000,0.001000,0.001000
1066.384615,0.017484,0.001000,0.001000,0.001000,0.001000,0.001000
1066.403846,0.016198,0.001000,0.001000,0.001000,0.001000,0.001000
1066.423077,0.014900,0.001000,0.001000,0.001000,0.001000,0.001000
1066.442308,0.013591,0.001000,0.001000,0.001000,0.001000,0.001000
1066.461538,0.012272,0.001000,0.001000,0.001000,0.001000,0.001000
1066.480769,0.010944,0.001000,0.001000,0.001000,0.001000,0.001000
1066.500000,0.009607,0.001000,0.001000,0.001000,0.001000,0.001000
1066.519231,0.008264,0.001000,0.001000,0.001000,0.001000,0.001000
1066.538462,0.006914,0.001000,0.001000,0.001000,0.001000,0.001000
1066.557692,0.005559,0.001000,0.001000,0.001000,0.001000,0.001000
1066.576923,0.004200,0.001000,0.001000,0.001000,0.001000,0.001000
1066.596154,0.002838,0.001000,0.001000,0.001000,0.001000,0.001000
1066.615385,0.001474,0.001000,0.001000,0.001000,0.001000,0.001000
1066.634615,0.000108,0.001000,0.001000,0.001000,0.001000,0.001000
1066.653846,-0.001257,0.001000,0.001000,0.001000,0.001000,0.001000
1066.673077,-0.002622,0.001000,0.001000,0.001000,0.001000,0.001000
1066.692308,-0.003984,0.001000,0.001000,0.001000,0.001000,0.001000
1066.711538,-0.005344,0.001000,0.001000,0.001000,0.001000,0.001000
1066.730769,-0.006700,0.001000,0.001000,0.001000,0.001000,0.001000
1066.750000,-0.008050,0.001000,0.001000,0.001000,0.001000,0.001000
1066.769231,-0.009395,0.001000,0.001000,0.001000,0.001000,0.001000
1066.788462,-0.010732,0.001000,0.001000,0.001000,0.001000,0.001000
1066.807692,-0.012062,0.001000,0.001000,0.001000,0.001000,0.001000
1066.826923,-0.013383,0.001000,0.001000,0.001000,0.001000,0.001000
1066.846154,-0.014693,0.001000,0.001000,0.001000,0.001000,0.001000
1066.865385,-0.015993,0.001000,0.001000,0.001000,0.001000,0.001000
1066.884615,-0.017281,0.001000,0.001000,0.001000,0.001000,0.001000
1066.903846,-0.018555,0.001000,0.001000,0.001000,0.001000,0.001000
1066.923077,-0.019816,0.001000,0.001000,0.001000,0.001000,0.001000
1066.942308,-0.021063,0.001000,0.001000,0.001000,0.001000,0.001000
1066.961538,-0.022293,0.001000,0.001000,0.001000,0.001000,0.001000
1066.980769,-0.023507,0.001000,0.001000,0.001000,0.001000,0.001000
1067.000000,-0.024703,0.001000,0.001000,0.001000,0.001000,0.001000
1067.019231,-0.025881,0.001000,0.001000,0.001000,0.001000,0.001000
1067.038462,-0.027040,0.001000,0.001000,0.001000,0.001000,0.001000
1067.057692,-0.028178,0.001000,0.001000,0.001000,0.001000,0.001000
1067.076923,-0.029296,0.001000,0.001000,0.001000,0.001000,0.001000
1067.096154,-0.030391,0.001000,0.001000,0.001000,0.001000,0.001000
1067.115385,-0.031464,0.001000,0.001000,0.001000,0.001000,0.001000
1067.134615,-0.032514,0.001000,0.001000,0.001000,0.001000,0.001000
1067.153846,-0.033539,0.001000,0.001000,0.001000,0.001000,0.001000
1067.173077,-0.034539,0.001000,0.001000,0.001000,0.001000,0.001000
1067.192308,-0.035513,0.001000,0.001000,0.001000,0.001000,0.001000
1067.211538,-0.036461,0.001000,0.001000,0.001000,0.001000,0.001000
1067.230769,-0.037382,0.001000,0.001000,0.001000,0.001000,0.001000
1067.250000,-0.038275,0.001000,0.001000,0.001000,0.001000,0.001000
1067.269231,-0.039139,0.001000,0.001000,0.001000,0.001000,0.001000
1067.288462,-0.039974,0.001000,0.001000,0.001000,0.001000,0.001000
1067.307692,-0.040780,0.001000,0.001000,0.001000,0.001000,0.001000
1067.326923,-0.041555,0.001000,0.001000,0.001000,0.001000,0.001000
1067.346154,-0.042298,0.001000,0.001000,0.001000,0.001000,0.001000
1067.365385,-0.043011,0.001000,0.001000,0.001000,0.001000,0.001000
1067.384615,-0.043691,0.001000,0.001000,0.001000,0.001000,0.001000
1067.403846,-0.044339,0.001000,0.001000,0.001000,0.001000,0.001000
1067.423077,-0.044953,0.001000,0.001000,0.001000,0.001000,0.001000
1067.442308,-0.045534,0.001000,0.001000,0.001000,0.001000,0.001000
1067.461538,-0.046081,0.001000,0.001000,0.001000,0.001000,0.001000
1067.480769,-0.046594,0.001000,0.001000,0.001000,0.001000,0.001000
1067.500000,-0.047072,0.001000,0.001000,0.001000,0.001000,0.001000
1067.519231,-0.047515,0.001000,0.001000,0.001000,0.001000,0.001000
1067.538462,-0.047922,0.001000,0.001000,0.001000,0.001000,0.001000
1067.557692,-0.048294,0.001000,0.001000,0.001000,0.001000,0.001000
1067.576923,-0.048629,0.001000,0.001000,0.001000,0.001000,0.001000
1067.596154,-0.048929,0.001000,0.001000,0.001000,0.001000,0.001000
1067.615385,-0.049192,0.001000,0.001000,0.001000,0.001000,0.001000
1067.634615,-0.049418,0.001000,0.001000,0.001000,0.001000,0.001000
1067.653846,-0.049607,0.001000,0.001000,0.001000,0.001000,0.001000
1067.673077,-0.049760,0.001000,0.001000,0.001000,0.001000,0.001000
1067.692308,-0.049875,0.001000,0.001000,0.001000,0.001000,0.001000
1067.711538,-0.049953,0.001000,0.001000,0.001000,0.001000,0.001000
1067.730769,-0.049993,0.001000,0.001000,0.001000,0.001000,0.001000
1067.750000,-0.049997,0.001000,0.001000,0.001000,0.001000,0.001000
1067.769231,-0.049963,0.001000,0.001000,0.001000,0.001000,0.001000
1067.788462,-0.049892,0.001000,0.001000,0.001000,0.001000,0.001000
1067.807692,-0.049784,0.001000,0.001000,0.001000,0.001000,0.001000
1067.826923,-0.049638,0.001000,0.001000,0.001000,0.001000,0.001000
1067.846154,-0.049456,0.001000,0.001000,0.001000,0.001000,0.001000
1067.865385,-0.049236,0.001000,0.001000,0.001000,0.001000,0.001000
1067.884615,-0.048980,0.001000,0.001000,0.001000,0.001000,0.001000
1067.903846,-0.048688,0.001000,0.001000,0.001000,0.001000,0.001000
1067.923077,-0.048359,0.001000,0.001000,0.001000,0.001000,0.001000
1067.942308,-0.047994,0.001000,0.001000,0.001000,0.001000,0.001000
1067.961538,-0.047593,0.001000,0.001000,0.001000,0.001000,0.001000
1067.980769,-0.047156,0.001000,0.001000,0.001000,0.001000,0.001000
1068.000000,-0.046685,0.001000,0.001000,0.001000,0.001000,0.001000
1068.019231,-0.046179,0.001000,0.001000,0.001000,0.001000,0.001000
1068.038462,-0.045638,0.001000,0.001000,0.001000,0.001000,0.001000
1068.057692,-0.045063,0.001000,0.001000,0.001000,0.001000,0.001000
1068.076923,-0.044455,0.001000,0.001000,0.001000,0.001000,0.001000
1068.096154,-0.043813,0.001000,0.001000,0.001000,0.001000,0.001000
1068.115385,-0.043139,0.001000,0.001000,0.001000,0.001000,0.001000
1068.134615,-0.042432,0.001000,0.001000,0.001000,0.001000,0.001000
1068.153846,-0.041694,0.001000,0.001000,0.001000,0.001000,0.001000
1068.173077,-0.040925,0.001000,0.001000,0.001000,0.001000,0.001000
1068.192308,-0.040126,0.001000,0.001000,0.001000,0.001000,0.001000
1068.211538,-0.039296,0.001000,0.001000,0.001000,0.001000,0.001000
1068.230769,-0.038437,0.001000,0.001000,0.001000,0.001000,0.001000
1068.250000,-0.037549,0.001000,0.001000,0.001000,0.001000,0.001000
1068.269231,-0.036634,0.001000,0.001000,0.001000,0.001000,0.001000
1068.288462,-0.035691,0.001000,0.001000,0.001000,0.001000,0.001000
1068.307692,-0.034721,0.001000,0.001000,0.001000,0.001000,0.001000
1068.326923,-0.033726,0.001000,0.001000,0.001000,0.001000,0.001000
1068.346154,-0.032705,0.001000,0.001000,0.001000,0.001000,0.001000
1068.365385,-0.031660,0.001000,0.001000,0.001000,0.001000,0.001000
1068.384615,-0.030591,0.001000,0.001000,0.001000,0.001000,0.001000
1068.403846,-0.029500,0.001000,0.001000,0.001000,0.001000,0.001000
1068.423077,-0.028387,0.001000,0.001000,0.001000,0.001000,0.001000
1068.442308,-0.027252,0.001000,0.001000,0.001000,0.001000,0.001000
1068.461538,-0.026097,0.001000,0.001000,0.001000,0.001000,0.001000
1068.480769,-0.024923,0.001000,0.001000,0.001000,0.001000,0.001000
1068.500000,-0.023730,0.001000,0.001000,0.001000,0.001000,0.001000
1068.519231,-0.022519,0.001000,0.001000,0.001000,0.001000,0.001000
1068.538462,-0.021291,0.001000,0.001000,0.001000,0.001000,0.001000
1068.557692,-0.020048,0.001000,0.001000,0.001000,0.001000,0.001000
1068.576923,-0.018790,0.001000,0.001000,0.001000,0.001000,0.001000
1068.596154,-0.017517,0.001000,0.001000,0.001000,0.001000,0.001000
1068.615385,-0.016232,0.001000,0.001000,0.001000,0.001000,0.001000
1068.634615,-0.014934,0.001000,0.001000,0.001000,0.001000,0.001000
1068.653846,-0.013626,0.001000,0.001000,0.001000,0.001000,0.001000
1068.673077,-0.012307,0.001000,0.001000,0.001000,0.001000,0.001000
1068.692308,-0.010979,0.001000,0.001000,0.001000,0.001000,0.001000
1068.711538,-0.009643,0.001000,0.001000,0.001000,0.001000,0.001000
1068.730769,-0.008299,0.001000,0.001000,0.001000,0.001000,0.001000
1068.750000,-0.006950,0.001000,0.001000,0.001000,0.001000,0.001000
1068.769231,-0.005595,0.001000,0.001000,0.001000,0.001000,0.001000
1068.788462,-0.004236,0.001000,0.001000,0.001000,0.001000,0.001000
1068.807692,-0.002874,0.001000,0.001000,0.001000,0.001000,0.001000
1068.826923,-0.001510,0.001000,0.001000,0.001000,0.001000,0.001000
1068.846154,-0.000144,0.001000,0.001000,0.001000,0.001000,0.001000
1068.865385,0.001221,0.001000,0.001000,0.001000,0.001000,0.001000
1068.884615,0.002586,0.001000,0.001000,0.001000,0.001000,0.001000
1068.903846,0.003948,0.001000,0.001000,0.001000,0.001000,0.001000
1068.923077,0.005308,0.001000,0.001000,0.001000,0.001000,0.001000
1068.942308,0.006664,0.001000,0.001000,0.001000,0.001000,0.001000
1068.961538,0.008015,0.001000,0.001000,0.001000,0.001000,0.001000
1068.980769,0.009359,0.001000,0.001000,0.001000,0.001000,0.001000
1069.000000,0.010697,0.001000,0.001000,0.001000,0.001000,0.001000
1069.019231,0.012027,0.001000,0.001000,0.001000,0.001000,0.001000
1069.038462,0.013348,0.001000,0.001000,0.001000,0.001000,0.001000
1069.057692,0.014659,0.001000,0.001000,0.001000,0.001000,0.001000
1069.076923,0.015959,0.001000,0.001000,0.001000,0.001000,0.001000
1069.096154,0.017247,0.001000,0.001000,0.001000,0.001000,0.001000
1069.115385,0.018522,0.001000,0.001000,0.001000,0.001000,0.001000
1069.134615,0.019783,0.001000,0.001000,0.001000,0.001000,0.001000
1069.153846,0.021030,0.001000,0.001000,0.001000,0.001000,0.001000
1069.173077,0.022261,0.001000,0.001000,0.001000,0.001000,0.001000
1069.192308,0.023475,0.001000,0.001000,0.001000,0.001000,0.001000
1069.211538,0.024672,0.001000,0.001000,0.001000,0.001000,0.001000
1069.230769,0.025850,0.001000,0.001000,0.001000,0.001000,0.001000
1069.250000,0.027010,0.001000,0.001000,0.001000,0.001000,0.001000
1069.269231,0.028149,0.001000,0.001000,0.001000,0.001000,0.001000
1069.288462,0.029267,0.001000,0.001000,0.001000,0.001000,0.001000
1069.307692,0.030363,0.001000,0.001000,0.001000,0.001000,0.001000
1069.326923,0.031436,0.001000,0.001000,0.001000,0.001000,0.001000
1069.346154,0.032486,0.001000,0.001000,0.001000,0.001000,0.001000
1069.365385,0.033512,0.001000,0.001000,0.001000,0.001000,0.001000
1069.384615,0.034513,0.001000,0.001000,0.001000,0.001000,0.001000
1069.403846,0.035488,0.001000,0.001000,0.001000,0.001000,0.001000
1069.423077,0.036437,0.001000,0.001000,0.001000,0.001000,0.001000
1069.442308,0.037358,0.001000,0.001000,0.001000,0.001000,0.001000
1069.461538,0.038252,0.001000,0.001000,0.001000,0.001000,0.001000
1069.480769,0.039117,0.001000,0.001000,0.001000,0.001000,0.001000
1069.500000,0.039953,0.001000,0.001000,0.001000,0.001000,0.001000
1069.519231,0.040759,0.001000,0.001000,0.001000,0.001000,0.001000
1069.538462,0.041534,0.001000,0.001000,0.001000,0.001000,0.001000
1069.557692,0.042279,0.001000,0.001000,0.001000,0.001000,0.001000
1069.576923,0.042992,0.001000,0.001000,0.001000,0.001000,0.001000
1069.596154,0.043673,0.001000,0.001000,0.001000,0.001000,0.001000
1069.615385,0.044322,0.001000,0.001000,0.001000,0.001000,0.001000
1069.634615,0.044937,0.001000,0.001000,0.001000,0.001000,0.001000
1069.653846,0.045519,0.001000,0.001000,0.001000,0.001000,0.001000
1069.673077,0.046067,0.001000,0.001000,0.001000,0.001000,0.001000
1069.692308,0.046581,0.001000,0.001000,0.001000,0.001000,0.001000
1069.711538,0.047060,0.001000,0.001000,0.001000,0.001000,0.001000
1069.730769,0.047504,0.001000,0.001000,0.001000,0.001000,0.001000
1069.750000,0.047912,0.001000,0.001000,0.001000,0.001000,0.001000
1069.769231,0.048284,0.001000,0.001000,0.001000,0.001000,0.001000
1069.788462,0.048621,0.001000,0.001000,0.001000,0.001000,0.001000
1069.807692,0.048921,0.001000,0.001000,0.001000,0.001000,0.001000
1069.826923,0.049185,0.001000,0.001000,0.001000,0.001000,0.001000
1069.846154,0.049412,0.001000,0.001000,0.001000,0.001000,0.001000
1069.865385,0.049603,0.001000,0.001000,0.001000,0.001000,0.001000
1069.884615,0.049756,0.001000,0.001000,0.001000,0.001000,0.001000
1069.903846,0.049872,0.001000,0.001000,0.001000,0.001000,0.001000
1069.923077,0.049951,0.001000,0.001000,0.001000,0.001000,0.001000
1069.942308,0.049993,0.001000,0.001000,0.001000,0.001000,0.001000
1069.961538,0.049997,0.001000,0.001000,0.001000,0.001000,0.001000
1069.980769,0.049964,0.001000,0.001000,0.001000,0.001000,0.001000
1070.000000,0.049894,0.001000,0.001000,0.001000,0.001000,0.001000
1070.019231,0.049787,0.001000,0.001000,0.001000,0.001000,0.001000
1070.038462,0.049642,0.001000,0.001000,0.001000,0.001000,0.001000
1070.057692,0.049461,0.001000,0.001000,0.001000,0.001000,0.001000
1070.076923,0.049243,0.001000,0.001000,0.001000,0.001000,0.001000
1070.096154,0.048987,0.001000,0.001000,0.001000,0.001000,0.001000
1070.115385,0.048696,0.001000,0.001000,0.001000,0.001000,0.001000
1070.134615,0.048368,0.001000,0.001000,0.001000,0.001000,0.001000
1070.153846,0.048004,0.001000,0.001000,0.001000,0.001000,0.001000
1070.173077,0.047604,0.001000,0.001000,0.001000,0.001000,0.001000
1070.192308,0.047168,0.001000,0.001000,0.001000,0.001000,0.001000
1070.211538,0.046698,0.001000,0.001000,0.001000,0.001000,0.001000
1070.230769,0.046192,0.001000,0.001000,0.001000,0.001000,0.001000
1070.250000,0.045653,0.001000,0.001000,0.001000,0.001000,0.001000
1070.269231,0.045079,0.001000,0.001000,0.001000,0.001000,0.001000
1070.288462,0.044471,0.001000,0.001000,0.001000,0.001000,0.001000
1070.307692,0.043831,0.001000,0.001000,0.001000,0.001000,0.001000
1070.326923,0.043157,0.001000,0.001000,0.001000,0.001000,0.001000
1070.346154,0.042452,0.001000,0.001000,0.001000,0.001000,0.001000
1070.365385,0.041714,0.001000,0.001000,0.001000,0.001000,0.001000
1070.384615,0.040946,0.001000,0.001000,0.001000,0.001000,0.001000
1070.403846,0.040147,0.001000,0.001000,0.001000,0.001000,0.001000
1070.423077,0.039318,0.001000,0.001000,0.001000,0.001000,0.001000
1070.442308,0.038460,0.001000,0.001000,0.001000,0.001000,0.001000
1070.461538,0.037573,0.001000,0.001000,0.001000,0.001000,0.001000
1070.480769,0.036658,0.001000,0.001000,0.001000,0.001000,0.001000
1070.500000,0.035716,0.001000,0.001000,0.001000,0.001000,0.001000
1070.519231,0.034747,0.001000,0.001000,0.001000,0.001000,0.001000
1070.538462,0.033752,0.001000,0.001000,0.001000,0.001000,0.001000
1070.557692,0.032732,0.001000,0.001000,0.001000,0.001000,0.001000
1070.576923,0.031688,0.001000,0.001000,0.001000,0.001000,0.001000
1070.596154,0.030620,0.001000,0.001000,0.001000,0.001000,0.001000
1070.615385,0.029529,0.001000,0.001000,0.001000,0.001000,0.001000
1070.634615,0.028416,0.001000,0.001000,0.001000,0.001000,0.001000
1070.653846,0.027282,0.001000,0.001000,0.001000,0.001000,0.001000
1070.673077,0.026128,0.001000,0.001000,0.001000,0.001000,0.001000
1070.692308,0.024954,0.001000,0.001000,0.001000,0.001000,0.001000
1070.711538,0.023761,0.001000,0.001000,0.001000,0.001000,0.001000
1070.730769,0.022551,0.001000,0.001000,0.001000,0.001000,0.001000
1070.750000,0.021324,0.001000,0.001000,0.001000,0.001000,0.001000
1070.769231,0.020081,0.001000,0.001000,0.001000,0.001000,0.001000
1070.788462,0.018823,0.001000,0.001000,0.001000,0.001000,0.001000
1070.807692,0.017551,0.001000,0.001000,0.001000,0.001000,0.001000
1070.826923,0.016266,0.001000,0.001000,0.001000,0.001000,0.001000
1070.846154,0.014969,0.001000,0.001000,0.001000,0.001000,0.001000
1070.865385,0.013660,0.001000,0.001000,0.001000,0.001000,0.001000
1070.884615,0.012342,0.001000,0.001000,0.001000,0.001000,0.001000
1070.903846,0.011014,0.001000,0.001000,0.001000,0.001000,0.001000
1070.923077,0.009678,0.001000,0.001000,0.001000,0.001000,0.001000
1070.942308,0.008335,0.001000,0.001000,0.001000,0.001000,0.001000
1070.961538,0.006985,0.001000,0.001000,0.001000,0.001000,0.001000
1070.980769,0.005631,0.001000,0.001000,0.001000,0.001000,0.001000
1071.000000,0.004272,0.001000,0.001000,0.001000,0.001000,0.001000
1071.019231,0.002910,0.001000,0.001000,0.001000,0.001000,0.001000
1071.038462,0.001546,0.001000,0.001000,0.001000,0.001000,0.001000
1071.057692,0.000180,0.001000,0.001000,0.001000,0.001000,0.001000
1071.076923,-0.001185,0.001000,0.001000,0.001000,0.001000,0.001000
1071.096154,-0.002550,0.001000,0.001000,0.001000,0.001000,0.001000
1071.115385,-0.003912,0.001000,0.001000,0.001000,0.001000,0.001000
1071.134615,-0.005272,0.001000,0.001000,0.001000,0.001000,0.001000
1071.153846,-0.006628,0.001000,0.001000,0.001000,0.001000,0.001000
1071.173077,-0.007979,0.001000,0.001000,0.001000,0.001000,0.001000
1071.192308,-0.009324,0.001000,0.001000,0.001000,0.001000,0.001000
1071.211538,-0.010662,0.001000,0.001000,0.001000,0.001000,0.001000
1071.230769,-0.011992,0.001000,0.001000,0.001000,0.001000,0.001000
1071.250000,-0.013313,0.001000,0.001000,0.001000,0.001000,0.001000
1071.269231,-0.014624,0.001000,0.001000,0.001000,0.001000,0.001000
1071.288462,-0.015924,0.001000,0.001000,0.001000,0.001000,0.001000
1071.307692,-0.017213,0.001000,0.001000,0.001000,0.001000,0.001000
1071.326923,-0.018488,0.001000,0.001000,0.001000,0.001000,0.001000
1071.346154,-0.019750,0.001000,0.001000,0.001000,0.001000,0.001000
1071.365385,-0.020997,0.001000,0.001000,0.001000,0.001000,0.001000
1071.384615,-0.022229,0.001000,0.001000,0.001000,0.001000,0.001000
1071.403846,-0.023443,0.001000,0.001000,0.001000,0.001000,0.001000
1071.423077,-0.024641,0.001000,0.001000,0.001000,0.001000,0.001000
1071.442308,-0.025820,0.001000,0.001000,0.001000,0.001000,0.001000
1071.461538,-0.026979,0.001000,0.001000,0.001000,0.001000,0.001000
1071.480769,-0.028119,0.001000,0.001000,0.001000,0.001000,0.001000
1071.500000,-0.029237,0.001000,0.001000,0.001000,0.001000,0.001000
1071.519231,-0.030334,0.001000,0.001000,0.001000,0.001000,0.001000
1071.538462,-0.031408,0.001000,0.001000,0.001000,0.001000,0.001000
1071.557692,-0.032459,0.001000,0.001000,0.001000,0.001000,0.001000
1071.576923,-0.033485,0.001000,0.001000,0.001000,0.001000,0.001000
1071.596154,-0.034487,0.001000,0.001000,0.001000,0.001000,0.001000
1071.615385,-0.035463,0.001000,0.001000,0.001000,0.001000,0.001000
1071.634615,-0.036412,0.001000,0.001000,0.001000,0.001000,0.001000
1071.653846,-0.037334,0.001000,0.001000,0.001000,0.001000,0.001000
1071.673077,-0.038229,0.001000,0.001000,0.001000,0.001000,0.001000
1071.692308,-0.039094,0.001000,0.001000,0.001000,0.001000,0.001000
1071.711538,-0.039931,0.001000,0.001000,0.001000,0.001000,0.001000
1071.730769,-0.040738,0.001000,0.001000,0.001000,0.001000,0.001000
1071.750000,-0.041514,0.001000,0.001000,0.001000,0.001000,0.001000
1071.769231,-0.042260,0.001000,0.001000,0.001000,0.001000,0.001000
1071.788462,-0.042974,0.001000,0.001000,0.001000,0.001000,0.001000
1071.807692,-0.043656,0.001000,0.001000,0.001000,0.001000,0.001000
1071.826923,-0.044305,0.001000,0.001000,0.001000,0.001000,0.001000
1071.846154,-0.044922,0.001000,0.001000,0.001000,0.001000,0.001000
1071.865385,-0.045504,0.001000,0.001000,0.001000,0.001000,0.001000
1071.884615,-0.046053,0.001000,0.001000,0.001000,0.001000,0.001000
1071.903846,-0.046568,0.001000,0.001000,0.001000,0.001000,0.001000
1071.923077,-0.047048,0.001000,0.001000,0.001000,0.001000,0.001000
1071.942308,-0.047492,0.001000,0.001000,0.001000,0.001000,0.001000
1071.961538,-0.047902,0.001000,0.001000,0.001000,0.001000,0.001000
1071.980769,-0.048275,0.001000,0.001000,0.001000,0.001000,0.001000
1072.000000,-0.048613,0.001000,0.001000,0.001000,0.001000,0.001000
1072.019231,-0.048914,0.001000,0.001000,0.001000,0.001000,0.001000
1072.038462,-0.049179,0.001000,0.001000,0.001000,0.001000,0.001000
1072.057692,-0.049407,0.001000,0.001000,0.001000,0.001000,0.001000
1072.076923,-0.049598,0.001000,0.001000,0.001000,0.001000,0.001000
1072.096154,-0.049752,0.001000,0.001000,0.001000,0.001000,0.001000
1072.115385,-0.049870,0.001000,0.001000,0.001000,0.001000,0.001000
1072.134615,-0.049950,0.001000,0.001000,0.001000,0.001000,0.001000
1072.153846,-0.049992,0.001000,0.001000,0.001000,0.001000,0.001000
1072.173077,-0.049998,0.001000,0.001000,0.001000,0.001000,0.001000
1072.192308,-0.049966,0.001000,0.001000,0.001000,0.001000,0.001000
1072.211538,-0.049897,0.001000,0.001000,0.001000,0.001000,0.001000
1072.230769,-0.049790,0.001000,0.001000,0.001000,0.001000,0.001000
1072.250000,-0.049647,0.001000,0.001000,0.001000,0.001000,0.001000
1072.269231,-0.049466,0.001000,0.001000,0.001000,0.001000,0.001000
1072.288462,-0.049249,0.001000,0.001000,0.001000,0.001000,0.001000
1072.307692,-0.048995,0.001000,0.001000,0.001000,0.001000,0.001000
1072.326923,-0.048704,0.001000,0.001000,0.001000,0.001000,0.001000
1072.346154,-0.048377,0.001000,0.001000,0.001000,0.001000,0.001000
1072.365385,-0.048014,0.001000,0.001000,0.001000,0.001000,0.001000
1072.384615,-0.047615,0.001000,0.001000,0.001000,0.001000,0.001000
1072.403846,-0.047180,0.001000,0.001000,0.001000,0.001000,0.001000
1072.423077,-0.046711,0.001000,0.001000,0.001000,0.001000,0.001000
1072.442308,-0.046206,0.001000,0.001000,0.001000,0.001000,0.001000
1072.461538,-0.045667,0.001000,0.001000,0.001000,0.001000,0.001000
1072.480769,-0.045094,0.001000,0.001000,0.001000,0.001000,0.001000
1072.500000,-0.044488,0.001000,0.001000,0.001000,0.001000,0.001000
1072.519231,-0.043848,0.001000,0.001000,0.001000,0.001000,0.001000
1072.538462,-0.043175,0.001000,0.001000,0.001000,0.001000,0.001000
1072.557692,-0.042471,0.001000,0.001000,0.001000,0.001000,0.001000
1072.576923,-0.041734,0.001000,0.001000,0.001000,0.001000,0.001000
1072.596154,-0.040967,0.001000,0.001000,0.001000,0.001000,0.001000
1072.615385,-0.040169,0.001000,0.001000,0.001000,0.001000,0.001000
1072.634615,-0.039340,0.001000,0.001000,0.001000,0.001000,0.001000
1072.653846,-0.038483,0.001000,0.001000,0.001000,0.001000,0.001000
1072.673077,-0.037597,0.001000,0.001000,0.001000,0.001000,0.001000
1072.692308,-0.036683,0.001000,0.001000,0.001000,0.001000,0.001000
1072.711538,-0.035741,0.001000,0.001000,0.001000,0.001000,0.001000
1072.730769,-0.034773,0.001000,0.001000,0.001000,0.001000,0.001000
1072.750000,-0.033779,0.001000,0.001000,0.001000,0.001000,0.001000
1072.769231,-0.032760,0.001000,0.001000,0.001000,0.001000,0.001000
1072.788462,-0.031716,0.001000,0.001000,0.001000,0.001000,0.001000
1072.807692,-0.030649,0.001000,0.001000,0.001000,0.001000,0.001000
1072.826923,-0.029558,0.001000,0.001000,0.001000,0.001000,0.001000
1072.846154,-0.028446,0.001000,0.001000,0.001000,0.001000,0.001000
1072.865385,-0.027312,0.001000,0.001000,0.001000,0.001000,0.001000
1072.884615,-0.026159,0.001000,0.001000,0.001000,0.001000,0.001000
1072.903846,-0.024985,0.001000,0.001000,0.001000,0.001000,0.001000
1072.923077,-0.023793,0.001000,0.001000,0.001000,0.001000,0.001000
1072.942308,-0.022583,0.001000,0.001000,0.001000,0.001000,0.001000
1072.961538,-0.021357,0.001000,0.001000,0.001000,0.001000,0.001000
1072.980769,-0.020114,0.001000,0.001000,0.001000,0.001000,0.001000
1073.000000,-0.018857,0.001000,0.001000,0.001000,0.001000,0.001000
1073.019231,-0.017585,0.001000,0.001000,0.001000,0.001000,0.001000
1073.038462,-0.016300,0.001000,0.001000,0.001000,0.001000,0.001000
1073.057692,-0.015003,0.001000,0.001000,0.001000,0.001000,0.001000
1073.076923,-0.013695,0.001000,0.001000,0.001000,0.001000,0.001000
1073.096154,-0.012377,0.001000,0.001000,0.001000,0.001000,0.001000
1073.115385,-0.011049,0.001000,0.001000,0.001000,0.001000,0.001000
1073.134615,-0.009713,0.001000,0.001000,0.001000,0.001000,0.001000
1073.153846,-0.008370,0.001000,0.001000,0.001000,0.001000,0.001000
1073.173077,-0.007021,0.001000,0.001000,0.001000,0.001000,0.001000
1073.192308,-0.005667,0.001000,0.001000,0.001000,0.001000,0.001000
1073.211538,-0.004308,0.001000,0.001000,0.001000,0.001000,0.001000
1073.230769,-0.002946,0.001000,0.001000,0.001000,0.001000,0.001000
1073.250000,-0.001582,0.001000,0.001000,0.001000,0.001000,0.001000
1073.269231,-0.000216,0.001000,0.001000,0.001000,0.001000,0.001000
1073.288462,0.001149,0.001000,0.001000,0.001000,0.001000,0.001000
1073.307692,0.002514,0.001000,0.001000,0.001000,0.001000,0.001000
1073.326923,0.003876,0.001000,0.001000,0.001000,0.001000,0.001000
1073.346154,0.005236,0.001000,0.001000,0.001000,0.001000,0.001000
1073.365385,0.006592,0.001000,0.001000,0.001000,0.001000,0.001000
1073.384615,0.007943,0.001000,0.001000,0.001000,0.001000,0.001000
1073.403846,0.009288,0.001000,0.001000,0.001000,0.001000,0.001000
1073.423077,0.010627,0.001000,0.001000,0.001000,0.001000,0.001000
1073.442308,0.011957,0.001000,0.001000,0.001000,0.001000,0.001000
1073.461538,0.013278,0.001000,0.001000,0.001000,0.001000,0.001000
1073.480769,0.014590,0.001000,0.001000,0.001000,0.001000,0.001000
1073.500000,0.015890,0.001000,0.001000,0.001000,0.001000,0.001000
1073.519231,0.017179,0.001000,0.001000,0.001000,0.001000,0.001000
1073.538462,0.018455,0.001000,0.001000,0.001000,0.001000,0.001000
1073.557692,0.019717,0.001000,0.001000,0.001000,0.001000,0.001000
1073.576923,0.020964,0.001000,0.001000,0.001000,0.001000,0.001000
1073.596154,0.022196,0.001000,0.001000,0.001000,0.001000,0.001000
1073.615385,0.023411,0.001000,0.001000,0.001000,0.001000,0.001000
1073.634615,0.024609,0.001000,0.001000,0.001000,0.001000,0.001000
1073.653846,0.025789,0.001000,0.001000,0.001000,0.001000,0.001000
1073.673077,0.026949,0.001000,0.001000,0.001000,0.001000,0.001000
1073.692308,0.028089,0.001000,0.001000,0.001000,0.001000,0.001000
1073.711538,0.029208,0.001000,0.001000,0.001000,0.001000,0.001000
1073.730769,0.030305,0.001000,0.001000,0.001000,0.001000,0.001000
1073.750000,0.031380,0.001000,0.001000,0.001000,0.001000,0.001000
1073.769231,0.032431,0.001000,0.001000,0.001000,0.001000,0.001000
1073.788462,0.033459,0.001000,0.001000,0.001000,0.001000,0.001000
1073.807692,0.034461,0.001000,0.001000,0.001000,0.001000,0.001000
1073.826923,0.035437,0.001000,0.001000,0.001000,0.001000,0.001000
1073.846154,0.036387,0.001000,0.001000,0.001000,0.001000,0.001000
1073.865385,0.037310,0.001000,0.001000,0.001000,0.001000,0.001000
1073.884615,0.038205,0.001000,0.001000,0.001000,0.001000,0.001000
1073.903846,0.039072,0.001000,0.001000,0.001000,0.001000,0.001000
1073.923077,0.039909,0.001000,0.001000,0.001000,0.001000,0.001000
1073.942308,0.040717,0.001000,0.001000,0.001000,0.001000,0.001000
1073.961538,0.041494,0.001000,0.001000,0.001000,0.001000,0.001000
1073.980769,0.042241,0.001000,0.001000,0.001000,0.001000,0.001000
1074.000000,0.042955,0.001000,0.001000,0.001000,0.001000,0.001000
1074.019231,0.043638,0.001000,0.001000,0.001000,0.001000,0.001000
1074.038462,0.044288,0.001000,0.001000,0.001000,0.001000,0.001000
1074.057692,0.044906,0.001000,0.001000,0.001000,0.001000,0.001000
1074.076923,0.045489,0.001000,0.001000,0.001000,0.001000,0.001000
1074.096154,0.046039,0.001000,0.001000,0.001000,0.001000,0.001000
1074.115385,0.046555,0.001000,0.001000,0.001000,0.001000,0.001000
1074.134615,0.047035,0.001000,0.001000,0.001000,0.001000,0.001000
1074.153846,0.047481,0.001000,0.001000,0.001000,0.001000,0.001000
1074.173077,0.047891,0.001000,0.001000,0.001000,0.001000,0.001000
1074.192308,0.048266,0.001000,0.001000,0.001000,0.001000,0.001000
1074.211538,0.048604,0.001000,0.001000,0.001000,0.001000,0.001000
1074.230769,0.048906,0.001000,0.001000,0.001000,0.001000,0.001000
1074.250000,0.049172,0.001000,0.001000,0.001000,0.001000,0.001000
1074.269231,0.049401,0.001000,0.001000,0.001000,0.001000,0.001000
1074.288462,0.049594,0.001000,0.001000,0.001000,0.001000,0.001000
1074.307692,0.049749,0.001000,0.001000,0.001000,0.001000,0.001000
1074.326923,0.049867,0.001000,0.001000,0.001000,0.001000,0.001000
1074.346154,0.049948,0.001000,0.001000,0.001000,0.001000,0.001000
1074.365385,0.049992,0.001000,0.001000,0.001000,0.001000,0.001000
1074.384615,0.049998,0.001000,0.001000,0.001000,0.001000,0.001000
1074.403846,0.049967,0.001000,0.001000,0.001000,0.001000,0.001000
1074.423077,0.049899,0.001000,0.001000,0.001000,0.001000,0.001000
1074.442308,0.049794,0.001000,0.001000,0.001000,0.001000,0.001000
1074.461538,0.049651,0.001000,0.001000,0.001000,0.001000,0.001000
1074.480769,0.049471,0.001000,0.001000,0.001000,0.001000,0.001000
1074.500000,0.049255,0.001000,0.001000,0.001000,0.001000,0.001000
1074.519231,0.049002,0.001000,0.001000,0.001000,0.001000,0.001000
1074.538462,0.048712,0.001000,0.001000,0.001000,0.001000,0.001000
1074.557692,0.048386,0.001000,0.001000,0.001000,0.001000,0.001000
1074.576923,0.048024,0.001000,0.001000,0.001000,0.001000,0.001000
1074.596154,0.047626,0.001000,0.001000,0.001000,0.001000,0.001000
1074.615385,0.047192,0.001000,0.001000,0.001000,0.001000,0.001000
1074.634615,0.046724,0.001000,0.001000,0.001000,0.001000,0.001000
1074.653846,0.046220,0.001000,0.001000,0.001000,0.001000,0.001000
1074.673077,0.045682,0.001000,0.001000,0.001000,0.001000,0.001000
1074.692308,0.045110,0.001000,0.001000,0.001000,0.001000,0.001000
1074.711538,0.044504,0.001000,0.001000,0.001000,0.001000,0.001000
1074.730769,0.043865,0.001000,0.001000,0.001000,0.001000,0.001000
1074.750000,0.043194,0.001000,0.001000,0.001000,0.001000,0.001000
1074.769231,0.042490,0.001000,0.001000,0.001000,0.001000,0.001000
1074.788462,0.041754,0.001000,0.001000,0.001000,0.001000,0.001000
1074.807692,0.040987,0.001000,0.001000,0.001000,0.001000,0.001000
1074.826923,0.040190,0.001000,0.001000,0.001000,0.001000,0.001000
1074.846154,0.039363,0.001000,0.001000,0.001000,0.001000,0.001000
1074.865385,0.038506,0.001000,0.001000,0.001000,0.001000,0.001000
1074.884615,0.037621,0.001000,0.001000,0.001000,0.001000,0.001000
1074.903846,0.036707,0.001000,0.001000,0.001000,0.001000,0.001000
1074.923077,0.035766,0.001000,0.001000,0.001000,0.001000,0.001000
1074.942308,0.034799,0.001000,0.001000,0.001000,0.001000,0.001000
1074.961538,0.033806,0.001000,0.001000,0.001000,0.001000,0.001000
1074.980769,0.032787,0.001000,0.001000,0.001000,0.001000,0.001000
1075.000000,0.031744,0.001000,0.001000,0.001000,0.001000,0.001000
1075.019231,0.030677,0.001000,0.001000,0.001000,0.001000,0.001000
1075.038462,0.029587,0.001000,0.001000,0.001000,0.001000,0.001000
1075.057692,0.028476,0.001000,0.001000,0.001000,0.001000,0.001000
1075.076923,0.027343,0.001000,0.001000,0.001000,0.001000,0.001000
1075.096154,0.026189,0.001000,0.001000,0.001000,0.001000,0.001000
1075.115385,0.025016,0.001000,0.001000,0.001000,0.001000,0.001000
1075.134615,0.023825,0.001000,0.001000,0.001000,0.001000,0.001000
1075.153846,0.022615,0.001000,0.001000,0.001000,0.001000,0.001000
1075.173077,0.021389,0.001000,0.001000,0.001000,0.001000,0.001000
1075.192308,0.020147,0.001000,0.001000,0.001000,0.001000,0.001000
1075.211538,0.018890,0.001000,0.001000,0.001000,0.001000,0.001000
1075.230769,0.017619,0.001000,0.001000,0.001000,0.001000,0.001000
1075.250000,0.016334,0.001000,0.001000,0.001000,0.001000,0.001000
1075.269231,0.015038,0.001000,0.001000,0.001000,0.001000,0.001000
1075.288462,0.013730,0.001000,0.001000,0.001000,0.001000,0.001000
1075.307692,0.012412,0.001000,0.001000,0.001000,0.001000,0.001000
1075.326923,0.011084,0.001000,0.001000,0.001000,0.001000,0.001000
1075.346154,0.009749,0.001000,0.001000,0.001000,0.001000,0.001000
1075.365385,0.008406,0.001000,0.001000,0.001000,0.001000,0.001000
1075.384615,0.007057,0.001000,0.001000,0.001000,0.001000,0.001000
1075.403846,0.005702,0.001000,0.001000,0.001000,0.001000,0.001000
1075.423077,0.004344,0.001000,0.001000,0.001000,0.001000,0.001000
1075.442308,0.002982,0.001000,0.001000,0.001000,0.001000,0.001000
1075.461538,0.001618,0.001000,0.001000,0.001000,0.001000,0.001000
1075.480769,0.000253,0.001000,0.001000,0.001000,0.001000,0.001000
1075.500000,-0.001113,0.001000,0.001000,0.001000,0.001000,0.001000
1075.519231,-0.002478,0.001000,0.001000,0.001000,0.001000,0.001000
1075.538462,-0.003840,0.001000,0.001000,0.001000,0.001000,0.001000
1075.557692,-0.005200,0.001000,0.001000,0.001000,0.001000,0.001000
1075.576923,-0.006557,0.001000,0.001000,0.001000,0.001000,0.001000
1075.596154,-0.007908,0.001000,0.001000,0.001000,0.001000,0.001000
1075.615385,-0.009253,0.001000,0.001000,0.001000,0.001000,0.001000
1075.634615,-0.010591,0.001000,0.001000,0.001000,0.001000,0.001000
1075.653846,-0.011922,0.001000,0.001000,0.001000,0.001000,0.001000
1075.673077,-0.013244,0.001000,0.001000,0.001000,0.001000,0.001000
1075.692308,-0.014555,0.001000,0.001000,0.001000,0.001000,0.001000
1075.711538,-0.015856,0.001000,0.001000,0.001000,0.001000,0.001000
1075.730769,-0.017145,0.001000,0.001000,0.001000,0.001000,0.001000
1075.750000,-0.018421,0.001000,0.001000,0.001000,0.001000,0.001000
1075.769231,-0.019684,0.001000,0.001000,0.001000,0.001000,0.001000
1075.788462,-0.020932,0.001000,0.001000,0.001000,0.001000,0.001000
1075.807692,-0.022164,0.001000,0.001000,0.001000,0.001000,0.001000
1075.826923,-0.023380,0.001000,0.001000,0.001000,0.001000,0.001000
1075.846154,-0.024578,0.001000,0.001000,0.001000,0.001000,0.001000
1075.865385,-0.025758,0.001000,0.001000,0.001000,0.001000,0.001000
1075.884615,-0.026918,0.001000,0.001000,0.001000,0.001000,0.001000
1075.903846,-0.028059,0.001000,0.001000,0.001000,0.001000,0.001000
1075.923077,-0.029179,0.001000,0.001000,0.001000,0.001000,0.001000
1075.942308,-0.030277,0.001000,0.001000,0.001000,0.001000,0.001000
1075.961538,-0.031352,0.001000,0.001000,0.001000,0.001000,0.001000
1075.980769,-0.032404,0.001000,0.001000,0.001000,0.001000,0.001000
1076.000000,-0.033432,0.001000,0.001000,0.001000,0.001000,0.001000
1076.019231,-0.034435,0.001000,0.001000,0.001000,0.001000,0.001000
1076.038462,-0.035412,0.001000,0.001000,0.001000,0.001000,0.001000
1076.057692,-0.036363,0.001000,0.001000,0.001000,0.001000,0.001000
1076.076923,-0.037286,0.001000,0.001000,0.001000,0.001000,0.001000
1076.096154,-0.038182,0.001000,0.001000,0.001000,0.001000,0.001000
1076.115385,-0.039049,0.001000,0.001000,0.001000,0.001000,0.001000
1076.134615,-0.039888,0.001000,0.001000,0.001000,0.001000,0.001000
1076.153846,-0.040696,0.001000,0.001000,0.001000,0.001000,0.001000
1076.173077,-0.041474,0.001000,0.001000,0.001000,0.001000,0.001000
1076.192308,-0.042221,0.001000,0.001000,0.001000,0.001000,0.001000
1076.211538,-0.042937,0.001000,0.001000,0.001000,0.001000,0.001000
1076.230769,-0.043621,0.001000,0.001000,0.001000,0.001000,0.001000
1076.250000,-0.044272,0.001000,0.001000,0.001000,0.001000,0.001000
1076.269231,-0.044890,0.001000,0.001000,0.001000,0.001000,0.001000
1076.288462,-0.045474,0.001000,0.001000,0.001000,0.001000,0.001000
1076.307692,-0.046025,0.001000,0.001000,0.001000,0.001000,0.001000
1076.326923,-0.046541,0.001000,0.001000,0.001000,0.001000,0.001000
1076.346154,-0.047023,0.001000,0.001000,0.001000,0.001000,0.001000
1076.365385,-0.047470,0.001000,0.001000,0.001000,0.001000,0.001000
1076.384615,-0.047881,0.001000,0.001000,0.001000,0.001000,0.001000
1076.403846,-0.048256,0.001000,0.001000,0.001000,0.001000,0.001000
1076.423077,-0.048596,0.001000,0.001000,0.001000,0.001000,0.001000
1076.442308,-0.048899,0.001000,0.001000,0.001000,0.001000,0.001000
1076.461538,-0.049166,0.001000,0.001000,0.001000,0.001000,0.001000
1076.480769,-0.049396,0.001000,0.001000,0.001000,0.001000,0.001000
1076.500000,-0.049589,0.001000,0.001000,0.001000,0.001000,0.001000
1076.519231,-0.049745,0.001000,0.001000,0.001000,0.001000,0.001000
1076.538462,-0.049864,0.001000,0.001000,0.001000,0.001000,0.001000
1076.557692,-0.049946,0.001000,0.001000,0.001000,0.001000,0.001000
1076.576923,-0.049991,0.001000,0.001000,0.001000,0.001000,0.001000
1076.596154,-0.049998,0.001000,0.001000,0.001000,0.001000,0.001000
1076.615385,-0.049968,0.001000,0.001000,0.001000,0.001000,0.001000
1076.634615,-0.049901,0.001000,0.001000,0.001000,0.001000,0.001000
1076.653846,-0.049797,0.001000,0.001000,0.001000,0.001000,0.001000
1076.673077,-0.049655,0.001000,0.001000,0.001000,0.001000,0.001000
1076.692308,-0.049477,0.001000,0.001000,0.001000,0.001000,0.001000
1076.711538,-0.049261,0.001000,0.001000,0.001000,0.001000,0.001000
1076.730769,-0.049009,0.001000,0.001000,0.001000,0.001000,0.001000
1076.750000,-0.048720,0.001000,0.001000,0.001000,0.001000,0.001000
1076.769231,-0.048395,0.001000,0.001000,0.001000,0.001000,0.001000
1076.788462,-0.048034,0.001000,0.001000,0.001000,0.001000,0.001000
1076.807692,-0.047637,0.001000,0.001000,0.001000,0.001000,0.001000
1076.826923,-0.047204,0.001000,0.001000,0.001000,0.001000,0.001000
1076.846154,-0.046736,0.001000,0.001000,0.001000,0.001000,0.001000
1076.865385,-0.046234,0.001000,0.001000,0.001000,0.001000,0.001000
1076.884615,-0.045697,0.001000,0.001000,0.001000,0.001000,0.001000
1076.903846,-0.045125,0.001000,0.001000,0.001000,0.001000,0.001000
1076.923077,-0.044521,0.001000,0.001000,0.001000,0.001000,0.001000
1076.942308,-0.043882,0.001000,0.001000,0.001000,0.001000,0.001000
1076.961538,-0.043212,0.001000,0.001000,0.001000,0.001000,0.001000
1076.980769,-0.042509,0.001000,0.001000,0.001000,0.001000,0.001000
1077.000000,-0.041774,0.001000,0.001000,0.001000,0.001000,0.001000
1077.019231,-0.041008,0.001000,0.001000,0.001000,0.001000,0.001000
1077.038462,-0.040211,0.001000,0.001000,0.001000,0.001000,0.001000
1077.057692,-0.039385,0.001000,0.001000,0.001000,0.001000,0.001000
1077.076923,-0.038529,0.001000,0.001000,0.001000,0.001000,0.001000
1077.096154,-0.037644,0.001000,0.001000,0.001000,0.001000,0.001000
1077.115385,-0.036732,0.001000,0.001000,0.001000,0.001000,0.001000
1077.134615,-0.035792,0.001000,0.001000,0.001000,0.001000,0.001000
1077.153846,-0.034825,0.001000,0.001000,0.001000,0.001000,0.001000
1077.173077,-0.033832,0.001000,0.001000,0.001000,0.001000,0.001000
1077.192308,-0.032814,0.001000,0.001000,0.001000,0.001000,0.001000
1077.211538,-0.031772,0.001000,0.001000,0.001000,0.001000,0.001000
1077.230769,-0.030705,0.001000,0.001000,0.001000,0.001000,0.001000
1077.250000,-0.029616,0.001000,0.001000,0.001000,0.001000,0.001000
1077.269231,-0.028505,0.001000,0.001000,0.001000,0.001000,0.001000
1077.288462,-0.027373,0.001000,0.001000,0.001000,0.001000,0.001000
1077.307692,-0.026220,0.001000,0.001000,0.001000,0.001000,0.001000
1077.326923,-0.025048,0.001000,0.001000,0.001000,0.001000,0.001000
1077.346154,-0.023857,0.001000,0.001000,0.001000,0.001000,0.001000
1077.365385,-0.022648,0.001000,0.001000,0.001000,0.001000,0.001000
1077.384615,-0.021422,0.001000,0.001000,0.001000,0.001000,0.001000
1077.403846,-0.020180,0.001000,0.001000,0.001000,0.001000,0.001000
1077.423077,-0.018923,0.001000,0.001000,0.001000,0.001000,0.001000
1077.442308,-0.017652,0.001000,0.001000,0.001000,0.001000,0.001000
1077.461538,-0.016368,0.001000,0.001000,0.001000,0.001000,0.001000
1077.480769,-0.015072,0.001000,0.001000,0.001000,0.001000,0.001000
1077.500000,-0.013764,0.001000,0.001000,0.001000,0.001000,0.001000
1077.519231,-0.012447,0.001000,0.001000,0.001000,0.001000,0.001000
1077.538462,-0.011120,0.001000,0.001000,0.001000,0.001000,0.001000
1077.557692,-0.009784,0.001000,0.001000,0.001000,0.001000,0.001000
1077.576923,-0.008442,0.001000,0.001000,0.001000,0.001000,0.001000
1077.596154,-0.007093,0.001000,0.001000,0.001000,0.001000,0.001000
1077.615385,-0.005738,0.001000,0.001000,0.001000,0.001000,0.001000
1077.634615,-0.004380,0.001000,0.001000,0.001000,0.001000,0.001000
1077.653846,-0.003018,0.001000,0.001000,0.001000,0.001000,0.001000
1077.673077,-0.001654,0.001000,0.001000,0.001000,0.001000,0.001000
1077.692308,-0.000289,0.001000,0.001000,0.001000,0.001000,0.001000
1077.711538,0.001077,0.001000,0.001000,0.001000,0.001000,0.001000
1077.730769,0.002442,0.001000,0.001000,0.001000,0.001000,0.001000
1077.750000,0.003805,0.001000,0.001000,0.001000,0.001000,0.001000
1077.769231,0.005165,0.001000,0.001000,0.001000,0.001000,0.001000
1077.788462,0.006521,0.001000,0.001000,0.001000,0.001000,0.001000
1077.807692,0.007872,0.001000,0.001000,0.001000,0.001000,0.001000
1077.826923,0.009218,0.001000,0.001000,0.001000,0.001000,0.001000
1077.846154,0.010556,0.001000,0.001000,0.001000,0.001000,0.001000
1077.865385,0.011887,0.001000,0.001000,0.001000,0.001000,0.001000
1077.884615,0.013209,0.001000,0.001000,0.001000,0.001000,0.001000
1077.903846,0.014521,0.001000,0.001000,0.001000,0.001000,0.001000
1077.923077,0.015822,0.001000,0.001000,0.001000,0.001000,0.001000
1077.942308,0.017111,0.001000,0.001000,0.001000,0.001000,0.001000
1077.961538,0.018388,0.001000,0.001000,0.001000,0.001000,0.001000
1077.980769,0.019651,0.001000,0.001000,0.001000,0.001000,0.001000
1078.000000,0.020899,0.001000,0.001000,0.001000,0.001000,0.001000
1078.019231,0.022132,0.001000,0.001000,0.001000,0.001000,0.001000
1078.038462,0.023348,0.001000,0.001000,0.001000,0.001000,0.001000
1078.057692,0.024546,0.001000,0.001000,0.001000,0.001000,0.001000
1078.076923,0.025727,0.001000,0.001000,0.001000,0.001000,0.001000
1078.096154,0.026888,0.001000,0.001000,0.001000,0.001000,0.001000
1078.115385,0.028029,0.001000,0.001000,0.001000,0.001000,0.001000
1078.134615,0.029149,0.001000,0.001000,0.001000,0.001000,0.001000
1078.153846,0.030248,0.001000,0.001000,0.001000,0.001000,0.001000
1078.173077,0.031324,0.001000,0.001000,0.001000,0.001000,0.001000
1078.192308,0.032376,0.001000,0.001000,0.001000,0.001000,0.001000
1078.211538,0.033405,0.001000,0.001000,0.001000,0.001000,0.001000
1078.230769,0.034408,0.001000,0.001000,0.001000,0.001000,0.001000
1078.250000,0.035386,0.001000,0.001000,0.001000,0.001000,0.001000
1078.269231,0.036338,0.001000,0.001000,0.001000,0.001000,0.001000
1078.288462,0.037262,0.001000,0.001000,0.001000,0.001000,0.001000
1078.307692,0.038159,0.001000,0.001000,0.001000,0.001000,0.001000
1078.326923,0.039027,0.001000,0.001000,0.001000,0.001000,0.001000
1078.346154,0.039866,0.001000,0.001000,0.001000,0.001000,0.001000
1078.365385,0.040675,0.001000,0.001000,0.001000,0.001000,0.001000
1078.384615,0.041454,0.001000,0.001000,0.001000,0.001000,0.001000
1078.403846,0.042202,0.001000,0.001000,0.001000,0.001000,0.001000
1078.423077,0.042918,0.001000,0.001000,0.001000,0.001000,0.001000
1078.442308,0.043603,0.001000,0.001000,0.001000,0.001000,0.001000
1078.461538,0.044255,0.001000,0.001000,0.001000,0.001000,0.001000
1078.480769,0.044874,0.001000,0.001000,0.001000,0.001000,0.001000
1078.500000,0.045459,0.001000,0.001000,0.001000,0.001000,0.001000
1078.519231,0.046011,0.001000,0.001000,0.001000,0.001000,0.001000
1078.538462,0.046528,0.001000,0.001000,0.001000,0.001000,0.001000
1078.557692,0.047011,0.001000,0.001000,0.001000,0.001000,0.001000
1078.576923,0.047458,0.001000,0.001000,0.001000,0.001000,0.001000
1078.596154,0.047870,0.001000,0.001000,0.001000,0.001000,0.001000
1078.615385,0.048247,0.001000,0.001000,0.001000,0.001000,0.001000
1078.634615,0.048587,0.001000,0.001000,0.001000,0.001000,0.001000
1078.653846,0.048891,0.001000,0.001000,0.001000,0.001000,0.001000
1078.673077,0.049159,0.001000,0.001000,0.001000,0.001000,0.001000
1078.692308,0.049390,0.001000,0.001000,0.001000,0.001000,0.001000
1078.711538,0.049584,0.001000,0.001000,0.001000,0.001000,0.001000
1078.730769,0.049742,0.001000,0.001000,0.001000,0.001000,0.001000
1078.750000,0.049862,0.001000,0.001000,0.001000,0.001000,0.001000
1078.769231,0.049945,0.001000,0.001000,0.001000,0.001000,0.001000
1078.788462,0.049990,0.001000,0.001000,0.001000,0.001000,0.001000
1078.807692,0.049999,0.001000,0.001000,0.001000,0.001000,0.001000
1078.826923,0.049970,0.001000,0.001000,0.001000,0.001000,0.001000
1078.846154,0.049903,0.001000,0.001000,0.001000,0.001000,0.001000
1078.865385,0.049800,0.001000,0.001000,0.001000,0.001000,0.001000
1078.884615,0.049659,0.001000,0.001000,0.001000,0.001000,0.001000
1078.903846,0.049482,0.001000,0.001000,0.001000,0.001000,0.001000
1078.923077,0.049267,0.001000,0.001000,0.001000,0.001000,0.001000
1078.942308,0.049016,0.001000,0.001000,0.001000,0.001000,0.001000
1078.961538,0.048728,0.001000,0.001000,0.001000,0.001000,0.001000
1078.980769,0.048404,0.001000,0.001000,0.001000,0.001000,0.001000
1079.000000,0.048044,0.001000,0.001000,0.001000,0.001000,0.001000
1079.019231,0.047648,0.001000,0.001000,0.001000,0.001000,0.001000
1079.038462,0.047216,0.001000,0.001000,0.001000,0.001000,0.001000
1079.057692,0.046749,0.001000,0.001000,0.001000,0.001000,0.001000
1079.076923,0.046248,0.001000,0.001000,0.001000,0.001000,0.001000
1079.096154,0.045711,0.001000,0.001000,0.001000,0.001000,0.001000
1079.115385,0.045141,0.001000,0.001000,0.001000,0.001000,0.001000
1079.134615,0.044537,0.001000,0.001000,0.001000,0.001000,0.001000
1079.153846,0.043900,0.001000,0.001000,0.001000,0.001000,0.001000
1079.173077,0.043230,0.001000,0.001000,0.001000,0.001000,0.001000
1079.192308,0.042528,0.001000,0.001000,0.001000,0.001000,0.001000
1079.211538,0.041794,0.001000,0.001000,0.001000,0.001000,0.001000
1079.230769,0.041029,0.001000,0.001000,0.001000,0.001000,0.001000
1079.250000,0.040233,0.001000,0.001000,0.001000,0.001000,0.001000
1079.269231,0.039407,0.001000,0.001000,0.001000,0.001000,0.001000
1079.288462,0.038552,0.001000,0.001000,0.001000,0.001000,0.001000
1079.307692,0.037668,0.001000,0.001000,0.001000,0.001000,0.001000
1079.326923,0.036756,0.001000,0.001000,0.001000,0.001000,0.001000
1079.346154,0.035817,0.001000,0.001000,0.001000,0.001000,0.001000
1079.365385,0.034851,0.001000,0.001000,0.001000,0.001000,0.001000
1079.384615,0.033859,0.001000,0.001000,0.001000,0.001000,0.001000
1079.403846,0.032841,0.001000,0.001000,0.001000,0.001000,0.001000
1079.423077,0.031800,0.001000,0.001000,0.001000,0.001000,0.001000
1079.442308,0.030734,0.001000,0.001000,0.001000,0.001000,0.001000
1079.461538,0.029645,0.001000,0.001000,0.001000,0.001000,0.001000
1079.480769,0.028535,0.001000,0.001000,0.001000,0.001000,0.001000
1079.500000,0.027403,0.001000,0.001000,0.001000,0.001000,0.001000
1079.519231,0.026251,0.001000,0.001000,0.001000,0.001000,0.001000
1079.538462,0.025079,0.001000,0.001000,0.001000,0.001000,0.001000
1079.557692,0.023888,0.001000,0.001000,0.001000,0.001000,0.001000
1079.576923,0.022680,0.001000,0.001000,0.001000,0.001000,0.001000
1079.596154,0.021454,0.001000,0.001000,0.001000,0.001000,0.001000
1079.615385,0.020213,0.001000,0.001000,0.001000,0.001000,0.001000
1079.634615,0.018957,0.001000,0.001000,0.001000,0.001000,0.001000
1079.653846,0.017686,0.001000,0.001000,0.001000,0.001000,0.001000
1079.673077,0.016402,0.001000,0.001000,0.001000,0.001000,0.001000
1079.692308,0.015106,0.001000,0.001000,0.001000,0.001000,0.001000
1079.711538,0.013799,0.001000,0.001000,0.001000,0.001000,0.001000
1079.730769,0.012482,0.001000,0.001000,0.001000,0.001000,0.001000
1079.750000,0.011155,0.001000,0.001000,0.001000,0.001000,0.001000
1079.769231,0.009820,0.001000,0.001000,0.001000,0.001000,0.001000
1079.788462,0.008477,0.001000,0.001000,0.001000,0.001000,0.001000
1079.807692,0.007128,0.001000,0.001000,0.001000,0.001000,0.001000
1079.826923,0.005774,0.001000,0.001000,0.001000,0.001000,0.001000
1079.846154,0.004416,0.001000,0.001000,0.001000,0.001000,0.001000
1079.865385,0.003054,0.001000,0.001000,0.001000,0.001000,0.001000
1079.884615,0.001690,0.001000,0.001000,0.001000,0.001000,0.001000
1079.903846,0.000325,0.001000,0.001000,0.001000,0.001000,0.001000
1079.923077,-0.001041,0.001000,0.001000,0.001000,0.001000,0.001000
1079.942308,-0.002406,0.001000,0.001000,0.001000,0.001000,0.001000
1079.961538,-0.003769,0.001000,0.001000,0.001000,0.001000,0.001000
1079.980769,-0.005129,0.001000,0.001000,0.001000,0.001000,0.001000
1080.000000,-0.006485,0.001000,0.001000,0.001000,0.001000,0.001000
1080.019231,-0.007836,0.001000,0.001000,0.001000,0.001000,0.001000
1080.038462,-0.009182,0.001000,0.001000,0.001000,0.001000,0.001000
1080.057692,-0.010521,0.001000,0.001000,0.001000,0.001000,0.001000
1080.076923,-0.011852,0.001000,0.001000,0.001000,0.001000,0.001000
1080.096154,-0.013174,0.001000,0.001000,0.001000,0.001000,0.001000
1080.115385,-0.014486,0.001000,0.001000,0.001000,0.001000,0.001000
1080.134615,-0.015788,0.001000,0.001000,0.001000,0.001000,0.001000
1080.153846,-0.017077,0.001000,0.001000,0.001000,0.001000,0.001000
1080.173077,-0.018354,0.001000,0.001000,0.001000,0.001000,0.001000
1080.192308,-0.019618,0.001000,0.001000,0.001000,0.001000,0.001000
1080.211538,-0.020866,0.001000,0.001000,0.001000,0.001000,0.001000
1080.230769,-0.022099,0.001000,0.001000,0.001000,0.001000,0.001000
1080.250000,-0.023316,0.001000,0.001000,0.001000,0.001000,0.001000
1080.269231,-0.024515,0.001000,0.001000,0.001000,0.001000,0.001000
1080.288462,-0.025696,0.001000,0.001000,0.001000,0.001000,0.001000
1080.307692,-0.026858,0.001000,0.001000,0.001000,0.001000,0.001000
1080.326923,-0.027999,0.001000,0.001000,0.001000,0.001000,0.001000
1080.346154,-0.029120,0.001000,0.001000,0.001000,0.001000,0.001000
1080.365385,-0.030219,0.001000,0.001000,0.001000,0.001000,0.001000
1080.384615,-0.031296,0.001000,0.001000,0.001000,0.001000,0.001000
1080.403846,-0.032349,0.001000,0.001000,0.001000,0.001000,0.001000
1080.423077,-0.033378,0.001000,0.001000,0.001000,0.001000,0.001000
1080.442308,-0.034382,0.001000,0.001000,0.001000,0.001000,0.001000
1080.461538,-0.035361,0.001000,0.001000,0.001000,0.001000,0.001000
1080.480769,-0.036313,0.001000,0.001000,0.001000,0.001000,0.001000
1080.500000,-0.037238,0.001000,0.001000,0.001000,0.001000,0.001000
1080.519231,-0.038135,0.001000,0.001000,0.001000,0.001000,0.001000
1080.538462,-0.039004,0.001000,0.001000,0.001000,0.001000,0.001000
1080.557692,-0.039844,0.001000,0.001000,0.001000,0.001000,0.001000
1080.576923,-0.040654,0.001000,0.001000,0.001000,0.001000,0.001000
1080.596154,-0.041434,0.001000,0.001000,0.001000,0.001000,0.001000
1080.615385,-0.042183,0.001000,0.001000,0.001000,0.001000,0.001000
1080.634615,-0.042900,0.001000,0.001000,0.001000,0.001000,0.001000
1080.653846,-0.043585,0.001000,0.001000,0.001000,0.001000,0.001000
1080.673077,-0.044238,0.001000,0.001000,0.001000,0.001000,0.001000
1080.692308,-0.044858,0.001000,0.001000,0.001000,0.001000,0.001000
1080.711538,-0.045444,0.001000,0.001000,0.001000,0.001000,0.001000
1080.730769,-0.045997,0.001000,0.001000,0.001000,0.001000,0.001000
1080.750000,-0.046515,0.001000,0.001000,0.001000,0.001000,0.001000
1080.769231,-0.046999,0.001000,0.001000,0.001000,0.001000,0.001000
1080.788462,-0.047447,0.001000,0.001000,0.001000,0.001000,0.001000
1080.807692,-0.047860,0.001000,0.001000,0.001000,0.001000,0.001000
1080.826923,-0.048237,0.001000,0.001000,0.001000,0.001000,0.001000
1080.846154,-0.048579,0.001000,0.001000,0.001000,0.001000,0.001000
1080.865385,-0.048884,0.001000,0.001000,0.001000,0.001000,0.001000
1080.884615,-0.049152,0.001000,0.001000,0.001000,0.001000,0.001000
1080.903846,-0.049384,0.001000,0.001000,0.001000,0.001000,0.001000
1080.923077,-0.049580,0.001000,0.001000,0.001000,0.001000,0.001000
1080.942308,-0.049738,0.001000,0.001000,0.001000,0.001000,0.001000
1080.961538,-0.049859,0.001000,0.001000,0.001000,0.001000,0.001000
1080.980769,-0.049943,0.001000,0.001000,0.001000,0.001000,0.001000
1081.000000,-0.049989,0.001000,0.001000,0.001000,0.001000,0.001000
1081.019231,-0.049999,0.001000,0.001000,0.001000,0.001000,0.001000
1081.038462,-0.049971,0.001000,0.001000,0.001000,0.001000,0.001000
1081.057692,-0.049906,0.001000,0.001000,0.001000,0.001000,0.001000
1081.076923,-0.049803,0.001000,0.001000,0.001000,0.001000,0.001000
1081.096154,-0.049664,0.001000,0.001000,0.001000,0.001000,0.001000
1081.115385,-0.049487,0.001000,0.001000,0.001000,0.001000,0.001000
1081.134615,-0.049274,0.001000,0.001000,0.001000,0.001000,0.001000
1081.153846,-0.049023,0.001000,0.001000,0.001000,0.001000,0.001000
1081.173077,-0.048736,0.001000,0.001000,0.001000,0.001000,0.001000
1081.192308,-0.048413,0.001000,0.001000,0.001000,0.001000,0.001000
1081.211538,-0.048054,0.001000,0.001000,0.001000,0.001000,0.001000
1081.230769,-0.047659,0.001000,0.001000,0.001000,0.001000,0.001000
1081.250000,-0.047228,0.001000,0.001000,0.001000,0.001000,0.001000
1081.269231,-0.046762,0.001000,0.001000,0.001000,0.001000,0.001000
1081.288462,-0.046261,0.001000,0.001000,0.001000,0.001000,0.001000
1081.307692,-0.045726,0.001000,0.001000,0.001000,0.001000,0.001000
1081.326923,-0.045156,0.001000,0.001000,0.001000,0.001000,0.001000
1081.346154,-0.044553,0.001000,0.001000,0.001000,0.001000,0.001000
1081.365385,-0.043917,0.001000,0.001000,0.001000,0.001000,0.001000
1081.384615,-0.043248,0.001000,0.001000,0.001000,0.001000,0.001000
1081.403846,-0.042547,0.001000,0.001000,0.001000,0.001000,0.001000
1081.423077,-0.041813,0.001000,0.001000,0.001000,0.001000,0.001000
1081.442308,-0.041049,0.001000,0.001000,0.001000,0.001000,0.001000
1081.461538,-0.040254,0.001000,0.001000,0.001000,0.001000,0.001000
1081.480769,-0.039429,0.001000,0.001000,0.001000,0.001000,0.001000
1081.500000,-0.038575,0.001000,0.001000,0.001000,0.001000,0.001000
1081.519231,-0.037692,0.001000,0.001000,0.001000,0.001000,0.001000
1081.538462,-0.036781,0.001000,0.001000,0.001000,0.001000,0.001000
1081.557692,-0.035842,0.001000,0.001000,0.001000,0.001000,0.001000
1081.576923,-0.034877,0.001000,0.001000,0.001000,0.001000,0.001000
1081.596154,-0.033885,0.001000,0.001000,0.001000,0.001000,0.001000
1081.615385,-0.032869,0.001000,0.001000,0.001000,0.001000,0.001000
1081.634615,-0.031827,0.001000,0.001000,0.001000,0.001000,0.001000
1081.653846,-0.030762,0.001000,0.001000,0.001000,0.001000,0.001000
1081.673077,-0.029675,0.001000,0.001000,0.001000,0.001000,0.001000
1081.692308,-0.028565,0.001000,0.001000,0.001000,0.001000,0.001000
1081.711538,-0.027433,0.001000,0.001000,0.001000,0.001000,0.001000
1081.730769,-0.026281,0.001000,0.001000,0.001000,0.001000,0.001000
1081.750000,-0.025110,0.001000,0.001000,0.001000,0.001000,0.001000
1081.769231,-0.023920,0.001000,0.001000,0.001000,0.001000,0.001000
1081.788462,-0.022712,0.001000,0.001000,0.001000,0.001000,0.001000
1081.807692,-0.021487,0.001000,0.001000,0.001000,0.001000,0.001000
1081.826923,-0.020246,0.001000,0.001000,0.001000,0.001000,0.001000
1081.846154,-0.018990,0.001000,0.001000,0.001000,0.001000,0.001000
1081.865385,-0.017720,0.001000,0.001000,0.001000,0.001000,0.001000
1081.884615,-0.016436,0.001000,0.001000,0.001000,0.001000,0.001000
1081.903846,-0.015141,0.001000,0.001000,0.001000,0.001000,0.001000
1081.923077,-0.013834,0.001000,0.001000,0.001000,0.001000,0.001000
1081.942308,-0.012517,0.001000,0.001000,0.001000,0.001000,0.001000
1081.961538,-0.011190,0.001000,0.001000,0.001000,0.001000,0.001000
1081.980769,-0.009855,0.001000,0.001000,0.001000,0.001000,0.001000
1082.000000,-0.008513,0.001000,0.001000,0.001000,0.001000,0.001000
1082.019231,-0.007164,0.001000,0.001000,0.001000,0.001000,0.001000
1082.038462,-0.005810,0.001000,0.001000,0.001000,0.001000,0.001000
1082.057692,-0.004452,0.001000,0.001000,0.001000,0.001000,0.001000
1082.076923,-0.003090,0.001000,0.001000,0.001000,0.001000,0.001000
1082.096154,-0.001726,0.001000,0.001000,0.001000,0.001000,0.001000
1082.115385,-0.000361,0.001000,0.001000,0.001000,0.001000,0.001000
1082.134615,0.001005,0.001000,0.001000,0.001000,0.001000,0.001000
1082.153846,0.002370,0.001000,0.001000,0.001000,0.001000,0.001000
1082.173077,0.003733,0.001000,0.001000,0.001000,0.001000,0.001000
1082.192308,0.005093,0.001000,0.001000,0.001000,0.001000,0.001000
1082.211538,0.006449,0.001000,0.001000,0.001000,0.001000,0.001000
1082.230769,0.007801,0.001000,0.001000,0.001000,0.001000,0.001000
1082.250000,0.009147,0.001000,0.001000,0.001000,0.001000,0.001000
1082.269231,0.010486,0.001000,0.001000,0.001000,0.001000,0.001000
1082.288462,0.011817,0.001000,0.001000,0.001000,0.001000,0.001000
1082.307692,0.013139,0.001000,0.001000,0.001000,0.001000,0.001000
1082.326923,0.014452,0.001000,0.001000,0.001000,0.001000,0.001000
1082.346154,0.015753,0.001000,0.001000,0.001000,0.001000,0.001000
1082.365385,0.017043,0.001000,0.001000,0.001000,0.001000,0.001000
1082.384615,0.018321,0.001000,0.001000,0.001000,0.001000,0.001000
1082.403846,0.019584,0.001000,0.001000,0.001000,0.001000,0.001000
1082.423077,0.020833,0.001000,0.001000,0.001000,0.001000,0.001000
1082.442308,0.022067,0.001000,0.001000,0.001000,0.001000,0.001000
1082.461538,0.023284,0.001000,0.001000,0.001000,0.001000,0.001000
1082.480769,0.024484,0.001000,0.001000,0.001000,0.001000,0.001000
1082.500000,0.025665,0.001000,0.001000,0.001000,0.001000,0.001000
1082.519231,0.026827,0.001000,0.001000,0.001000,0.001000,0.001000
1082.538462,0.027969,0.001000,0.001000,0.001000,0.001000,0.001000
1082.557692,0.029091,0.001000,0.001000,0.001000,0.001000,0.001000
1082.576923,0.030190,0.001000,0.001000,0.001000,0.001000,0.001000
1082.596154,0.031268,0.001000,0.001000,0.001000,0.001000,0.001000
1082.615385,0.032321,0.001000,0.001000,0.001000,0.001000,0.001000
1082.634615,0.033351,0.001000,0.001000,0.001000,0.001000,0.001000
1082.653846,0.034356,0.001000,0.001000,0.001000,0.001000,0.001000
1082.673077,0.035335,0.001000,0.001000,0.001000,0.001000,0.001000
1082.692308,0.036288,0.001000,0.001000,0.001000,0.001000,0.001000
1082.711538,0.037214,0.001000,0.001000,0.001000,0.001000,0.001000
1082.730769,0.038112,0.001000,0.001000,0.001000,0.001000,0.001000
1082.750000,0.038982,0.001000,0.001000,0.001000,0.001000,0.001000
1082.769231,0.039822,0.001000,0.001000,0.001000,0.001000,0.001000
1082.788462,0.040633,0.001000,0.001000,0.001000,0.001000,0.001000
1082.807692,0.041414,0.001000,0.001000,0.001000,0.001000,0.001000
1082.826923,0.042163,0.001000,0.001000,0.001000,0.001000,0.001000
1082.846154,0.042881,0.001000,0.001000,0.001000,0.001000,0.001000
1082.865385,0.043568,0.001000,0.001000,0.001000,0.001000,0.001000
1082.884615,0.044221,0.001000,0.001000,0.001000,0.001000,0.001000
1082.903846,0.044842,0.001000,0.001000,0.001000,0.001000,0.001000
1082.923077,0.045429,0.001000,0.001000,0.001000,0.001000,0.001000
1082.942308,0.045983,0.001000,0.001000,0.001000,0.001000,0.001000
1082.961538,0.046502,0.001000,0.001000,0.001000,0.001000,0.001000
1082.980769,0.046986,0.001000,0.001000,0.001000,0.001000,0.001000
1083.000000,0.047436,0.001000,0.001000,0.001000,0.001000,0.001000
1083.019231,0.047850,0.001000,0.001000,0.001000,0.001000,0.001000
1083.038462,0.048228,0.001000,0.001000,0.001000,0.001000,0.001000
1083.057692,0.048570,0.001000,0.001000,0.001000,0.001000,0.001000
1083.076923,0.048876,0.001000,0.001000,0.001000,0.001000,0.001000
1083.096154,0.049146,0.001000,0.001000,0.001000,0.001000,0.001000
1083.115385,0.049379,0.001000,0.001000,0.001000,0.001000,0.001000
1083.134615,0.049575,0.001000,0.001000,0.001000,0.001000,0.001000
1083.153846,0.049734,0.001000,0.001000,0.001000,0.001000,0.001000
1083.173077,0.049856,0.001000,0.001000,0.001000,0.001000,0.001000
1083.192308,0.049941,0.001000,0.001000,0.001000,0.001000,0.001000
1083.211538,0.049989,0.001000,0.001000,0.001000,0.001000,0.001000
1083.230769,0.049999,0.001000,0.001000,0.001000,0.001000,0.001000
1083.250000,0.049972,0.001000,0.001000,0.001000,0.001000,0.001000
1083.269231,0.049908,0.001000,0.001000,0.001000,0.001000,0.001000
1083.288462,0.049806,0.001000,0.001000,0.001000,0.001000,0.001000
1083.307692,0.049668,0.001000,0.001000,0.001000,0.001000,0.001000
1083.326923,0.049492,0.001000,0.001000,0.001000,0.001000,0.001000
1083.346154,0.049280,0.001000,0.001000,0.001000,0.001000,0.001000
1083.365385,0.049030,0.001000,0.001000,0.001000,0.001000,0.001000
1083.384615,0.048744,0.001000,0.001000,0.001000,0.001000,0.001000
1083.403846,0.048422,0.001000,0.001000,0.001000,0.001000,0.001000
1083.423077,0.048064,0.001000,0.001000,0.001000,0.001000,0.001000
1083.442308,0.047670,0.001000,0.001000,0.001000,0.001000,0.001000
1083.461538,0.047240,0.001000,0.001000,0.001000,0.001000,0.001000
1083.480769,0.046775,0.001000,0.001000,0.001000,0.001000,0.001000
1083.500000,0.046275,0.001000,0.001000,0.001000,0.001000,0.001000
1083.519231,0.045740,0.001000,0.001000,0.001000,0.001000,0.001000
1083.538462,0.045172,0.001000,0.001000,0.001000,0.001000,0.001000
1083.557692,0.044570,0.001000,0.001000,0.001000,0.001000,0.001000
1083.576923,0.043934,0.001000,0.001000,0.001000,0.001000,0.001000
1083.596154,0.043266,0.001000,0.001000,0.001000,0.001000,0.001000
1083.615385,0.042565,0.001000,0.001000,0.001000,0.001000,0.001000
1083.634615,0.041833,0.001000,0.001000,0.001000,0.001000,0.001000
1083.653846,0.041070,0.001000,0.001000,0.001000,0.001000,0.001000
1083.673077,0.040276,0.001000,0.001000,0.001000,0.001000,0.001000
1083.692308,0.039452,0.001000,0.001000,0.001000,0.001000,0.001000
1083.711538,0.038598,0.001000,0.001000,0.001000,0.001000,0.001000
1083.730769,0.037716,0.001000,0.001000,0.001000,0.001000,0.001000
1083.750000,0.036805,0.001000,0.001000,0.001000,0.001000,0.001000
1083.769231,0.035867,0.001000,0.001000,0.001000,0.001000,0.001000
1083.788462,0.034902,0.001000,0.001000,0.001000,0.001000,0.001000
1083.807692,0.033912,0.001000,0.001000,0.001000,0.001000,0.001000
1083.826923,0.032896,0.001000,0.001000,0.001000,0.001000,0.001000
1083.846154,0.031855,0.001000,0.001000,0.001000,0.001000,0.001000
1083.865385,0.030791,0.001000,0.001000,0.001000,0.001000,0.001000
1083.884615,0.029704,0.001000,0.001000,0.001000,0.001000,0.001000
1083.903846,0.028594,0.001000,0.001000,0.001000,0.001000,0.001000
1083.923077,0.027463,0.001000,0.001000,0.001000,0.001000,0.001000
1083.942308,0.026312,0.001000,0.001000,0.001000,0.001000,0.001000
1083.961538,0.025141,0.001000,0.001000,0.001000,0.001000,0.001000
1083.980769,0.023952,0.001000,0.001000,0.001000,0.001000,0.001000
1084.000000,0.022744,0.001000,0.001000,0.001000,0.001000,0.001000
1084.019231,0.021520,0.001000,0.001000,0.001000,0.001000,0.001000
1084.038462,0.020279,0.001000,0.001000,0.001000,0.001000,0.001000
1084.057692,0.019023,0.001000,0.001000,0.001000,0.001000,0.001000
1084.076923,0.017754,0.001000,0.001000,0.001000,0.001000,0.001000
1084.096154,0.016471,0.001000,0.001000,0.001000,0.001000,0.001000
1084.115385,0.015175,0.001000,0.001000,0.001000,0.001000,0.001000
1084.134615,0.013868,0.001000,0.001000,0.001000,0.001000,0.001000
1084.153846,0.012551,0.001000,0.001000,0.001000,0.001000,0.001000
1084.173077,0.011225,0.001000,0.001000,0.001000,0.001000,0.001000
1084.192308,0.009890,0.001000,0.001000,0.001000,0.001000,0.001000
1084.211538,0.008548,0.001000,0.001000,0.001000,0.001000,0.001000
1084.230769,0.007200,0.001000,0.001000,0.001000,0.001000,0.001000
1084.250000,0.005846,0.001000,0.001000,0.001000,0.001000,0.001000
1084.269231,0.004488,0.001000,0.001000,0.001000,0.001000,0.001000
1084.288462,0.003126,0.001000,0.001000,0.001000,0.001000,0.001000
1084.307692,0.001762,0.001000,0.001000,0.001000,0.001000,0.001000
1084.326923,0.000397,0.001000,0.001000,0.001000,0.001000,0.001000
1084.346154,-0.000969,0.001000,0.001000,0.001000,0.001000,0.001000
1084.365385,-0.002334,0.001000,0.001000,0.001000,0.001000,0.001000
1084.384615,-0.003697,0.001000,0.001000,0.001000,0.001000,0.001000
1084.403846,-0.005057,0.001000,0.001000,0.001000,0.001000,0.001000
1084.423077,-0.006413,0.001000,0.001000,0.001000,0.001000,0.001000
1084.442308,-0.007765,0.001000,0.001000,0.001000,0.001000,0.001000
1084.461538,-0.009111,0.001000,0.001000,0.001000,0.001000,0.001000
1084.480769,-0.010450,0.001000,0.001000,0.001000,0.001000,0.001000
1084.500000,-0.011782,0.001000,0.001000,0.001000,0.001000,0.001000
1084.519231,-0.013104,0.001000,0.001000,0.001000,0.001000,0.001000
1084.538462,-0.014417,0.001000,0.001000,0.001000,0.001000,0.001000
1084.557692,-0.015719,0.001000,0.001000,0.001000,0.001000,0.001000
1084.576923,-0.017010,0.001000,0.001000,0.001000,0.001000,0.001000
1084.596154,-0.018287,0.001000,0.001000,0.001000,0.001000,0.001000
1084.615385,-0.019551,0.001000,0.001000,0.001000,0.001000,0.001000
1084.634615,-0.020801,0.001000,0.001000,0.001000,0.001000,0.001000
1084.653846,-0.022034,0.001000,0.001000,0.001000,0.001000,0.001000
1084.673077,-0.023252,0.001000,0.001000,0.001000,0.001000,0.001000
1084.692308,-0.024452,0.001000,0.001000,0.001000,0.001000,0.001000
1084.711538,-0.025634,0.001000,0.001000,0.001000,0.001000,0.001000
1084.730769,-0.026797,0.001000,0.001000,0.001000,0.001000,0.001000
1084.750000,-0.027940,0.001000,0.001000,0.001000,0.001000,0.001000
1084.769231,-0.029061,0.001000,0.001000,0.001000,0.001000,0.001000
1084.788462,-0.030162,0.001000,0.001000,0.001000,0.001000,0.001000
1084.807692,-0.031239,0.001000,0.001000,0.001000,0.001000,0.001000
1084.826923,-0.032294,0.001000,0.001000,0.001000,0.001000,0.001000
1084.846154,-0.033324,0.001000,0.001000,0.001000,0.001000,0.001000
1084.865385,-0.034330,0.001000,0.001000,0.001000,0.001000,0.001000
1084.884615,-0.035310,0.001000,0.001000,0.001000,0.001000,0.001000
1084.903846,-0.036263,0.001000,0.001000,0.001000,0.001000,0.001000
1084.923077,-0.037190,0.001000,0.001000,0.001000,0.001000,0.001000
1084.942308,-0.038089,0.001000,0.001000,0.001000,0.001000,0.001000
1084.961538,-0.038959,0.001000,0.001000,0.001000,0.001000,0.001000
1084.980769,-0.039800,0.001000,0.001000,0.001000,0.001000,0.001000
1085.000000,-0.040612,0.001000,0.001000,0.001000,0.001000,0.001000
1085.019231,-0.041393,0.001000,0.001000,0.001000,0.001000,0.001000
1085.038462,-0.042144,0.001000,0.001000,0.001000,0.001000,0.001000
1085.057692,-0.042863,0.001000,0.001000,0.001000,0.001000,0.001000
1085.076923,-0.043550,0.001000,0.001000,0.001000,0.001000,0.001000
1085.096154,-0.044204,0.001000,0.001000,0.001000,0.001000,0.001000
1085.115385,-0.044826,0.001000,0.001000,0.001000,0.001000,0.001000
1085.134615,-0.045414,0.001000,0.001000,0.001000,0.001000,0.001000
1085.153846,-0.045969,0.001000,0.001000,0.001000,0.001000,0.001000
1085.173077,-0.046489,0.001000,0.001000,0.001000,0.001000,0.001000
1085.192308,-0.046974,0.001000,0.001000,0.001000,0.001000,0.001000
1085.211538,-0.047424,0.001000,0.001000,0.001000,0.001000,0.001000
1085.230769,-0.047839,0.001000,0.001000,0.001000,0.001000,0.001000
1085.250000,-0.048218,0.001000,0.001000,0.001000,0.001000,0.001000
1085.269231,-0.048562,0.001000,0.001000,0.001000,0.001000,0.001000
1085.288462,-0.048869,0.001000,0.001000,0.001000,0.001000,0.001000
1085.307692,-0.049139,0.001000,0.001000,0.001000,0.001000,0.001000
1085.326923,-0.049373,0.001000,0.001000,0.001000,0.001000,0.001000
1085.346154,-0.049570,0.001000,0.001000,0.001000,0.001000,0.001000
1085.365385,-0.049730,0.001000,0.001000,0.001000,0.001000,0.001000
1085.384615,-0.049853,0.001000,0.001000,0.001000,0.001000,0.001000
1085.403846,-0.049939,0.001000,0.001000,0.001000,0.001000,0.001000
1085.423077,-0.049988,0.001000,0.001000,0.001000,0.001000,0.001000
1085.442308,-0.049999,0.001000,0.001000,0.001000,0.001000,0.001000
1085.461538,-0.049973,0.001000,0.001000,0.001000,0.001000,0.001000
1085.480769,-0.049910,0.001000,0.001000,0.001000,0.001000,0.001000
1085.500000,-0.049810,0.001000,0.001000,0.001000,0.001000,0.001000
1085.519231,-0.049672,0.001000,0.001000,0.001000,0.001000,0.001000
1085.538462,-0.049497,0.001000,0.001000,0.001000,0.001000,0.001000
1085.557692,-0.049286,0.001000,0.001000,0.001000,0.001000,0.001000
1085.576923,-0.049037,0.001000,0.001000,0.001000,0.001000,0.001000
1085.596154,-0.048752,0.001000,0.001000,0.001000,0.001000,0.001000
1085.615385,-0.048431,0.001000,0.001000,0.001000,0.001000,0.001000
1085.634615,-0.048074,0.001000,0.001000,0.001000,0.001000,0.001000
1085.653846,-0.047680,0.001000,0.001000,0.001000,0.001000,0.001000
1085.673077,-0.047252,0.001000,0.001000,0.001000,0.001000,0.001000
1085.692308,-0.046788,0.001000,0.001000,0.001000,0.001000,0.001000
1085.711538,-0.046289,0.001000,0.001000,0.001000,0.001000,0.001000
1085.730769,-0.045755,0.001000,0.001000,0.001000,0.001000,0.001000
1085.750000,-0.045187,0.001000,0.001000,0.001000,0.001000,0.001000
1085.769231,-0.044586,0.001000,0.001000,0.001000,0.001000,0.001000
1085.788462,-0.043951,0.001000,0.001000,0.001000,0.001000,0.001000
1085.807692,-0.043284,0.001000,0.001000,0.001000,0.001000,0.001000
1085.826923,-0.042584,0.001000,0.001000,0.001000,0.001000,0.001000
1085.846154,-0.041853,0.001000,0.001000,0.001000,0.001000,0.001000
1085.865385,-0.041090,0.001000,0.001000,0.001000,0.001000,0.001000
1085.884615,-0.040297,0.001000,0.001000,0.001000,0.001000,0.001000
1085.903846,-0.039474,0.001000,0.001000,0.001000,0.001000,0.001000
1085.923077,-0.038621,0.001000,0.001000,0.001000,0.001000,0.001000
1085.942308,-0.037739,0.001000,0.001000,0.001000,0.001000,0.001000
1085.961538,-0.036830,0.001000,0.001000,0.001000,0.001000,0.001000
1085.980769,-0.035892,0.001000,0.001000,0.001000,0.001000,0.001000
1086.000000,-0.034928,0.001000,0.001000,0.001000,0.001000,0.001000
1086.019231,-0.033938,0.001000,0.001000,0.001000,0.001000,0.001000
1086.038462,-0.032923,0.001000,0.001000,0.001000,0.001000,0.001000
1086.057692,-0.031883,0.001000,0.001000,0.001000,0.001000,0.001000
1086.076923,-0.030819,0.001000,0.001000,0.001000,0.001000,0.001000
1086.096154,-0.029733,0.001000,0.001000,0.001000,0.001000,0.001000
1086.115385,-0.028624,0.001000,0.001000,0.001000,0.001000,0.001000
1086.134615,-0.027493,0.001000,0.001000,0.001000,0.001000,0.001000
1086.153846,-0.026343,0.001000,0.001000,0.001000,0.001000,0.001000
1086.173077,-0.025172,0.001000,0.001000,0.001000,0.001000,0.001000
1086.192308,-0.023983,0.001000,0.001000,0.001000,0.001000,0.001000
1086.211538,-0.022776,0.001000,0.001000,0.001000,0.001000,0.001000
1086.230769,-0.021552,0.001000,0.001000,0.001000,0.001000,0.001000
1086.250000,-0.020312,0.001000,0.001000,0.001000,0.001000,0.001000
1086.269231,-0.019057,0.001000,0.001000,0.001000,0.001000,0.001000
1086.288462,-0.017787,0.001000,0.001000,0.001000,0.001000,0.001000
1086.307692,-0.016505,0.001000,0.001000,0.001000,0.001000,0.001000
1086.326923,-0.015210,0.001000,0.001000,0.001000,0.001000,0.001000
1086.346154,-0.013903,0.001000,0.001000,0.001000,0.001000,0.001000
1086.365385,-0.012586,0.001000,0.001000,0.001000,0.001000,0.001000
1086.384615,-0.011260,0.001000,0.001000,0.001000,0.001000,0.001000
1086.403846,-0.009926,0.001000,0.001000,0.001000,0.001000,0.001000
1086.423077,-0.008584,0.001000,0.001000,0.001000,0.001000,0.001000
1086.442308,-0.007235,0.001000,0.001000,0.001000,0.001000,0.001000
1086.461538,-0.005882,0.001000,0.001000,0.001000,0.001000,0.001000
1086.480769,-0.004523,0.001000,0.001000,0.001000,0.001000,0.001000
1086.500000,-0.003162,0.001000,0.001000,0.001000,0.001000,0.001000
1086.519231,-0.001798,0.001000,0.001000,0.001000,0.001000,0.001000
1086.538462,-0.000433,0.001000,0.001000,0.001000,0.001000,0.001000
1086.557692,0.000933,0.001000,0.001000,0.001000,0.001000,0.001000
1086.576923,0.002298,0.001000,0.001000,0.001000,0.001000,0.001000
1086.596154,0.003661,0.001000,0.001000,0.001000,0.001000,0.001000
1086.615385,0.005021,0.001000,0.001000,0.001000,0.001000,0.001000
1086.634615,0.006378,0.001000,0.001000,0.001000,0.001000,0.001000
1086.653846,0.007730,0.001000,0.001000,0.001000,0.001000,0.001000
1086.673077,0.009076,0.001000,0.001000,0.001000,0.001000,0.001000
1086.692308,0.010415,0.001000,0.001000,0.001000,0.001000,0.001000
1086.711538,0.011747,0.001000,0.001000,0.001000,0.001000,0.001000
1086.730769,0.013069,0.001000,0.001000,0.001000,0.001000,0.001000
1086.750000,0.014383,0.001000,0.001000,0.001000,0.001000,0.001000
1086.769231,0.015685,0.001000,0.001000,0.001000,0.001000,0.001000
1086.788462,0.016976,0.001000,0.001000,0.001000,0.001000,0.001000
1086.807692,0.018254,0.001000,0.001000,0.001000,0.001000,0.001000
1086.826923,0.019518,0.001000,0.001000,0.001000,0.001000,0.001000
1086.846154,0.020768,0.001000,0.001000,0.001000,0.001000,0.001000
1086.865385,0.022002,0.001000,0.001000,0.001000,0.001000,0.001000
1086.884615,0.023220,0.001000,0.001000,0.001000,0.001000,0.001000
1086.903846,0.024421,0.001000,0.001000,0.001000,0.001000,0.001000
1086.923077,0.025603,0.001000,0.001000,0.001000,0.001000,0.001000
1086.942308,0.026766,0.001000,0.001000,0.001000,0.001000,0.001000
1086.961538,0.027910,0.001000,0.001000,0.001000,0.001000,0.001000
1086.980769,0.029032,0.001000,0.001000,0.001000,0.001000,0.001000
1087.000000,0.030133,0.001000,0.001000,0.001000,0.001000,0.001000
1087.019231,0.031211,0.001000,0.001000,0.001000,0.001000,0.001000
1087.038462,0.032266,0.001000,0.001000,0.001000,0.001000,0.001000
1087.057692,0.033297,0.001000,0.001000,0.001000,0.001000,0.001000
1087.076923,0.034304,0.001000,0.001000,0.001000,0.001000,0.001000
1087.096154,0.035284,0.001000,0.001000,0.001000,0.001000,0.001000
1087.115385,0.036238,0.001000,0.001000,0.001000,0.001000,0.001000
1087.134615,0.037166,0.001000,0.001000,0.001000,0.001000,0.001000
1087.153846,0.038065,0.001000,0.001000,0.001000,0.001000,0.001000
1087.173077,0.038936,0.001000,0.001000,0.001000,0.001000,0.001000
1087.192308,0.039779,0.001000,0.001000,0.001000,0.001000,0.001000
1087.211538,0.040591,0.001000,0.001000,0.001000,0.001000,0.001000
1087.230769,0.041373,0.001000,0.001000,0.001000,0.001000,0.001000
1087.250000,0.042124,0.001000,0.001000,0.001000,0.001000,0.001000
1087.269231,0.042844,0.001000,0.001000,0.001000,0.001000,0.001000
1087.288462,0.043532,0.001000,0.001000,0.001000,0.001000,0.001000
1087.307692,0.044188,0.001000,0.001000,0.001000,0.001000,0.001000
1087.326923,0.044810,0.001000,0.001000,0.001000,0.001000,0.001000
1087.346154,0.045399,0.001000,0.001000,0.001000,0.001000,0.001000
1087.365385,0.045954,0.001000,0.001000,0.001000,0.001000,0.001000
1087.384615,0.046475,0.001000,0.001000,0.001000,0.001000,0.001000
1087.403846,0.046961,0.001000,0.001000,0.001000,0.001000,0.001000
1087.423077,0.047413,0.001000,0.001000,0.001000,0.001000,0.001000
1087.442308,0.047829,0.001000,0.001000,0.001000,0.001000,0.001000
1087.461538,0.048209,0.001000,0.001000,0.001000,0.001000,0.001000
1087.480769,0.048553,0.001000,0.001000,0.001000,0.001000,0.001000
1087.500000,0.048861,0.001000,0.001000,0.001000,0.001000,0.001000
1087.519231,0.049133,0.001000,0.001000,0.001000,0.001000,0.001000
1087.538462,0.049367,0.001000,0.001000,0.001000,0.001000,0.001000
1087.557692,0.049566,0.001000,0.001000,0.001000,0.001000,0.001000
1087.576923,0.049727,0.001000,0.001000,0.001000,0.001000,0.001000
1087.596154,0.049851,0.001000,0.001000,0.001000,0.001000,0.001000
1087.615385,0.049938,0.001000,0.001000,0.001000,0.001000,0.001000
1087.634615,0.049987,0.001000,0.001000,0.001000,0.001000,0.001000
1087.653846,0.049999,0.001000,0.001000,0.001000,0.001000,0.001000
1087.673077,0.049974,0.001000,0.001000,0.001000,0.001000,0.001000
1087.692308,0.049912,0.001000,0.001000,0.001000,0.001000,0.001000
1087.711538,0.049813,0.001000,0.001000,0.001000,0.001000,0.001000
1087.730769,0.049676,0.001000,0.001000,0.001000,0.001000,0.001000
1087.750000,0.049502,0.001000,0.001000,0.001000,0.001000,0.001000
1087.769231,0.049292,0.001000,0.001000,0.001000,0.001000,0.001000
1087.788462,0.049044,0.001000,0.001000,0.001000,0.001000,0.001000
1087.807692,0.048760,0.001000,0.001000,0.001000,0.001000,0.001000
1087.826923,0.048440,0.001000,0.001000,0.001000,0.001000,0.001000
1087.846154,0.048084,0.001000,0.001000,0.001000,0.001000,0.001000
1087.865385,0.047691,0.001000,0.001000,0.001000,0.001000,0.001000
1087.884615,0.047263,0.001000,0.001000,0.001000,0.001000,0.001000
1087.903846,0.046800,0.001000,0.001000,0.001000,0.001000,0.001000
1087.923077,0.046302,0.001000,0.001000,0.001000,0.001000,0.001000
1087.942308,0.045770,0.001000,0.001000,0.001000,0.001000,0.001000
1087.961538,0.045203,0.001000,0.001000,0.001000,0.001000,0.001000
1087.980769,0.044602,0.001000,0.001000,0.001000,0.001000,0.001000
1088.000000,0.043969,0.001000,0.001000,0.001000,0.001000,0.001000
1088.019231,0.043302,0.001000,0.001000,0.001000,0.001000,0.001000
1088.038462,0.042603,0.001000,0.001000,0.001000,0.001000,0.001000
1088.057692,0.041873,0.001000,0.001000,0.001000,0.001000,0.001000
1088.076923,0.041111,0.001000,0.001000,0.001000,0.001000,0.001000
1088.096154,0.040318,0.001000,0.001000,0.001000,0.001000,0.001000
1088.115385,0.039496,0.001000,0.001000,0.001000,0.001000,0.001000
1088.134615,0.038644,0.001000,0.001000,0.001000,0.001000,0.001000
1088.153846,0.037763,0.001000,0.001000,0.001000,0.001000,0.001000
1088.173077,0.036854,0.001000,0.001000,0.001000,0.001000,0.001000
1088.192308,0.035917,0.001000,0.001000,0.001000,0.001000,0.001000
1088.211538,0.034954,0.001000,0.001000,0.001000,0.001000,0.001000
1088.230769,0.033965,0.001000,0.001000,0.001000,0.001000,0.001000
1088.250000,0.032950,0.001000,0.001000,0.001000,0.001000,0.001000
1088.269231,0.031911,0.001000,0.001000,0.001000,0.001000,0.001000
1088.288462,0.030848,0.001000,0.001000,0.001000,0.001000,0.001000
1088.307692,0.029762,0.001000,0.001000,0.001000,0.001000,0.001000
1088.326923,0.028653,0.001000,0.001000,0.001000,0.001000,0.001000
1088.346154,0.027524,0.001000,0.001000,0.001000,0.001000,0.001000
1088.365385,0.026373,0.001000,0.001000,0.001000,0.001000,0.001000
1088.384615,0.025204,0.001000,0.001000,0.001000,0.001000,0.001000
1088.403846,0.024015,0.001000,0.001000,0.001000,0.001000,0.001000
1088.423077,0.022808,0.001000,0.001000,0.001000,0.001000,0.001000
1088.442308,0.021585,0.001000,0.001000,0.001000,0.001000,0.001000
1088.461538,0.020345,0.001000,0.001000,0.001000,0.001000,0.001000
1088.480769,0.019090,0.001000,0.001000,0.001000,0.001000,0.001000
1088.500000,0.017821,0.001000,0.001000,0.001000,0.001000,0.001000
1088.519231,0.016539,0.001000,0.001000,0.001000,0.001000,0.001000
1088.538462,0.015244,0.001000,0.001000,0.001000,0.001000,0.001000
1088.557692,0.013938,0.001000,0.001000,0.001000,0.001000,0.001000
1088.576923,0.012621,0.001000,0.001000,0.001000,0.001000,0.001000
1088.596154,0.011295,0.001000,0.001000,0.001000,0.001000,0.001000
1088.615385,0.009961,0.001000,0.001000,0.001000,0.001000,0.001000
1088.634615,0.008619,0.001000,0.001000,0.001000,0.001000,0.001000
1088.653846,0.007271,0.001000,0.001000,0.001000,0.001000,0.001000
1088.673077,0.005917,0.001000,0.001000,0.001000,0.001000,0.001000
1088.692308,0.004559,0.001000,0.001000,0.001000,0.001000,0.001000
1088.711538,0.003198,0.001000,0.001000,0.001000,0.001000,0.001000
1088.730769,0.001834,0.001000,0.001000,0.001000,0.001000,0.001000
1088.750000,0.000469,0.001000,0.001000,0.001000,0.001000,0.001000
1088.769231,-0.000897,0.001000,0.001000,0.001000,0.001000,0.001000
1088.788462,-0.002261,0.001000,0.001000,0.001000,0.001000,0.001000
1088.807692,-0.003625,0.001000,0.001000,0.001000,0.001000,0.001000
1088.826923,-0.004985,0.001000,0.001000,0.001000,0.001000,0.001000
1088.846154,-0.006342,0.001000,0.001000,0.001000,0.001000,0.001000
1088.865385,-0.007694,0.001000,0.001000,0.001000,0.001000,0.001000
1088.884615,-0.009040,0.001000,0.001000,0.001000,0.001000,0.001000
1088.903846,-0.010380,0.001000,0.001000,0.001000,0.001000,0.001000
1088.923077,-0.011712,0.001000,0.001000,0.001000,0.001000,0.001000
1088.942308,-0.013035,0.001000,0.001000,0.001000,0.001000,0.001000
1088.961538,-0.014348,0.001000,0.001000,0.001000,0.001000,0.001000
1088.980769,-0.015651,0.001000,0.001000,0.001000,0.001000,0.001000
1089.000000,-0.016942,0.001000,0.001000,0.001000,0.001000,0.001000
1089.019231,-0.018220,0.001000,0.001000,0.001000,0.001000,0.001000
1089.038462,-0.019485,0.001000,0.001000,0.001000,0.001000,0.001000
1089.057692,-0.020735,0.001000,0.001000,0.001000,0.001000,0.001000
1089.076923,-0.021970,0.001000,0.001000,0.001000,0.001000,0.001000
1089.096154,-0.023188,0.001000,0.001000,0.001000,0.001000,0.001000
1089.115385,-0.024389,0.001000,0.001000,0.001000,0.001000,0.001000
1089.134615,-0.025572,0.001000,0.001000,0.001000,0.001000,0.001000
1089.153846,-0.026736,0.001000,0.001000,0.001000,0.001000,0.001000
1089.173077,-0.027880,0.001000,0.001000,0.001000,0.001000,0.001000
1089.192308,-0.029003,0.001000,0.001000,0.001000,0.001000,0.001000
1089.211538,-0.030104,0.001000,0.001000,0.001000,0.001000,0.001000
1089.230769,-0.031183,0.001000,0.001000,0.001000,0.001000,0.001000
1089.250000,-0.032239,0.001000,0.001000,0.001000,0.001000,0.001000
1089.269231,-0.033271,0.001000,0.001000,0.001000,0.001000,0.001000
1089.288462,-0.034277,0.001000,0.001000,0.001000,0.001000,0.001000
1089.307692,-0.035259,0.001000,0.001000,0.001000,0.001000,0.001000
1089.326923,-0.036214,0.001000,0.001000,0.001000,0.001000,0.001000
1089.346154,-0.037142,0.001000,0.001000,0.001000,0.001000,0.001000
1089.365385,-0.038042,0.001000,0.001000,0.001000,0.001000,0.001000
1089.384615,-0.038914,0.001000,0.001000,0.001000,0.001000,0.001000
1089.403846,-0.039757,0.001000,0.001000,0.001000,0.001000,0.001000
1089.423077,-0.040570,0.001000,0.001000,0.001000,0.001000,0.001000
1089.442308,-0.041353,0.001000,0.001000,0.001000,0.001000,0.001000
1089.461538,-0.042105,0.001000,0.001000,0.001000,0.001000,0.001000
1089.480769,-0.042826,0.001000,0.001000,0.001000,0.001000,0.001000
1089.500000,-0.043514,0.001000,0.001000,0.001000,0.001000,0.001000
1089.519231,-0.044171,0.001000,0.001000,0.001000,0.001000,0.001000
1089.538462,-0.044794,0.001000,0.001000,0.001000,0.001000,0.001000
1089.557692,-0.045384,0.001000,0.001000,0.001000,0.001000,0.001000
1089.576923,-0.045940,0.001000,0.001000,0.001000,0.001000,0.001000
1089.596154,-0.046462,0.001000,0.001000,0.001000,0.001000,0.001000
1089.615385,-0.046949,0.001000,0.001000,0.001000,0.001000,0.001000
1089.634615,-0.047401,0.001000,0.001000,0.001000,0.001000,0.001000
1089.653846,-0.047818,0.001000,0.001000,0.001000,0.001000,0.001000
1089.673077,-0.048199,0.001000,0.001000,0.001000,0.001000,0.001000
1089.692308,-0.048544,0.001000,0.001000,0.001000,0.001000,0.001000
1089.711538,-0.048853,0.001000,0.001000,0.001000,0.001000,0.001000
1089.730769,-0.049126,0.001000,0.001000,0.001000,0.001000,0.001000
1089.750000,-0.049362,0.001000,0.001000,0.001000,0.001000,0.001000
1089.769231,-0.049561,0.001000,0.001000,0.001000,0.001000,0.001000
1089.788462,-0.049723,0.001000,0.001000,0.001000,0.001000,0.001000
1089.807692,-0.049848,0.001000,0.001000,0.001000,0.001000,0.001000
1089.826923,-0.049936,0.001000,0.001000,0.001000,0.001000,0.001000
1089.846154,-0.049986,0.001000,0.001000,0.001000,0.001000,0.001000
1089.865385,-0.050000,0.001000,0.001000,0.001000,0.001000,0.001000
1089.884615,-0.049976,0.001000,0.001000,0.001000,0.001000,0.001000
1089.903846,-0.049914,0.001000,0.001000,0.001000,0.001000,0.001000
1089.923077,-0.049816,0.001000,0.001000,0.001000,0.001000,0.001000
1089.942308,-0.049680,0.001000,0.001000,0.001000,0.001000,0.001000
1089.961538,-0.049507,0.001000,0.001000,0.001000,0.001000,0.001000
1089.980769,-0.049298,0.001000,0.001000,0.001000,0.001000,0.001000
